[2026-09-09 17:39:21] === Benchmark 1.5b replica-scale sweep ===
[2026-09-09 17:39:21] Scales:      1 2 4 8 16 32 (x stock replicas)
[2026-09-09 17:39:21] RPS values:  100 200 400 800 1200 1600 2000
[2026-09-09 17:39:21] Duration:    120s per RPS step
[2026-09-09 17:39:21] Strategies:  st5-AttUpd istio
[2026-09-09 17:39:21] Conn reuse:  0 (1 = Envoy default pooling, 0 = maxRequestsPerConnection=1)
[2026-09-09 17:39:21] Mazu image:  docker.io/atosh502/proxyv2:st5-AttUpd  (MAZU_TAG override)
[2026-09-09 17:39:21] Envoy diag:  0
[2026-09-09 17:39:21] Results:     /users/apoudel/DeathStarBench/socialNetwork/results/benchmark1.5b-replica-scale-09-09-26_173920
[2026-09-09 17:39:21] Logs:        /users/apoudel/DeathStarBench/socialNetwork/results/benchmark1.5b-replica-scale-09-09-26_173920/logs (driver.log + scale-<N>x-*.log)
[2026-09-09 17:39:21] --- scale 1x: 6 app pods, ready timeout 360s ---
[2026-09-09 17:39:21]     manifests: /users/apoudel/DeathStarBench/socialNetwork/results/benchmark1.5b-replica-scale-09-09-26_173920/scale-1x/manifests/bookinfo-var.yaml
[1;30;44mMazu:[0m === Benchmark 1.5b (no-scale): HPA-disabled continuous RPS sweep ===.
[1;30;44mMazu:[0m Strategies: st5-AttUpd istio.
[1;30;44mMazu:[0m RPS values: 100 200 400 800 1200 1600 2000.
[1;30;44mMazu:[0m Duration: 120s per RPS step.
[1;30;44mMazu:[0m Manifests: /users/apoudel/DeathStarBench/socialNetwork/results/benchmark1.5b-replica-scale-09-09-26_173920/scale-1x/manifests/bookinfo-var.yaml (istio) / /users/apoudel/DeathStarBench/socialNetwork/results/benchmark1.5b-replica-scale-09-09-26_173920/scale-1x/manifests/bookinfo-var-tpm.yaml (st5-AttUpd).
[1;30;44mMazu:[0m Mazu image tag: st5-AttUpd (docker.io/atosh502/proxyv2:st5-AttUpd).
[1;30;44mMazu:[0m Connection reuse: DISABLED (bf-no-connection-reuse.yaml, maxRequestsPerConnection=1).
[1;30;44mMazu:[0m Envoy diagnostics: disabled (set ENVOY_DIAG=1 to collect).
[1;30;44mMazu:[0m Results: /users/apoudel/DeathStarBench/socialNetwork/results/benchmark1.5b-replica-scale-09-09-26_173920/scale-1x.
[1;30;44mMazu:[0m Logs: /users/apoudel/DeathStarBench/socialNetwork/results/benchmark1.5b-replica-scale-09-09-26_173920/logs/scale-1x-sweep.log (+ one per strategy).
=== Benchmark 1.5b (no-scale) sweep started at Wed Sep  9 05:39:21 PM MDT 2026 for st5-AttUpd ===
Strategy: st5-AttUpd | Tag: st5-AttUpd | Duration: 120 seconds | RPS: 1000
Results Directory: /users/apoudel/DeathStarBench/socialNetwork/20260909_173921/st5-AttUpd-120
Output File: /users/apoudel/DeathStarBench/socialNetwork/20260909_173921/st5-AttUpd-120/1000.txt
/users/apoudel/DeathStarBench/socialNetwork
[1;30;44mMazu:[0m Uninstalling Bookinfo application....
service "details" deleted from default namespace
serviceaccount "bookinfo-details" deleted from default namespace
deployment.apps "details-v1" deleted from default namespace
service "ratings" deleted from default namespace
serviceaccount "bookinfo-ratings" deleted from default namespace
deployment.apps "ratings-v1" deleted from default namespace
service "reviews" deleted from default namespace
serviceaccount "bookinfo-reviews" deleted from default namespace
deployment.apps "reviews-v1" deleted from default namespace
deployment.apps "reviews-v2" deleted from default namespace
deployment.apps "reviews-v3" deleted from default namespace
service "productpage" deleted from default namespace
serviceaccount "bookinfo-productpage" deleted from default namespace
deployment.apps "productpage-v1" deleted from default namespace
gateway.networking.istio.io "bookinfo-gateway" deleted from default namespace
virtualservice.networking.istio.io "bookinfo" deleted from default namespace
Error from server (NotFound): error when deleting "/users/apoudel/DeathStarBench/socialNetwork/scratch/yaml/bf-hpa.yaml": horizontalpodautoscalers.autoscaling "details-hpa" not found
Error from server (NotFound): error when deleting "/users/apoudel/DeathStarBench/socialNetwork/scratch/yaml/bf-hpa.yaml": horizontalpodautoscalers.autoscaling "ratings-hpa" not found
Error from server (NotFound): error when deleting "/users/apoudel/DeathStarBench/socialNetwork/scratch/yaml/bf-hpa.yaml": horizontalpodautoscalers.autoscaling "reviews-v1-hpa" not found
Error from server (NotFound): error when deleting "/users/apoudel/DeathStarBench/socialNetwork/scratch/yaml/bf-hpa.yaml": horizontalpodautoscalers.autoscaling "reviews-v2-hpa" not found
Error from server (NotFound): error when deleting "/users/apoudel/DeathStarBench/socialNetwork/scratch/yaml/bf-hpa.yaml": horizontalpodautoscalers.autoscaling "reviews-v3-hpa" not found
Error from server (NotFound): error when deleting "/users/apoudel/DeathStarBench/socialNetwork/scratch/yaml/bf-hpa.yaml": horizontalpodautoscalers.autoscaling "productpage-hpa" not found
destinationrule.networking.istio.io "details-no-reuse" deleted from default namespace
destinationrule.networking.istio.io "ratings-no-reuse" deleted from default namespace
destinationrule.networking.istio.io "reviews-no-reuse" deleted from default namespace
pod/details-v1-5f65589b69-bpzl8 condition met
pod/details-v1-5f65589b69-dc8ch condition met
pod/productpage-v1-7b84d474d5-c8z9s condition met
Strategy: st5-AttUpd | Tag: st5-AttUpd | Duration: 120 seconds | RPS: 1000
Results Directory: /users/apoudel/DeathStarBench/socialNetwork/20260909_173927/st5-AttUpd-120
Output File: /users/apoudel/DeathStarBench/socialNetwork/20260909_173927/st5-AttUpd-120/1000.txt
/users/apoudel/DeathStarBench/socialNetwork
All Istio resources will be pruned from the cluster

  Removed apps/v1, Kind=Deployment/istio-ingressgateway.istio-system.
  Removed apps/v1, Kind=Deployment/istiod.istio-system.
  Removed /v1, Kind=Service/istio-ingressgateway.istio-system.
  Removed /v1, Kind=Service/istiod.istio-system.
  Removed /v1, Kind=ConfigMap/istio.istio-system.
  Removed /v1, Kind=ConfigMap/istio-sidecar-injector.istio-system.
  Removed /v1, Kind=Pod/istio-ingressgateway-75fb7d94d9-gnkjd.istio-system.
  Removed /v1, Kind=Pod/istiod-8574d68d5c-rmjr4.istio-system.
  Removed /v1, Kind=ServiceAccount/istio-ingressgateway-service-account.istio-system.
  Removed /v1, Kind=ServiceAccount/istio-reader-service-account.istio-system.
  Removed /v1, Kind=ServiceAccount/istiod.istio-system.
  Removed rbac.authorization.k8s.io/v1, Kind=RoleBinding/istio-ingressgateway-sds.istio-system.
  Removed rbac.authorization.k8s.io/v1, Kind=RoleBinding/istiod.istio-system.
  Removed rbac.authorization.k8s.io/v1, Kind=Role/istio-ingressgateway-sds.istio-system.
  Removed rbac.authorization.k8s.io/v1, Kind=Role/istiod.istio-system.
  Removed policy/v1, Kind=PodDisruptionBudget/istio-ingressgateway.istio-system.
  Removed policy/v1, Kind=PodDisruptionBudget/istiod.istio-system.
  Removed autoscaling/v2, Kind=HorizontalPodAutoscaler/istio-ingressgateway.istio-system.
  Removed autoscaling/v2, Kind=HorizontalPodAutoscaler/istiod.istio-system.
  Removed admissionregistration.k8s.io/v1, Kind=MutatingWebhookConfiguration/istio-revision-tag-default..
  Removed admissionregistration.k8s.io/v1, Kind=MutatingWebhookConfiguration/istio-sidecar-injector..
  Removed admissionregistration.k8s.io/v1, Kind=ValidatingWebhookConfiguration/istio-validator-istio-system..
  Removed admissionregistration.k8s.io/v1, Kind=ValidatingWebhookConfiguration/istiod-default-validator..
  Removed rbac.authorization.k8s.io/v1, Kind=ClusterRole/istio-reader-clusterrole-istio-system..
  Removed rbac.authorization.k8s.io/v1, Kind=ClusterRole/istiod-clusterrole-istio-system..
  Removed rbac.authorization.k8s.io/v1, Kind=ClusterRole/istiod-gateway-controller-istio-system..
  Removed rbac.authorization.k8s.io/v1, Kind=ClusterRoleBinding/istio-reader-clusterrole-istio-system..
  Removed rbac.authorization.k8s.io/v1, Kind=ClusterRoleBinding/istiod-clusterrole-istio-system..
  Removed rbac.authorization.k8s.io/v1, Kind=ClusterRoleBinding/istiod-gateway-controller-istio-system..
  Removed apiextensions.k8s.io/v1, Kind=CustomResourceDefinition/authorizationpolicies.security.istio.io..
  Removed apiextensions.k8s.io/v1, Kind=CustomResourceDefinition/destinationrules.networking.istio.io..
  Removed apiextensions.k8s.io/v1, Kind=CustomResourceDefinition/envoyfilters.networking.istio.io..
  Removed apiextensions.k8s.io/v1, Kind=CustomResourceDefinition/gateways.networking.istio.io..
  Removed apiextensions.k8s.io/v1, Kind=CustomResourceDefinition/peerauthentications.security.istio.io..
  Removed apiextensions.k8s.io/v1, Kind=CustomResourceDefinition/proxyconfigs.networking.istio.io..
  Removed apiextensions.k8s.io/v1, Kind=CustomResourceDefinition/requestauthentications.security.istio.io..
  Removed apiextensions.k8s.io/v1, Kind=CustomResourceDefinition/serviceentries.networking.istio.io..
  Removed apiextensions.k8s.io/v1, Kind=CustomResourceDefinition/sidecars.networking.istio.io..
  Removed apiextensions.k8s.io/v1, Kind=CustomResourceDefinition/telemetries.telemetry.istio.io..
  Removed apiextensions.k8s.io/v1, Kind=CustomResourceDefinition/virtualservices.networking.istio.io..
  Removed apiextensions.k8s.io/v1, Kind=CustomResourceDefinition/wasmplugins.extensions.istio.io..
  Removed apiextensions.k8s.io/v1, Kind=CustomResourceDefinition/workloadentries.networking.istio.io..
  Removed apiextensions.k8s.io/v1, Kind=CustomResourceDefinition/workloadgroups.networking.istio.io..

✔ Uninstall completepod/istio-ingressgateway-75fb7d94d9-gnkjd condition met
pod "kube-apiserver-node-0" deleted from kube-system namespace
pod "kube-apiserver-node-1" deleted from kube-system namespace
API server count: 2. Waiting for all kube-apiserver pods to become Ready...
All kube-apiserver pods are Ready
Creating TPMs on all nodes...
Warning: Permanently added 'pc772.emulab.net' (ED25519) to the list of known hosts.
Warning: Permanently added 'pc772.emulab.net' (ED25519) to the list of known hosts.
--> Creating tpm state folder in /tpm/myvtpm2.
--> Creating tpm state folder in /tpm/myvtpm2.
--> Creating tpm with swtpm_setup.
--> Creating tpm with swtpm_setup.
Starting vTPM manufacturing as root:root @ Wed 09 Sep 2026 05:39:40 PM MDT
Apply profile: {"Name": "default-v1"}
TPM is listening on Unix socket.
Starting vTPM manufacturing as root:root @ Wed 09 Sep 2026 05:39:40 PM MDT
Apply profile: {"Name": "default-v1"}
Active profile: {"Name":"default-v1","StateFormatLevel":7,"Commands":"0x11f-0x122,0x124-0x12e,0x130-0x140,0x142-0x159,0x15b-0x15e,0x160-0x165,0x167-0x174,0x176-0x178,0x17a-0x193,0x197,0x199-0x19c","Algorithms":"rsa,rsa-min-size=1024,tdes,tdes-min-size=128,sha1,hmac,aes,aes-min-size=128,mgf1,keyedhash,xor,sha256,sha384,sha512,null,rsassa,rsaes,rsapss,oaep,ecdsa,ecdh,ecdaa,sm2,ecschnorr,ecmqv,kdf1-sp800-56a,kdf2,kdf1-sp800-108,ecc,ecc-min-size=192,ecc-nist,ecc-bn,ecc-sm2-p256,symcipher,camellia,camellia-min-size=128,cmac,ctr,ofb,cbc,cfb,ecb","Description":"This profile enables all libtpms v0.10-supported commands and algorithms. This profile is compatible with libtpms >= v0.10."}
TPM is listening on Unix socket.
Active profile: {"Name":"default-v1","StateFormatLevel":7,"Commands":"0x11f-0x122,0x124-0x12e,0x130-0x140,0x142-0x159,0x15b-0x15e,0x160-0x165,0x167-0x174,0x176-0x178,0x17a-0x193,0x197,0x199-0x19c","Algorithms":"rsa,rsa-min-size=1024,tdes,tdes-min-size=128,sha1,hmac,aes,aes-min-size=128,mgf1,keyedhash,xor,sha256,sha384,sha512,null,rsassa,rsaes,rsapss,oaep,ecdsa,ecdh,ecdaa,sm2,ecschnorr,ecmqv,kdf1-sp800-56a,kdf2,kdf1-sp800-108,ecc,ecc-min-size=192,ecc-nist,ecc-bn,ecc-sm2-p256,symcipher,camellia,camellia-min-size=128,cmac,ctr,ofb,cbc,cfb,ecb","Description":"This profile enables all libtpms v0.10-supported commands and algorithms. This profile is compatible with libtpms >= v0.10."}
Successfully created RSA 2048 EK with handle 0x81010001.
  Invoking /usr/bin/swtpm_localca --type ek --ek e27e9e569e2c90414fe4586fcb2a9feb0d7a9e33445e441f00fe5a8837103e48198dbe19804238f39d3c227348234dcc4acf882764ad4ae4b40303d3517c618355302682a81f9a898c9576ec84a29f77978f4af50f6cb383aa7caee8e694a14a04ad91a62e71ac7e8d10dde661c0f7006fd4fd9ea1fd6fbba72469c246aff06080084057e664e075fbf35728bc4020e968ede346aab1d5029b23190f501a5bc05b376687981c8ab02982276bfb05416a510dd8cf7e71c5c44a2d47a290f31e56187f07cc209b254d20a979217ae21d7626683e377ef04fb99fc115f5b00814e1292bae48a35fdc40be5722404e77229c46ed71f07702066d44ab1f3f5b7451ad --dir /tmp/swtpm_setup.certs.3K7KV3 --tpm-spec-family 2.0 --tpm-spec-level 0 --tpm-spec-revision 183 --tpm-manufacturer id:00001014 --tpm-model swtpm --tpm-version id:20240125 --tpm2 --configfile /etc/swtpm-localca.conf --optsfile /etc/swtpm-localca.options
swtpm_localca: Successfully created EK certificate locally.
  Invoking /usr/bin/swtpm_localca --type platform --ek e27e9e569e2c90414fe4586fcb2a9feb0d7a9e33445e441f00fe5a8837103e48198dbe19804238f39d3c227348234dcc4acf882764ad4ae4b40303d3517c618355302682a81f9a898c9576ec84a29f77978f4af50f6cb383aa7caee8e694a14a04ad91a62e71ac7e8d10dde661c0f7006fd4fd9ea1fd6fbba72469c246aff06080084057e664e075fbf35728bc4020e968ede346aab1d5029b23190f501a5bc05b376687981c8ab02982276bfb05416a510dd8cf7e71c5c44a2d47a290f31e56187f07cc209b254d20a979217ae21d7626683e377ef04fb99fc115f5b00814e1292bae48a35fdc40be5722404e77229c46ed71f07702066d44ab1f3f5b7451ad --dir /tmp/swtpm_setup.certs.3K7KV3 --tpm-spec-family 2.0 --tpm-spec-level 0 --tpm-spec-revision 183 --tpm-manufacturer id:00001014 --tpm-model swtpm --tpm-version id:20240125 --tpm2 --configfile /etc/swtpm-localca.conf --optsfile /etc/swtpm-localca.options
swtpm_localca: Successfully created platform certificate locally.
Successfully created NVRAM area 0x1c00002 for RSA 2048 EK certificate.
Successfully created NVRAM area 0x1c08000 for platform certificate.
Successfully created ECC EK with handle 0x81010016.
  Invoking /usr/bin/swtpm_localca --type ek --ek x=12fea48d122a42452096ae07d2f1bd909927dee5d998e68708b0353a807021a1bd8720757e971f6094657e8b3361ccd0,y=04740b467b40998c3691f1725d84ba621dc83e35822326328aa5cb40c5febe3aff4b20e03dec660982175d7f1b203168,id=secp384r1 --dir /tmp/swtpm_setup.certs.3K7KV3 --tpm-spec-family 2.0 --tpm-spec-level 0 --tpm-spec-revision 183 --tpm-manufacturer id:00001014 --tpm-model swtpm --tpm-version id:20240125 --tpm2 --configfile /etc/swtpm-localca.conf --optsfile /etc/swtpm-localca.options
Successfully created RSA 2048 EK with handle 0x81010001.
  Invoking /usr/bin/swtpm_localca --type ek --ek abbcfd16259f43b29792c200e636b78ca492d5fc3055ca4ca4049865da80ad5a955bdb910659ed127f1fa3724f2b91c9bea9a9cd6ac037fe6a1275d0cba230f64a0f7b393cab9c4ae82dba65d07596900c88a38fd3308e4597920ab23f9cb9fe5f7e830f00951be7fb6efb761bf9e51d303a2f1dfbd5514eee414f5f380e6240d70540c7b5a0dcce3b04b71361e767c47d939b05af5bf9edaf6107ccb1d3c86b8a87bdcc5f489c2d2797349bdbdb57f2c1c2bd86e87b0aa2e9170ad0886627d573d2f6bd0a1c93317e58a9c615af61b8be3aab1c4e49fa9b7430169aab5e72757ca1645e2ea94e32740d4c763902a16368ab580c63457e99478d30b148c3f3cd --dir /tmp/swtpm_setup.certs.MSXKV3 --tpm-spec-family 2.0 --tpm-spec-level 0 --tpm-spec-revision 183 --tpm-manufacturer id:00001014 --tpm-model swtpm --tpm-version id:20240125 --tpm2 --configfile /etc/swtpm-localca.conf --optsfile /etc/swtpm-localca.options
swtpm_localca: Successfully created EK certificate locally.
Successfully created NVRAM area 0x1c00016 for ECC EK certificate.
Successfully activated PCR banks sha256 among sha1,sha256,sha384,sha512.
Successfully authored TPM state.
Ending vTPM manufacturing @ Wed 09 Sep 2026 05:39:40 PM MDT
swtpm_localca: Successfully created EK certificate locally.
  Invoking /usr/bin/swtpm_localca --type platform --ek abbcfd16259f43b29792c200e636b78ca492d5fc3055ca4ca4049865da80ad5a955bdb910659ed127f1fa3724f2b91c9bea9a9cd6ac037fe6a1275d0cba230f64a0f7b393cab9c4ae82dba65d07596900c88a38fd3308e4597920ab23f9cb9fe5f7e830f00951be7fb6efb761bf9e51d303a2f1dfbd5514eee414f5f380e6240d70540c7b5a0dcce3b04b71361e767c47d939b05af5bf9edaf6107ccb1d3c86b8a87bdcc5f489c2d2797349bdbdb57f2c1c2bd86e87b0aa2e9170ad0886627d573d2f6bd0a1c93317e58a9c615af61b8be3aab1c4e49fa9b7430169aab5e72757ca1645e2ea94e32740d4c763902a16368ab580c63457e99478d30b148c3f3cd --dir /tmp/swtpm_setup.certs.MSXKV3 --tpm-spec-family 2.0 --tpm-spec-level 0 --tpm-spec-revision 183 --tpm-manufacturer id:00001014 --tpm-model swtpm --tpm-version id:20240125 --tpm2 --configfile /etc/swtpm-localca.conf --optsfile /etc/swtpm-localca.options
swtpm_localca: Successfully created platform certificate locally.
Successfully created NVRAM area 0x1c00002 for RSA 2048 EK certificate.
Successfully created NVRAM area 0x1c08000 for platform certificate.
Successfully created ECC EK with handle 0x81010016.
  Invoking /usr/bin/swtpm_localca --type ek --ek x=b1d8b707921329ae8c561b3969f42a7aac1d3e16f899e1a11c4bdfe817385091dfba2d92ad95347451be5fed108348d1,y=feca5e9bf2d3d97657e1d8e78ab7fd750ab6d6fdf8361717e83023e777eb17029ca85082154421e73169bbac434e40a6,id=secp384r1 --dir /tmp/swtpm_setup.certs.MSXKV3 --tpm-spec-family 2.0 --tpm-spec-level 0 --tpm-spec-revision 183 --tpm-manufacturer id:00001014 --tpm-model swtpm --tpm-version id:20240125 --tpm2 --configfile /etc/swtpm-localca.conf --optsfile /etc/swtpm-localca.options
swtpm_localca: Successfully created EK certificate locally.
Successfully created NVRAM area 0x1c00016 for ECC EK certificate.
Successfully activated PCR banks sha256 among sha1,sha256,sha384,sha512.
Successfully authored TPM state.
Ending vTPM manufacturing @ Wed 09 Sep 2026 05:39:40 PM MDT
--> Creating /dev/tpmrm0 device with swtpm_cuse.
--> Creating /dev/tpmrm0 device with swtpm_cuse.
TPMs created on all nodes
Using strategy: st5-AttUpd
Deploying Mazu ConfigMap to namespace: default
configmap "mazu-config" deleted from default namespace
configmap/mazu-config created
Deploying Mazu ConfigMap to namespace: istio-system
configmap "mazu-config" deleted from istio-system namespace
configmap/mazu-config created
Deploying RBE PP ConfigMap to namespace: default
configmap "rbe-pp" deleted from default namespace
configmap/rbe-pp created
Deploying RBE PP ConfigMap to namespace: istio-system
configmap "rbe-pp" deleted from istio-system namespace
configmap/rbe-pp created
"k8s-tpm-device" already exists with the same configuration, skipping
Hang tight while we grab the latest from your chart repositories...
...Successfully got an update from the "k8s-tpm-device" chart repository
Update Complete. ⎈Happy Helming!⎈
Release "k8s-tpm-device" has been upgraded. Happy Helming!
NAME: k8s-tpm-device
LAST DEPLOYED: Wed Sep  9 17:40:44 2026
NAMESPACE: tpm-device
STATUS: deployed
REVISION: 34
TEST SUITE: None
Deploying TPM public key ConfigMap to namespace: default
configmap "tpm-pubkey" deleted from default namespace
configmap/tpm-pubkey created
Deploying TPM public key ConfigMap to namespace: istio-system
configmap "tpm-pubkey" deleted from istio-system namespace
configmap/tpm-pubkey created
secret "tpm-keys" deleted from istio-system namespace
secret/tpm-keys created
Strategy: st5-AttUpd | Tag: st5-AttUpd | Duration: 120 seconds | RPS: 1000
Results Directory: /users/apoudel/DeathStarBench/socialNetwork/20260909_174045/st5-AttUpd-120
Output File: /users/apoudel/DeathStarBench/socialNetwork/20260909_174045/st5-AttUpd-120/1000.txt
/users/apoudel/DeathStarBench/socialNetwork
[1;30;44mMazu:[0m Installing Istio....
service "etcd" deleted from istio-system namespace
statefulset.apps "etcd" deleted from istio-system namespace
persistentvolumeclaim "etcd-data-etcd-0" deleted from istio-system namespace
Error from server (AlreadyExists): namespaces "istio-system" already exists
namespace already exists
service/etcd created
statefulset.apps/etcd created
        |\          
        | \         
        |  \        
        |   \       
      /||    \      
     / ||     \     
    /  ||      \    
   /   ||       \   
  /    ||        \  
 /     ||         \ 
/______||__________\
____________________
  \__       _____/  
     \_____/        

WARNING: Istio 1.24.0 may be out of support (EOL) already: see https://istio.io/latest/docs/releases/supported-releases/ for supported releases

- Processing resources for Istio core.
- Processing resources for Istio core. Waiting for CustomResourceDefinition/, CustomResourceDefin...
✔ Istio core installed ⛵️
- Processing resources for Istiod.
- Processing resources for Istiod. Waiting for Deployment/istio-system/istiod
✔ Istiod installed 🧠
- Processing resources for Ingress gateways.
- Processing resources for Ingress gateways. Waiting for Deployment/istio-system/istio-ingressgat...
✔ Ingress gateways installed 🛬
- Pruning removed resources
✔ Installation completeclusterrole.rbac.authorization.k8s.io/token-review-role unchanged
clusterrolebinding.rbac.authorization.k8s.io/token-review-binding unchanged
role.rbac.authorization.k8s.io/leader-election-key-curator-role unchanged
rolebinding.rbac.authorization.k8s.io/leader-election-key-curator-role-binding unchanged
namespace/default not labeled
peerauthentication.security.istio.io/default created
pod/istiod-fb9866b9d-drrfq condition met
pod/istio-ingressgateway-745cc59f79-qftmf condition met
service/details created
serviceaccount/bookinfo-details created
deployment.apps/details-v1 created
service/ratings created
serviceaccount/bookinfo-ratings created
deployment.apps/ratings-v1 created
service/reviews created
serviceaccount/bookinfo-reviews created
deployment.apps/reviews-v1 created
deployment.apps/reviews-v2 created
deployment.apps/reviews-v3 created
service/productpage created
serviceaccount/bookinfo-productpage created
deployment.apps/productpage-v1 created
gateway.networking.istio.io/bookinfo-gateway created
virtualservice.networking.istio.io/bookinfo created
destinationrule.networking.istio.io/details-no-reuse created
destinationrule.networking.istio.io/ratings-no-reuse created
destinationrule.networking.istio.io/reviews-no-reuse created
Waiting for rollouts (timeout 360s each):
  deployment.apps/details-v1
  deployment.apps/ratings-v1
  deployment.apps/reviews-v1
  deployment.apps/reviews-v2
  deployment.apps/reviews-v3
  deployment.apps/productpage-v1
Waiting for deployment "details-v1" rollout to finish: 0 of 1 replicas are ready...
deployment "details-v1" successfully rolled out (1/1 ready)
deployment "ratings-v1" successfully rolled out (1/1 ready)
deployment "reviews-v1" successfully rolled out (1/1 ready)
deployment "reviews-v2" successfully rolled out (1/1 ready)
deployment "reviews-v3" successfully rolled out (1/1 ready)
deployment "productpage-v1" successfully rolled out (1/1 ready)
pod/istiod-fb9866b9d-drrfq condition met
pod/istio-ingressgateway-745cc59f79-2czfb condition met
pod/istio-ingressgateway-745cc59f79-2q4r9 condition met
pod/istio-ingressgateway-745cc59f79-8vt5j condition met
pod/istio-ingressgateway-745cc59f79-k9v5g condition met
pod/istio-ingressgateway-745cc59f79-l2fjb condition met
pod/istio-ingressgateway-745cc59f79-qftmf condition met
pod/istio-ingressgateway-745cc59f79-swnb8 condition met
pod/istio-ingressgateway-745cc59f79-vhtgs condition met
pod/istio-ingressgateway-745cc59f79-wct7q condition met
pod/istio-ingressgateway-745cc59f79-xw96b condition met
Ingress: 155.98.38.240:80
Strategy: st5-AttUpd | Tag: st5-AttUpd | Duration: 120 seconds | RPS: 1000
Results Directory: /users/apoudel/DeathStarBench/socialNetwork/20260909_174128/st5-AttUpd-120
Output File: /users/apoudel/DeathStarBench/socialNetwork/20260909_174128/st5-AttUpd-120/1000.txt
/users/apoudel/DeathStarBench/socialNetwork
[1;30;44mMazu:[0m Uninstalling Prometheus from istio-system....
Strategy: st5-AttUpd | Tag: st5-AttUpd | Duration: 120 seconds | RPS: 1000
Results Directory: /users/apoudel/DeathStarBench/socialNetwork/20260909_174128/st5-AttUpd-120
Output File: /users/apoudel/DeathStarBench/socialNetwork/20260909_174128/st5-AttUpd-120/1000.txt
/users/apoudel/DeathStarBench/socialNetwork
[1;30;44mMazu:[0m Installing Prometheus in istio-system....
serviceaccount/prometheus created
configmap/prometheus created
clusterrole.rbac.authorization.k8s.io/prometheus created
clusterrolebinding.rbac.authorization.k8s.io/prometheus created
service/prometheus created
deployment.apps/prometheus created
pod/prometheus-c9ff75ddb-bmz9c condition met
[1;30;44mMazu:[0m Prometheus is ready.
Waiting for Prometheus pod to be Running...
pod/prometheus-c9ff75ddb-bmz9c condition met
Forwarding from 127.0.0.1:9091 -> 9090
Forwarding from [::1]:9091 -> 9090
Waiting for Prometheus to be reachable at http://localhost:9091...
Handling connection for 9091
Prometheus is reachable at http://localhost:9091
--- Running RPS=100 for 120s ---
Running wrk2 with STRAT=st5-AttUpd, RPS=100, DURATION=120s. Output: /users/apoudel/DeathStarBench/socialNetwork/results/benchmark1.5b-replica-scale-09-09-26_173920/scale-1x/st5-AttUpd/100.txt
wrk2 results saved to /users/apoudel/DeathStarBench/socialNetwork/results/benchmark1.5b-replica-scale-09-09-26_173920/scale-1x/st5-AttUpd/100.txt
Collecting metrics from Prometheus (http://localhost:9091)
  Window: 2026-09-09 17:41:36 -> 2026-09-09 17:43:36 (120s)
  Output: /users/apoudel/DeathStarBench/socialNetwork/results/benchmark1.5b-replica-scale-09-09-26_173920/scale-1x/st5-AttUpd/metrics_100.json
Handling connection for 9091
Handling connection for 9091
Handling connection for 9091
Handling connection for 9091
Handling connection for 9091
Handling connection for 9091
Metrics saved to /users/apoudel/DeathStarBench/socialNetwork/results/benchmark1.5b-replica-scale-09-09-26_173920/scale-1x/st5-AttUpd/metrics_100.json
--- RPS=100 complete ---
--- Running RPS=200 for 120s ---
Running wrk2 with STRAT=st5-AttUpd, RPS=200, DURATION=120s. Output: /users/apoudel/DeathStarBench/socialNetwork/results/benchmark1.5b-replica-scale-09-09-26_173920/scale-1x/st5-AttUpd/200.txt
wrk2 results saved to /users/apoudel/DeathStarBench/socialNetwork/results/benchmark1.5b-replica-scale-09-09-26_173920/scale-1x/st5-AttUpd/200.txt
Collecting metrics from Prometheus (http://localhost:9091)
  Window: 2026-09-09 17:43:37 -> 2026-09-09 17:45:37 (120s)
  Output: /users/apoudel/DeathStarBench/socialNetwork/results/benchmark1.5b-replica-scale-09-09-26_173920/scale-1x/st5-AttUpd/metrics_200.json
Handling connection for 9091
Handling connection for 9091
Handling connection for 9091
Handling connection for 9091
Handling connection for 9091
Handling connection for 9091
Metrics saved to /users/apoudel/DeathStarBench/socialNetwork/results/benchmark1.5b-replica-scale-09-09-26_173920/scale-1x/st5-AttUpd/metrics_200.json
--- RPS=200 complete ---
--- Running RPS=400 for 120s ---
Running wrk2 with STRAT=st5-AttUpd, RPS=400, DURATION=120s. Output: /users/apoudel/DeathStarBench/socialNetwork/results/benchmark1.5b-replica-scale-09-09-26_173920/scale-1x/st5-AttUpd/400.txt
wrk2 results saved to /users/apoudel/DeathStarBench/socialNetwork/results/benchmark1.5b-replica-scale-09-09-26_173920/scale-1x/st5-AttUpd/400.txt
Collecting metrics from Prometheus (http://localhost:9091)
  Window: 2026-09-09 17:45:37 -> 2026-09-09 17:47:37 (120s)
  Output: /users/apoudel/DeathStarBench/socialNetwork/results/benchmark1.5b-replica-scale-09-09-26_173920/scale-1x/st5-AttUpd/metrics_400.json
Handling connection for 9091
Handling connection for 9091
Handling connection for 9091
Handling connection for 9091
Handling connection for 9091
Handling connection for 9091
Metrics saved to /users/apoudel/DeathStarBench/socialNetwork/results/benchmark1.5b-replica-scale-09-09-26_173920/scale-1x/st5-AttUpd/metrics_400.json
--- RPS=400 complete ---
--- Running RPS=800 for 120s ---
Running wrk2 with STRAT=st5-AttUpd, RPS=800, DURATION=120s. Output: /users/apoudel/DeathStarBench/socialNetwork/results/benchmark1.5b-replica-scale-09-09-26_173920/scale-1x/st5-AttUpd/800.txt
wrk2 results saved to /users/apoudel/DeathStarBench/socialNetwork/results/benchmark1.5b-replica-scale-09-09-26_173920/scale-1x/st5-AttUpd/800.txt
Collecting metrics from Prometheus (http://localhost:9091)
  Window: 2026-09-09 17:47:38 -> 2026-09-09 17:49:38 (120s)
  Output: /users/apoudel/DeathStarBench/socialNetwork/results/benchmark1.5b-replica-scale-09-09-26_173920/scale-1x/st5-AttUpd/metrics_800.json
Handling connection for 9091
Handling connection for 9091
Handling connection for 9091
Handling connection for 9091
Handling connection for 9091
Handling connection for 9091
Metrics saved to /users/apoudel/DeathStarBench/socialNetwork/results/benchmark1.5b-replica-scale-09-09-26_173920/scale-1x/st5-AttUpd/metrics_800.json
--- RPS=800 complete ---
--- Running RPS=1200 for 120s ---
Running wrk2 with STRAT=st5-AttUpd, RPS=1200, DURATION=120s. Output: /users/apoudel/DeathStarBench/socialNetwork/results/benchmark1.5b-replica-scale-09-09-26_173920/scale-1x/st5-AttUpd/1200.txt
wrk2 results saved to /users/apoudel/DeathStarBench/socialNetwork/results/benchmark1.5b-replica-scale-09-09-26_173920/scale-1x/st5-AttUpd/1200.txt
Collecting metrics from Prometheus (http://localhost:9091)
  Window: 2026-09-09 17:49:38 -> 2026-09-09 17:51:38 (120s)
  Output: /users/apoudel/DeathStarBench/socialNetwork/results/benchmark1.5b-replica-scale-09-09-26_173920/scale-1x/st5-AttUpd/metrics_1200.json
Handling connection for 9091
Handling connection for 9091
Handling connection for 9091
Handling connection for 9091
Handling connection for 9091
Handling connection for 9091
Metrics saved to /users/apoudel/DeathStarBench/socialNetwork/results/benchmark1.5b-replica-scale-09-09-26_173920/scale-1x/st5-AttUpd/metrics_1200.json
--- RPS=1200 complete ---
--- Running RPS=1600 for 120s ---
Running wrk2 with STRAT=st5-AttUpd, RPS=1600, DURATION=120s. Output: /users/apoudel/DeathStarBench/socialNetwork/results/benchmark1.5b-replica-scale-09-09-26_173920/scale-1x/st5-AttUpd/1600.txt
wrk2 results saved to /users/apoudel/DeathStarBench/socialNetwork/results/benchmark1.5b-replica-scale-09-09-26_173920/scale-1x/st5-AttUpd/1600.txt
Collecting metrics from Prometheus (http://localhost:9091)
  Window: 2026-09-09 17:51:39 -> 2026-09-09 17:53:39 (120s)
  Output: /users/apoudel/DeathStarBench/socialNetwork/results/benchmark1.5b-replica-scale-09-09-26_173920/scale-1x/st5-AttUpd/metrics_1600.json
Handling connection for 9091
Handling connection for 9091
Handling connection for 9091
Handling connection for 9091
Handling connection for 9091
Handling connection for 9091
Metrics saved to /users/apoudel/DeathStarBench/socialNetwork/results/benchmark1.5b-replica-scale-09-09-26_173920/scale-1x/st5-AttUpd/metrics_1600.json
--- RPS=1600 complete ---
--- Running RPS=2000 for 120s ---
Running wrk2 with STRAT=st5-AttUpd, RPS=2000, DURATION=120s. Output: /users/apoudel/DeathStarBench/socialNetwork/results/benchmark1.5b-replica-scale-09-09-26_173920/scale-1x/st5-AttUpd/2000.txt
wrk2 results saved to /users/apoudel/DeathStarBench/socialNetwork/results/benchmark1.5b-replica-scale-09-09-26_173920/scale-1x/st5-AttUpd/2000.txt
Collecting metrics from Prometheus (http://localhost:9091)
  Window: 2026-09-09 17:53:39 -> 2026-09-09 17:55:39 (120s)
  Output: /users/apoudel/DeathStarBench/socialNetwork/results/benchmark1.5b-replica-scale-09-09-26_173920/scale-1x/st5-AttUpd/metrics_2000.json
Handling connection for 9091
Handling connection for 9091
Handling connection for 9091
Handling connection for 9091
Handling connection for 9091
Handling connection for 9091
Metrics saved to /users/apoudel/DeathStarBench/socialNetwork/results/benchmark1.5b-replica-scale-09-09-26_173920/scale-1x/st5-AttUpd/metrics_2000.json
--- RPS=2000 complete ---
Strategy: st5-AttUpd | Tag: st5-AttUpd | Duration: 120 seconds | RPS: 2000
Results Directory: /users/apoudel/DeathStarBench/socialNetwork/20260909_175540/st5-AttUpd-120
Output File: /users/apoudel/DeathStarBench/socialNetwork/20260909_175540/st5-AttUpd-120/2000.txt
/users/apoudel/DeathStarBench/socialNetwork
[1;30;44mMazu:[0m Uninstalling Prometheus from istio-system....
serviceaccount "prometheus" deleted from istio-system namespace
configmap "prometheus" deleted from istio-system namespace
clusterrole.rbac.authorization.k8s.io "prometheus" deleted
clusterrolebinding.rbac.authorization.k8s.io "prometheus" deleted
service "prometheus" deleted from istio-system namespace
deployment.apps "prometheus" deleted from istio-system namespace
Generated /users/apoudel/DeathStarBench/socialNetwork/results/benchmark1.5b-replica-scale-09-09-26_173920/scale-1x/st5-AttUpd/cpu.dat and /users/apoudel/DeathStarBench/socialNetwork/results/benchmark1.5b-replica-scale-09-09-26_173920/scale-1x/st5-AttUpd/memory.dat
=== Benchmark 1.5b (no-scale) sweep completed at Wed Sep  9 05:55:40 PM MDT 2026 for st5-AttUpd ===
=== Benchmark 1.5b (no-scale) sweep started at Wed Sep  9 05:55:40 PM MDT 2026 for istio ===
Strategy: istio | Tag: st5-AttUpd | Duration: 120 seconds | RPS: 1000
Results Directory: /users/apoudel/DeathStarBench/socialNetwork/20260909_175540/istio-120
Output File: /users/apoudel/DeathStarBench/socialNetwork/20260909_175540/istio-120/1000.txt
/users/apoudel/DeathStarBench/socialNetwork
[1;30;44mMazu:[0m Uninstalling Bookinfo application....
service "details" deleted from default namespace
serviceaccount "bookinfo-details" deleted from default namespace
deployment.apps "details-v1" deleted from default namespace
service "ratings" deleted from default namespace
serviceaccount "bookinfo-ratings" deleted from default namespace
deployment.apps "ratings-v1" deleted from default namespace
service "reviews" deleted from default namespace
serviceaccount "bookinfo-reviews" deleted from default namespace
deployment.apps "reviews-v1" deleted from default namespace
deployment.apps "reviews-v2" deleted from default namespace
deployment.apps "reviews-v3" deleted from default namespace
service "productpage" deleted from default namespace
serviceaccount "bookinfo-productpage" deleted from default namespace
deployment.apps "productpage-v1" deleted from default namespace
gateway.networking.istio.io "bookinfo-gateway" deleted from default namespace
virtualservice.networking.istio.io "bookinfo" deleted from default namespace
Error from server (NotFound): error when deleting "/users/apoudel/DeathStarBench/socialNetwork/scratch/yaml/bf-hpa.yaml": horizontalpodautoscalers.autoscaling "details-hpa" not found
Error from server (NotFound): error when deleting "/users/apoudel/DeathStarBench/socialNetwork/scratch/yaml/bf-hpa.yaml": horizontalpodautoscalers.autoscaling "ratings-hpa" not found
Error from server (NotFound): error when deleting "/users/apoudel/DeathStarBench/socialNetwork/scratch/yaml/bf-hpa.yaml": horizontalpodautoscalers.autoscaling "reviews-v1-hpa" not found
Error from server (NotFound): error when deleting "/users/apoudel/DeathStarBench/socialNetwork/scratch/yaml/bf-hpa.yaml": horizontalpodautoscalers.autoscaling "reviews-v2-hpa" not found
Error from server (NotFound): error when deleting "/users/apoudel/DeathStarBench/socialNetwork/scratch/yaml/bf-hpa.yaml": horizontalpodautoscalers.autoscaling "reviews-v3-hpa" not found
Error from server (NotFound): error when deleting "/users/apoudel/DeathStarBench/socialNetwork/scratch/yaml/bf-hpa.yaml": horizontalpodautoscalers.autoscaling "productpage-hpa" not found
destinationrule.networking.istio.io "details-no-reuse" deleted from default namespace
destinationrule.networking.istio.io "ratings-no-reuse" deleted from default namespace
destinationrule.networking.istio.io "reviews-no-reuse" deleted from default namespace
pod/details-v1-5bff6c89bf-tftt7 condition met
pod/productpage-v1-5fbc448f49-nblqn condition met
Strategy: istio | Tag: st5-AttUpd | Duration: 120 seconds | RPS: 1000
Results Directory: /users/apoudel/DeathStarBench/socialNetwork/20260909_175547/istio-120
Output File: /users/apoudel/DeathStarBench/socialNetwork/20260909_175547/istio-120/1000.txt
/users/apoudel/DeathStarBench/socialNetwork
All Istio resources will be pruned from the cluster

  Removed apps/v1, Kind=Deployment/istio-ingressgateway.istio-system.
  Removed apps/v1, Kind=Deployment/istiod.istio-system.
  Removed /v1, Kind=Service/istio-ingressgateway.istio-system.
  Removed /v1, Kind=Service/istiod.istio-system.
  Removed /v1, Kind=ConfigMap/istio.istio-system.
  Removed /v1, Kind=ConfigMap/istio-sidecar-injector.istio-system.
  Removed /v1, Kind=Pod/istio-ingressgateway-745cc59f79-2czfb.istio-system.
  Removed /v1, Kind=Pod/istio-ingressgateway-745cc59f79-2q4r9.istio-system.
  Removed /v1, Kind=Pod/istio-ingressgateway-745cc59f79-8vt5j.istio-system.
  Removed /v1, Kind=Pod/istio-ingressgateway-745cc59f79-k9v5g.istio-system.
  Removed /v1, Kind=Pod/istio-ingressgateway-745cc59f79-l2fjb.istio-system.
  Removed /v1, Kind=Pod/istio-ingressgateway-745cc59f79-qftmf.istio-system.
  Removed /v1, Kind=Pod/istio-ingressgateway-745cc59f79-swnb8.istio-system.
  Removed /v1, Kind=Pod/istio-ingressgateway-745cc59f79-vhtgs.istio-system.
  Removed /v1, Kind=Pod/istio-ingressgateway-745cc59f79-wct7q.istio-system.
  Removed /v1, Kind=Pod/istio-ingressgateway-745cc59f79-xw96b.istio-system.
  Removed /v1, Kind=Pod/istiod-fb9866b9d-drrfq.istio-system.
  Removed /v1, Kind=ServiceAccount/istio-ingressgateway-service-account.istio-system.
  Removed /v1, Kind=ServiceAccount/istio-reader-service-account.istio-system.
  Removed /v1, Kind=ServiceAccount/istiod.istio-system.
  Removed rbac.authorization.k8s.io/v1, Kind=RoleBinding/istio-ingressgateway-sds.istio-system.
  Removed rbac.authorization.k8s.io/v1, Kind=RoleBinding/istiod.istio-system.
  Removed rbac.authorization.k8s.io/v1, Kind=Role/istio-ingressgateway-sds.istio-system.
  Removed rbac.authorization.k8s.io/v1, Kind=Role/istiod.istio-system.
  Removed policy/v1, Kind=PodDisruptionBudget/istio-ingressgateway.istio-system.
  Removed policy/v1, Kind=PodDisruptionBudget/istiod.istio-system.
  Removed autoscaling/v2, Kind=HorizontalPodAutoscaler/istio-ingressgateway.istio-system.
  Removed autoscaling/v2, Kind=HorizontalPodAutoscaler/istiod.istio-system.
  Removed admissionregistration.k8s.io/v1, Kind=MutatingWebhookConfiguration/istio-revision-tag-default..
  Removed admissionregistration.k8s.io/v1, Kind=MutatingWebhookConfiguration/istio-sidecar-injector..
  Removed admissionregistration.k8s.io/v1, Kind=ValidatingWebhookConfiguration/istio-validator-istio-system..
  Removed admissionregistration.k8s.io/v1, Kind=ValidatingWebhookConfiguration/istiod-default-validator..
  Removed rbac.authorization.k8s.io/v1, Kind=ClusterRole/istio-reader-clusterrole-istio-system..
  Removed rbac.authorization.k8s.io/v1, Kind=ClusterRole/istiod-clusterrole-istio-system..
  Removed rbac.authorization.k8s.io/v1, Kind=ClusterRole/istiod-gateway-controller-istio-system..
  Removed rbac.authorization.k8s.io/v1, Kind=ClusterRoleBinding/istio-reader-clusterrole-istio-system..
  Removed rbac.authorization.k8s.io/v1, Kind=ClusterRoleBinding/istiod-clusterrole-istio-system..
  Removed rbac.authorization.k8s.io/v1, Kind=ClusterRoleBinding/istiod-gateway-controller-istio-system..
  Removed apiextensions.k8s.io/v1, Kind=CustomResourceDefinition/authorizationpolicies.security.istio.io..
  Removed apiextensions.k8s.io/v1, Kind=CustomResourceDefinition/destinationrules.networking.istio.io..
  Removed apiextensions.k8s.io/v1, Kind=CustomResourceDefinition/envoyfilters.networking.istio.io..
  Removed apiextensions.k8s.io/v1, Kind=CustomResourceDefinition/gateways.networking.istio.io..
  Removed apiextensions.k8s.io/v1, Kind=CustomResourceDefinition/peerauthentications.security.istio.io..
  Removed apiextensions.k8s.io/v1, Kind=CustomResourceDefinition/proxyconfigs.networking.istio.io..
  Removed apiextensions.k8s.io/v1, Kind=CustomResourceDefinition/requestauthentications.security.istio.io..
  Removed apiextensions.k8s.io/v1, Kind=CustomResourceDefinition/serviceentries.networking.istio.io..
  Removed apiextensions.k8s.io/v1, Kind=CustomResourceDefinition/sidecars.networking.istio.io..
  Removed apiextensions.k8s.io/v1, Kind=CustomResourceDefinition/telemetries.telemetry.istio.io..
  Removed apiextensions.k8s.io/v1, Kind=CustomResourceDefinition/virtualservices.networking.istio.io..
  Removed apiextensions.k8s.io/v1, Kind=CustomResourceDefinition/wasmplugins.extensions.istio.io..
  Removed apiextensions.k8s.io/v1, Kind=CustomResourceDefinition/workloadentries.networking.istio.io..
  Removed apiextensions.k8s.io/v1, Kind=CustomResourceDefinition/workloadgroups.networking.istio.io..

✔ Uninstall completelease.coordination.k8s.io "istiod-key-curator-leader" deleted from istio-system namespace
pod/istiod-fb9866b9d-drrfq condition met
pod/istio-ingressgateway-745cc59f79-2czfb condition met
pod/istio-ingressgateway-745cc59f79-2q4r9 condition met
pod/istio-ingressgateway-745cc59f79-8vt5j condition met
pod/istio-ingressgateway-745cc59f79-k9v5g condition met
pod/istio-ingressgateway-745cc59f79-l2fjb condition met
pod/istio-ingressgateway-745cc59f79-qftmf condition met
pod/istio-ingressgateway-745cc59f79-swnb8 condition met
pod/istio-ingressgateway-745cc59f79-vhtgs condition met
pod/istio-ingressgateway-745cc59f79-wct7q condition met
pod/istio-ingressgateway-745cc59f79-xw96b condition met
pod "kube-apiserver-node-0" deleted from kube-system namespace
pod "kube-apiserver-node-1" deleted from kube-system namespace
API server count: 2. Waiting for all kube-apiserver pods to become Ready...
All kube-apiserver pods are Ready
Creating TPMs on all nodes...
Warning: Permanently added 'pc772.emulab.net' (ED25519) to the list of known hosts.
Warning: Permanently added 'pc772.emulab.net' (ED25519) to the list of known hosts.
--> Creating tpm state folder in /tpm/myvtpm2.
--> Creating tpm state folder in /tpm/myvtpm2.
--> Creating tpm with swtpm_setup.
--> Creating tpm with swtpm_setup.
Starting vTPM manufacturing as root:root @ Wed 09 Sep 2026 05:56:01 PM MDT
Apply profile: {"Name": "default-v1"}
TPM is listening on Unix socket.
Active profile: {"Name":"default-v1","StateFormatLevel":7,"Commands":"0x11f-0x122,0x124-0x12e,0x130-0x140,0x142-0x159,0x15b-0x15e,0x160-0x165,0x167-0x174,0x176-0x178,0x17a-0x193,0x197,0x199-0x19c","Algorithms":"rsa,rsa-min-size=1024,tdes,tdes-min-size=128,sha1,hmac,aes,aes-min-size=128,mgf1,keyedhash,xor,sha256,sha384,sha512,null,rsassa,rsaes,rsapss,oaep,ecdsa,ecdh,ecdaa,sm2,ecschnorr,ecmqv,kdf1-sp800-56a,kdf2,kdf1-sp800-108,ecc,ecc-min-size=192,ecc-nist,ecc-bn,ecc-sm2-p256,symcipher,camellia,camellia-min-size=128,cmac,ctr,ofb,cbc,cfb,ecb","Description":"This profile enables all libtpms v0.10-supported commands and algorithms. This profile is compatible with libtpms >= v0.10."}
Starting vTPM manufacturing as root:root @ Wed 09 Sep 2026 05:56:01 PM MDT
Apply profile: {"Name": "default-v1"}
TPM is listening on Unix socket.
Active profile: {"Name":"default-v1","StateFormatLevel":7,"Commands":"0x11f-0x122,0x124-0x12e,0x130-0x140,0x142-0x159,0x15b-0x15e,0x160-0x165,0x167-0x174,0x176-0x178,0x17a-0x193,0x197,0x199-0x19c","Algorithms":"rsa,rsa-min-size=1024,tdes,tdes-min-size=128,sha1,hmac,aes,aes-min-size=128,mgf1,keyedhash,xor,sha256,sha384,sha512,null,rsassa,rsaes,rsapss,oaep,ecdsa,ecdh,ecdaa,sm2,ecschnorr,ecmqv,kdf1-sp800-56a,kdf2,kdf1-sp800-108,ecc,ecc-min-size=192,ecc-nist,ecc-bn,ecc-sm2-p256,symcipher,camellia,camellia-min-size=128,cmac,ctr,ofb,cbc,cfb,ecb","Description":"This profile enables all libtpms v0.10-supported commands and algorithms. This profile is compatible with libtpms >= v0.10."}
Successfully created RSA 2048 EK with handle 0x81010001.
  Invoking /usr/bin/swtpm_localca --type ek --ek c7b52edb68a62d672a23a3f53f81010262eff0f8aec47c39202bef6e57158b7b1a5ee62446cc694dc0ef095ed73c36fb3fd0fc68bfe34e01972b4c908acde9b955e91cc49c7238913193771a5457ce31db278ddebf4a193dc004eabb5103565418c92cec495202c3d1e70523b958207da6357b89a4adb5a8d27defacf0e9e0fcace8c237bec328a48eca5c77dff4638fdef32cd314a9dea736feafdfed6fab40cd04f089ba1118bb692df96441b6a77eba27daa3e2074ff9635c4d44c1aeb0c76627abf4272d326a46dbe5755fa02f8125055dcabbabe27bb69ca55c2b971a4cef130027d0fdb93577871ff78a4e9f310ccdcff9c3ff29493af2836c2fa26be3 --dir /tmp/swtpm_setup.certs.G4JEV3 --tpm-spec-family 2.0 --tpm-spec-level 0 --tpm-spec-revision 183 --tpm-manufacturer id:00001014 --tpm-model swtpm --tpm-version id:20240125 --tpm2 --configfile /etc/swtpm-localca.conf --optsfile /etc/swtpm-localca.options
swtpm_localca: Successfully created EK certificate locally.
  Invoking /usr/bin/swtpm_localca --type platform --ek c7b52edb68a62d672a23a3f53f81010262eff0f8aec47c39202bef6e57158b7b1a5ee62446cc694dc0ef095ed73c36fb3fd0fc68bfe34e01972b4c908acde9b955e91cc49c7238913193771a5457ce31db278ddebf4a193dc004eabb5103565418c92cec495202c3d1e70523b958207da6357b89a4adb5a8d27defacf0e9e0fcace8c237bec328a48eca5c77dff4638fdef32cd314a9dea736feafdfed6fab40cd04f089ba1118bb692df96441b6a77eba27daa3e2074ff9635c4d44c1aeb0c76627abf4272d326a46dbe5755fa02f8125055dcabbabe27bb69ca55c2b971a4cef130027d0fdb93577871ff78a4e9f310ccdcff9c3ff29493af2836c2fa26be3 --dir /tmp/swtpm_setup.certs.G4JEV3 --tpm-spec-family 2.0 --tpm-spec-level 0 --tpm-spec-revision 183 --tpm-manufacturer id:00001014 --tpm-model swtpm --tpm-version id:20240125 --tpm2 --configfile /etc/swtpm-localca.conf --optsfile /etc/swtpm-localca.options
swtpm_localca: Successfully created platform certificate locally.
Successfully created NVRAM area 0x1c00002 for RSA 2048 EK certificate.
Successfully created NVRAM area 0x1c08000 for platform certificate.
Successfully created ECC EK with handle 0x81010016.
  Invoking /usr/bin/swtpm_localca --type ek --ek x=e07e8bab85a6a2d2f734598824148ffeb188fcbe4e7ab4889f00321a1abaed750acf8999969b4fb95719f56aeb00c2a7,y=afdf5bb4bf28de44928be0c47c6c99c5d5979ce4a61b57a615a4255835682e9dfb9ca0203d194ac4289f97763d66f9b8,id=secp384r1 --dir /tmp/swtpm_setup.certs.G4JEV3 --tpm-spec-family 2.0 --tpm-spec-level 0 --tpm-spec-revision 183 --tpm-manufacturer id:00001014 --tpm-model swtpm --tpm-version id:20240125 --tpm2 --configfile /etc/swtpm-localca.conf --optsfile /etc/swtpm-localca.options
Successfully created RSA 2048 EK with handle 0x81010001.
  Invoking /usr/bin/swtpm_localca --type ek --ek e023b32f0b115057b0af364be2b5ab1988ff0a234e81313a368276822b2e746c7ecfa7677f804e9bccf59c2c5b6fbaba10e38d7c55e93d86ce8b934ead274771d4101d1ddf9beb855a44022b02dbbfa6f68f439f639f89fbcd53793ad3bf1afe9bfdff00a6dab434baeebd2bef1ddfaccf988b33eaccdbb6fb763893e94edb658389bdee03b54a02c36b4966570dd61d9184bd72cc6e5761f34ce01ed4159c5035d32aa5dc92166efa0a2c0d70fcfa764309f7146bcdd5854480fcfeb96f5194c28c5d15a2bf8ffb4d67950cab56741d6560e745233b066d19097f24b2e0599a6363b709c438268660629df0a067de98a40a1d6601d2d50b730796dcc2552b07 --dir /tmp/swtpm_setup.certs.KM3DV3 --tpm-spec-family 2.0 --tpm-spec-level 0 --tpm-spec-revision 183 --tpm-manufacturer id:00001014 --tpm-model swtpm --tpm-version id:20240125 --tpm2 --configfile /etc/swtpm-localca.conf --optsfile /etc/swtpm-localca.options
swtpm_localca: Successfully created EK certificate locally.
Successfully created NVRAM area 0x1c00016 for ECC EK certificate.
Successfully activated PCR banks sha256 among sha1,sha256,sha384,sha512.
Successfully authored TPM state.
Ending vTPM manufacturing @ Wed 09 Sep 2026 05:56:01 PM MDT
swtpm_localca: Successfully created EK certificate locally.
  Invoking /usr/bin/swtpm_localca --type platform --ek e023b32f0b115057b0af364be2b5ab1988ff0a234e81313a368276822b2e746c7ecfa7677f804e9bccf59c2c5b6fbaba10e38d7c55e93d86ce8b934ead274771d4101d1ddf9beb855a44022b02dbbfa6f68f439f639f89fbcd53793ad3bf1afe9bfdff00a6dab434baeebd2bef1ddfaccf988b33eaccdbb6fb763893e94edb658389bdee03b54a02c36b4966570dd61d9184bd72cc6e5761f34ce01ed4159c5035d32aa5dc92166efa0a2c0d70fcfa764309f7146bcdd5854480fcfeb96f5194c28c5d15a2bf8ffb4d67950cab56741d6560e745233b066d19097f24b2e0599a6363b709c438268660629df0a067de98a40a1d6601d2d50b730796dcc2552b07 --dir /tmp/swtpm_setup.certs.KM3DV3 --tpm-spec-family 2.0 --tpm-spec-level 0 --tpm-spec-revision 183 --tpm-manufacturer id:00001014 --tpm-model swtpm --tpm-version id:20240125 --tpm2 --configfile /etc/swtpm-localca.conf --optsfile /etc/swtpm-localca.options
swtpm_localca: Successfully created platform certificate locally.
Successfully created NVRAM area 0x1c00002 for RSA 2048 EK certificate.
Successfully created NVRAM area 0x1c08000 for platform certificate.
Successfully created ECC EK with handle 0x81010016.
  Invoking /usr/bin/swtpm_localca --type ek --ek x=e00e2a8591e0ab9102a604a4d2a565254ee11c8b9aaca89ba89feed8607d7aefea4b18e111168148f13b7847313bcf0e,y=054f84c006b257615f40622340cd1392ee99c7d35fa5a0b104d8ff3f56ba833152a2a01f4fdcaa9dc0a6af90d856135d,id=secp384r1 --dir /tmp/swtpm_setup.certs.KM3DV3 --tpm-spec-family 2.0 --tpm-spec-level 0 --tpm-spec-revision 183 --tpm-manufacturer id:00001014 --tpm-model swtpm --tpm-version id:20240125 --tpm2 --configfile /etc/swtpm-localca.conf --optsfile /etc/swtpm-localca.options
swtpm_localca: Successfully created EK certificate locally.
Successfully created NVRAM area 0x1c00016 for ECC EK certificate.
Successfully activated PCR banks sha256 among sha1,sha256,sha384,sha512.
Successfully authored TPM state.
Ending vTPM manufacturing @ Wed 09 Sep 2026 05:56:01 PM MDT
--> Creating /dev/tpmrm0 device with swtpm_cuse.
--> Creating /dev/tpmrm0 device with swtpm_cuse.
TPMs created on all nodes
Using strategy: istio
Unknown strategy: istio
Deploying Mazu ConfigMap to namespace: default
configmap "mazu-config" deleted from default namespace
configmap/mazu-config created
Deploying Mazu ConfigMap to namespace: istio-system
configmap "mazu-config" deleted from istio-system namespace
configmap/mazu-config created
Deploying RBE PP ConfigMap to namespace: default
configmap "rbe-pp" deleted from default namespace
configmap/rbe-pp created
Deploying RBE PP ConfigMap to namespace: istio-system
configmap "rbe-pp" deleted from istio-system namespace
configmap/rbe-pp created
Strategy: istio | Tag: st5-AttUpd | Duration: 120 seconds | RPS: 1000
Results Directory: /users/apoudel/DeathStarBench/socialNetwork/20260909_175704/istio-120
Output File: /users/apoudel/DeathStarBench/socialNetwork/20260909_175704/istio-120/1000.txt
/users/apoudel/DeathStarBench/socialNetwork
[1;30;44mMazu:[0m Installing Istio....
        |\          
        | \         
        |  \        
        |   \       
      /||    \      
     / ||     \     
    /  ||      \    
   /   ||       \   
  /    ||        \  
 /     ||         \ 
/______||__________\
____________________
  \__       _____/  
     \_____/        

WARNING: Istio 1.24.0 may be out of support (EOL) already: see https://istio.io/latest/docs/releases/supported-releases/ for supported releases

- Processing resources for Istio core.
- Processing resources for Istio core. Waiting for CustomResourceDefinition/, CustomResourceDefin...
✔ Istio core installed ⛵️
- Processing resources for Istiod.
- Processing resources for Istiod. Waiting for Deployment/istio-system/istiod
✔ Istiod installed 🧠
- Processing resources for Ingress gateways.
- Processing resources for Ingress gateways. Waiting for Deployment/istio-system/istio-ingressgat...
✔ Ingress gateways installed 🛬
- Pruning removed resources
✔ Installation completenamespace/default not labeled
peerauthentication.security.istio.io/default created
service/details created
serviceaccount/bookinfo-details created
deployment.apps/details-v1 created
service/ratings created
serviceaccount/bookinfo-ratings created
deployment.apps/ratings-v1 created
service/reviews created
serviceaccount/bookinfo-reviews created
deployment.apps/reviews-v1 created
deployment.apps/reviews-v2 created
deployment.apps/reviews-v3 created
service/productpage created
serviceaccount/bookinfo-productpage created
deployment.apps/productpage-v1 created
gateway.networking.istio.io/bookinfo-gateway created
virtualservice.networking.istio.io/bookinfo created
destinationrule.networking.istio.io/details-no-reuse created
destinationrule.networking.istio.io/ratings-no-reuse created
destinationrule.networking.istio.io/reviews-no-reuse created
Waiting for rollouts (timeout 360s each):
  deployment.apps/details-v1
  deployment.apps/ratings-v1
  deployment.apps/reviews-v1
  deployment.apps/reviews-v2
  deployment.apps/reviews-v3
  deployment.apps/productpage-v1
Waiting for deployment "details-v1" rollout to finish: 0 of 1 replicas are ready...
deployment "details-v1" successfully rolled out (1/1 ready)
deployment "ratings-v1" successfully rolled out (1/1 ready)
deployment "reviews-v1" successfully rolled out (1/1 ready)
deployment "reviews-v2" successfully rolled out (1/1 ready)
deployment "reviews-v3" successfully rolled out (1/1 ready)
deployment "productpage-v1" successfully rolled out (1/1 ready)
pod/istiod-8574d68d5c-b2wfh condition met
pod/istio-ingressgateway-75fb7d94d9-h9rpg condition met
Ingress: 155.98.38.240:80
Strategy: istio | Tag: st5-AttUpd | Duration: 120 seconds | RPS: 1000
Results Directory: /users/apoudel/DeathStarBench/socialNetwork/20260909_175733/istio-120
Output File: /users/apoudel/DeathStarBench/socialNetwork/20260909_175733/istio-120/1000.txt
/users/apoudel/DeathStarBench/socialNetwork
[1;30;44mMazu:[0m Uninstalling Prometheus from istio-system....
Strategy: istio | Tag: st5-AttUpd | Duration: 120 seconds | RPS: 1000
Results Directory: /users/apoudel/DeathStarBench/socialNetwork/20260909_175733/istio-120
Output File: /users/apoudel/DeathStarBench/socialNetwork/20260909_175733/istio-120/1000.txt
/users/apoudel/DeathStarBench/socialNetwork
[1;30;44mMazu:[0m Installing Prometheus in istio-system....
serviceaccount/prometheus created
configmap/prometheus created
clusterrole.rbac.authorization.k8s.io/prometheus created
clusterrolebinding.rbac.authorization.k8s.io/prometheus created
service/prometheus created
deployment.apps/prometheus created
pod/prometheus-c9ff75ddb-rs8bc condition met
[1;30;44mMazu:[0m Prometheus is ready.
Waiting for Prometheus pod to be Running...
pod/prometheus-c9ff75ddb-rs8bc condition met
Forwarding from 127.0.0.1:9091 -> 9090
Forwarding from [::1]:9091 -> 9090
Waiting for Prometheus to be reachable at http://localhost:9091...
Handling connection for 9091
Prometheus is reachable at http://localhost:9091
--- Running RPS=100 for 120s ---
Running wrk2 with STRAT=istio, RPS=100, DURATION=120s. Output: /users/apoudel/DeathStarBench/socialNetwork/results/benchmark1.5b-replica-scale-09-09-26_173920/scale-1x/istio/100.txt
wrk2 results saved to /users/apoudel/DeathStarBench/socialNetwork/results/benchmark1.5b-replica-scale-09-09-26_173920/scale-1x/istio/100.txt
Collecting metrics from Prometheus (http://localhost:9091)
  Window: 2026-09-09 17:57:40 -> 2026-09-09 17:59:40 (120s)
  Output: /users/apoudel/DeathStarBench/socialNetwork/results/benchmark1.5b-replica-scale-09-09-26_173920/scale-1x/istio/metrics_100.json
Handling connection for 9091
Handling connection for 9091
Handling connection for 9091
Handling connection for 9091
Handling connection for 9091
Handling connection for 9091
Metrics saved to /users/apoudel/DeathStarBench/socialNetwork/results/benchmark1.5b-replica-scale-09-09-26_173920/scale-1x/istio/metrics_100.json
--- RPS=100 complete ---
--- Running RPS=200 for 120s ---
Running wrk2 with STRAT=istio, RPS=200, DURATION=120s. Output: /users/apoudel/DeathStarBench/socialNetwork/results/benchmark1.5b-replica-scale-09-09-26_173920/scale-1x/istio/200.txt
wrk2 results saved to /users/apoudel/DeathStarBench/socialNetwork/results/benchmark1.5b-replica-scale-09-09-26_173920/scale-1x/istio/200.txt
Collecting metrics from Prometheus (http://localhost:9091)
  Window: 2026-09-09 17:59:41 -> 2026-09-09 18:01:41 (120s)
  Output: /users/apoudel/DeathStarBench/socialNetwork/results/benchmark1.5b-replica-scale-09-09-26_173920/scale-1x/istio/metrics_200.json
Handling connection for 9091
Handling connection for 9091
Handling connection for 9091
Handling connection for 9091
Handling connection for 9091
Handling connection for 9091
Metrics saved to /users/apoudel/DeathStarBench/socialNetwork/results/benchmark1.5b-replica-scale-09-09-26_173920/scale-1x/istio/metrics_200.json
--- RPS=200 complete ---
--- Running RPS=400 for 120s ---
Running wrk2 with STRAT=istio, RPS=400, DURATION=120s. Output: /users/apoudel/DeathStarBench/socialNetwork/results/benchmark1.5b-replica-scale-09-09-26_173920/scale-1x/istio/400.txt
wrk2 results saved to /users/apoudel/DeathStarBench/socialNetwork/results/benchmark1.5b-replica-scale-09-09-26_173920/scale-1x/istio/400.txt
Collecting metrics from Prometheus (http://localhost:9091)
  Window: 2026-09-09 18:01:42 -> 2026-09-09 18:03:42 (120s)
  Output: /users/apoudel/DeathStarBench/socialNetwork/results/benchmark1.5b-replica-scale-09-09-26_173920/scale-1x/istio/metrics_400.json
Handling connection for 9091
Handling connection for 9091
Handling connection for 9091
Handling connection for 9091
Handling connection for 9091
Handling connection for 9091
Metrics saved to /users/apoudel/DeathStarBench/socialNetwork/results/benchmark1.5b-replica-scale-09-09-26_173920/scale-1x/istio/metrics_400.json
--- RPS=400 complete ---
--- Running RPS=800 for 120s ---
Running wrk2 with STRAT=istio, RPS=800, DURATION=120s. Output: /users/apoudel/DeathStarBench/socialNetwork/results/benchmark1.5b-replica-scale-09-09-26_173920/scale-1x/istio/800.txt
wrk2 results saved to /users/apoudel/DeathStarBench/socialNetwork/results/benchmark1.5b-replica-scale-09-09-26_173920/scale-1x/istio/800.txt
Collecting metrics from Prometheus (http://localhost:9091)
  Window: 2026-09-09 18:03:42 -> 2026-09-09 18:05:42 (120s)
  Output: /users/apoudel/DeathStarBench/socialNetwork/results/benchmark1.5b-replica-scale-09-09-26_173920/scale-1x/istio/metrics_800.json
Handling connection for 9091
Handling connection for 9091
Handling connection for 9091
Handling connection for 9091
Handling connection for 9091
Handling connection for 9091
Metrics saved to /users/apoudel/DeathStarBench/socialNetwork/results/benchmark1.5b-replica-scale-09-09-26_173920/scale-1x/istio/metrics_800.json
--- RPS=800 complete ---
--- Running RPS=1200 for 120s ---
Running wrk2 with STRAT=istio, RPS=1200, DURATION=120s. Output: /users/apoudel/DeathStarBench/socialNetwork/results/benchmark1.5b-replica-scale-09-09-26_173920/scale-1x/istio/1200.txt
wrk2 results saved to /users/apoudel/DeathStarBench/socialNetwork/results/benchmark1.5b-replica-scale-09-09-26_173920/scale-1x/istio/1200.txt
Collecting metrics from Prometheus (http://localhost:9091)
  Window: 2026-09-09 18:05:43 -> 2026-09-09 18:07:43 (120s)
  Output: /users/apoudel/DeathStarBench/socialNetwork/results/benchmark1.5b-replica-scale-09-09-26_173920/scale-1x/istio/metrics_1200.json
Handling connection for 9091
Handling connection for 9091
Handling connection for 9091
Handling connection for 9091
Handling connection for 9091
Handling connection for 9091
Metrics saved to /users/apoudel/DeathStarBench/socialNetwork/results/benchmark1.5b-replica-scale-09-09-26_173920/scale-1x/istio/metrics_1200.json
--- RPS=1200 complete ---
--- Running RPS=1600 for 120s ---
Running wrk2 with STRAT=istio, RPS=1600, DURATION=120s. Output: /users/apoudel/DeathStarBench/socialNetwork/results/benchmark1.5b-replica-scale-09-09-26_173920/scale-1x/istio/1600.txt
wrk2 results saved to /users/apoudel/DeathStarBench/socialNetwork/results/benchmark1.5b-replica-scale-09-09-26_173920/scale-1x/istio/1600.txt
Collecting metrics from Prometheus (http://localhost:9091)
  Window: 2026-09-09 18:07:43 -> 2026-09-09 18:09:43 (120s)
  Output: /users/apoudel/DeathStarBench/socialNetwork/results/benchmark1.5b-replica-scale-09-09-26_173920/scale-1x/istio/metrics_1600.json
Handling connection for 9091
Handling connection for 9091
Handling connection for 9091
Handling connection for 9091
Handling connection for 9091
Handling connection for 9091
Metrics saved to /users/apoudel/DeathStarBench/socialNetwork/results/benchmark1.5b-replica-scale-09-09-26_173920/scale-1x/istio/metrics_1600.json
--- RPS=1600 complete ---
--- Running RPS=2000 for 120s ---
Running wrk2 with STRAT=istio, RPS=2000, DURATION=120s. Output: /users/apoudel/DeathStarBench/socialNetwork/results/benchmark1.5b-replica-scale-09-09-26_173920/scale-1x/istio/2000.txt
wrk2 results saved to /users/apoudel/DeathStarBench/socialNetwork/results/benchmark1.5b-replica-scale-09-09-26_173920/scale-1x/istio/2000.txt
Collecting metrics from Prometheus (http://localhost:9091)
  Window: 2026-09-09 18:09:44 -> 2026-09-09 18:11:44 (120s)
  Output: /users/apoudel/DeathStarBench/socialNetwork/results/benchmark1.5b-replica-scale-09-09-26_173920/scale-1x/istio/metrics_2000.json
Handling connection for 9091
Handling connection for 9091
Handling connection for 9091
Handling connection for 9091
Handling connection for 9091
Handling connection for 9091
Metrics saved to /users/apoudel/DeathStarBench/socialNetwork/results/benchmark1.5b-replica-scale-09-09-26_173920/scale-1x/istio/metrics_2000.json
--- RPS=2000 complete ---
Strategy: istio | Tag: st5-AttUpd | Duration: 120 seconds | RPS: 2000
Results Directory: /users/apoudel/DeathStarBench/socialNetwork/20260909_181144/istio-120
Output File: /users/apoudel/DeathStarBench/socialNetwork/20260909_181144/istio-120/2000.txt
/users/apoudel/DeathStarBench/socialNetwork
[1;30;44mMazu:[0m Uninstalling Prometheus from istio-system....
serviceaccount "prometheus" deleted from istio-system namespace
configmap "prometheus" deleted from istio-system namespace
clusterrole.rbac.authorization.k8s.io "prometheus" deleted
clusterrolebinding.rbac.authorization.k8s.io "prometheus" deleted
service "prometheus" deleted from istio-system namespace
deployment.apps "prometheus" deleted from istio-system namespace
Generated /users/apoudel/DeathStarBench/socialNetwork/results/benchmark1.5b-replica-scale-09-09-26_173920/scale-1x/istio/cpu.dat and /users/apoudel/DeathStarBench/socialNetwork/results/benchmark1.5b-replica-scale-09-09-26_173920/scale-1x/istio/memory.dat
=== Benchmark 1.5b (no-scale) sweep completed at Wed Sep  9 06:11:45 PM MDT 2026 for istio ===
Wrote /users/apoudel/DeathStarBench/socialNetwork/results/benchmark1.5b-replica-scale-09-09-26_173920/scale-1x/istio/latency.dat (7 entries)
Wrote /users/apoudel/DeathStarBench/socialNetwork/results/benchmark1.5b-replica-scale-09-09-26_173920/scale-1x/st5-AttUpd/latency.dat (7 entries)
Wrote /users/apoudel/DeathStarBench/socialNetwork/results/benchmark1.5b-replica-scale-09-09-26_173920/scale-1x/cpu_combined.dat (7 blocks: [100, 200, 400, 800, 1200, 1600, 2000])
Wrote /users/apoudel/DeathStarBench/socialNetwork/results/benchmark1.5b-replica-scale-09-09-26_173920/scale-1x/memory_combined.dat (7 blocks: [100, 200, 400, 800, 1200, 1600, 2000])
Wrote /users/apoudel/DeathStarBench/socialNetwork/results/benchmark1.5b-replica-scale-09-09-26_173920/scale-1x/latency_combined.dat (7 QPS levels)
Wrote /users/apoudel/DeathStarBench/socialNetwork/results/benchmark1.5b-replica-scale-09-09-26_173920/scale-1x/rps_vals.gpi (7 rps values)
=== All benchmark 1.5b (no-scale) sweep runs complete. Results in /users/apoudel/DeathStarBench/socialNetwork/results/benchmark1.5b-replica-scale-09-09-26_173920/scale-1x ===
[2026-09-09 18:11:45] --- scale 1x ok ---
[2026-09-09 18:11:45] --- scale 2x: 12 app pods, ready timeout 420s ---
[2026-09-09 18:11:45]     manifests: /users/apoudel/DeathStarBench/socialNetwork/results/benchmark1.5b-replica-scale-09-09-26_173920/scale-2x/manifests/bookinfo-var.yaml
[1;30;44mMazu:[0m === Benchmark 1.5b (no-scale): HPA-disabled continuous RPS sweep ===.
[1;30;44mMazu:[0m Strategies: st5-AttUpd istio.
[1;30;44mMazu:[0m RPS values: 100 200 400 800 1200 1600 2000.
[1;30;44mMazu:[0m Duration: 120s per RPS step.
[1;30;44mMazu:[0m Manifests: /users/apoudel/DeathStarBench/socialNetwork/results/benchmark1.5b-replica-scale-09-09-26_173920/scale-2x/manifests/bookinfo-var.yaml (istio) / /users/apoudel/DeathStarBench/socialNetwork/results/benchmark1.5b-replica-scale-09-09-26_173920/scale-2x/manifests/bookinfo-var-tpm.yaml (st5-AttUpd).
[1;30;44mMazu:[0m Mazu image tag: st5-AttUpd (docker.io/atosh502/proxyv2:st5-AttUpd).
[1;30;44mMazu:[0m Connection reuse: DISABLED (bf-no-connection-reuse.yaml, maxRequestsPerConnection=1).
[1;30;44mMazu:[0m Envoy diagnostics: disabled (set ENVOY_DIAG=1 to collect).
[1;30;44mMazu:[0m Results: /users/apoudel/DeathStarBench/socialNetwork/results/benchmark1.5b-replica-scale-09-09-26_173920/scale-2x.
[1;30;44mMazu:[0m Logs: /users/apoudel/DeathStarBench/socialNetwork/results/benchmark1.5b-replica-scale-09-09-26_173920/logs/scale-2x-sweep.log (+ one per strategy).
=== Benchmark 1.5b (no-scale) sweep started at Wed Sep  9 06:11:45 PM MDT 2026 for st5-AttUpd ===
Strategy: st5-AttUpd | Tag: st5-AttUpd | Duration: 120 seconds | RPS: 1000
Results Directory: /users/apoudel/DeathStarBench/socialNetwork/20260909_181145/st5-AttUpd-120
Output File: /users/apoudel/DeathStarBench/socialNetwork/20260909_181145/st5-AttUpd-120/1000.txt
/users/apoudel/DeathStarBench/socialNetwork
[1;30;44mMazu:[0m Uninstalling Bookinfo application....
service "details" deleted from default namespace
serviceaccount "bookinfo-details" deleted from default namespace
deployment.apps "details-v1" deleted from default namespace
service "ratings" deleted from default namespace
serviceaccount "bookinfo-ratings" deleted from default namespace
deployment.apps "ratings-v1" deleted from default namespace
service "reviews" deleted from default namespace
serviceaccount "bookinfo-reviews" deleted from default namespace
deployment.apps "reviews-v1" deleted from default namespace
deployment.apps "reviews-v2" deleted from default namespace
deployment.apps "reviews-v3" deleted from default namespace
service "productpage" deleted from default namespace
serviceaccount "bookinfo-productpage" deleted from default namespace
deployment.apps "productpage-v1" deleted from default namespace
gateway.networking.istio.io "bookinfo-gateway" deleted from default namespace
virtualservice.networking.istio.io "bookinfo" deleted from default namespace
Error from server (NotFound): error when deleting "/users/apoudel/DeathStarBench/socialNetwork/scratch/yaml/bf-hpa.yaml": horizontalpodautoscalers.autoscaling "details-hpa" not found
Error from server (NotFound): error when deleting "/users/apoudel/DeathStarBench/socialNetwork/scratch/yaml/bf-hpa.yaml": horizontalpodautoscalers.autoscaling "ratings-hpa" not found
Error from server (NotFound): error when deleting "/users/apoudel/DeathStarBench/socialNetwork/scratch/yaml/bf-hpa.yaml": horizontalpodautoscalers.autoscaling "reviews-v1-hpa" not found
Error from server (NotFound): error when deleting "/users/apoudel/DeathStarBench/socialNetwork/scratch/yaml/bf-hpa.yaml": horizontalpodautoscalers.autoscaling "reviews-v2-hpa" not found
Error from server (NotFound): error when deleting "/users/apoudel/DeathStarBench/socialNetwork/scratch/yaml/bf-hpa.yaml": horizontalpodautoscalers.autoscaling "reviews-v3-hpa" not found
Error from server (NotFound): error when deleting "/users/apoudel/DeathStarBench/socialNetwork/scratch/yaml/bf-hpa.yaml": horizontalpodautoscalers.autoscaling "productpage-hpa" not found
destinationrule.networking.istio.io "details-no-reuse" deleted from default namespace
destinationrule.networking.istio.io "ratings-no-reuse" deleted from default namespace
destinationrule.networking.istio.io "reviews-no-reuse" deleted from default namespace
pod/details-v1-85d6566d54-6w9xc condition met
pod/productpage-v1-54fdfcc87b-9q787 condition met
Strategy: st5-AttUpd | Tag: st5-AttUpd | Duration: 120 seconds | RPS: 1000
Results Directory: /users/apoudel/DeathStarBench/socialNetwork/20260909_181152/st5-AttUpd-120
Output File: /users/apoudel/DeathStarBench/socialNetwork/20260909_181152/st5-AttUpd-120/1000.txt
/users/apoudel/DeathStarBench/socialNetwork
All Istio resources will be pruned from the cluster

  Removed apps/v1, Kind=Deployment/istio-ingressgateway.istio-system.
  Removed apps/v1, Kind=Deployment/istiod.istio-system.
  Removed /v1, Kind=Service/istio-ingressgateway.istio-system.
  Removed /v1, Kind=Service/istiod.istio-system.
  Removed /v1, Kind=ConfigMap/istio.istio-system.
  Removed /v1, Kind=ConfigMap/istio-sidecar-injector.istio-system.
  Removed /v1, Kind=Pod/istio-ingressgateway-75fb7d94d9-4zj8r.istio-system.
  Removed /v1, Kind=Pod/istio-ingressgateway-75fb7d94d9-h9rpg.istio-system.
  Removed /v1, Kind=Pod/istio-ingressgateway-75fb7d94d9-snmg9.istio-system.
  Removed /v1, Kind=Pod/istiod-8574d68d5c-b2wfh.istio-system.
  Removed /v1, Kind=ServiceAccount/istio-ingressgateway-service-account.istio-system.
  Removed /v1, Kind=ServiceAccount/istio-reader-service-account.istio-system.
  Removed /v1, Kind=ServiceAccount/istiod.istio-system.
  Removed rbac.authorization.k8s.io/v1, Kind=RoleBinding/istio-ingressgateway-sds.istio-system.
  Removed rbac.authorization.k8s.io/v1, Kind=RoleBinding/istiod.istio-system.
  Removed rbac.authorization.k8s.io/v1, Kind=Role/istio-ingressgateway-sds.istio-system.
  Removed rbac.authorization.k8s.io/v1, Kind=Role/istiod.istio-system.
  Removed policy/v1, Kind=PodDisruptionBudget/istio-ingressgateway.istio-system.
  Removed policy/v1, Kind=PodDisruptionBudget/istiod.istio-system.
  Removed autoscaling/v2, Kind=HorizontalPodAutoscaler/istio-ingressgateway.istio-system.
  Removed autoscaling/v2, Kind=HorizontalPodAutoscaler/istiod.istio-system.
  Removed admissionregistration.k8s.io/v1, Kind=MutatingWebhookConfiguration/istio-revision-tag-default..
  Removed admissionregistration.k8s.io/v1, Kind=MutatingWebhookConfiguration/istio-sidecar-injector..
  Removed admissionregistration.k8s.io/v1, Kind=ValidatingWebhookConfiguration/istio-validator-istio-system..
  Removed admissionregistration.k8s.io/v1, Kind=ValidatingWebhookConfiguration/istiod-default-validator..
  Removed rbac.authorization.k8s.io/v1, Kind=ClusterRole/istio-reader-clusterrole-istio-system..
  Removed rbac.authorization.k8s.io/v1, Kind=ClusterRole/istiod-clusterrole-istio-system..
  Removed rbac.authorization.k8s.io/v1, Kind=ClusterRole/istiod-gateway-controller-istio-system..
  Removed rbac.authorization.k8s.io/v1, Kind=ClusterRoleBinding/istio-reader-clusterrole-istio-system..
  Removed rbac.authorization.k8s.io/v1, Kind=ClusterRoleBinding/istiod-clusterrole-istio-system..
  Removed rbac.authorization.k8s.io/v1, Kind=ClusterRoleBinding/istiod-gateway-controller-istio-system..
  Removed apiextensions.k8s.io/v1, Kind=CustomResourceDefinition/authorizationpolicies.security.istio.io..
  Removed apiextensions.k8s.io/v1, Kind=CustomResourceDefinition/destinationrules.networking.istio.io..
  Removed apiextensions.k8s.io/v1, Kind=CustomResourceDefinition/envoyfilters.networking.istio.io..
  Removed apiextensions.k8s.io/v1, Kind=CustomResourceDefinition/gateways.networking.istio.io..
  Removed apiextensions.k8s.io/v1, Kind=CustomResourceDefinition/peerauthentications.security.istio.io..
  Removed apiextensions.k8s.io/v1, Kind=CustomResourceDefinition/proxyconfigs.networking.istio.io..
  Removed apiextensions.k8s.io/v1, Kind=CustomResourceDefinition/requestauthentications.security.istio.io..
  Removed apiextensions.k8s.io/v1, Kind=CustomResourceDefinition/serviceentries.networking.istio.io..
  Removed apiextensions.k8s.io/v1, Kind=CustomResourceDefinition/sidecars.networking.istio.io..
  Removed apiextensions.k8s.io/v1, Kind=CustomResourceDefinition/telemetries.telemetry.istio.io..
  Removed apiextensions.k8s.io/v1, Kind=CustomResourceDefinition/virtualservices.networking.istio.io..
  Removed apiextensions.k8s.io/v1, Kind=CustomResourceDefinition/wasmplugins.extensions.istio.io..
  Removed apiextensions.k8s.io/v1, Kind=CustomResourceDefinition/workloadentries.networking.istio.io..
  Removed apiextensions.k8s.io/v1, Kind=CustomResourceDefinition/workloadgroups.networking.istio.io..

✔ Uninstall completepod/istiod-8574d68d5c-b2wfh condition met
pod/istio-ingressgateway-75fb7d94d9-4zj8r condition met
pod/istio-ingressgateway-75fb7d94d9-h9rpg condition met
pod/istio-ingressgateway-75fb7d94d9-snmg9 condition met
pod "kube-apiserver-node-0" deleted from kube-system namespace
pod "kube-apiserver-node-1" deleted from kube-system namespace
API server count: 2. Waiting for all kube-apiserver pods to become Ready...
All kube-apiserver pods are Ready
Creating TPMs on all nodes...
Warning: Permanently added 'pc772.emulab.net' (ED25519) to the list of known hosts.
Warning: Permanently added 'pc772.emulab.net' (ED25519) to the list of known hosts.
--> Creating tpm state folder in /tpm/myvtpm2.
--> Creating tpm state folder in /tpm/myvtpm2.
--> Creating tpm with swtpm_setup.
--> Creating tpm with swtpm_setup.
Starting vTPM manufacturing as root:root @ Wed 09 Sep 2026 06:12:10 PM MDT
Apply profile: {"Name": "default-v1"}
Starting vTPM manufacturing as root:root @ Wed 09 Sep 2026 06:12:10 PM MDT
Apply profile: {"Name": "default-v1"}
TPM is listening on Unix socket.
TPM is listening on Unix socket.
Active profile: {"Name":"default-v1","StateFormatLevel":7,"Commands":"0x11f-0x122,0x124-0x12e,0x130-0x140,0x142-0x159,0x15b-0x15e,0x160-0x165,0x167-0x174,0x176-0x178,0x17a-0x193,0x197,0x199-0x19c","Algorithms":"rsa,rsa-min-size=1024,tdes,tdes-min-size=128,sha1,hmac,aes,aes-min-size=128,mgf1,keyedhash,xor,sha256,sha384,sha512,null,rsassa,rsaes,rsapss,oaep,ecdsa,ecdh,ecdaa,sm2,ecschnorr,ecmqv,kdf1-sp800-56a,kdf2,kdf1-sp800-108,ecc,ecc-min-size=192,ecc-nist,ecc-bn,ecc-sm2-p256,symcipher,camellia,camellia-min-size=128,cmac,ctr,ofb,cbc,cfb,ecb","Description":"This profile enables all libtpms v0.10-supported commands and algorithms. This profile is compatible with libtpms >= v0.10."}
Active profile: {"Name":"default-v1","StateFormatLevel":7,"Commands":"0x11f-0x122,0x124-0x12e,0x130-0x140,0x142-0x159,0x15b-0x15e,0x160-0x165,0x167-0x174,0x176-0x178,0x17a-0x193,0x197,0x199-0x19c","Algorithms":"rsa,rsa-min-size=1024,tdes,tdes-min-size=128,sha1,hmac,aes,aes-min-size=128,mgf1,keyedhash,xor,sha256,sha384,sha512,null,rsassa,rsaes,rsapss,oaep,ecdsa,ecdh,ecdaa,sm2,ecschnorr,ecmqv,kdf1-sp800-56a,kdf2,kdf1-sp800-108,ecc,ecc-min-size=192,ecc-nist,ecc-bn,ecc-sm2-p256,symcipher,camellia,camellia-min-size=128,cmac,ctr,ofb,cbc,cfb,ecb","Description":"This profile enables all libtpms v0.10-supported commands and algorithms. This profile is compatible with libtpms >= v0.10."}
Successfully created RSA 2048 EK with handle 0x81010001.
  Invoking /usr/bin/swtpm_localca --type ek --ek b4fbe50f36dd4601a1ae47e5b7b7c914f901d515fde4c5f71c6c6ddce0e011a757267931167d389df361be7def97fff22a82c4e80c241a869ca5081936fbeab0b5c8466c38b98c28e69cd4d18327c46d635c0a0c4d21b2cd2ee8ec6e4ec4977a9785dfbd62be9bf35aaf22d8623c8a2f3ba9ad20da430f6c3e3226b7d06ff4feb9af585b53bb0a708ae7dacc5e93754841e2f5ff2994e47fc2163a603eede51c1c8bd5049792ac6b380a551827bfc394993c402cc82de2731f8ae53abe54b1fba38aedcf3dfe8a7931f53d1c1135771288f6dddcecb3a3a75f765fad24c939f4ee04fb354bcc53bbfc815379ffa27b03bf46104c24d0a14088224a3b536faac9 --dir /tmp/swtpm_setup.certs.DIOPV3 --tpm-spec-family 2.0 --tpm-spec-level 0 --tpm-spec-revision 183 --tpm-manufacturer id:00001014 --tpm-model swtpm --tpm-version id:20240125 --tpm2 --configfile /etc/swtpm-localca.conf --optsfile /etc/swtpm-localca.options
swtpm_localca: Successfully created EK certificate locally.
  Invoking /usr/bin/swtpm_localca --type platform --ek b4fbe50f36dd4601a1ae47e5b7b7c914f901d515fde4c5f71c6c6ddce0e011a757267931167d389df361be7def97fff22a82c4e80c241a869ca5081936fbeab0b5c8466c38b98c28e69cd4d18327c46d635c0a0c4d21b2cd2ee8ec6e4ec4977a9785dfbd62be9bf35aaf22d8623c8a2f3ba9ad20da430f6c3e3226b7d06ff4feb9af585b53bb0a708ae7dacc5e93754841e2f5ff2994e47fc2163a603eede51c1c8bd5049792ac6b380a551827bfc394993c402cc82de2731f8ae53abe54b1fba38aedcf3dfe8a7931f53d1c1135771288f6dddcecb3a3a75f765fad24c939f4ee04fb354bcc53bbfc815379ffa27b03bf46104c24d0a14088224a3b536faac9 --dir /tmp/swtpm_setup.certs.DIOPV3 --tpm-spec-family 2.0 --tpm-spec-level 0 --tpm-spec-revision 183 --tpm-manufacturer id:00001014 --tpm-model swtpm --tpm-version id:20240125 --tpm2 --configfile /etc/swtpm-localca.conf --optsfile /etc/swtpm-localca.options
swtpm_localca: Successfully created platform certificate locally.
Successfully created NVRAM area 0x1c00002 for RSA 2048 EK certificate.
Successfully created NVRAM area 0x1c08000 for platform certificate.
Successfully created ECC EK with handle 0x81010016.
  Invoking /usr/bin/swtpm_localca --type ek --ek x=17cb5271e1d18c5c401662a1f908ce2fd21d6f7a49aab605f3c2c5e72fc9d345bdcf495cf4607e7278c9e09f58e71c70,y=493abcc1bed306581e4daf1ad24fd398ef54fc05fb31032e800f9f5d014b258cd61bacf17daf4bd3866f613c8d851bf5,id=secp384r1 --dir /tmp/swtpm_setup.certs.DIOPV3 --tpm-spec-family 2.0 --tpm-spec-level 0 --tpm-spec-revision 183 --tpm-manufacturer id:00001014 --tpm-model swtpm --tpm-version id:20240125 --tpm2 --configfile /etc/swtpm-localca.conf --optsfile /etc/swtpm-localca.options
Successfully created RSA 2048 EK with handle 0x81010001.
  Invoking /usr/bin/swtpm_localca --type ek --ek b8bb745c75b1c7b31f65d04fea960278fda518bbd6e24ac4b1ed7e448bbe3c2ab5a1640972f64cdfbf17ca2a3fe8245afb986cdf38424d256aaff1b0a7e8b49e69b653a689bb31229e7a18b4ef41863622ef132751d637e91b70c5e6e8c87ca6d85b5182c32f0cfcf44bb119818c442f6ed93132830b64785f1b06907ac2f526930cead5b763e17cb40174b100894d77bb105b04e9a6114a7621191fb44faf65dee792e38f600371dfdc4f88189c62b237576a13ef0d2e8d7a55cdf1e931930fcc406ba7d71505652f9d10fa8182c5d34f9edaa802371aa2f897d25b29282913d963082a6fe6acab63aac6d5d0545153652c8eb3c81d60953c660c25a30fe5d1 --dir /tmp/swtpm_setup.certs.2MLPV3 --tpm-spec-family 2.0 --tpm-spec-level 0 --tpm-spec-revision 183 --tpm-manufacturer id:00001014 --tpm-model swtpm --tpm-version id:20240125 --tpm2 --configfile /etc/swtpm-localca.conf --optsfile /etc/swtpm-localca.options
swtpm_localca: Successfully created EK certificate locally.
Successfully created NVRAM area 0x1c00016 for ECC EK certificate.
Successfully activated PCR banks sha256 among sha1,sha256,sha384,sha512.
Successfully authored TPM state.
Ending vTPM manufacturing @ Wed 09 Sep 2026 06:12:10 PM MDT
swtpm_localca: Successfully created EK certificate locally.
  Invoking /usr/bin/swtpm_localca --type platform --ek b8bb745c75b1c7b31f65d04fea960278fda518bbd6e24ac4b1ed7e448bbe3c2ab5a1640972f64cdfbf17ca2a3fe8245afb986cdf38424d256aaff1b0a7e8b49e69b653a689bb31229e7a18b4ef41863622ef132751d637e91b70c5e6e8c87ca6d85b5182c32f0cfcf44bb119818c442f6ed93132830b64785f1b06907ac2f526930cead5b763e17cb40174b100894d77bb105b04e9a6114a7621191fb44faf65dee792e38f600371dfdc4f88189c62b237576a13ef0d2e8d7a55cdf1e931930fcc406ba7d71505652f9d10fa8182c5d34f9edaa802371aa2f897d25b29282913d963082a6fe6acab63aac6d5d0545153652c8eb3c81d60953c660c25a30fe5d1 --dir /tmp/swtpm_setup.certs.2MLPV3 --tpm-spec-family 2.0 --tpm-spec-level 0 --tpm-spec-revision 183 --tpm-manufacturer id:00001014 --tpm-model swtpm --tpm-version id:20240125 --tpm2 --configfile /etc/swtpm-localca.conf --optsfile /etc/swtpm-localca.options
swtpm_localca: Successfully created platform certificate locally.
Successfully created NVRAM area 0x1c00002 for RSA 2048 EK certificate.
Successfully created NVRAM area 0x1c08000 for platform certificate.
Successfully created ECC EK with handle 0x81010016.
  Invoking /usr/bin/swtpm_localca --type ek --ek x=74e9723cc82dcd563e8418acbcf1f547b9c09ebc8f0168fcb4d8ac0ee4b36b822dbc65d8315a188ac83dbef08e47584b,y=bd6079c8e466b8bee9aeb19da227582c534302f22b07cf3281b360982570446c4c7c12f7129eabf18e3d81075c4bb658,id=secp384r1 --dir /tmp/swtpm_setup.certs.2MLPV3 --tpm-spec-family 2.0 --tpm-spec-level 0 --tpm-spec-revision 183 --tpm-manufacturer id:00001014 --tpm-model swtpm --tpm-version id:20240125 --tpm2 --configfile /etc/swtpm-localca.conf --optsfile /etc/swtpm-localca.options
swtpm_localca: Successfully created EK certificate locally.
Successfully created NVRAM area 0x1c00016 for ECC EK certificate.
Successfully activated PCR banks sha256 among sha1,sha256,sha384,sha512.
Successfully authored TPM state.
Ending vTPM manufacturing @ Wed 09 Sep 2026 06:12:10 PM MDT
--> Creating /dev/tpmrm0 device with swtpm_cuse.
--> Creating /dev/tpmrm0 device with swtpm_cuse.
TPMs created on all nodes
Using strategy: st5-AttUpd
Deploying Mazu ConfigMap to namespace: default
configmap "mazu-config" deleted from default namespace
configmap/mazu-config created
Deploying Mazu ConfigMap to namespace: istio-system
configmap "mazu-config" deleted from istio-system namespace
configmap/mazu-config created
Deploying RBE PP ConfigMap to namespace: default
configmap "rbe-pp" deleted from default namespace
configmap/rbe-pp created
Deploying RBE PP ConfigMap to namespace: istio-system
configmap "rbe-pp" deleted from istio-system namespace
configmap/rbe-pp created
"k8s-tpm-device" already exists with the same configuration, skipping
Hang tight while we grab the latest from your chart repositories...
...Successfully got an update from the "k8s-tpm-device" chart repository
Update Complete. ⎈Happy Helming!⎈
Release "k8s-tpm-device" has been upgraded. Happy Helming!
NAME: k8s-tpm-device
LAST DEPLOYED: Wed Sep  9 18:13:14 2026
NAMESPACE: tpm-device
STATUS: deployed
REVISION: 35
TEST SUITE: None
Deploying TPM public key ConfigMap to namespace: default
configmap "tpm-pubkey" deleted from default namespace
configmap/tpm-pubkey created
Deploying TPM public key ConfigMap to namespace: istio-system
configmap "tpm-pubkey" deleted from istio-system namespace
configmap/tpm-pubkey created
secret "tpm-keys" deleted from istio-system namespace
secret/tpm-keys created
Strategy: st5-AttUpd | Tag: st5-AttUpd | Duration: 120 seconds | RPS: 1000
Results Directory: /users/apoudel/DeathStarBench/socialNetwork/20260909_181315/st5-AttUpd-120
Output File: /users/apoudel/DeathStarBench/socialNetwork/20260909_181315/st5-AttUpd-120/1000.txt
/users/apoudel/DeathStarBench/socialNetwork
[1;30;44mMazu:[0m Installing Istio....
service "etcd" deleted from istio-system namespace
statefulset.apps "etcd" deleted from istio-system namespace
persistentvolumeclaim "etcd-data-etcd-0" deleted from istio-system namespace
Error from server (AlreadyExists): namespaces "istio-system" already exists
namespace already exists
service/etcd created
statefulset.apps/etcd created
        |\          
        | \         
        |  \        
        |   \       
      /||    \      
     / ||     \     
    /  ||      \    
   /   ||       \   
  /    ||        \  
 /     ||         \ 
/______||__________\
____________________
  \__       _____/  
     \_____/        

WARNING: Istio 1.24.0 may be out of support (EOL) already: see https://istio.io/latest/docs/releases/supported-releases/ for supported releases

- Processing resources for Istio core.
- Processing resources for Istio core. Waiting for CustomResourceDefinition/, CustomResourceDefin...
✔ Istio core installed ⛵️
- Processing resources for Istiod.
- Processing resources for Istiod. Waiting for Deployment/istio-system/istiod
✔ Istiod installed 🧠
- Processing resources for Ingress gateways.
- Processing resources for Ingress gateways. Waiting for Deployment/istio-system/istio-ingressgat...
✔ Ingress gateways installed 🛬
- Pruning removed resources
✔ Installation completeclusterrole.rbac.authorization.k8s.io/token-review-role unchanged
clusterrolebinding.rbac.authorization.k8s.io/token-review-binding unchanged
role.rbac.authorization.k8s.io/leader-election-key-curator-role unchanged
rolebinding.rbac.authorization.k8s.io/leader-election-key-curator-role-binding unchanged
namespace/default not labeled
peerauthentication.security.istio.io/default created
pod/istiod-fb9866b9d-6smh2 condition met
pod/istio-ingressgateway-745cc59f79-8q7nk condition met
service/details created
serviceaccount/bookinfo-details created
deployment.apps/details-v1 created
service/ratings created
serviceaccount/bookinfo-ratings created
deployment.apps/ratings-v1 created
service/reviews created
serviceaccount/bookinfo-reviews created
deployment.apps/reviews-v1 created
deployment.apps/reviews-v2 created
deployment.apps/reviews-v3 created
service/productpage created
serviceaccount/bookinfo-productpage created
deployment.apps/productpage-v1 created
gateway.networking.istio.io/bookinfo-gateway created
virtualservice.networking.istio.io/bookinfo created
destinationrule.networking.istio.io/details-no-reuse created
destinationrule.networking.istio.io/ratings-no-reuse created
destinationrule.networking.istio.io/reviews-no-reuse created
Waiting for rollouts (timeout 420s each):
  deployment.apps/details-v1
  deployment.apps/ratings-v1
  deployment.apps/reviews-v1
  deployment.apps/reviews-v2
  deployment.apps/reviews-v3
  deployment.apps/productpage-v1
Waiting for deployment "details-v1" rollout to finish: 0 of 2 replicas are ready...
deployment "details-v1" successfully rolled out (2/2 ready)
deployment "ratings-v1" successfully rolled out (2/2 ready)
deployment "reviews-v1" successfully rolled out (2/2 ready)
deployment "reviews-v2" successfully rolled out (2/2 ready)
deployment "reviews-v3" successfully rolled out (2/2 ready)
deployment "productpage-v1" successfully rolled out (2/2 ready)
pod/istiod-fb9866b9d-6smh2 condition met
pod/istio-ingressgateway-745cc59f79-8q7nk condition met
Ingress: 155.98.38.240:80
Strategy: st5-AttUpd | Tag: st5-AttUpd | Duration: 120 seconds | RPS: 1000
Results Directory: /users/apoudel/DeathStarBench/socialNetwork/20260909_181353/st5-AttUpd-120
Output File: /users/apoudel/DeathStarBench/socialNetwork/20260909_181353/st5-AttUpd-120/1000.txt
/users/apoudel/DeathStarBench/socialNetwork
[1;30;44mMazu:[0m Uninstalling Prometheus from istio-system....
Strategy: st5-AttUpd | Tag: st5-AttUpd | Duration: 120 seconds | RPS: 1000
Results Directory: /users/apoudel/DeathStarBench/socialNetwork/20260909_181353/st5-AttUpd-120
Output File: /users/apoudel/DeathStarBench/socialNetwork/20260909_181353/st5-AttUpd-120/1000.txt
/users/apoudel/DeathStarBench/socialNetwork
[1;30;44mMazu:[0m Installing Prometheus in istio-system....
serviceaccount/prometheus created
configmap/prometheus created
clusterrole.rbac.authorization.k8s.io/prometheus created
clusterrolebinding.rbac.authorization.k8s.io/prometheus created
service/prometheus created
deployment.apps/prometheus created
pod/prometheus-c9ff75ddb-gps47 condition met
[1;30;44mMazu:[0m Prometheus is ready.
Waiting for Prometheus pod to be Running...
pod/prometheus-c9ff75ddb-gps47 condition met
Forwarding from 127.0.0.1:9091 -> 9090
Forwarding from [::1]:9091 -> 9090
Waiting for Prometheus to be reachable at http://localhost:9091...
Handling connection for 9091
Prometheus is reachable at http://localhost:9091
--- Running RPS=100 for 120s ---
Running wrk2 with STRAT=st5-AttUpd, RPS=100, DURATION=120s. Output: /users/apoudel/DeathStarBench/socialNetwork/results/benchmark1.5b-replica-scale-09-09-26_173920/scale-2x/st5-AttUpd/100.txt
wrk2 results saved to /users/apoudel/DeathStarBench/socialNetwork/results/benchmark1.5b-replica-scale-09-09-26_173920/scale-2x/st5-AttUpd/100.txt
Collecting metrics from Prometheus (http://localhost:9091)
  Window: 2026-09-09 18:14:01 -> 2026-09-09 18:16:01 (120s)
  Output: /users/apoudel/DeathStarBench/socialNetwork/results/benchmark1.5b-replica-scale-09-09-26_173920/scale-2x/st5-AttUpd/metrics_100.json
Handling connection for 9091
Handling connection for 9091
Handling connection for 9091
Handling connection for 9091
Handling connection for 9091
Handling connection for 9091
Metrics saved to /users/apoudel/DeathStarBench/socialNetwork/results/benchmark1.5b-replica-scale-09-09-26_173920/scale-2x/st5-AttUpd/metrics_100.json
--- RPS=100 complete ---
--- Running RPS=200 for 120s ---
Running wrk2 with STRAT=st5-AttUpd, RPS=200, DURATION=120s. Output: /users/apoudel/DeathStarBench/socialNetwork/results/benchmark1.5b-replica-scale-09-09-26_173920/scale-2x/st5-AttUpd/200.txt
wrk2 results saved to /users/apoudel/DeathStarBench/socialNetwork/results/benchmark1.5b-replica-scale-09-09-26_173920/scale-2x/st5-AttUpd/200.txt
Collecting metrics from Prometheus (http://localhost:9091)
  Window: 2026-09-09 18:16:01 -> 2026-09-09 18:18:01 (120s)
  Output: /users/apoudel/DeathStarBench/socialNetwork/results/benchmark1.5b-replica-scale-09-09-26_173920/scale-2x/st5-AttUpd/metrics_200.json
Handling connection for 9091
Handling connection for 9091
Handling connection for 9091
Handling connection for 9091
Handling connection for 9091
Handling connection for 9091
Metrics saved to /users/apoudel/DeathStarBench/socialNetwork/results/benchmark1.5b-replica-scale-09-09-26_173920/scale-2x/st5-AttUpd/metrics_200.json
--- RPS=200 complete ---
--- Running RPS=400 for 120s ---
Running wrk2 with STRAT=st5-AttUpd, RPS=400, DURATION=120s. Output: /users/apoudel/DeathStarBench/socialNetwork/results/benchmark1.5b-replica-scale-09-09-26_173920/scale-2x/st5-AttUpd/400.txt
wrk2 results saved to /users/apoudel/DeathStarBench/socialNetwork/results/benchmark1.5b-replica-scale-09-09-26_173920/scale-2x/st5-AttUpd/400.txt
Collecting metrics from Prometheus (http://localhost:9091)
  Window: 2026-09-09 18:18:02 -> 2026-09-09 18:20:02 (120s)
  Output: /users/apoudel/DeathStarBench/socialNetwork/results/benchmark1.5b-replica-scale-09-09-26_173920/scale-2x/st5-AttUpd/metrics_400.json
Handling connection for 9091
Handling connection for 9091
Handling connection for 9091
Handling connection for 9091
Handling connection for 9091
Handling connection for 9091
Metrics saved to /users/apoudel/DeathStarBench/socialNetwork/results/benchmark1.5b-replica-scale-09-09-26_173920/scale-2x/st5-AttUpd/metrics_400.json
--- RPS=400 complete ---
--- Running RPS=800 for 120s ---
Running wrk2 with STRAT=st5-AttUpd, RPS=800, DURATION=120s. Output: /users/apoudel/DeathStarBench/socialNetwork/results/benchmark1.5b-replica-scale-09-09-26_173920/scale-2x/st5-AttUpd/800.txt
wrk2 results saved to /users/apoudel/DeathStarBench/socialNetwork/results/benchmark1.5b-replica-scale-09-09-26_173920/scale-2x/st5-AttUpd/800.txt
Collecting metrics from Prometheus (http://localhost:9091)
  Window: 2026-09-09 18:20:03 -> 2026-09-09 18:22:03 (120s)
  Output: /users/apoudel/DeathStarBench/socialNetwork/results/benchmark1.5b-replica-scale-09-09-26_173920/scale-2x/st5-AttUpd/metrics_800.json
Handling connection for 9091
Handling connection for 9091
Handling connection for 9091
Handling connection for 9091
Handling connection for 9091
Handling connection for 9091
Metrics saved to /users/apoudel/DeathStarBench/socialNetwork/results/benchmark1.5b-replica-scale-09-09-26_173920/scale-2x/st5-AttUpd/metrics_800.json
--- RPS=800 complete ---
--- Running RPS=1200 for 120s ---
Running wrk2 with STRAT=st5-AttUpd, RPS=1200, DURATION=120s. Output: /users/apoudel/DeathStarBench/socialNetwork/results/benchmark1.5b-replica-scale-09-09-26_173920/scale-2x/st5-AttUpd/1200.txt
wrk2 results saved to /users/apoudel/DeathStarBench/socialNetwork/results/benchmark1.5b-replica-scale-09-09-26_173920/scale-2x/st5-AttUpd/1200.txt
Collecting metrics from Prometheus (http://localhost:9091)
  Window: 2026-09-09 18:22:03 -> 2026-09-09 18:24:03 (120s)
  Output: /users/apoudel/DeathStarBench/socialNetwork/results/benchmark1.5b-replica-scale-09-09-26_173920/scale-2x/st5-AttUpd/metrics_1200.json
Handling connection for 9091
Handling connection for 9091
Handling connection for 9091
Handling connection for 9091
Handling connection for 9091
Handling connection for 9091
Metrics saved to /users/apoudel/DeathStarBench/socialNetwork/results/benchmark1.5b-replica-scale-09-09-26_173920/scale-2x/st5-AttUpd/metrics_1200.json
--- RPS=1200 complete ---
--- Running RPS=1600 for 120s ---
Running wrk2 with STRAT=st5-AttUpd, RPS=1600, DURATION=120s. Output: /users/apoudel/DeathStarBench/socialNetwork/results/benchmark1.5b-replica-scale-09-09-26_173920/scale-2x/st5-AttUpd/1600.txt
wrk2 results saved to /users/apoudel/DeathStarBench/socialNetwork/results/benchmark1.5b-replica-scale-09-09-26_173920/scale-2x/st5-AttUpd/1600.txt
Collecting metrics from Prometheus (http://localhost:9091)
  Window: 2026-09-09 18:24:04 -> 2026-09-09 18:26:04 (120s)
  Output: /users/apoudel/DeathStarBench/socialNetwork/results/benchmark1.5b-replica-scale-09-09-26_173920/scale-2x/st5-AttUpd/metrics_1600.json
Handling connection for 9091
Handling connection for 9091
Handling connection for 9091
Handling connection for 9091
Handling connection for 9091
Handling connection for 9091
Metrics saved to /users/apoudel/DeathStarBench/socialNetwork/results/benchmark1.5b-replica-scale-09-09-26_173920/scale-2x/st5-AttUpd/metrics_1600.json
--- RPS=1600 complete ---
--- Running RPS=2000 for 120s ---
Running wrk2 with STRAT=st5-AttUpd, RPS=2000, DURATION=120s. Output: /users/apoudel/DeathStarBench/socialNetwork/results/benchmark1.5b-replica-scale-09-09-26_173920/scale-2x/st5-AttUpd/2000.txt
wrk2 results saved to /users/apoudel/DeathStarBench/socialNetwork/results/benchmark1.5b-replica-scale-09-09-26_173920/scale-2x/st5-AttUpd/2000.txt
Collecting metrics from Prometheus (http://localhost:9091)
  Window: 2026-09-09 18:26:05 -> 2026-09-09 18:28:05 (120s)
  Output: /users/apoudel/DeathStarBench/socialNetwork/results/benchmark1.5b-replica-scale-09-09-26_173920/scale-2x/st5-AttUpd/metrics_2000.json
Handling connection for 9091
Handling connection for 9091
Handling connection for 9091
Handling connection for 9091
Handling connection for 9091
Handling connection for 9091
Metrics saved to /users/apoudel/DeathStarBench/socialNetwork/results/benchmark1.5b-replica-scale-09-09-26_173920/scale-2x/st5-AttUpd/metrics_2000.json
--- RPS=2000 complete ---
Strategy: st5-AttUpd | Tag: st5-AttUpd | Duration: 120 seconds | RPS: 2000
Results Directory: /users/apoudel/DeathStarBench/socialNetwork/20260909_182805/st5-AttUpd-120
Output File: /users/apoudel/DeathStarBench/socialNetwork/20260909_182805/st5-AttUpd-120/2000.txt
/users/apoudel/DeathStarBench/socialNetwork
[1;30;44mMazu:[0m Uninstalling Prometheus from istio-system....
serviceaccount "prometheus" deleted from istio-system namespace
configmap "prometheus" deleted from istio-system namespace
clusterrole.rbac.authorization.k8s.io "prometheus" deleted
clusterrolebinding.rbac.authorization.k8s.io "prometheus" deleted
service "prometheus" deleted from istio-system namespace
deployment.apps "prometheus" deleted from istio-system namespace
Generated /users/apoudel/DeathStarBench/socialNetwork/results/benchmark1.5b-replica-scale-09-09-26_173920/scale-2x/st5-AttUpd/cpu.dat and /users/apoudel/DeathStarBench/socialNetwork/results/benchmark1.5b-replica-scale-09-09-26_173920/scale-2x/st5-AttUpd/memory.dat
=== Benchmark 1.5b (no-scale) sweep completed at Wed Sep  9 06:28:05 PM MDT 2026 for st5-AttUpd ===
=== Benchmark 1.5b (no-scale) sweep started at Wed Sep  9 06:28:05 PM MDT 2026 for istio ===
Strategy: istio | Tag: st5-AttUpd | Duration: 120 seconds | RPS: 1000
Results Directory: /users/apoudel/DeathStarBench/socialNetwork/20260909_182805/istio-120
Output File: /users/apoudel/DeathStarBench/socialNetwork/20260909_182805/istio-120/1000.txt
/users/apoudel/DeathStarBench/socialNetwork
[1;30;44mMazu:[0m Uninstalling Bookinfo application....
service "details" deleted from default namespace
serviceaccount "bookinfo-details" deleted from default namespace
deployment.apps "details-v1" deleted from default namespace
service "ratings" deleted from default namespace
serviceaccount "bookinfo-ratings" deleted from default namespace
deployment.apps "ratings-v1" deleted from default namespace
service "reviews" deleted from default namespace
serviceaccount "bookinfo-reviews" deleted from default namespace
deployment.apps "reviews-v1" deleted from default namespace
deployment.apps "reviews-v2" deleted from default namespace
deployment.apps "reviews-v3" deleted from default namespace
service "productpage" deleted from default namespace
serviceaccount "bookinfo-productpage" deleted from default namespace
deployment.apps "productpage-v1" deleted from default namespace
gateway.networking.istio.io "bookinfo-gateway" deleted from default namespace
virtualservice.networking.istio.io "bookinfo" deleted from default namespace
Error from server (NotFound): error when deleting "/users/apoudel/DeathStarBench/socialNetwork/scratch/yaml/bf-hpa.yaml": horizontalpodautoscalers.autoscaling "details-hpa" not found
Error from server (NotFound): error when deleting "/users/apoudel/DeathStarBench/socialNetwork/scratch/yaml/bf-hpa.yaml": horizontalpodautoscalers.autoscaling "ratings-hpa" not found
Error from server (NotFound): error when deleting "/users/apoudel/DeathStarBench/socialNetwork/scratch/yaml/bf-hpa.yaml": horizontalpodautoscalers.autoscaling "reviews-v1-hpa" not found
Error from server (NotFound): error when deleting "/users/apoudel/DeathStarBench/socialNetwork/scratch/yaml/bf-hpa.yaml": horizontalpodautoscalers.autoscaling "reviews-v2-hpa" not found
Error from server (NotFound): error when deleting "/users/apoudel/DeathStarBench/socialNetwork/scratch/yaml/bf-hpa.yaml": horizontalpodautoscalers.autoscaling "reviews-v3-hpa" not found
Error from server (NotFound): error when deleting "/users/apoudel/DeathStarBench/socialNetwork/scratch/yaml/bf-hpa.yaml": horizontalpodautoscalers.autoscaling "productpage-hpa" not found
destinationrule.networking.istio.io "details-no-reuse" deleted from default namespace
destinationrule.networking.istio.io "ratings-no-reuse" deleted from default namespace
destinationrule.networking.istio.io "reviews-no-reuse" deleted from default namespace
pod/details-v1-5bff6c89bf-dn9rw condition met
pod/details-v1-5bff6c89bf-z9vl9 condition met
pod/productpage-v1-5fbc448f49-kn6nr condition met
Strategy: istio | Tag: st5-AttUpd | Duration: 120 seconds | RPS: 1000
Results Directory: /users/apoudel/DeathStarBench/socialNetwork/20260909_182812/istio-120
Output File: /users/apoudel/DeathStarBench/socialNetwork/20260909_182812/istio-120/1000.txt
/users/apoudel/DeathStarBench/socialNetwork
All Istio resources will be pruned from the cluster

  Removed apps/v1, Kind=Deployment/istio-ingressgateway.istio-system.
  Removed apps/v1, Kind=Deployment/istiod.istio-system.
  Removed /v1, Kind=Service/istio-ingressgateway.istio-system.
  Removed /v1, Kind=Service/istiod.istio-system.
  Removed /v1, Kind=ConfigMap/istio.istio-system.
  Removed /v1, Kind=ConfigMap/istio-sidecar-injector.istio-system.
  Removed /v1, Kind=Pod/istio-ingressgateway-745cc59f79-265vb.istio-system.
  Removed /v1, Kind=Pod/istio-ingressgateway-745cc59f79-4fb2t.istio-system.
  Removed /v1, Kind=Pod/istio-ingressgateway-745cc59f79-8q7nk.istio-system.
  Removed /v1, Kind=Pod/istio-ingressgateway-745cc59f79-8ztth.istio-system.
  Removed /v1, Kind=Pod/istio-ingressgateway-745cc59f79-9mtbs.istio-system.
  Removed /v1, Kind=Pod/istio-ingressgateway-745cc59f79-gtn7q.istio-system.
  Removed /v1, Kind=Pod/istio-ingressgateway-745cc59f79-hdsm2.istio-system.
  Removed /v1, Kind=Pod/istio-ingressgateway-745cc59f79-tk9vn.istio-system.
  Removed /v1, Kind=Pod/istio-ingressgateway-745cc59f79-v62nc.istio-system.
  Removed /v1, Kind=Pod/istio-ingressgateway-745cc59f79-wwg5j.istio-system.
  Removed /v1, Kind=Pod/istiod-fb9866b9d-6smh2.istio-system.
  Removed /v1, Kind=ServiceAccount/istio-ingressgateway-service-account.istio-system.
  Removed /v1, Kind=ServiceAccount/istio-reader-service-account.istio-system.
  Removed /v1, Kind=ServiceAccount/istiod.istio-system.
  Removed rbac.authorization.k8s.io/v1, Kind=RoleBinding/istio-ingressgateway-sds.istio-system.
  Removed rbac.authorization.k8s.io/v1, Kind=RoleBinding/istiod.istio-system.
  Removed rbac.authorization.k8s.io/v1, Kind=Role/istio-ingressgateway-sds.istio-system.
  Removed rbac.authorization.k8s.io/v1, Kind=Role/istiod.istio-system.
  Removed policy/v1, Kind=PodDisruptionBudget/istio-ingressgateway.istio-system.
  Removed policy/v1, Kind=PodDisruptionBudget/istiod.istio-system.
  Removed autoscaling/v2, Kind=HorizontalPodAutoscaler/istio-ingressgateway.istio-system.
  Removed autoscaling/v2, Kind=HorizontalPodAutoscaler/istiod.istio-system.
  Removed admissionregistration.k8s.io/v1, Kind=MutatingWebhookConfiguration/istio-revision-tag-default..
  Removed admissionregistration.k8s.io/v1, Kind=MutatingWebhookConfiguration/istio-sidecar-injector..
  Removed admissionregistration.k8s.io/v1, Kind=ValidatingWebhookConfiguration/istio-validator-istio-system..
  Removed admissionregistration.k8s.io/v1, Kind=ValidatingWebhookConfiguration/istiod-default-validator..
  Removed rbac.authorization.k8s.io/v1, Kind=ClusterRole/istio-reader-clusterrole-istio-system..
  Removed rbac.authorization.k8s.io/v1, Kind=ClusterRole/istiod-clusterrole-istio-system..
  Removed rbac.authorization.k8s.io/v1, Kind=ClusterRole/istiod-gateway-controller-istio-system..
  Removed rbac.authorization.k8s.io/v1, Kind=ClusterRoleBinding/istio-reader-clusterrole-istio-system..
  Removed rbac.authorization.k8s.io/v1, Kind=ClusterRoleBinding/istiod-clusterrole-istio-system..
  Removed rbac.authorization.k8s.io/v1, Kind=ClusterRoleBinding/istiod-gateway-controller-istio-system..
  Removed apiextensions.k8s.io/v1, Kind=CustomResourceDefinition/authorizationpolicies.security.istio.io..
  Removed apiextensions.k8s.io/v1, Kind=CustomResourceDefinition/destinationrules.networking.istio.io..
  Removed apiextensions.k8s.io/v1, Kind=CustomResourceDefinition/envoyfilters.networking.istio.io..
  Removed apiextensions.k8s.io/v1, Kind=CustomResourceDefinition/gateways.networking.istio.io..
  Removed apiextensions.k8s.io/v1, Kind=CustomResourceDefinition/peerauthentications.security.istio.io..
  Removed apiextensions.k8s.io/v1, Kind=CustomResourceDefinition/proxyconfigs.networking.istio.io..
  Removed apiextensions.k8s.io/v1, Kind=CustomResourceDefinition/requestauthentications.security.istio.io..
  Removed apiextensions.k8s.io/v1, Kind=CustomResourceDefinition/serviceentries.networking.istio.io..
  Removed apiextensions.k8s.io/v1, Kind=CustomResourceDefinition/sidecars.networking.istio.io..
  Removed apiextensions.k8s.io/v1, Kind=CustomResourceDefinition/telemetries.telemetry.istio.io..
  Removed apiextensions.k8s.io/v1, Kind=CustomResourceDefinition/virtualservices.networking.istio.io..
  Removed apiextensions.k8s.io/v1, Kind=CustomResourceDefinition/wasmplugins.extensions.istio.io..
  Removed apiextensions.k8s.io/v1, Kind=CustomResourceDefinition/workloadentries.networking.istio.io..
  Removed apiextensions.k8s.io/v1, Kind=CustomResourceDefinition/workloadgroups.networking.istio.io..

✔ Uninstall completelease.coordination.k8s.io "istiod-key-curator-leader" deleted from istio-system namespace
pod/istiod-fb9866b9d-6smh2 condition met
pod/istio-ingressgateway-745cc59f79-265vb condition met
pod/istio-ingressgateway-745cc59f79-4fb2t condition met
pod/istio-ingressgateway-745cc59f79-8q7nk condition met
pod/istio-ingressgateway-745cc59f79-8ztth condition met
pod/istio-ingressgateway-745cc59f79-9mtbs condition met
pod/istio-ingressgateway-745cc59f79-gtn7q condition met
pod/istio-ingressgateway-745cc59f79-hdsm2 condition met
pod/istio-ingressgateway-745cc59f79-tk9vn condition met
pod/istio-ingressgateway-745cc59f79-v62nc condition met
pod/istio-ingressgateway-745cc59f79-wwg5j condition met
pod "kube-apiserver-node-0" deleted from kube-system namespace
pod "kube-apiserver-node-1" deleted from kube-system namespace
API server count: 2. Waiting for all kube-apiserver pods to become Ready...
All kube-apiserver pods are Ready
Creating TPMs on all nodes...
Warning: Permanently added 'pc772.emulab.net' (ED25519) to the list of known hosts.
Warning: Permanently added 'pc772.emulab.net' (ED25519) to the list of known hosts.
--> Creating tpm state folder in /tpm/myvtpm2.
--> Creating tpm state folder in /tpm/myvtpm2.
--> Creating tpm with swtpm_setup.
--> Creating tpm with swtpm_setup.
Starting vTPM manufacturing as root:root @ Wed 09 Sep 2026 06:28:31 PM MDT
Apply profile: {"Name": "default-v1"}
Starting vTPM manufacturing as root:root @ Wed 09 Sep 2026 06:28:31 PM MDT
Apply profile: {"Name": "default-v1"}
TPM is listening on Unix socket.
TPM is listening on Unix socket.
Active profile: {"Name":"default-v1","StateFormatLevel":7,"Commands":"0x11f-0x122,0x124-0x12e,0x130-0x140,0x142-0x159,0x15b-0x15e,0x160-0x165,0x167-0x174,0x176-0x178,0x17a-0x193,0x197,0x199-0x19c","Algorithms":"rsa,rsa-min-size=1024,tdes,tdes-min-size=128,sha1,hmac,aes,aes-min-size=128,mgf1,keyedhash,xor,sha256,sha384,sha512,null,rsassa,rsaes,rsapss,oaep,ecdsa,ecdh,ecdaa,sm2,ecschnorr,ecmqv,kdf1-sp800-56a,kdf2,kdf1-sp800-108,ecc,ecc-min-size=192,ecc-nist,ecc-bn,ecc-sm2-p256,symcipher,camellia,camellia-min-size=128,cmac,ctr,ofb,cbc,cfb,ecb","Description":"This profile enables all libtpms v0.10-supported commands and algorithms. This profile is compatible with libtpms >= v0.10."}
Active profile: {"Name":"default-v1","StateFormatLevel":7,"Commands":"0x11f-0x122,0x124-0x12e,0x130-0x140,0x142-0x159,0x15b-0x15e,0x160-0x165,0x167-0x174,0x176-0x178,0x17a-0x193,0x197,0x199-0x19c","Algorithms":"rsa,rsa-min-size=1024,tdes,tdes-min-size=128,sha1,hmac,aes,aes-min-size=128,mgf1,keyedhash,xor,sha256,sha384,sha512,null,rsassa,rsaes,rsapss,oaep,ecdsa,ecdh,ecdaa,sm2,ecschnorr,ecmqv,kdf1-sp800-56a,kdf2,kdf1-sp800-108,ecc,ecc-min-size=192,ecc-nist,ecc-bn,ecc-sm2-p256,symcipher,camellia,camellia-min-size=128,cmac,ctr,ofb,cbc,cfb,ecb","Description":"This profile enables all libtpms v0.10-supported commands and algorithms. This profile is compatible with libtpms >= v0.10."}
Successfully created RSA 2048 EK with handle 0x81010001.
  Invoking /usr/bin/swtpm_localca --type ek --ek 97f71d2bd4bd0719636365b036faacf20c593b8fc7f7c4cbaa401fa049b6be4928fe747111a399a8f43d644d8e685d298400f0f71088ec4ffc400119f1bf68e8b09eb01a2b0f31055a581f44152cb43158b22cf0f74ba6a5ceb91b89d47d214e9be92c870ed5c05f4f52e5b7ba4bbe5eeb0aa49d4b7f9a3b92014562d903f06566e699f4f0eebac0b1219bebbfafe648dc5d9c756da6ef96e5821e92dd1cc83fc22533e6ba4dbed814b5cabf37b71d0c683feb72733f593dbe589ef7e8cf0aa22897ccfccb3fce33e1d19972647f3d3d5a22d8cb24607a780792e5031765eb7ce3143d9684506cea5a72d28ce775610a0b0f70b0643c3455b1feee68d9d4b231 --dir /tmp/swtpm_setup.certs.V3YDV3 --tpm-spec-family 2.0 --tpm-spec-level 0 --tpm-spec-revision 183 --tpm-manufacturer id:00001014 --tpm-model swtpm --tpm-version id:20240125 --tpm2 --configfile /etc/swtpm-localca.conf --optsfile /etc/swtpm-localca.options
Successfully created RSA 2048 EK with handle 0x81010001.
  Invoking /usr/bin/swtpm_localca --type ek --ek b52c792b9841c964fbd21d7c43945bca767e1535baea140abb92b093b4024e4c55c44974b8b4d6b5c42c56894ce5ea28741048f88058d13384bcdaf8ff389dde96623d341c8dc2b87e1cfa301ab278eb0809b947b5418ef1415b2143ba09a94bcec5b8ecb0009c9ad1d869e791af6bd2d0849c76996482f28a02c7cdf4d089409116562c043fd6f4977f1822a434cf46a08fd01a10e06748d691fce44b27246a8ac5b36f8440684853ee3ed37cd6bb21b383f1773c2578e469a3ecb81fb1f424bb08a8782bc73511efd618f6b6400a71a9887d75b9747a621a6d967a8a88f88709f5dc67337b211aa76f788413431d8303f44238fd46b2a2c99ce1d35c5bbff9 --dir /tmp/swtpm_setup.certs.MU2DV3 --tpm-spec-family 2.0 --tpm-spec-level 0 --tpm-spec-revision 183 --tpm-manufacturer id:00001014 --tpm-model swtpm --tpm-version id:20240125 --tpm2 --configfile /etc/swtpm-localca.conf --optsfile /etc/swtpm-localca.options
swtpm_localca: Successfully created EK certificate locally.
  Invoking /usr/bin/swtpm_localca --type platform --ek 97f71d2bd4bd0719636365b036faacf20c593b8fc7f7c4cbaa401fa049b6be4928fe747111a399a8f43d644d8e685d298400f0f71088ec4ffc400119f1bf68e8b09eb01a2b0f31055a581f44152cb43158b22cf0f74ba6a5ceb91b89d47d214e9be92c870ed5c05f4f52e5b7ba4bbe5eeb0aa49d4b7f9a3b92014562d903f06566e699f4f0eebac0b1219bebbfafe648dc5d9c756da6ef96e5821e92dd1cc83fc22533e6ba4dbed814b5cabf37b71d0c683feb72733f593dbe589ef7e8cf0aa22897ccfccb3fce33e1d19972647f3d3d5a22d8cb24607a780792e5031765eb7ce3143d9684506cea5a72d28ce775610a0b0f70b0643c3455b1feee68d9d4b231 --dir /tmp/swtpm_setup.certs.V3YDV3 --tpm-spec-family 2.0 --tpm-spec-level 0 --tpm-spec-revision 183 --tpm-manufacturer id:00001014 --tpm-model swtpm --tpm-version id:20240125 --tpm2 --configfile /etc/swtpm-localca.conf --optsfile /etc/swtpm-localca.options
swtpm_localca: Successfully created EK certificate locally.
  Invoking /usr/bin/swtpm_localca --type platform --ek b52c792b9841c964fbd21d7c43945bca767e1535baea140abb92b093b4024e4c55c44974b8b4d6b5c42c56894ce5ea28741048f88058d13384bcdaf8ff389dde96623d341c8dc2b87e1cfa301ab278eb0809b947b5418ef1415b2143ba09a94bcec5b8ecb0009c9ad1d869e791af6bd2d0849c76996482f28a02c7cdf4d089409116562c043fd6f4977f1822a434cf46a08fd01a10e06748d691fce44b27246a8ac5b36f8440684853ee3ed37cd6bb21b383f1773c2578e469a3ecb81fb1f424bb08a8782bc73511efd618f6b6400a71a9887d75b9747a621a6d967a8a88f88709f5dc67337b211aa76f788413431d8303f44238fd46b2a2c99ce1d35c5bbff9 --dir /tmp/swtpm_setup.certs.MU2DV3 --tpm-spec-family 2.0 --tpm-spec-level 0 --tpm-spec-revision 183 --tpm-manufacturer id:00001014 --tpm-model swtpm --tpm-version id:20240125 --tpm2 --configfile /etc/swtpm-localca.conf --optsfile /etc/swtpm-localca.options
swtpm_localca: Successfully created platform certificate locally.
Successfully created NVRAM area 0x1c00002 for RSA 2048 EK certificate.
Successfully created NVRAM area 0x1c08000 for platform certificate.
Successfully created ECC EK with handle 0x81010016.
  Invoking /usr/bin/swtpm_localca --type ek --ek x=9b7ffd525e0254c8be0837f93d826ce4c4041efa18c56a2184301707298a5d0d1a84b84a7d8985f7d382bd9e11b9867f,y=a07186128da5dc727516d74790b95f2f800479bbb66793309eaef2e80460ad507813fa523e3b0f6380faff9fbd47032f,id=secp384r1 --dir /tmp/swtpm_setup.certs.V3YDV3 --tpm-spec-family 2.0 --tpm-spec-level 0 --tpm-spec-revision 183 --tpm-manufacturer id:00001014 --tpm-model swtpm --tpm-version id:20240125 --tpm2 --configfile /etc/swtpm-localca.conf --optsfile /etc/swtpm-localca.options
swtpm_localca: Successfully created platform certificate locally.
Successfully created NVRAM area 0x1c00002 for RSA 2048 EK certificate.
Successfully created NVRAM area 0x1c08000 for platform certificate.
Successfully created ECC EK with handle 0x81010016.
  Invoking /usr/bin/swtpm_localca --type ek --ek x=2e39a17da83e5307d92d1e839f6b11f87436887dfc6a72a2f49a6293c31ef88c411e69c9da0df4a7982f2310dfd021cb,y=ba954b7a720000f1d73cb30225a188970cb0b9e215b474bcead18f552964f367e4710714e3457aba0cbc851864ca8ea8,id=secp384r1 --dir /tmp/swtpm_setup.certs.MU2DV3 --tpm-spec-family 2.0 --tpm-spec-level 0 --tpm-spec-revision 183 --tpm-manufacturer id:00001014 --tpm-model swtpm --tpm-version id:20240125 --tpm2 --configfile /etc/swtpm-localca.conf --optsfile /etc/swtpm-localca.options
swtpm_localca: Successfully created EK certificate locally.
Successfully created NVRAM area 0x1c00016 for ECC EK certificate.
Successfully activated PCR banks sha256 among sha1,sha256,sha384,sha512.
Successfully authored TPM state.
Ending vTPM manufacturing @ Wed 09 Sep 2026 06:28:31 PM MDT
swtpm_localca: Successfully created EK certificate locally.
Successfully created NVRAM area 0x1c00016 for ECC EK certificate.
Successfully activated PCR banks sha256 among sha1,sha256,sha384,sha512.
Successfully authored TPM state.
Ending vTPM manufacturing @ Wed 09 Sep 2026 06:28:31 PM MDT
--> Creating /dev/tpmrm0 device with swtpm_cuse.
--> Creating /dev/tpmrm0 device with swtpm_cuse.
TPMs created on all nodes
Using strategy: istio
Unknown strategy: istio
Deploying Mazu ConfigMap to namespace: default
configmap "mazu-config" deleted from default namespace
configmap/mazu-config created
Deploying Mazu ConfigMap to namespace: istio-system
configmap "mazu-config" deleted from istio-system namespace
configmap/mazu-config created
Deploying RBE PP ConfigMap to namespace: default
configmap "rbe-pp" deleted from default namespace
configmap/rbe-pp created
Deploying RBE PP ConfigMap to namespace: istio-system
configmap "rbe-pp" deleted from istio-system namespace
configmap/rbe-pp created
Strategy: istio | Tag: st5-AttUpd | Duration: 120 seconds | RPS: 1000
Results Directory: /users/apoudel/DeathStarBench/socialNetwork/20260909_182934/istio-120
Output File: /users/apoudel/DeathStarBench/socialNetwork/20260909_182934/istio-120/1000.txt
/users/apoudel/DeathStarBench/socialNetwork
[1;30;44mMazu:[0m Installing Istio....
        |\          
        | \         
        |  \        
        |   \       
      /||    \      
     / ||     \     
    /  ||      \    
   /   ||       \   
  /    ||        \  
 /     ||         \ 
/______||__________\
____________________
  \__       _____/  
     \_____/        

WARNING: Istio 1.24.0 may be out of support (EOL) already: see https://istio.io/latest/docs/releases/supported-releases/ for supported releases

- Processing resources for Istio core.
- Processing resources for Istio core. Waiting for CustomResourceDefinition/, CustomResourceDefin...
✔ Istio core installed ⛵️
- Processing resources for Istiod.
- Processing resources for Istiod. Waiting for Deployment/istio-system/istiod
✔ Istiod installed 🧠
- Processing resources for Ingress gateways.
- Processing resources for Ingress gateways. Waiting for Deployment/istio-system/istio-ingressgat...
✔ Ingress gateways installed 🛬
- Pruning removed resources
✔ Installation completenamespace/default not labeled
peerauthentication.security.istio.io/default created
service/details created
serviceaccount/bookinfo-details created
deployment.apps/details-v1 created
service/ratings created
serviceaccount/bookinfo-ratings created
deployment.apps/ratings-v1 created
service/reviews created
serviceaccount/bookinfo-reviews created
deployment.apps/reviews-v1 created
deployment.apps/reviews-v2 created
deployment.apps/reviews-v3 created
service/productpage created
serviceaccount/bookinfo-productpage created
deployment.apps/productpage-v1 created
gateway.networking.istio.io/bookinfo-gateway created
virtualservice.networking.istio.io/bookinfo created
destinationrule.networking.istio.io/details-no-reuse created
destinationrule.networking.istio.io/ratings-no-reuse created
destinationrule.networking.istio.io/reviews-no-reuse created
Waiting for rollouts (timeout 420s each):
  deployment.apps/details-v1
  deployment.apps/ratings-v1
  deployment.apps/reviews-v1
  deployment.apps/reviews-v2
  deployment.apps/reviews-v3
  deployment.apps/productpage-v1
Waiting for deployment "details-v1" rollout to finish: 0 of 2 replicas are ready...
deployment "details-v1" successfully rolled out (2/2 ready)
deployment "ratings-v1" successfully rolled out (2/2 ready)
deployment "reviews-v1" successfully rolled out (2/2 ready)
deployment "reviews-v2" successfully rolled out (2/2 ready)
deployment "reviews-v3" successfully rolled out (2/2 ready)
deployment "productpage-v1" successfully rolled out (2/2 ready)
pod/istiod-8574d68d5c-2t6gr condition met
pod/istio-ingressgateway-75fb7d94d9-m22gf condition met
Ingress: 155.98.38.240:80
Strategy: istio | Tag: st5-AttUpd | Duration: 120 seconds | RPS: 1000
Results Directory: /users/apoudel/DeathStarBench/socialNetwork/20260909_183006/istio-120
Output File: /users/apoudel/DeathStarBench/socialNetwork/20260909_183006/istio-120/1000.txt
/users/apoudel/DeathStarBench/socialNetwork
[1;30;44mMazu:[0m Uninstalling Prometheus from istio-system....
Strategy: istio | Tag: st5-AttUpd | Duration: 120 seconds | RPS: 1000
Results Directory: /users/apoudel/DeathStarBench/socialNetwork/20260909_183006/istio-120
Output File: /users/apoudel/DeathStarBench/socialNetwork/20260909_183006/istio-120/1000.txt
/users/apoudel/DeathStarBench/socialNetwork
[1;30;44mMazu:[0m Installing Prometheus in istio-system....
serviceaccount/prometheus created
configmap/prometheus created
clusterrole.rbac.authorization.k8s.io/prometheus created
clusterrolebinding.rbac.authorization.k8s.io/prometheus created
service/prometheus created
deployment.apps/prometheus created
pod/prometheus-c9ff75ddb-zqxvf condition met
[1;30;44mMazu:[0m Prometheus is ready.
Waiting for Prometheus pod to be Running...
pod/prometheus-c9ff75ddb-zqxvf condition met
Forwarding from 127.0.0.1:9091 -> 9090
Forwarding from [::1]:9091 -> 9090
Waiting for Prometheus to be reachable at http://localhost:9091...
Handling connection for 9091
Prometheus is reachable at http://localhost:9091
--- Running RPS=100 for 120s ---
Running wrk2 with STRAT=istio, RPS=100, DURATION=120s. Output: /users/apoudel/DeathStarBench/socialNetwork/results/benchmark1.5b-replica-scale-09-09-26_173920/scale-2x/istio/100.txt
wrk2 results saved to /users/apoudel/DeathStarBench/socialNetwork/results/benchmark1.5b-replica-scale-09-09-26_173920/scale-2x/istio/100.txt
Collecting metrics from Prometheus (http://localhost:9091)
  Window: 2026-09-09 18:30:14 -> 2026-09-09 18:32:14 (120s)
  Output: /users/apoudel/DeathStarBench/socialNetwork/results/benchmark1.5b-replica-scale-09-09-26_173920/scale-2x/istio/metrics_100.json
Handling connection for 9091
Handling connection for 9091
Handling connection for 9091
Handling connection for 9091
Handling connection for 9091
Handling connection for 9091
Metrics saved to /users/apoudel/DeathStarBench/socialNetwork/results/benchmark1.5b-replica-scale-09-09-26_173920/scale-2x/istio/metrics_100.json
--- RPS=100 complete ---
--- Running RPS=200 for 120s ---
Running wrk2 with STRAT=istio, RPS=200, DURATION=120s. Output: /users/apoudel/DeathStarBench/socialNetwork/results/benchmark1.5b-replica-scale-09-09-26_173920/scale-2x/istio/200.txt
wrk2 results saved to /users/apoudel/DeathStarBench/socialNetwork/results/benchmark1.5b-replica-scale-09-09-26_173920/scale-2x/istio/200.txt
Collecting metrics from Prometheus (http://localhost:9091)
  Window: 2026-09-09 18:32:15 -> 2026-09-09 18:34:15 (120s)
  Output: /users/apoudel/DeathStarBench/socialNetwork/results/benchmark1.5b-replica-scale-09-09-26_173920/scale-2x/istio/metrics_200.json
Handling connection for 9091
Handling connection for 9091
Handling connection for 9091
Handling connection for 9091
Handling connection for 9091
Handling connection for 9091
Metrics saved to /users/apoudel/DeathStarBench/socialNetwork/results/benchmark1.5b-replica-scale-09-09-26_173920/scale-2x/istio/metrics_200.json
--- RPS=200 complete ---
--- Running RPS=400 for 120s ---
Running wrk2 with STRAT=istio, RPS=400, DURATION=120s. Output: /users/apoudel/DeathStarBench/socialNetwork/results/benchmark1.5b-replica-scale-09-09-26_173920/scale-2x/istio/400.txt
wrk2 results saved to /users/apoudel/DeathStarBench/socialNetwork/results/benchmark1.5b-replica-scale-09-09-26_173920/scale-2x/istio/400.txt
Collecting metrics from Prometheus (http://localhost:9091)
  Window: 2026-09-09 18:34:15 -> 2026-09-09 18:36:15 (120s)
  Output: /users/apoudel/DeathStarBench/socialNetwork/results/benchmark1.5b-replica-scale-09-09-26_173920/scale-2x/istio/metrics_400.json
Handling connection for 9091
Handling connection for 9091
Handling connection for 9091
Handling connection for 9091
Handling connection for 9091
Handling connection for 9091
Metrics saved to /users/apoudel/DeathStarBench/socialNetwork/results/benchmark1.5b-replica-scale-09-09-26_173920/scale-2x/istio/metrics_400.json
--- RPS=400 complete ---
--- Running RPS=800 for 120s ---
Running wrk2 with STRAT=istio, RPS=800, DURATION=120s. Output: /users/apoudel/DeathStarBench/socialNetwork/results/benchmark1.5b-replica-scale-09-09-26_173920/scale-2x/istio/800.txt
wrk2 results saved to /users/apoudel/DeathStarBench/socialNetwork/results/benchmark1.5b-replica-scale-09-09-26_173920/scale-2x/istio/800.txt
Collecting metrics from Prometheus (http://localhost:9091)
  Window: 2026-09-09 18:36:16 -> 2026-09-09 18:38:16 (120s)
  Output: /users/apoudel/DeathStarBench/socialNetwork/results/benchmark1.5b-replica-scale-09-09-26_173920/scale-2x/istio/metrics_800.json
Handling connection for 9091
Handling connection for 9091
Handling connection for 9091
Handling connection for 9091
Handling connection for 9091
Handling connection for 9091
Metrics saved to /users/apoudel/DeathStarBench/socialNetwork/results/benchmark1.5b-replica-scale-09-09-26_173920/scale-2x/istio/metrics_800.json
--- RPS=800 complete ---
--- Running RPS=1200 for 120s ---
Running wrk2 with STRAT=istio, RPS=1200, DURATION=120s. Output: /users/apoudel/DeathStarBench/socialNetwork/results/benchmark1.5b-replica-scale-09-09-26_173920/scale-2x/istio/1200.txt
wrk2 results saved to /users/apoudel/DeathStarBench/socialNetwork/results/benchmark1.5b-replica-scale-09-09-26_173920/scale-2x/istio/1200.txt
Collecting metrics from Prometheus (http://localhost:9091)
  Window: 2026-09-09 18:38:17 -> 2026-09-09 18:40:17 (120s)
  Output: /users/apoudel/DeathStarBench/socialNetwork/results/benchmark1.5b-replica-scale-09-09-26_173920/scale-2x/istio/metrics_1200.json
Handling connection for 9091
Handling connection for 9091
Handling connection for 9091
Handling connection for 9091
Handling connection for 9091
Handling connection for 9091
Metrics saved to /users/apoudel/DeathStarBench/socialNetwork/results/benchmark1.5b-replica-scale-09-09-26_173920/scale-2x/istio/metrics_1200.json
--- RPS=1200 complete ---
--- Running RPS=1600 for 120s ---
Running wrk2 with STRAT=istio, RPS=1600, DURATION=120s. Output: /users/apoudel/DeathStarBench/socialNetwork/results/benchmark1.5b-replica-scale-09-09-26_173920/scale-2x/istio/1600.txt
wrk2 results saved to /users/apoudel/DeathStarBench/socialNetwork/results/benchmark1.5b-replica-scale-09-09-26_173920/scale-2x/istio/1600.txt
Collecting metrics from Prometheus (http://localhost:9091)
  Window: 2026-09-09 18:40:17 -> 2026-09-09 18:42:17 (120s)
  Output: /users/apoudel/DeathStarBench/socialNetwork/results/benchmark1.5b-replica-scale-09-09-26_173920/scale-2x/istio/metrics_1600.json
Handling connection for 9091
Handling connection for 9091
Handling connection for 9091
Handling connection for 9091
Handling connection for 9091
Handling connection for 9091
Metrics saved to /users/apoudel/DeathStarBench/socialNetwork/results/benchmark1.5b-replica-scale-09-09-26_173920/scale-2x/istio/metrics_1600.json
--- RPS=1600 complete ---
--- Running RPS=2000 for 120s ---
Running wrk2 with STRAT=istio, RPS=2000, DURATION=120s. Output: /users/apoudel/DeathStarBench/socialNetwork/results/benchmark1.5b-replica-scale-09-09-26_173920/scale-2x/istio/2000.txt
wrk2 results saved to /users/apoudel/DeathStarBench/socialNetwork/results/benchmark1.5b-replica-scale-09-09-26_173920/scale-2x/istio/2000.txt
Collecting metrics from Prometheus (http://localhost:9091)
  Window: 2026-09-09 18:42:18 -> 2026-09-09 18:44:18 (120s)
  Output: /users/apoudel/DeathStarBench/socialNetwork/results/benchmark1.5b-replica-scale-09-09-26_173920/scale-2x/istio/metrics_2000.json
Handling connection for 9091
Handling connection for 9091
Handling connection for 9091
Handling connection for 9091
Handling connection for 9091
Handling connection for 9091
Metrics saved to /users/apoudel/DeathStarBench/socialNetwork/results/benchmark1.5b-replica-scale-09-09-26_173920/scale-2x/istio/metrics_2000.json
--- RPS=2000 complete ---
Strategy: istio | Tag: st5-AttUpd | Duration: 120 seconds | RPS: 2000
Results Directory: /users/apoudel/DeathStarBench/socialNetwork/20260909_184419/istio-120
Output File: /users/apoudel/DeathStarBench/socialNetwork/20260909_184419/istio-120/2000.txt
/users/apoudel/DeathStarBench/socialNetwork
[1;30;44mMazu:[0m Uninstalling Prometheus from istio-system....
serviceaccount "prometheus" deleted from istio-system namespace
configmap "prometheus" deleted from istio-system namespace
clusterrole.rbac.authorization.k8s.io "prometheus" deleted
clusterrolebinding.rbac.authorization.k8s.io "prometheus" deleted
service "prometheus" deleted from istio-system namespace
deployment.apps "prometheus" deleted from istio-system namespace
Generated /users/apoudel/DeathStarBench/socialNetwork/results/benchmark1.5b-replica-scale-09-09-26_173920/scale-2x/istio/cpu.dat and /users/apoudel/DeathStarBench/socialNetwork/results/benchmark1.5b-replica-scale-09-09-26_173920/scale-2x/istio/memory.dat
=== Benchmark 1.5b (no-scale) sweep completed at Wed Sep  9 06:44:19 PM MDT 2026 for istio ===
Wrote /users/apoudel/DeathStarBench/socialNetwork/results/benchmark1.5b-replica-scale-09-09-26_173920/scale-2x/istio/latency.dat (7 entries)
Wrote /users/apoudel/DeathStarBench/socialNetwork/results/benchmark1.5b-replica-scale-09-09-26_173920/scale-2x/st5-AttUpd/latency.dat (7 entries)
Wrote /users/apoudel/DeathStarBench/socialNetwork/results/benchmark1.5b-replica-scale-09-09-26_173920/scale-2x/cpu_combined.dat (7 blocks: [100, 200, 400, 800, 1200, 1600, 2000])
Wrote /users/apoudel/DeathStarBench/socialNetwork/results/benchmark1.5b-replica-scale-09-09-26_173920/scale-2x/memory_combined.dat (7 blocks: [100, 200, 400, 800, 1200, 1600, 2000])
Wrote /users/apoudel/DeathStarBench/socialNetwork/results/benchmark1.5b-replica-scale-09-09-26_173920/scale-2x/latency_combined.dat (7 QPS levels)
Wrote /users/apoudel/DeathStarBench/socialNetwork/results/benchmark1.5b-replica-scale-09-09-26_173920/scale-2x/rps_vals.gpi (7 rps values)
=== All benchmark 1.5b (no-scale) sweep runs complete. Results in /users/apoudel/DeathStarBench/socialNetwork/results/benchmark1.5b-replica-scale-09-09-26_173920/scale-2x ===
[2026-09-09 18:44:19] --- scale 2x ok ---
[2026-09-09 18:44:19] --- scale 4x: 24 app pods, ready timeout 540s ---
[2026-09-09 18:44:19]     manifests: /users/apoudel/DeathStarBench/socialNetwork/results/benchmark1.5b-replica-scale-09-09-26_173920/scale-4x/manifests/bookinfo-var.yaml
[1;30;44mMazu:[0m === Benchmark 1.5b (no-scale): HPA-disabled continuous RPS sweep ===.
[1;30;44mMazu:[0m Strategies: st5-AttUpd istio.
[1;30;44mMazu:[0m RPS values: 100 200 400 800 1200 1600 2000.
[1;30;44mMazu:[0m Duration: 120s per RPS step.
[1;30;44mMazu:[0m Manifests: /users/apoudel/DeathStarBench/socialNetwork/results/benchmark1.5b-replica-scale-09-09-26_173920/scale-4x/manifests/bookinfo-var.yaml (istio) / /users/apoudel/DeathStarBench/socialNetwork/results/benchmark1.5b-replica-scale-09-09-26_173920/scale-4x/manifests/bookinfo-var-tpm.yaml (st5-AttUpd).
[1;30;44mMazu:[0m Mazu image tag: st5-AttUpd (docker.io/atosh502/proxyv2:st5-AttUpd).
[1;30;44mMazu:[0m Connection reuse: DISABLED (bf-no-connection-reuse.yaml, maxRequestsPerConnection=1).
[1;30;44mMazu:[0m Envoy diagnostics: disabled (set ENVOY_DIAG=1 to collect).
[1;30;44mMazu:[0m Results: /users/apoudel/DeathStarBench/socialNetwork/results/benchmark1.5b-replica-scale-09-09-26_173920/scale-4x.
[1;30;44mMazu:[0m Logs: /users/apoudel/DeathStarBench/socialNetwork/results/benchmark1.5b-replica-scale-09-09-26_173920/logs/scale-4x-sweep.log (+ one per strategy).
=== Benchmark 1.5b (no-scale) sweep started at Wed Sep  9 06:44:19 PM MDT 2026 for st5-AttUpd ===
Strategy: st5-AttUpd | Tag: st5-AttUpd | Duration: 120 seconds | RPS: 1000
Results Directory: /users/apoudel/DeathStarBench/socialNetwork/20260909_184419/st5-AttUpd-120
Output File: /users/apoudel/DeathStarBench/socialNetwork/20260909_184419/st5-AttUpd-120/1000.txt
/users/apoudel/DeathStarBench/socialNetwork
[1;30;44mMazu:[0m Uninstalling Bookinfo application....
service "details" deleted from default namespace
serviceaccount "bookinfo-details" deleted from default namespace
deployment.apps "details-v1" deleted from default namespace
service "ratings" deleted from default namespace
serviceaccount "bookinfo-ratings" deleted from default namespace
deployment.apps "ratings-v1" deleted from default namespace
service "reviews" deleted from default namespace
serviceaccount "bookinfo-reviews" deleted from default namespace
deployment.apps "reviews-v1" deleted from default namespace
deployment.apps "reviews-v2" deleted from default namespace
deployment.apps "reviews-v3" deleted from default namespace
service "productpage" deleted from default namespace
serviceaccount "bookinfo-productpage" deleted from default namespace
deployment.apps "productpage-v1" deleted from default namespace
gateway.networking.istio.io "bookinfo-gateway" deleted from default namespace
virtualservice.networking.istio.io "bookinfo" deleted from default namespace
Error from server (NotFound): error when deleting "/users/apoudel/DeathStarBench/socialNetwork/scratch/yaml/bf-hpa.yaml": horizontalpodautoscalers.autoscaling "details-hpa" not found
Error from server (NotFound): error when deleting "/users/apoudel/DeathStarBench/socialNetwork/scratch/yaml/bf-hpa.yaml": horizontalpodautoscalers.autoscaling "ratings-hpa" not found
Error from server (NotFound): error when deleting "/users/apoudel/DeathStarBench/socialNetwork/scratch/yaml/bf-hpa.yaml": horizontalpodautoscalers.autoscaling "reviews-v1-hpa" not found
Error from server (NotFound): error when deleting "/users/apoudel/DeathStarBench/socialNetwork/scratch/yaml/bf-hpa.yaml": horizontalpodautoscalers.autoscaling "reviews-v2-hpa" not found
Error from server (NotFound): error when deleting "/users/apoudel/DeathStarBench/socialNetwork/scratch/yaml/bf-hpa.yaml": horizontalpodautoscalers.autoscaling "reviews-v3-hpa" not found
Error from server (NotFound): error when deleting "/users/apoudel/DeathStarBench/socialNetwork/scratch/yaml/bf-hpa.yaml": horizontalpodautoscalers.autoscaling "productpage-hpa" not found
destinationrule.networking.istio.io "details-no-reuse" deleted from default namespace
destinationrule.networking.istio.io "ratings-no-reuse" deleted from default namespace
destinationrule.networking.istio.io "reviews-no-reuse" deleted from default namespace
pod/details-v1-85d6566d54-9stx9 condition met
pod/details-v1-85d6566d54-kslrk condition met
pod/productpage-v1-54fdfcc87b-2g6dv condition met
pod/productpage-v1-54fdfcc87b-qjpm2 condition met
pod/reviews-v3-77547bcdc8-zqpv4 condition met
Strategy: st5-AttUpd | Tag: st5-AttUpd | Duration: 120 seconds | RPS: 1000
Results Directory: /users/apoudel/DeathStarBench/socialNetwork/20260909_184426/st5-AttUpd-120
Output File: /users/apoudel/DeathStarBench/socialNetwork/20260909_184426/st5-AttUpd-120/1000.txt
/users/apoudel/DeathStarBench/socialNetwork
All Istio resources will be pruned from the cluster

  Removed apps/v1, Kind=Deployment/istio-ingressgateway.istio-system.
  Removed apps/v1, Kind=Deployment/istiod.istio-system.
  Removed /v1, Kind=Service/istio-ingressgateway.istio-system.
  Removed /v1, Kind=Service/istiod.istio-system.
  Removed /v1, Kind=ConfigMap/istio.istio-system.
  Removed /v1, Kind=ConfigMap/istio-sidecar-injector.istio-system.
  Removed /v1, Kind=Pod/istio-ingressgateway-75fb7d94d9-dlfvl.istio-system.
  Removed /v1, Kind=Pod/istio-ingressgateway-75fb7d94d9-fl58j.istio-system.
  Removed /v1, Kind=Pod/istio-ingressgateway-75fb7d94d9-kbptd.istio-system.
  Removed /v1, Kind=Pod/istio-ingressgateway-75fb7d94d9-m22gf.istio-system.
  Removed /v1, Kind=Pod/istio-ingressgateway-75fb7d94d9-x2599.istio-system.
  Removed /v1, Kind=Pod/istiod-8574d68d5c-2t6gr.istio-system.
  Removed /v1, Kind=ServiceAccount/istio-ingressgateway-service-account.istio-system.
  Removed /v1, Kind=ServiceAccount/istio-reader-service-account.istio-system.
  Removed /v1, Kind=ServiceAccount/istiod.istio-system.
  Removed rbac.authorization.k8s.io/v1, Kind=RoleBinding/istio-ingressgateway-sds.istio-system.
  Removed rbac.authorization.k8s.io/v1, Kind=RoleBinding/istiod.istio-system.
  Removed rbac.authorization.k8s.io/v1, Kind=Role/istio-ingressgateway-sds.istio-system.
  Removed rbac.authorization.k8s.io/v1, Kind=Role/istiod.istio-system.
  Removed policy/v1, Kind=PodDisruptionBudget/istio-ingressgateway.istio-system.
  Removed policy/v1, Kind=PodDisruptionBudget/istiod.istio-system.
  Removed autoscaling/v2, Kind=HorizontalPodAutoscaler/istio-ingressgateway.istio-system.
  Removed autoscaling/v2, Kind=HorizontalPodAutoscaler/istiod.istio-system.
  Removed admissionregistration.k8s.io/v1, Kind=MutatingWebhookConfiguration/istio-revision-tag-default..
  Removed admissionregistration.k8s.io/v1, Kind=MutatingWebhookConfiguration/istio-sidecar-injector..
  Removed admissionregistration.k8s.io/v1, Kind=ValidatingWebhookConfiguration/istio-validator-istio-system..
  Removed admissionregistration.k8s.io/v1, Kind=ValidatingWebhookConfiguration/istiod-default-validator..
  Removed rbac.authorization.k8s.io/v1, Kind=ClusterRole/istio-reader-clusterrole-istio-system..
  Removed rbac.authorization.k8s.io/v1, Kind=ClusterRole/istiod-clusterrole-istio-system..
  Removed rbac.authorization.k8s.io/v1, Kind=ClusterRole/istiod-gateway-controller-istio-system..
  Removed rbac.authorization.k8s.io/v1, Kind=ClusterRoleBinding/istio-reader-clusterrole-istio-system..
  Removed rbac.authorization.k8s.io/v1, Kind=ClusterRoleBinding/istiod-clusterrole-istio-system..
  Removed rbac.authorization.k8s.io/v1, Kind=ClusterRoleBinding/istiod-gateway-controller-istio-system..
  Removed apiextensions.k8s.io/v1, Kind=CustomResourceDefinition/authorizationpolicies.security.istio.io..
  Removed apiextensions.k8s.io/v1, Kind=CustomResourceDefinition/destinationrules.networking.istio.io..
  Removed apiextensions.k8s.io/v1, Kind=CustomResourceDefinition/envoyfilters.networking.istio.io..
  Removed apiextensions.k8s.io/v1, Kind=CustomResourceDefinition/gateways.networking.istio.io..
  Removed apiextensions.k8s.io/v1, Kind=CustomResourceDefinition/peerauthentications.security.istio.io..
  Removed apiextensions.k8s.io/v1, Kind=CustomResourceDefinition/proxyconfigs.networking.istio.io..
  Removed apiextensions.k8s.io/v1, Kind=CustomResourceDefinition/requestauthentications.security.istio.io..
  Removed apiextensions.k8s.io/v1, Kind=CustomResourceDefinition/serviceentries.networking.istio.io..
  Removed apiextensions.k8s.io/v1, Kind=CustomResourceDefinition/sidecars.networking.istio.io..
  Removed apiextensions.k8s.io/v1, Kind=CustomResourceDefinition/telemetries.telemetry.istio.io..
  Removed apiextensions.k8s.io/v1, Kind=CustomResourceDefinition/virtualservices.networking.istio.io..
  Removed apiextensions.k8s.io/v1, Kind=CustomResourceDefinition/wasmplugins.extensions.istio.io..
  Removed apiextensions.k8s.io/v1, Kind=CustomResourceDefinition/workloadentries.networking.istio.io..
  Removed apiextensions.k8s.io/v1, Kind=CustomResourceDefinition/workloadgroups.networking.istio.io..

✔ Uninstall completepod/istiod-8574d68d5c-2t6gr condition met
pod/istio-ingressgateway-75fb7d94d9-dlfvl condition met
pod/istio-ingressgateway-75fb7d94d9-fl58j condition met
pod/istio-ingressgateway-75fb7d94d9-kbptd condition met
pod/istio-ingressgateway-75fb7d94d9-m22gf condition met
pod/istio-ingressgateway-75fb7d94d9-x2599 condition met
pod "kube-apiserver-node-0" deleted from kube-system namespace
pod "kube-apiserver-node-1" deleted from kube-system namespace
API server count: 2. Waiting for all kube-apiserver pods to become Ready...
All kube-apiserver pods are Ready
Creating TPMs on all nodes...
Warning: Permanently added 'pc772.emulab.net' (ED25519) to the list of known hosts.
Warning: Permanently added 'pc772.emulab.net' (ED25519) to the list of known hosts.
--> Creating tpm state folder in /tpm/myvtpm2.
--> Creating tpm state folder in /tpm/myvtpm2.
--> Creating tpm with swtpm_setup.
--> Creating tpm with swtpm_setup.
Starting vTPM manufacturing as root:root @ Wed 09 Sep 2026 06:44:44 PM MDT
Apply profile: {"Name": "default-v1"}
Starting vTPM manufacturing as root:root @ Wed 09 Sep 2026 06:44:44 PM MDT
Apply profile: {"Name": "default-v1"}
TPM is listening on Unix socket.
TPM is listening on Unix socket.
Active profile: {"Name":"default-v1","StateFormatLevel":7,"Commands":"0x11f-0x122,0x124-0x12e,0x130-0x140,0x142-0x159,0x15b-0x15e,0x160-0x165,0x167-0x174,0x176-0x178,0x17a-0x193,0x197,0x199-0x19c","Algorithms":"rsa,rsa-min-size=1024,tdes,tdes-min-size=128,sha1,hmac,aes,aes-min-size=128,mgf1,keyedhash,xor,sha256,sha384,sha512,null,rsassa,rsaes,rsapss,oaep,ecdsa,ecdh,ecdaa,sm2,ecschnorr,ecmqv,kdf1-sp800-56a,kdf2,kdf1-sp800-108,ecc,ecc-min-size=192,ecc-nist,ecc-bn,ecc-sm2-p256,symcipher,camellia,camellia-min-size=128,cmac,ctr,ofb,cbc,cfb,ecb","Description":"This profile enables all libtpms v0.10-supported commands and algorithms. This profile is compatible with libtpms >= v0.10."}
Active profile: {"Name":"default-v1","StateFormatLevel":7,"Commands":"0x11f-0x122,0x124-0x12e,0x130-0x140,0x142-0x159,0x15b-0x15e,0x160-0x165,0x167-0x174,0x176-0x178,0x17a-0x193,0x197,0x199-0x19c","Algorithms":"rsa,rsa-min-size=1024,tdes,tdes-min-size=128,sha1,hmac,aes,aes-min-size=128,mgf1,keyedhash,xor,sha256,sha384,sha512,null,rsassa,rsaes,rsapss,oaep,ecdsa,ecdh,ecdaa,sm2,ecschnorr,ecmqv,kdf1-sp800-56a,kdf2,kdf1-sp800-108,ecc,ecc-min-size=192,ecc-nist,ecc-bn,ecc-sm2-p256,symcipher,camellia,camellia-min-size=128,cmac,ctr,ofb,cbc,cfb,ecb","Description":"This profile enables all libtpms v0.10-supported commands and algorithms. This profile is compatible with libtpms >= v0.10."}
Successfully created RSA 2048 EK with handle 0x81010001.
  Invoking /usr/bin/swtpm_localca --type ek --ek bee51f3a48bb6cc9f24a06a1533b32b6382ec2580719836bdf8120782459c795975e4c59a6d82e93bc2b69ed1e1f627baa144a7291ca02a8cc855b5f746ec5874d1261616218cf16fbd2276d9a42bbf517f34a807d5a25e0760e9256db29337032f26b4f201859eec4aba5ff90818d99dba75058522fbd8c106f11e52c32ae8fa53a33001aa218f6e94b6d0402719346ec28a15d48885efc852a930038f30dca0aac50cda445ea1e106183546e06d03f7b221c887d0827f35d703ddf061cb1dc7ab84bd74cb25e051fce15f03d61e3fe484a14fe93ba76d4cc5d4490c6f1d74e38472cf932c7aa121fab4ccc9448f8ef699af26d4bf0a15eec3958c96635218b --dir /tmp/swtpm_setup.certs.QUVRV3 --tpm-spec-family 2.0 --tpm-spec-level 0 --tpm-spec-revision 183 --tpm-manufacturer id:00001014 --tpm-model swtpm --tpm-version id:20240125 --tpm2 --configfile /etc/swtpm-localca.conf --optsfile /etc/swtpm-localca.options
swtpm_localca: Successfully created EK certificate locally.
  Invoking /usr/bin/swtpm_localca --type platform --ek bee51f3a48bb6cc9f24a06a1533b32b6382ec2580719836bdf8120782459c795975e4c59a6d82e93bc2b69ed1e1f627baa144a7291ca02a8cc855b5f746ec5874d1261616218cf16fbd2276d9a42bbf517f34a807d5a25e0760e9256db29337032f26b4f201859eec4aba5ff90818d99dba75058522fbd8c106f11e52c32ae8fa53a33001aa218f6e94b6d0402719346ec28a15d48885efc852a930038f30dca0aac50cda445ea1e106183546e06d03f7b221c887d0827f35d703ddf061cb1dc7ab84bd74cb25e051fce15f03d61e3fe484a14fe93ba76d4cc5d4490c6f1d74e38472cf932c7aa121fab4ccc9448f8ef699af26d4bf0a15eec3958c96635218b --dir /tmp/swtpm_setup.certs.QUVRV3 --tpm-spec-family 2.0 --tpm-spec-level 0 --tpm-spec-revision 183 --tpm-manufacturer id:00001014 --tpm-model swtpm --tpm-version id:20240125 --tpm2 --configfile /etc/swtpm-localca.conf --optsfile /etc/swtpm-localca.options
swtpm_localca: Successfully created platform certificate locally.
Successfully created NVRAM area 0x1c00002 for RSA 2048 EK certificate.
Successfully created NVRAM area 0x1c08000 for platform certificate.
Successfully created ECC EK with handle 0x81010016.
  Invoking /usr/bin/swtpm_localca --type ek --ek x=bf9c5adc96ca8b382c3970c105f69f74164ae8c86c8f5007232a1ae4ae19c6f4602f77d901487eb2e9ff53309313be51,y=a55386c331433b9f55e764d08224b7eb6cd762ba9f10205a8f439b31b9a15abdec5a845183f84ee55b996450603d26c4,id=secp384r1 --dir /tmp/swtpm_setup.certs.QUVRV3 --tpm-spec-family 2.0 --tpm-spec-level 0 --tpm-spec-revision 183 --tpm-manufacturer id:00001014 --tpm-model swtpm --tpm-version id:20240125 --tpm2 --configfile /etc/swtpm-localca.conf --optsfile /etc/swtpm-localca.options
swtpm_localca: Successfully created EK certificate locally.
Successfully created NVRAM area 0x1c00016 for ECC EK certificate.
Successfully activated PCR banks sha256 among sha1,sha256,sha384,sha512.
Successfully authored TPM state.
Ending vTPM manufacturing @ Wed 09 Sep 2026 06:44:44 PM MDT
Successfully created RSA 2048 EK with handle 0x81010001.
  Invoking /usr/bin/swtpm_localca --type ek --ek 926e5eb95319386afb6615e64fc1b031ba4a0896e21d192841f3ea0ce1fbebbf8d8b203ba8f3b83667f82b954cb6a762804d7cd64ca0993e3cc7170774f0bb2679d4f307a75e208a60ca399ca28e90dc86903be0908de7b43946c8c56efec5926e0fbe0c3ceb8477fe6dc19cf17ea3774f3e740f0512c398a89072c7254808ad317a8d43e61b6ee23ebe5a2198d6dcb7960d9fd2d6d509a3bbc78b35c6ed27f0fa557033cc196136914d2dde0013301274b8cbfe340265f07fd8723fafd9bd1297005ed681218d49ea375f3b75a0bdd758e94984ea5f2dc1fff2382ee38888344526e428169b9c464de1bcb87df669593148b4d236010aa066d854d4953eef0d --dir /tmp/swtpm_setup.certs.BIXRV3 --tpm-spec-family 2.0 --tpm-spec-level 0 --tpm-spec-revision 183 --tpm-manufacturer id:00001014 --tpm-model swtpm --tpm-version id:20240125 --tpm2 --configfile /etc/swtpm-localca.conf --optsfile /etc/swtpm-localca.options
swtpm_localca: Successfully created EK certificate locally.
  Invoking /usr/bin/swtpm_localca --type platform --ek 926e5eb95319386afb6615e64fc1b031ba4a0896e21d192841f3ea0ce1fbebbf8d8b203ba8f3b83667f82b954cb6a762804d7cd64ca0993e3cc7170774f0bb2679d4f307a75e208a60ca399ca28e90dc86903be0908de7b43946c8c56efec5926e0fbe0c3ceb8477fe6dc19cf17ea3774f3e740f0512c398a89072c7254808ad317a8d43e61b6ee23ebe5a2198d6dcb7960d9fd2d6d509a3bbc78b35c6ed27f0fa557033cc196136914d2dde0013301274b8cbfe340265f07fd8723fafd9bd1297005ed681218d49ea375f3b75a0bdd758e94984ea5f2dc1fff2382ee38888344526e428169b9c464de1bcb87df669593148b4d236010aa066d854d4953eef0d --dir /tmp/swtpm_setup.certs.BIXRV3 --tpm-spec-family 2.0 --tpm-spec-level 0 --tpm-spec-revision 183 --tpm-manufacturer id:00001014 --tpm-model swtpm --tpm-version id:20240125 --tpm2 --configfile /etc/swtpm-localca.conf --optsfile /etc/swtpm-localca.options
swtpm_localca: Successfully created platform certificate locally.
Successfully created NVRAM area 0x1c00002 for RSA 2048 EK certificate.
Successfully created NVRAM area 0x1c08000 for platform certificate.
Successfully created ECC EK with handle 0x81010016.
  Invoking /usr/bin/swtpm_localca --type ek --ek x=22e23c1fe6b3aec2c90479b01b99316e87c9c5c1860d1944c623eb53a505fa5da2d1fae4934e31a403f118cdd7f2364d,y=4d88ad7be9de2ef1c659d06950f51124c9f4434850306ebff63cb3d3ebb8cc915dd161d6dce25962ccdfe1917ce35cd0,id=secp384r1 --dir /tmp/swtpm_setup.certs.BIXRV3 --tpm-spec-family 2.0 --tpm-spec-level 0 --tpm-spec-revision 183 --tpm-manufacturer id:00001014 --tpm-model swtpm --tpm-version id:20240125 --tpm2 --configfile /etc/swtpm-localca.conf --optsfile /etc/swtpm-localca.options
swtpm_localca: Successfully created EK certificate locally.
Successfully created NVRAM area 0x1c00016 for ECC EK certificate.
Successfully activated PCR banks sha256 among sha1,sha256,sha384,sha512.
Successfully authored TPM state.
Ending vTPM manufacturing @ Wed 09 Sep 2026 06:44:44 PM MDT
--> Creating /dev/tpmrm0 device with swtpm_cuse.
--> Creating /dev/tpmrm0 device with swtpm_cuse.
TPMs created on all nodes
Using strategy: st5-AttUpd
Deploying Mazu ConfigMap to namespace: default
configmap "mazu-config" deleted from default namespace
configmap/mazu-config created
Deploying Mazu ConfigMap to namespace: istio-system
configmap "mazu-config" deleted from istio-system namespace
configmap/mazu-config created
Deploying RBE PP ConfigMap to namespace: default
configmap "rbe-pp" deleted from default namespace
configmap/rbe-pp created
Deploying RBE PP ConfigMap to namespace: istio-system
configmap "rbe-pp" deleted from istio-system namespace
configmap/rbe-pp created
"k8s-tpm-device" already exists with the same configuration, skipping
Hang tight while we grab the latest from your chart repositories...
...Successfully got an update from the "k8s-tpm-device" chart repository
Update Complete. ⎈Happy Helming!⎈
Release "k8s-tpm-device" has been upgraded. Happy Helming!
NAME: k8s-tpm-device
LAST DEPLOYED: Wed Sep  9 18:45:49 2026
NAMESPACE: tpm-device
STATUS: deployed
REVISION: 36
TEST SUITE: None
Deploying TPM public key ConfigMap to namespace: default
configmap "tpm-pubkey" deleted from default namespace
configmap/tpm-pubkey created
Deploying TPM public key ConfigMap to namespace: istio-system
configmap "tpm-pubkey" deleted from istio-system namespace
configmap/tpm-pubkey created
secret "tpm-keys" deleted from istio-system namespace
secret/tpm-keys created
Strategy: st5-AttUpd | Tag: st5-AttUpd | Duration: 120 seconds | RPS: 1000
Results Directory: /users/apoudel/DeathStarBench/socialNetwork/20260909_184550/st5-AttUpd-120
Output File: /users/apoudel/DeathStarBench/socialNetwork/20260909_184550/st5-AttUpd-120/1000.txt
/users/apoudel/DeathStarBench/socialNetwork
[1;30;44mMazu:[0m Installing Istio....
service "etcd" deleted from istio-system namespace
statefulset.apps "etcd" deleted from istio-system namespace
persistentvolumeclaim "etcd-data-etcd-0" deleted from istio-system namespace
Error from server (AlreadyExists): namespaces "istio-system" already exists
namespace already exists
service/etcd created
statefulset.apps/etcd created
        |\          
        | \         
        |  \        
        |   \       
      /||    \      
     / ||     \     
    /  ||      \    
   /   ||       \   
  /    ||        \  
 /     ||         \ 
/______||__________\
____________________
  \__       _____/  
     \_____/        

WARNING: Istio 1.24.0 may be out of support (EOL) already: see https://istio.io/latest/docs/releases/supported-releases/ for supported releases

- Processing resources for Istio core.
- Processing resources for Istio core. Waiting for CustomResourceDefinition/, CustomResourceDefin...
✔ Istio core installed ⛵️
- Processing resources for Istiod.
- Processing resources for Istiod. Waiting for Deployment/istio-system/istiod
✔ Istiod installed 🧠
- Processing resources for Ingress gateways.
- Processing resources for Ingress gateways. Waiting for Deployment/istio-system/istio-ingressgat...
✔ Ingress gateways installed 🛬
- Pruning removed resources
✔ Installation completeclusterrole.rbac.authorization.k8s.io/token-review-role unchanged
clusterrolebinding.rbac.authorization.k8s.io/token-review-binding unchanged
role.rbac.authorization.k8s.io/leader-election-key-curator-role unchanged
rolebinding.rbac.authorization.k8s.io/leader-election-key-curator-role-binding unchanged
namespace/default not labeled
peerauthentication.security.istio.io/default created
pod/istiod-fb9866b9d-b4pvd condition met
pod/istio-ingressgateway-745cc59f79-4444d condition met
service/details created
serviceaccount/bookinfo-details created
deployment.apps/details-v1 created
service/ratings created
serviceaccount/bookinfo-ratings created
deployment.apps/ratings-v1 created
service/reviews created
serviceaccount/bookinfo-reviews created
deployment.apps/reviews-v1 created
deployment.apps/reviews-v2 created
deployment.apps/reviews-v3 created
service/productpage created
serviceaccount/bookinfo-productpage created
deployment.apps/productpage-v1 created
gateway.networking.istio.io/bookinfo-gateway created
virtualservice.networking.istio.io/bookinfo created
destinationrule.networking.istio.io/details-no-reuse created
destinationrule.networking.istio.io/ratings-no-reuse created
destinationrule.networking.istio.io/reviews-no-reuse created
Waiting for rollouts (timeout 540s each):
  deployment.apps/details-v1
  deployment.apps/ratings-v1
  deployment.apps/reviews-v1
  deployment.apps/reviews-v2
  deployment.apps/reviews-v3
  deployment.apps/productpage-v1
Waiting for deployment "details-v1" rollout to finish: 0 of 4 replicas are ready...
deployment "details-v1" successfully rolled out (4/4 ready)
deployment "ratings-v1" successfully rolled out (4/4 ready)
deployment "reviews-v1" successfully rolled out (4/4 ready)
deployment "reviews-v2" successfully rolled out (4/4 ready)
deployment "reviews-v3" successfully rolled out (4/4 ready)
deployment "productpage-v1" successfully rolled out (4/4 ready)
pod/istiod-fb9866b9d-b4pvd condition met
pod/istio-ingressgateway-745cc59f79-4444d condition met
Ingress: 155.98.38.240:80
Strategy: st5-AttUpd | Tag: st5-AttUpd | Duration: 120 seconds | RPS: 1000
Results Directory: /users/apoudel/DeathStarBench/socialNetwork/20260909_184627/st5-AttUpd-120
Output File: /users/apoudel/DeathStarBench/socialNetwork/20260909_184627/st5-AttUpd-120/1000.txt
/users/apoudel/DeathStarBench/socialNetwork
[1;30;44mMazu:[0m Uninstalling Prometheus from istio-system....
Strategy: st5-AttUpd | Tag: st5-AttUpd | Duration: 120 seconds | RPS: 1000
Results Directory: /users/apoudel/DeathStarBench/socialNetwork/20260909_184627/st5-AttUpd-120
Output File: /users/apoudel/DeathStarBench/socialNetwork/20260909_184627/st5-AttUpd-120/1000.txt
/users/apoudel/DeathStarBench/socialNetwork
[1;30;44mMazu:[0m Installing Prometheus in istio-system....
serviceaccount/prometheus created
configmap/prometheus created
clusterrole.rbac.authorization.k8s.io/prometheus created
clusterrolebinding.rbac.authorization.k8s.io/prometheus created
service/prometheus created
deployment.apps/prometheus created
pod/prometheus-c9ff75ddb-kbmcv condition met
[1;30;44mMazu:[0m Prometheus is ready.
Waiting for Prometheus pod to be Running...
pod/prometheus-c9ff75ddb-kbmcv condition met
Forwarding from 127.0.0.1:9091 -> 9090
Forwarding from [::1]:9091 -> 9090
Waiting for Prometheus to be reachable at http://localhost:9091...
Handling connection for 9091
Prometheus is reachable at http://localhost:9091
--- Running RPS=100 for 120s ---
Running wrk2 with STRAT=st5-AttUpd, RPS=100, DURATION=120s. Output: /users/apoudel/DeathStarBench/socialNetwork/results/benchmark1.5b-replica-scale-09-09-26_173920/scale-4x/st5-AttUpd/100.txt
wrk2 results saved to /users/apoudel/DeathStarBench/socialNetwork/results/benchmark1.5b-replica-scale-09-09-26_173920/scale-4x/st5-AttUpd/100.txt
Collecting metrics from Prometheus (http://localhost:9091)
  Window: 2026-09-09 18:46:35 -> 2026-09-09 18:48:35 (120s)
  Output: /users/apoudel/DeathStarBench/socialNetwork/results/benchmark1.5b-replica-scale-09-09-26_173920/scale-4x/st5-AttUpd/metrics_100.json
Handling connection for 9091
Handling connection for 9091
Handling connection for 9091
Handling connection for 9091
Handling connection for 9091
Handling connection for 9091
Metrics saved to /users/apoudel/DeathStarBench/socialNetwork/results/benchmark1.5b-replica-scale-09-09-26_173920/scale-4x/st5-AttUpd/metrics_100.json
--- RPS=100 complete ---
--- Running RPS=200 for 120s ---
Running wrk2 with STRAT=st5-AttUpd, RPS=200, DURATION=120s. Output: /users/apoudel/DeathStarBench/socialNetwork/results/benchmark1.5b-replica-scale-09-09-26_173920/scale-4x/st5-AttUpd/200.txt
wrk2 results saved to /users/apoudel/DeathStarBench/socialNetwork/results/benchmark1.5b-replica-scale-09-09-26_173920/scale-4x/st5-AttUpd/200.txt
Collecting metrics from Prometheus (http://localhost:9091)
  Window: 2026-09-09 18:48:35 -> 2026-09-09 18:50:35 (120s)
  Output: /users/apoudel/DeathStarBench/socialNetwork/results/benchmark1.5b-replica-scale-09-09-26_173920/scale-4x/st5-AttUpd/metrics_200.json
Handling connection for 9091
Handling connection for 9091
Handling connection for 9091
Handling connection for 9091
Handling connection for 9091
Handling connection for 9091
Metrics saved to /users/apoudel/DeathStarBench/socialNetwork/results/benchmark1.5b-replica-scale-09-09-26_173920/scale-4x/st5-AttUpd/metrics_200.json
--- RPS=200 complete ---
--- Running RPS=400 for 120s ---
Running wrk2 with STRAT=st5-AttUpd, RPS=400, DURATION=120s. Output: /users/apoudel/DeathStarBench/socialNetwork/results/benchmark1.5b-replica-scale-09-09-26_173920/scale-4x/st5-AttUpd/400.txt
wrk2 results saved to /users/apoudel/DeathStarBench/socialNetwork/results/benchmark1.5b-replica-scale-09-09-26_173920/scale-4x/st5-AttUpd/400.txt
Collecting metrics from Prometheus (http://localhost:9091)
  Window: 2026-09-09 18:50:36 -> 2026-09-09 18:52:36 (120s)
  Output: /users/apoudel/DeathStarBench/socialNetwork/results/benchmark1.5b-replica-scale-09-09-26_173920/scale-4x/st5-AttUpd/metrics_400.json
Handling connection for 9091
Handling connection for 9091
Handling connection for 9091
Handling connection for 9091
Handling connection for 9091
Handling connection for 9091
Metrics saved to /users/apoudel/DeathStarBench/socialNetwork/results/benchmark1.5b-replica-scale-09-09-26_173920/scale-4x/st5-AttUpd/metrics_400.json
--- RPS=400 complete ---
--- Running RPS=800 for 120s ---
Running wrk2 with STRAT=st5-AttUpd, RPS=800, DURATION=120s. Output: /users/apoudel/DeathStarBench/socialNetwork/results/benchmark1.5b-replica-scale-09-09-26_173920/scale-4x/st5-AttUpd/800.txt
wrk2 results saved to /users/apoudel/DeathStarBench/socialNetwork/results/benchmark1.5b-replica-scale-09-09-26_173920/scale-4x/st5-AttUpd/800.txt
Collecting metrics from Prometheus (http://localhost:9091)
  Window: 2026-09-09 18:52:37 -> 2026-09-09 18:54:37 (120s)
  Output: /users/apoudel/DeathStarBench/socialNetwork/results/benchmark1.5b-replica-scale-09-09-26_173920/scale-4x/st5-AttUpd/metrics_800.json
Handling connection for 9091
Handling connection for 9091
Handling connection for 9091
Handling connection for 9091
Handling connection for 9091
Handling connection for 9091
Metrics saved to /users/apoudel/DeathStarBench/socialNetwork/results/benchmark1.5b-replica-scale-09-09-26_173920/scale-4x/st5-AttUpd/metrics_800.json
--- RPS=800 complete ---
--- Running RPS=1200 for 120s ---
Running wrk2 with STRAT=st5-AttUpd, RPS=1200, DURATION=120s. Output: /users/apoudel/DeathStarBench/socialNetwork/results/benchmark1.5b-replica-scale-09-09-26_173920/scale-4x/st5-AttUpd/1200.txt
wrk2 results saved to /users/apoudel/DeathStarBench/socialNetwork/results/benchmark1.5b-replica-scale-09-09-26_173920/scale-4x/st5-AttUpd/1200.txt
Collecting metrics from Prometheus (http://localhost:9091)
  Window: 2026-09-09 18:54:37 -> 2026-09-09 18:56:37 (120s)
  Output: /users/apoudel/DeathStarBench/socialNetwork/results/benchmark1.5b-replica-scale-09-09-26_173920/scale-4x/st5-AttUpd/metrics_1200.json
Handling connection for 9091
Handling connection for 9091
Handling connection for 9091
Handling connection for 9091
Handling connection for 9091
Handling connection for 9091
Metrics saved to /users/apoudel/DeathStarBench/socialNetwork/results/benchmark1.5b-replica-scale-09-09-26_173920/scale-4x/st5-AttUpd/metrics_1200.json
--- RPS=1200 complete ---
--- Running RPS=1600 for 120s ---
Running wrk2 with STRAT=st5-AttUpd, RPS=1600, DURATION=120s. Output: /users/apoudel/DeathStarBench/socialNetwork/results/benchmark1.5b-replica-scale-09-09-26_173920/scale-4x/st5-AttUpd/1600.txt
wrk2 results saved to /users/apoudel/DeathStarBench/socialNetwork/results/benchmark1.5b-replica-scale-09-09-26_173920/scale-4x/st5-AttUpd/1600.txt
Collecting metrics from Prometheus (http://localhost:9091)
  Window: 2026-09-09 18:56:38 -> 2026-09-09 18:58:38 (120s)
  Output: /users/apoudel/DeathStarBench/socialNetwork/results/benchmark1.5b-replica-scale-09-09-26_173920/scale-4x/st5-AttUpd/metrics_1600.json
Handling connection for 9091
Handling connection for 9091
Handling connection for 9091
Handling connection for 9091
Handling connection for 9091
Handling connection for 9091
Metrics saved to /users/apoudel/DeathStarBench/socialNetwork/results/benchmark1.5b-replica-scale-09-09-26_173920/scale-4x/st5-AttUpd/metrics_1600.json
--- RPS=1600 complete ---
--- Running RPS=2000 for 120s ---
Running wrk2 with STRAT=st5-AttUpd, RPS=2000, DURATION=120s. Output: /users/apoudel/DeathStarBench/socialNetwork/results/benchmark1.5b-replica-scale-09-09-26_173920/scale-4x/st5-AttUpd/2000.txt
wrk2 results saved to /users/apoudel/DeathStarBench/socialNetwork/results/benchmark1.5b-replica-scale-09-09-26_173920/scale-4x/st5-AttUpd/2000.txt
Collecting metrics from Prometheus (http://localhost:9091)
  Window: 2026-09-09 18:58:39 -> 2026-09-09 19:00:39 (120s)
  Output: /users/apoudel/DeathStarBench/socialNetwork/results/benchmark1.5b-replica-scale-09-09-26_173920/scale-4x/st5-AttUpd/metrics_2000.json
Handling connection for 9091
Handling connection for 9091
Handling connection for 9091
Handling connection for 9091
Handling connection for 9091
Handling connection for 9091
Metrics saved to /users/apoudel/DeathStarBench/socialNetwork/results/benchmark1.5b-replica-scale-09-09-26_173920/scale-4x/st5-AttUpd/metrics_2000.json
--- RPS=2000 complete ---
Strategy: st5-AttUpd | Tag: st5-AttUpd | Duration: 120 seconds | RPS: 2000
Results Directory: /users/apoudel/DeathStarBench/socialNetwork/20260909_190040/st5-AttUpd-120
Output File: /users/apoudel/DeathStarBench/socialNetwork/20260909_190040/st5-AttUpd-120/2000.txt
/users/apoudel/DeathStarBench/socialNetwork
[1;30;44mMazu:[0m Uninstalling Prometheus from istio-system....
serviceaccount "prometheus" deleted from istio-system namespace
configmap "prometheus" deleted from istio-system namespace
clusterrole.rbac.authorization.k8s.io "prometheus" deleted
clusterrolebinding.rbac.authorization.k8s.io "prometheus" deleted
service "prometheus" deleted from istio-system namespace
deployment.apps "prometheus" deleted from istio-system namespace
Generated /users/apoudel/DeathStarBench/socialNetwork/results/benchmark1.5b-replica-scale-09-09-26_173920/scale-4x/st5-AttUpd/cpu.dat and /users/apoudel/DeathStarBench/socialNetwork/results/benchmark1.5b-replica-scale-09-09-26_173920/scale-4x/st5-AttUpd/memory.dat
=== Benchmark 1.5b (no-scale) sweep completed at Wed Sep  9 07:00:40 PM MDT 2026 for st5-AttUpd ===
=== Benchmark 1.5b (no-scale) sweep started at Wed Sep  9 07:00:40 PM MDT 2026 for istio ===
Strategy: istio | Tag: st5-AttUpd | Duration: 120 seconds | RPS: 1000
Results Directory: /users/apoudel/DeathStarBench/socialNetwork/20260909_190040/istio-120
Output File: /users/apoudel/DeathStarBench/socialNetwork/20260909_190040/istio-120/1000.txt
/users/apoudel/DeathStarBench/socialNetwork
[1;30;44mMazu:[0m Uninstalling Bookinfo application....
service "details" deleted from default namespace
serviceaccount "bookinfo-details" deleted from default namespace
deployment.apps "details-v1" deleted from default namespace
service "ratings" deleted from default namespace
serviceaccount "bookinfo-ratings" deleted from default namespace
deployment.apps "ratings-v1" deleted from default namespace
service "reviews" deleted from default namespace
serviceaccount "bookinfo-reviews" deleted from default namespace
deployment.apps "reviews-v1" deleted from default namespace
deployment.apps "reviews-v2" deleted from default namespace
deployment.apps "reviews-v3" deleted from default namespace
service "productpage" deleted from default namespace
serviceaccount "bookinfo-productpage" deleted from default namespace
deployment.apps "productpage-v1" deleted from default namespace
gateway.networking.istio.io "bookinfo-gateway" deleted from default namespace
virtualservice.networking.istio.io "bookinfo" deleted from default namespace
Error from server (NotFound): error when deleting "/users/apoudel/DeathStarBench/socialNetwork/scratch/yaml/bf-hpa.yaml": horizontalpodautoscalers.autoscaling "details-hpa" not found
Error from server (NotFound): error when deleting "/users/apoudel/DeathStarBench/socialNetwork/scratch/yaml/bf-hpa.yaml": horizontalpodautoscalers.autoscaling "ratings-hpa" not found
Error from server (NotFound): error when deleting "/users/apoudel/DeathStarBench/socialNetwork/scratch/yaml/bf-hpa.yaml": horizontalpodautoscalers.autoscaling "reviews-v1-hpa" not found
Error from server (NotFound): error when deleting "/users/apoudel/DeathStarBench/socialNetwork/scratch/yaml/bf-hpa.yaml": horizontalpodautoscalers.autoscaling "reviews-v2-hpa" not found
Error from server (NotFound): error when deleting "/users/apoudel/DeathStarBench/socialNetwork/scratch/yaml/bf-hpa.yaml": horizontalpodautoscalers.autoscaling "reviews-v3-hpa" not found
Error from server (NotFound): error when deleting "/users/apoudel/DeathStarBench/socialNetwork/scratch/yaml/bf-hpa.yaml": horizontalpodautoscalers.autoscaling "productpage-hpa" not found
destinationrule.networking.istio.io "details-no-reuse" deleted from default namespace
destinationrule.networking.istio.io "ratings-no-reuse" deleted from default namespace
destinationrule.networking.istio.io "reviews-no-reuse" deleted from default namespace
pod/details-v1-5bff6c89bf-2ch8v condition met
pod/details-v1-5bff6c89bf-4sswq condition met
pod/details-v1-5bff6c89bf-76qs5 condition met
pod/details-v1-5bff6c89bf-d6nqz condition met
pod/productpage-v1-5fbc448f49-bcjml condition met
pod/productpage-v1-5fbc448f49-nxwp9 condition met
pod/productpage-v1-5fbc448f49-rqwwp condition met
Strategy: istio | Tag: st5-AttUpd | Duration: 120 seconds | RPS: 1000
Results Directory: /users/apoudel/DeathStarBench/socialNetwork/20260909_190047/istio-120
Output File: /users/apoudel/DeathStarBench/socialNetwork/20260909_190047/istio-120/1000.txt
/users/apoudel/DeathStarBench/socialNetwork
All Istio resources will be pruned from the cluster

  Removed apps/v1, Kind=Deployment/istio-ingressgateway.istio-system.
  Removed apps/v1, Kind=Deployment/istiod.istio-system.
  Removed /v1, Kind=Service/istio-ingressgateway.istio-system.
  Removed /v1, Kind=Service/istiod.istio-system.
  Removed /v1, Kind=ConfigMap/istio.istio-system.
  Removed /v1, Kind=ConfigMap/istio-sidecar-injector.istio-system.
  Removed /v1, Kind=Pod/istio-ingressgateway-745cc59f79-4444d.istio-system.
  Removed /v1, Kind=Pod/istio-ingressgateway-745cc59f79-445tt.istio-system.
  Removed /v1, Kind=Pod/istio-ingressgateway-745cc59f79-6zxhq.istio-system.
  Removed /v1, Kind=Pod/istio-ingressgateway-745cc59f79-8wlsg.istio-system.
  Removed /v1, Kind=Pod/istio-ingressgateway-745cc59f79-d2x9m.istio-system.
  Removed /v1, Kind=Pod/istio-ingressgateway-745cc59f79-n4g9p.istio-system.
  Removed /v1, Kind=Pod/istio-ingressgateway-745cc59f79-rlq69.istio-system.
  Removed /v1, Kind=Pod/istio-ingressgateway-745cc59f79-snf49.istio-system.
  Removed /v1, Kind=Pod/istio-ingressgateway-745cc59f79-sr2r9.istio-system.
  Removed /v1, Kind=Pod/istio-ingressgateway-745cc59f79-wkqj7.istio-system.
  Removed /v1, Kind=Pod/istiod-fb9866b9d-b4pvd.istio-system.
  Removed /v1, Kind=ServiceAccount/istio-ingressgateway-service-account.istio-system.
  Removed /v1, Kind=ServiceAccount/istio-reader-service-account.istio-system.
  Removed /v1, Kind=ServiceAccount/istiod.istio-system.
  Removed rbac.authorization.k8s.io/v1, Kind=RoleBinding/istio-ingressgateway-sds.istio-system.
  Removed rbac.authorization.k8s.io/v1, Kind=RoleBinding/istiod.istio-system.
  Removed rbac.authorization.k8s.io/v1, Kind=Role/istio-ingressgateway-sds.istio-system.
  Removed rbac.authorization.k8s.io/v1, Kind=Role/istiod.istio-system.
  Removed policy/v1, Kind=PodDisruptionBudget/istio-ingressgateway.istio-system.
  Removed policy/v1, Kind=PodDisruptionBudget/istiod.istio-system.
  Removed autoscaling/v2, Kind=HorizontalPodAutoscaler/istio-ingressgateway.istio-system.
  Removed autoscaling/v2, Kind=HorizontalPodAutoscaler/istiod.istio-system.
  Removed admissionregistration.k8s.io/v1, Kind=MutatingWebhookConfiguration/istio-revision-tag-default..
  Removed admissionregistration.k8s.io/v1, Kind=MutatingWebhookConfiguration/istio-sidecar-injector..
  Removed admissionregistration.k8s.io/v1, Kind=ValidatingWebhookConfiguration/istio-validator-istio-system..
  Removed admissionregistration.k8s.io/v1, Kind=ValidatingWebhookConfiguration/istiod-default-validator..
  Removed rbac.authorization.k8s.io/v1, Kind=ClusterRole/istio-reader-clusterrole-istio-system..
  Removed rbac.authorization.k8s.io/v1, Kind=ClusterRole/istiod-clusterrole-istio-system..
  Removed rbac.authorization.k8s.io/v1, Kind=ClusterRole/istiod-gateway-controller-istio-system..
  Removed rbac.authorization.k8s.io/v1, Kind=ClusterRoleBinding/istio-reader-clusterrole-istio-system..
  Removed rbac.authorization.k8s.io/v1, Kind=ClusterRoleBinding/istiod-clusterrole-istio-system..
  Removed rbac.authorization.k8s.io/v1, Kind=ClusterRoleBinding/istiod-gateway-controller-istio-system..
  Removed apiextensions.k8s.io/v1, Kind=CustomResourceDefinition/authorizationpolicies.security.istio.io..
  Removed apiextensions.k8s.io/v1, Kind=CustomResourceDefinition/destinationrules.networking.istio.io..
  Removed apiextensions.k8s.io/v1, Kind=CustomResourceDefinition/envoyfilters.networking.istio.io..
  Removed apiextensions.k8s.io/v1, Kind=CustomResourceDefinition/gateways.networking.istio.io..
  Removed apiextensions.k8s.io/v1, Kind=CustomResourceDefinition/peerauthentications.security.istio.io..
  Removed apiextensions.k8s.io/v1, Kind=CustomResourceDefinition/proxyconfigs.networking.istio.io..
  Removed apiextensions.k8s.io/v1, Kind=CustomResourceDefinition/requestauthentications.security.istio.io..
  Removed apiextensions.k8s.io/v1, Kind=CustomResourceDefinition/serviceentries.networking.istio.io..
  Removed apiextensions.k8s.io/v1, Kind=CustomResourceDefinition/sidecars.networking.istio.io..
  Removed apiextensions.k8s.io/v1, Kind=CustomResourceDefinition/telemetries.telemetry.istio.io..
  Removed apiextensions.k8s.io/v1, Kind=CustomResourceDefinition/virtualservices.networking.istio.io..
  Removed apiextensions.k8s.io/v1, Kind=CustomResourceDefinition/wasmplugins.extensions.istio.io..
  Removed apiextensions.k8s.io/v1, Kind=CustomResourceDefinition/workloadentries.networking.istio.io..
  Removed apiextensions.k8s.io/v1, Kind=CustomResourceDefinition/workloadgroups.networking.istio.io..

✔ Uninstall completelease.coordination.k8s.io "istiod-key-curator-leader" deleted from istio-system namespace
pod/istiod-fb9866b9d-b4pvd condition met
pod/istio-ingressgateway-745cc59f79-4444d condition met
pod/istio-ingressgateway-745cc59f79-445tt condition met
pod/istio-ingressgateway-745cc59f79-6zxhq condition met
pod/istio-ingressgateway-745cc59f79-8wlsg condition met
pod/istio-ingressgateway-745cc59f79-d2x9m condition met
pod/istio-ingressgateway-745cc59f79-n4g9p condition met
pod/istio-ingressgateway-745cc59f79-rlq69 condition met
pod/istio-ingressgateway-745cc59f79-snf49 condition met
pod/istio-ingressgateway-745cc59f79-sr2r9 condition met
pod/istio-ingressgateway-745cc59f79-wkqj7 condition met
pod "kube-apiserver-node-0" deleted from kube-system namespace
pod "kube-apiserver-node-1" deleted from kube-system namespace
API server count: 2. Waiting for all kube-apiserver pods to become Ready...
All kube-apiserver pods are Ready
Creating TPMs on all nodes...
Warning: Permanently added 'pc772.emulab.net' (ED25519) to the list of known hosts.
Warning: Permanently added 'pc772.emulab.net' (ED25519) to the list of known hosts.
--> Creating tpm state folder in /tpm/myvtpm2.
--> Creating tpm state folder in /tpm/myvtpm2.
--> Creating tpm with swtpm_setup.
--> Creating tpm with swtpm_setup.
Starting vTPM manufacturing as root:root @ Wed 09 Sep 2026 07:01:01 PM MDT
Apply profile: {"Name": "default-v1"}
TPM is listening on Unix socket.
Starting vTPM manufacturing as root:root @ Wed 09 Sep 2026 07:01:01 PM MDT
Apply profile: {"Name": "default-v1"}
TPM is listening on Unix socket.
Active profile: {"Name":"default-v1","StateFormatLevel":7,"Commands":"0x11f-0x122,0x124-0x12e,0x130-0x140,0x142-0x159,0x15b-0x15e,0x160-0x165,0x167-0x174,0x176-0x178,0x17a-0x193,0x197,0x199-0x19c","Algorithms":"rsa,rsa-min-size=1024,tdes,tdes-min-size=128,sha1,hmac,aes,aes-min-size=128,mgf1,keyedhash,xor,sha256,sha384,sha512,null,rsassa,rsaes,rsapss,oaep,ecdsa,ecdh,ecdaa,sm2,ecschnorr,ecmqv,kdf1-sp800-56a,kdf2,kdf1-sp800-108,ecc,ecc-min-size=192,ecc-nist,ecc-bn,ecc-sm2-p256,symcipher,camellia,camellia-min-size=128,cmac,ctr,ofb,cbc,cfb,ecb","Description":"This profile enables all libtpms v0.10-supported commands and algorithms. This profile is compatible with libtpms >= v0.10."}
Active profile: {"Name":"default-v1","StateFormatLevel":7,"Commands":"0x11f-0x122,0x124-0x12e,0x130-0x140,0x142-0x159,0x15b-0x15e,0x160-0x165,0x167-0x174,0x176-0x178,0x17a-0x193,0x197,0x199-0x19c","Algorithms":"rsa,rsa-min-size=1024,tdes,tdes-min-size=128,sha1,hmac,aes,aes-min-size=128,mgf1,keyedhash,xor,sha256,sha384,sha512,null,rsassa,rsaes,rsapss,oaep,ecdsa,ecdh,ecdaa,sm2,ecschnorr,ecmqv,kdf1-sp800-56a,kdf2,kdf1-sp800-108,ecc,ecc-min-size=192,ecc-nist,ecc-bn,ecc-sm2-p256,symcipher,camellia,camellia-min-size=128,cmac,ctr,ofb,cbc,cfb,ecb","Description":"This profile enables all libtpms v0.10-supported commands and algorithms. This profile is compatible with libtpms >= v0.10."}
Successfully created RSA 2048 EK with handle 0x81010001.
  Invoking /usr/bin/swtpm_localca --type ek --ek cea699325fd4eb22c32d63091f499b8ca7ae0bfde400b4cc93e0bb41db8c3ff561138e16f4f94b369b4c7cdab1c2c98b80b29204440f8b8720d6a6138a2d3bf8d8014ab3cb3b9fc21eb536fd79f42cfbf145801dd15a564a7f8e7ad9c4ca358e0aa35d56dd4f500d83228d4d7163c61a85391b0847d55a90fc3ec2afed3a93c453ebe200af387a95ec27d9bc4b441c5e87f68ebb4b4b4482bdb71486ca758f960e70288e255f55a4736813fefd953ef9ca24e1b20f014d6910bac9641b0b6726376db84d12f701588aab9b814268dfdb61d231a38ddc8c8115d00d4bbc34b2ed6de4ccd6527ec080568e1a930726be9e89fa9002494cc23c9a7e4e1c25c5faaf --dir /tmp/swtpm_setup.certs.AT7GV3 --tpm-spec-family 2.0 --tpm-spec-level 0 --tpm-spec-revision 183 --tpm-manufacturer id:00001014 --tpm-model swtpm --tpm-version id:20240125 --tpm2 --configfile /etc/swtpm-localca.conf --optsfile /etc/swtpm-localca.options
Successfully created RSA 2048 EK with handle 0x81010001.
  Invoking /usr/bin/swtpm_localca --type ek --ek e963e959a9b3643e8e8e393d0829e7dee3c7f7861b8feff617122ad47f82ce17be31e56eba933a143c3a32581bae2f71c4df577c69c4c59a6af7901d4d4abd8e27e11c2d5b0d4b0893d6c28e170d15a1235d160bc4572cf4126cd182479d541dc574701675f3b11b927ec3a283cda3250ed221cc87383aaa69a753e0f4b9a490e6d630110e5cee37532f06be175c11c69955e03bdfff8641182c2fb1a307b8d27e9a163bc5b352f93e50e119798a283a1adc198fd3d58d7d40c57648b15f35c395eb00cb13d970f2bc3fd29b2704ba271eead4c3c14995b2ac6998fcedac2e6f26d52d41e2bc2344cf065cbcccea880c9661205aee6db5712df99787d43562ef --dir /tmp/swtpm_setup.certs.0O1GV3 --tpm-spec-family 2.0 --tpm-spec-level 0 --tpm-spec-revision 183 --tpm-manufacturer id:00001014 --tpm-model swtpm --tpm-version id:20240125 --tpm2 --configfile /etc/swtpm-localca.conf --optsfile /etc/swtpm-localca.options
swtpm_localca: Successfully created EK certificate locally.
  Invoking /usr/bin/swtpm_localca --type platform --ek cea699325fd4eb22c32d63091f499b8ca7ae0bfde400b4cc93e0bb41db8c3ff561138e16f4f94b369b4c7cdab1c2c98b80b29204440f8b8720d6a6138a2d3bf8d8014ab3cb3b9fc21eb536fd79f42cfbf145801dd15a564a7f8e7ad9c4ca358e0aa35d56dd4f500d83228d4d7163c61a85391b0847d55a90fc3ec2afed3a93c453ebe200af387a95ec27d9bc4b441c5e87f68ebb4b4b4482bdb71486ca758f960e70288e255f55a4736813fefd953ef9ca24e1b20f014d6910bac9641b0b6726376db84d12f701588aab9b814268dfdb61d231a38ddc8c8115d00d4bbc34b2ed6de4ccd6527ec080568e1a930726be9e89fa9002494cc23c9a7e4e1c25c5faaf --dir /tmp/swtpm_setup.certs.AT7GV3 --tpm-spec-family 2.0 --tpm-spec-level 0 --tpm-spec-revision 183 --tpm-manufacturer id:00001014 --tpm-model swtpm --tpm-version id:20240125 --tpm2 --configfile /etc/swtpm-localca.conf --optsfile /etc/swtpm-localca.options
swtpm_localca: Successfully created EK certificate locally.
  Invoking /usr/bin/swtpm_localca --type platform --ek e963e959a9b3643e8e8e393d0829e7dee3c7f7861b8feff617122ad47f82ce17be31e56eba933a143c3a32581bae2f71c4df577c69c4c59a6af7901d4d4abd8e27e11c2d5b0d4b0893d6c28e170d15a1235d160bc4572cf4126cd182479d541dc574701675f3b11b927ec3a283cda3250ed221cc87383aaa69a753e0f4b9a490e6d630110e5cee37532f06be175c11c69955e03bdfff8641182c2fb1a307b8d27e9a163bc5b352f93e50e119798a283a1adc198fd3d58d7d40c57648b15f35c395eb00cb13d970f2bc3fd29b2704ba271eead4c3c14995b2ac6998fcedac2e6f26d52d41e2bc2344cf065cbcccea880c9661205aee6db5712df99787d43562ef --dir /tmp/swtpm_setup.certs.0O1GV3 --tpm-spec-family 2.0 --tpm-spec-level 0 --tpm-spec-revision 183 --tpm-manufacturer id:00001014 --tpm-model swtpm --tpm-version id:20240125 --tpm2 --configfile /etc/swtpm-localca.conf --optsfile /etc/swtpm-localca.options
swtpm_localca: Successfully created platform certificate locally.
Successfully created NVRAM area 0x1c00002 for RSA 2048 EK certificate.
Successfully created NVRAM area 0x1c08000 for platform certificate.
Successfully created ECC EK with handle 0x81010016.
  Invoking /usr/bin/swtpm_localca --type ek --ek x=b534b31bb012ec0ea024a4bc690fe32f362d283d595332f6de99b441ddafd61fb0503a7bfb5b796ce59c138ffa548b87,y=67d4efe6e913da403eda9ba75e3026245e0b5fa431e3ce227908d8e6be7cc331d64231f5197f869ef15c5de74cbc91df,id=secp384r1 --dir /tmp/swtpm_setup.certs.AT7GV3 --tpm-spec-family 2.0 --tpm-spec-level 0 --tpm-spec-revision 183 --tpm-manufacturer id:00001014 --tpm-model swtpm --tpm-version id:20240125 --tpm2 --configfile /etc/swtpm-localca.conf --optsfile /etc/swtpm-localca.options
swtpm_localca: Successfully created platform certificate locally.
Successfully created NVRAM area 0x1c00002 for RSA 2048 EK certificate.
Successfully created NVRAM area 0x1c08000 for platform certificate.
Successfully created ECC EK with handle 0x81010016.
  Invoking /usr/bin/swtpm_localca --type ek --ek x=1400d07722b5024d8f7a7ea2f64cdf4e62207520de5ee94e9a1f1ea9fe4dbdfe4921ea73c986d646f87951d3a42e4f9d,y=53b97aedf4d0ce06f3965415705f9c9280ef8820372b1555c1674da834f377a2ff711c07ea4160c03929f15f5d024475,id=secp384r1 --dir /tmp/swtpm_setup.certs.0O1GV3 --tpm-spec-family 2.0 --tpm-spec-level 0 --tpm-spec-revision 183 --tpm-manufacturer id:00001014 --tpm-model swtpm --tpm-version id:20240125 --tpm2 --configfile /etc/swtpm-localca.conf --optsfile /etc/swtpm-localca.options
swtpm_localca: Successfully created EK certificate locally.
Successfully created NVRAM area 0x1c00016 for ECC EK certificate.
Successfully activated PCR banks sha256 among sha1,sha256,sha384,sha512.
Successfully authored TPM state.
Ending vTPM manufacturing @ Wed 09 Sep 2026 07:01:01 PM MDT
swtpm_localca: Successfully created EK certificate locally.
Successfully created NVRAM area 0x1c00016 for ECC EK certificate.
Successfully activated PCR banks sha256 among sha1,sha256,sha384,sha512.
Successfully authored TPM state.
Ending vTPM manufacturing @ Wed 09 Sep 2026 07:01:01 PM MDT
--> Creating /dev/tpmrm0 device with swtpm_cuse.
--> Creating /dev/tpmrm0 device with swtpm_cuse.
TPMs created on all nodes
Using strategy: istio
Unknown strategy: istio
Deploying Mazu ConfigMap to namespace: default
configmap "mazu-config" deleted from default namespace
configmap/mazu-config created
Deploying Mazu ConfigMap to namespace: istio-system
configmap "mazu-config" deleted from istio-system namespace
configmap/mazu-config created
Deploying RBE PP ConfigMap to namespace: default
configmap "rbe-pp" deleted from default namespace
configmap/rbe-pp created
Deploying RBE PP ConfigMap to namespace: istio-system
configmap "rbe-pp" deleted from istio-system namespace
configmap/rbe-pp created
Strategy: istio | Tag: st5-AttUpd | Duration: 120 seconds | RPS: 1000
Results Directory: /users/apoudel/DeathStarBench/socialNetwork/20260909_190204/istio-120
Output File: /users/apoudel/DeathStarBench/socialNetwork/20260909_190204/istio-120/1000.txt
/users/apoudel/DeathStarBench/socialNetwork
[1;30;44mMazu:[0m Installing Istio....
        |\          
        | \         
        |  \        
        |   \       
      /||    \      
     / ||     \     
    /  ||      \    
   /   ||       \   
  /    ||        \  
 /     ||         \ 
/______||__________\
____________________
  \__       _____/  
     \_____/        

WARNING: Istio 1.24.0 may be out of support (EOL) already: see https://istio.io/latest/docs/releases/supported-releases/ for supported releases

- Processing resources for Istio core.
- Processing resources for Istio core. Waiting for CustomResourceDefinition/, CustomResourceDefin...
✔ Istio core installed ⛵️
- Processing resources for Istiod.
- Processing resources for Istiod. Waiting for Deployment/istio-system/istiod
✔ Istiod installed 🧠
- Processing resources for Ingress gateways.
- Processing resources for Ingress gateways. Waiting for Deployment/istio-system/istio-ingressgat...
✔ Ingress gateways installed 🛬
- Pruning removed resources
✔ Installation completenamespace/default not labeled
peerauthentication.security.istio.io/default created
service/details created
serviceaccount/bookinfo-details created
deployment.apps/details-v1 created
service/ratings created
serviceaccount/bookinfo-ratings created
deployment.apps/ratings-v1 created
service/reviews created
serviceaccount/bookinfo-reviews created
deployment.apps/reviews-v1 created
deployment.apps/reviews-v2 created
deployment.apps/reviews-v3 created
service/productpage created
serviceaccount/bookinfo-productpage created
deployment.apps/productpage-v1 created
gateway.networking.istio.io/bookinfo-gateway created
virtualservice.networking.istio.io/bookinfo created
destinationrule.networking.istio.io/details-no-reuse created
destinationrule.networking.istio.io/ratings-no-reuse created
destinationrule.networking.istio.io/reviews-no-reuse created
Waiting for rollouts (timeout 540s each):
  deployment.apps/details-v1
  deployment.apps/ratings-v1
  deployment.apps/reviews-v1
  deployment.apps/reviews-v2
  deployment.apps/reviews-v3
  deployment.apps/productpage-v1
Waiting for deployment "details-v1" rollout to finish: 0 of 4 replicas are ready...
deployment "details-v1" successfully rolled out (4/4 ready)
deployment "ratings-v1" successfully rolled out (4/4 ready)
deployment "reviews-v1" successfully rolled out (4/4 ready)
Waiting for deployment "reviews-v2" rollout to finish: 3 of 4 replicas are ready...
deployment "reviews-v2" successfully rolled out (4/4 ready)
deployment "reviews-v3" successfully rolled out (4/4 ready)
deployment "productpage-v1" successfully rolled out (4/4 ready)
pod/istiod-8574d68d5c-k854s condition met
pod/istio-ingressgateway-75fb7d94d9-4gr2d condition met
Ingress: 155.98.38.240:80
Strategy: istio | Tag: st5-AttUpd | Duration: 120 seconds | RPS: 1000
Results Directory: /users/apoudel/DeathStarBench/socialNetwork/20260909_190233/istio-120
Output File: /users/apoudel/DeathStarBench/socialNetwork/20260909_190233/istio-120/1000.txt
/users/apoudel/DeathStarBench/socialNetwork
[1;30;44mMazu:[0m Uninstalling Prometheus from istio-system....
Strategy: istio | Tag: st5-AttUpd | Duration: 120 seconds | RPS: 1000
Results Directory: /users/apoudel/DeathStarBench/socialNetwork/20260909_190233/istio-120
Output File: /users/apoudel/DeathStarBench/socialNetwork/20260909_190233/istio-120/1000.txt
/users/apoudel/DeathStarBench/socialNetwork
[1;30;44mMazu:[0m Installing Prometheus in istio-system....
serviceaccount/prometheus created
configmap/prometheus created
clusterrole.rbac.authorization.k8s.io/prometheus created
clusterrolebinding.rbac.authorization.k8s.io/prometheus created
service/prometheus created
deployment.apps/prometheus created
pod/prometheus-c9ff75ddb-pgdkc condition met
[1;30;44mMazu:[0m Prometheus is ready.
Waiting for Prometheus pod to be Running...
pod/prometheus-c9ff75ddb-pgdkc condition met
Forwarding from 127.0.0.1:9091 -> 9090
Forwarding from [::1]:9091 -> 9090
Waiting for Prometheus to be reachable at http://localhost:9091...
Handling connection for 9091
Prometheus is reachable at http://localhost:9091
--- Running RPS=100 for 120s ---
Running wrk2 with STRAT=istio, RPS=100, DURATION=120s. Output: /users/apoudel/DeathStarBench/socialNetwork/results/benchmark1.5b-replica-scale-09-09-26_173920/scale-4x/istio/100.txt
wrk2 results saved to /users/apoudel/DeathStarBench/socialNetwork/results/benchmark1.5b-replica-scale-09-09-26_173920/scale-4x/istio/100.txt
Collecting metrics from Prometheus (http://localhost:9091)
  Window: 2026-09-09 19:02:41 -> 2026-09-09 19:04:41 (120s)
  Output: /users/apoudel/DeathStarBench/socialNetwork/results/benchmark1.5b-replica-scale-09-09-26_173920/scale-4x/istio/metrics_100.json
Handling connection for 9091
Handling connection for 9091
Handling connection for 9091
Handling connection for 9091
Handling connection for 9091
Handling connection for 9091
Metrics saved to /users/apoudel/DeathStarBench/socialNetwork/results/benchmark1.5b-replica-scale-09-09-26_173920/scale-4x/istio/metrics_100.json
--- RPS=100 complete ---
--- Running RPS=200 for 120s ---
Running wrk2 with STRAT=istio, RPS=200, DURATION=120s. Output: /users/apoudel/DeathStarBench/socialNetwork/results/benchmark1.5b-replica-scale-09-09-26_173920/scale-4x/istio/200.txt
wrk2 results saved to /users/apoudel/DeathStarBench/socialNetwork/results/benchmark1.5b-replica-scale-09-09-26_173920/scale-4x/istio/200.txt
Collecting metrics from Prometheus (http://localhost:9091)
  Window: 2026-09-09 19:04:42 -> 2026-09-09 19:06:42 (120s)
  Output: /users/apoudel/DeathStarBench/socialNetwork/results/benchmark1.5b-replica-scale-09-09-26_173920/scale-4x/istio/metrics_200.json
Handling connection for 9091
Handling connection for 9091
Handling connection for 9091
Handling connection for 9091
Handling connection for 9091
Handling connection for 9091
Metrics saved to /users/apoudel/DeathStarBench/socialNetwork/results/benchmark1.5b-replica-scale-09-09-26_173920/scale-4x/istio/metrics_200.json
--- RPS=200 complete ---
--- Running RPS=400 for 120s ---
Running wrk2 with STRAT=istio, RPS=400, DURATION=120s. Output: /users/apoudel/DeathStarBench/socialNetwork/results/benchmark1.5b-replica-scale-09-09-26_173920/scale-4x/istio/400.txt
wrk2 results saved to /users/apoudel/DeathStarBench/socialNetwork/results/benchmark1.5b-replica-scale-09-09-26_173920/scale-4x/istio/400.txt
Collecting metrics from Prometheus (http://localhost:9091)
  Window: 2026-09-09 19:06:42 -> 2026-09-09 19:08:42 (120s)
  Output: /users/apoudel/DeathStarBench/socialNetwork/results/benchmark1.5b-replica-scale-09-09-26_173920/scale-4x/istio/metrics_400.json
Handling connection for 9091
Handling connection for 9091
Handling connection for 9091
Handling connection for 9091
Handling connection for 9091
Handling connection for 9091
Metrics saved to /users/apoudel/DeathStarBench/socialNetwork/results/benchmark1.5b-replica-scale-09-09-26_173920/scale-4x/istio/metrics_400.json
--- RPS=400 complete ---
--- Running RPS=800 for 120s ---
Running wrk2 with STRAT=istio, RPS=800, DURATION=120s. Output: /users/apoudel/DeathStarBench/socialNetwork/results/benchmark1.5b-replica-scale-09-09-26_173920/scale-4x/istio/800.txt
wrk2 results saved to /users/apoudel/DeathStarBench/socialNetwork/results/benchmark1.5b-replica-scale-09-09-26_173920/scale-4x/istio/800.txt
Collecting metrics from Prometheus (http://localhost:9091)
  Window: 2026-09-09 19:08:43 -> 2026-09-09 19:10:43 (120s)
  Output: /users/apoudel/DeathStarBench/socialNetwork/results/benchmark1.5b-replica-scale-09-09-26_173920/scale-4x/istio/metrics_800.json
Handling connection for 9091
Handling connection for 9091
Handling connection for 9091
Handling connection for 9091
Handling connection for 9091
Handling connection for 9091
Metrics saved to /users/apoudel/DeathStarBench/socialNetwork/results/benchmark1.5b-replica-scale-09-09-26_173920/scale-4x/istio/metrics_800.json
--- RPS=800 complete ---
--- Running RPS=1200 for 120s ---
Running wrk2 with STRAT=istio, RPS=1200, DURATION=120s. Output: /users/apoudel/DeathStarBench/socialNetwork/results/benchmark1.5b-replica-scale-09-09-26_173920/scale-4x/istio/1200.txt
wrk2 results saved to /users/apoudel/DeathStarBench/socialNetwork/results/benchmark1.5b-replica-scale-09-09-26_173920/scale-4x/istio/1200.txt
Collecting metrics from Prometheus (http://localhost:9091)
  Window: 2026-09-09 19:10:44 -> 2026-09-09 19:12:44 (120s)
  Output: /users/apoudel/DeathStarBench/socialNetwork/results/benchmark1.5b-replica-scale-09-09-26_173920/scale-4x/istio/metrics_1200.json
Handling connection for 9091
Handling connection for 9091
Handling connection for 9091
Handling connection for 9091
Handling connection for 9091
Handling connection for 9091
Metrics saved to /users/apoudel/DeathStarBench/socialNetwork/results/benchmark1.5b-replica-scale-09-09-26_173920/scale-4x/istio/metrics_1200.json
--- RPS=1200 complete ---
--- Running RPS=1600 for 120s ---
Running wrk2 with STRAT=istio, RPS=1600, DURATION=120s. Output: /users/apoudel/DeathStarBench/socialNetwork/results/benchmark1.5b-replica-scale-09-09-26_173920/scale-4x/istio/1600.txt
wrk2 results saved to /users/apoudel/DeathStarBench/socialNetwork/results/benchmark1.5b-replica-scale-09-09-26_173920/scale-4x/istio/1600.txt
Collecting metrics from Prometheus (http://localhost:9091)
  Window: 2026-09-09 19:12:45 -> 2026-09-09 19:14:45 (120s)
  Output: /users/apoudel/DeathStarBench/socialNetwork/results/benchmark1.5b-replica-scale-09-09-26_173920/scale-4x/istio/metrics_1600.json
Handling connection for 9091
Handling connection for 9091
Handling connection for 9091
Handling connection for 9091
Handling connection for 9091
Handling connection for 9091
Metrics saved to /users/apoudel/DeathStarBench/socialNetwork/results/benchmark1.5b-replica-scale-09-09-26_173920/scale-4x/istio/metrics_1600.json
--- RPS=1600 complete ---
--- Running RPS=2000 for 120s ---
Running wrk2 with STRAT=istio, RPS=2000, DURATION=120s. Output: /users/apoudel/DeathStarBench/socialNetwork/results/benchmark1.5b-replica-scale-09-09-26_173920/scale-4x/istio/2000.txt
wrk2 results saved to /users/apoudel/DeathStarBench/socialNetwork/results/benchmark1.5b-replica-scale-09-09-26_173920/scale-4x/istio/2000.txt
Collecting metrics from Prometheus (http://localhost:9091)
  Window: 2026-09-09 19:14:45 -> 2026-09-09 19:16:45 (120s)
  Output: /users/apoudel/DeathStarBench/socialNetwork/results/benchmark1.5b-replica-scale-09-09-26_173920/scale-4x/istio/metrics_2000.json
Handling connection for 9091
Handling connection for 9091
Handling connection for 9091
Handling connection for 9091
Handling connection for 9091
Handling connection for 9091
Metrics saved to /users/apoudel/DeathStarBench/socialNetwork/results/benchmark1.5b-replica-scale-09-09-26_173920/scale-4x/istio/metrics_2000.json
--- RPS=2000 complete ---
Strategy: istio | Tag: st5-AttUpd | Duration: 120 seconds | RPS: 2000
Results Directory: /users/apoudel/DeathStarBench/socialNetwork/20260909_191646/istio-120
Output File: /users/apoudel/DeathStarBench/socialNetwork/20260909_191646/istio-120/2000.txt
/users/apoudel/DeathStarBench/socialNetwork
[1;30;44mMazu:[0m Uninstalling Prometheus from istio-system....
serviceaccount "prometheus" deleted from istio-system namespace
configmap "prometheus" deleted from istio-system namespace
clusterrole.rbac.authorization.k8s.io "prometheus" deleted
clusterrolebinding.rbac.authorization.k8s.io "prometheus" deleted
service "prometheus" deleted from istio-system namespace
deployment.apps "prometheus" deleted from istio-system namespace
Generated /users/apoudel/DeathStarBench/socialNetwork/results/benchmark1.5b-replica-scale-09-09-26_173920/scale-4x/istio/cpu.dat and /users/apoudel/DeathStarBench/socialNetwork/results/benchmark1.5b-replica-scale-09-09-26_173920/scale-4x/istio/memory.dat
=== Benchmark 1.5b (no-scale) sweep completed at Wed Sep  9 07:16:46 PM MDT 2026 for istio ===
Wrote /users/apoudel/DeathStarBench/socialNetwork/results/benchmark1.5b-replica-scale-09-09-26_173920/scale-4x/istio/latency.dat (7 entries)
Wrote /users/apoudel/DeathStarBench/socialNetwork/results/benchmark1.5b-replica-scale-09-09-26_173920/scale-4x/st5-AttUpd/latency.dat (7 entries)
Wrote /users/apoudel/DeathStarBench/socialNetwork/results/benchmark1.5b-replica-scale-09-09-26_173920/scale-4x/cpu_combined.dat (7 blocks: [100, 200, 400, 800, 1200, 1600, 2000])
Wrote /users/apoudel/DeathStarBench/socialNetwork/results/benchmark1.5b-replica-scale-09-09-26_173920/scale-4x/memory_combined.dat (7 blocks: [100, 200, 400, 800, 1200, 1600, 2000])
Wrote /users/apoudel/DeathStarBench/socialNetwork/results/benchmark1.5b-replica-scale-09-09-26_173920/scale-4x/latency_combined.dat (7 QPS levels)
Wrote /users/apoudel/DeathStarBench/socialNetwork/results/benchmark1.5b-replica-scale-09-09-26_173920/scale-4x/rps_vals.gpi (7 rps values)
=== All benchmark 1.5b (no-scale) sweep runs complete. Results in /users/apoudel/DeathStarBench/socialNetwork/results/benchmark1.5b-replica-scale-09-09-26_173920/scale-4x ===
[2026-09-09 19:16:46] --- scale 4x ok ---
[2026-09-09 19:16:46] --- scale 8x: 48 app pods, ready timeout 780s ---
[2026-09-09 19:16:46]     manifests: /users/apoudel/DeathStarBench/socialNetwork/results/benchmark1.5b-replica-scale-09-09-26_173920/scale-8x/manifests/bookinfo-var.yaml
[1;30;44mMazu:[0m === Benchmark 1.5b (no-scale): HPA-disabled continuous RPS sweep ===.
[1;30;44mMazu:[0m Strategies: st5-AttUpd istio.
[1;30;44mMazu:[0m RPS values: 100 200 400 800 1200 1600 2000.
[1;30;44mMazu:[0m Duration: 120s per RPS step.
[1;30;44mMazu:[0m Manifests: /users/apoudel/DeathStarBench/socialNetwork/results/benchmark1.5b-replica-scale-09-09-26_173920/scale-8x/manifests/bookinfo-var.yaml (istio) / /users/apoudel/DeathStarBench/socialNetwork/results/benchmark1.5b-replica-scale-09-09-26_173920/scale-8x/manifests/bookinfo-var-tpm.yaml (st5-AttUpd).
[1;30;44mMazu:[0m Mazu image tag: st5-AttUpd (docker.io/atosh502/proxyv2:st5-AttUpd).
[1;30;44mMazu:[0m Connection reuse: DISABLED (bf-no-connection-reuse.yaml, maxRequestsPerConnection=1).
[1;30;44mMazu:[0m Envoy diagnostics: disabled (set ENVOY_DIAG=1 to collect).
[1;30;44mMazu:[0m Results: /users/apoudel/DeathStarBench/socialNetwork/results/benchmark1.5b-replica-scale-09-09-26_173920/scale-8x.
[1;30;44mMazu:[0m Logs: /users/apoudel/DeathStarBench/socialNetwork/results/benchmark1.5b-replica-scale-09-09-26_173920/logs/scale-8x-sweep.log (+ one per strategy).
=== Benchmark 1.5b (no-scale) sweep started at Wed Sep  9 07:16:47 PM MDT 2026 for st5-AttUpd ===
Strategy: st5-AttUpd | Tag: st5-AttUpd | Duration: 120 seconds | RPS: 1000
Results Directory: /users/apoudel/DeathStarBench/socialNetwork/20260909_191647/st5-AttUpd-120
Output File: /users/apoudel/DeathStarBench/socialNetwork/20260909_191647/st5-AttUpd-120/1000.txt
/users/apoudel/DeathStarBench/socialNetwork
[1;30;44mMazu:[0m Uninstalling Bookinfo application....
service "details" deleted from default namespace
serviceaccount "bookinfo-details" deleted from default namespace
deployment.apps "details-v1" deleted from default namespace
service "ratings" deleted from default namespace
serviceaccount "bookinfo-ratings" deleted from default namespace
deployment.apps "ratings-v1" deleted from default namespace
service "reviews" deleted from default namespace
serviceaccount "bookinfo-reviews" deleted from default namespace
deployment.apps "reviews-v1" deleted from default namespace
deployment.apps "reviews-v2" deleted from default namespace
deployment.apps "reviews-v3" deleted from default namespace
service "productpage" deleted from default namespace
serviceaccount "bookinfo-productpage" deleted from default namespace
deployment.apps "productpage-v1" deleted from default namespace
gateway.networking.istio.io "bookinfo-gateway" deleted from default namespace
virtualservice.networking.istio.io "bookinfo" deleted from default namespace
Error from server (NotFound): error when deleting "/users/apoudel/DeathStarBench/socialNetwork/scratch/yaml/bf-hpa.yaml": horizontalpodautoscalers.autoscaling "details-hpa" not found
Error from server (NotFound): error when deleting "/users/apoudel/DeathStarBench/socialNetwork/scratch/yaml/bf-hpa.yaml": horizontalpodautoscalers.autoscaling "ratings-hpa" not found
Error from server (NotFound): error when deleting "/users/apoudel/DeathStarBench/socialNetwork/scratch/yaml/bf-hpa.yaml": horizontalpodautoscalers.autoscaling "reviews-v1-hpa" not found
Error from server (NotFound): error when deleting "/users/apoudel/DeathStarBench/socialNetwork/scratch/yaml/bf-hpa.yaml": horizontalpodautoscalers.autoscaling "reviews-v2-hpa" not found
Error from server (NotFound): error when deleting "/users/apoudel/DeathStarBench/socialNetwork/scratch/yaml/bf-hpa.yaml": horizontalpodautoscalers.autoscaling "reviews-v3-hpa" not found
Error from server (NotFound): error when deleting "/users/apoudel/DeathStarBench/socialNetwork/scratch/yaml/bf-hpa.yaml": horizontalpodautoscalers.autoscaling "productpage-hpa" not found
destinationrule.networking.istio.io "details-no-reuse" deleted from default namespace
destinationrule.networking.istio.io "ratings-no-reuse" deleted from default namespace
destinationrule.networking.istio.io "reviews-no-reuse" deleted from default namespace
pod/details-v1-85d6566d54-9ktzx condition met
pod/details-v1-85d6566d54-pcsft condition met
pod/details-v1-85d6566d54-q7glk condition met
pod/details-v1-85d6566d54-vkzj4 condition met
pod/productpage-v1-54fdfcc87b-bp55z condition met
pod/productpage-v1-54fdfcc87b-ctvxq condition met
pod/productpage-v1-54fdfcc87b-ppqnp condition met
pod/productpage-v1-54fdfcc87b-tbnxj condition met
Strategy: st5-AttUpd | Tag: st5-AttUpd | Duration: 120 seconds | RPS: 1000
Results Directory: /users/apoudel/DeathStarBench/socialNetwork/20260909_191654/st5-AttUpd-120
Output File: /users/apoudel/DeathStarBench/socialNetwork/20260909_191654/st5-AttUpd-120/1000.txt
/users/apoudel/DeathStarBench/socialNetwork
All Istio resources will be pruned from the cluster

  Removed apps/v1, Kind=Deployment/istio-ingressgateway.istio-system.
  Removed apps/v1, Kind=Deployment/istiod.istio-system.
  Removed /v1, Kind=Service/istio-ingressgateway.istio-system.
  Removed /v1, Kind=Service/istiod.istio-system.
  Removed /v1, Kind=ConfigMap/istio.istio-system.
  Removed /v1, Kind=ConfigMap/istio-sidecar-injector.istio-system.
  Removed /v1, Kind=Pod/istio-ingressgateway-75fb7d94d9-4gr2d.istio-system.
  Removed /v1, Kind=Pod/istio-ingressgateway-75fb7d94d9-5kw9t.istio-system.
  Removed /v1, Kind=Pod/istio-ingressgateway-75fb7d94d9-bwzdc.istio-system.
  Removed /v1, Kind=Pod/istio-ingressgateway-75fb7d94d9-swknw.istio-system.
  Removed /v1, Kind=Pod/istio-ingressgateway-75fb7d94d9-xn2xh.istio-system.
  Removed /v1, Kind=Pod/istiod-8574d68d5c-k854s.istio-system.
  Removed /v1, Kind=ServiceAccount/istio-ingressgateway-service-account.istio-system.
  Removed /v1, Kind=ServiceAccount/istio-reader-service-account.istio-system.
  Removed /v1, Kind=ServiceAccount/istiod.istio-system.
  Removed rbac.authorization.k8s.io/v1, Kind=RoleBinding/istio-ingressgateway-sds.istio-system.
  Removed rbac.authorization.k8s.io/v1, Kind=RoleBinding/istiod.istio-system.
  Removed rbac.authorization.k8s.io/v1, Kind=Role/istio-ingressgateway-sds.istio-system.
  Removed rbac.authorization.k8s.io/v1, Kind=Role/istiod.istio-system.
  Removed policy/v1, Kind=PodDisruptionBudget/istio-ingressgateway.istio-system.
  Removed policy/v1, Kind=PodDisruptionBudget/istiod.istio-system.
  Removed autoscaling/v2, Kind=HorizontalPodAutoscaler/istio-ingressgateway.istio-system.
  Removed autoscaling/v2, Kind=HorizontalPodAutoscaler/istiod.istio-system.
  Removed admissionregistration.k8s.io/v1, Kind=MutatingWebhookConfiguration/istio-revision-tag-default..
  Removed admissionregistration.k8s.io/v1, Kind=MutatingWebhookConfiguration/istio-sidecar-injector..
  Removed admissionregistration.k8s.io/v1, Kind=ValidatingWebhookConfiguration/istio-validator-istio-system..
  Removed admissionregistration.k8s.io/v1, Kind=ValidatingWebhookConfiguration/istiod-default-validator..
  Removed rbac.authorization.k8s.io/v1, Kind=ClusterRole/istio-reader-clusterrole-istio-system..
  Removed rbac.authorization.k8s.io/v1, Kind=ClusterRole/istiod-clusterrole-istio-system..
  Removed rbac.authorization.k8s.io/v1, Kind=ClusterRole/istiod-gateway-controller-istio-system..
  Removed rbac.authorization.k8s.io/v1, Kind=ClusterRoleBinding/istio-reader-clusterrole-istio-system..
  Removed rbac.authorization.k8s.io/v1, Kind=ClusterRoleBinding/istiod-clusterrole-istio-system..
  Removed rbac.authorization.k8s.io/v1, Kind=ClusterRoleBinding/istiod-gateway-controller-istio-system..
  Removed apiextensions.k8s.io/v1, Kind=CustomResourceDefinition/authorizationpolicies.security.istio.io..
  Removed apiextensions.k8s.io/v1, Kind=CustomResourceDefinition/destinationrules.networking.istio.io..
  Removed apiextensions.k8s.io/v1, Kind=CustomResourceDefinition/envoyfilters.networking.istio.io..
  Removed apiextensions.k8s.io/v1, Kind=CustomResourceDefinition/gateways.networking.istio.io..
  Removed apiextensions.k8s.io/v1, Kind=CustomResourceDefinition/peerauthentications.security.istio.io..
  Removed apiextensions.k8s.io/v1, Kind=CustomResourceDefinition/proxyconfigs.networking.istio.io..
  Removed apiextensions.k8s.io/v1, Kind=CustomResourceDefinition/requestauthentications.security.istio.io..
  Removed apiextensions.k8s.io/v1, Kind=CustomResourceDefinition/serviceentries.networking.istio.io..
  Removed apiextensions.k8s.io/v1, Kind=CustomResourceDefinition/sidecars.networking.istio.io..
  Removed apiextensions.k8s.io/v1, Kind=CustomResourceDefinition/telemetries.telemetry.istio.io..
  Removed apiextensions.k8s.io/v1, Kind=CustomResourceDefinition/virtualservices.networking.istio.io..
  Removed apiextensions.k8s.io/v1, Kind=CustomResourceDefinition/wasmplugins.extensions.istio.io..
  Removed apiextensions.k8s.io/v1, Kind=CustomResourceDefinition/workloadentries.networking.istio.io..
  Removed apiextensions.k8s.io/v1, Kind=CustomResourceDefinition/workloadgroups.networking.istio.io..

✔ Uninstall completepod/istiod-8574d68d5c-k854s condition met
pod/istio-ingressgateway-75fb7d94d9-4gr2d condition met
pod/istio-ingressgateway-75fb7d94d9-5kw9t condition met
pod/istio-ingressgateway-75fb7d94d9-bwzdc condition met
pod/istio-ingressgateway-75fb7d94d9-swknw condition met
pod/istio-ingressgateway-75fb7d94d9-xn2xh condition met
pod "kube-apiserver-node-0" deleted from kube-system namespace
pod "kube-apiserver-node-1" deleted from kube-system namespace
API server count: 2. Waiting for all kube-apiserver pods to become Ready...
All kube-apiserver pods are Ready
Creating TPMs on all nodes...
Warning: Permanently added 'pc772.emulab.net' (ED25519) to the list of known hosts.
Warning: Permanently added 'pc772.emulab.net' (ED25519) to the list of known hosts.
--> Creating tpm state folder in /tpm/myvtpm2.
--> Creating tpm state folder in /tpm/myvtpm2.
--> Creating tpm with swtpm_setup.
--> Creating tpm with swtpm_setup.
Starting vTPM manufacturing as root:root @ Wed 09 Sep 2026 07:17:12 PM MDT
Apply profile: {"Name": "default-v1"}
Starting vTPM manufacturing as root:root @ Wed 09 Sep 2026 07:17:12 PM MDT
Apply profile: {"Name": "default-v1"}
TPM is listening on Unix socket.
TPM is listening on Unix socket.
Active profile: {"Name":"default-v1","StateFormatLevel":7,"Commands":"0x11f-0x122,0x124-0x12e,0x130-0x140,0x142-0x159,0x15b-0x15e,0x160-0x165,0x167-0x174,0x176-0x178,0x17a-0x193,0x197,0x199-0x19c","Algorithms":"rsa,rsa-min-size=1024,tdes,tdes-min-size=128,sha1,hmac,aes,aes-min-size=128,mgf1,keyedhash,xor,sha256,sha384,sha512,null,rsassa,rsaes,rsapss,oaep,ecdsa,ecdh,ecdaa,sm2,ecschnorr,ecmqv,kdf1-sp800-56a,kdf2,kdf1-sp800-108,ecc,ecc-min-size=192,ecc-nist,ecc-bn,ecc-sm2-p256,symcipher,camellia,camellia-min-size=128,cmac,ctr,ofb,cbc,cfb,ecb","Description":"This profile enables all libtpms v0.10-supported commands and algorithms. This profile is compatible with libtpms >= v0.10."}
Active profile: {"Name":"default-v1","StateFormatLevel":7,"Commands":"0x11f-0x122,0x124-0x12e,0x130-0x140,0x142-0x159,0x15b-0x15e,0x160-0x165,0x167-0x174,0x176-0x178,0x17a-0x193,0x197,0x199-0x19c","Algorithms":"rsa,rsa-min-size=1024,tdes,tdes-min-size=128,sha1,hmac,aes,aes-min-size=128,mgf1,keyedhash,xor,sha256,sha384,sha512,null,rsassa,rsaes,rsapss,oaep,ecdsa,ecdh,ecdaa,sm2,ecschnorr,ecmqv,kdf1-sp800-56a,kdf2,kdf1-sp800-108,ecc,ecc-min-size=192,ecc-nist,ecc-bn,ecc-sm2-p256,symcipher,camellia,camellia-min-size=128,cmac,ctr,ofb,cbc,cfb,ecb","Description":"This profile enables all libtpms v0.10-supported commands and algorithms. This profile is compatible with libtpms >= v0.10."}
Successfully created RSA 2048 EK with handle 0x81010001.
  Invoking /usr/bin/swtpm_localca --type ek --ek a2044b5c4e5efcc9b9b09dc0ea6730d98808548c2d724898c70c6482ad8c77a0659d154507deb0cd84adae209e270032917034639330aa904aa9c2c4a4ecb79ab7c6e8b63f9663658dd4f912a69637f1b26f6971bb2993717bdcc74937331367599867a0acaf50891ced65372b7ea709850eeb45990ce7a4de954e83239aaba5fc1c785c9871e01a2e639d9b56b39e8866714f1e219966a3f4da4025016b6ab82d6682233c313b15098b772d3c9df9334c8e5d46a18785dfc239a75d005cd24459e78d20107be0a93de6d836feb18c68171632a4bb5af4f3812a76824c63df0977c07dfdfb332d379eadd5f3cf195542eb1deac9310d07d287d1d2953500e0d3 --dir /tmp/swtpm_setup.certs.TTXTV3 --tpm-spec-family 2.0 --tpm-spec-level 0 --tpm-spec-revision 183 --tpm-manufacturer id:00001014 --tpm-model swtpm --tpm-version id:20240125 --tpm2 --configfile /etc/swtpm-localca.conf --optsfile /etc/swtpm-localca.options
swtpm_localca: Successfully created EK certificate locally.
  Invoking /usr/bin/swtpm_localca --type platform --ek a2044b5c4e5efcc9b9b09dc0ea6730d98808548c2d724898c70c6482ad8c77a0659d154507deb0cd84adae209e270032917034639330aa904aa9c2c4a4ecb79ab7c6e8b63f9663658dd4f912a69637f1b26f6971bb2993717bdcc74937331367599867a0acaf50891ced65372b7ea709850eeb45990ce7a4de954e83239aaba5fc1c785c9871e01a2e639d9b56b39e8866714f1e219966a3f4da4025016b6ab82d6682233c313b15098b772d3c9df9334c8e5d46a18785dfc239a75d005cd24459e78d20107be0a93de6d836feb18c68171632a4bb5af4f3812a76824c63df0977c07dfdfb332d379eadd5f3cf195542eb1deac9310d07d287d1d2953500e0d3 --dir /tmp/swtpm_setup.certs.TTXTV3 --tpm-spec-family 2.0 --tpm-spec-level 0 --tpm-spec-revision 183 --tpm-manufacturer id:00001014 --tpm-model swtpm --tpm-version id:20240125 --tpm2 --configfile /etc/swtpm-localca.conf --optsfile /etc/swtpm-localca.options
Successfully created RSA 2048 EK with handle 0x81010001.
  Invoking /usr/bin/swtpm_localca --type ek --ek c2f7a05adf6819a1670f209d4e6656739d5b254c078ef31965cdb2af3a6fced81847bf72f2d77690f1a55d3194af1a09c99ad388ce95fb6a92b46c27a8ac85c2ed98f78af2ffee1a495c8e4d5998912d46b17988f8fcf51968daaeb20b960ff865a4490c1042217c5c4eb72b9b59370dcc78b477b6f15a5aa385e130958410b3fdb17491ce1bc53e43177c5a4d28025920412f7f19ddbb3c3ca3ebe96e82563018628a3a9fb8ecf9637aa3858b163b503d0f2ceb66e7025955b5f6c370611011b32c1a50758d50fc45735ae69cdb98aabade162874a79837af6e4729b5aa46a9b030df9d9f1c630726cbed34a12b8673b9196f28300eda3f43dc38feef6d805f --dir /tmp/swtpm_setup.certs.T6VTV3 --tpm-spec-family 2.0 --tpm-spec-level 0 --tpm-spec-revision 183 --tpm-manufacturer id:00001014 --tpm-model swtpm --tpm-version id:20240125 --tpm2 --configfile /etc/swtpm-localca.conf --optsfile /etc/swtpm-localca.options
swtpm_localca: Successfully created platform certificate locally.
Successfully created NVRAM area 0x1c00002 for RSA 2048 EK certificate.
Successfully created NVRAM area 0x1c08000 for platform certificate.
Successfully created ECC EK with handle 0x81010016.
  Invoking /usr/bin/swtpm_localca --type ek --ek x=259be21dcd8619ea2977e41a8d2d2798ff363b17c51ab48dcde127a9881a6062cc4133ca97ec880c466bfd890c668b89,y=59c1fa1013348aa9fcef7809a1a548de84c9878aa55ad27918b353ee24a45a7d1806e366e7870b726c004bb296c688b2,id=secp384r1 --dir /tmp/swtpm_setup.certs.TTXTV3 --tpm-spec-family 2.0 --tpm-spec-level 0 --tpm-spec-revision 183 --tpm-manufacturer id:00001014 --tpm-model swtpm --tpm-version id:20240125 --tpm2 --configfile /etc/swtpm-localca.conf --optsfile /etc/swtpm-localca.options
swtpm_localca: Successfully created EK certificate locally.
  Invoking /usr/bin/swtpm_localca --type platform --ek c2f7a05adf6819a1670f209d4e6656739d5b254c078ef31965cdb2af3a6fced81847bf72f2d77690f1a55d3194af1a09c99ad388ce95fb6a92b46c27a8ac85c2ed98f78af2ffee1a495c8e4d5998912d46b17988f8fcf51968daaeb20b960ff865a4490c1042217c5c4eb72b9b59370dcc78b477b6f15a5aa385e130958410b3fdb17491ce1bc53e43177c5a4d28025920412f7f19ddbb3c3ca3ebe96e82563018628a3a9fb8ecf9637aa3858b163b503d0f2ceb66e7025955b5f6c370611011b32c1a50758d50fc45735ae69cdb98aabade162874a79837af6e4729b5aa46a9b030df9d9f1c630726cbed34a12b8673b9196f28300eda3f43dc38feef6d805f --dir /tmp/swtpm_setup.certs.T6VTV3 --tpm-spec-family 2.0 --tpm-spec-level 0 --tpm-spec-revision 183 --tpm-manufacturer id:00001014 --tpm-model swtpm --tpm-version id:20240125 --tpm2 --configfile /etc/swtpm-localca.conf --optsfile /etc/swtpm-localca.options
swtpm_localca: Successfully created EK certificate locally.
swtpm_localca: Successfully created platform certificate locally.
Successfully created NVRAM area 0x1c00016 for ECC EK certificate.
Successfully activated PCR banks sha256 among sha1,sha256,sha384,sha512.
Successfully created NVRAM area 0x1c00002 for RSA 2048 EK certificate.
Successfully created NVRAM area 0x1c08000 for platform certificate.
Successfully authored TPM state.
Ending vTPM manufacturing @ Wed 09 Sep 2026 07:17:13 PM MDT
Successfully created ECC EK with handle 0x81010016.
  Invoking /usr/bin/swtpm_localca --type ek --ek x=48c9664d5058894c849ad3c88d12db5f1b9938bd139518acf898b19f4bb8cccf54e8c37a4af802ff48f7103a10d1d688,y=b8fb5f5c99572814b4b190d06a994aad942b74489a59672122be34ff19e66b2b57c469962b38b9350342218ca3caf374,id=secp384r1 --dir /tmp/swtpm_setup.certs.T6VTV3 --tpm-spec-family 2.0 --tpm-spec-level 0 --tpm-spec-revision 183 --tpm-manufacturer id:00001014 --tpm-model swtpm --tpm-version id:20240125 --tpm2 --configfile /etc/swtpm-localca.conf --optsfile /etc/swtpm-localca.options
swtpm_localca: Successfully created EK certificate locally.
Successfully created NVRAM area 0x1c00016 for ECC EK certificate.
Successfully activated PCR banks sha256 among sha1,sha256,sha384,sha512.
Successfully authored TPM state.
Ending vTPM manufacturing @ Wed 09 Sep 2026 07:17:13 PM MDT
--> Creating /dev/tpmrm0 device with swtpm_cuse.
--> Creating /dev/tpmrm0 device with swtpm_cuse.
TPMs created on all nodes
Using strategy: st5-AttUpd
Deploying Mazu ConfigMap to namespace: default
configmap "mazu-config" deleted from default namespace
configmap/mazu-config created
Deploying Mazu ConfigMap to namespace: istio-system
configmap "mazu-config" deleted from istio-system namespace
configmap/mazu-config created
Deploying RBE PP ConfigMap to namespace: default
configmap "rbe-pp" deleted from default namespace
configmap/rbe-pp created
Deploying RBE PP ConfigMap to namespace: istio-system
configmap "rbe-pp" deleted from istio-system namespace
configmap/rbe-pp created
"k8s-tpm-device" already exists with the same configuration, skipping
Hang tight while we grab the latest from your chart repositories...
...Successfully got an update from the "k8s-tpm-device" chart repository
Update Complete. ⎈Happy Helming!⎈
Release "k8s-tpm-device" has been upgraded. Happy Helming!
NAME: k8s-tpm-device
LAST DEPLOYED: Wed Sep  9 19:18:17 2026
NAMESPACE: tpm-device
STATUS: deployed
REVISION: 37
TEST SUITE: None
Deploying TPM public key ConfigMap to namespace: default
configmap "tpm-pubkey" deleted from default namespace
configmap/tpm-pubkey created
Deploying TPM public key ConfigMap to namespace: istio-system
configmap "tpm-pubkey" deleted from istio-system namespace
configmap/tpm-pubkey created
secret "tpm-keys" deleted from istio-system namespace
secret/tpm-keys created
Strategy: st5-AttUpd | Tag: st5-AttUpd | Duration: 120 seconds | RPS: 1000
Results Directory: /users/apoudel/DeathStarBench/socialNetwork/20260909_191818/st5-AttUpd-120
Output File: /users/apoudel/DeathStarBench/socialNetwork/20260909_191818/st5-AttUpd-120/1000.txt
/users/apoudel/DeathStarBench/socialNetwork
[1;30;44mMazu:[0m Installing Istio....
service "etcd" deleted from istio-system namespace
statefulset.apps "etcd" deleted from istio-system namespace
persistentvolumeclaim "etcd-data-etcd-0" deleted from istio-system namespace
Error from server (AlreadyExists): namespaces "istio-system" already exists
namespace already exists
service/etcd created
statefulset.apps/etcd created
        |\          
        | \         
        |  \        
        |   \       
      /||    \      
     / ||     \     
    /  ||      \    
   /   ||       \   
  /    ||        \  
 /     ||         \ 
/______||__________\
____________________
  \__       _____/  
     \_____/        

WARNING: Istio 1.24.0 may be out of support (EOL) already: see https://istio.io/latest/docs/releases/supported-releases/ for supported releases

- Processing resources for Istio core.
- Processing resources for Istio core. Waiting for CustomResourceDefinition/, CustomResourceDefin...
✔ Istio core installed ⛵️
- Processing resources for Istiod.
- Processing resources for Istiod. Waiting for Deployment/istio-system/istiod
✔ Istiod installed 🧠
- Processing resources for Ingress gateways.
- Processing resources for Ingress gateways. Waiting for Deployment/istio-system/istio-ingressgat...
✔ Ingress gateways installed 🛬
- Pruning removed resources
✔ Installation completeclusterrole.rbac.authorization.k8s.io/token-review-role unchanged
clusterrolebinding.rbac.authorization.k8s.io/token-review-binding unchanged
role.rbac.authorization.k8s.io/leader-election-key-curator-role unchanged
rolebinding.rbac.authorization.k8s.io/leader-election-key-curator-role-binding unchanged
namespace/default not labeled
peerauthentication.security.istio.io/default created
pod/istiod-fb9866b9d-9wwn5 condition met
pod/istio-ingressgateway-745cc59f79-jl2fh condition met
service/details created
serviceaccount/bookinfo-details created
deployment.apps/details-v1 created
service/ratings created
serviceaccount/bookinfo-ratings created
deployment.apps/ratings-v1 created
service/reviews created
serviceaccount/bookinfo-reviews created
deployment.apps/reviews-v1 created
deployment.apps/reviews-v2 created
deployment.apps/reviews-v3 created
service/productpage created
serviceaccount/bookinfo-productpage created
deployment.apps/productpage-v1 created
gateway.networking.istio.io/bookinfo-gateway created
virtualservice.networking.istio.io/bookinfo created
destinationrule.networking.istio.io/details-no-reuse created
destinationrule.networking.istio.io/ratings-no-reuse created
destinationrule.networking.istio.io/reviews-no-reuse created
Waiting for rollouts (timeout 780s each):
  deployment.apps/details-v1
  deployment.apps/ratings-v1
  deployment.apps/reviews-v1
  deployment.apps/reviews-v2
  deployment.apps/reviews-v3
  deployment.apps/productpage-v1
Waiting for deployment "details-v1" rollout to finish: 0 of 8 replicas are ready...
Waiting for deployment "details-v1" rollout to finish: 1 of 8 replicas are ready...
deployment "details-v1" successfully rolled out (8/8 ready)
Waiting for deployment "ratings-v1" rollout to finish: 7 of 8 replicas are ready...
deployment "ratings-v1" successfully rolled out (8/8 ready)
deployment "reviews-v1" successfully rolled out (8/8 ready)
deployment "reviews-v2" successfully rolled out (8/8 ready)
deployment "reviews-v3" successfully rolled out (8/8 ready)
deployment "productpage-v1" successfully rolled out (8/8 ready)
pod/istiod-fb9866b9d-9wwn5 condition met
pod/istio-ingressgateway-745cc59f79-9hpbc condition met
pod/istio-ingressgateway-745cc59f79-blls6 condition met
pod/istio-ingressgateway-745cc59f79-gx5wd condition met
pod/istio-ingressgateway-745cc59f79-jl2fh condition met
pod/istio-ingressgateway-745cc59f79-l7gsb condition met
pod/istio-ingressgateway-745cc59f79-lfr87 condition met
pod/istio-ingressgateway-745cc59f79-pmbhf condition met
pod/istio-ingressgateway-745cc59f79-qc865 condition met
pod/istio-ingressgateway-745cc59f79-zcfvf condition met
pod/istio-ingressgateway-745cc59f79-zk9gc condition met
Ingress: 155.98.38.240:80
Strategy: st5-AttUpd | Tag: st5-AttUpd | Duration: 120 seconds | RPS: 1000
Results Directory: /users/apoudel/DeathStarBench/socialNetwork/20260909_191902/st5-AttUpd-120
Output File: /users/apoudel/DeathStarBench/socialNetwork/20260909_191902/st5-AttUpd-120/1000.txt
/users/apoudel/DeathStarBench/socialNetwork
[1;30;44mMazu:[0m Uninstalling Prometheus from istio-system....
Strategy: st5-AttUpd | Tag: st5-AttUpd | Duration: 120 seconds | RPS: 1000
Results Directory: /users/apoudel/DeathStarBench/socialNetwork/20260909_191902/st5-AttUpd-120
Output File: /users/apoudel/DeathStarBench/socialNetwork/20260909_191902/st5-AttUpd-120/1000.txt
/users/apoudel/DeathStarBench/socialNetwork
[1;30;44mMazu:[0m Installing Prometheus in istio-system....
serviceaccount/prometheus created
configmap/prometheus created
clusterrole.rbac.authorization.k8s.io/prometheus created
clusterrolebinding.rbac.authorization.k8s.io/prometheus created
service/prometheus created
deployment.apps/prometheus created
pod/prometheus-c9ff75ddb-gbcg7 condition met
[1;30;44mMazu:[0m Prometheus is ready.
Waiting for Prometheus pod to be Running...
pod/prometheus-c9ff75ddb-gbcg7 condition met
Forwarding from 127.0.0.1:9091 -> 9090
Forwarding from [::1]:9091 -> 9090
Waiting for Prometheus to be reachable at http://localhost:9091...
Handling connection for 9091
Prometheus is reachable at http://localhost:9091
--- Running RPS=100 for 120s ---
Running wrk2 with STRAT=st5-AttUpd, RPS=100, DURATION=120s. Output: /users/apoudel/DeathStarBench/socialNetwork/results/benchmark1.5b-replica-scale-09-09-26_173920/scale-8x/st5-AttUpd/100.txt
wrk2 results saved to /users/apoudel/DeathStarBench/socialNetwork/results/benchmark1.5b-replica-scale-09-09-26_173920/scale-8x/st5-AttUpd/100.txt
Collecting metrics from Prometheus (http://localhost:9091)
  Window: 2026-09-09 19:19:11 -> 2026-09-09 19:21:11 (120s)
  Output: /users/apoudel/DeathStarBench/socialNetwork/results/benchmark1.5b-replica-scale-09-09-26_173920/scale-8x/st5-AttUpd/metrics_100.json
Handling connection for 9091
Handling connection for 9091
Handling connection for 9091
Handling connection for 9091
Handling connection for 9091
Handling connection for 9091
Metrics saved to /users/apoudel/DeathStarBench/socialNetwork/results/benchmark1.5b-replica-scale-09-09-26_173920/scale-8x/st5-AttUpd/metrics_100.json
--- RPS=100 complete ---
--- Running RPS=200 for 120s ---
Running wrk2 with STRAT=st5-AttUpd, RPS=200, DURATION=120s. Output: /users/apoudel/DeathStarBench/socialNetwork/results/benchmark1.5b-replica-scale-09-09-26_173920/scale-8x/st5-AttUpd/200.txt
wrk2 results saved to /users/apoudel/DeathStarBench/socialNetwork/results/benchmark1.5b-replica-scale-09-09-26_173920/scale-8x/st5-AttUpd/200.txt
Collecting metrics from Prometheus (http://localhost:9091)
  Window: 2026-09-09 19:21:11 -> 2026-09-09 19:23:11 (120s)
  Output: /users/apoudel/DeathStarBench/socialNetwork/results/benchmark1.5b-replica-scale-09-09-26_173920/scale-8x/st5-AttUpd/metrics_200.json
Handling connection for 9091
Handling connection for 9091
Handling connection for 9091
Handling connection for 9091
Handling connection for 9091
Handling connection for 9091
Metrics saved to /users/apoudel/DeathStarBench/socialNetwork/results/benchmark1.5b-replica-scale-09-09-26_173920/scale-8x/st5-AttUpd/metrics_200.json
--- RPS=200 complete ---
--- Running RPS=400 for 120s ---
Running wrk2 with STRAT=st5-AttUpd, RPS=400, DURATION=120s. Output: /users/apoudel/DeathStarBench/socialNetwork/results/benchmark1.5b-replica-scale-09-09-26_173920/scale-8x/st5-AttUpd/400.txt
wrk2 results saved to /users/apoudel/DeathStarBench/socialNetwork/results/benchmark1.5b-replica-scale-09-09-26_173920/scale-8x/st5-AttUpd/400.txt
Collecting metrics from Prometheus (http://localhost:9091)
  Window: 2026-09-09 19:23:12 -> 2026-09-09 19:25:12 (120s)
  Output: /users/apoudel/DeathStarBench/socialNetwork/results/benchmark1.5b-replica-scale-09-09-26_173920/scale-8x/st5-AttUpd/metrics_400.json
Handling connection for 9091
Handling connection for 9091
Handling connection for 9091
Handling connection for 9091
Handling connection for 9091
Handling connection for 9091
Metrics saved to /users/apoudel/DeathStarBench/socialNetwork/results/benchmark1.5b-replica-scale-09-09-26_173920/scale-8x/st5-AttUpd/metrics_400.json
--- RPS=400 complete ---
--- Running RPS=800 for 120s ---
Running wrk2 with STRAT=st5-AttUpd, RPS=800, DURATION=120s. Output: /users/apoudel/DeathStarBench/socialNetwork/results/benchmark1.5b-replica-scale-09-09-26_173920/scale-8x/st5-AttUpd/800.txt
wrk2 results saved to /users/apoudel/DeathStarBench/socialNetwork/results/benchmark1.5b-replica-scale-09-09-26_173920/scale-8x/st5-AttUpd/800.txt
Collecting metrics from Prometheus (http://localhost:9091)
  Window: 2026-09-09 19:25:13 -> 2026-09-09 19:27:13 (120s)
  Output: /users/apoudel/DeathStarBench/socialNetwork/results/benchmark1.5b-replica-scale-09-09-26_173920/scale-8x/st5-AttUpd/metrics_800.json
Handling connection for 9091
Handling connection for 9091
Handling connection for 9091
Handling connection for 9091
Handling connection for 9091
Handling connection for 9091
Metrics saved to /users/apoudel/DeathStarBench/socialNetwork/results/benchmark1.5b-replica-scale-09-09-26_173920/scale-8x/st5-AttUpd/metrics_800.json
--- RPS=800 complete ---
--- Running RPS=1200 for 120s ---
Running wrk2 with STRAT=st5-AttUpd, RPS=1200, DURATION=120s. Output: /users/apoudel/DeathStarBench/socialNetwork/results/benchmark1.5b-replica-scale-09-09-26_173920/scale-8x/st5-AttUpd/1200.txt
wrk2 results saved to /users/apoudel/DeathStarBench/socialNetwork/results/benchmark1.5b-replica-scale-09-09-26_173920/scale-8x/st5-AttUpd/1200.txt
Collecting metrics from Prometheus (http://localhost:9091)
  Window: 2026-09-09 19:27:14 -> 2026-09-09 19:29:14 (120s)
  Output: /users/apoudel/DeathStarBench/socialNetwork/results/benchmark1.5b-replica-scale-09-09-26_173920/scale-8x/st5-AttUpd/metrics_1200.json
Handling connection for 9091
Handling connection for 9091
Handling connection for 9091
Handling connection for 9091
Handling connection for 9091
Handling connection for 9091
Metrics saved to /users/apoudel/DeathStarBench/socialNetwork/results/benchmark1.5b-replica-scale-09-09-26_173920/scale-8x/st5-AttUpd/metrics_1200.json
--- RPS=1200 complete ---
--- Running RPS=1600 for 120s ---
Running wrk2 with STRAT=st5-AttUpd, RPS=1600, DURATION=120s. Output: /users/apoudel/DeathStarBench/socialNetwork/results/benchmark1.5b-replica-scale-09-09-26_173920/scale-8x/st5-AttUpd/1600.txt
wrk2 results saved to /users/apoudel/DeathStarBench/socialNetwork/results/benchmark1.5b-replica-scale-09-09-26_173920/scale-8x/st5-AttUpd/1600.txt
Collecting metrics from Prometheus (http://localhost:9091)
  Window: 2026-09-09 19:29:15 -> 2026-09-09 19:31:15 (120s)
  Output: /users/apoudel/DeathStarBench/socialNetwork/results/benchmark1.5b-replica-scale-09-09-26_173920/scale-8x/st5-AttUpd/metrics_1600.json
Handling connection for 9091
Handling connection for 9091
Handling connection for 9091
Handling connection for 9091
Handling connection for 9091
Handling connection for 9091
Metrics saved to /users/apoudel/DeathStarBench/socialNetwork/results/benchmark1.5b-replica-scale-09-09-26_173920/scale-8x/st5-AttUpd/metrics_1600.json
--- RPS=1600 complete ---
--- Running RPS=2000 for 120s ---
Running wrk2 with STRAT=st5-AttUpd, RPS=2000, DURATION=120s. Output: /users/apoudel/DeathStarBench/socialNetwork/results/benchmark1.5b-replica-scale-09-09-26_173920/scale-8x/st5-AttUpd/2000.txt
wrk2 results saved to /users/apoudel/DeathStarBench/socialNetwork/results/benchmark1.5b-replica-scale-09-09-26_173920/scale-8x/st5-AttUpd/2000.txt
Collecting metrics from Prometheus (http://localhost:9091)
  Window: 2026-09-09 19:31:16 -> 2026-09-09 19:33:16 (120s)
  Output: /users/apoudel/DeathStarBench/socialNetwork/results/benchmark1.5b-replica-scale-09-09-26_173920/scale-8x/st5-AttUpd/metrics_2000.json
Handling connection for 9091
Handling connection for 9091
Handling connection for 9091
Handling connection for 9091
Handling connection for 9091
Handling connection for 9091
Metrics saved to /users/apoudel/DeathStarBench/socialNetwork/results/benchmark1.5b-replica-scale-09-09-26_173920/scale-8x/st5-AttUpd/metrics_2000.json
--- RPS=2000 complete ---
Strategy: st5-AttUpd | Tag: st5-AttUpd | Duration: 120 seconds | RPS: 2000
Results Directory: /users/apoudel/DeathStarBench/socialNetwork/20260909_193317/st5-AttUpd-120
Output File: /users/apoudel/DeathStarBench/socialNetwork/20260909_193317/st5-AttUpd-120/2000.txt
/users/apoudel/DeathStarBench/socialNetwork
[1;30;44mMazu:[0m Uninstalling Prometheus from istio-system....
serviceaccount "prometheus" deleted from istio-system namespace
configmap "prometheus" deleted from istio-system namespace
clusterrole.rbac.authorization.k8s.io "prometheus" deleted
clusterrolebinding.rbac.authorization.k8s.io "prometheus" deleted
service "prometheus" deleted from istio-system namespace
deployment.apps "prometheus" deleted from istio-system namespace
Generated /users/apoudel/DeathStarBench/socialNetwork/results/benchmark1.5b-replica-scale-09-09-26_173920/scale-8x/st5-AttUpd/cpu.dat and /users/apoudel/DeathStarBench/socialNetwork/results/benchmark1.5b-replica-scale-09-09-26_173920/scale-8x/st5-AttUpd/memory.dat
=== Benchmark 1.5b (no-scale) sweep completed at Wed Sep  9 07:33:17 PM MDT 2026 for st5-AttUpd ===
=== Benchmark 1.5b (no-scale) sweep started at Wed Sep  9 07:33:17 PM MDT 2026 for istio ===
Strategy: istio | Tag: st5-AttUpd | Duration: 120 seconds | RPS: 1000
Results Directory: /users/apoudel/DeathStarBench/socialNetwork/20260909_193317/istio-120
Output File: /users/apoudel/DeathStarBench/socialNetwork/20260909_193317/istio-120/1000.txt
/users/apoudel/DeathStarBench/socialNetwork
[1;30;44mMazu:[0m Uninstalling Bookinfo application....
service "details" deleted from default namespace
serviceaccount "bookinfo-details" deleted from default namespace
deployment.apps "details-v1" deleted from default namespace
service "ratings" deleted from default namespace
serviceaccount "bookinfo-ratings" deleted from default namespace
deployment.apps "ratings-v1" deleted from default namespace
service "reviews" deleted from default namespace
serviceaccount "bookinfo-reviews" deleted from default namespace
deployment.apps "reviews-v1" deleted from default namespace
deployment.apps "reviews-v2" deleted from default namespace
deployment.apps "reviews-v3" deleted from default namespace
service "productpage" deleted from default namespace
serviceaccount "bookinfo-productpage" deleted from default namespace
deployment.apps "productpage-v1" deleted from default namespace
gateway.networking.istio.io "bookinfo-gateway" deleted from default namespace
virtualservice.networking.istio.io "bookinfo" deleted from default namespace
Error from server (NotFound): error when deleting "/users/apoudel/DeathStarBench/socialNetwork/scratch/yaml/bf-hpa.yaml": horizontalpodautoscalers.autoscaling "details-hpa" not found
Error from server (NotFound): error when deleting "/users/apoudel/DeathStarBench/socialNetwork/scratch/yaml/bf-hpa.yaml": horizontalpodautoscalers.autoscaling "ratings-hpa" not found
Error from server (NotFound): error when deleting "/users/apoudel/DeathStarBench/socialNetwork/scratch/yaml/bf-hpa.yaml": horizontalpodautoscalers.autoscaling "reviews-v1-hpa" not found
Error from server (NotFound): error when deleting "/users/apoudel/DeathStarBench/socialNetwork/scratch/yaml/bf-hpa.yaml": horizontalpodautoscalers.autoscaling "reviews-v2-hpa" not found
Error from server (NotFound): error when deleting "/users/apoudel/DeathStarBench/socialNetwork/scratch/yaml/bf-hpa.yaml": horizontalpodautoscalers.autoscaling "reviews-v3-hpa" not found
Error from server (NotFound): error when deleting "/users/apoudel/DeathStarBench/socialNetwork/scratch/yaml/bf-hpa.yaml": horizontalpodautoscalers.autoscaling "productpage-hpa" not found
destinationrule.networking.istio.io "details-no-reuse" deleted from default namespace
destinationrule.networking.istio.io "ratings-no-reuse" deleted from default namespace
destinationrule.networking.istio.io "reviews-no-reuse" deleted from default namespace
pod/details-v1-5bff6c89bf-4ptqh condition met
pod/details-v1-5bff6c89bf-9hl5r condition met
pod/details-v1-5bff6c89bf-hdscn condition met
pod/details-v1-5bff6c89bf-kcdz7 condition met
pod/details-v1-5bff6c89bf-pkmfs condition met
pod/details-v1-5bff6c89bf-rclpd condition met
pod/details-v1-5bff6c89bf-t8w7r condition met
pod/details-v1-5bff6c89bf-wj6h2 condition met
pod/productpage-v1-5fbc448f49-66p8n condition met
pod/productpage-v1-5fbc448f49-9krnx condition met
pod/productpage-v1-5fbc448f49-bhjvh condition met
pod/productpage-v1-5fbc448f49-bptwl condition met
pod/productpage-v1-5fbc448f49-mq4gj condition met
pod/productpage-v1-5fbc448f49-rtmm8 condition met
pod/productpage-v1-5fbc448f49-s7t4t condition met
pod/productpage-v1-5fbc448f49-tz5f9 condition met
Strategy: istio | Tag: st5-AttUpd | Duration: 120 seconds | RPS: 1000
Results Directory: /users/apoudel/DeathStarBench/socialNetwork/20260909_193326/istio-120
Output File: /users/apoudel/DeathStarBench/socialNetwork/20260909_193326/istio-120/1000.txt
/users/apoudel/DeathStarBench/socialNetwork
All Istio resources will be pruned from the cluster

  Removed apps/v1, Kind=Deployment/istio-ingressgateway.istio-system.
  Removed apps/v1, Kind=Deployment/istiod.istio-system.
  Removed /v1, Kind=Service/istio-ingressgateway.istio-system.
  Removed /v1, Kind=Service/istiod.istio-system.
  Removed /v1, Kind=ConfigMap/istio.istio-system.
  Removed /v1, Kind=ConfigMap/istio-sidecar-injector.istio-system.
  Removed /v1, Kind=Pod/istio-ingressgateway-745cc59f79-9hpbc.istio-system.
  Removed /v1, Kind=Pod/istio-ingressgateway-745cc59f79-blls6.istio-system.
  Removed /v1, Kind=Pod/istio-ingressgateway-745cc59f79-gx5wd.istio-system.
  Removed /v1, Kind=Pod/istio-ingressgateway-745cc59f79-jl2fh.istio-system.
  Removed /v1, Kind=Pod/istio-ingressgateway-745cc59f79-l7gsb.istio-system.
  Removed /v1, Kind=Pod/istio-ingressgateway-745cc59f79-lfr87.istio-system.
  Removed /v1, Kind=Pod/istio-ingressgateway-745cc59f79-pmbhf.istio-system.
  Removed /v1, Kind=Pod/istio-ingressgateway-745cc59f79-qc865.istio-system.
  Removed /v1, Kind=Pod/istio-ingressgateway-745cc59f79-zcfvf.istio-system.
  Removed /v1, Kind=Pod/istio-ingressgateway-745cc59f79-zk9gc.istio-system.
  Removed /v1, Kind=Pod/istiod-fb9866b9d-9wwn5.istio-system.
  Removed /v1, Kind=ServiceAccount/istio-ingressgateway-service-account.istio-system.
  Removed /v1, Kind=ServiceAccount/istio-reader-service-account.istio-system.
  Removed /v1, Kind=ServiceAccount/istiod.istio-system.
  Removed rbac.authorization.k8s.io/v1, Kind=RoleBinding/istio-ingressgateway-sds.istio-system.
  Removed rbac.authorization.k8s.io/v1, Kind=RoleBinding/istiod.istio-system.
  Removed rbac.authorization.k8s.io/v1, Kind=Role/istio-ingressgateway-sds.istio-system.
  Removed rbac.authorization.k8s.io/v1, Kind=Role/istiod.istio-system.
  Removed policy/v1, Kind=PodDisruptionBudget/istio-ingressgateway.istio-system.
  Removed policy/v1, Kind=PodDisruptionBudget/istiod.istio-system.
  Removed autoscaling/v2, Kind=HorizontalPodAutoscaler/istio-ingressgateway.istio-system.
  Removed autoscaling/v2, Kind=HorizontalPodAutoscaler/istiod.istio-system.
  Removed admissionregistration.k8s.io/v1, Kind=MutatingWebhookConfiguration/istio-revision-tag-default..
  Removed admissionregistration.k8s.io/v1, Kind=MutatingWebhookConfiguration/istio-sidecar-injector..
  Removed admissionregistration.k8s.io/v1, Kind=ValidatingWebhookConfiguration/istio-validator-istio-system..
  Removed admissionregistration.k8s.io/v1, Kind=ValidatingWebhookConfiguration/istiod-default-validator..
  Removed rbac.authorization.k8s.io/v1, Kind=ClusterRole/istio-reader-clusterrole-istio-system..
  Removed rbac.authorization.k8s.io/v1, Kind=ClusterRole/istiod-clusterrole-istio-system..
  Removed rbac.authorization.k8s.io/v1, Kind=ClusterRole/istiod-gateway-controller-istio-system..
  Removed rbac.authorization.k8s.io/v1, Kind=ClusterRoleBinding/istio-reader-clusterrole-istio-system..
  Removed rbac.authorization.k8s.io/v1, Kind=ClusterRoleBinding/istiod-clusterrole-istio-system..
  Removed rbac.authorization.k8s.io/v1, Kind=ClusterRoleBinding/istiod-gateway-controller-istio-system..
  Removed apiextensions.k8s.io/v1, Kind=CustomResourceDefinition/authorizationpolicies.security.istio.io..
  Removed apiextensions.k8s.io/v1, Kind=CustomResourceDefinition/destinationrules.networking.istio.io..
  Removed apiextensions.k8s.io/v1, Kind=CustomResourceDefinition/envoyfilters.networking.istio.io..
  Removed apiextensions.k8s.io/v1, Kind=CustomResourceDefinition/gateways.networking.istio.io..
  Removed apiextensions.k8s.io/v1, Kind=CustomResourceDefinition/peerauthentications.security.istio.io..
  Removed apiextensions.k8s.io/v1, Kind=CustomResourceDefinition/proxyconfigs.networking.istio.io..
  Removed apiextensions.k8s.io/v1, Kind=CustomResourceDefinition/requestauthentications.security.istio.io..
  Removed apiextensions.k8s.io/v1, Kind=CustomResourceDefinition/serviceentries.networking.istio.io..
  Removed apiextensions.k8s.io/v1, Kind=CustomResourceDefinition/sidecars.networking.istio.io..
  Removed apiextensions.k8s.io/v1, Kind=CustomResourceDefinition/telemetries.telemetry.istio.io..
  Removed apiextensions.k8s.io/v1, Kind=CustomResourceDefinition/virtualservices.networking.istio.io..
  Removed apiextensions.k8s.io/v1, Kind=CustomResourceDefinition/wasmplugins.extensions.istio.io..
  Removed apiextensions.k8s.io/v1, Kind=CustomResourceDefinition/workloadentries.networking.istio.io..
  Removed apiextensions.k8s.io/v1, Kind=CustomResourceDefinition/workloadgroups.networking.istio.io..

✔ Uninstall completelease.coordination.k8s.io "istiod-key-curator-leader" deleted from istio-system namespace
pod/istiod-fb9866b9d-9wwn5 condition met
pod/istio-ingressgateway-745cc59f79-9hpbc condition met
pod/istio-ingressgateway-745cc59f79-blls6 condition met
pod/istio-ingressgateway-745cc59f79-gx5wd condition met
pod/istio-ingressgateway-745cc59f79-jl2fh condition met
pod/istio-ingressgateway-745cc59f79-l7gsb condition met
pod/istio-ingressgateway-745cc59f79-lfr87 condition met
pod/istio-ingressgateway-745cc59f79-pmbhf condition met
pod/istio-ingressgateway-745cc59f79-qc865 condition met
pod/istio-ingressgateway-745cc59f79-zcfvf condition met
pod/istio-ingressgateway-745cc59f79-zk9gc condition met
pod "kube-apiserver-node-0" deleted from kube-system namespace
pod "kube-apiserver-node-1" deleted from kube-system namespace
API server count: 2. Waiting for all kube-apiserver pods to become Ready...
All kube-apiserver pods are Ready
Creating TPMs on all nodes...
Warning: Permanently added 'pc772.emulab.net' (ED25519) to the list of known hosts.
Warning: Permanently added 'pc772.emulab.net' (ED25519) to the list of known hosts.
--> Creating tpm state folder in /tpm/myvtpm2.
--> Creating tpm state folder in /tpm/myvtpm2.
--> Creating tpm with swtpm_setup.
--> Creating tpm with swtpm_setup.
Starting vTPM manufacturing as root:root @ Wed 09 Sep 2026 07:33:44 PM MDT
Apply profile: {"Name": "default-v1"}
TPM is listening on Unix socket.
Starting vTPM manufacturing as root:root @ Wed 09 Sep 2026 07:33:44 PM MDT
Apply profile: {"Name": "default-v1"}
TPM is listening on Unix socket.
Active profile: {"Name":"default-v1","StateFormatLevel":7,"Commands":"0x11f-0x122,0x124-0x12e,0x130-0x140,0x142-0x159,0x15b-0x15e,0x160-0x165,0x167-0x174,0x176-0x178,0x17a-0x193,0x197,0x199-0x19c","Algorithms":"rsa,rsa-min-size=1024,tdes,tdes-min-size=128,sha1,hmac,aes,aes-min-size=128,mgf1,keyedhash,xor,sha256,sha384,sha512,null,rsassa,rsaes,rsapss,oaep,ecdsa,ecdh,ecdaa,sm2,ecschnorr,ecmqv,kdf1-sp800-56a,kdf2,kdf1-sp800-108,ecc,ecc-min-size=192,ecc-nist,ecc-bn,ecc-sm2-p256,symcipher,camellia,camellia-min-size=128,cmac,ctr,ofb,cbc,cfb,ecb","Description":"This profile enables all libtpms v0.10-supported commands and algorithms. This profile is compatible with libtpms >= v0.10."}
Active profile: {"Name":"default-v1","StateFormatLevel":7,"Commands":"0x11f-0x122,0x124-0x12e,0x130-0x140,0x142-0x159,0x15b-0x15e,0x160-0x165,0x167-0x174,0x176-0x178,0x17a-0x193,0x197,0x199-0x19c","Algorithms":"rsa,rsa-min-size=1024,tdes,tdes-min-size=128,sha1,hmac,aes,aes-min-size=128,mgf1,keyedhash,xor,sha256,sha384,sha512,null,rsassa,rsaes,rsapss,oaep,ecdsa,ecdh,ecdaa,sm2,ecschnorr,ecmqv,kdf1-sp800-56a,kdf2,kdf1-sp800-108,ecc,ecc-min-size=192,ecc-nist,ecc-bn,ecc-sm2-p256,symcipher,camellia,camellia-min-size=128,cmac,ctr,ofb,cbc,cfb,ecb","Description":"This profile enables all libtpms v0.10-supported commands and algorithms. This profile is compatible with libtpms >= v0.10."}
Successfully created RSA 2048 EK with handle 0x81010001.
  Invoking /usr/bin/swtpm_localca --type ek --ek 9d3733bee9f10cedb13ae655c2785fb631f54ef1909befadeced336734e4341936610395dba168c5b215ef4ef051d57a7138ee3ab523da09267f1b05cce76496c7a6f9e108b6f9db5d0184abfcc060de3de9b3e8ff243b63a76eec9b2973e486854128f5dfaa4dc5921444d9eadf19c5d847f6060a78ff51c1c05ab4c97459581b8e1afd4202d5ff6e5ffaaf5a620c38648e928959a6709fa89a37ffdd4879b8668818417dce813d41b023c57232d280bae9631ece81ffa9fbaef1a55aaae60cd55248541d166969827d076adcb68fb1f477b312026e6e1f6844423cf49799f3c17f0bcc1cdf27040d5b9d298d2f8d161930a1fecc41de5cabbd40d2ffacf2e3 --dir /tmp/swtpm_setup.certs.IOLOV3 --tpm-spec-family 2.0 --tpm-spec-level 0 --tpm-spec-revision 183 --tpm-manufacturer id:00001014 --tpm-model swtpm --tpm-version id:20240125 --tpm2 --configfile /etc/swtpm-localca.conf --optsfile /etc/swtpm-localca.options
swtpm_localca: Successfully created EK certificate locally.
  Invoking /usr/bin/swtpm_localca --type platform --ek 9d3733bee9f10cedb13ae655c2785fb631f54ef1909befadeced336734e4341936610395dba168c5b215ef4ef051d57a7138ee3ab523da09267f1b05cce76496c7a6f9e108b6f9db5d0184abfcc060de3de9b3e8ff243b63a76eec9b2973e486854128f5dfaa4dc5921444d9eadf19c5d847f6060a78ff51c1c05ab4c97459581b8e1afd4202d5ff6e5ffaaf5a620c38648e928959a6709fa89a37ffdd4879b8668818417dce813d41b023c57232d280bae9631ece81ffa9fbaef1a55aaae60cd55248541d166969827d076adcb68fb1f477b312026e6e1f6844423cf49799f3c17f0bcc1cdf27040d5b9d298d2f8d161930a1fecc41de5cabbd40d2ffacf2e3 --dir /tmp/swtpm_setup.certs.IOLOV3 --tpm-spec-family 2.0 --tpm-spec-level 0 --tpm-spec-revision 183 --tpm-manufacturer id:00001014 --tpm-model swtpm --tpm-version id:20240125 --tpm2 --configfile /etc/swtpm-localca.conf --optsfile /etc/swtpm-localca.options
Successfully created RSA 2048 EK with handle 0x81010001.
  Invoking /usr/bin/swtpm_localca --type ek --ek ca748f725993cfcbe966ebeb75a8fb920db1b1e8033657c9aeb2970457d3cfb274f678c84a909f04b9e5df0ab13af9bd0292ac103c3588869854e8e74077d8e8c9d22663de7f1d5622b893042a2692cd37a454d5d09a2ba016e7f6fdc111d7f735918599f6ce5531df18859a52546c2da454770f2ad4cc6ee82adea3e359fead4899bfd9ea227cc715a1073a16e5b6df11a7acd88c31c42115ba59e4755f84ffda599960864301a5cdec43690e2621672f0f27d71deb1ac65e12b037ecfddcedc4a873191c52280264de87314348f6e547b599797bbb7c2d6d3e17433c51b8138922677e0502417af804c75ceaef08bf78f3a014dc5060261884754b12c581b3 --dir /tmp/swtpm_setup.certs.HTROV3 --tpm-spec-family 2.0 --tpm-spec-level 0 --tpm-spec-revision 183 --tpm-manufacturer id:00001014 --tpm-model swtpm --tpm-version id:20240125 --tpm2 --configfile /etc/swtpm-localca.conf --optsfile /etc/swtpm-localca.options
swtpm_localca: Successfully created platform certificate locally.
Successfully created NVRAM area 0x1c00002 for RSA 2048 EK certificate.
Successfully created NVRAM area 0x1c08000 for platform certificate.
swtpm_localca: Successfully created EK certificate locally.
  Invoking /usr/bin/swtpm_localca --type platform --ek ca748f725993cfcbe966ebeb75a8fb920db1b1e8033657c9aeb2970457d3cfb274f678c84a909f04b9e5df0ab13af9bd0292ac103c3588869854e8e74077d8e8c9d22663de7f1d5622b893042a2692cd37a454d5d09a2ba016e7f6fdc111d7f735918599f6ce5531df18859a52546c2da454770f2ad4cc6ee82adea3e359fead4899bfd9ea227cc715a1073a16e5b6df11a7acd88c31c42115ba59e4755f84ffda599960864301a5cdec43690e2621672f0f27d71deb1ac65e12b037ecfddcedc4a873191c52280264de87314348f6e547b599797bbb7c2d6d3e17433c51b8138922677e0502417af804c75ceaef08bf78f3a014dc5060261884754b12c581b3 --dir /tmp/swtpm_setup.certs.HTROV3 --tpm-spec-family 2.0 --tpm-spec-level 0 --tpm-spec-revision 183 --tpm-manufacturer id:00001014 --tpm-model swtpm --tpm-version id:20240125 --tpm2 --configfile /etc/swtpm-localca.conf --optsfile /etc/swtpm-localca.options
Successfully created ECC EK with handle 0x81010016.
  Invoking /usr/bin/swtpm_localca --type ek --ek x=91dcd057839819af580113ec44af856560681fbc383857a92fe7a40eabfdeeb295487081f92d288a674924c4e90b8628,y=1667d1f74e5531a59207aa0e070aeb53be66c1bb67d0cb18c3777a931eddea9cd36b24ed8b1f94f11fb86fadf01170b4,id=secp384r1 --dir /tmp/swtpm_setup.certs.IOLOV3 --tpm-spec-family 2.0 --tpm-spec-level 0 --tpm-spec-revision 183 --tpm-manufacturer id:00001014 --tpm-model swtpm --tpm-version id:20240125 --tpm2 --configfile /etc/swtpm-localca.conf --optsfile /etc/swtpm-localca.options
swtpm_localca: Successfully created EK certificate locally.
swtpm_localca: Successfully created platform certificate locally.
Successfully created NVRAM area 0x1c00002 for RSA 2048 EK certificate.
Successfully created NVRAM area 0x1c00016 for ECC EK certificate.
Successfully activated PCR banks sha256 among sha1,sha256,sha384,sha512.
Successfully created NVRAM area 0x1c08000 for platform certificate.
Successfully authored TPM state.
Ending vTPM manufacturing @ Wed 09 Sep 2026 07:33:44 PM MDT
Successfully created ECC EK with handle 0x81010016.
  Invoking /usr/bin/swtpm_localca --type ek --ek x=eb33bd9a1509c57933db15d1703d1c4a55b568a85403978e4f52a3373d8824728e606264e3d0057afcd9d7d445c272bc,y=5b43d5728fd6fb2f17ef50cd40a09167aaa0f8b03f698dfabef9246f991ec5cd283360da73f595e13ea3d0cc65fa7580,id=secp384r1 --dir /tmp/swtpm_setup.certs.HTROV3 --tpm-spec-family 2.0 --tpm-spec-level 0 --tpm-spec-revision 183 --tpm-manufacturer id:00001014 --tpm-model swtpm --tpm-version id:20240125 --tpm2 --configfile /etc/swtpm-localca.conf --optsfile /etc/swtpm-localca.options
swtpm_localca: Successfully created EK certificate locally.
Successfully created NVRAM area 0x1c00016 for ECC EK certificate.
Successfully activated PCR banks sha256 among sha1,sha256,sha384,sha512.
Successfully authored TPM state.
Ending vTPM manufacturing @ Wed 09 Sep 2026 07:33:44 PM MDT
--> Creating /dev/tpmrm0 device with swtpm_cuse.
--> Creating /dev/tpmrm0 device with swtpm_cuse.
TPMs created on all nodes
Using strategy: istio
Unknown strategy: istio
Deploying Mazu ConfigMap to namespace: default
configmap "mazu-config" deleted from default namespace
configmap/mazu-config created
Deploying Mazu ConfigMap to namespace: istio-system
configmap "mazu-config" deleted from istio-system namespace
configmap/mazu-config created
Deploying RBE PP ConfigMap to namespace: default
configmap "rbe-pp" deleted from default namespace
configmap/rbe-pp created
Deploying RBE PP ConfigMap to namespace: istio-system
configmap "rbe-pp" deleted from istio-system namespace
configmap/rbe-pp created
Strategy: istio | Tag: st5-AttUpd | Duration: 120 seconds | RPS: 1000
Results Directory: /users/apoudel/DeathStarBench/socialNetwork/20260909_193448/istio-120
Output File: /users/apoudel/DeathStarBench/socialNetwork/20260909_193448/istio-120/1000.txt
/users/apoudel/DeathStarBench/socialNetwork
[1;30;44mMazu:[0m Installing Istio....
        |\          
        | \         
        |  \        
        |   \       
      /||    \      
     / ||     \     
    /  ||      \    
   /   ||       \   
  /    ||        \  
 /     ||         \ 
/______||__________\
____________________
  \__       _____/  
     \_____/        

WARNING: Istio 1.24.0 may be out of support (EOL) already: see https://istio.io/latest/docs/releases/supported-releases/ for supported releases

- Processing resources for Istio core.
- Processing resources for Istio core. Waiting for CustomResourceDefinition/, CustomResourceDefin...
✔ Istio core installed ⛵️
- Processing resources for Istiod.
- Processing resources for Istiod. Waiting for Deployment/istio-system/istiod
✔ Istiod installed 🧠
- Processing resources for Ingress gateways.
- Processing resources for Ingress gateways. Waiting for Deployment/istio-system/istio-ingressgat...
✔ Ingress gateways installed 🛬
- Pruning removed resources
✔ Installation completenamespace/default not labeled
peerauthentication.security.istio.io/default created
service/details created
serviceaccount/bookinfo-details created
deployment.apps/details-v1 created
service/ratings created
serviceaccount/bookinfo-ratings created
deployment.apps/ratings-v1 created
service/reviews created
serviceaccount/bookinfo-reviews created
deployment.apps/reviews-v1 created
deployment.apps/reviews-v2 created
deployment.apps/reviews-v3 created
service/productpage created
serviceaccount/bookinfo-productpage created
deployment.apps/productpage-v1 created
gateway.networking.istio.io/bookinfo-gateway created
virtualservice.networking.istio.io/bookinfo created
destinationrule.networking.istio.io/details-no-reuse created
destinationrule.networking.istio.io/ratings-no-reuse created
destinationrule.networking.istio.io/reviews-no-reuse created
Waiting for rollouts (timeout 780s each):
  deployment.apps/details-v1
  deployment.apps/ratings-v1
  deployment.apps/reviews-v1
  deployment.apps/reviews-v2
  deployment.apps/reviews-v3
  deployment.apps/productpage-v1
Waiting for deployment "details-v1" rollout to finish: 0 of 8 replicas are ready...
Waiting for deployment "details-v1" rollout to finish: 4 of 8 replicas are ready...
deployment "details-v1" successfully rolled out (8/8 ready)
deployment "ratings-v1" successfully rolled out (8/8 ready)
deployment "reviews-v1" successfully rolled out (8/8 ready)
deployment "reviews-v2" successfully rolled out (8/8 ready)
deployment "reviews-v3" successfully rolled out (8/8 ready)
deployment "productpage-v1" successfully rolled out (8/8 ready)
pod/istiod-8574d68d5c-rpvfr condition met
pod/istio-ingressgateway-75fb7d94d9-r9qxg condition met
Ingress: 155.98.38.240:80
Strategy: istio | Tag: st5-AttUpd | Duration: 120 seconds | RPS: 1000
Results Directory: /users/apoudel/DeathStarBench/socialNetwork/20260909_193519/istio-120
Output File: /users/apoudel/DeathStarBench/socialNetwork/20260909_193519/istio-120/1000.txt
/users/apoudel/DeathStarBench/socialNetwork
[1;30;44mMazu:[0m Uninstalling Prometheus from istio-system....
Strategy: istio | Tag: st5-AttUpd | Duration: 120 seconds | RPS: 1000
Results Directory: /users/apoudel/DeathStarBench/socialNetwork/20260909_193519/istio-120
Output File: /users/apoudel/DeathStarBench/socialNetwork/20260909_193519/istio-120/1000.txt
/users/apoudel/DeathStarBench/socialNetwork
[1;30;44mMazu:[0m Installing Prometheus in istio-system....
serviceaccount/prometheus created
configmap/prometheus created
clusterrole.rbac.authorization.k8s.io/prometheus created
clusterrolebinding.rbac.authorization.k8s.io/prometheus created
service/prometheus created
deployment.apps/prometheus created
pod/prometheus-c9ff75ddb-wmz56 condition met
[1;30;44mMazu:[0m Prometheus is ready.
Waiting for Prometheus pod to be Running...
pod/prometheus-c9ff75ddb-wmz56 condition met
Forwarding from 127.0.0.1:9091 -> 9090
Forwarding from [::1]:9091 -> 9090
Waiting for Prometheus to be reachable at http://localhost:9091...
Handling connection for 9091
Prometheus is reachable at http://localhost:9091
--- Running RPS=100 for 120s ---
Running wrk2 with STRAT=istio, RPS=100, DURATION=120s. Output: /users/apoudel/DeathStarBench/socialNetwork/results/benchmark1.5b-replica-scale-09-09-26_173920/scale-8x/istio/100.txt
wrk2 results saved to /users/apoudel/DeathStarBench/socialNetwork/results/benchmark1.5b-replica-scale-09-09-26_173920/scale-8x/istio/100.txt
Collecting metrics from Prometheus (http://localhost:9091)
  Window: 2026-09-09 19:35:27 -> 2026-09-09 19:37:27 (120s)
  Output: /users/apoudel/DeathStarBench/socialNetwork/results/benchmark1.5b-replica-scale-09-09-26_173920/scale-8x/istio/metrics_100.json
Handling connection for 9091
Handling connection for 9091
Handling connection for 9091
Handling connection for 9091
Handling connection for 9091
Handling connection for 9091
Metrics saved to /users/apoudel/DeathStarBench/socialNetwork/results/benchmark1.5b-replica-scale-09-09-26_173920/scale-8x/istio/metrics_100.json
--- RPS=100 complete ---
--- Running RPS=200 for 120s ---
Running wrk2 with STRAT=istio, RPS=200, DURATION=120s. Output: /users/apoudel/DeathStarBench/socialNetwork/results/benchmark1.5b-replica-scale-09-09-26_173920/scale-8x/istio/200.txt
wrk2 results saved to /users/apoudel/DeathStarBench/socialNetwork/results/benchmark1.5b-replica-scale-09-09-26_173920/scale-8x/istio/200.txt
Collecting metrics from Prometheus (http://localhost:9091)
  Window: 2026-09-09 19:37:28 -> 2026-09-09 19:39:28 (120s)
  Output: /users/apoudel/DeathStarBench/socialNetwork/results/benchmark1.5b-replica-scale-09-09-26_173920/scale-8x/istio/metrics_200.json
Handling connection for 9091
Handling connection for 9091
Handling connection for 9091
Handling connection for 9091
Handling connection for 9091
Handling connection for 9091
Metrics saved to /users/apoudel/DeathStarBench/socialNetwork/results/benchmark1.5b-replica-scale-09-09-26_173920/scale-8x/istio/metrics_200.json
--- RPS=200 complete ---
--- Running RPS=400 for 120s ---
Running wrk2 with STRAT=istio, RPS=400, DURATION=120s. Output: /users/apoudel/DeathStarBench/socialNetwork/results/benchmark1.5b-replica-scale-09-09-26_173920/scale-8x/istio/400.txt
wrk2 results saved to /users/apoudel/DeathStarBench/socialNetwork/results/benchmark1.5b-replica-scale-09-09-26_173920/scale-8x/istio/400.txt
Collecting metrics from Prometheus (http://localhost:9091)
  Window: 2026-09-09 19:39:28 -> 2026-09-09 19:41:28 (120s)
  Output: /users/apoudel/DeathStarBench/socialNetwork/results/benchmark1.5b-replica-scale-09-09-26_173920/scale-8x/istio/metrics_400.json
Handling connection for 9091
Handling connection for 9091
Handling connection for 9091
Handling connection for 9091
Handling connection for 9091
Handling connection for 9091
Metrics saved to /users/apoudel/DeathStarBench/socialNetwork/results/benchmark1.5b-replica-scale-09-09-26_173920/scale-8x/istio/metrics_400.json
--- RPS=400 complete ---
--- Running RPS=800 for 120s ---
Running wrk2 with STRAT=istio, RPS=800, DURATION=120s. Output: /users/apoudel/DeathStarBench/socialNetwork/results/benchmark1.5b-replica-scale-09-09-26_173920/scale-8x/istio/800.txt
wrk2 results saved to /users/apoudel/DeathStarBench/socialNetwork/results/benchmark1.5b-replica-scale-09-09-26_173920/scale-8x/istio/800.txt
Collecting metrics from Prometheus (http://localhost:9091)
  Window: 2026-09-09 19:41:29 -> 2026-09-09 19:43:29 (120s)
  Output: /users/apoudel/DeathStarBench/socialNetwork/results/benchmark1.5b-replica-scale-09-09-26_173920/scale-8x/istio/metrics_800.json
Handling connection for 9091
Handling connection for 9091
Handling connection for 9091
Handling connection for 9091
Handling connection for 9091
Handling connection for 9091
Metrics saved to /users/apoudel/DeathStarBench/socialNetwork/results/benchmark1.5b-replica-scale-09-09-26_173920/scale-8x/istio/metrics_800.json
--- RPS=800 complete ---
--- Running RPS=1200 for 120s ---
Running wrk2 with STRAT=istio, RPS=1200, DURATION=120s. Output: /users/apoudel/DeathStarBench/socialNetwork/results/benchmark1.5b-replica-scale-09-09-26_173920/scale-8x/istio/1200.txt
wrk2 results saved to /users/apoudel/DeathStarBench/socialNetwork/results/benchmark1.5b-replica-scale-09-09-26_173920/scale-8x/istio/1200.txt
Collecting metrics from Prometheus (http://localhost:9091)
  Window: 2026-09-09 19:43:30 -> 2026-09-09 19:45:30 (120s)
  Output: /users/apoudel/DeathStarBench/socialNetwork/results/benchmark1.5b-replica-scale-09-09-26_173920/scale-8x/istio/metrics_1200.json
Handling connection for 9091
Handling connection for 9091
Handling connection for 9091
Handling connection for 9091
Handling connection for 9091
Handling connection for 9091
Metrics saved to /users/apoudel/DeathStarBench/socialNetwork/results/benchmark1.5b-replica-scale-09-09-26_173920/scale-8x/istio/metrics_1200.json
--- RPS=1200 complete ---
--- Running RPS=1600 for 120s ---
Running wrk2 with STRAT=istio, RPS=1600, DURATION=120s. Output: /users/apoudel/DeathStarBench/socialNetwork/results/benchmark1.5b-replica-scale-09-09-26_173920/scale-8x/istio/1600.txt
wrk2 results saved to /users/apoudel/DeathStarBench/socialNetwork/results/benchmark1.5b-replica-scale-09-09-26_173920/scale-8x/istio/1600.txt
Collecting metrics from Prometheus (http://localhost:9091)
  Window: 2026-09-09 19:45:31 -> 2026-09-09 19:47:31 (120s)
  Output: /users/apoudel/DeathStarBench/socialNetwork/results/benchmark1.5b-replica-scale-09-09-26_173920/scale-8x/istio/metrics_1600.json
Handling connection for 9091
Handling connection for 9091
Handling connection for 9091
Handling connection for 9091
Handling connection for 9091
Handling connection for 9091
Metrics saved to /users/apoudel/DeathStarBench/socialNetwork/results/benchmark1.5b-replica-scale-09-09-26_173920/scale-8x/istio/metrics_1600.json
--- RPS=1600 complete ---
--- Running RPS=2000 for 120s ---
Running wrk2 with STRAT=istio, RPS=2000, DURATION=120s. Output: /users/apoudel/DeathStarBench/socialNetwork/results/benchmark1.5b-replica-scale-09-09-26_173920/scale-8x/istio/2000.txt
wrk2 results saved to /users/apoudel/DeathStarBench/socialNetwork/results/benchmark1.5b-replica-scale-09-09-26_173920/scale-8x/istio/2000.txt
Collecting metrics from Prometheus (http://localhost:9091)
  Window: 2026-09-09 19:47:32 -> 2026-09-09 19:49:32 (120s)
  Output: /users/apoudel/DeathStarBench/socialNetwork/results/benchmark1.5b-replica-scale-09-09-26_173920/scale-8x/istio/metrics_2000.json
Handling connection for 9091
Handling connection for 9091
Handling connection for 9091
Handling connection for 9091
Handling connection for 9091
Handling connection for 9091
Metrics saved to /users/apoudel/DeathStarBench/socialNetwork/results/benchmark1.5b-replica-scale-09-09-26_173920/scale-8x/istio/metrics_2000.json
--- RPS=2000 complete ---
Strategy: istio | Tag: st5-AttUpd | Duration: 120 seconds | RPS: 2000
Results Directory: /users/apoudel/DeathStarBench/socialNetwork/20260909_194933/istio-120
Output File: /users/apoudel/DeathStarBench/socialNetwork/20260909_194933/istio-120/2000.txt
/users/apoudel/DeathStarBench/socialNetwork
[1;30;44mMazu:[0m Uninstalling Prometheus from istio-system....
serviceaccount "prometheus" deleted from istio-system namespace
configmap "prometheus" deleted from istio-system namespace
clusterrole.rbac.authorization.k8s.io "prometheus" deleted
clusterrolebinding.rbac.authorization.k8s.io "prometheus" deleted
service "prometheus" deleted from istio-system namespace
deployment.apps "prometheus" deleted from istio-system namespace
Generated /users/apoudel/DeathStarBench/socialNetwork/results/benchmark1.5b-replica-scale-09-09-26_173920/scale-8x/istio/cpu.dat and /users/apoudel/DeathStarBench/socialNetwork/results/benchmark1.5b-replica-scale-09-09-26_173920/scale-8x/istio/memory.dat
=== Benchmark 1.5b (no-scale) sweep completed at Wed Sep  9 07:49:33 PM MDT 2026 for istio ===
Wrote /users/apoudel/DeathStarBench/socialNetwork/results/benchmark1.5b-replica-scale-09-09-26_173920/scale-8x/istio/latency.dat (7 entries)
Wrote /users/apoudel/DeathStarBench/socialNetwork/results/benchmark1.5b-replica-scale-09-09-26_173920/scale-8x/st5-AttUpd/latency.dat (7 entries)
Wrote /users/apoudel/DeathStarBench/socialNetwork/results/benchmark1.5b-replica-scale-09-09-26_173920/scale-8x/cpu_combined.dat (7 blocks: [100, 200, 400, 800, 1200, 1600, 2000])
Wrote /users/apoudel/DeathStarBench/socialNetwork/results/benchmark1.5b-replica-scale-09-09-26_173920/scale-8x/memory_combined.dat (7 blocks: [100, 200, 400, 800, 1200, 1600, 2000])
Wrote /users/apoudel/DeathStarBench/socialNetwork/results/benchmark1.5b-replica-scale-09-09-26_173920/scale-8x/latency_combined.dat (7 QPS levels)
Wrote /users/apoudel/DeathStarBench/socialNetwork/results/benchmark1.5b-replica-scale-09-09-26_173920/scale-8x/rps_vals.gpi (7 rps values)
=== All benchmark 1.5b (no-scale) sweep runs complete. Results in /users/apoudel/DeathStarBench/socialNetwork/results/benchmark1.5b-replica-scale-09-09-26_173920/scale-8x ===
[2026-09-09 19:49:33] --- scale 8x ok ---
[2026-09-09 19:49:33] --- scale 16x: 96 app pods, ready timeout 1260s ---
[2026-09-09 19:49:33]     manifests: /users/apoudel/DeathStarBench/socialNetwork/results/benchmark1.5b-replica-scale-09-09-26_173920/scale-16x/manifests/bookinfo-var.yaml
[1;30;44mMazu:[0m === Benchmark 1.5b (no-scale): HPA-disabled continuous RPS sweep ===.
[1;30;44mMazu:[0m Strategies: st5-AttUpd istio.
[1;30;44mMazu:[0m RPS values: 100 200 400 800 1200 1600 2000.
[1;30;44mMazu:[0m Duration: 120s per RPS step.
[1;30;44mMazu:[0m Manifests: /users/apoudel/DeathStarBench/socialNetwork/results/benchmark1.5b-replica-scale-09-09-26_173920/scale-16x/manifests/bookinfo-var.yaml (istio) / /users/apoudel/DeathStarBench/socialNetwork/results/benchmark1.5b-replica-scale-09-09-26_173920/scale-16x/manifests/bookinfo-var-tpm.yaml (st5-AttUpd).
[1;30;44mMazu:[0m Mazu image tag: st5-AttUpd (docker.io/atosh502/proxyv2:st5-AttUpd).
[1;30;44mMazu:[0m Connection reuse: DISABLED (bf-no-connection-reuse.yaml, maxRequestsPerConnection=1).
[1;30;44mMazu:[0m Envoy diagnostics: disabled (set ENVOY_DIAG=1 to collect).
[1;30;44mMazu:[0m Results: /users/apoudel/DeathStarBench/socialNetwork/results/benchmark1.5b-replica-scale-09-09-26_173920/scale-16x.
[1;30;44mMazu:[0m Logs: /users/apoudel/DeathStarBench/socialNetwork/results/benchmark1.5b-replica-scale-09-09-26_173920/logs/scale-16x-sweep.log (+ one per strategy).
=== Benchmark 1.5b (no-scale) sweep started at Wed Sep  9 07:49:34 PM MDT 2026 for st5-AttUpd ===
Strategy: st5-AttUpd | Tag: st5-AttUpd | Duration: 120 seconds | RPS: 1000
Results Directory: /users/apoudel/DeathStarBench/socialNetwork/20260909_194934/st5-AttUpd-120
Output File: /users/apoudel/DeathStarBench/socialNetwork/20260909_194934/st5-AttUpd-120/1000.txt
/users/apoudel/DeathStarBench/socialNetwork
[1;30;44mMazu:[0m Uninstalling Bookinfo application....
service "details" deleted from default namespace
serviceaccount "bookinfo-details" deleted from default namespace
deployment.apps "details-v1" deleted from default namespace
service "ratings" deleted from default namespace
serviceaccount "bookinfo-ratings" deleted from default namespace
deployment.apps "ratings-v1" deleted from default namespace
service "reviews" deleted from default namespace
serviceaccount "bookinfo-reviews" deleted from default namespace
deployment.apps "reviews-v1" deleted from default namespace
deployment.apps "reviews-v2" deleted from default namespace
deployment.apps "reviews-v3" deleted from default namespace
service "productpage" deleted from default namespace
serviceaccount "bookinfo-productpage" deleted from default namespace
deployment.apps "productpage-v1" deleted from default namespace
gateway.networking.istio.io "bookinfo-gateway" deleted from default namespace
virtualservice.networking.istio.io "bookinfo" deleted from default namespace
Error from server (NotFound): error when deleting "/users/apoudel/DeathStarBench/socialNetwork/scratch/yaml/bf-hpa.yaml": horizontalpodautoscalers.autoscaling "details-hpa" not found
Error from server (NotFound): error when deleting "/users/apoudel/DeathStarBench/socialNetwork/scratch/yaml/bf-hpa.yaml": horizontalpodautoscalers.autoscaling "ratings-hpa" not found
Error from server (NotFound): error when deleting "/users/apoudel/DeathStarBench/socialNetwork/scratch/yaml/bf-hpa.yaml": horizontalpodautoscalers.autoscaling "reviews-v1-hpa" not found
Error from server (NotFound): error when deleting "/users/apoudel/DeathStarBench/socialNetwork/scratch/yaml/bf-hpa.yaml": horizontalpodautoscalers.autoscaling "reviews-v2-hpa" not found
Error from server (NotFound): error when deleting "/users/apoudel/DeathStarBench/socialNetwork/scratch/yaml/bf-hpa.yaml": horizontalpodautoscalers.autoscaling "reviews-v3-hpa" not found
Error from server (NotFound): error when deleting "/users/apoudel/DeathStarBench/socialNetwork/scratch/yaml/bf-hpa.yaml": horizontalpodautoscalers.autoscaling "productpage-hpa" not found
destinationrule.networking.istio.io "details-no-reuse" deleted from default namespace
destinationrule.networking.istio.io "ratings-no-reuse" deleted from default namespace
destinationrule.networking.istio.io "reviews-no-reuse" deleted from default namespace
pod/details-v1-85d6566d54-2p8zw condition met
pod/details-v1-85d6566d54-674jh condition met
pod/details-v1-85d6566d54-cxddb condition met
pod/details-v1-85d6566d54-kj4zk condition met
pod/details-v1-85d6566d54-m4lvr condition met
pod/details-v1-85d6566d54-q6znw condition met
pod/details-v1-85d6566d54-tfhbl condition met
pod/details-v1-85d6566d54-wfrjf condition met
pod/productpage-v1-54fdfcc87b-5zhbm condition met
pod/productpage-v1-54fdfcc87b-9nrsz condition met
pod/productpage-v1-54fdfcc87b-mgq9x condition met
pod/productpage-v1-54fdfcc87b-p7gh4 condition met
pod/productpage-v1-54fdfcc87b-qg86g condition met
pod/productpage-v1-54fdfcc87b-rjw2n condition met
pod/productpage-v1-54fdfcc87b-srqjs condition met
pod/productpage-v1-54fdfcc87b-ssh7l condition met
Strategy: st5-AttUpd | Tag: st5-AttUpd | Duration: 120 seconds | RPS: 1000
Results Directory: /users/apoudel/DeathStarBench/socialNetwork/20260909_194942/st5-AttUpd-120
Output File: /users/apoudel/DeathStarBench/socialNetwork/20260909_194942/st5-AttUpd-120/1000.txt
/users/apoudel/DeathStarBench/socialNetwork
All Istio resources will be pruned from the cluster

  Removed apps/v1, Kind=Deployment/istio-ingressgateway.istio-system.
  Removed apps/v1, Kind=Deployment/istiod.istio-system.
  Removed /v1, Kind=Service/istio-ingressgateway.istio-system.
  Removed /v1, Kind=Service/istiod.istio-system.
  Removed /v1, Kind=ConfigMap/istio.istio-system.
  Removed /v1, Kind=ConfigMap/istio-sidecar-injector.istio-system.
  Removed /v1, Kind=Pod/istio-ingressgateway-75fb7d94d9-757m9.istio-system.
  Removed /v1, Kind=Pod/istio-ingressgateway-75fb7d94d9-8x2ll.istio-system.
  Removed /v1, Kind=Pod/istio-ingressgateway-75fb7d94d9-r9qxg.istio-system.
  Removed /v1, Kind=Pod/istio-ingressgateway-75fb7d94d9-spb57.istio-system.
  Removed /v1, Kind=Pod/istio-ingressgateway-75fb7d94d9-svqxj.istio-system.
  Removed /v1, Kind=Pod/istiod-8574d68d5c-rpvfr.istio-system.
  Removed /v1, Kind=ServiceAccount/istio-ingressgateway-service-account.istio-system.
  Removed /v1, Kind=ServiceAccount/istio-reader-service-account.istio-system.
  Removed /v1, Kind=ServiceAccount/istiod.istio-system.
  Removed rbac.authorization.k8s.io/v1, Kind=RoleBinding/istio-ingressgateway-sds.istio-system.
  Removed rbac.authorization.k8s.io/v1, Kind=RoleBinding/istiod.istio-system.
  Removed rbac.authorization.k8s.io/v1, Kind=Role/istio-ingressgateway-sds.istio-system.
  Removed rbac.authorization.k8s.io/v1, Kind=Role/istiod.istio-system.
  Removed policy/v1, Kind=PodDisruptionBudget/istio-ingressgateway.istio-system.
  Removed policy/v1, Kind=PodDisruptionBudget/istiod.istio-system.
  Removed autoscaling/v2, Kind=HorizontalPodAutoscaler/istio-ingressgateway.istio-system.
  Removed autoscaling/v2, Kind=HorizontalPodAutoscaler/istiod.istio-system.
  Removed admissionregistration.k8s.io/v1, Kind=MutatingWebhookConfiguration/istio-revision-tag-default..
  Removed admissionregistration.k8s.io/v1, Kind=MutatingWebhookConfiguration/istio-sidecar-injector..
  Removed admissionregistration.k8s.io/v1, Kind=ValidatingWebhookConfiguration/istio-validator-istio-system..
  Removed admissionregistration.k8s.io/v1, Kind=ValidatingWebhookConfiguration/istiod-default-validator..
  Removed rbac.authorization.k8s.io/v1, Kind=ClusterRole/istio-reader-clusterrole-istio-system..
  Removed rbac.authorization.k8s.io/v1, Kind=ClusterRole/istiod-clusterrole-istio-system..
  Removed rbac.authorization.k8s.io/v1, Kind=ClusterRole/istiod-gateway-controller-istio-system..
  Removed rbac.authorization.k8s.io/v1, Kind=ClusterRoleBinding/istio-reader-clusterrole-istio-system..
  Removed rbac.authorization.k8s.io/v1, Kind=ClusterRoleBinding/istiod-clusterrole-istio-system..
  Removed rbac.authorization.k8s.io/v1, Kind=ClusterRoleBinding/istiod-gateway-controller-istio-system..
  Removed apiextensions.k8s.io/v1, Kind=CustomResourceDefinition/authorizationpolicies.security.istio.io..
  Removed apiextensions.k8s.io/v1, Kind=CustomResourceDefinition/destinationrules.networking.istio.io..
  Removed apiextensions.k8s.io/v1, Kind=CustomResourceDefinition/envoyfilters.networking.istio.io..
  Removed apiextensions.k8s.io/v1, Kind=CustomResourceDefinition/gateways.networking.istio.io..
  Removed apiextensions.k8s.io/v1, Kind=CustomResourceDefinition/peerauthentications.security.istio.io..
  Removed apiextensions.k8s.io/v1, Kind=CustomResourceDefinition/proxyconfigs.networking.istio.io..
  Removed apiextensions.k8s.io/v1, Kind=CustomResourceDefinition/requestauthentications.security.istio.io..
  Removed apiextensions.k8s.io/v1, Kind=CustomResourceDefinition/serviceentries.networking.istio.io..
  Removed apiextensions.k8s.io/v1, Kind=CustomResourceDefinition/sidecars.networking.istio.io..
  Removed apiextensions.k8s.io/v1, Kind=CustomResourceDefinition/telemetries.telemetry.istio.io..
  Removed apiextensions.k8s.io/v1, Kind=CustomResourceDefinition/virtualservices.networking.istio.io..
  Removed apiextensions.k8s.io/v1, Kind=CustomResourceDefinition/wasmplugins.extensions.istio.io..
  Removed apiextensions.k8s.io/v1, Kind=CustomResourceDefinition/workloadentries.networking.istio.io..
  Removed apiextensions.k8s.io/v1, Kind=CustomResourceDefinition/workloadgroups.networking.istio.io..

✔ Uninstall completepod/istiod-8574d68d5c-rpvfr condition met
pod/istio-ingressgateway-75fb7d94d9-757m9 condition met
pod/istio-ingressgateway-75fb7d94d9-8x2ll condition met
pod/istio-ingressgateway-75fb7d94d9-r9qxg condition met
pod/istio-ingressgateway-75fb7d94d9-spb57 condition met
pod/istio-ingressgateway-75fb7d94d9-svqxj condition met
pod "kube-apiserver-node-0" deleted from kube-system namespace
pod "kube-apiserver-node-1" deleted from kube-system namespace
API server count: 2. Waiting for all kube-apiserver pods to become Ready...
All kube-apiserver pods are Ready
Creating TPMs on all nodes...
Warning: Permanently added 'pc772.emulab.net' (ED25519) to the list of known hosts.
Warning: Permanently added 'pc772.emulab.net' (ED25519) to the list of known hosts.
--> Creating tpm state folder in /tpm/myvtpm2.
--> Creating tpm state folder in /tpm/myvtpm2.
--> Creating tpm with swtpm_setup.
--> Creating tpm with swtpm_setup.
Starting vTPM manufacturing as root:root @ Wed 09 Sep 2026 07:50:01 PM MDT
Apply profile: {"Name": "default-v1"}
TPM is listening on Unix socket.
Starting vTPM manufacturing as root:root @ Wed 09 Sep 2026 07:50:01 PM MDT
Apply profile: {"Name": "default-v1"}
TPM is listening on Unix socket.
Active profile: {"Name":"default-v1","StateFormatLevel":7,"Commands":"0x11f-0x122,0x124-0x12e,0x130-0x140,0x142-0x159,0x15b-0x15e,0x160-0x165,0x167-0x174,0x176-0x178,0x17a-0x193,0x197,0x199-0x19c","Algorithms":"rsa,rsa-min-size=1024,tdes,tdes-min-size=128,sha1,hmac,aes,aes-min-size=128,mgf1,keyedhash,xor,sha256,sha384,sha512,null,rsassa,rsaes,rsapss,oaep,ecdsa,ecdh,ecdaa,sm2,ecschnorr,ecmqv,kdf1-sp800-56a,kdf2,kdf1-sp800-108,ecc,ecc-min-size=192,ecc-nist,ecc-bn,ecc-sm2-p256,symcipher,camellia,camellia-min-size=128,cmac,ctr,ofb,cbc,cfb,ecb","Description":"This profile enables all libtpms v0.10-supported commands and algorithms. This profile is compatible with libtpms >= v0.10."}
Active profile: {"Name":"default-v1","StateFormatLevel":7,"Commands":"0x11f-0x122,0x124-0x12e,0x130-0x140,0x142-0x159,0x15b-0x15e,0x160-0x165,0x167-0x174,0x176-0x178,0x17a-0x193,0x197,0x199-0x19c","Algorithms":"rsa,rsa-min-size=1024,tdes,tdes-min-size=128,sha1,hmac,aes,aes-min-size=128,mgf1,keyedhash,xor,sha256,sha384,sha512,null,rsassa,rsaes,rsapss,oaep,ecdsa,ecdh,ecdaa,sm2,ecschnorr,ecmqv,kdf1-sp800-56a,kdf2,kdf1-sp800-108,ecc,ecc-min-size=192,ecc-nist,ecc-bn,ecc-sm2-p256,symcipher,camellia,camellia-min-size=128,cmac,ctr,ofb,cbc,cfb,ecb","Description":"This profile enables all libtpms v0.10-supported commands and algorithms. This profile is compatible with libtpms >= v0.10."}
Successfully created RSA 2048 EK with handle 0x81010001.
  Invoking /usr/bin/swtpm_localca --type ek --ek c1755ec5f16d854933443c7530937125b8e6efb529d2c2d23f0bf1a14d14eb78f8ef43df82320960274a27fc3166b0d270185c3146b55cb0e77186375ee574d67baa0d738f94cc081a5a355addc46f622dc73f75532ee2f1c63510d22ce1560b432f750901a9503367e06e13d74fc906503ee11ce7b01c4499c855604b120c6f39783fe8a35fe2ab35033e130abccf652a86e0129afb85304b7c30a0ba52d61cd9b53e95feb8cc633cebd5892bd78e338ea224a2980e71fa092b6538a020100a5c3fcfeae910b8bb470b67065982956b317f2ab9074e516485009b408713a0133345bbe353f1557459cc7f84e84d4b13fb2a6043bb7c624f2ff7f1882881874f --dir /tmp/swtpm_setup.certs.X2PLV3 --tpm-spec-family 2.0 --tpm-spec-level 0 --tpm-spec-revision 183 --tpm-manufacturer id:00001014 --tpm-model swtpm --tpm-version id:20240125 --tpm2 --configfile /etc/swtpm-localca.conf --optsfile /etc/swtpm-localca.options
swtpm_localca: Successfully created EK certificate locally.
  Invoking /usr/bin/swtpm_localca --type platform --ek c1755ec5f16d854933443c7530937125b8e6efb529d2c2d23f0bf1a14d14eb78f8ef43df82320960274a27fc3166b0d270185c3146b55cb0e77186375ee574d67baa0d738f94cc081a5a355addc46f622dc73f75532ee2f1c63510d22ce1560b432f750901a9503367e06e13d74fc906503ee11ce7b01c4499c855604b120c6f39783fe8a35fe2ab35033e130abccf652a86e0129afb85304b7c30a0ba52d61cd9b53e95feb8cc633cebd5892bd78e338ea224a2980e71fa092b6538a020100a5c3fcfeae910b8bb470b67065982956b317f2ab9074e516485009b408713a0133345bbe353f1557459cc7f84e84d4b13fb2a6043bb7c624f2ff7f1882881874f --dir /tmp/swtpm_setup.certs.X2PLV3 --tpm-spec-family 2.0 --tpm-spec-level 0 --tpm-spec-revision 183 --tpm-manufacturer id:00001014 --tpm-model swtpm --tpm-version id:20240125 --tpm2 --configfile /etc/swtpm-localca.conf --optsfile /etc/swtpm-localca.options
Successfully created RSA 2048 EK with handle 0x81010001.
  Invoking /usr/bin/swtpm_localca --type ek --ek a309895b445f161e485d5cb59384f4bbcd185375741a3598be19e8a7f8ddd0f30f3bba7de174ea6aa6afdc227e5509b144739c770f04482d10536e757992318a125f3091b674c69841962ba165aec7005134c2e4bb078362a16751ddff4d6efcbbedddeff08d238925d25300435140617c5e6568c7f9b1ca626c3c0d2767f109af473355e6a8a3923e5315207a90e58d0b3bce1e0241c39970ecfd4068f0714034d6b817d4d02592b3baa6d8b5be0c5a9d144b7f941d547a2cf9fe6f9dd99c991e9b4faee99d9b48c01978345bac08d4e460c21c72b873fbd96eae784058f0e97829bf4de7d4ad4a8c3618f32dd1023fd4340a9d31843421611e0101bcf02ebf --dir /tmp/swtpm_setup.certs.HLULV3 --tpm-spec-family 2.0 --tpm-spec-level 0 --tpm-spec-revision 183 --tpm-manufacturer id:00001014 --tpm-model swtpm --tpm-version id:20240125 --tpm2 --configfile /etc/swtpm-localca.conf --optsfile /etc/swtpm-localca.options
swtpm_localca: Successfully created platform certificate locally.
Successfully created NVRAM area 0x1c00002 for RSA 2048 EK certificate.
Successfully created NVRAM area 0x1c08000 for platform certificate.
swtpm_localca: Successfully created EK certificate locally.
  Invoking /usr/bin/swtpm_localca --type platform --ek a309895b445f161e485d5cb59384f4bbcd185375741a3598be19e8a7f8ddd0f30f3bba7de174ea6aa6afdc227e5509b144739c770f04482d10536e757992318a125f3091b674c69841962ba165aec7005134c2e4bb078362a16751ddff4d6efcbbedddeff08d238925d25300435140617c5e6568c7f9b1ca626c3c0d2767f109af473355e6a8a3923e5315207a90e58d0b3bce1e0241c39970ecfd4068f0714034d6b817d4d02592b3baa6d8b5be0c5a9d144b7f941d547a2cf9fe6f9dd99c991e9b4faee99d9b48c01978345bac08d4e460c21c72b873fbd96eae784058f0e97829bf4de7d4ad4a8c3618f32dd1023fd4340a9d31843421611e0101bcf02ebf --dir /tmp/swtpm_setup.certs.HLULV3 --tpm-spec-family 2.0 --tpm-spec-level 0 --tpm-spec-revision 183 --tpm-manufacturer id:00001014 --tpm-model swtpm --tpm-version id:20240125 --tpm2 --configfile /etc/swtpm-localca.conf --optsfile /etc/swtpm-localca.options
Successfully created ECC EK with handle 0x81010016.
  Invoking /usr/bin/swtpm_localca --type ek --ek x=f252278b3829c48aec3df0bb10a62ad236fb68f9c10043283c8db9ff0d3a86d4b390919b7fd3096d1ab354965304e502,y=c6014e836a71805d78ed187983da30f2a4177681bc800480289cf5d756d4cd8b5047a2e99066462941c9a66ec1d035b4,id=secp384r1 --dir /tmp/swtpm_setup.certs.X2PLV3 --tpm-spec-family 2.0 --tpm-spec-level 0 --tpm-spec-revision 183 --tpm-manufacturer id:00001014 --tpm-model swtpm --tpm-version id:20240125 --tpm2 --configfile /etc/swtpm-localca.conf --optsfile /etc/swtpm-localca.options
swtpm_localca: Successfully created platform certificate locally.
Successfully created NVRAM area 0x1c00002 for RSA 2048 EK certificate.
Successfully created NVRAM area 0x1c08000 for platform certificate.
swtpm_localca: Successfully created EK certificate locally.
Successfully created NVRAM area 0x1c00016 for ECC EK certificate.
Successfully activated PCR banks sha256 among sha1,sha256,sha384,sha512.
Successfully created ECC EK with handle 0x81010016.
  Invoking /usr/bin/swtpm_localca --type ek --ek x=0bdd2d0fefe817b4a877c9822e8a4c65963e24d4988bb620c7e542558d7363a1b3bda465cde8c0a9c56c4a9e665199f3,y=6ce38cb3b8e24bc8e79bca270627c23c49ac4f7b277ada4de9053219bb009b3e44570d0521185a22e8556c0820bffd91,id=secp384r1 --dir /tmp/swtpm_setup.certs.HLULV3 --tpm-spec-family 2.0 --tpm-spec-level 0 --tpm-spec-revision 183 --tpm-manufacturer id:00001014 --tpm-model swtpm --tpm-version id:20240125 --tpm2 --configfile /etc/swtpm-localca.conf --optsfile /etc/swtpm-localca.options
Successfully authored TPM state.
Ending vTPM manufacturing @ Wed 09 Sep 2026 07:50:01 PM MDT
swtpm_localca: Successfully created EK certificate locally.
Successfully created NVRAM area 0x1c00016 for ECC EK certificate.
Successfully activated PCR banks sha256 among sha1,sha256,sha384,sha512.
Successfully authored TPM state.
Ending vTPM manufacturing @ Wed 09 Sep 2026 07:50:01 PM MDT
--> Creating /dev/tpmrm0 device with swtpm_cuse.
--> Creating /dev/tpmrm0 device with swtpm_cuse.
TPMs created on all nodes
Using strategy: st5-AttUpd
Deploying Mazu ConfigMap to namespace: default
configmap "mazu-config" deleted from default namespace
configmap/mazu-config created
Deploying Mazu ConfigMap to namespace: istio-system
configmap "mazu-config" deleted from istio-system namespace
configmap/mazu-config created
Deploying RBE PP ConfigMap to namespace: default
configmap "rbe-pp" deleted from default namespace
configmap/rbe-pp created
Deploying RBE PP ConfigMap to namespace: istio-system
configmap "rbe-pp" deleted from istio-system namespace
configmap/rbe-pp created
"k8s-tpm-device" already exists with the same configuration, skipping
Hang tight while we grab the latest from your chart repositories...
...Successfully got an update from the "k8s-tpm-device" chart repository
Update Complete. ⎈Happy Helming!⎈
Release "k8s-tpm-device" has been upgraded. Happy Helming!
NAME: k8s-tpm-device
LAST DEPLOYED: Wed Sep  9 19:51:05 2026
NAMESPACE: tpm-device
STATUS: deployed
REVISION: 38
TEST SUITE: None
Deploying TPM public key ConfigMap to namespace: default
configmap "tpm-pubkey" deleted from default namespace
configmap/tpm-pubkey created
Deploying TPM public key ConfigMap to namespace: istio-system
configmap "tpm-pubkey" deleted from istio-system namespace
configmap/tpm-pubkey created
secret "tpm-keys" deleted from istio-system namespace
secret/tpm-keys created
Strategy: st5-AttUpd | Tag: st5-AttUpd | Duration: 120 seconds | RPS: 1000
Results Directory: /users/apoudel/DeathStarBench/socialNetwork/20260909_195106/st5-AttUpd-120
Output File: /users/apoudel/DeathStarBench/socialNetwork/20260909_195106/st5-AttUpd-120/1000.txt
/users/apoudel/DeathStarBench/socialNetwork
[1;30;44mMazu:[0m Installing Istio....
service "etcd" deleted from istio-system namespace
statefulset.apps "etcd" deleted from istio-system namespace
persistentvolumeclaim "etcd-data-etcd-0" deleted from istio-system namespace
Error from server (AlreadyExists): namespaces "istio-system" already exists
namespace already exists
service/etcd created
statefulset.apps/etcd created
        |\          
        | \         
        |  \        
        |   \       
      /||    \      
     / ||     \     
    /  ||      \    
   /   ||       \   
  /    ||        \  
 /     ||         \ 
/______||__________\
____________________
  \__       _____/  
     \_____/        

WARNING: Istio 1.24.0 may be out of support (EOL) already: see https://istio.io/latest/docs/releases/supported-releases/ for supported releases

- Processing resources for Istio core.
- Processing resources for Istio core. Waiting for CustomResourceDefinition/, CustomResourceDefin...
✔ Istio core installed ⛵️
- Processing resources for Istiod.
- Processing resources for Istiod. Waiting for Deployment/istio-system/istiod
✔ Istiod installed 🧠
- Processing resources for Ingress gateways.
- Processing resources for Ingress gateways. Waiting for Deployment/istio-system/istio-ingressgat...
✔ Ingress gateways installed 🛬
- Pruning removed resources
✔ Installation completeclusterrole.rbac.authorization.k8s.io/token-review-role unchanged
clusterrolebinding.rbac.authorization.k8s.io/token-review-binding unchanged
role.rbac.authorization.k8s.io/leader-election-key-curator-role unchanged
rolebinding.rbac.authorization.k8s.io/leader-election-key-curator-role-binding unchanged
namespace/default not labeled
peerauthentication.security.istio.io/default created
pod/istiod-fb9866b9d-s8jn9 condition met
pod/istio-ingressgateway-745cc59f79-c6b8z condition met
service/details created
serviceaccount/bookinfo-details created
deployment.apps/details-v1 created
service/ratings created
serviceaccount/bookinfo-ratings created
deployment.apps/ratings-v1 created
service/reviews created
serviceaccount/bookinfo-reviews created
deployment.apps/reviews-v1 created
deployment.apps/reviews-v2 created
deployment.apps/reviews-v3 created
service/productpage created
serviceaccount/bookinfo-productpage created
deployment.apps/productpage-v1 created
gateway.networking.istio.io/bookinfo-gateway created
virtualservice.networking.istio.io/bookinfo created
destinationrule.networking.istio.io/details-no-reuse created
destinationrule.networking.istio.io/ratings-no-reuse created
destinationrule.networking.istio.io/reviews-no-reuse created
Waiting for rollouts (timeout 1260s each):
  deployment.apps/details-v1
  deployment.apps/ratings-v1
  deployment.apps/reviews-v1
  deployment.apps/reviews-v2
  deployment.apps/reviews-v3
  deployment.apps/productpage-v1
Waiting for deployment "details-v1" rollout to finish: 0 of 16 replicas are ready...
Waiting for deployment "details-v1" rollout to finish: 1 of 16 replicas are ready...
Waiting for deployment "details-v1" rollout to finish: 12 of 16 replicas are ready...
deployment "details-v1" successfully rolled out (16/16 ready)
deployment "ratings-v1" successfully rolled out (16/16 ready)
Waiting for deployment "reviews-v1" rollout to finish: 13 of 16 replicas are ready...
deployment "reviews-v1" successfully rolled out (16/16 ready)
deployment "reviews-v2" successfully rolled out (16/16 ready)
deployment "reviews-v3" successfully rolled out (16/16 ready)
Waiting for deployment "productpage-v1" rollout to finish: 15 of 16 replicas are ready...
deployment "productpage-v1" successfully rolled out (16/16 ready)
pod/istiod-fb9866b9d-s8jn9 condition met
pod/istio-ingressgateway-745cc59f79-5rl5m condition met
pod/istio-ingressgateway-745cc59f79-bpnwk condition met
pod/istio-ingressgateway-745cc59f79-c6b8z condition met
pod/istio-ingressgateway-745cc59f79-c87sc condition met
pod/istio-ingressgateway-745cc59f79-dmsxt condition met
pod/istio-ingressgateway-745cc59f79-ghtts condition met
pod/istio-ingressgateway-745cc59f79-jqh6l condition met
pod/istio-ingressgateway-745cc59f79-md5zf condition met
pod/istio-ingressgateway-745cc59f79-x5745 condition met
pod/istio-ingressgateway-745cc59f79-zwhjb condition met
Ingress: 155.98.38.240:80
Strategy: st5-AttUpd | Tag: st5-AttUpd | Duration: 120 seconds | RPS: 1000
Results Directory: /users/apoudel/DeathStarBench/socialNetwork/20260909_195152/st5-AttUpd-120
Output File: /users/apoudel/DeathStarBench/socialNetwork/20260909_195152/st5-AttUpd-120/1000.txt
/users/apoudel/DeathStarBench/socialNetwork
[1;30;44mMazu:[0m Uninstalling Prometheus from istio-system....
Strategy: st5-AttUpd | Tag: st5-AttUpd | Duration: 120 seconds | RPS: 1000
Results Directory: /users/apoudel/DeathStarBench/socialNetwork/20260909_195152/st5-AttUpd-120
Output File: /users/apoudel/DeathStarBench/socialNetwork/20260909_195152/st5-AttUpd-120/1000.txt
/users/apoudel/DeathStarBench/socialNetwork
[1;30;44mMazu:[0m Installing Prometheus in istio-system....
serviceaccount/prometheus created
configmap/prometheus created
clusterrole.rbac.authorization.k8s.io/prometheus created
clusterrolebinding.rbac.authorization.k8s.io/prometheus created
service/prometheus created
deployment.apps/prometheus created
pod/prometheus-c9ff75ddb-jd9jd condition met
[1;30;44mMazu:[0m Prometheus is ready.
Waiting for Prometheus pod to be Running...
pod/prometheus-c9ff75ddb-jd9jd condition met
Forwarding from 127.0.0.1:9091 -> 9090
Forwarding from [::1]:9091 -> 9090
Waiting for Prometheus to be reachable at http://localhost:9091...
Handling connection for 9091
Prometheus is reachable at http://localhost:9091
--- Running RPS=100 for 120s ---
Running wrk2 with STRAT=st5-AttUpd, RPS=100, DURATION=120s. Output: /users/apoudel/DeathStarBench/socialNetwork/results/benchmark1.5b-replica-scale-09-09-26_173920/scale-16x/st5-AttUpd/100.txt
wrk2 results saved to /users/apoudel/DeathStarBench/socialNetwork/results/benchmark1.5b-replica-scale-09-09-26_173920/scale-16x/st5-AttUpd/100.txt
Collecting metrics from Prometheus (http://localhost:9091)
  Window: 2026-09-09 19:52:00 -> 2026-09-09 19:54:00 (120s)
  Output: /users/apoudel/DeathStarBench/socialNetwork/results/benchmark1.5b-replica-scale-09-09-26_173920/scale-16x/st5-AttUpd/metrics_100.json
Handling connection for 9091
Handling connection for 9091
Handling connection for 9091
Handling connection for 9091
Handling connection for 9091
Handling connection for 9091
Metrics saved to /users/apoudel/DeathStarBench/socialNetwork/results/benchmark1.5b-replica-scale-09-09-26_173920/scale-16x/st5-AttUpd/metrics_100.json
--- RPS=100 complete ---
--- Running RPS=200 for 120s ---
Running wrk2 with STRAT=st5-AttUpd, RPS=200, DURATION=120s. Output: /users/apoudel/DeathStarBench/socialNetwork/results/benchmark1.5b-replica-scale-09-09-26_173920/scale-16x/st5-AttUpd/200.txt
wrk2 results saved to /users/apoudel/DeathStarBench/socialNetwork/results/benchmark1.5b-replica-scale-09-09-26_173920/scale-16x/st5-AttUpd/200.txt
Collecting metrics from Prometheus (http://localhost:9091)
  Window: 2026-09-09 19:54:02 -> 2026-09-09 19:56:02 (120s)
  Output: /users/apoudel/DeathStarBench/socialNetwork/results/benchmark1.5b-replica-scale-09-09-26_173920/scale-16x/st5-AttUpd/metrics_200.json
Handling connection for 9091
Handling connection for 9091
Handling connection for 9091
Handling connection for 9091
Handling connection for 9091
Handling connection for 9091
Metrics saved to /users/apoudel/DeathStarBench/socialNetwork/results/benchmark1.5b-replica-scale-09-09-26_173920/scale-16x/st5-AttUpd/metrics_200.json
--- RPS=200 complete ---
--- Running RPS=400 for 120s ---
Running wrk2 with STRAT=st5-AttUpd, RPS=400, DURATION=120s. Output: /users/apoudel/DeathStarBench/socialNetwork/results/benchmark1.5b-replica-scale-09-09-26_173920/scale-16x/st5-AttUpd/400.txt
wrk2 results saved to /users/apoudel/DeathStarBench/socialNetwork/results/benchmark1.5b-replica-scale-09-09-26_173920/scale-16x/st5-AttUpd/400.txt
Collecting metrics from Prometheus (http://localhost:9091)
  Window: 2026-09-09 19:56:03 -> 2026-09-09 19:58:03 (120s)
  Output: /users/apoudel/DeathStarBench/socialNetwork/results/benchmark1.5b-replica-scale-09-09-26_173920/scale-16x/st5-AttUpd/metrics_400.json
Handling connection for 9091
Handling connection for 9091
Handling connection for 9091
Handling connection for 9091
Handling connection for 9091
Handling connection for 9091
Metrics saved to /users/apoudel/DeathStarBench/socialNetwork/results/benchmark1.5b-replica-scale-09-09-26_173920/scale-16x/st5-AttUpd/metrics_400.json
--- RPS=400 complete ---
--- Running RPS=800 for 120s ---
Running wrk2 with STRAT=st5-AttUpd, RPS=800, DURATION=120s. Output: /users/apoudel/DeathStarBench/socialNetwork/results/benchmark1.5b-replica-scale-09-09-26_173920/scale-16x/st5-AttUpd/800.txt
wrk2 results saved to /users/apoudel/DeathStarBench/socialNetwork/results/benchmark1.5b-replica-scale-09-09-26_173920/scale-16x/st5-AttUpd/800.txt
Collecting metrics from Prometheus (http://localhost:9091)
  Window: 2026-09-09 19:58:04 -> 2026-09-09 20:00:04 (120s)
  Output: /users/apoudel/DeathStarBench/socialNetwork/results/benchmark1.5b-replica-scale-09-09-26_173920/scale-16x/st5-AttUpd/metrics_800.json
Handling connection for 9091
Handling connection for 9091
Handling connection for 9091
Handling connection for 9091
Handling connection for 9091
Handling connection for 9091
Metrics saved to /users/apoudel/DeathStarBench/socialNetwork/results/benchmark1.5b-replica-scale-09-09-26_173920/scale-16x/st5-AttUpd/metrics_800.json
--- RPS=800 complete ---
--- Running RPS=1200 for 120s ---
Running wrk2 with STRAT=st5-AttUpd, RPS=1200, DURATION=120s. Output: /users/apoudel/DeathStarBench/socialNetwork/results/benchmark1.5b-replica-scale-09-09-26_173920/scale-16x/st5-AttUpd/1200.txt
wrk2 results saved to /users/apoudel/DeathStarBench/socialNetwork/results/benchmark1.5b-replica-scale-09-09-26_173920/scale-16x/st5-AttUpd/1200.txt
Collecting metrics from Prometheus (http://localhost:9091)
  Window: 2026-09-09 20:00:05 -> 2026-09-09 20:02:05 (120s)
  Output: /users/apoudel/DeathStarBench/socialNetwork/results/benchmark1.5b-replica-scale-09-09-26_173920/scale-16x/st5-AttUpd/metrics_1200.json
Handling connection for 9091
Handling connection for 9091
Handling connection for 9091
Handling connection for 9091
Handling connection for 9091
Handling connection for 9091
Metrics saved to /users/apoudel/DeathStarBench/socialNetwork/results/benchmark1.5b-replica-scale-09-09-26_173920/scale-16x/st5-AttUpd/metrics_1200.json
--- RPS=1200 complete ---
--- Running RPS=1600 for 120s ---
Running wrk2 with STRAT=st5-AttUpd, RPS=1600, DURATION=120s. Output: /users/apoudel/DeathStarBench/socialNetwork/results/benchmark1.5b-replica-scale-09-09-26_173920/scale-16x/st5-AttUpd/1600.txt
wrk2 results saved to /users/apoudel/DeathStarBench/socialNetwork/results/benchmark1.5b-replica-scale-09-09-26_173920/scale-16x/st5-AttUpd/1600.txt
Collecting metrics from Prometheus (http://localhost:9091)
  Window: 2026-09-09 20:02:06 -> 2026-09-09 20:04:06 (120s)
  Output: /users/apoudel/DeathStarBench/socialNetwork/results/benchmark1.5b-replica-scale-09-09-26_173920/scale-16x/st5-AttUpd/metrics_1600.json
Handling connection for 9091
Handling connection for 9091
Handling connection for 9091
Handling connection for 9091
Handling connection for 9091
Handling connection for 9091
Metrics saved to /users/apoudel/DeathStarBench/socialNetwork/results/benchmark1.5b-replica-scale-09-09-26_173920/scale-16x/st5-AttUpd/metrics_1600.json
--- RPS=1600 complete ---
--- Running RPS=2000 for 120s ---
Running wrk2 with STRAT=st5-AttUpd, RPS=2000, DURATION=120s. Output: /users/apoudel/DeathStarBench/socialNetwork/results/benchmark1.5b-replica-scale-09-09-26_173920/scale-16x/st5-AttUpd/2000.txt
wrk2 results saved to /users/apoudel/DeathStarBench/socialNetwork/results/benchmark1.5b-replica-scale-09-09-26_173920/scale-16x/st5-AttUpd/2000.txt
Collecting metrics from Prometheus (http://localhost:9091)
  Window: 2026-09-09 20:04:08 -> 2026-09-09 20:06:08 (120s)
  Output: /users/apoudel/DeathStarBench/socialNetwork/results/benchmark1.5b-replica-scale-09-09-26_173920/scale-16x/st5-AttUpd/metrics_2000.json
Handling connection for 9091
Handling connection for 9091
Handling connection for 9091
Handling connection for 9091
Handling connection for 9091
Handling connection for 9091
Metrics saved to /users/apoudel/DeathStarBench/socialNetwork/results/benchmark1.5b-replica-scale-09-09-26_173920/scale-16x/st5-AttUpd/metrics_2000.json
--- RPS=2000 complete ---
Strategy: st5-AttUpd | Tag: st5-AttUpd | Duration: 120 seconds | RPS: 2000
Results Directory: /users/apoudel/DeathStarBench/socialNetwork/20260909_200609/st5-AttUpd-120
Output File: /users/apoudel/DeathStarBench/socialNetwork/20260909_200609/st5-AttUpd-120/2000.txt
/users/apoudel/DeathStarBench/socialNetwork
[1;30;44mMazu:[0m Uninstalling Prometheus from istio-system....
serviceaccount "prometheus" deleted from istio-system namespace
configmap "prometheus" deleted from istio-system namespace
clusterrole.rbac.authorization.k8s.io "prometheus" deleted
clusterrolebinding.rbac.authorization.k8s.io "prometheus" deleted
service "prometheus" deleted from istio-system namespace
deployment.apps "prometheus" deleted from istio-system namespace
Generated /users/apoudel/DeathStarBench/socialNetwork/results/benchmark1.5b-replica-scale-09-09-26_173920/scale-16x/st5-AttUpd/cpu.dat and /users/apoudel/DeathStarBench/socialNetwork/results/benchmark1.5b-replica-scale-09-09-26_173920/scale-16x/st5-AttUpd/memory.dat
=== Benchmark 1.5b (no-scale) sweep completed at Wed Sep  9 08:06:09 PM MDT 2026 for st5-AttUpd ===
=== Benchmark 1.5b (no-scale) sweep started at Wed Sep  9 08:06:09 PM MDT 2026 for istio ===
Strategy: istio | Tag: st5-AttUpd | Duration: 120 seconds | RPS: 1000
Results Directory: /users/apoudel/DeathStarBench/socialNetwork/20260909_200609/istio-120
Output File: /users/apoudel/DeathStarBench/socialNetwork/20260909_200609/istio-120/1000.txt
/users/apoudel/DeathStarBench/socialNetwork
[1;30;44mMazu:[0m Uninstalling Bookinfo application....
service "details" deleted from default namespace
serviceaccount "bookinfo-details" deleted from default namespace
deployment.apps "details-v1" deleted from default namespace
service "ratings" deleted from default namespace
serviceaccount "bookinfo-ratings" deleted from default namespace
deployment.apps "ratings-v1" deleted from default namespace
service "reviews" deleted from default namespace
serviceaccount "bookinfo-reviews" deleted from default namespace
deployment.apps "reviews-v1" deleted from default namespace
deployment.apps "reviews-v2" deleted from default namespace
deployment.apps "reviews-v3" deleted from default namespace
service "productpage" deleted from default namespace
serviceaccount "bookinfo-productpage" deleted from default namespace
deployment.apps "productpage-v1" deleted from default namespace
gateway.networking.istio.io "bookinfo-gateway" deleted from default namespace
virtualservice.networking.istio.io "bookinfo" deleted from default namespace
Error from server (NotFound): error when deleting "/users/apoudel/DeathStarBench/socialNetwork/scratch/yaml/bf-hpa.yaml": horizontalpodautoscalers.autoscaling "details-hpa" not found
Error from server (NotFound): error when deleting "/users/apoudel/DeathStarBench/socialNetwork/scratch/yaml/bf-hpa.yaml": horizontalpodautoscalers.autoscaling "ratings-hpa" not found
Error from server (NotFound): error when deleting "/users/apoudel/DeathStarBench/socialNetwork/scratch/yaml/bf-hpa.yaml": horizontalpodautoscalers.autoscaling "reviews-v1-hpa" not found
Error from server (NotFound): error when deleting "/users/apoudel/DeathStarBench/socialNetwork/scratch/yaml/bf-hpa.yaml": horizontalpodautoscalers.autoscaling "reviews-v2-hpa" not found
Error from server (NotFound): error when deleting "/users/apoudel/DeathStarBench/socialNetwork/scratch/yaml/bf-hpa.yaml": horizontalpodautoscalers.autoscaling "reviews-v3-hpa" not found
Error from server (NotFound): error when deleting "/users/apoudel/DeathStarBench/socialNetwork/scratch/yaml/bf-hpa.yaml": horizontalpodautoscalers.autoscaling "productpage-hpa" not found
destinationrule.networking.istio.io "details-no-reuse" deleted from default namespace
destinationrule.networking.istio.io "ratings-no-reuse" deleted from default namespace
destinationrule.networking.istio.io "reviews-no-reuse" deleted from default namespace
pod/details-v1-5bff6c89bf-2cpg8 condition met
pod/details-v1-5bff6c89bf-5rl57 condition met
pod/details-v1-5bff6c89bf-8b78b condition met
pod/details-v1-5bff6c89bf-b4pvf condition met
pod/details-v1-5bff6c89bf-cjn7v condition met
pod/details-v1-5bff6c89bf-cp6ft condition met
pod/details-v1-5bff6c89bf-dschb condition met
pod/details-v1-5bff6c89bf-fgw4l condition met
pod/details-v1-5bff6c89bf-gvj6x condition met
pod/details-v1-5bff6c89bf-ht7rq condition met
pod/details-v1-5bff6c89bf-j7bp7 condition met
pod/details-v1-5bff6c89bf-l72hd condition met
pod/details-v1-5bff6c89bf-qpfjz condition met
pod/details-v1-5bff6c89bf-vcmjf condition met
pod/details-v1-5bff6c89bf-wk954 condition met
pod/details-v1-5bff6c89bf-wlr58 condition met
pod/productpage-v1-5fbc448f49-4b8zp condition met
pod/productpage-v1-5fbc448f49-4nsvh condition met
pod/productpage-v1-5fbc448f49-67vq2 condition met
pod/productpage-v1-5fbc448f49-8dd26 condition met
pod/productpage-v1-5fbc448f49-8ng7s condition met
pod/productpage-v1-5fbc448f49-cqlcp condition met
pod/productpage-v1-5fbc448f49-ffb2l condition met
pod/productpage-v1-5fbc448f49-fqlqf condition met
pod/productpage-v1-5fbc448f49-fztck condition met
pod/productpage-v1-5fbc448f49-jnswx condition met
pod/productpage-v1-5fbc448f49-ln5wc condition met
pod/productpage-v1-5fbc448f49-tj6l2 condition met
pod/productpage-v1-5fbc448f49-trsdw condition met
pod/productpage-v1-5fbc448f49-whvc4 condition met
pod/productpage-v1-5fbc448f49-wtspr condition met
pod/productpage-v1-5fbc448f49-ztl7k condition met
Strategy: istio | Tag: st5-AttUpd | Duration: 120 seconds | RPS: 1000
Results Directory: /users/apoudel/DeathStarBench/socialNetwork/20260909_200621/istio-120
Output File: /users/apoudel/DeathStarBench/socialNetwork/20260909_200621/istio-120/1000.txt
/users/apoudel/DeathStarBench/socialNetwork
All Istio resources will be pruned from the cluster

  Removed apps/v1, Kind=Deployment/istio-ingressgateway.istio-system.
  Removed apps/v1, Kind=Deployment/istiod.istio-system.
  Removed /v1, Kind=Service/istio-ingressgateway.istio-system.
  Removed /v1, Kind=Service/istiod.istio-system.
  Removed /v1, Kind=ConfigMap/istio.istio-system.
  Removed /v1, Kind=ConfigMap/istio-sidecar-injector.istio-system.
  Removed /v1, Kind=Pod/istio-ingressgateway-745cc59f79-5rl5m.istio-system.
  Removed /v1, Kind=Pod/istio-ingressgateway-745cc59f79-bpnwk.istio-system.
  Removed /v1, Kind=Pod/istio-ingressgateway-745cc59f79-c6b8z.istio-system.
  Removed /v1, Kind=Pod/istio-ingressgateway-745cc59f79-c87sc.istio-system.
  Removed /v1, Kind=Pod/istio-ingressgateway-745cc59f79-dmsxt.istio-system.
  Removed /v1, Kind=Pod/istio-ingressgateway-745cc59f79-ghtts.istio-system.
  Removed /v1, Kind=Pod/istio-ingressgateway-745cc59f79-jqh6l.istio-system.
  Removed /v1, Kind=Pod/istio-ingressgateway-745cc59f79-md5zf.istio-system.
  Removed /v1, Kind=Pod/istio-ingressgateway-745cc59f79-x5745.istio-system.
  Removed /v1, Kind=Pod/istio-ingressgateway-745cc59f79-zwhjb.istio-system.
  Removed /v1, Kind=Pod/istiod-fb9866b9d-s8jn9.istio-system.
  Removed /v1, Kind=ServiceAccount/istio-ingressgateway-service-account.istio-system.
  Removed /v1, Kind=ServiceAccount/istio-reader-service-account.istio-system.
  Removed /v1, Kind=ServiceAccount/istiod.istio-system.
  Removed rbac.authorization.k8s.io/v1, Kind=RoleBinding/istio-ingressgateway-sds.istio-system.
  Removed rbac.authorization.k8s.io/v1, Kind=RoleBinding/istiod.istio-system.
  Removed rbac.authorization.k8s.io/v1, Kind=Role/istio-ingressgateway-sds.istio-system.
  Removed rbac.authorization.k8s.io/v1, Kind=Role/istiod.istio-system.
  Removed policy/v1, Kind=PodDisruptionBudget/istio-ingressgateway.istio-system.
  Removed policy/v1, Kind=PodDisruptionBudget/istiod.istio-system.
  Removed autoscaling/v2, Kind=HorizontalPodAutoscaler/istio-ingressgateway.istio-system.
  Removed autoscaling/v2, Kind=HorizontalPodAutoscaler/istiod.istio-system.
  Removed admissionregistration.k8s.io/v1, Kind=MutatingWebhookConfiguration/istio-revision-tag-default..
  Removed admissionregistration.k8s.io/v1, Kind=MutatingWebhookConfiguration/istio-sidecar-injector..
  Removed admissionregistration.k8s.io/v1, Kind=ValidatingWebhookConfiguration/istio-validator-istio-system..
  Removed admissionregistration.k8s.io/v1, Kind=ValidatingWebhookConfiguration/istiod-default-validator..
  Removed rbac.authorization.k8s.io/v1, Kind=ClusterRole/istio-reader-clusterrole-istio-system..
  Removed rbac.authorization.k8s.io/v1, Kind=ClusterRole/istiod-clusterrole-istio-system..
  Removed rbac.authorization.k8s.io/v1, Kind=ClusterRole/istiod-gateway-controller-istio-system..
  Removed rbac.authorization.k8s.io/v1, Kind=ClusterRoleBinding/istio-reader-clusterrole-istio-system..
  Removed rbac.authorization.k8s.io/v1, Kind=ClusterRoleBinding/istiod-clusterrole-istio-system..
  Removed rbac.authorization.k8s.io/v1, Kind=ClusterRoleBinding/istiod-gateway-controller-istio-system..
  Removed apiextensions.k8s.io/v1, Kind=CustomResourceDefinition/authorizationpolicies.security.istio.io..
  Removed apiextensions.k8s.io/v1, Kind=CustomResourceDefinition/destinationrules.networking.istio.io..
  Removed apiextensions.k8s.io/v1, Kind=CustomResourceDefinition/envoyfilters.networking.istio.io..
  Removed apiextensions.k8s.io/v1, Kind=CustomResourceDefinition/gateways.networking.istio.io..
  Removed apiextensions.k8s.io/v1, Kind=CustomResourceDefinition/peerauthentications.security.istio.io..
  Removed apiextensions.k8s.io/v1, Kind=CustomResourceDefinition/proxyconfigs.networking.istio.io..
  Removed apiextensions.k8s.io/v1, Kind=CustomResourceDefinition/requestauthentications.security.istio.io..
  Removed apiextensions.k8s.io/v1, Kind=CustomResourceDefinition/serviceentries.networking.istio.io..
  Removed apiextensions.k8s.io/v1, Kind=CustomResourceDefinition/sidecars.networking.istio.io..
  Removed apiextensions.k8s.io/v1, Kind=CustomResourceDefinition/telemetries.telemetry.istio.io..
  Removed apiextensions.k8s.io/v1, Kind=CustomResourceDefinition/virtualservices.networking.istio.io..
  Removed apiextensions.k8s.io/v1, Kind=CustomResourceDefinition/wasmplugins.extensions.istio.io..
  Removed apiextensions.k8s.io/v1, Kind=CustomResourceDefinition/workloadentries.networking.istio.io..
  Removed apiextensions.k8s.io/v1, Kind=CustomResourceDefinition/workloadgroups.networking.istio.io..

✔ Uninstall completelease.coordination.k8s.io "istiod-key-curator-leader" deleted from istio-system namespace
pod/istiod-fb9866b9d-s8jn9 condition met
pod/istio-ingressgateway-745cc59f79-5rl5m condition met
pod/istio-ingressgateway-745cc59f79-bpnwk condition met
pod/istio-ingressgateway-745cc59f79-c6b8z condition met
pod/istio-ingressgateway-745cc59f79-c87sc condition met
pod/istio-ingressgateway-745cc59f79-dmsxt condition met
pod/istio-ingressgateway-745cc59f79-ghtts condition met
pod/istio-ingressgateway-745cc59f79-jqh6l condition met
pod/istio-ingressgateway-745cc59f79-md5zf condition met
pod/istio-ingressgateway-745cc59f79-x5745 condition met
pod/istio-ingressgateway-745cc59f79-zwhjb condition met
pod "kube-apiserver-node-0" deleted from kube-system namespace
pod "kube-apiserver-node-1" deleted from kube-system namespace
API server count: 2. Waiting for all kube-apiserver pods to become Ready...
All kube-apiserver pods are Ready
Creating TPMs on all nodes...
Warning: Permanently added 'pc772.emulab.net' (ED25519) to the list of known hosts.
Warning: Permanently added 'pc772.emulab.net' (ED25519) to the list of known hosts.
--> Creating tpm state folder in /tpm/myvtpm2.
--> Creating tpm state folder in /tpm/myvtpm2.
--> Creating tpm with swtpm_setup.
--> Creating tpm with swtpm_setup.
Starting vTPM manufacturing as root:root @ Wed 09 Sep 2026 08:06:35 PM MDT
Apply profile: {"Name": "default-v1"}
TPM is listening on Unix socket.
Starting vTPM manufacturing as root:root @ Wed 09 Sep 2026 08:06:35 PM MDT
Apply profile: {"Name": "default-v1"}
TPM is listening on Unix socket.
Active profile: {"Name":"default-v1","StateFormatLevel":7,"Commands":"0x11f-0x122,0x124-0x12e,0x130-0x140,0x142-0x159,0x15b-0x15e,0x160-0x165,0x167-0x174,0x176-0x178,0x17a-0x193,0x197,0x199-0x19c","Algorithms":"rsa,rsa-min-size=1024,tdes,tdes-min-size=128,sha1,hmac,aes,aes-min-size=128,mgf1,keyedhash,xor,sha256,sha384,sha512,null,rsassa,rsaes,rsapss,oaep,ecdsa,ecdh,ecdaa,sm2,ecschnorr,ecmqv,kdf1-sp800-56a,kdf2,kdf1-sp800-108,ecc,ecc-min-size=192,ecc-nist,ecc-bn,ecc-sm2-p256,symcipher,camellia,camellia-min-size=128,cmac,ctr,ofb,cbc,cfb,ecb","Description":"This profile enables all libtpms v0.10-supported commands and algorithms. This profile is compatible with libtpms >= v0.10."}
Active profile: {"Name":"default-v1","StateFormatLevel":7,"Commands":"0x11f-0x122,0x124-0x12e,0x130-0x140,0x142-0x159,0x15b-0x15e,0x160-0x165,0x167-0x174,0x176-0x178,0x17a-0x193,0x197,0x199-0x19c","Algorithms":"rsa,rsa-min-size=1024,tdes,tdes-min-size=128,sha1,hmac,aes,aes-min-size=128,mgf1,keyedhash,xor,sha256,sha384,sha512,null,rsassa,rsaes,rsapss,oaep,ecdsa,ecdh,ecdaa,sm2,ecschnorr,ecmqv,kdf1-sp800-56a,kdf2,kdf1-sp800-108,ecc,ecc-min-size=192,ecc-nist,ecc-bn,ecc-sm2-p256,symcipher,camellia,camellia-min-size=128,cmac,ctr,ofb,cbc,cfb,ecb","Description":"This profile enables all libtpms v0.10-supported commands and algorithms. This profile is compatible with libtpms >= v0.10."}
Successfully created RSA 2048 EK with handle 0x81010001.
  Invoking /usr/bin/swtpm_localca --type ek --ek b331bdcbc601f7f856fcb054c4e3b90f13f741de0981542bd74ef8a16dc2c5542b8d4f239c5140da8d3ee856f31654a8e7a0dc1faf59fde61e8149d593bec2a2fb96499c8d82b75b77984b953cf93318b934fa6a53e9b58cd10cf3ad790f3f04bcccfb36875370a0d58c6190ca63912a64aedec2e9751222cbd66264260b79a840484ab29bdd67e1c6d925f621ff67e3a64b43b000e53f6c06a9c17a0da865068733c79faa006507c021ccac981cb48b475cf7420123f9a22449125ca837420408133e72a997bf39c6b20c284687426ada462dd33e0d75e3f85938a2452cba2b946bbb1158aa88651dcfbb73feafb8d69d13ad520a1ea2169021f21cad7bd72b --dir /tmp/swtpm_setup.certs.E4ZFV3 --tpm-spec-family 2.0 --tpm-spec-level 0 --tpm-spec-revision 183 --tpm-manufacturer id:00001014 --tpm-model swtpm --tpm-version id:20240125 --tpm2 --configfile /etc/swtpm-localca.conf --optsfile /etc/swtpm-localca.options
Successfully created RSA 2048 EK with handle 0x81010001.
  Invoking /usr/bin/swtpm_localca --type ek --ek e81b17f870d37fbf1bdcd7e18b4b1ec432aa3aa95b47241010f866c7483b51ad19d6aecc499892c331e5323475dd70efe4edce53d5892496cc0cdc6bb598e8475e9cbbaa88f19d0ec7d4676c595b8838ae4107965788c0c3a27db803408810d83e076ff01b16b8d0beac822b2e8ff73171e16e33773a68e2a8336bfacac63b6c448dc9155d85f0fb12338dc987d80fe09be8e3f9bda831462e10a31ff2d6acb4ec586d50e682b9306a08a14a3214b64f040016f37aa917969ac4336e607be0c8271f8759540b3ed3bca0cc2e6d697e63306d54958f1f1262ceb1a0cc0ce4a7560905ed2ede7ab22e637166c24da8959d708bcec543dd2f737161953be5164dc5 --dir /tmp/swtpm_setup.certs.OTOFV3 --tpm-spec-family 2.0 --tpm-spec-level 0 --tpm-spec-revision 183 --tpm-manufacturer id:00001014 --tpm-model swtpm --tpm-version id:20240125 --tpm2 --configfile /etc/swtpm-localca.conf --optsfile /etc/swtpm-localca.options
swtpm_localca: Successfully created EK certificate locally.
  Invoking /usr/bin/swtpm_localca --type platform --ek b331bdcbc601f7f856fcb054c4e3b90f13f741de0981542bd74ef8a16dc2c5542b8d4f239c5140da8d3ee856f31654a8e7a0dc1faf59fde61e8149d593bec2a2fb96499c8d82b75b77984b953cf93318b934fa6a53e9b58cd10cf3ad790f3f04bcccfb36875370a0d58c6190ca63912a64aedec2e9751222cbd66264260b79a840484ab29bdd67e1c6d925f621ff67e3a64b43b000e53f6c06a9c17a0da865068733c79faa006507c021ccac981cb48b475cf7420123f9a22449125ca837420408133e72a997bf39c6b20c284687426ada462dd33e0d75e3f85938a2452cba2b946bbb1158aa88651dcfbb73feafb8d69d13ad520a1ea2169021f21cad7bd72b --dir /tmp/swtpm_setup.certs.E4ZFV3 --tpm-spec-family 2.0 --tpm-spec-level 0 --tpm-spec-revision 183 --tpm-manufacturer id:00001014 --tpm-model swtpm --tpm-version id:20240125 --tpm2 --configfile /etc/swtpm-localca.conf --optsfile /etc/swtpm-localca.options
swtpm_localca: Successfully created EK certificate locally.
  Invoking /usr/bin/swtpm_localca --type platform --ek e81b17f870d37fbf1bdcd7e18b4b1ec432aa3aa95b47241010f866c7483b51ad19d6aecc499892c331e5323475dd70efe4edce53d5892496cc0cdc6bb598e8475e9cbbaa88f19d0ec7d4676c595b8838ae4107965788c0c3a27db803408810d83e076ff01b16b8d0beac822b2e8ff73171e16e33773a68e2a8336bfacac63b6c448dc9155d85f0fb12338dc987d80fe09be8e3f9bda831462e10a31ff2d6acb4ec586d50e682b9306a08a14a3214b64f040016f37aa917969ac4336e607be0c8271f8759540b3ed3bca0cc2e6d697e63306d54958f1f1262ceb1a0cc0ce4a7560905ed2ede7ab22e637166c24da8959d708bcec543dd2f737161953be5164dc5 --dir /tmp/swtpm_setup.certs.OTOFV3 --tpm-spec-family 2.0 --tpm-spec-level 0 --tpm-spec-revision 183 --tpm-manufacturer id:00001014 --tpm-model swtpm --tpm-version id:20240125 --tpm2 --configfile /etc/swtpm-localca.conf --optsfile /etc/swtpm-localca.options
swtpm_localca: Successfully created platform certificate locally.
Successfully created NVRAM area 0x1c00002 for RSA 2048 EK certificate.
Successfully created NVRAM area 0x1c08000 for platform certificate.
Successfully created ECC EK with handle 0x81010016.
  Invoking /usr/bin/swtpm_localca --type ek --ek x=fd54d42d31f6f6a70f4b7a6af96951d7ef4275b2d2f4c0f0462d52a061ba9b532b79d0284a6cac853592e98bbf4f56b8,y=b3685f5439d7180ecc23a44aa04389a3c4e76b806293c4291ff9ea72d25235a1dac346ceb941343b23ba7c14bf6b6c4f,id=secp384r1 --dir /tmp/swtpm_setup.certs.E4ZFV3 --tpm-spec-family 2.0 --tpm-spec-level 0 --tpm-spec-revision 183 --tpm-manufacturer id:00001014 --tpm-model swtpm --tpm-version id:20240125 --tpm2 --configfile /etc/swtpm-localca.conf --optsfile /etc/swtpm-localca.options
swtpm_localca: Successfully created platform certificate locally.
Successfully created NVRAM area 0x1c00002 for RSA 2048 EK certificate.
Successfully created NVRAM area 0x1c08000 for platform certificate.
Successfully created ECC EK with handle 0x81010016.
  Invoking /usr/bin/swtpm_localca --type ek --ek x=9c284930b28106c085ef034bc66a0a8997a7980cecc461c1f5e6748a957042f9ee68cc81dcbdfd86b7bc90ed21ebe685,y=7cc2255df29ae33536d36fc96e3f7a33868dd27104d920d6f14d711ff9a911a714dec19b58fb708b1750df1ad16d7f89,id=secp384r1 --dir /tmp/swtpm_setup.certs.OTOFV3 --tpm-spec-family 2.0 --tpm-spec-level 0 --tpm-spec-revision 183 --tpm-manufacturer id:00001014 --tpm-model swtpm --tpm-version id:20240125 --tpm2 --configfile /etc/swtpm-localca.conf --optsfile /etc/swtpm-localca.options
swtpm_localca: Successfully created EK certificate locally.
Successfully created NVRAM area 0x1c00016 for ECC EK certificate.
Successfully activated PCR banks sha256 among sha1,sha256,sha384,sha512.
Successfully authored TPM state.
Ending vTPM manufacturing @ Wed 09 Sep 2026 08:06:35 PM MDT
swtpm_localca: Successfully created EK certificate locally.
Successfully created NVRAM area 0x1c00016 for ECC EK certificate.
Successfully activated PCR banks sha256 among sha1,sha256,sha384,sha512.
Successfully authored TPM state.
Ending vTPM manufacturing @ Wed 09 Sep 2026 08:06:35 PM MDT
--> Creating /dev/tpmrm0 device with swtpm_cuse.
--> Creating /dev/tpmrm0 device with swtpm_cuse.
TPMs created on all nodes
Using strategy: istio
Unknown strategy: istio
Deploying Mazu ConfigMap to namespace: default
configmap "mazu-config" deleted from default namespace
configmap/mazu-config created
Deploying Mazu ConfigMap to namespace: istio-system
configmap "mazu-config" deleted from istio-system namespace
configmap/mazu-config created
Deploying RBE PP ConfigMap to namespace: default
configmap "rbe-pp" deleted from default namespace
configmap/rbe-pp created
Deploying RBE PP ConfigMap to namespace: istio-system
configmap "rbe-pp" deleted from istio-system namespace
configmap/rbe-pp created
Strategy: istio | Tag: st5-AttUpd | Duration: 120 seconds | RPS: 1000
Results Directory: /users/apoudel/DeathStarBench/socialNetwork/20260909_200738/istio-120
Output File: /users/apoudel/DeathStarBench/socialNetwork/20260909_200738/istio-120/1000.txt
/users/apoudel/DeathStarBench/socialNetwork
[1;30;44mMazu:[0m Installing Istio....
        |\          
        | \         
        |  \        
        |   \       
      /||    \      
     / ||     \     
    /  ||      \    
   /   ||       \   
  /    ||        \  
 /     ||         \ 
/______||__________\
____________________
  \__       _____/  
     \_____/        

WARNING: Istio 1.24.0 may be out of support (EOL) already: see https://istio.io/latest/docs/releases/supported-releases/ for supported releases

- Processing resources for Istio core.
- Processing resources for Istio core. Waiting for CustomResourceDefinition/, CustomResourceDefin...
✔ Istio core installed ⛵️
- Processing resources for Istiod.
- Processing resources for Istiod. Waiting for Deployment/istio-system/istiod
✔ Istiod installed 🧠
- Processing resources for Ingress gateways.
- Processing resources for Ingress gateways. Waiting for Deployment/istio-system/istio-ingressgat...
✔ Ingress gateways installed 🛬
- Pruning removed resources
✔ Installation completenamespace/default not labeled
peerauthentication.security.istio.io/default created
service/details created
serviceaccount/bookinfo-details created
deployment.apps/details-v1 created
service/ratings created
serviceaccount/bookinfo-ratings created
deployment.apps/ratings-v1 created
service/reviews created
serviceaccount/bookinfo-reviews created
deployment.apps/reviews-v1 created
deployment.apps/reviews-v2 created
deployment.apps/reviews-v3 created
service/productpage created
serviceaccount/bookinfo-productpage created
deployment.apps/productpage-v1 created
gateway.networking.istio.io/bookinfo-gateway created
virtualservice.networking.istio.io/bookinfo created
destinationrule.networking.istio.io/details-no-reuse created
destinationrule.networking.istio.io/ratings-no-reuse created
destinationrule.networking.istio.io/reviews-no-reuse created
Waiting for rollouts (timeout 1260s each):
  deployment.apps/details-v1
  deployment.apps/ratings-v1
  deployment.apps/reviews-v1
  deployment.apps/reviews-v2
  deployment.apps/reviews-v3
  deployment.apps/productpage-v1
Waiting for deployment "details-v1" rollout to finish: 0 of 16 replicas are ready...
Waiting for deployment "details-v1" rollout to finish: 2 of 16 replicas are ready...
Waiting for deployment "details-v1" rollout to finish: 15 of 16 replicas are ready...
deployment "details-v1" successfully rolled out (16/16 ready)
deployment "ratings-v1" successfully rolled out (16/16 ready)
Waiting for deployment "reviews-v1" rollout to finish: 15 of 16 replicas are ready...
deployment "reviews-v1" successfully rolled out (16/16 ready)
deployment "reviews-v2" successfully rolled out (16/16 ready)
deployment "reviews-v3" successfully rolled out (16/16 ready)
deployment "productpage-v1" successfully rolled out (16/16 ready)
pod/istiod-8574d68d5c-xhtnl condition met
pod/istio-ingressgateway-75fb7d94d9-rvcrs condition met
Ingress: 155.98.38.240:80
Strategy: istio | Tag: st5-AttUpd | Duration: 120 seconds | RPS: 1000
Results Directory: /users/apoudel/DeathStarBench/socialNetwork/20260909_200817/istio-120
Output File: /users/apoudel/DeathStarBench/socialNetwork/20260909_200817/istio-120/1000.txt
/users/apoudel/DeathStarBench/socialNetwork
[1;30;44mMazu:[0m Uninstalling Prometheus from istio-system....
Strategy: istio | Tag: st5-AttUpd | Duration: 120 seconds | RPS: 1000
Results Directory: /users/apoudel/DeathStarBench/socialNetwork/20260909_200817/istio-120
Output File: /users/apoudel/DeathStarBench/socialNetwork/20260909_200817/istio-120/1000.txt
/users/apoudel/DeathStarBench/socialNetwork
[1;30;44mMazu:[0m Installing Prometheus in istio-system....
serviceaccount/prometheus created
configmap/prometheus created
clusterrole.rbac.authorization.k8s.io/prometheus created
clusterrolebinding.rbac.authorization.k8s.io/prometheus created
service/prometheus created
deployment.apps/prometheus created
pod/prometheus-c9ff75ddb-d44tc condition met
[1;30;44mMazu:[0m Prometheus is ready.
Waiting for Prometheus pod to be Running...
pod/prometheus-c9ff75ddb-d44tc condition met
Forwarding from 127.0.0.1:9091 -> 9090
Forwarding from [::1]:9091 -> 9090
Waiting for Prometheus to be reachable at http://localhost:9091...
Handling connection for 9091
Prometheus is reachable at http://localhost:9091
--- Running RPS=100 for 120s ---
Running wrk2 with STRAT=istio, RPS=100, DURATION=120s. Output: /users/apoudel/DeathStarBench/socialNetwork/results/benchmark1.5b-replica-scale-09-09-26_173920/scale-16x/istio/100.txt
wrk2 results saved to /users/apoudel/DeathStarBench/socialNetwork/results/benchmark1.5b-replica-scale-09-09-26_173920/scale-16x/istio/100.txt
Collecting metrics from Prometheus (http://localhost:9091)
  Window: 2026-09-09 20:08:25 -> 2026-09-09 20:10:25 (120s)
  Output: /users/apoudel/DeathStarBench/socialNetwork/results/benchmark1.5b-replica-scale-09-09-26_173920/scale-16x/istio/metrics_100.json
Handling connection for 9091
Handling connection for 9091
Handling connection for 9091
Handling connection for 9091
Handling connection for 9091
Handling connection for 9091
Metrics saved to /users/apoudel/DeathStarBench/socialNetwork/results/benchmark1.5b-replica-scale-09-09-26_173920/scale-16x/istio/metrics_100.json
--- RPS=100 complete ---
--- Running RPS=200 for 120s ---
Running wrk2 with STRAT=istio, RPS=200, DURATION=120s. Output: /users/apoudel/DeathStarBench/socialNetwork/results/benchmark1.5b-replica-scale-09-09-26_173920/scale-16x/istio/200.txt
wrk2 results saved to /users/apoudel/DeathStarBench/socialNetwork/results/benchmark1.5b-replica-scale-09-09-26_173920/scale-16x/istio/200.txt
Collecting metrics from Prometheus (http://localhost:9091)
  Window: 2026-09-09 20:10:26 -> 2026-09-09 20:12:26 (120s)
  Output: /users/apoudel/DeathStarBench/socialNetwork/results/benchmark1.5b-replica-scale-09-09-26_173920/scale-16x/istio/metrics_200.json
Handling connection for 9091
Handling connection for 9091
Handling connection for 9091
Handling connection for 9091
Handling connection for 9091
Handling connection for 9091
Metrics saved to /users/apoudel/DeathStarBench/socialNetwork/results/benchmark1.5b-replica-scale-09-09-26_173920/scale-16x/istio/metrics_200.json
--- RPS=200 complete ---
--- Running RPS=400 for 120s ---
Running wrk2 with STRAT=istio, RPS=400, DURATION=120s. Output: /users/apoudel/DeathStarBench/socialNetwork/results/benchmark1.5b-replica-scale-09-09-26_173920/scale-16x/istio/400.txt
wrk2 results saved to /users/apoudel/DeathStarBench/socialNetwork/results/benchmark1.5b-replica-scale-09-09-26_173920/scale-16x/istio/400.txt
Collecting metrics from Prometheus (http://localhost:9091)
  Window: 2026-09-09 20:12:27 -> 2026-09-09 20:14:27 (120s)
  Output: /users/apoudel/DeathStarBench/socialNetwork/results/benchmark1.5b-replica-scale-09-09-26_173920/scale-16x/istio/metrics_400.json
Handling connection for 9091
Handling connection for 9091
Handling connection for 9091
Handling connection for 9091
Handling connection for 9091
Handling connection for 9091
Metrics saved to /users/apoudel/DeathStarBench/socialNetwork/results/benchmark1.5b-replica-scale-09-09-26_173920/scale-16x/istio/metrics_400.json
--- RPS=400 complete ---
--- Running RPS=800 for 120s ---
Running wrk2 with STRAT=istio, RPS=800, DURATION=120s. Output: /users/apoudel/DeathStarBench/socialNetwork/results/benchmark1.5b-replica-scale-09-09-26_173920/scale-16x/istio/800.txt
wrk2 results saved to /users/apoudel/DeathStarBench/socialNetwork/results/benchmark1.5b-replica-scale-09-09-26_173920/scale-16x/istio/800.txt
Collecting metrics from Prometheus (http://localhost:9091)
  Window: 2026-09-09 20:14:29 -> 2026-09-09 20:16:29 (120s)
  Output: /users/apoudel/DeathStarBench/socialNetwork/results/benchmark1.5b-replica-scale-09-09-26_173920/scale-16x/istio/metrics_800.json
Handling connection for 9091
Handling connection for 9091
Handling connection for 9091
Handling connection for 9091
Handling connection for 9091
Handling connection for 9091
Metrics saved to /users/apoudel/DeathStarBench/socialNetwork/results/benchmark1.5b-replica-scale-09-09-26_173920/scale-16x/istio/metrics_800.json
--- RPS=800 complete ---
--- Running RPS=1200 for 120s ---
Running wrk2 with STRAT=istio, RPS=1200, DURATION=120s. Output: /users/apoudel/DeathStarBench/socialNetwork/results/benchmark1.5b-replica-scale-09-09-26_173920/scale-16x/istio/1200.txt
wrk2 results saved to /users/apoudel/DeathStarBench/socialNetwork/results/benchmark1.5b-replica-scale-09-09-26_173920/scale-16x/istio/1200.txt
Collecting metrics from Prometheus (http://localhost:9091)
  Window: 2026-09-09 20:16:30 -> 2026-09-09 20:18:30 (120s)
  Output: /users/apoudel/DeathStarBench/socialNetwork/results/benchmark1.5b-replica-scale-09-09-26_173920/scale-16x/istio/metrics_1200.json
Handling connection for 9091
Handling connection for 9091
Handling connection for 9091
Handling connection for 9091
Handling connection for 9091
Handling connection for 9091
Metrics saved to /users/apoudel/DeathStarBench/socialNetwork/results/benchmark1.5b-replica-scale-09-09-26_173920/scale-16x/istio/metrics_1200.json
--- RPS=1200 complete ---
--- Running RPS=1600 for 120s ---
Running wrk2 with STRAT=istio, RPS=1600, DURATION=120s. Output: /users/apoudel/DeathStarBench/socialNetwork/results/benchmark1.5b-replica-scale-09-09-26_173920/scale-16x/istio/1600.txt
wrk2 results saved to /users/apoudel/DeathStarBench/socialNetwork/results/benchmark1.5b-replica-scale-09-09-26_173920/scale-16x/istio/1600.txt
Collecting metrics from Prometheus (http://localhost:9091)
  Window: 2026-09-09 20:18:31 -> 2026-09-09 20:20:31 (120s)
  Output: /users/apoudel/DeathStarBench/socialNetwork/results/benchmark1.5b-replica-scale-09-09-26_173920/scale-16x/istio/metrics_1600.json
Handling connection for 9091
Handling connection for 9091
Handling connection for 9091
Handling connection for 9091
Handling connection for 9091
Handling connection for 9091
Metrics saved to /users/apoudel/DeathStarBench/socialNetwork/results/benchmark1.5b-replica-scale-09-09-26_173920/scale-16x/istio/metrics_1600.json
--- RPS=1600 complete ---
--- Running RPS=2000 for 120s ---
Running wrk2 with STRAT=istio, RPS=2000, DURATION=120s. Output: /users/apoudel/DeathStarBench/socialNetwork/results/benchmark1.5b-replica-scale-09-09-26_173920/scale-16x/istio/2000.txt
wrk2 results saved to /users/apoudel/DeathStarBench/socialNetwork/results/benchmark1.5b-replica-scale-09-09-26_173920/scale-16x/istio/2000.txt
Collecting metrics from Prometheus (http://localhost:9091)
  Window: 2026-09-09 20:20:32 -> 2026-09-09 20:22:32 (120s)
  Output: /users/apoudel/DeathStarBench/socialNetwork/results/benchmark1.5b-replica-scale-09-09-26_173920/scale-16x/istio/metrics_2000.json
Handling connection for 9091
Handling connection for 9091
Handling connection for 9091
Handling connection for 9091
Handling connection for 9091
Handling connection for 9091
Metrics saved to /users/apoudel/DeathStarBench/socialNetwork/results/benchmark1.5b-replica-scale-09-09-26_173920/scale-16x/istio/metrics_2000.json
--- RPS=2000 complete ---
Strategy: istio | Tag: st5-AttUpd | Duration: 120 seconds | RPS: 2000
Results Directory: /users/apoudel/DeathStarBench/socialNetwork/20260909_202233/istio-120
Output File: /users/apoudel/DeathStarBench/socialNetwork/20260909_202233/istio-120/2000.txt
/users/apoudel/DeathStarBench/socialNetwork
[1;30;44mMazu:[0m Uninstalling Prometheus from istio-system....
serviceaccount "prometheus" deleted from istio-system namespace
configmap "prometheus" deleted from istio-system namespace
clusterrole.rbac.authorization.k8s.io "prometheus" deleted
clusterrolebinding.rbac.authorization.k8s.io "prometheus" deleted
service "prometheus" deleted from istio-system namespace
deployment.apps "prometheus" deleted from istio-system namespace
Generated /users/apoudel/DeathStarBench/socialNetwork/results/benchmark1.5b-replica-scale-09-09-26_173920/scale-16x/istio/cpu.dat and /users/apoudel/DeathStarBench/socialNetwork/results/benchmark1.5b-replica-scale-09-09-26_173920/scale-16x/istio/memory.dat
=== Benchmark 1.5b (no-scale) sweep completed at Wed Sep  9 08:22:34 PM MDT 2026 for istio ===
Wrote /users/apoudel/DeathStarBench/socialNetwork/results/benchmark1.5b-replica-scale-09-09-26_173920/scale-16x/istio/latency.dat (7 entries)
Wrote /users/apoudel/DeathStarBench/socialNetwork/results/benchmark1.5b-replica-scale-09-09-26_173920/scale-16x/st5-AttUpd/latency.dat (7 entries)
Wrote /users/apoudel/DeathStarBench/socialNetwork/results/benchmark1.5b-replica-scale-09-09-26_173920/scale-16x/cpu_combined.dat (7 blocks: [100, 200, 400, 800, 1200, 1600, 2000])
Wrote /users/apoudel/DeathStarBench/socialNetwork/results/benchmark1.5b-replica-scale-09-09-26_173920/scale-16x/memory_combined.dat (7 blocks: [100, 200, 400, 800, 1200, 1600, 2000])
Wrote /users/apoudel/DeathStarBench/socialNetwork/results/benchmark1.5b-replica-scale-09-09-26_173920/scale-16x/latency_combined.dat (7 QPS levels)
Wrote /users/apoudel/DeathStarBench/socialNetwork/results/benchmark1.5b-replica-scale-09-09-26_173920/scale-16x/rps_vals.gpi (7 rps values)
=== All benchmark 1.5b (no-scale) sweep runs complete. Results in /users/apoudel/DeathStarBench/socialNetwork/results/benchmark1.5b-replica-scale-09-09-26_173920/scale-16x ===
[2026-09-09 20:22:34] --- scale 16x ok ---
[2026-09-09 20:22:34] --- scale 32x: 192 app pods, ready timeout 2220s ---
[2026-09-09 20:22:34]     manifests: /users/apoudel/DeathStarBench/socialNetwork/results/benchmark1.5b-replica-scale-09-09-26_173920/scale-32x/manifests/bookinfo-var.yaml
[1;30;44mMazu:[0m === Benchmark 1.5b (no-scale): HPA-disabled continuous RPS sweep ===.
[1;30;44mMazu:[0m Strategies: st5-AttUpd istio.
[1;30;44mMazu:[0m RPS values: 100 200 400 800 1200 1600 2000.
[1;30;44mMazu:[0m Duration: 120s per RPS step.
[1;30;44mMazu:[0m Manifests: /users/apoudel/DeathStarBench/socialNetwork/results/benchmark1.5b-replica-scale-09-09-26_173920/scale-32x/manifests/bookinfo-var.yaml (istio) / /users/apoudel/DeathStarBench/socialNetwork/results/benchmark1.5b-replica-scale-09-09-26_173920/scale-32x/manifests/bookinfo-var-tpm.yaml (st5-AttUpd).
[1;30;44mMazu:[0m Mazu image tag: st5-AttUpd (docker.io/atosh502/proxyv2:st5-AttUpd).
[1;30;44mMazu:[0m Connection reuse: DISABLED (bf-no-connection-reuse.yaml, maxRequestsPerConnection=1).
[1;30;44mMazu:[0m Envoy diagnostics: disabled (set ENVOY_DIAG=1 to collect).
[1;30;44mMazu:[0m Results: /users/apoudel/DeathStarBench/socialNetwork/results/benchmark1.5b-replica-scale-09-09-26_173920/scale-32x.
[1;30;44mMazu:[0m Logs: /users/apoudel/DeathStarBench/socialNetwork/results/benchmark1.5b-replica-scale-09-09-26_173920/logs/scale-32x-sweep.log (+ one per strategy).
=== Benchmark 1.5b (no-scale) sweep started at Wed Sep  9 08:22:34 PM MDT 2026 for st5-AttUpd ===
Strategy: st5-AttUpd | Tag: st5-AttUpd | Duration: 120 seconds | RPS: 1000
Results Directory: /users/apoudel/DeathStarBench/socialNetwork/20260909_202234/st5-AttUpd-120
Output File: /users/apoudel/DeathStarBench/socialNetwork/20260909_202234/st5-AttUpd-120/1000.txt
/users/apoudel/DeathStarBench/socialNetwork
[1;30;44mMazu:[0m Uninstalling Bookinfo application....
service "details" deleted from default namespace
serviceaccount "bookinfo-details" deleted from default namespace
deployment.apps "details-v1" deleted from default namespace
service "ratings" deleted from default namespace
serviceaccount "bookinfo-ratings" deleted from default namespace
deployment.apps "ratings-v1" deleted from default namespace
service "reviews" deleted from default namespace
serviceaccount "bookinfo-reviews" deleted from default namespace
deployment.apps "reviews-v1" deleted from default namespace
deployment.apps "reviews-v2" deleted from default namespace
deployment.apps "reviews-v3" deleted from default namespace
service "productpage" deleted from default namespace
serviceaccount "bookinfo-productpage" deleted from default namespace
deployment.apps "productpage-v1" deleted from default namespace
gateway.networking.istio.io "bookinfo-gateway" deleted from default namespace
virtualservice.networking.istio.io "bookinfo" deleted from default namespace
Error from server (NotFound): error when deleting "/users/apoudel/DeathStarBench/socialNetwork/scratch/yaml/bf-hpa.yaml": horizontalpodautoscalers.autoscaling "details-hpa" not found
Error from server (NotFound): error when deleting "/users/apoudel/DeathStarBench/socialNetwork/scratch/yaml/bf-hpa.yaml": horizontalpodautoscalers.autoscaling "ratings-hpa" not found
Error from server (NotFound): error when deleting "/users/apoudel/DeathStarBench/socialNetwork/scratch/yaml/bf-hpa.yaml": horizontalpodautoscalers.autoscaling "reviews-v1-hpa" not found
Error from server (NotFound): error when deleting "/users/apoudel/DeathStarBench/socialNetwork/scratch/yaml/bf-hpa.yaml": horizontalpodautoscalers.autoscaling "reviews-v2-hpa" not found
Error from server (NotFound): error when deleting "/users/apoudel/DeathStarBench/socialNetwork/scratch/yaml/bf-hpa.yaml": horizontalpodautoscalers.autoscaling "reviews-v3-hpa" not found
Error from server (NotFound): error when deleting "/users/apoudel/DeathStarBench/socialNetwork/scratch/yaml/bf-hpa.yaml": horizontalpodautoscalers.autoscaling "productpage-hpa" not found
destinationrule.networking.istio.io "details-no-reuse" deleted from default namespace
destinationrule.networking.istio.io "ratings-no-reuse" deleted from default namespace
destinationrule.networking.istio.io "reviews-no-reuse" deleted from default namespace
pod/details-v1-85d6566d54-28dnr condition met
pod/details-v1-85d6566d54-5fj2g condition met
pod/details-v1-85d6566d54-66mqj condition met
pod/details-v1-85d6566d54-7dnj9 condition met
pod/details-v1-85d6566d54-fhrv6 condition met
pod/details-v1-85d6566d54-fjckf condition met
pod/details-v1-85d6566d54-gd542 condition met
pod/details-v1-85d6566d54-hjf9k condition met
pod/details-v1-85d6566d54-hp478 condition met
pod/details-v1-85d6566d54-jlgj2 condition met
pod/details-v1-85d6566d54-l5s5p condition met
pod/details-v1-85d6566d54-mlq7l condition met
pod/details-v1-85d6566d54-rm2jb condition met
pod/details-v1-85d6566d54-s4smn condition met
pod/details-v1-85d6566d54-s62f6 condition met
pod/details-v1-85d6566d54-vpncw condition met
pod/productpage-v1-54fdfcc87b-28bcp condition met
pod/productpage-v1-54fdfcc87b-6v5ls condition met
pod/productpage-v1-54fdfcc87b-84nn5 condition met
pod/productpage-v1-54fdfcc87b-89b9w condition met
pod/productpage-v1-54fdfcc87b-bjnm4 condition met
pod/productpage-v1-54fdfcc87b-cmqdk condition met
pod/productpage-v1-54fdfcc87b-fmrmc condition met
pod/productpage-v1-54fdfcc87b-hgfzx condition met
pod/productpage-v1-54fdfcc87b-k7d4n condition met
pod/productpage-v1-54fdfcc87b-m8tfr condition met
pod/productpage-v1-54fdfcc87b-nfxpv condition met
pod/productpage-v1-54fdfcc87b-rdkf2 condition met
pod/productpage-v1-54fdfcc87b-rtm8s condition met
pod/productpage-v1-54fdfcc87b-sbt48 condition met
pod/productpage-v1-54fdfcc87b-t8xdk condition met
pod/productpage-v1-54fdfcc87b-xftmd condition met
Strategy: st5-AttUpd | Tag: st5-AttUpd | Duration: 120 seconds | RPS: 1000
Results Directory: /users/apoudel/DeathStarBench/socialNetwork/20260909_202246/st5-AttUpd-120
Output File: /users/apoudel/DeathStarBench/socialNetwork/20260909_202246/st5-AttUpd-120/1000.txt
/users/apoudel/DeathStarBench/socialNetwork
All Istio resources will be pruned from the cluster

  Removed apps/v1, Kind=Deployment/istio-ingressgateway.istio-system.
  Removed apps/v1, Kind=Deployment/istiod.istio-system.
  Removed /v1, Kind=Service/istio-ingressgateway.istio-system.
  Removed /v1, Kind=Service/istiod.istio-system.
  Removed /v1, Kind=ConfigMap/istio.istio-system.
  Removed /v1, Kind=ConfigMap/istio-sidecar-injector.istio-system.
  Removed /v1, Kind=Pod/istio-ingressgateway-75fb7d94d9-4hllf.istio-system.
  Removed /v1, Kind=Pod/istio-ingressgateway-75fb7d94d9-fnnln.istio-system.
  Removed /v1, Kind=Pod/istio-ingressgateway-75fb7d94d9-nkx2v.istio-system.
  Removed /v1, Kind=Pod/istio-ingressgateway-75fb7d94d9-rvcrs.istio-system.
  Removed /v1, Kind=Pod/istio-ingressgateway-75fb7d94d9-s22nb.istio-system.
  Removed /v1, Kind=Pod/istiod-8574d68d5c-xhtnl.istio-system.
  Removed /v1, Kind=ServiceAccount/istio-ingressgateway-service-account.istio-system.
  Removed /v1, Kind=ServiceAccount/istio-reader-service-account.istio-system.
  Removed /v1, Kind=ServiceAccount/istiod.istio-system.
  Removed rbac.authorization.k8s.io/v1, Kind=RoleBinding/istio-ingressgateway-sds.istio-system.
  Removed rbac.authorization.k8s.io/v1, Kind=RoleBinding/istiod.istio-system.
  Removed rbac.authorization.k8s.io/v1, Kind=Role/istio-ingressgateway-sds.istio-system.
  Removed rbac.authorization.k8s.io/v1, Kind=Role/istiod.istio-system.
  Removed policy/v1, Kind=PodDisruptionBudget/istio-ingressgateway.istio-system.
  Removed policy/v1, Kind=PodDisruptionBudget/istiod.istio-system.
  Removed autoscaling/v2, Kind=HorizontalPodAutoscaler/istio-ingressgateway.istio-system.
  Removed autoscaling/v2, Kind=HorizontalPodAutoscaler/istiod.istio-system.
  Removed admissionregistration.k8s.io/v1, Kind=MutatingWebhookConfiguration/istio-revision-tag-default..
  Removed admissionregistration.k8s.io/v1, Kind=MutatingWebhookConfiguration/istio-sidecar-injector..
  Removed admissionregistration.k8s.io/v1, Kind=ValidatingWebhookConfiguration/istio-validator-istio-system..
  Removed admissionregistration.k8s.io/v1, Kind=ValidatingWebhookConfiguration/istiod-default-validator..
  Removed rbac.authorization.k8s.io/v1, Kind=ClusterRole/istio-reader-clusterrole-istio-system..
  Removed rbac.authorization.k8s.io/v1, Kind=ClusterRole/istiod-clusterrole-istio-system..
  Removed rbac.authorization.k8s.io/v1, Kind=ClusterRole/istiod-gateway-controller-istio-system..
  Removed rbac.authorization.k8s.io/v1, Kind=ClusterRoleBinding/istio-reader-clusterrole-istio-system..
  Removed rbac.authorization.k8s.io/v1, Kind=ClusterRoleBinding/istiod-clusterrole-istio-system..
  Removed rbac.authorization.k8s.io/v1, Kind=ClusterRoleBinding/istiod-gateway-controller-istio-system..
  Removed apiextensions.k8s.io/v1, Kind=CustomResourceDefinition/authorizationpolicies.security.istio.io..
  Removed apiextensions.k8s.io/v1, Kind=CustomResourceDefinition/destinationrules.networking.istio.io..
  Removed apiextensions.k8s.io/v1, Kind=CustomResourceDefinition/envoyfilters.networking.istio.io..
  Removed apiextensions.k8s.io/v1, Kind=CustomResourceDefinition/gateways.networking.istio.io..
  Removed apiextensions.k8s.io/v1, Kind=CustomResourceDefinition/peerauthentications.security.istio.io..
  Removed apiextensions.k8s.io/v1, Kind=CustomResourceDefinition/proxyconfigs.networking.istio.io..
  Removed apiextensions.k8s.io/v1, Kind=CustomResourceDefinition/requestauthentications.security.istio.io..
  Removed apiextensions.k8s.io/v1, Kind=CustomResourceDefinition/serviceentries.networking.istio.io..
  Removed apiextensions.k8s.io/v1, Kind=CustomResourceDefinition/sidecars.networking.istio.io..
  Removed apiextensions.k8s.io/v1, Kind=CustomResourceDefinition/telemetries.telemetry.istio.io..
  Removed apiextensions.k8s.io/v1, Kind=CustomResourceDefinition/virtualservices.networking.istio.io..
  Removed apiextensions.k8s.io/v1, Kind=CustomResourceDefinition/wasmplugins.extensions.istio.io..
  Removed apiextensions.k8s.io/v1, Kind=CustomResourceDefinition/workloadentries.networking.istio.io..
  Removed apiextensions.k8s.io/v1, Kind=CustomResourceDefinition/workloadgroups.networking.istio.io..

✔ Uninstall completepod/istiod-8574d68d5c-xhtnl condition met
pod/istio-ingressgateway-75fb7d94d9-4hllf condition met
pod/istio-ingressgateway-75fb7d94d9-fnnln condition met
pod/istio-ingressgateway-75fb7d94d9-nkx2v condition met
pod/istio-ingressgateway-75fb7d94d9-rvcrs condition met
pod/istio-ingressgateway-75fb7d94d9-s22nb condition met
pod "kube-apiserver-node-0" deleted from kube-system namespace
pod "kube-apiserver-node-1" deleted from kube-system namespace
API server count: 2. Waiting for all kube-apiserver pods to become Ready...
All kube-apiserver pods are Ready
Creating TPMs on all nodes...
Warning: Permanently added 'pc772.emulab.net' (ED25519) to the list of known hosts.
Warning: Permanently added 'pc772.emulab.net' (ED25519) to the list of known hosts.
--> Creating tpm state folder in /tpm/myvtpm2.
--> Creating tpm state folder in /tpm/myvtpm2.
--> Creating tpm with swtpm_setup.
--> Creating tpm with swtpm_setup.
Starting vTPM manufacturing as root:root @ Wed 09 Sep 2026 08:23:04 PM MDT
Apply profile: {"Name": "default-v1"}
TPM is listening on Unix socket.
Starting vTPM manufacturing as root:root @ Wed 09 Sep 2026 08:23:04 PM MDT
Apply profile: {"Name": "default-v1"}
TPM is listening on Unix socket.
Active profile: {"Name":"default-v1","StateFormatLevel":7,"Commands":"0x11f-0x122,0x124-0x12e,0x130-0x140,0x142-0x159,0x15b-0x15e,0x160-0x165,0x167-0x174,0x176-0x178,0x17a-0x193,0x197,0x199-0x19c","Algorithms":"rsa,rsa-min-size=1024,tdes,tdes-min-size=128,sha1,hmac,aes,aes-min-size=128,mgf1,keyedhash,xor,sha256,sha384,sha512,null,rsassa,rsaes,rsapss,oaep,ecdsa,ecdh,ecdaa,sm2,ecschnorr,ecmqv,kdf1-sp800-56a,kdf2,kdf1-sp800-108,ecc,ecc-min-size=192,ecc-nist,ecc-bn,ecc-sm2-p256,symcipher,camellia,camellia-min-size=128,cmac,ctr,ofb,cbc,cfb,ecb","Description":"This profile enables all libtpms v0.10-supported commands and algorithms. This profile is compatible with libtpms >= v0.10."}
Active profile: {"Name":"default-v1","StateFormatLevel":7,"Commands":"0x11f-0x122,0x124-0x12e,0x130-0x140,0x142-0x159,0x15b-0x15e,0x160-0x165,0x167-0x174,0x176-0x178,0x17a-0x193,0x197,0x199-0x19c","Algorithms":"rsa,rsa-min-size=1024,tdes,tdes-min-size=128,sha1,hmac,aes,aes-min-size=128,mgf1,keyedhash,xor,sha256,sha384,sha512,null,rsassa,rsaes,rsapss,oaep,ecdsa,ecdh,ecdaa,sm2,ecschnorr,ecmqv,kdf1-sp800-56a,kdf2,kdf1-sp800-108,ecc,ecc-min-size=192,ecc-nist,ecc-bn,ecc-sm2-p256,symcipher,camellia,camellia-min-size=128,cmac,ctr,ofb,cbc,cfb,ecb","Description":"This profile enables all libtpms v0.10-supported commands and algorithms. This profile is compatible with libtpms >= v0.10."}
Successfully created RSA 2048 EK with handle 0x81010001.
  Invoking /usr/bin/swtpm_localca --type ek --ek b256fc8129c7a5eb70a44539dd847db099e63cb5e5180d7087bef711ef271c5e51c3ba4443ae97e99576cfc560919fa3b4af11e375c2559b7bfb4cc33860052737715441bcdf378a54786c5e65a84944955e53aa74d78518e2776e2a02736ba7227eb5a3fd7c27d63fccd73025c591a522b4a571a9738c09f17ee3d5e528f48a0f7f6cc5ea544596381c409d99b6fa493f8800423783ed3893e6a22a90ce1ade51b2e6f0b1f52482872ad9908661a752f9a37d6f6e5ddeecce77424f24b051ca0e8ad0d27d6dc5a5a6a1eece8d71d7ff324434a681922ec11e7949c4f2f8acf5e841362fbb33baf29321f52178c6b32b216b9344a99b19c85df21d32f6c42355 --dir /tmp/swtpm_setup.certs.TB3XV3 --tpm-spec-family 2.0 --tpm-spec-level 0 --tpm-spec-revision 183 --tpm-manufacturer id:00001014 --tpm-model swtpm --tpm-version id:20240125 --tpm2 --configfile /etc/swtpm-localca.conf --optsfile /etc/swtpm-localca.options
Successfully created RSA 2048 EK with handle 0x81010001.
  Invoking /usr/bin/swtpm_localca --type ek --ek 98ec4d132cadf6e03b35250905fde1671e012ba1e52bb3a2bbe7c94db225f4d9ae2aade8b49f269bb895ad2cbc7349fa7075111c6c549960259ce3ede5b047f5fb1b019c3cc51a78c0a999c4d347ee4fad171c9b565131539ceec7bea216359a76b7fff62126155671ac81307f84803f0a05cb89b83bff88f4dfa9cddddbaf4af7839fe6c3e5423aecce141b1366038b1199d85244d5660b27d03e6e7eacba9f8497cd1eee898e0a70df2c02fcd103d5eb83e63ca5a6324f23d14b64bf7ed11a772fe06a4f021e2c013bdfe727a86a82c9e7b37b33da30b5a6c64174ec1ca955ddeb7a1812d56eba6eace8269505c3ff3f958a8c5ba109fd3c95ff89fe3bdbbd --dir /tmp/swtpm_setup.certs.IX9XV3 --tpm-spec-family 2.0 --tpm-spec-level 0 --tpm-spec-revision 183 --tpm-manufacturer id:00001014 --tpm-model swtpm --tpm-version id:20240125 --tpm2 --configfile /etc/swtpm-localca.conf --optsfile /etc/swtpm-localca.options
swtpm_localca: Successfully created EK certificate locally.
  Invoking /usr/bin/swtpm_localca --type platform --ek b256fc8129c7a5eb70a44539dd847db099e63cb5e5180d7087bef711ef271c5e51c3ba4443ae97e99576cfc560919fa3b4af11e375c2559b7bfb4cc33860052737715441bcdf378a54786c5e65a84944955e53aa74d78518e2776e2a02736ba7227eb5a3fd7c27d63fccd73025c591a522b4a571a9738c09f17ee3d5e528f48a0f7f6cc5ea544596381c409d99b6fa493f8800423783ed3893e6a22a90ce1ade51b2e6f0b1f52482872ad9908661a752f9a37d6f6e5ddeecce77424f24b051ca0e8ad0d27d6dc5a5a6a1eece8d71d7ff324434a681922ec11e7949c4f2f8acf5e841362fbb33baf29321f52178c6b32b216b9344a99b19c85df21d32f6c42355 --dir /tmp/swtpm_setup.certs.TB3XV3 --tpm-spec-family 2.0 --tpm-spec-level 0 --tpm-spec-revision 183 --tpm-manufacturer id:00001014 --tpm-model swtpm --tpm-version id:20240125 --tpm2 --configfile /etc/swtpm-localca.conf --optsfile /etc/swtpm-localca.options
swtpm_localca: Successfully created EK certificate locally.
  Invoking /usr/bin/swtpm_localca --type platform --ek 98ec4d132cadf6e03b35250905fde1671e012ba1e52bb3a2bbe7c94db225f4d9ae2aade8b49f269bb895ad2cbc7349fa7075111c6c549960259ce3ede5b047f5fb1b019c3cc51a78c0a999c4d347ee4fad171c9b565131539ceec7bea216359a76b7fff62126155671ac81307f84803f0a05cb89b83bff88f4dfa9cddddbaf4af7839fe6c3e5423aecce141b1366038b1199d85244d5660b27d03e6e7eacba9f8497cd1eee898e0a70df2c02fcd103d5eb83e63ca5a6324f23d14b64bf7ed11a772fe06a4f021e2c013bdfe727a86a82c9e7b37b33da30b5a6c64174ec1ca955ddeb7a1812d56eba6eace8269505c3ff3f958a8c5ba109fd3c95ff89fe3bdbbd --dir /tmp/swtpm_setup.certs.IX9XV3 --tpm-spec-family 2.0 --tpm-spec-level 0 --tpm-spec-revision 183 --tpm-manufacturer id:00001014 --tpm-model swtpm --tpm-version id:20240125 --tpm2 --configfile /etc/swtpm-localca.conf --optsfile /etc/swtpm-localca.options
swtpm_localca: Successfully created platform certificate locally.
Successfully created NVRAM area 0x1c00002 for RSA 2048 EK certificate.
Successfully created NVRAM area 0x1c08000 for platform certificate.
swtpm_localca: Successfully created platform certificate locally.
Successfully created NVRAM area 0x1c00002 for RSA 2048 EK certificate.
Successfully created NVRAM area 0x1c08000 for platform certificate.
Successfully created ECC EK with handle 0x81010016.
  Invoking /usr/bin/swtpm_localca --type ek --ek x=6b19f8956c5d5df14dd6e3012216810e6fedd91260c49ce821c2b9de9d94582469d071ebc66953d65bf3b2ec9e0b7a3b,y=d236a02604e45dc8c482fa280ce29b3ffb46cecb5daa83882d9d0c14b5637f49f2a389ab7d754d682cb677730212e3a7,id=secp384r1 --dir /tmp/swtpm_setup.certs.IX9XV3 --tpm-spec-family 2.0 --tpm-spec-level 0 --tpm-spec-revision 183 --tpm-manufacturer id:00001014 --tpm-model swtpm --tpm-version id:20240125 --tpm2 --configfile /etc/swtpm-localca.conf --optsfile /etc/swtpm-localca.options
Successfully created ECC EK with handle 0x81010016.
  Invoking /usr/bin/swtpm_localca --type ek --ek x=53a8044c16aeed755ee447dcc0d82442edfa446e339ee45b5cf36225a8310ff6352d9bd39946a32da9c254e40421e312,y=bff35acf60395387eb4289965d0d12692dfc7b79b9284874f728478c910df50c95ae82a6344d4843a772b11927c997d6,id=secp384r1 --dir /tmp/swtpm_setup.certs.TB3XV3 --tpm-spec-family 2.0 --tpm-spec-level 0 --tpm-spec-revision 183 --tpm-manufacturer id:00001014 --tpm-model swtpm --tpm-version id:20240125 --tpm2 --configfile /etc/swtpm-localca.conf --optsfile /etc/swtpm-localca.options
swtpm_localca: Successfully created EK certificate locally.
Successfully created NVRAM area 0x1c00016 for ECC EK certificate.
Successfully activated PCR banks sha256 among sha1,sha256,sha384,sha512.
swtpm_localca: Successfully created EK certificate locally.
Successfully created NVRAM area 0x1c00016 for ECC EK certificate.
Successfully authored TPM state.
Ending vTPM manufacturing @ Wed 09 Sep 2026 08:23:05 PM MDT
Successfully activated PCR banks sha256 among sha1,sha256,sha384,sha512.
Successfully authored TPM state.
Ending vTPM manufacturing @ Wed 09 Sep 2026 08:23:05 PM MDT
--> Creating /dev/tpmrm0 device with swtpm_cuse.
--> Creating /dev/tpmrm0 device with swtpm_cuse.
TPMs created on all nodes
Using strategy: st5-AttUpd
Deploying Mazu ConfigMap to namespace: default
configmap "mazu-config" deleted from default namespace
configmap/mazu-config created
Deploying Mazu ConfigMap to namespace: istio-system
configmap "mazu-config" deleted from istio-system namespace
configmap/mazu-config created
Deploying RBE PP ConfigMap to namespace: default
configmap "rbe-pp" deleted from default namespace
configmap/rbe-pp created
Deploying RBE PP ConfigMap to namespace: istio-system
configmap "rbe-pp" deleted from istio-system namespace
configmap/rbe-pp created
"k8s-tpm-device" already exists with the same configuration, skipping
Hang tight while we grab the latest from your chart repositories...
...Successfully got an update from the "k8s-tpm-device" chart repository
Update Complete. ⎈Happy Helming!⎈
Release "k8s-tpm-device" has been upgraded. Happy Helming!
NAME: k8s-tpm-device
LAST DEPLOYED: Wed Sep  9 20:24:09 2026
NAMESPACE: tpm-device
STATUS: deployed
REVISION: 39
TEST SUITE: None
Deploying TPM public key ConfigMap to namespace: default
configmap "tpm-pubkey" deleted from default namespace
configmap/tpm-pubkey created
Deploying TPM public key ConfigMap to namespace: istio-system
configmap "tpm-pubkey" deleted from istio-system namespace
configmap/tpm-pubkey created
secret "tpm-keys" deleted from istio-system namespace
secret/tpm-keys created
Strategy: st5-AttUpd | Tag: st5-AttUpd | Duration: 120 seconds | RPS: 1000
Results Directory: /users/apoudel/DeathStarBench/socialNetwork/20260909_202410/st5-AttUpd-120
Output File: /users/apoudel/DeathStarBench/socialNetwork/20260909_202410/st5-AttUpd-120/1000.txt
/users/apoudel/DeathStarBench/socialNetwork
[1;30;44mMazu:[0m Installing Istio....
service "etcd" deleted from istio-system namespace
statefulset.apps "etcd" deleted from istio-system namespace
persistentvolumeclaim "etcd-data-etcd-0" deleted from istio-system namespace
Error from server (AlreadyExists): namespaces "istio-system" already exists
namespace already exists
service/etcd created
statefulset.apps/etcd created
        |\          
        | \         
        |  \        
        |   \       
      /||    \      
     / ||     \     
    /  ||      \    
   /   ||       \   
  /    ||        \  
 /     ||         \ 
/______||__________\
____________________
  \__       _____/  
     \_____/        

WARNING: Istio 1.24.0 may be out of support (EOL) already: see https://istio.io/latest/docs/releases/supported-releases/ for supported releases

- Processing resources for Istio core.
- Processing resources for Istio core. Waiting for CustomResourceDefinition/, CustomResourceDefin...
✔ Istio core installed ⛵️
- Processing resources for Istiod.
- Processing resources for Istiod. Waiting for Deployment/istio-system/istiod
✔ Istiod installed 🧠
- Processing resources for Ingress gateways.
- Processing resources for Ingress gateways. Waiting for Deployment/istio-system/istio-ingressgat...
✔ Ingress gateways installed 🛬
- Pruning removed resources
✔ Installation completeclusterrole.rbac.authorization.k8s.io/token-review-role unchanged
clusterrolebinding.rbac.authorization.k8s.io/token-review-binding unchanged
role.rbac.authorization.k8s.io/leader-election-key-curator-role unchanged
rolebinding.rbac.authorization.k8s.io/leader-election-key-curator-role-binding unchanged
namespace/default not labeled
peerauthentication.security.istio.io/default created
pod/istiod-fb9866b9d-72mt2 condition met
pod/istio-ingressgateway-745cc59f79-vvzdd condition met
service/details created
serviceaccount/bookinfo-details created
deployment.apps/details-v1 created
service/ratings created
serviceaccount/bookinfo-ratings created
deployment.apps/ratings-v1 created
service/reviews created
serviceaccount/bookinfo-reviews created
deployment.apps/reviews-v1 created
deployment.apps/reviews-v2 created
deployment.apps/reviews-v3 created
service/productpage created
serviceaccount/bookinfo-productpage created
deployment.apps/productpage-v1 created
gateway.networking.istio.io/bookinfo-gateway created
virtualservice.networking.istio.io/bookinfo created
destinationrule.networking.istio.io/details-no-reuse created
destinationrule.networking.istio.io/ratings-no-reuse created
destinationrule.networking.istio.io/reviews-no-reuse created
Waiting for rollouts (timeout 2220s each):
  deployment.apps/details-v1
  deployment.apps/ratings-v1
  deployment.apps/reviews-v1
  deployment.apps/reviews-v2
  deployment.apps/reviews-v3
  deployment.apps/productpage-v1
Waiting for deployment "details-v1" rollout to finish: 0 of 32 replicas are ready...
Waiting for deployment "details-v1" rollout to finish: 14 of 32 replicas are ready...
Waiting for deployment "details-v1" rollout to finish: 31 of 32 replicas are ready...
deployment "details-v1" successfully rolled out (32/32 ready)
Waiting for deployment "ratings-v1" rollout to finish: 31 of 32 replicas are ready...
deployment "ratings-v1" successfully rolled out (32/32 ready)
deployment "reviews-v1" successfully rolled out (32/32 ready)
Waiting for deployment "reviews-v2" rollout to finish: 31 of 32 replicas are ready...
deployment "reviews-v2" successfully rolled out (32/32 ready)
deployment "reviews-v3" successfully rolled out (32/32 ready)
Waiting for deployment "productpage-v1" rollout to finish: 31 of 32 replicas are ready...
deployment "productpage-v1" successfully rolled out (32/32 ready)
pod/istiod-fb9866b9d-72mt2 condition met
pod/istio-ingressgateway-745cc59f79-7vw7h condition met
pod/istio-ingressgateway-745cc59f79-c7jdl condition met
pod/istio-ingressgateway-745cc59f79-jvj6c condition met
pod/istio-ingressgateway-745cc59f79-ltcs4 condition met
pod/istio-ingressgateway-745cc59f79-npr42 condition met
pod/istio-ingressgateway-745cc59f79-rw7dk condition met
pod/istio-ingressgateway-745cc59f79-shzzw condition met
pod/istio-ingressgateway-745cc59f79-spqgm condition met
pod/istio-ingressgateway-745cc59f79-vvzdd condition met
pod/istio-ingressgateway-745cc59f79-xshsz condition met
Ingress: 155.98.38.240:80
Strategy: st5-AttUpd | Tag: st5-AttUpd | Duration: 120 seconds | RPS: 1000
Results Directory: /users/apoudel/DeathStarBench/socialNetwork/20260909_202457/st5-AttUpd-120
Output File: /users/apoudel/DeathStarBench/socialNetwork/20260909_202457/st5-AttUpd-120/1000.txt
/users/apoudel/DeathStarBench/socialNetwork
[1;30;44mMazu:[0m Uninstalling Prometheus from istio-system....
Strategy: st5-AttUpd | Tag: st5-AttUpd | Duration: 120 seconds | RPS: 1000
Results Directory: /users/apoudel/DeathStarBench/socialNetwork/20260909_202457/st5-AttUpd-120
Output File: /users/apoudel/DeathStarBench/socialNetwork/20260909_202457/st5-AttUpd-120/1000.txt
/users/apoudel/DeathStarBench/socialNetwork
[1;30;44mMazu:[0m Installing Prometheus in istio-system....
serviceaccount/prometheus created
configmap/prometheus created
clusterrole.rbac.authorization.k8s.io/prometheus created
clusterrolebinding.rbac.authorization.k8s.io/prometheus created
service/prometheus created
deployment.apps/prometheus created
pod/prometheus-c9ff75ddb-ktf4s condition met
[1;30;44mMazu:[0m Prometheus is ready.
Waiting for Prometheus pod to be Running...
pod/prometheus-c9ff75ddb-ktf4s condition met
Forwarding from 127.0.0.1:9091 -> 9090
Forwarding from [::1]:9091 -> 9090
Waiting for Prometheus to be reachable at http://localhost:9091...
Handling connection for 9091
Prometheus is reachable at http://localhost:9091
--- Running RPS=100 for 120s ---
Running wrk2 with STRAT=st5-AttUpd, RPS=100, DURATION=120s. Output: /users/apoudel/DeathStarBench/socialNetwork/results/benchmark1.5b-replica-scale-09-09-26_173920/scale-32x/st5-AttUpd/100.txt
wrk2 results saved to /users/apoudel/DeathStarBench/socialNetwork/results/benchmark1.5b-replica-scale-09-09-26_173920/scale-32x/st5-AttUpd/100.txt
Collecting metrics from Prometheus (http://localhost:9091)
  Window: 2026-09-09 20:25:05 -> 2026-09-09 20:27:05 (120s)
  Output: /users/apoudel/DeathStarBench/socialNetwork/results/benchmark1.5b-replica-scale-09-09-26_173920/scale-32x/st5-AttUpd/metrics_100.json
Handling connection for 9091
Handling connection for 9091
Handling connection for 9091
Handling connection for 9091
Handling connection for 9091
Handling connection for 9091
Metrics saved to /users/apoudel/DeathStarBench/socialNetwork/results/benchmark1.5b-replica-scale-09-09-26_173920/scale-32x/st5-AttUpd/metrics_100.json
--- RPS=100 complete ---
--- Running RPS=200 for 120s ---
Running wrk2 with STRAT=st5-AttUpd, RPS=200, DURATION=120s. Output: /users/apoudel/DeathStarBench/socialNetwork/results/benchmark1.5b-replica-scale-09-09-26_173920/scale-32x/st5-AttUpd/200.txt
wrk2 results saved to /users/apoudel/DeathStarBench/socialNetwork/results/benchmark1.5b-replica-scale-09-09-26_173920/scale-32x/st5-AttUpd/200.txt
Collecting metrics from Prometheus (http://localhost:9091)
  Window: 2026-09-09 20:27:07 -> 2026-09-09 20:29:07 (120s)
  Output: /users/apoudel/DeathStarBench/socialNetwork/results/benchmark1.5b-replica-scale-09-09-26_173920/scale-32x/st5-AttUpd/metrics_200.json
Handling connection for 9091
Handling connection for 9091
Handling connection for 9091
Handling connection for 9091
Handling connection for 9091
Handling connection for 9091
Metrics saved to /users/apoudel/DeathStarBench/socialNetwork/results/benchmark1.5b-replica-scale-09-09-26_173920/scale-32x/st5-AttUpd/metrics_200.json
--- RPS=200 complete ---
--- Running RPS=400 for 120s ---
Running wrk2 with STRAT=st5-AttUpd, RPS=400, DURATION=120s. Output: /users/apoudel/DeathStarBench/socialNetwork/results/benchmark1.5b-replica-scale-09-09-26_173920/scale-32x/st5-AttUpd/400.txt
wrk2 results saved to /users/apoudel/DeathStarBench/socialNetwork/results/benchmark1.5b-replica-scale-09-09-26_173920/scale-32x/st5-AttUpd/400.txt
Collecting metrics from Prometheus (http://localhost:9091)
  Window: 2026-09-09 20:29:09 -> 2026-09-09 20:31:09 (120s)
  Output: /users/apoudel/DeathStarBench/socialNetwork/results/benchmark1.5b-replica-scale-09-09-26_173920/scale-32x/st5-AttUpd/metrics_400.json
Handling connection for 9091
Handling connection for 9091
Handling connection for 9091
Handling connection for 9091
Handling connection for 9091
Handling connection for 9091
Metrics saved to /users/apoudel/DeathStarBench/socialNetwork/results/benchmark1.5b-replica-scale-09-09-26_173920/scale-32x/st5-AttUpd/metrics_400.json
--- RPS=400 complete ---
--- Running RPS=800 for 120s ---
Running wrk2 with STRAT=st5-AttUpd, RPS=800, DURATION=120s. Output: /users/apoudel/DeathStarBench/socialNetwork/results/benchmark1.5b-replica-scale-09-09-26_173920/scale-32x/st5-AttUpd/800.txt
wrk2 results saved to /users/apoudel/DeathStarBench/socialNetwork/results/benchmark1.5b-replica-scale-09-09-26_173920/scale-32x/st5-AttUpd/800.txt
Collecting metrics from Prometheus (http://localhost:9091)
  Window: 2026-09-09 20:31:11 -> 2026-09-09 20:33:11 (120s)
  Output: /users/apoudel/DeathStarBench/socialNetwork/results/benchmark1.5b-replica-scale-09-09-26_173920/scale-32x/st5-AttUpd/metrics_800.json
Handling connection for 9091
Handling connection for 9091
Handling connection for 9091
Handling connection for 9091
Handling connection for 9091
Handling connection for 9091
Metrics saved to /users/apoudel/DeathStarBench/socialNetwork/results/benchmark1.5b-replica-scale-09-09-26_173920/scale-32x/st5-AttUpd/metrics_800.json
--- RPS=800 complete ---
--- Running RPS=1200 for 120s ---
Running wrk2 with STRAT=st5-AttUpd, RPS=1200, DURATION=120s. Output: /users/apoudel/DeathStarBench/socialNetwork/results/benchmark1.5b-replica-scale-09-09-26_173920/scale-32x/st5-AttUpd/1200.txt
wrk2 results saved to /users/apoudel/DeathStarBench/socialNetwork/results/benchmark1.5b-replica-scale-09-09-26_173920/scale-32x/st5-AttUpd/1200.txt
Collecting metrics from Prometheus (http://localhost:9091)
  Window: 2026-09-09 20:33:13 -> 2026-09-09 20:35:13 (120s)
  Output: /users/apoudel/DeathStarBench/socialNetwork/results/benchmark1.5b-replica-scale-09-09-26_173920/scale-32x/st5-AttUpd/metrics_1200.json
Handling connection for 9091
Handling connection for 9091
Handling connection for 9091
Handling connection for 9091
Handling connection for 9091
Handling connection for 9091
Metrics saved to /users/apoudel/DeathStarBench/socialNetwork/results/benchmark1.5b-replica-scale-09-09-26_173920/scale-32x/st5-AttUpd/metrics_1200.json
--- RPS=1200 complete ---
--- Running RPS=1600 for 120s ---
Running wrk2 with STRAT=st5-AttUpd, RPS=1600, DURATION=120s. Output: /users/apoudel/DeathStarBench/socialNetwork/results/benchmark1.5b-replica-scale-09-09-26_173920/scale-32x/st5-AttUpd/1600.txt
wrk2 results saved to /users/apoudel/DeathStarBench/socialNetwork/results/benchmark1.5b-replica-scale-09-09-26_173920/scale-32x/st5-AttUpd/1600.txt
Collecting metrics from Prometheus (http://localhost:9091)
  Window: 2026-09-09 20:35:15 -> 2026-09-09 20:37:15 (120s)
  Output: /users/apoudel/DeathStarBench/socialNetwork/results/benchmark1.5b-replica-scale-09-09-26_173920/scale-32x/st5-AttUpd/metrics_1600.json
Handling connection for 9091
Handling connection for 9091
Handling connection for 9091
Handling connection for 9091
Handling connection for 9091
Handling connection for 9091
Metrics saved to /users/apoudel/DeathStarBench/socialNetwork/results/benchmark1.5b-replica-scale-09-09-26_173920/scale-32x/st5-AttUpd/metrics_1600.json
--- RPS=1600 complete ---
--- Running RPS=2000 for 120s ---
Running wrk2 with STRAT=st5-AttUpd, RPS=2000, DURATION=120s. Output: /users/apoudel/DeathStarBench/socialNetwork/results/benchmark1.5b-replica-scale-09-09-26_173920/scale-32x/st5-AttUpd/2000.txt
wrk2 results saved to /users/apoudel/DeathStarBench/socialNetwork/results/benchmark1.5b-replica-scale-09-09-26_173920/scale-32x/st5-AttUpd/2000.txt
Collecting metrics from Prometheus (http://localhost:9091)
  Window: 2026-09-09 20:37:16 -> 2026-09-09 20:39:16 (120s)
  Output: /users/apoudel/DeathStarBench/socialNetwork/results/benchmark1.5b-replica-scale-09-09-26_173920/scale-32x/st5-AttUpd/metrics_2000.json
Handling connection for 9091
Handling connection for 9091
Handling connection for 9091
Handling connection for 9091
Handling connection for 9091
Handling connection for 9091
Metrics saved to /users/apoudel/DeathStarBench/socialNetwork/results/benchmark1.5b-replica-scale-09-09-26_173920/scale-32x/st5-AttUpd/metrics_2000.json
--- RPS=2000 complete ---
Strategy: st5-AttUpd | Tag: st5-AttUpd | Duration: 120 seconds | RPS: 2000
Results Directory: /users/apoudel/DeathStarBench/socialNetwork/20260909_203918/st5-AttUpd-120
Output File: /users/apoudel/DeathStarBench/socialNetwork/20260909_203918/st5-AttUpd-120/2000.txt
/users/apoudel/DeathStarBench/socialNetwork
[1;30;44mMazu:[0m Uninstalling Prometheus from istio-system....
serviceaccount "prometheus" deleted from istio-system namespace
configmap "prometheus" deleted from istio-system namespace
clusterrole.rbac.authorization.k8s.io "prometheus" deleted
clusterrolebinding.rbac.authorization.k8s.io "prometheus" deleted
service "prometheus" deleted from istio-system namespace
deployment.apps "prometheus" deleted from istio-system namespace
Generated /users/apoudel/DeathStarBench/socialNetwork/results/benchmark1.5b-replica-scale-09-09-26_173920/scale-32x/st5-AttUpd/cpu.dat and /users/apoudel/DeathStarBench/socialNetwork/results/benchmark1.5b-replica-scale-09-09-26_173920/scale-32x/st5-AttUpd/memory.dat
=== Benchmark 1.5b (no-scale) sweep completed at Wed Sep  9 08:39:18 PM MDT 2026 for st5-AttUpd ===
=== Benchmark 1.5b (no-scale) sweep started at Wed Sep  9 08:39:18 PM MDT 2026 for istio ===
Strategy: istio | Tag: st5-AttUpd | Duration: 120 seconds | RPS: 1000
Results Directory: /users/apoudel/DeathStarBench/socialNetwork/20260909_203918/istio-120
Output File: /users/apoudel/DeathStarBench/socialNetwork/20260909_203918/istio-120/1000.txt
/users/apoudel/DeathStarBench/socialNetwork
[1;30;44mMazu:[0m Uninstalling Bookinfo application....
service "details" deleted from default namespace
serviceaccount "bookinfo-details" deleted from default namespace
deployment.apps "details-v1" deleted from default namespace
service "ratings" deleted from default namespace
serviceaccount "bookinfo-ratings" deleted from default namespace
deployment.apps "ratings-v1" deleted from default namespace
service "reviews" deleted from default namespace
serviceaccount "bookinfo-reviews" deleted from default namespace
deployment.apps "reviews-v1" deleted from default namespace
deployment.apps "reviews-v2" deleted from default namespace
deployment.apps "reviews-v3" deleted from default namespace
service "productpage" deleted from default namespace
serviceaccount "bookinfo-productpage" deleted from default namespace
deployment.apps "productpage-v1" deleted from default namespace
gateway.networking.istio.io "bookinfo-gateway" deleted from default namespace
virtualservice.networking.istio.io "bookinfo" deleted from default namespace
Error from server (NotFound): error when deleting "/users/apoudel/DeathStarBench/socialNetwork/scratch/yaml/bf-hpa.yaml": horizontalpodautoscalers.autoscaling "details-hpa" not found
Error from server (NotFound): error when deleting "/users/apoudel/DeathStarBench/socialNetwork/scratch/yaml/bf-hpa.yaml": horizontalpodautoscalers.autoscaling "ratings-hpa" not found
Error from server (NotFound): error when deleting "/users/apoudel/DeathStarBench/socialNetwork/scratch/yaml/bf-hpa.yaml": horizontalpodautoscalers.autoscaling "reviews-v1-hpa" not found
Error from server (NotFound): error when deleting "/users/apoudel/DeathStarBench/socialNetwork/scratch/yaml/bf-hpa.yaml": horizontalpodautoscalers.autoscaling "reviews-v2-hpa" not found
Error from server (NotFound): error when deleting "/users/apoudel/DeathStarBench/socialNetwork/scratch/yaml/bf-hpa.yaml": horizontalpodautoscalers.autoscaling "reviews-v3-hpa" not found
Error from server (NotFound): error when deleting "/users/apoudel/DeathStarBench/socialNetwork/scratch/yaml/bf-hpa.yaml": horizontalpodautoscalers.autoscaling "productpage-hpa" not found
destinationrule.networking.istio.io "details-no-reuse" deleted from default namespace
destinationrule.networking.istio.io "ratings-no-reuse" deleted from default namespace
destinationrule.networking.istio.io "reviews-no-reuse" deleted from default namespace
pod/details-v1-5bff6c89bf-2n9jq condition met
pod/details-v1-5bff6c89bf-4c9pq condition met
pod/details-v1-5bff6c89bf-4jqft condition met
pod/details-v1-5bff6c89bf-5c67w condition met
pod/details-v1-5bff6c89bf-5prl9 condition met
pod/details-v1-5bff6c89bf-5w7xg condition met
pod/details-v1-5bff6c89bf-9pwzf condition met
pod/details-v1-5bff6c89bf-9thd4 condition met
pod/details-v1-5bff6c89bf-9vzb7 condition met
pod/details-v1-5bff6c89bf-b24rf condition met
pod/details-v1-5bff6c89bf-b2ck9 condition met
pod/details-v1-5bff6c89bf-bwkmr condition met
pod/details-v1-5bff6c89bf-bxv6m condition met
pod/details-v1-5bff6c89bf-g6f6g condition met
pod/details-v1-5bff6c89bf-g87wp condition met
pod/details-v1-5bff6c89bf-h8n44 condition met
pod/details-v1-5bff6c89bf-hbxx2 condition met
pod/details-v1-5bff6c89bf-jdz96 condition met
pod/details-v1-5bff6c89bf-jrfnc condition met
pod/details-v1-5bff6c89bf-l2f6d condition met
pod/details-v1-5bff6c89bf-l8qz4 condition met
pod/details-v1-5bff6c89bf-nq6sf condition met
pod/details-v1-5bff6c89bf-qhqwb condition met
pod/details-v1-5bff6c89bf-rxg59 condition met
pod/details-v1-5bff6c89bf-rzlml condition met
pod/details-v1-5bff6c89bf-sz4bq condition met
pod/details-v1-5bff6c89bf-tpkls condition met
pod/details-v1-5bff6c89bf-wbjs5 condition met
pod/details-v1-5bff6c89bf-wwlv8 condition met
pod/details-v1-5bff6c89bf-xmf5g condition met
pod/details-v1-5bff6c89bf-xnksk condition met
pod/details-v1-5bff6c89bf-z9cm6 condition met
pod/productpage-v1-5fbc448f49-42hrw condition met
pod/productpage-v1-5fbc448f49-4c9rl condition met
pod/productpage-v1-5fbc448f49-5lr54 condition met
pod/productpage-v1-5fbc448f49-5p42c condition met
pod/productpage-v1-5fbc448f49-88n9s condition met
pod/productpage-v1-5fbc448f49-8n87d condition met
pod/productpage-v1-5fbc448f49-8tbhl condition met
pod/productpage-v1-5fbc448f49-8xt4p condition met
pod/productpage-v1-5fbc448f49-9tm9l condition met
pod/productpage-v1-5fbc448f49-bl5v4 condition met
pod/productpage-v1-5fbc448f49-bp2sg condition met
pod/productpage-v1-5fbc448f49-cjw5r condition met
pod/productpage-v1-5fbc448f49-d5vs9 condition met
pod/productpage-v1-5fbc448f49-dlp79 condition met
pod/productpage-v1-5fbc448f49-dmmbl condition met
pod/productpage-v1-5fbc448f49-f68tv condition met
pod/productpage-v1-5fbc448f49-ftpmx condition met
pod/productpage-v1-5fbc448f49-jd2nz condition met
pod/productpage-v1-5fbc448f49-k9cb4 condition met
pod/productpage-v1-5fbc448f49-l4pwr condition met
pod/productpage-v1-5fbc448f49-lkbvm condition met
pod/productpage-v1-5fbc448f49-m5shm condition met
pod/productpage-v1-5fbc448f49-m92hq condition met
pod/productpage-v1-5fbc448f49-mbkjm condition met
pod/productpage-v1-5fbc448f49-mw7ss condition met
pod/productpage-v1-5fbc448f49-nblmt condition met
pod/productpage-v1-5fbc448f49-nckcf condition met
pod/productpage-v1-5fbc448f49-ncr99 condition met
pod/productpage-v1-5fbc448f49-s9947 condition met
pod/productpage-v1-5fbc448f49-skmfv condition met
pod/productpage-v1-5fbc448f49-xnx5j condition met
pod/productpage-v1-5fbc448f49-xqrm7 condition met
Strategy: istio | Tag: st5-AttUpd | Duration: 120 seconds | RPS: 1000
Results Directory: /users/apoudel/DeathStarBench/socialNetwork/20260909_203938/istio-120
Output File: /users/apoudel/DeathStarBench/socialNetwork/20260909_203938/istio-120/1000.txt
/users/apoudel/DeathStarBench/socialNetwork
All Istio resources will be pruned from the cluster

  Removed apps/v1, Kind=Deployment/istio-ingressgateway.istio-system.
  Removed apps/v1, Kind=Deployment/istiod.istio-system.
  Removed /v1, Kind=Service/istio-ingressgateway.istio-system.
  Removed /v1, Kind=Service/istiod.istio-system.
  Removed /v1, Kind=ConfigMap/istio.istio-system.
  Removed /v1, Kind=ConfigMap/istio-sidecar-injector.istio-system.
  Removed /v1, Kind=Pod/istio-ingressgateway-745cc59f79-7vw7h.istio-system.
  Removed /v1, Kind=Pod/istio-ingressgateway-745cc59f79-c7jdl.istio-system.
  Removed /v1, Kind=Pod/istio-ingressgateway-745cc59f79-jvj6c.istio-system.
  Removed /v1, Kind=Pod/istio-ingressgateway-745cc59f79-ltcs4.istio-system.
  Removed /v1, Kind=Pod/istio-ingressgateway-745cc59f79-npr42.istio-system.
  Removed /v1, Kind=Pod/istio-ingressgateway-745cc59f79-rw7dk.istio-system.
  Removed /v1, Kind=Pod/istio-ingressgateway-745cc59f79-shzzw.istio-system.
  Removed /v1, Kind=Pod/istio-ingressgateway-745cc59f79-spqgm.istio-system.
  Removed /v1, Kind=Pod/istio-ingressgateway-745cc59f79-vvzdd.istio-system.
  Removed /v1, Kind=Pod/istio-ingressgateway-745cc59f79-xshsz.istio-system.
  Removed /v1, Kind=Pod/istiod-fb9866b9d-72mt2.istio-system.
  Removed /v1, Kind=ServiceAccount/istio-ingressgateway-service-account.istio-system.
  Removed /v1, Kind=ServiceAccount/istio-reader-service-account.istio-system.
  Removed /v1, Kind=ServiceAccount/istiod.istio-system.
  Removed rbac.authorization.k8s.io/v1, Kind=RoleBinding/istio-ingressgateway-sds.istio-system.
  Removed rbac.authorization.k8s.io/v1, Kind=RoleBinding/istiod.istio-system.
  Removed rbac.authorization.k8s.io/v1, Kind=Role/istio-ingressgateway-sds.istio-system.
  Removed rbac.authorization.k8s.io/v1, Kind=Role/istiod.istio-system.
  Removed policy/v1, Kind=PodDisruptionBudget/istio-ingressgateway.istio-system.
  Removed policy/v1, Kind=PodDisruptionBudget/istiod.istio-system.
  Removed autoscaling/v2, Kind=HorizontalPodAutoscaler/istio-ingressgateway.istio-system.
  Removed autoscaling/v2, Kind=HorizontalPodAutoscaler/istiod.istio-system.
  Removed admissionregistration.k8s.io/v1, Kind=MutatingWebhookConfiguration/istio-revision-tag-default..
  Removed admissionregistration.k8s.io/v1, Kind=MutatingWebhookConfiguration/istio-sidecar-injector..
  Removed admissionregistration.k8s.io/v1, Kind=ValidatingWebhookConfiguration/istio-validator-istio-system..
  Removed admissionregistration.k8s.io/v1, Kind=ValidatingWebhookConfiguration/istiod-default-validator..
  Removed rbac.authorization.k8s.io/v1, Kind=ClusterRole/istio-reader-clusterrole-istio-system..
  Removed rbac.authorization.k8s.io/v1, Kind=ClusterRole/istiod-clusterrole-istio-system..
  Removed rbac.authorization.k8s.io/v1, Kind=ClusterRole/istiod-gateway-controller-istio-system..
  Removed rbac.authorization.k8s.io/v1, Kind=ClusterRoleBinding/istio-reader-clusterrole-istio-system..
  Removed rbac.authorization.k8s.io/v1, Kind=ClusterRoleBinding/istiod-clusterrole-istio-system..
  Removed rbac.authorization.k8s.io/v1, Kind=ClusterRoleBinding/istiod-gateway-controller-istio-system..
  Removed apiextensions.k8s.io/v1, Kind=CustomResourceDefinition/authorizationpolicies.security.istio.io..
  Removed apiextensions.k8s.io/v1, Kind=CustomResourceDefinition/destinationrules.networking.istio.io..
  Removed apiextensions.k8s.io/v1, Kind=CustomResourceDefinition/envoyfilters.networking.istio.io..
  Removed apiextensions.k8s.io/v1, Kind=CustomResourceDefinition/gateways.networking.istio.io..
  Removed apiextensions.k8s.io/v1, Kind=CustomResourceDefinition/peerauthentications.security.istio.io..
  Removed apiextensions.k8s.io/v1, Kind=CustomResourceDefinition/proxyconfigs.networking.istio.io..
  Removed apiextensions.k8s.io/v1, Kind=CustomResourceDefinition/requestauthentications.security.istio.io..
  Removed apiextensions.k8s.io/v1, Kind=CustomResourceDefinition/serviceentries.networking.istio.io..
  Removed apiextensions.k8s.io/v1, Kind=CustomResourceDefinition/sidecars.networking.istio.io..
  Removed apiextensions.k8s.io/v1, Kind=CustomResourceDefinition/telemetries.telemetry.istio.io..
  Removed apiextensions.k8s.io/v1, Kind=CustomResourceDefinition/virtualservices.networking.istio.io..
  Removed apiextensions.k8s.io/v1, Kind=CustomResourceDefinition/wasmplugins.extensions.istio.io..
  Removed apiextensions.k8s.io/v1, Kind=CustomResourceDefinition/workloadentries.networking.istio.io..
  Removed apiextensions.k8s.io/v1, Kind=CustomResourceDefinition/workloadgroups.networking.istio.io..

✔ Uninstall completelease.coordination.k8s.io "istiod-key-curator-leader" deleted from istio-system namespace
pod/istiod-fb9866b9d-72mt2 condition met
pod/istio-ingressgateway-745cc59f79-7vw7h condition met
pod/istio-ingressgateway-745cc59f79-c7jdl condition met
pod/istio-ingressgateway-745cc59f79-jvj6c condition met
pod/istio-ingressgateway-745cc59f79-ltcs4 condition met
pod/istio-ingressgateway-745cc59f79-npr42 condition met
pod/istio-ingressgateway-745cc59f79-rw7dk condition met
pod/istio-ingressgateway-745cc59f79-shzzw condition met
pod/istio-ingressgateway-745cc59f79-spqgm condition met
pod/istio-ingressgateway-745cc59f79-vvzdd condition met
pod/istio-ingressgateway-745cc59f79-xshsz condition met
pod "kube-apiserver-node-0" deleted from kube-system namespace
pod "kube-apiserver-node-1" deleted from kube-system namespace
API server count: 2. Waiting for all kube-apiserver pods to become Ready...
All kube-apiserver pods are Ready
Creating TPMs on all nodes...
Warning: Permanently added 'pc772.emulab.net' (ED25519) to the list of known hosts.
Warning: Permanently added 'pc772.emulab.net' (ED25519) to the list of known hosts.
--> Creating tpm state folder in /tpm/myvtpm2.
--> Creating tpm state folder in /tpm/myvtpm2.
--> Creating tpm with swtpm_setup.
--> Creating tpm with swtpm_setup.
Starting vTPM manufacturing as root:root @ Wed 09 Sep 2026 08:39:52 PM MDT
Apply profile: {"Name": "default-v1"}
TPM is listening on Unix socket.
Starting vTPM manufacturing as root:root @ Wed 09 Sep 2026 08:39:52 PM MDT
Apply profile: {"Name": "default-v1"}
TPM is listening on Unix socket.
Active profile: {"Name":"default-v1","StateFormatLevel":7,"Commands":"0x11f-0x122,0x124-0x12e,0x130-0x140,0x142-0x159,0x15b-0x15e,0x160-0x165,0x167-0x174,0x176-0x178,0x17a-0x193,0x197,0x199-0x19c","Algorithms":"rsa,rsa-min-size=1024,tdes,tdes-min-size=128,sha1,hmac,aes,aes-min-size=128,mgf1,keyedhash,xor,sha256,sha384,sha512,null,rsassa,rsaes,rsapss,oaep,ecdsa,ecdh,ecdaa,sm2,ecschnorr,ecmqv,kdf1-sp800-56a,kdf2,kdf1-sp800-108,ecc,ecc-min-size=192,ecc-nist,ecc-bn,ecc-sm2-p256,symcipher,camellia,camellia-min-size=128,cmac,ctr,ofb,cbc,cfb,ecb","Description":"This profile enables all libtpms v0.10-supported commands and algorithms. This profile is compatible with libtpms >= v0.10."}
Active profile: {"Name":"default-v1","StateFormatLevel":7,"Commands":"0x11f-0x122,0x124-0x12e,0x130-0x140,0x142-0x159,0x15b-0x15e,0x160-0x165,0x167-0x174,0x176-0x178,0x17a-0x193,0x197,0x199-0x19c","Algorithms":"rsa,rsa-min-size=1024,tdes,tdes-min-size=128,sha1,hmac,aes,aes-min-size=128,mgf1,keyedhash,xor,sha256,sha384,sha512,null,rsassa,rsaes,rsapss,oaep,ecdsa,ecdh,ecdaa,sm2,ecschnorr,ecmqv,kdf1-sp800-56a,kdf2,kdf1-sp800-108,ecc,ecc-min-size=192,ecc-nist,ecc-bn,ecc-sm2-p256,symcipher,camellia,camellia-min-size=128,cmac,ctr,ofb,cbc,cfb,ecb","Description":"This profile enables all libtpms v0.10-supported commands and algorithms. This profile is compatible with libtpms >= v0.10."}
Successfully created RSA 2048 EK with handle 0x81010001.
  Invoking /usr/bin/swtpm_localca --type ek --ek cecaf7ebf7dbd130aacab013c9e1b408192a30b3332c5b2df21aa676d9bd3e14e7aab70d580a0e1889f74bb23e98da91525ee0ba10dbd4e593485461acae91cd0b61561ef44cc255dc609e8b372374341b56f635adc1961db4dfc78f4168d9c242a8f741d3167914a4f81edb77f681749ad9452f65429d77038579e7227df4cae90c4fd30a7afcc29c2fcac37b2a997b795ad6207cc3b7a3820c06cb6b11e9fe61fa5ebe703c923451c2eecf2bb592c2a9009c56eff02e225a90ad1d942fd56aab2fdcf7cdca424a61b51bbed84b642b79b2875025637df4c5a0ce32af855c3c17772162e37e5878cbe87fe4c22882299021a481a3d10b8911d32af054378457 --dir /tmp/swtpm_setup.certs.SAPKV3 --tpm-spec-family 2.0 --tpm-spec-level 0 --tpm-spec-revision 183 --tpm-manufacturer id:00001014 --tpm-model swtpm --tpm-version id:20240125 --tpm2 --configfile /etc/swtpm-localca.conf --optsfile /etc/swtpm-localca.options
swtpm_localca: Successfully created EK certificate locally.
  Invoking /usr/bin/swtpm_localca --type platform --ek cecaf7ebf7dbd130aacab013c9e1b408192a30b3332c5b2df21aa676d9bd3e14e7aab70d580a0e1889f74bb23e98da91525ee0ba10dbd4e593485461acae91cd0b61561ef44cc255dc609e8b372374341b56f635adc1961db4dfc78f4168d9c242a8f741d3167914a4f81edb77f681749ad9452f65429d77038579e7227df4cae90c4fd30a7afcc29c2fcac37b2a997b795ad6207cc3b7a3820c06cb6b11e9fe61fa5ebe703c923451c2eecf2bb592c2a9009c56eff02e225a90ad1d942fd56aab2fdcf7cdca424a61b51bbed84b642b79b2875025637df4c5a0ce32af855c3c17772162e37e5878cbe87fe4c22882299021a481a3d10b8911d32af054378457 --dir /tmp/swtpm_setup.certs.SAPKV3 --tpm-spec-family 2.0 --tpm-spec-level 0 --tpm-spec-revision 183 --tpm-manufacturer id:00001014 --tpm-model swtpm --tpm-version id:20240125 --tpm2 --configfile /etc/swtpm-localca.conf --optsfile /etc/swtpm-localca.options
swtpm_localca: Successfully created platform certificate locally.
Successfully created NVRAM area 0x1c00002 for RSA 2048 EK certificate.
Successfully created NVRAM area 0x1c08000 for platform certificate.
Successfully created ECC EK with handle 0x81010016.
  Invoking /usr/bin/swtpm_localca --type ek --ek x=b7655baca354cc0ecf82242586d7ce15e286832b5262981ed69b7b2bf341b83432177b3e2f4ab72648041600cb9b7a5d,y=091f583edb5b502092b1bdeb14f80b832623113f257c59c3d8aa9b3b60261441ba25a68553f6357476b26a2a12267201,id=secp384r1 --dir /tmp/swtpm_setup.certs.SAPKV3 --tpm-spec-family 2.0 --tpm-spec-level 0 --tpm-spec-revision 183 --tpm-manufacturer id:00001014 --tpm-model swtpm --tpm-version id:20240125 --tpm2 --configfile /etc/swtpm-localca.conf --optsfile /etc/swtpm-localca.options
swtpm_localca: Successfully created EK certificate locally.
Successfully created NVRAM area 0x1c00016 for ECC EK certificate.
Successfully activated PCR banks sha256 among sha1,sha256,sha384,sha512.
Successfully authored TPM state.
Ending vTPM manufacturing @ Wed 09 Sep 2026 08:39:52 PM MDT
Successfully created RSA 2048 EK with handle 0x81010001.
  Invoking /usr/bin/swtpm_localca --type ek --ek b6b7006e0f0707e66c60d8c834a1517229aa03eca886a20977c5c61174b862c6c81ee8cda0fb392aec650721c37b941b34f2efa28818d2c63e2d3cb4f10a033ff4bc9fd23b962f3bc13b78ba7f168ce07b3ea7aac58e08564e820a3dcdeba17febc94e0c213baa3d7a24dea06f23a4586e33282ee636186078e6fe6ad18724e309c5774a7c2f4f0cac2d8265f9b62a4eacecab47c6ee1ab0cb023a2564e9ccd610b543978880fd2daf8d0ca3a2978897e2f7833ced6bf8c9eb501843638f9da4a952d231752b48b2b7bf0292617a7f60fcb46d36bfaecae8a18643b986e25582758658c704eb975ace2ed4466c680084700c137ac26be19e9e46d62e03722d47 --dir /tmp/swtpm_setup.certs.15TKV3 --tpm-spec-family 2.0 --tpm-spec-level 0 --tpm-spec-revision 183 --tpm-manufacturer id:00001014 --tpm-model swtpm --tpm-version id:20240125 --tpm2 --configfile /etc/swtpm-localca.conf --optsfile /etc/swtpm-localca.options
swtpm_localca: Successfully created EK certificate locally.
  Invoking /usr/bin/swtpm_localca --type platform --ek b6b7006e0f0707e66c60d8c834a1517229aa03eca886a20977c5c61174b862c6c81ee8cda0fb392aec650721c37b941b34f2efa28818d2c63e2d3cb4f10a033ff4bc9fd23b962f3bc13b78ba7f168ce07b3ea7aac58e08564e820a3dcdeba17febc94e0c213baa3d7a24dea06f23a4586e33282ee636186078e6fe6ad18724e309c5774a7c2f4f0cac2d8265f9b62a4eacecab47c6ee1ab0cb023a2564e9ccd610b543978880fd2daf8d0ca3a2978897e2f7833ced6bf8c9eb501843638f9da4a952d231752b48b2b7bf0292617a7f60fcb46d36bfaecae8a18643b986e25582758658c704eb975ace2ed4466c680084700c137ac26be19e9e46d62e03722d47 --dir /tmp/swtpm_setup.certs.15TKV3 --tpm-spec-family 2.0 --tpm-spec-level 0 --tpm-spec-revision 183 --tpm-manufacturer id:00001014 --tpm-model swtpm --tpm-version id:20240125 --tpm2 --configfile /etc/swtpm-localca.conf --optsfile /etc/swtpm-localca.options
swtpm_localca: Successfully created platform certificate locally.
Successfully created NVRAM area 0x1c00002 for RSA 2048 EK certificate.
Successfully created NVRAM area 0x1c08000 for platform certificate.
Successfully created ECC EK with handle 0x81010016.
  Invoking /usr/bin/swtpm_localca --type ek --ek x=a98b112c38f343f47f257d4723202d42bab445015c6a1dc886bdd9f3d6c84220d1a3e5365b1382e3a2c3e4019b48645e,y=068defb553e85289be78a2678674072aa942f5c3c21c8a539eed46065cbe1c176780a5a99152264a64c667fdde9f88a6,id=secp384r1 --dir /tmp/swtpm_setup.certs.15TKV3 --tpm-spec-family 2.0 --tpm-spec-level 0 --tpm-spec-revision 183 --tpm-manufacturer id:00001014 --tpm-model swtpm --tpm-version id:20240125 --tpm2 --configfile /etc/swtpm-localca.conf --optsfile /etc/swtpm-localca.options
swtpm_localca: Successfully created EK certificate locally.
Successfully created NVRAM area 0x1c00016 for ECC EK certificate.
Successfully activated PCR banks sha256 among sha1,sha256,sha384,sha512.
Successfully authored TPM state.
Ending vTPM manufacturing @ Wed 09 Sep 2026 08:39:52 PM MDT
--> Creating /dev/tpmrm0 device with swtpm_cuse.
--> Creating /dev/tpmrm0 device with swtpm_cuse.
TPMs created on all nodes
Using strategy: istio
Unknown strategy: istio
Deploying Mazu ConfigMap to namespace: default
configmap "mazu-config" deleted from default namespace
configmap/mazu-config created
Deploying Mazu ConfigMap to namespace: istio-system
configmap "mazu-config" deleted from istio-system namespace
configmap/mazu-config created
Deploying RBE PP ConfigMap to namespace: default
configmap "rbe-pp" deleted from default namespace
configmap/rbe-pp created
Deploying RBE PP ConfigMap to namespace: istio-system
configmap "rbe-pp" deleted from istio-system namespace
configmap/rbe-pp created
Strategy: istio | Tag: st5-AttUpd | Duration: 120 seconds | RPS: 1000
Results Directory: /users/apoudel/DeathStarBench/socialNetwork/20260909_204055/istio-120
Output File: /users/apoudel/DeathStarBench/socialNetwork/20260909_204055/istio-120/1000.txt
/users/apoudel/DeathStarBench/socialNetwork
[1;30;44mMazu:[0m Installing Istio....
        |\          
        | \         
        |  \        
        |   \       
      /||    \      
     / ||     \     
    /  ||      \    
   /   ||       \   
  /    ||        \  
 /     ||         \ 
/______||__________\
____________________
  \__       _____/  
     \_____/        

WARNING: Istio 1.24.0 may be out of support (EOL) already: see https://istio.io/latest/docs/releases/supported-releases/ for supported releases

- Processing resources for Istio core.
- Processing resources for Istio core. Waiting for CustomResourceDefinition/, CustomResourceDefin...
✔ Istio core installed ⛵️
- Processing resources for Istiod.
- Processing resources for Istiod. Waiting for Deployment/istio-system/istiod
✔ Istiod installed 🧠
- Processing resources for Ingress gateways.
- Processing resources for Ingress gateways. Waiting for Deployment/istio-system/istio-ingressgat...
✔ Ingress gateways installed 🛬
- Pruning removed resources
✔ Installation completenamespace/default not labeled
peerauthentication.security.istio.io/default created
service/details created
serviceaccount/bookinfo-details created
deployment.apps/details-v1 created
service/ratings created
serviceaccount/bookinfo-ratings created
deployment.apps/ratings-v1 created
service/reviews created
serviceaccount/bookinfo-reviews created
deployment.apps/reviews-v1 created
deployment.apps/reviews-v2 created
deployment.apps/reviews-v3 created
service/productpage created
serviceaccount/bookinfo-productpage created
deployment.apps/productpage-v1 created
gateway.networking.istio.io/bookinfo-gateway created
virtualservice.networking.istio.io/bookinfo created
destinationrule.networking.istio.io/details-no-reuse created
destinationrule.networking.istio.io/ratings-no-reuse created
destinationrule.networking.istio.io/reviews-no-reuse created
Waiting for rollouts (timeout 2220s each):
  deployment.apps/details-v1
  deployment.apps/ratings-v1
  deployment.apps/reviews-v1
  deployment.apps/reviews-v2
  deployment.apps/reviews-v3
  deployment.apps/productpage-v1
Waiting for deployment "details-v1" rollout to finish: 0 of 32 replicas are ready...
Waiting for deployment "details-v1" rollout to finish: 29 of 32 replicas are ready...
deployment "details-v1" successfully rolled out (32/32 ready)
Waiting for deployment "ratings-v1" rollout to finish: 30 of 32 replicas are ready...
deployment "ratings-v1" successfully rolled out (32/32 ready)
Waiting for deployment "reviews-v1" rollout to finish: 27 of 32 replicas are ready...
deployment "reviews-v1" successfully rolled out (32/32 ready)
Waiting for deployment "reviews-v2" rollout to finish: 31 of 32 replicas are ready...
deployment "reviews-v2" successfully rolled out (32/32 ready)
deployment "reviews-v3" successfully rolled out (32/32 ready)
Waiting for deployment "productpage-v1" rollout to finish: 31 of 32 replicas are ready...
deployment "productpage-v1" successfully rolled out (32/32 ready)
pod/istiod-8574d68d5c-zdt84 condition met
pod/istio-ingressgateway-75fb7d94d9-d55mb condition met
Ingress: 155.98.38.240:80
Strategy: istio | Tag: st5-AttUpd | Duration: 120 seconds | RPS: 1000
Results Directory: /users/apoudel/DeathStarBench/socialNetwork/20260909_204139/istio-120
Output File: /users/apoudel/DeathStarBench/socialNetwork/20260909_204139/istio-120/1000.txt
/users/apoudel/DeathStarBench/socialNetwork
[1;30;44mMazu:[0m Uninstalling Prometheus from istio-system....
Strategy: istio | Tag: st5-AttUpd | Duration: 120 seconds | RPS: 1000
Results Directory: /users/apoudel/DeathStarBench/socialNetwork/20260909_204139/istio-120
Output File: /users/apoudel/DeathStarBench/socialNetwork/20260909_204139/istio-120/1000.txt
/users/apoudel/DeathStarBench/socialNetwork
[1;30;44mMazu:[0m Installing Prometheus in istio-system....
serviceaccount/prometheus created
configmap/prometheus created
clusterrole.rbac.authorization.k8s.io/prometheus created
clusterrolebinding.rbac.authorization.k8s.io/prometheus created
service/prometheus created
deployment.apps/prometheus created
pod/prometheus-c9ff75ddb-tplbb condition met
[1;30;44mMazu:[0m Prometheus is ready.
Waiting for Prometheus pod to be Running...
pod/prometheus-c9ff75ddb-tplbb condition met
Forwarding from 127.0.0.1:9091 -> 9090
Forwarding from [::1]:9091 -> 9090
Waiting for Prometheus to be reachable at http://localhost:9091...
Handling connection for 9091
Prometheus is reachable at http://localhost:9091
--- Running RPS=100 for 120s ---
Running wrk2 with STRAT=istio, RPS=100, DURATION=120s. Output: /users/apoudel/DeathStarBench/socialNetwork/results/benchmark1.5b-replica-scale-09-09-26_173920/scale-32x/istio/100.txt
wrk2 results saved to /users/apoudel/DeathStarBench/socialNetwork/results/benchmark1.5b-replica-scale-09-09-26_173920/scale-32x/istio/100.txt
Collecting metrics from Prometheus (http://localhost:9091)
  Window: 2026-09-09 20:41:47 -> 2026-09-09 20:43:47 (120s)
  Output: /users/apoudel/DeathStarBench/socialNetwork/results/benchmark1.5b-replica-scale-09-09-26_173920/scale-32x/istio/metrics_100.json
Handling connection for 9091
Handling connection for 9091
Handling connection for 9091
Handling connection for 9091
Handling connection for 9091
Handling connection for 9091
Metrics saved to /users/apoudel/DeathStarBench/socialNetwork/results/benchmark1.5b-replica-scale-09-09-26_173920/scale-32x/istio/metrics_100.json
--- RPS=100 complete ---
--- Running RPS=200 for 120s ---
Running wrk2 with STRAT=istio, RPS=200, DURATION=120s. Output: /users/apoudel/DeathStarBench/socialNetwork/results/benchmark1.5b-replica-scale-09-09-26_173920/scale-32x/istio/200.txt
wrk2 results saved to /users/apoudel/DeathStarBench/socialNetwork/results/benchmark1.5b-replica-scale-09-09-26_173920/scale-32x/istio/200.txt
Collecting metrics from Prometheus (http://localhost:9091)
  Window: 2026-09-09 20:43:49 -> 2026-09-09 20:45:49 (120s)
  Output: /users/apoudel/DeathStarBench/socialNetwork/results/benchmark1.5b-replica-scale-09-09-26_173920/scale-32x/istio/metrics_200.json
Handling connection for 9091
Handling connection for 9091
Handling connection for 9091
Handling connection for 9091
Handling connection for 9091
Handling connection for 9091
Metrics saved to /users/apoudel/DeathStarBench/socialNetwork/results/benchmark1.5b-replica-scale-09-09-26_173920/scale-32x/istio/metrics_200.json
--- RPS=200 complete ---
--- Running RPS=400 for 120s ---
Running wrk2 with STRAT=istio, RPS=400, DURATION=120s. Output: /users/apoudel/DeathStarBench/socialNetwork/results/benchmark1.5b-replica-scale-09-09-26_173920/scale-32x/istio/400.txt
wrk2 results saved to /users/apoudel/DeathStarBench/socialNetwork/results/benchmark1.5b-replica-scale-09-09-26_173920/scale-32x/istio/400.txt
Collecting metrics from Prometheus (http://localhost:9091)
  Window: 2026-09-09 20:45:51 -> 2026-09-09 20:47:51 (120s)
  Output: /users/apoudel/DeathStarBench/socialNetwork/results/benchmark1.5b-replica-scale-09-09-26_173920/scale-32x/istio/metrics_400.json
Handling connection for 9091
Handling connection for 9091
Handling connection for 9091
Handling connection for 9091
Handling connection for 9091
Handling connection for 9091
Metrics saved to /users/apoudel/DeathStarBench/socialNetwork/results/benchmark1.5b-replica-scale-09-09-26_173920/scale-32x/istio/metrics_400.json
--- RPS=400 complete ---
--- Running RPS=800 for 120s ---
Running wrk2 with STRAT=istio, RPS=800, DURATION=120s. Output: /users/apoudel/DeathStarBench/socialNetwork/results/benchmark1.5b-replica-scale-09-09-26_173920/scale-32x/istio/800.txt
wrk2 results saved to /users/apoudel/DeathStarBench/socialNetwork/results/benchmark1.5b-replica-scale-09-09-26_173920/scale-32x/istio/800.txt
Collecting metrics from Prometheus (http://localhost:9091)
  Window: 2026-09-09 20:47:52 -> 2026-09-09 20:49:52 (120s)
  Output: /users/apoudel/DeathStarBench/socialNetwork/results/benchmark1.5b-replica-scale-09-09-26_173920/scale-32x/istio/metrics_800.json
Handling connection for 9091
Handling connection for 9091
Handling connection for 9091
Handling connection for 9091
Handling connection for 9091
Handling connection for 9091
Metrics saved to /users/apoudel/DeathStarBench/socialNetwork/results/benchmark1.5b-replica-scale-09-09-26_173920/scale-32x/istio/metrics_800.json
--- RPS=800 complete ---
--- Running RPS=1200 for 120s ---
Running wrk2 with STRAT=istio, RPS=1200, DURATION=120s. Output: /users/apoudel/DeathStarBench/socialNetwork/results/benchmark1.5b-replica-scale-09-09-26_173920/scale-32x/istio/1200.txt
wrk2 results saved to /users/apoudel/DeathStarBench/socialNetwork/results/benchmark1.5b-replica-scale-09-09-26_173920/scale-32x/istio/1200.txt
Collecting metrics from Prometheus (http://localhost:9091)
  Window: 2026-09-09 20:49:54 -> 2026-09-09 20:51:54 (120s)
  Output: /users/apoudel/DeathStarBench/socialNetwork/results/benchmark1.5b-replica-scale-09-09-26_173920/scale-32x/istio/metrics_1200.json
Handling connection for 9091
Handling connection for 9091
Handling connection for 9091
Handling connection for 9091
Handling connection for 9091
Handling connection for 9091
Metrics saved to /users/apoudel/DeathStarBench/socialNetwork/results/benchmark1.5b-replica-scale-09-09-26_173920/scale-32x/istio/metrics_1200.json
--- RPS=1200 complete ---
--- Running RPS=1600 for 120s ---
Running wrk2 with STRAT=istio, RPS=1600, DURATION=120s. Output: /users/apoudel/DeathStarBench/socialNetwork/results/benchmark1.5b-replica-scale-09-09-26_173920/scale-32x/istio/1600.txt
wrk2 results saved to /users/apoudel/DeathStarBench/socialNetwork/results/benchmark1.5b-replica-scale-09-09-26_173920/scale-32x/istio/1600.txt
Collecting metrics from Prometheus (http://localhost:9091)
  Window: 2026-09-09 20:51:56 -> 2026-09-09 20:53:56 (120s)
  Output: /users/apoudel/DeathStarBench/socialNetwork/results/benchmark1.5b-replica-scale-09-09-26_173920/scale-32x/istio/metrics_1600.json
Handling connection for 9091
Handling connection for 9091
Handling connection for 9091
Handling connection for 9091
Handling connection for 9091
Handling connection for 9091
Metrics saved to /users/apoudel/DeathStarBench/socialNetwork/results/benchmark1.5b-replica-scale-09-09-26_173920/scale-32x/istio/metrics_1600.json
--- RPS=1600 complete ---
--- Running RPS=2000 for 120s ---
Running wrk2 with STRAT=istio, RPS=2000, DURATION=120s. Output: /users/apoudel/DeathStarBench/socialNetwork/results/benchmark1.5b-replica-scale-09-09-26_173920/scale-32x/istio/2000.txt
wrk2 results saved to /users/apoudel/DeathStarBench/socialNetwork/results/benchmark1.5b-replica-scale-09-09-26_173920/scale-32x/istio/2000.txt
Collecting metrics from Prometheus (http://localhost:9091)
  Window: 2026-09-09 20:53:58 -> 2026-09-09 20:55:58 (120s)
  Output: /users/apoudel/DeathStarBench/socialNetwork/results/benchmark1.5b-replica-scale-09-09-26_173920/scale-32x/istio/metrics_2000.json
Handling connection for 9091
Handling connection for 9091
Handling connection for 9091
Handling connection for 9091
Handling connection for 9091
Handling connection for 9091
Metrics saved to /users/apoudel/DeathStarBench/socialNetwork/results/benchmark1.5b-replica-scale-09-09-26_173920/scale-32x/istio/metrics_2000.json
--- RPS=2000 complete ---
Strategy: istio | Tag: st5-AttUpd | Duration: 120 seconds | RPS: 2000
Results Directory: /users/apoudel/DeathStarBench/socialNetwork/20260909_205600/istio-120
Output File: /users/apoudel/DeathStarBench/socialNetwork/20260909_205600/istio-120/2000.txt
/users/apoudel/DeathStarBench/socialNetwork
[1;30;44mMazu:[0m Uninstalling Prometheus from istio-system....
serviceaccount "prometheus" deleted from istio-system namespace
configmap "prometheus" deleted from istio-system namespace
clusterrole.rbac.authorization.k8s.io "prometheus" deleted
clusterrolebinding.rbac.authorization.k8s.io "prometheus" deleted
service "prometheus" deleted from istio-system namespace
deployment.apps "prometheus" deleted from istio-system namespace
Generated /users/apoudel/DeathStarBench/socialNetwork/results/benchmark1.5b-replica-scale-09-09-26_173920/scale-32x/istio/cpu.dat and /users/apoudel/DeathStarBench/socialNetwork/results/benchmark1.5b-replica-scale-09-09-26_173920/scale-32x/istio/memory.dat
=== Benchmark 1.5b (no-scale) sweep completed at Wed Sep  9 08:56:00 PM MDT 2026 for istio ===
Wrote /users/apoudel/DeathStarBench/socialNetwork/results/benchmark1.5b-replica-scale-09-09-26_173920/scale-32x/istio/latency.dat (7 entries)
Wrote /users/apoudel/DeathStarBench/socialNetwork/results/benchmark1.5b-replica-scale-09-09-26_173920/scale-32x/st5-AttUpd/latency.dat (7 entries)
Wrote /users/apoudel/DeathStarBench/socialNetwork/results/benchmark1.5b-replica-scale-09-09-26_173920/scale-32x/cpu_combined.dat (7 blocks: [100, 200, 400, 800, 1200, 1600, 2000])
Wrote /users/apoudel/DeathStarBench/socialNetwork/results/benchmark1.5b-replica-scale-09-09-26_173920/scale-32x/memory_combined.dat (7 blocks: [100, 200, 400, 800, 1200, 1600, 2000])
Wrote /users/apoudel/DeathStarBench/socialNetwork/results/benchmark1.5b-replica-scale-09-09-26_173920/scale-32x/latency_combined.dat (7 QPS levels)
Wrote /users/apoudel/DeathStarBench/socialNetwork/results/benchmark1.5b-replica-scale-09-09-26_173920/scale-32x/rps_vals.gpi (7 rps values)
=== All benchmark 1.5b (no-scale) sweep runs complete. Results in /users/apoudel/DeathStarBench/socialNetwork/results/benchmark1.5b-replica-scale-09-09-26_173920/scale-32x ===
[2026-09-09 20:56:00] --- scale 32x ok ---
[2026-09-09 20:56:00] Generating cross-scale Istio-vs-Mazu plots...
    1x  Istio  @   100 RPS  p50=   45.15ms p90=   64.38ms p99=    93.57ms  never_completed=  4.53% of offered  timeouts=1686 non_2xx=0  <-- FLAGGED
    1x  Istio  @   200 RPS  p50=  638.46ms p90= 2300.00ms p99=  4670.00ms  never_completed=  5.15% of offered  timeouts=381 non_2xx=0  <-- FLAGGED
    1x  Istio  @   400 RPS  p50=31920.00ms p90=54600.00ms p99= 63000.00ms  never_completed= 50.42% of offered  timeouts=19 non_2xx=0  <-- FLAGGED
    1x  Istio  @   800 RPS  p50=48430.00ms p90=81000.00ms p99= 89400.00ms  never_completed= 74.69% of offered  timeouts=0 non_2xx=0  <-- FLAGGED
    1x  Istio  @  1200 RPS  p50=54000.00ms p90=91200.00ms p99= 99600.00ms  never_completed= 83.60% of offered  timeouts=0 non_2xx=0  <-- FLAGGED
    1x  Istio  @  1600 RPS  p50=55800.00ms p90=94200.00ms p99=103800.00ms  never_completed= 87.35% of offered  timeouts=0 non_2xx=0  <-- FLAGGED
    1x  Istio  @  2000 RPS  p50=58200.00ms p90=97200.00ms p99=107400.00ms  never_completed= 90.23% of offered  timeouts=0 non_2xx=1  <-- FLAGGED
    1x  Mazu   @   100 RPS  p50=   46.27ms p90=   64.83ms p99=    91.84ms  never_completed=  4.56% of offered  timeouts=1712 non_2xx=1  <-- FLAGGED
    1x  Mazu   @   200 RPS  p50=  336.13ms p90=  967.17ms p99=  2300.00ms  never_completed=  5.20% of offered  timeouts=385 non_2xx=2  <-- FLAGGED
    1x  Mazu   @   400 RPS  p50=33060.00ms p90=54600.00ms p99= 63000.00ms  never_completed= 50.44% of offered  timeouts=19 non_2xx=0  <-- FLAGGED
    1x  Mazu   @   800 RPS  p50=48690.00ms p90=81600.00ms p99= 90000.00ms  never_completed= 75.03% of offered  timeouts=0 non_2xx=0  <-- FLAGGED
    1x  Mazu   @  1200 RPS  p50=54600.00ms p90=90600.00ms p99= 99600.00ms  never_completed= 83.31% of offered  timeouts=0 non_2xx=0  <-- FLAGGED
    1x  Mazu   @  1600 RPS  p50=57600.00ms p90=95400.00ms p99=103800.00ms  never_completed= 87.17% of offered  timeouts=0 non_2xx=0  <-- FLAGGED
    1x  Mazu   @  2000 RPS  p50=58200.00ms p90=97800.00ms p99=106800.00ms  never_completed= 89.63% of offered  timeouts=0 non_2xx=0  <-- FLAGGED
    2x  Istio  @   100 RPS  p50=   48.70ms p90=   62.08ms p99=    86.08ms  never_completed=  4.52% of offered  timeouts=1686 non_2xx=0  <-- FLAGGED
    2x  Istio  @   200 RPS  p50=   47.78ms p90=   67.26ms p99=   100.29ms  never_completed=  4.80% of offered  timeouts=388 non_2xx=0  <-- FLAGGED
    2x  Istio  @   400 RPS  p50= 4990.00ms p90=11100.00ms p99= 17470.00ms  never_completed=  8.75% of offered  timeouts=20 non_2xx=2  <-- FLAGGED
    2x  Istio  @   800 RPS  p50=35390.00ms p90=58800.00ms p99= 66600.00ms  never_completed= 54.61% of offered  timeouts=0 non_2xx=6  <-- FLAGGED
    2x  Istio  @  1200 RPS  p50=45320.00ms p90=75000.00ms p99= 82800.00ms  never_completed= 69.07% of offered  timeouts=0 non_2xx=3  <-- FLAGGED
    2x  Istio  @  1600 RPS  p50=50100.00ms p90=83400.00ms p99= 91800.00ms  never_completed= 77.00% of offered  timeouts=0 non_2xx=1  <-- FLAGGED
    2x  Istio  @  2000 RPS  p50=52800.00ms p90=88200.00ms p99= 97200.00ms  never_completed= 81.41% of offered  timeouts=0 non_2xx=5  <-- FLAGGED
    2x  Mazu   @   100 RPS  p50=   49.92ms p90=   65.73ms p99=    91.78ms  never_completed=  4.54% of offered  timeouts=1685 non_2xx=0  <-- FLAGGED
    2x  Mazu   @   200 RPS  p50=   49.50ms p90=   71.55ms p99=   107.58ms  never_completed=  4.78% of offered  timeouts=374 non_2xx=0  <-- FLAGGED
    2x  Mazu   @   400 RPS  p50= 4130.00ms p90= 9790.00ms p99= 15470.00ms  never_completed=  7.09% of offered  timeouts=19 non_2xx=6  <-- FLAGGED
    2x  Mazu   @   800 RPS  p50=34570.00ms p90=58200.00ms p99= 65400.00ms  never_completed= 53.42% of offered  timeouts=0 non_2xx=5  <-- FLAGGED
    2x  Mazu   @  1200 RPS  p50=44470.00ms p90=75000.00ms p99= 82200.00ms  never_completed= 68.44% of offered  timeouts=0 non_2xx=8  <-- FLAGGED
    2x  Mazu   @  1600 RPS  p50=49410.00ms p90=82800.00ms p99= 90600.00ms  never_completed= 75.85% of offered  timeouts=0 non_2xx=4  <-- FLAGGED
    2x  Mazu   @  2000 RPS  p50=54000.00ms p90=89400.00ms p99= 97200.00ms  never_completed= 81.44% of offered  timeouts=0 non_2xx=4  <-- FLAGGED
    4x  Istio  @   100 RPS  p50=   49.79ms p90=   59.84ms p99=    89.34ms  never_completed=  4.53% of offered  timeouts=1684 non_2xx=0  <-- FLAGGED
    4x  Istio  @   200 RPS  p50=   49.98ms p90=   63.78ms p99=    98.56ms  never_completed=  4.78% of offered  timeouts=368 non_2xx=0  <-- FLAGGED
    4x  Istio  @   400 RPS  p50=   49.22ms p90=   76.35ms p99=   121.09ms  never_completed=  0.56% of offered  timeouts=20 non_2xx=2
    4x  Istio  @   800 RPS  p50= 6290.00ms p90=13570.00ms p99= 18300.00ms  never_completed= 11.40% of offered  timeouts=0 non_2xx=6  <-- FLAGGED
    4x  Istio  @  1200 RPS  p50=25510.00ms p90=42430.00ms p99= 49280.00ms  never_completed= 38.75% of offered  timeouts=0 non_2xx=2  <-- FLAGGED
    4x  Istio  @  1600 RPS  p50=35130.00ms p90=59400.00ms p99= 66000.00ms  never_completed= 54.54% of offered  timeouts=0 non_2xx=5  <-- FLAGGED
    4x  Istio  @  2000 RPS  p50=42500.00ms p90=69600.00ms p99= 76200.00ms  never_completed= 63.68% of offered  timeouts=0 non_2xx=2  <-- FLAGGED
    4x  Mazu   @   100 RPS  p50=   53.53ms p90=   70.08ms p99=   100.48ms  never_completed=  4.56% of offered  timeouts=1709 non_2xx=0  <-- FLAGGED
    4x  Mazu   @   200 RPS  p50=   52.00ms p90=   69.69ms p99=   104.96ms  never_completed=  4.85% of offered  timeouts=385 non_2xx=1  <-- FLAGGED
    4x  Mazu   @   400 RPS  p50=   50.59ms p90=   80.06ms p99=   127.36ms  never_completed=  0.61% of offered  timeouts=18 non_2xx=2
    4x  Mazu   @   800 RPS  p50= 4500.00ms p90=10310.00ms p99= 14380.00ms  never_completed=  7.39% of offered  timeouts=0 non_2xx=3  <-- FLAGGED
    4x  Mazu   @  1200 RPS  p50=23770.00ms p90=40530.00ms p99= 46500.00ms  never_completed= 37.36% of offered  timeouts=0 non_2xx=7  <-- FLAGGED
    4x  Mazu   @  1600 RPS  p50=35190.00ms p90=58800.00ms p99= 64800.00ms  never_completed= 53.67% of offered  timeouts=0 non_2xx=1  <-- FLAGGED
    4x  Mazu   @  2000 RPS  p50=40370.00ms p90=67800.00ms p99= 75000.00ms  never_completed= 62.18% of offered  timeouts=0 non_2xx=2  <-- FLAGGED
    8x  Istio  @   100 RPS  p50=   52.96ms p90=   62.85ms p99=    94.33ms  never_completed=  4.56% of offered  timeouts=1716 non_2xx=0  <-- FLAGGED
    8x  Istio  @   200 RPS  p50=   50.01ms p90=   59.84ms p99=    94.97ms  never_completed=  4.79% of offered  timeouts=378 non_2xx=0  <-- FLAGGED
    8x  Istio  @   400 RPS  p50=   51.17ms p90=   71.87ms p99=   114.50ms  never_completed=  0.55% of offered  timeouts=19 non_2xx=1
    8x  Istio  @   800 RPS  p50=   53.53ms p90=   96.83ms p99=   158.85ms  never_completed=  0.04% of offered  timeouts=0 non_2xx=2
    8x  Istio  @  1200 RPS  p50=   94.14ms p90=  234.49ms p99=   455.17ms  never_completed=  0.00% of offered  timeouts=0 non_2xx=4
    8x  Istio  @  1600 RPS  p50= 9480.00ms p90=17100.00ms p99= 22280.00ms  never_completed= 15.28% of offered  timeouts=0 non_2xx=1  <-- FLAGGED
    8x  Istio  @  2000 RPS  p50=20580.00ms p90=34700.00ms p99= 40010.00ms  never_completed= 31.77% of offered  timeouts=0 non_2xx=0  <-- FLAGGED
    8x  Mazu   @   100 RPS  p50=   63.46ms p90=   79.55ms p99=   115.78ms  never_completed=  4.53% of offered  timeouts=1679 non_2xx=0  <-- FLAGGED
    8x  Mazu   @   200 RPS  p50=   56.06ms p90=   72.77ms p99=   111.61ms  never_completed=  4.81% of offered  timeouts=397 non_2xx=0  <-- FLAGGED
    8x  Mazu   @   400 RPS  p50=   53.12ms p90=   76.93ms p99=   122.37ms  never_completed=  0.61% of offered  timeouts=18 non_2xx=2
    8x  Mazu   @   800 RPS  p50=   52.67ms p90=   97.02ms p99=   162.56ms  never_completed=  0.03% of offered  timeouts=0 non_2xx=4
    8x  Mazu   @  1200 RPS  p50=  106.82ms p90=  284.93ms p99=   557.57ms  never_completed=  0.00% of offered  timeouts=0 non_2xx=1
    8x  Mazu   @  1600 RPS  p50=11190.00ms p90=19450.00ms p99= 23920.00ms  never_completed= 17.18% of offered  timeouts=0 non_2xx=8  <-- FLAGGED
    8x  Mazu   @  2000 RPS  p50=21020.00ms p90=35130.00ms p99= 40210.00ms  never_completed= 32.07% of offered  timeouts=0 non_2xx=2  <-- FLAGGED
   16x  Istio  @   100 RPS  p50=   57.79ms p90=   68.29ms p99=   106.24ms  never_completed=  4.53% of offered  timeouts=1680 non_2xx=0  <-- FLAGGED
   16x  Istio  @   200 RPS  p50=   52.16ms p90=   60.86ms p99=    98.75ms  never_completed=  4.80% of offered  timeouts=392 non_2xx=0  <-- FLAGGED
   16x  Istio  @   400 RPS  p50=   50.62ms p90=   67.65ms p99=   108.74ms  never_completed=  0.54% of offered  timeouts=20 non_2xx=1
   16x  Istio  @   800 RPS  p50=   50.11ms p90=   85.76ms p99=   140.29ms  never_completed=  0.00% of offered  timeouts=0 non_2xx=1
   16x  Istio  @  1200 RPS  p50=   49.85ms p90=   97.15ms p99=   166.53ms  never_completed=  0.00% of offered  timeouts=0 non_2xx=3
   16x  Istio  @  1600 RPS  p50=   66.05ms p90=  152.70ms p99=   278.78ms  never_completed=  0.00% of offered  timeouts=0 non_2xx=1
   16x  Istio  @  2000 RPS  p50= 1430.00ms p90= 3750.00ms p99=  6770.00ms  never_completed=  2.27% of offered  timeouts=0 non_2xx=6  <-- FLAGGED
   16x  Mazu   @   100 RPS  p50=   73.92ms p90=   88.64ms p99=   134.01ms  never_completed=  4.54% of offered  timeouts=1679 non_2xx=1  <-- FLAGGED
   16x  Mazu   @   200 RPS  p50=   64.25ms p90=   78.65ms p99=   127.17ms  never_completed=  4.82% of offered  timeouts=389 non_2xx=0  <-- FLAGGED
   16x  Mazu   @   400 RPS  p50=   57.53ms p90=   81.02ms p99=   129.73ms  never_completed=  0.56% of offered  timeouts=17 non_2xx=1
   16x  Mazu   @   800 RPS  p50=   51.65ms p90=   89.28ms p99=   147.46ms  never_completed=  0.03% of offered  timeouts=0 non_2xx=2
   16x  Mazu   @  1200 RPS  p50=   51.78ms p90=  102.78ms p99=   176.13ms  never_completed=  0.00% of offered  timeouts=0 non_2xx=2
   16x  Mazu   @  1600 RPS  p50=  102.46ms p90=  272.38ms p99=   507.90ms  never_completed=  0.00% of offered  timeouts=0 non_2xx=7
   16x  Mazu   @  2000 RPS  p50= 7560.00ms p90=13470.00ms p99= 17530.00ms  never_completed= 11.73% of offered  timeouts=0 non_2xx=13  <-- FLAGGED
   32x  Istio  @   100 RPS  p50=   62.24ms p90=   73.86ms p99=   114.69ms  never_completed=  4.58% of offered  timeouts=1715 non_2xx=0  <-- FLAGGED
   32x  Istio  @   200 RPS  p50=   56.00ms p90=   65.41ms p99=   108.03ms  never_completed=  4.78% of offered  timeouts=375 non_2xx=1  <-- FLAGGED
   32x  Istio  @   400 RPS  p50=   52.19ms p90=   68.61ms p99=   110.53ms  never_completed=  0.55% of offered  timeouts=20 non_2xx=1
   32x  Istio  @   800 RPS  p50=   49.95ms p90=   84.54ms p99=   136.45ms  never_completed=  0.07% of offered  timeouts=0 non_2xx=0
   32x  Istio  @  1200 RPS  p50=   46.81ms p90=   89.41ms p99=   153.60ms  never_completed=  0.00% of offered  timeouts=0 non_2xx=0
   32x  Istio  @  1600 RPS  p50=   47.55ms p90=   99.20ms p99=   171.77ms  never_completed=  0.00% of offered  timeouts=0 non_2xx=3
   32x  Istio  @  2000 RPS  p50=  110.97ms p90=  303.87ms p99=   590.85ms  never_completed=  0.05% of offered  timeouts=0 non_2xx=2
   32x  Mazu   @   100 RPS  p50=   83.84ms p90=  230.78ms p99=   405.25ms  never_completed=  4.54% of offered  timeouts=1680 non_2xx=1  <-- FLAGGED
   32x  Mazu   @   200 RPS  p50=   71.49ms p90=   84.86ms p99=   143.74ms  never_completed=  4.81% of offered  timeouts=387 non_2xx=0  <-- FLAGGED
   32x  Mazu   @   400 RPS  p50=   63.01ms p90=   88.89ms p99=   139.77ms  never_completed=  0.61% of offered  timeouts=17 non_2xx=0
   32x  Mazu   @   800 RPS  p50=   54.49ms p90=   93.89ms p99=   150.40ms  never_completed=  0.04% of offered  timeouts=0 non_2xx=1
   32x  Mazu   @  1200 RPS  p50=   55.42ms p90=  109.63ms p99=   190.85ms  never_completed=  0.00% of offered  timeouts=0 non_2xx=1
   32x  Mazu   @  1600 RPS  p50=  150.91ms p90=  419.33ms p99=   824.83ms  never_completed=  0.00% of offered  timeouts=0 non_2xx=6
   32x  Mazu   @  2000 RPS  p50= 7850.00ms p90=13960.00ms p99= 17860.00ms  never_completed= 12.30% of offered  timeouts=0 non_2xx=5  <-- FLAGGED
wrote /users/apoudel/DeathStarBench/socialNetwork/results/benchmark1.5b-replica-scale-09-09-26_173920/plot_15b_replica_scale_latency.pdf
wrote /users/apoudel/DeathStarBench/socialNetwork/results/benchmark1.5b-replica-scale-09-09-26_173920/plot_15b_replica_scale_latency.png
wrote /users/apoudel/DeathStarBench/socialNetwork/results/benchmark1.5b-replica-scale-09-09-26_173920/plot_15b_replica_scale_p99.pdf
wrote /users/apoudel/DeathStarBench/socialNetwork/results/benchmark1.5b-replica-scale-09-09-26_173920/plot_15b_replica_scale_p99.png
wrote /users/apoudel/DeathStarBench/socialNetwork/results/benchmark1.5b-replica-scale-09-09-26_173920/plot_15b_replica_scale_ratio.pdf
wrote /users/apoudel/DeathStarBench/socialNetwork/results/benchmark1.5b-replica-scale-09-09-26_173920/plot_15b_replica_scale_ratio.png
wrote /users/apoudel/DeathStarBench/socialNetwork/results/benchmark1.5b-replica-scale-09-09-26_173920/plot_15b_replica_scale.dat
[2026-09-09 20:56:07] === Replica-scale sweep complete. Results in /users/apoudel/DeathStarBench/socialNetwork/results/benchmark1.5b-replica-scale-09-09-26_173920 ===
# Benchmark 1.5b replica-scale sweep
# started      Wed Sep  9 05:39:21 PM MDT 2026
# scales       1 2 4 8 16 32
# rps_values   100 200 400 800 1200 1600 2000
# duration_s   120
# strategies   st5-AttUpd istio
# source_yaml  /users/apoudel/DeathStarBench/socialNetwork/scratch/yaml/bookinfo-const.yaml / /users/apoudel/DeathStarBench/socialNetwork/scratch/yaml/bookinfo-const-tpm.yaml
# conn_reuse   0
# mazu_image   docker.io/atosh502/proxyv2:st5-AttUpd
# scale    app_replicas ready_timeout  status
  1x       6            360s           ok
  2x       12           420s           ok
  4x       24           540s           ok
  8x       48           780s           ok
  16x      96           1260s          ok
  32x      192          2220s          ok
# finished Wed Sep  9 08:56:00 PM MDT 2026
