timestamp,app,version,phase,ready
1779204050,details,v1,Running,True
1779204050,details,v1,Running,True
1779204050,details,v1,Running,True
1779204050,details,v1,Running,True
1779204050,details,v1,Running,True
1779204050,productpage,v1,Running,True
1779204050,productpage,v1,Running,True
1779204050,productpage,v1,Running,True
1779204050,productpage,v1,Running,True
1779204050,productpage,v1,Running,True
1779204050,productpage,v1,Running,True
1779204050,productpage,v1,Running,True
1779204050,productpage,v1,Running,True
1779204050,productpage,v1,Running,True
1779204050,productpage,v1,Running,True
1779204050,productpage,v1,Running,True
1779204050,productpage,v1,Running,True
1779204050,productpage,v1,Running,True
1779204050,productpage,v1,Running,True
1779204050,productpage,v1,Running,True
1779204050,ratings,v1,Running,True
1779204050,reviews,v1,Running,True
1779204050,reviews,v2,Running,True
1779204050,reviews,v2,Running,True
1779204050,reviews,v3,Running,True
1779204050,reviews,v3,Running,True
1779204051,details,v1,Running,True
1779204051,details,v1,Running,True
1779204051,details,v1,Running,True
1779204051,details,v1,Running,True
1779204051,details,v1,Running,True
1779204051,productpage,v1,Running,True
1779204051,productpage,v1,Running,True
1779204051,productpage,v1,Running,True
1779204051,productpage,v1,Running,True
1779204051,productpage,v1,Running,True
1779204051,productpage,v1,Running,True
1779204051,productpage,v1,Running,True
1779204051,productpage,v1,Running,True
1779204051,productpage,v1,Running,True
1779204051,productpage,v1,Running,True
1779204051,productpage,v1,Running,True
1779204051,productpage,v1,Running,True
1779204051,productpage,v1,Running,True
1779204051,productpage,v1,Running,True
1779204051,productpage,v1,Running,True
1779204051,ratings,v1,Running,True
1779204051,reviews,v1,Running,True
1779204051,reviews,v2,Running,True
1779204051,reviews,v2,Running,True
1779204051,reviews,v3,Running,True
1779204051,reviews,v3,Running,True
1779204052,details,v1,Running,True
1779204052,details,v1,Running,True
1779204052,details,v1,Running,True
1779204052,details,v1,Running,True
1779204052,details,v1,Running,True
1779204052,productpage,v1,Running,True
1779204052,productpage,v1,Running,True
1779204052,productpage,v1,Running,True
1779204052,productpage,v1,Running,True
1779204052,productpage,v1,Running,True
1779204052,productpage,v1,Running,True
1779204052,productpage,v1,Running,True
1779204052,productpage,v1,Running,True
1779204052,productpage,v1,Running,True
1779204052,productpage,v1,Running,True
1779204052,productpage,v1,Running,True
1779204052,productpage,v1,Running,True
1779204052,productpage,v1,Running,True
1779204052,productpage,v1,Running,True
1779204052,productpage,v1,Running,True
1779204052,ratings,v1,Running,True
1779204052,reviews,v1,Running,True
1779204052,reviews,v2,Running,True
1779204052,reviews,v2,Running,True
1779204052,reviews,v3,Running,True
1779204052,reviews,v3,Running,True
1779204053,details,v1,Running,True
1779204053,details,v1,Running,True
1779204053,details,v1,Running,True
1779204053,details,v1,Running,True
1779204053,details,v1,Running,True
1779204053,productpage,v1,Running,True
1779204053,productpage,v1,Running,True
1779204053,productpage,v1,Running,True
1779204053,productpage,v1,Running,True
1779204053,productpage,v1,Running,True
1779204053,productpage,v1,Running,True
1779204053,productpage,v1,Running,True
1779204053,productpage,v1,Running,True
1779204053,productpage,v1,Running,True
1779204053,productpage,v1,Running,True
1779204053,productpage,v1,Running,True
1779204053,productpage,v1,Running,True
1779204053,productpage,v1,Running,True
1779204053,productpage,v1,Running,True
1779204053,productpage,v1,Running,True
1779204053,ratings,v1,Running,True
1779204053,reviews,v1,Running,True
1779204053,reviews,v2,Running,True
1779204053,reviews,v2,Running,True
1779204053,reviews,v3,Running,True
1779204053,reviews,v3,Running,True
1779204054,details,v1,Running,True
1779204054,details,v1,Running,True
1779204054,details,v1,Running,True
1779204054,details,v1,Running,True
1779204054,details,v1,Running,True
1779204054,productpage,v1,Running,True
1779204054,productpage,v1,Running,True
1779204054,productpage,v1,Running,True
1779204054,productpage,v1,Running,True
1779204054,productpage,v1,Running,True
1779204054,productpage,v1,Running,True
1779204054,productpage,v1,Running,True
1779204054,productpage,v1,Running,True
1779204054,productpage,v1,Running,True
1779204054,productpage,v1,Running,True
1779204054,productpage,v1,Running,True
1779204054,productpage,v1,Running,True
1779204054,productpage,v1,Running,True
1779204054,productpage,v1,Running,True
1779204054,productpage,v1,Running,True
1779204054,ratings,v1,Running,True
1779204054,reviews,v1,Running,True
1779204054,reviews,v2,Running,True
1779204054,reviews,v2,Running,True
1779204054,reviews,v3,Running,True
1779204054,reviews,v3,Running,True
1779204055,details,v1,Running,True
1779204055,details,v1,Running,True
1779204055,details,v1,Running,True
1779204055,details,v1,Running,True
1779204055,details,v1,Running,True
1779204055,productpage,v1,Running,True
1779204055,productpage,v1,Running,True
1779204055,productpage,v1,Running,True
1779204055,productpage,v1,Running,True
1779204055,productpage,v1,Running,True
1779204055,productpage,v1,Running,True
1779204055,productpage,v1,Running,True
1779204055,productpage,v1,Running,True
1779204055,productpage,v1,Running,True
1779204055,productpage,v1,Running,True
1779204055,productpage,v1,Running,True
1779204055,productpage,v1,Running,True
1779204055,productpage,v1,Running,True
1779204055,productpage,v1,Running,True
1779204055,productpage,v1,Running,True
1779204055,ratings,v1,Running,True
1779204055,reviews,v1,Running,True
1779204055,reviews,v2,Running,True
1779204055,reviews,v2,Running,True
1779204055,reviews,v3,Running,True
1779204055,reviews,v3,Running,True
1779204056,details,v1,Running,True
1779204056,details,v1,Running,True
1779204056,details,v1,Running,True
1779204056,details,v1,Running,True
1779204056,details,v1,Running,True
1779204056,productpage,v1,Running,True
1779204056,productpage,v1,Running,True
1779204056,productpage,v1,Running,True
1779204056,productpage,v1,Running,True
1779204056,productpage,v1,Running,True
1779204056,productpage,v1,Running,True
1779204056,productpage,v1,Running,True
1779204056,productpage,v1,Running,True
1779204056,productpage,v1,Running,True
1779204056,productpage,v1,Running,True
1779204056,productpage,v1,Running,True
1779204056,productpage,v1,Running,True
1779204056,productpage,v1,Running,True
1779204056,productpage,v1,Running,True
1779204056,productpage,v1,Running,True
1779204056,ratings,v1,Running,True
1779204056,reviews,v1,Running,True
1779204056,reviews,v2,Running,True
1779204056,reviews,v2,Running,True
1779204056,reviews,v3,Running,True
1779204056,reviews,v3,Running,True
1779204057,details,v1,Running,True
1779204057,details,v1,Running,True
1779204057,details,v1,Running,True
1779204057,details,v1,Running,True
1779204057,details,v1,Running,True
1779204057,productpage,v1,Running,True
1779204057,productpage,v1,Running,True
1779204057,productpage,v1,Running,True
1779204057,productpage,v1,Running,True
1779204057,productpage,v1,Running,True
1779204057,productpage,v1,Running,True
1779204057,productpage,v1,Running,True
1779204057,productpage,v1,Running,True
1779204057,productpage,v1,Running,True
1779204057,productpage,v1,Running,True
1779204057,productpage,v1,Running,True
1779204057,productpage,v1,Running,True
1779204057,productpage,v1,Running,True
1779204057,productpage,v1,Running,True
1779204057,productpage,v1,Running,True
1779204057,ratings,v1,Running,True
1779204057,reviews,v1,Running,True
1779204057,reviews,v2,Running,True
1779204057,reviews,v2,Running,True
1779204057,reviews,v3,Running,True
1779204057,reviews,v3,Running,True
1779204058,details,v1,Running,True
1779204058,details,v1,Running,True
1779204058,details,v1,Running,True
1779204058,details,v1,Running,True
1779204058,details,v1,Running,True
1779204058,productpage,v1,Running,True
1779204058,productpage,v1,Running,True
1779204058,productpage,v1,Running,True
1779204058,productpage,v1,Running,True
1779204058,productpage,v1,Running,True
1779204058,productpage,v1,Running,True
1779204058,productpage,v1,Running,True
1779204058,productpage,v1,Running,True
1779204058,productpage,v1,Running,True
1779204058,productpage,v1,Running,True
1779204058,productpage,v1,Running,True
1779204058,productpage,v1,Running,True
1779204058,productpage,v1,Running,True
1779204058,productpage,v1,Running,True
1779204058,productpage,v1,Running,True
1779204058,ratings,v1,Running,True
1779204058,reviews,v1,Running,True
1779204058,reviews,v2,Running,True
1779204058,reviews,v2,Running,True
1779204058,reviews,v3,Running,True
1779204058,reviews,v3,Running,True
1779204059,details,v1,Running,True
1779204059,details,v1,Running,True
1779204059,details,v1,Running,True
1779204059,details,v1,Running,True
1779204059,details,v1,Running,True
1779204059,productpage,v1,Running,True
1779204059,productpage,v1,Running,True
1779204059,productpage,v1,Running,True
1779204059,productpage,v1,Running,True
1779204059,productpage,v1,Running,True
1779204059,productpage,v1,Running,True
1779204059,productpage,v1,Running,True
1779204059,productpage,v1,Running,True
1779204059,productpage,v1,Running,True
1779204059,productpage,v1,Running,True
1779204059,productpage,v1,Running,True
1779204059,productpage,v1,Running,True
1779204059,productpage,v1,Running,True
1779204059,productpage,v1,Running,True
1779204059,productpage,v1,Running,True
1779204059,ratings,v1,Running,True
1779204059,reviews,v1,Running,True
1779204059,reviews,v2,Running,True
1779204059,reviews,v2,Running,True
1779204059,reviews,v3,Running,True
1779204059,reviews,v3,Running,True
1779204060,details,v1,Running,True
1779204060,details,v1,Running,True
1779204060,details,v1,Running,True
1779204060,details,v1,Running,True
1779204060,details,v1,Running,True
1779204060,productpage,v1,Running,True
1779204060,productpage,v1,Running,True
1779204060,productpage,v1,Running,True
1779204060,productpage,v1,Running,True
1779204060,productpage,v1,Running,True
1779204060,productpage,v1,Running,True
1779204060,productpage,v1,Running,True
1779204060,productpage,v1,Running,True
1779204060,productpage,v1,Running,True
1779204060,productpage,v1,Running,True
1779204060,productpage,v1,Running,True
1779204060,productpage,v1,Running,True
1779204060,productpage,v1,Running,True
1779204060,productpage,v1,Running,True
1779204060,productpage,v1,Running,True
1779204060,ratings,v1,Running,True
1779204060,reviews,v1,Running,True
1779204060,reviews,v2,Running,True
1779204060,reviews,v2,Running,True
1779204060,reviews,v3,Running,True
1779204060,reviews,v3,Running,True
1779204061,details,v1,Running,True
1779204061,details,v1,Running,True
1779204061,details,v1,Running,True
1779204061,details,v1,Running,True
1779204061,details,v1,Running,True
1779204061,productpage,v1,Running,True
1779204061,productpage,v1,Running,True
1779204061,productpage,v1,Running,True
1779204061,productpage,v1,Running,True
1779204061,productpage,v1,Running,True
1779204061,productpage,v1,Running,True
1779204061,productpage,v1,Running,True
1779204061,productpage,v1,Running,True
1779204061,productpage,v1,Running,True
1779204061,productpage,v1,Running,True
1779204061,productpage,v1,Running,True
1779204061,productpage,v1,Running,True
1779204061,productpage,v1,Running,True
1779204061,productpage,v1,Running,True
1779204061,productpage,v1,Running,True
1779204061,ratings,v1,Running,True
1779204061,reviews,v1,Running,True
1779204061,reviews,v2,Running,True
1779204061,reviews,v2,Running,True
1779204061,reviews,v3,Running,True
1779204061,reviews,v3,Running,True
1779204062,details,v1,Running,True
1779204062,details,v1,Running,True
1779204062,details,v1,Running,True
1779204062,details,v1,Running,True
1779204062,details,v1,Running,True
1779204062,productpage,v1,Running,True
1779204062,productpage,v1,Running,True
1779204062,productpage,v1,Running,True
1779204062,productpage,v1,Running,True
1779204062,productpage,v1,Running,True
1779204062,productpage,v1,Running,True
1779204062,productpage,v1,Running,True
1779204062,productpage,v1,Running,True
1779204062,productpage,v1,Running,True
1779204062,productpage,v1,Running,True
1779204062,productpage,v1,Running,True
1779204062,productpage,v1,Running,True
1779204062,productpage,v1,Running,True
1779204062,productpage,v1,Running,True
1779204062,productpage,v1,Running,True
1779204062,ratings,v1,Running,True
1779204062,reviews,v1,Running,True
1779204062,reviews,v2,Running,True
1779204062,reviews,v2,Running,True
1779204062,reviews,v3,Running,True
1779204062,reviews,v3,Running,True
1779204063,details,v1,Running,True
1779204063,details,v1,Running,True
1779204063,details,v1,Running,True
1779204063,details,v1,Running,True
1779204063,details,v1,Running,True
1779204063,productpage,v1,Running,True
1779204063,productpage,v1,Running,True
1779204063,productpage,v1,Running,True
1779204063,productpage,v1,Running,True
1779204063,productpage,v1,Running,True
1779204063,productpage,v1,Running,True
1779204063,productpage,v1,Running,True
1779204063,productpage,v1,Running,True
1779204063,productpage,v1,Running,True
1779204063,productpage,v1,Running,True
1779204063,productpage,v1,Running,True
1779204063,productpage,v1,Running,True
1779204063,productpage,v1,Running,True
1779204063,productpage,v1,Running,True
1779204063,productpage,v1,Running,True
1779204063,ratings,v1,Running,True
1779204063,reviews,v1,Running,True
1779204063,reviews,v2,Running,True
1779204063,reviews,v2,Running,True
1779204063,reviews,v3,Running,True
1779204063,reviews,v3,Running,True
1779204064,details,v1,Running,True
1779204064,details,v1,Running,True
1779204064,details,v1,Running,True
1779204064,details,v1,Running,True
1779204064,details,v1,Running,True
1779204064,productpage,v1,Running,True
1779204064,productpage,v1,Running,True
1779204064,productpage,v1,Running,True
1779204064,productpage,v1,Running,True
1779204064,productpage,v1,Running,True
1779204064,productpage,v1,Running,True
1779204064,productpage,v1,Running,True
1779204064,productpage,v1,Running,True
1779204064,productpage,v1,Running,True
1779204064,productpage,v1,Running,True
1779204064,productpage,v1,Running,True
1779204064,productpage,v1,Running,True
1779204064,productpage,v1,Running,True
1779204064,productpage,v1,Running,True
1779204064,productpage,v1,Running,True
1779204064,ratings,v1,Running,True
1779204064,reviews,v1,Running,True
1779204064,reviews,v2,Running,True
1779204064,reviews,v2,Running,True
1779204064,reviews,v3,Running,True
1779204064,reviews,v3,Running,True
1779204065,details,v1,Running,True
1779204065,details,v1,Running,True
1779204065,details,v1,Running,True
1779204065,details,v1,Running,True
1779204065,details,v1,Running,True
1779204065,productpage,v1,Running,True
1779204065,productpage,v1,Running,True
1779204065,productpage,v1,Running,True
1779204065,productpage,v1,Running,True
1779204065,productpage,v1,Running,True
1779204065,productpage,v1,Running,True
1779204065,productpage,v1,Running,True
1779204065,productpage,v1,Running,True
1779204065,productpage,v1,Running,True
1779204065,productpage,v1,Running,True
1779204065,productpage,v1,Running,True
1779204065,productpage,v1,Running,True
1779204065,productpage,v1,Running,True
1779204065,productpage,v1,Running,True
1779204065,productpage,v1,Running,True
1779204065,ratings,v1,Running,True
1779204065,reviews,v1,Running,True
1779204065,reviews,v2,Running,True
1779204065,reviews,v2,Running,True
1779204065,reviews,v3,Running,True
1779204065,reviews,v3,Running,True
1779204066,details,v1,Running,True
1779204066,details,v1,Running,True
1779204066,details,v1,Running,True
1779204066,details,v1,Running,True
1779204066,details,v1,Running,True
1779204066,productpage,v1,Running,True
1779204066,productpage,v1,Running,True
1779204066,productpage,v1,Running,True
1779204066,productpage,v1,Running,True
1779204066,productpage,v1,Running,True
1779204066,productpage,v1,Running,True
1779204066,productpage,v1,Running,True
1779204066,productpage,v1,Running,True
1779204066,productpage,v1,Running,True
1779204066,productpage,v1,Running,True
1779204066,productpage,v1,Running,True
1779204066,productpage,v1,Running,True
1779204066,productpage,v1,Running,True
1779204066,productpage,v1,Running,True
1779204066,productpage,v1,Running,True
1779204066,ratings,v1,Running,True
1779204066,reviews,v1,Running,True
1779204066,reviews,v2,Running,True
1779204066,reviews,v2,Running,True
1779204066,reviews,v3,Running,True
1779204066,reviews,v3,Running,True
1779204067,details,v1,Running,True
1779204067,details,v1,Running,True
1779204067,details,v1,Running,True
1779204067,details,v1,Running,True
1779204067,details,v1,Running,True
1779204067,productpage,v1,Running,True
1779204067,productpage,v1,Running,True
1779204067,productpage,v1,Running,True
1779204067,productpage,v1,Running,True
1779204067,productpage,v1,Running,True
1779204067,productpage,v1,Running,True
1779204067,productpage,v1,Running,True
1779204067,productpage,v1,Running,True
1779204067,productpage,v1,Running,True
1779204067,productpage,v1,Running,True
1779204067,productpage,v1,Running,True
1779204067,productpage,v1,Running,True
1779204067,productpage,v1,Running,True
1779204067,productpage,v1,Running,True
1779204067,productpage,v1,Running,True
1779204067,ratings,v1,Running,True
1779204067,reviews,v1,Running,True
1779204067,reviews,v2,Running,True
1779204067,reviews,v2,Running,True
1779204067,reviews,v3,Running,True
1779204067,reviews,v3,Running,True
1779204068,details,v1,Running,True
1779204068,details,v1,Running,True
1779204068,details,v1,Running,True
1779204068,details,v1,Running,True
1779204068,details,v1,Running,True
1779204068,productpage,v1,Running,True
1779204068,productpage,v1,Running,True
1779204068,productpage,v1,Running,True
1779204068,productpage,v1,Running,True
1779204068,productpage,v1,Running,True
1779204068,productpage,v1,Running,True
1779204068,productpage,v1,Running,True
1779204068,productpage,v1,Running,True
1779204068,productpage,v1,Running,True
1779204068,productpage,v1,Running,True
1779204068,productpage,v1,Running,True
1779204068,productpage,v1,Running,True
1779204068,productpage,v1,Running,True
1779204068,productpage,v1,Running,True
1779204068,productpage,v1,Running,True
1779204068,ratings,v1,Running,True
1779204068,reviews,v1,Running,True
1779204068,reviews,v2,Running,True
1779204068,reviews,v2,Running,True
1779204068,reviews,v3,Running,True
1779204068,reviews,v3,Running,True
1779204069,details,v1,Running,True
1779204069,details,v1,Running,True
1779204069,details,v1,Running,True
1779204069,details,v1,Running,True
1779204069,details,v1,Running,True
1779204069,productpage,v1,Running,True
1779204069,productpage,v1,Running,True
1779204069,productpage,v1,Running,True
1779204069,productpage,v1,Running,True
1779204069,productpage,v1,Running,True
1779204069,productpage,v1,Running,True
1779204069,productpage,v1,Running,True
1779204069,productpage,v1,Running,True
1779204069,productpage,v1,Running,True
1779204069,productpage,v1,Running,True
1779204069,productpage,v1,Running,True
1779204069,productpage,v1,Running,True
1779204069,productpage,v1,Running,True
1779204069,productpage,v1,Running,True
1779204069,productpage,v1,Running,True
1779204069,ratings,v1,Running,True
1779204069,reviews,v1,Running,True
1779204069,reviews,v2,Running,True
1779204069,reviews,v2,Running,True
1779204069,reviews,v3,Running,True
1779204069,reviews,v3,Running,True
1779204070,details,v1,Running,True
1779204070,details,v1,Running,True
1779204070,details,v1,Running,True
1779204070,details,v1,Running,True
1779204070,details,v1,Running,True
1779204070,productpage,v1,Running,True
1779204070,productpage,v1,Running,True
1779204070,productpage,v1,Running,True
1779204070,productpage,v1,Running,True
1779204070,productpage,v1,Running,True
1779204070,productpage,v1,Running,True
1779204070,productpage,v1,Running,True
1779204070,productpage,v1,Running,True
1779204070,productpage,v1,Running,True
1779204070,productpage,v1,Running,True
1779204070,productpage,v1,Running,True
1779204070,productpage,v1,Running,True
1779204070,productpage,v1,Running,True
1779204070,productpage,v1,Running,True
1779204070,productpage,v1,Running,True
1779204070,ratings,v1,Running,True
1779204070,reviews,v1,Running,True
1779204070,reviews,v2,Running,True
1779204070,reviews,v2,Running,True
1779204070,reviews,v3,Running,True
1779204070,reviews,v3,Running,True
1779204071,details,v1,Running,True
1779204071,details,v1,Running,True
1779204071,details,v1,Running,True
1779204071,details,v1,Running,True
1779204071,details,v1,Running,True
1779204071,productpage,v1,Running,True
1779204071,productpage,v1,Running,True
1779204071,productpage,v1,Running,True
1779204071,productpage,v1,Running,True
1779204071,productpage,v1,Running,True
1779204071,productpage,v1,Running,True
1779204071,productpage,v1,Running,True
1779204071,productpage,v1,Running,True
1779204071,productpage,v1,Running,True
1779204071,productpage,v1,Running,True
1779204071,productpage,v1,Running,True
1779204071,productpage,v1,Running,True
1779204071,productpage,v1,Running,True
1779204071,productpage,v1,Running,True
1779204071,productpage,v1,Running,True
1779204071,ratings,v1,Running,True
1779204071,reviews,v1,Running,True
1779204071,reviews,v2,Running,True
1779204071,reviews,v2,Running,True
1779204071,reviews,v3,Running,True
1779204071,reviews,v3,Running,True
1779204072,details,v1,Running,True
1779204072,details,v1,Running,True
1779204072,details,v1,Running,True
1779204072,details,v1,Running,True
1779204072,details,v1,Running,True
1779204072,productpage,v1,Running,True
1779204072,productpage,v1,Running,True
1779204072,productpage,v1,Running,True
1779204072,productpage,v1,Running,True
1779204072,productpage,v1,Running,True
1779204072,productpage,v1,Running,True
1779204072,productpage,v1,Running,True
1779204072,productpage,v1,Running,True
1779204072,productpage,v1,Running,True
1779204072,productpage,v1,Running,True
1779204072,productpage,v1,Running,True
1779204072,productpage,v1,Running,True
1779204072,productpage,v1,Running,True
1779204072,productpage,v1,Running,True
1779204072,productpage,v1,Running,True
1779204072,ratings,v1,Running,True
1779204072,reviews,v1,Running,True
1779204072,reviews,v2,Running,True
1779204072,reviews,v2,Running,True
1779204072,reviews,v3,Running,True
1779204072,reviews,v3,Running,True
1779204073,details,v1,Running,True
1779204073,details,v1,Running,True
1779204073,details,v1,Running,True
1779204073,details,v1,Running,True
1779204073,details,v1,Running,True
1779204073,productpage,v1,Running,True
1779204073,productpage,v1,Running,True
1779204073,productpage,v1,Running,True
1779204073,productpage,v1,Running,True
1779204073,productpage,v1,Running,True
1779204073,productpage,v1,Running,True
1779204073,productpage,v1,Running,True
1779204073,productpage,v1,Running,True
1779204073,productpage,v1,Running,True
1779204073,productpage,v1,Running,True
1779204073,productpage,v1,Running,True
1779204073,productpage,v1,Running,True
1779204073,productpage,v1,Running,True
1779204073,productpage,v1,Running,True
1779204073,productpage,v1,Running,True
1779204073,ratings,v1,Running,True
1779204073,reviews,v1,Running,True
1779204073,reviews,v2,Running,True
1779204073,reviews,v2,Running,True
1779204073,reviews,v3,Running,True
1779204073,reviews,v3,Running,True
1779204074,details,v1,Running,True
1779204074,details,v1,Running,True
1779204074,details,v1,Running,True
1779204074,details,v1,Running,True
1779204074,details,v1,Running,True
1779204074,productpage,v1,Running,True
1779204074,productpage,v1,Running,True
1779204074,productpage,v1,Running,True
1779204074,productpage,v1,Running,True
1779204074,productpage,v1,Running,True
1779204074,productpage,v1,Running,True
1779204074,productpage,v1,Running,True
1779204074,productpage,v1,Running,True
1779204074,productpage,v1,Running,True
1779204074,productpage,v1,Running,True
1779204074,productpage,v1,Running,True
1779204074,productpage,v1,Running,True
1779204074,productpage,v1,Running,True
1779204074,productpage,v1,Running,True
1779204074,productpage,v1,Running,True
1779204074,ratings,v1,Running,True
1779204074,reviews,v1,Running,True
1779204074,reviews,v2,Running,True
1779204074,reviews,v2,Running,True
1779204074,reviews,v3,Running,True
1779204074,reviews,v3,Running,True
1779204075,details,v1,Running,True
1779204075,details,v1,Running,True
1779204075,details,v1,Running,True
1779204075,details,v1,Running,True
1779204075,details,v1,Running,True
1779204075,productpage,v1,Running,True
1779204075,productpage,v1,Running,True
1779204075,productpage,v1,Running,True
1779204075,productpage,v1,Running,True
1779204075,productpage,v1,Running,True
1779204075,productpage,v1,Running,True
1779204075,productpage,v1,Running,True
1779204075,productpage,v1,Running,True
1779204075,productpage,v1,Running,True
1779204075,productpage,v1,Running,True
1779204075,productpage,v1,Running,True
1779204075,productpage,v1,Running,True
1779204075,productpage,v1,Running,True
1779204075,productpage,v1,Running,True
1779204075,productpage,v1,Running,True
1779204075,ratings,v1,Running,True
1779204075,reviews,v1,Running,True
1779204075,reviews,v2,Running,True
1779204075,reviews,v2,Running,True
1779204075,reviews,v3,Running,True
1779204075,reviews,v3,Running,True
1779204076,details,v1,Running,True
1779204076,details,v1,Running,True
1779204076,details,v1,Running,True
1779204076,details,v1,Running,True
1779204076,details,v1,Running,True
1779204076,productpage,v1,Running,True
1779204076,productpage,v1,Running,True
1779204076,productpage,v1,Running,True
1779204076,productpage,v1,Running,True
1779204076,productpage,v1,Running,True
1779204076,productpage,v1,Running,True
1779204076,productpage,v1,Running,True
1779204076,productpage,v1,Running,True
1779204076,productpage,v1,Running,True
1779204076,productpage,v1,Running,True
1779204076,productpage,v1,Running,True
1779204076,productpage,v1,Running,True
1779204076,productpage,v1,Running,True
1779204076,productpage,v1,Running,True
1779204076,productpage,v1,Running,True
1779204076,ratings,v1,Running,True
1779204076,reviews,v1,Running,True
1779204076,reviews,v2,Running,True
1779204076,reviews,v2,Running,True
1779204076,reviews,v3,Running,True
1779204076,reviews,v3,Running,True
1779204077,details,v1,Running,True
1779204077,details,v1,Running,True
1779204077,details,v1,Running,True
1779204077,details,v1,Running,True
1779204077,details,v1,Running,True
1779204077,productpage,v1,Running,True
1779204077,productpage,v1,Running,True
1779204077,productpage,v1,Running,True
1779204077,productpage,v1,Running,True
1779204077,productpage,v1,Running,True
1779204077,productpage,v1,Running,True
1779204077,productpage,v1,Running,True
1779204077,productpage,v1,Running,True
1779204077,productpage,v1,Running,True
1779204077,productpage,v1,Running,True
1779204077,productpage,v1,Running,True
1779204077,productpage,v1,Running,True
1779204077,productpage,v1,Running,True
1779204077,productpage,v1,Running,True
1779204077,productpage,v1,Running,True
1779204077,ratings,v1,Running,True
1779204077,reviews,v1,Running,True
1779204077,reviews,v2,Running,True
1779204077,reviews,v2,Running,True
1779204077,reviews,v3,Running,True
1779204077,reviews,v3,Pending,False
1779204077,reviews,v3,Running,True
1779204078,details,v1,Running,True
1779204078,details,v1,Running,True
1779204078,details,v1,Running,True
1779204078,details,v1,Running,True
1779204078,details,v1,Running,True
1779204078,productpage,v1,Running,True
1779204078,productpage,v1,Running,True
1779204078,productpage,v1,Running,True
1779204078,productpage,v1,Running,True
1779204078,productpage,v1,Running,True
1779204078,productpage,v1,Running,True
1779204078,productpage,v1,Running,True
1779204078,productpage,v1,Running,True
1779204078,productpage,v1,Running,True
1779204078,productpage,v1,Running,True
1779204078,productpage,v1,Running,True
1779204078,productpage,v1,Running,True
1779204078,productpage,v1,Running,True
1779204078,productpage,v1,Running,True
1779204078,productpage,v1,Running,True
1779204078,ratings,v1,Running,True
1779204078,reviews,v1,Running,True
1779204078,reviews,v2,Running,True
1779204078,reviews,v2,Running,True
1779204078,reviews,v3,Running,True
1779204078,reviews,v3,Pending,False
1779204078,reviews,v3,Running,True
1779204079,details,v1,Running,True
1779204079,details,v1,Running,True
1779204079,details,v1,Running,True
1779204079,details,v1,Running,True
1779204079,details,v1,Running,True
1779204079,productpage,v1,Running,True
1779204079,productpage,v1,Running,True
1779204079,productpage,v1,Running,True
1779204079,productpage,v1,Running,True
1779204079,productpage,v1,Running,True
1779204079,productpage,v1,Running,True
1779204079,productpage,v1,Running,True
1779204079,productpage,v1,Running,True
1779204079,productpage,v1,Running,True
1779204079,productpage,v1,Running,True
1779204079,productpage,v1,Running,True
1779204079,productpage,v1,Running,True
1779204079,productpage,v1,Running,True
1779204079,productpage,v1,Running,True
1779204079,productpage,v1,Running,True
1779204079,ratings,v1,Running,True
1779204079,reviews,v1,Running,True
1779204079,reviews,v2,Running,True
1779204079,reviews,v2,Running,True
1779204079,reviews,v3,Running,True
1779204079,reviews,v3,Running,False
1779204079,reviews,v3,Running,True
1779204080,details,v1,Running,True
1779204080,details,v1,Running,True
1779204080,details,v1,Running,True
1779204080,details,v1,Running,True
1779204080,details,v1,Running,True
1779204080,productpage,v1,Running,True
1779204080,productpage,v1,Running,True
1779204080,productpage,v1,Running,True
1779204080,productpage,v1,Running,True
1779204080,productpage,v1,Running,True
1779204080,productpage,v1,Running,True
1779204080,productpage,v1,Running,True
1779204080,productpage,v1,Running,True
1779204080,productpage,v1,Running,True
1779204080,productpage,v1,Running,True
1779204080,productpage,v1,Running,True
1779204080,productpage,v1,Running,True
1779204080,productpage,v1,Running,True
1779204080,productpage,v1,Running,True
1779204080,productpage,v1,Running,True
1779204080,ratings,v1,Running,True
1779204080,reviews,v1,Running,True
1779204080,reviews,v2,Running,True
1779204080,reviews,v2,Running,True
1779204080,reviews,v3,Running,True
1779204080,reviews,v3,Running,False
1779204080,reviews,v3,Running,True
1779204081,details,v1,Running,True
1779204081,details,v1,Running,True
1779204081,details,v1,Running,True
1779204081,details,v1,Running,True
1779204081,details,v1,Running,True
1779204081,productpage,v1,Running,True
1779204081,productpage,v1,Running,True
1779204081,productpage,v1,Running,True
1779204081,productpage,v1,Running,True
1779204081,productpage,v1,Running,True
1779204081,productpage,v1,Running,True
1779204081,productpage,v1,Running,True
1779204081,productpage,v1,Running,True
1779204081,productpage,v1,Running,True
1779204081,productpage,v1,Running,True
1779204081,productpage,v1,Running,True
1779204081,productpage,v1,Running,True
1779204081,productpage,v1,Running,True
1779204081,productpage,v1,Running,True
1779204081,productpage,v1,Running,True
1779204081,ratings,v1,Running,True
1779204081,reviews,v1,Running,True
1779204081,reviews,v2,Running,True
1779204081,reviews,v2,Running,True
1779204081,reviews,v3,Running,True
1779204081,reviews,v3,Running,True
1779204081,reviews,v3,Running,True
1779204082,details,v1,Running,True
1779204082,details,v1,Running,True
1779204082,details,v1,Running,True
1779204082,details,v1,Running,True
1779204082,details,v1,Running,True
1779204082,productpage,v1,Running,True
1779204082,productpage,v1,Running,True
1779204082,productpage,v1,Running,True
1779204082,productpage,v1,Running,True
1779204082,productpage,v1,Running,True
1779204082,productpage,v1,Running,True
1779204082,productpage,v1,Running,True
1779204082,productpage,v1,Running,True
1779204082,productpage,v1,Running,True
1779204082,productpage,v1,Running,True
1779204082,productpage,v1,Running,True
1779204082,productpage,v1,Running,True
1779204082,productpage,v1,Running,True
1779204082,productpage,v1,Running,True
1779204082,productpage,v1,Running,True
1779204082,ratings,v1,Running,True
1779204082,reviews,v1,Running,True
1779204082,reviews,v2,Running,True
1779204082,reviews,v2,Running,True
1779204082,reviews,v3,Running,True
1779204082,reviews,v3,Running,True
1779204082,reviews,v3,Running,True
1779204083,details,v1,Running,True
1779204083,details,v1,Running,True
1779204083,details,v1,Running,True
1779204083,details,v1,Running,True
1779204083,details,v1,Running,True
1779204083,productpage,v1,Running,True
1779204083,productpage,v1,Running,True
1779204083,productpage,v1,Running,True
1779204083,productpage,v1,Running,True
1779204083,productpage,v1,Running,True
1779204083,productpage,v1,Running,True
1779204083,productpage,v1,Running,True
1779204083,productpage,v1,Running,True
1779204083,productpage,v1,Running,True
1779204083,productpage,v1,Running,True
1779204083,productpage,v1,Running,True
1779204083,productpage,v1,Running,True
1779204083,productpage,v1,Running,True
1779204083,productpage,v1,Running,True
1779204083,productpage,v1,Running,True
1779204083,ratings,v1,Running,True
1779204083,reviews,v1,Running,True
1779204083,reviews,v2,Running,True
1779204083,reviews,v2,Running,True
1779204083,reviews,v3,Running,True
1779204083,reviews,v3,Running,True
1779204083,reviews,v3,Running,True
1779204084,details,v1,Running,True
1779204084,details,v1,Running,True
1779204084,details,v1,Running,True
1779204084,details,v1,Running,True
1779204084,details,v1,Running,True
1779204084,productpage,v1,Running,True
1779204084,productpage,v1,Running,True
1779204084,productpage,v1,Running,True
1779204084,productpage,v1,Running,True
1779204084,productpage,v1,Running,True
1779204084,productpage,v1,Running,True
1779204084,productpage,v1,Running,True
1779204084,productpage,v1,Running,True
1779204084,productpage,v1,Running,True
1779204084,productpage,v1,Running,True
1779204084,productpage,v1,Running,True
1779204084,productpage,v1,Running,True
1779204084,productpage,v1,Running,True
1779204084,productpage,v1,Running,True
1779204084,productpage,v1,Running,True
1779204084,ratings,v1,Running,True
1779204084,reviews,v1,Running,True
1779204084,reviews,v2,Running,True
1779204084,reviews,v2,Running,True
1779204084,reviews,v3,Running,True
1779204084,reviews,v3,Running,True
1779204084,reviews,v3,Running,True
1779204085,details,v1,Running,True
1779204085,details,v1,Running,True
1779204085,details,v1,Running,True
1779204085,details,v1,Running,True
1779204085,details,v1,Running,True
1779204085,productpage,v1,Running,True
1779204085,productpage,v1,Running,True
1779204085,productpage,v1,Running,True
1779204085,productpage,v1,Running,True
1779204085,productpage,v1,Running,True
1779204085,productpage,v1,Running,True
1779204085,productpage,v1,Running,True
1779204085,productpage,v1,Running,True
1779204085,productpage,v1,Running,True
1779204085,productpage,v1,Running,True
1779204085,productpage,v1,Running,True
1779204085,productpage,v1,Running,True
1779204085,productpage,v1,Running,True
1779204085,productpage,v1,Running,True
1779204085,productpage,v1,Running,True
1779204085,ratings,v1,Running,True
1779204085,reviews,v1,Running,True
1779204085,reviews,v2,Running,True
1779204085,reviews,v2,Running,True
1779204085,reviews,v3,Running,True
1779204085,reviews,v3,Running,True
1779204085,reviews,v3,Running,True
1779204086,details,v1,Running,True
1779204086,details,v1,Running,True
1779204086,details,v1,Running,True
1779204086,details,v1,Running,True
1779204086,details,v1,Running,True
1779204086,productpage,v1,Running,True
1779204086,productpage,v1,Running,True
1779204086,productpage,v1,Running,True
1779204086,productpage,v1,Running,True
1779204086,productpage,v1,Running,True
1779204086,productpage,v1,Running,True
1779204086,productpage,v1,Running,True
1779204086,productpage,v1,Running,True
1779204086,productpage,v1,Running,True
1779204086,productpage,v1,Running,True
1779204086,productpage,v1,Running,True
1779204086,productpage,v1,Running,True
1779204086,productpage,v1,Running,True
1779204086,productpage,v1,Running,True
1779204086,productpage,v1,Running,True
1779204086,ratings,v1,Running,True
1779204086,reviews,v1,Running,True
1779204086,reviews,v2,Running,True
1779204086,reviews,v2,Running,True
1779204086,reviews,v3,Running,True
1779204086,reviews,v3,Running,True
1779204086,reviews,v3,Running,True
1779204087,details,v1,Running,True
1779204087,details,v1,Running,True
1779204087,details,v1,Running,True
1779204087,details,v1,Running,True
1779204087,details,v1,Running,True
1779204087,productpage,v1,Running,True
1779204087,productpage,v1,Running,True
1779204087,productpage,v1,Running,True
1779204087,productpage,v1,Running,True
1779204087,productpage,v1,Running,True
1779204087,productpage,v1,Running,True
1779204087,productpage,v1,Running,True
1779204087,productpage,v1,Running,True
1779204087,productpage,v1,Running,True
1779204087,productpage,v1,Running,True
1779204087,productpage,v1,Running,True
1779204087,productpage,v1,Running,True
1779204087,productpage,v1,Running,True
1779204087,productpage,v1,Running,True
1779204087,productpage,v1,Running,True
1779204087,ratings,v1,Running,True
1779204087,reviews,v1,Running,True
1779204087,reviews,v2,Running,True
1779204087,reviews,v2,Running,True
1779204087,reviews,v3,Running,True
1779204087,reviews,v3,Running,True
1779204087,reviews,v3,Running,True
1779204088,details,v1,Running,True
1779204088,details,v1,Running,True
1779204088,details,v1,Running,True
1779204088,details,v1,Running,True
1779204088,details,v1,Running,True
1779204088,productpage,v1,Running,True
1779204088,productpage,v1,Running,True
1779204088,productpage,v1,Running,True
1779204088,productpage,v1,Running,True
1779204088,productpage,v1,Running,True
1779204088,productpage,v1,Running,True
1779204088,productpage,v1,Running,True
1779204088,productpage,v1,Running,True
1779204088,productpage,v1,Running,True
1779204088,productpage,v1,Running,True
1779204088,productpage,v1,Running,True
1779204088,productpage,v1,Running,True
1779204088,productpage,v1,Running,True
1779204088,productpage,v1,Running,True
1779204088,productpage,v1,Running,True
1779204088,ratings,v1,Running,True
1779204088,reviews,v1,Running,True
1779204088,reviews,v2,Running,True
1779204088,reviews,v2,Running,True
1779204088,reviews,v3,Running,True
1779204088,reviews,v3,Running,True
1779204088,reviews,v3,Running,True
1779204089,details,v1,Running,True
1779204089,details,v1,Running,True
1779204089,details,v1,Running,True
1779204089,details,v1,Running,True
1779204089,details,v1,Running,True
1779204089,productpage,v1,Running,True
1779204089,productpage,v1,Running,True
1779204089,productpage,v1,Running,True
1779204089,productpage,v1,Running,True
1779204089,productpage,v1,Running,True
1779204089,productpage,v1,Running,True
1779204089,productpage,v1,Running,True
1779204089,productpage,v1,Running,True
1779204089,productpage,v1,Running,True
1779204089,productpage,v1,Running,True
1779204089,productpage,v1,Running,True
1779204089,productpage,v1,Running,True
1779204089,productpage,v1,Running,True
1779204089,productpage,v1,Running,True
1779204089,productpage,v1,Running,True
1779204089,ratings,v1,Running,True
1779204089,reviews,v1,Running,True
1779204089,reviews,v2,Running,True
1779204089,reviews,v2,Running,True
1779204089,reviews,v3,Running,True
1779204089,reviews,v3,Running,True
1779204089,reviews,v3,Running,True
1779204090,details,v1,Running,True
1779204090,details,v1,Running,True
1779204090,details,v1,Running,True
1779204090,details,v1,Running,True
1779204090,details,v1,Running,True
1779204090,productpage,v1,Running,True
1779204090,productpage,v1,Running,True
1779204090,productpage,v1,Running,True
1779204090,productpage,v1,Running,True
1779204090,productpage,v1,Running,True
1779204090,productpage,v1,Running,True
1779204090,productpage,v1,Running,True
1779204090,productpage,v1,Running,True
1779204090,productpage,v1,Running,True
1779204090,productpage,v1,Running,True
1779204090,productpage,v1,Running,True
1779204090,productpage,v1,Running,True
1779204090,productpage,v1,Running,True
1779204090,productpage,v1,Running,True
1779204090,productpage,v1,Running,True
1779204090,ratings,v1,Running,True
1779204090,reviews,v1,Running,True
1779204090,reviews,v2,Running,True
1779204090,reviews,v2,Running,True
1779204090,reviews,v3,Running,True
1779204090,reviews,v3,Running,True
1779204090,reviews,v3,Running,True
1779204091,details,v1,Running,True
1779204091,details,v1,Running,True
1779204091,details,v1,Running,True
1779204091,details,v1,Running,True
1779204091,details,v1,Running,True
1779204091,productpage,v1,Running,True
1779204091,productpage,v1,Running,True
1779204091,productpage,v1,Running,True
1779204091,productpage,v1,Running,True
1779204091,productpage,v1,Running,True
1779204091,productpage,v1,Running,True
1779204091,productpage,v1,Running,True
1779204091,productpage,v1,Running,True
1779204091,productpage,v1,Running,True
1779204091,productpage,v1,Running,True
1779204091,productpage,v1,Running,True
1779204091,productpage,v1,Running,True
1779204091,productpage,v1,Running,True
1779204091,productpage,v1,Running,True
1779204091,productpage,v1,Running,True
1779204091,ratings,v1,Running,True
1779204091,reviews,v1,Running,True
1779204091,reviews,v2,Running,True
1779204091,reviews,v2,Running,True
1779204091,reviews,v3,Running,True
1779204091,reviews,v3,Running,True
1779204091,reviews,v3,Running,True
1779204092,details,v1,Running,True
1779204092,details,v1,Running,True
1779204092,details,v1,Running,True
1779204092,details,v1,Running,True
1779204092,details,v1,Running,True
1779204092,productpage,v1,Running,True
1779204092,productpage,v1,Running,True
1779204092,productpage,v1,Running,True
1779204092,productpage,v1,Running,True
1779204092,productpage,v1,Running,True
1779204092,productpage,v1,Running,True
1779204092,productpage,v1,Running,True
1779204092,productpage,v1,Running,True
1779204092,productpage,v1,Running,True
1779204092,productpage,v1,Running,True
1779204092,productpage,v1,Running,True
1779204092,productpage,v1,Running,True
1779204092,productpage,v1,Running,True
1779204092,productpage,v1,Running,True
1779204092,productpage,v1,Running,True
1779204092,ratings,v1,Running,True
1779204092,reviews,v1,Running,True
1779204092,reviews,v2,Running,True
1779204092,reviews,v2,Running,True
1779204092,reviews,v3,Running,True
1779204092,reviews,v3,Running,True
1779204092,reviews,v3,Running,True
1779204093,details,v1,Running,True
1779204093,details,v1,Running,True
1779204093,details,v1,Running,True
1779204093,details,v1,Running,True
1779204093,details,v1,Running,True
1779204093,productpage,v1,Running,True
1779204093,productpage,v1,Running,True
1779204093,productpage,v1,Running,True
1779204093,productpage,v1,Running,True
1779204093,productpage,v1,Running,True
1779204093,productpage,v1,Running,True
1779204093,productpage,v1,Running,True
1779204093,productpage,v1,Running,True
1779204093,productpage,v1,Running,True
1779204093,productpage,v1,Running,True
1779204093,productpage,v1,Running,True
1779204093,productpage,v1,Running,True
1779204093,productpage,v1,Running,True
1779204093,productpage,v1,Running,True
1779204093,productpage,v1,Running,True
1779204093,ratings,v1,Running,True
1779204093,reviews,v1,Running,True
1779204093,reviews,v2,Running,True
1779204093,reviews,v2,Running,True
1779204093,reviews,v3,Running,True
1779204093,reviews,v3,Running,True
1779204093,reviews,v3,Running,True
1779204094,details,v1,Running,True
1779204094,details,v1,Running,True
1779204094,details,v1,Running,True
1779204094,details,v1,Running,True
1779204094,details,v1,Running,True
1779204094,productpage,v1,Running,True
1779204094,productpage,v1,Running,True
1779204094,productpage,v1,Running,True
1779204094,productpage,v1,Running,True
1779204094,productpage,v1,Running,True
1779204094,productpage,v1,Running,True
1779204094,productpage,v1,Running,True
1779204094,productpage,v1,Running,True
1779204094,productpage,v1,Running,True
1779204094,productpage,v1,Running,True
1779204094,productpage,v1,Running,True
1779204094,productpage,v1,Running,True
1779204094,productpage,v1,Running,True
1779204094,productpage,v1,Running,True
1779204094,productpage,v1,Running,True
1779204094,ratings,v1,Running,True
1779204094,reviews,v1,Running,True
1779204094,reviews,v2,Running,True
1779204094,reviews,v2,Running,True
1779204094,reviews,v3,Running,True
1779204094,reviews,v3,Running,True
1779204094,reviews,v3,Running,True
1779204095,details,v1,Running,True
1779204095,details,v1,Running,True
1779204095,details,v1,Running,True
1779204095,details,v1,Running,True
1779204095,details,v1,Running,True
1779204095,productpage,v1,Running,True
1779204095,productpage,v1,Running,True
1779204095,productpage,v1,Running,True
1779204095,productpage,v1,Running,True
1779204095,productpage,v1,Running,True
1779204095,productpage,v1,Running,True
1779204095,productpage,v1,Running,True
1779204095,productpage,v1,Running,True
1779204095,productpage,v1,Running,True
1779204095,productpage,v1,Running,True
1779204095,productpage,v1,Running,True
1779204095,productpage,v1,Running,True
1779204095,productpage,v1,Running,True
1779204095,productpage,v1,Running,True
1779204095,productpage,v1,Running,True
1779204095,ratings,v1,Running,True
1779204095,reviews,v1,Running,True
1779204095,reviews,v2,Running,True
1779204095,reviews,v2,Running,True
1779204095,reviews,v3,Running,True
1779204095,reviews,v3,Running,True
1779204095,reviews,v3,Running,True
1779204096,details,v1,Running,True
1779204096,details,v1,Running,True
1779204096,details,v1,Running,True
1779204096,details,v1,Running,True
1779204096,details,v1,Running,True
1779204096,productpage,v1,Running,True
1779204096,productpage,v1,Running,True
1779204096,productpage,v1,Running,True
1779204096,productpage,v1,Running,True
1779204096,productpage,v1,Running,True
1779204096,productpage,v1,Running,True
1779204096,productpage,v1,Running,True
1779204096,productpage,v1,Running,True
1779204096,productpage,v1,Running,True
1779204096,productpage,v1,Running,True
1779204096,productpage,v1,Running,True
1779204096,productpage,v1,Running,True
1779204096,productpage,v1,Running,True
1779204096,productpage,v1,Running,True
1779204096,productpage,v1,Running,True
1779204096,ratings,v1,Running,True
1779204096,reviews,v1,Running,True
1779204096,reviews,v2,Running,True
1779204096,reviews,v2,Running,True
1779204096,reviews,v3,Running,True
1779204096,reviews,v3,Running,True
1779204096,reviews,v3,Running,True
1779204097,details,v1,Running,True
1779204097,details,v1,Running,True
1779204097,details,v1,Running,True
1779204097,details,v1,Running,True
1779204097,details,v1,Running,True
1779204097,productpage,v1,Running,True
1779204097,productpage,v1,Running,True
1779204097,productpage,v1,Running,True
1779204097,productpage,v1,Running,True
1779204097,productpage,v1,Running,True
1779204097,productpage,v1,Running,True
1779204097,productpage,v1,Running,True
1779204097,productpage,v1,Running,True
1779204097,productpage,v1,Running,True
1779204097,productpage,v1,Running,True
1779204097,productpage,v1,Running,True
1779204097,productpage,v1,Running,True
1779204097,productpage,v1,Running,True
1779204097,productpage,v1,Running,True
1779204097,productpage,v1,Running,True
1779204097,ratings,v1,Running,True
1779204097,reviews,v1,Running,True
1779204097,reviews,v2,Running,True
1779204097,reviews,v2,Running,True
1779204097,reviews,v3,Running,True
1779204097,reviews,v3,Running,True
1779204097,reviews,v3,Running,True
1779204098,details,v1,Running,True
1779204098,details,v1,Running,True
1779204098,details,v1,Running,True
1779204098,details,v1,Running,True
1779204098,details,v1,Running,True
1779204098,productpage,v1,Running,True
1779204098,productpage,v1,Running,True
1779204098,productpage,v1,Running,True
1779204098,productpage,v1,Running,True
1779204098,productpage,v1,Running,True
1779204098,productpage,v1,Running,True
1779204098,productpage,v1,Running,True
1779204098,productpage,v1,Running,True
1779204098,productpage,v1,Running,True
1779204098,productpage,v1,Running,True
1779204098,productpage,v1,Running,True
1779204098,productpage,v1,Running,True
1779204098,productpage,v1,Running,True
1779204098,productpage,v1,Running,True
1779204098,productpage,v1,Running,True
1779204098,ratings,v1,Running,True
1779204098,reviews,v1,Running,True
1779204098,reviews,v2,Running,True
1779204098,reviews,v2,Running,True
1779204098,reviews,v3,Running,True
1779204098,reviews,v3,Running,True
1779204098,reviews,v3,Running,True
1779204099,details,v1,Running,True
1779204099,details,v1,Running,True
1779204099,details,v1,Running,True
1779204099,details,v1,Running,True
1779204099,details,v1,Running,True
1779204099,productpage,v1,Running,True
1779204099,productpage,v1,Running,True
1779204099,productpage,v1,Running,True
1779204099,productpage,v1,Running,True
1779204099,productpage,v1,Running,True
1779204099,productpage,v1,Running,True
1779204099,productpage,v1,Running,True
1779204099,productpage,v1,Running,True
1779204099,productpage,v1,Running,True
1779204099,productpage,v1,Running,True
1779204099,productpage,v1,Running,True
1779204099,productpage,v1,Running,True
1779204099,productpage,v1,Running,True
1779204099,productpage,v1,Running,True
1779204099,productpage,v1,Running,True
1779204099,ratings,v1,Running,True
1779204099,reviews,v1,Running,True
1779204099,reviews,v2,Running,True
1779204099,reviews,v2,Running,True
1779204099,reviews,v3,Running,True
1779204099,reviews,v3,Running,True
1779204099,reviews,v3,Running,True
1779204100,details,v1,Running,True
1779204100,details,v1,Running,True
1779204100,details,v1,Running,True
1779204100,details,v1,Running,True
1779204100,details,v1,Running,True
1779204100,productpage,v1,Running,True
1779204100,productpage,v1,Running,True
1779204100,productpage,v1,Running,True
1779204100,productpage,v1,Running,True
1779204100,productpage,v1,Running,True
1779204100,productpage,v1,Running,True
1779204100,productpage,v1,Running,True
1779204100,productpage,v1,Running,True
1779204100,productpage,v1,Running,True
1779204100,productpage,v1,Running,True
1779204100,productpage,v1,Running,True
1779204100,productpage,v1,Running,True
1779204100,productpage,v1,Running,True
1779204100,productpage,v1,Running,True
1779204100,productpage,v1,Running,True
1779204100,ratings,v1,Running,True
1779204100,reviews,v1,Running,True
1779204100,reviews,v2,Running,True
1779204100,reviews,v2,Running,True
1779204100,reviews,v3,Running,True
1779204100,reviews,v3,Running,True
1779204100,reviews,v3,Running,True
1779204101,details,v1,Running,True
1779204101,details,v1,Running,True
1779204101,details,v1,Running,True
1779204101,details,v1,Running,True
1779204101,details,v1,Running,True
1779204101,productpage,v1,Running,True
1779204101,productpage,v1,Running,True
1779204101,productpage,v1,Running,True
1779204101,productpage,v1,Running,True
1779204101,productpage,v1,Running,True
1779204101,productpage,v1,Running,True
1779204101,productpage,v1,Running,True
1779204101,productpage,v1,Running,True
1779204101,productpage,v1,Running,True
1779204101,productpage,v1,Running,True
1779204101,productpage,v1,Running,True
1779204101,productpage,v1,Running,True
1779204101,productpage,v1,Running,True
1779204101,productpage,v1,Running,True
1779204101,productpage,v1,Running,True
1779204101,ratings,v1,Running,True
1779204101,reviews,v1,Running,True
1779204101,reviews,v2,Running,True
1779204101,reviews,v2,Running,True
1779204101,reviews,v3,Running,True
1779204101,reviews,v3,Running,True
1779204101,reviews,v3,Running,True
1779204102,details,v1,Running,True
1779204102,details,v1,Running,True
1779204102,details,v1,Running,True
1779204102,details,v1,Running,True
1779204102,details,v1,Running,True
1779204102,productpage,v1,Running,True
1779204102,productpage,v1,Running,True
1779204102,productpage,v1,Running,True
1779204102,productpage,v1,Running,True
1779204102,productpage,v1,Running,True
1779204102,productpage,v1,Running,True
1779204102,productpage,v1,Running,True
1779204102,productpage,v1,Running,True
1779204102,productpage,v1,Running,True
1779204102,productpage,v1,Running,True
1779204102,productpage,v1,Running,True
1779204102,productpage,v1,Running,True
1779204102,productpage,v1,Running,True
1779204102,productpage,v1,Running,True
1779204102,productpage,v1,Running,True
1779204102,ratings,v1,Running,True
1779204102,reviews,v1,Running,True
1779204102,reviews,v2,Running,True
1779204102,reviews,v2,Running,True
1779204102,reviews,v3,Running,True
1779204102,reviews,v3,Running,True
1779204102,reviews,v3,Running,True
1779204103,details,v1,Running,True
1779204103,details,v1,Running,True
1779204103,details,v1,Running,True
1779204103,details,v1,Running,True
1779204103,details,v1,Running,True
1779204103,productpage,v1,Running,True
1779204103,productpage,v1,Running,True
1779204103,productpage,v1,Running,True
1779204103,productpage,v1,Running,True
1779204103,productpage,v1,Running,True
1779204103,productpage,v1,Running,True
1779204103,productpage,v1,Running,True
1779204103,productpage,v1,Running,True
1779204103,productpage,v1,Running,True
1779204103,productpage,v1,Running,True
1779204103,productpage,v1,Running,True
1779204103,productpage,v1,Running,True
1779204103,productpage,v1,Running,True
1779204103,productpage,v1,Running,True
1779204103,productpage,v1,Running,True
1779204103,ratings,v1,Running,True
1779204103,reviews,v1,Running,True
1779204103,reviews,v2,Running,True
1779204103,reviews,v2,Running,True
1779204103,reviews,v3,Running,True
1779204103,reviews,v3,Running,True
1779204103,reviews,v3,Running,True
1779204104,details,v1,Running,True
1779204104,details,v1,Running,True
1779204104,details,v1,Running,True
1779204104,details,v1,Running,True
1779204104,details,v1,Running,True
1779204104,productpage,v1,Running,True
1779204104,productpage,v1,Running,True
1779204104,productpage,v1,Running,True
1779204104,productpage,v1,Running,True
1779204104,productpage,v1,Running,True
1779204104,productpage,v1,Running,True
1779204104,productpage,v1,Running,True
1779204104,productpage,v1,Running,True
1779204104,productpage,v1,Running,True
1779204104,productpage,v1,Running,True
1779204104,productpage,v1,Running,True
1779204104,productpage,v1,Running,True
1779204104,productpage,v1,Running,True
1779204104,productpage,v1,Running,True
1779204104,productpage,v1,Running,True
1779204104,ratings,v1,Running,True
1779204104,reviews,v1,Running,True
1779204104,reviews,v2,Running,True
1779204104,reviews,v2,Running,True
1779204104,reviews,v3,Running,True
1779204104,reviews,v3,Running,True
1779204104,reviews,v3,Running,True
1779204105,details,v1,Running,True
1779204105,details,v1,Running,True
1779204105,details,v1,Running,True
1779204105,details,v1,Running,True
1779204105,details,v1,Running,True
1779204105,productpage,v1,Running,True
1779204105,productpage,v1,Running,True
1779204105,productpage,v1,Running,True
1779204105,productpage,v1,Running,True
1779204105,productpage,v1,Running,True
1779204105,productpage,v1,Running,True
1779204105,productpage,v1,Running,True
1779204105,productpage,v1,Running,True
1779204105,productpage,v1,Running,True
1779204105,productpage,v1,Running,True
1779204105,productpage,v1,Running,True
1779204105,productpage,v1,Running,True
1779204105,productpage,v1,Running,True
1779204105,productpage,v1,Running,True
1779204105,productpage,v1,Running,True
1779204105,ratings,v1,Running,True
1779204105,reviews,v1,Running,True
1779204105,reviews,v2,Running,True
1779204105,reviews,v2,Running,True
1779204105,reviews,v3,Running,True
1779204105,reviews,v3,Running,True
1779204105,reviews,v3,Running,True
1779204106,details,v1,Pending,False
1779204106,details,v1,Running,True
1779204106,details,v1,Running,True
1779204106,details,v1,Running,True
1779204106,details,v1,Running,True
1779204106,details,v1,Running,True
1779204106,productpage,v1,Running,True
1779204106,productpage,v1,Running,True
1779204106,productpage,v1,Running,True
1779204106,productpage,v1,Running,True
1779204106,productpage,v1,Running,True
1779204106,productpage,v1,Running,True
1779204106,productpage,v1,Running,True
1779204106,productpage,v1,Running,True
1779204106,productpage,v1,Running,True
1779204106,productpage,v1,Running,True
1779204106,productpage,v1,Running,True
1779204106,productpage,v1,Running,True
1779204106,productpage,v1,Running,True
1779204106,productpage,v1,Running,True
1779204106,productpage,v1,Running,True
1779204106,ratings,v1,Running,True
1779204106,reviews,v1,Running,True
1779204106,reviews,v2,Running,True
1779204106,reviews,v2,Running,True
1779204106,reviews,v3,Running,True
1779204106,reviews,v3,Running,True
1779204106,reviews,v3,Running,True
1779204107,details,v1,Pending,False
1779204107,details,v1,Running,True
1779204107,details,v1,Running,True
1779204107,details,v1,Running,True
1779204107,details,v1,Running,True
1779204107,details,v1,Running,True
1779204107,productpage,v1,Running,True
1779204107,productpage,v1,Running,True
1779204107,productpage,v1,Running,True
1779204107,productpage,v1,Running,True
1779204107,productpage,v1,Running,True
1779204107,productpage,v1,Running,True
1779204107,productpage,v1,Running,True
1779204107,productpage,v1,Running,True
1779204107,productpage,v1,Running,True
1779204107,productpage,v1,Running,True
1779204107,productpage,v1,Running,True
1779204107,productpage,v1,Running,True
1779204107,productpage,v1,Running,True
1779204107,productpage,v1,Running,True
1779204107,productpage,v1,Running,True
1779204107,ratings,v1,Running,True
1779204107,reviews,v1,Running,True
1779204107,reviews,v2,Running,True
1779204107,reviews,v2,Running,True
1779204107,reviews,v3,Running,True
1779204107,reviews,v3,Running,True
1779204107,reviews,v3,Running,True
1779204108,details,v1,Pending,False
1779204108,details,v1,Running,True
1779204108,details,v1,Running,True
1779204108,details,v1,Running,True
1779204108,details,v1,Running,True
1779204108,details,v1,Running,True
1779204108,productpage,v1,Running,True
1779204108,productpage,v1,Running,True
1779204108,productpage,v1,Running,True
1779204108,productpage,v1,Running,True
1779204108,productpage,v1,Running,True
1779204108,productpage,v1,Running,True
1779204108,productpage,v1,Running,True
1779204108,productpage,v1,Running,True
1779204108,productpage,v1,Running,True
1779204108,productpage,v1,Running,True
1779204108,productpage,v1,Running,True
1779204108,productpage,v1,Running,True
1779204108,productpage,v1,Running,True
1779204108,productpage,v1,Running,True
1779204108,productpage,v1,Running,True
1779204108,ratings,v1,Running,True
1779204108,reviews,v1,Running,True
1779204108,reviews,v2,Running,True
1779204108,reviews,v2,Running,True
1779204108,reviews,v3,Running,True
1779204108,reviews,v3,Running,True
1779204108,reviews,v3,Running,True
1779204109,details,v1,Running,False
1779204109,details,v1,Running,True
1779204109,details,v1,Running,True
1779204109,details,v1,Running,True
1779204109,details,v1,Running,True
1779204109,details,v1,Running,True
1779204109,productpage,v1,Running,True
1779204109,productpage,v1,Running,True
1779204109,productpage,v1,Running,True
1779204109,productpage,v1,Running,True
1779204109,productpage,v1,Running,True
1779204109,productpage,v1,Running,True
1779204109,productpage,v1,Running,True
1779204109,productpage,v1,Running,True
1779204109,productpage,v1,Running,True
1779204109,productpage,v1,Running,True
1779204109,productpage,v1,Running,True
1779204109,productpage,v1,Running,True
1779204109,productpage,v1,Running,True
1779204109,productpage,v1,Running,True
1779204109,productpage,v1,Running,True
1779204109,ratings,v1,Running,True
1779204109,reviews,v1,Running,True
1779204109,reviews,v2,Running,True
1779204109,reviews,v2,Running,True
1779204109,reviews,v3,Running,True
1779204109,reviews,v3,Running,True
1779204109,reviews,v3,Running,True
1779204110,details,v1,Running,False
1779204110,details,v1,Running,True
1779204110,details,v1,Running,True
1779204110,details,v1,Running,True
1779204110,details,v1,Running,True
1779204110,details,v1,Running,True
1779204110,productpage,v1,Running,True
1779204110,productpage,v1,Running,True
1779204110,productpage,v1,Running,True
1779204110,productpage,v1,Running,True
1779204110,productpage,v1,Running,True
1779204110,productpage,v1,Running,True
1779204110,productpage,v1,Running,True
1779204110,productpage,v1,Running,True
1779204110,productpage,v1,Running,True
1779204110,productpage,v1,Running,True
1779204110,productpage,v1,Running,True
1779204110,productpage,v1,Running,True
1779204110,productpage,v1,Running,True
1779204110,productpage,v1,Running,True
1779204110,productpage,v1,Running,True
1779204110,ratings,v1,Running,True
1779204110,reviews,v1,Running,True
1779204110,reviews,v2,Running,True
1779204110,reviews,v2,Running,True
1779204110,reviews,v3,Running,True
1779204110,reviews,v3,Running,True
1779204110,reviews,v3,Running,True
1779204111,details,v1,Running,True
1779204111,details,v1,Running,True
1779204111,details,v1,Running,True
1779204111,details,v1,Running,True
1779204111,details,v1,Running,True
1779204111,details,v1,Running,True
1779204111,productpage,v1,Running,True
1779204111,productpage,v1,Running,True
1779204111,productpage,v1,Running,True
1779204111,productpage,v1,Running,True
1779204111,productpage,v1,Running,True
1779204111,productpage,v1,Running,True
1779204111,productpage,v1,Running,True
1779204111,productpage,v1,Running,True
1779204111,productpage,v1,Running,True
1779204111,productpage,v1,Running,True
1779204111,productpage,v1,Running,True
1779204111,productpage,v1,Running,True
1779204111,productpage,v1,Running,True
1779204111,productpage,v1,Running,True
1779204111,productpage,v1,Running,True
1779204111,ratings,v1,Running,True
1779204111,reviews,v1,Running,True
1779204111,reviews,v2,Running,True
1779204111,reviews,v2,Running,True
1779204111,reviews,v3,Running,True
1779204111,reviews,v3,Running,True
1779204111,reviews,v3,Running,True
1779204112,details,v1,Running,True
1779204112,details,v1,Running,True
1779204112,details,v1,Running,True
1779204112,details,v1,Running,True
1779204112,details,v1,Running,True
1779204112,details,v1,Running,True
1779204112,productpage,v1,Running,True
1779204112,productpage,v1,Running,True
1779204112,productpage,v1,Running,True
1779204112,productpage,v1,Running,True
1779204112,productpage,v1,Running,True
1779204112,productpage,v1,Running,True
1779204112,productpage,v1,Running,True
1779204112,productpage,v1,Running,True
1779204112,productpage,v1,Running,True
1779204112,productpage,v1,Running,True
1779204112,productpage,v1,Running,True
1779204112,productpage,v1,Running,True
1779204112,productpage,v1,Running,True
1779204112,productpage,v1,Running,True
1779204112,productpage,v1,Running,True
1779204112,ratings,v1,Running,True
1779204112,reviews,v1,Running,True
1779204112,reviews,v2,Running,True
1779204112,reviews,v2,Running,True
1779204112,reviews,v3,Running,True
1779204112,reviews,v3,Running,True
1779204112,reviews,v3,Running,True
1779204113,details,v1,Running,True
1779204113,details,v1,Running,True
1779204113,details,v1,Running,True
1779204113,details,v1,Running,True
1779204113,details,v1,Running,True
1779204113,details,v1,Running,True
1779204113,productpage,v1,Running,True
1779204113,productpage,v1,Running,True
1779204113,productpage,v1,Running,True
1779204113,productpage,v1,Running,True
1779204113,productpage,v1,Running,True
1779204113,productpage,v1,Running,True
1779204113,productpage,v1,Running,True
1779204113,productpage,v1,Running,True
1779204113,productpage,v1,Running,True
1779204113,productpage,v1,Running,True
1779204113,productpage,v1,Running,True
1779204113,productpage,v1,Running,True
1779204113,productpage,v1,Running,True
1779204113,productpage,v1,Running,True
1779204113,productpage,v1,Running,True
1779204113,ratings,v1,Running,True
1779204113,reviews,v1,Running,True
1779204113,reviews,v2,Running,True
1779204113,reviews,v2,Running,True
1779204113,reviews,v3,Running,True
1779204113,reviews,v3,Running,True
1779204113,reviews,v3,Running,True
1779204114,details,v1,Running,True
1779204114,details,v1,Running,True
1779204114,details,v1,Running,True
1779204114,details,v1,Running,True
1779204114,details,v1,Running,True
1779204114,details,v1,Running,True
1779204114,productpage,v1,Running,True
1779204114,productpage,v1,Running,True
1779204114,productpage,v1,Running,True
1779204114,productpage,v1,Running,True
1779204114,productpage,v1,Running,True
1779204114,productpage,v1,Running,True
1779204114,productpage,v1,Running,True
1779204114,productpage,v1,Running,True
1779204114,productpage,v1,Running,True
1779204114,productpage,v1,Running,True
1779204114,productpage,v1,Running,True
1779204114,productpage,v1,Running,True
1779204114,productpage,v1,Running,True
1779204114,productpage,v1,Running,True
1779204114,productpage,v1,Running,True
1779204114,ratings,v1,Running,True
1779204114,reviews,v1,Running,True
1779204114,reviews,v2,Running,True
1779204114,reviews,v2,Running,True
1779204114,reviews,v3,Running,True
1779204114,reviews,v3,Running,True
1779204114,reviews,v3,Running,True
1779204115,details,v1,Running,True
1779204115,details,v1,Running,True
1779204115,details,v1,Running,True
1779204115,details,v1,Running,True
1779204115,details,v1,Running,True
1779204115,details,v1,Running,True
1779204115,productpage,v1,Running,True
1779204115,productpage,v1,Running,True
1779204115,productpage,v1,Running,True
1779204115,productpage,v1,Running,True
1779204115,productpage,v1,Running,True
1779204115,productpage,v1,Running,True
1779204115,productpage,v1,Running,True
1779204115,productpage,v1,Running,True
1779204115,productpage,v1,Running,True
1779204115,productpage,v1,Running,True
1779204115,productpage,v1,Running,True
1779204115,productpage,v1,Running,True
1779204115,productpage,v1,Running,True
1779204115,productpage,v1,Running,True
1779204115,productpage,v1,Running,True
1779204115,ratings,v1,Running,True
1779204115,reviews,v1,Running,True
1779204115,reviews,v2,Running,True
1779204115,reviews,v2,Running,True
1779204115,reviews,v3,Running,True
1779204115,reviews,v3,Running,True
1779204115,reviews,v3,Running,True
1779204116,details,v1,Running,True
1779204116,details,v1,Running,True
1779204116,details,v1,Running,True
1779204116,details,v1,Running,True
1779204116,details,v1,Running,True
1779204116,details,v1,Running,True
1779204116,productpage,v1,Running,True
1779204116,productpage,v1,Running,True
1779204116,productpage,v1,Running,True
1779204116,productpage,v1,Running,True
1779204116,productpage,v1,Running,True
1779204116,productpage,v1,Running,True
1779204116,productpage,v1,Running,True
1779204116,productpage,v1,Running,True
1779204116,productpage,v1,Running,True
1779204116,productpage,v1,Running,True
1779204116,productpage,v1,Running,True
1779204116,productpage,v1,Running,True
1779204116,productpage,v1,Running,True
1779204116,productpage,v1,Running,True
1779204116,productpage,v1,Running,True
1779204116,ratings,v1,Running,True
1779204116,reviews,v1,Running,True
1779204116,reviews,v2,Running,True
1779204116,reviews,v2,Running,True
1779204116,reviews,v3,Running,True
1779204116,reviews,v3,Running,True
1779204116,reviews,v3,Running,True
1779204117,details,v1,Running,True
1779204117,details,v1,Running,True
1779204117,details,v1,Running,True
1779204117,details,v1,Running,True
1779204117,details,v1,Running,True
1779204117,details,v1,Running,True
1779204117,productpage,v1,Running,True
1779204117,productpage,v1,Running,True
1779204117,productpage,v1,Running,True
1779204117,productpage,v1,Running,True
1779204117,productpage,v1,Running,True
1779204117,productpage,v1,Running,True
1779204117,productpage,v1,Running,True
1779204117,productpage,v1,Running,True
1779204117,productpage,v1,Running,True
1779204117,productpage,v1,Running,True
1779204117,productpage,v1,Running,True
1779204117,productpage,v1,Running,True
1779204117,productpage,v1,Running,True
1779204117,productpage,v1,Running,True
1779204117,productpage,v1,Running,True
1779204117,ratings,v1,Running,True
1779204117,reviews,v1,Running,True
1779204117,reviews,v2,Running,True
1779204117,reviews,v2,Running,True
1779204117,reviews,v3,Running,True
1779204117,reviews,v3,Running,True
1779204117,reviews,v3,Running,True
1779204118,details,v1,Running,True
1779204118,details,v1,Running,True
1779204118,details,v1,Running,True
1779204118,details,v1,Running,True
1779204118,details,v1,Running,True
1779204118,details,v1,Running,True
1779204118,productpage,v1,Running,True
1779204118,productpage,v1,Running,True
1779204118,productpage,v1,Running,True
1779204118,productpage,v1,Running,True
1779204118,productpage,v1,Running,True
1779204118,productpage,v1,Running,True
1779204118,productpage,v1,Running,True
1779204118,productpage,v1,Running,True
1779204118,productpage,v1,Running,True
1779204118,productpage,v1,Running,True
1779204118,productpage,v1,Running,True
1779204118,productpage,v1,Running,True
1779204118,productpage,v1,Running,True
1779204118,productpage,v1,Running,True
1779204118,productpage,v1,Running,True
1779204118,ratings,v1,Running,True
1779204118,reviews,v1,Running,True
1779204118,reviews,v2,Running,True
1779204118,reviews,v2,Running,True
1779204118,reviews,v3,Running,True
1779204118,reviews,v3,Running,True
1779204118,reviews,v3,Running,True
1779204119,details,v1,Running,True
1779204119,details,v1,Running,True
1779204119,details,v1,Running,True
1779204119,details,v1,Running,True
1779204119,details,v1,Running,True
1779204119,details,v1,Running,True
1779204119,productpage,v1,Running,True
1779204119,productpage,v1,Running,True
1779204119,productpage,v1,Running,True
1779204119,productpage,v1,Running,True
1779204119,productpage,v1,Running,True
1779204119,productpage,v1,Running,True
1779204119,productpage,v1,Running,True
1779204119,productpage,v1,Running,True
1779204119,productpage,v1,Running,True
1779204119,productpage,v1,Running,True
1779204119,productpage,v1,Running,True
1779204119,productpage,v1,Running,True
1779204119,productpage,v1,Running,True
1779204119,productpage,v1,Running,True
1779204119,productpage,v1,Running,True
1779204119,ratings,v1,Running,True
1779204119,reviews,v1,Running,True
1779204119,reviews,v2,Running,True
1779204119,reviews,v2,Running,True
1779204119,reviews,v3,Running,True
1779204119,reviews,v3,Running,True
1779204119,reviews,v3,Running,True
1779204120,details,v1,Running,True
1779204120,details,v1,Running,True
1779204120,details,v1,Running,True
1779204120,details,v1,Running,True
1779204120,details,v1,Running,True
1779204120,details,v1,Running,True
1779204120,productpage,v1,Running,True
1779204120,productpage,v1,Running,True
1779204120,productpage,v1,Running,True
1779204120,productpage,v1,Running,True
1779204120,productpage,v1,Running,True
1779204120,productpage,v1,Running,True
1779204120,productpage,v1,Running,True
1779204120,productpage,v1,Running,True
1779204120,productpage,v1,Running,True
1779204120,productpage,v1,Running,True
1779204120,productpage,v1,Running,True
1779204120,productpage,v1,Running,True
1779204120,productpage,v1,Running,True
1779204120,productpage,v1,Running,True
1779204120,productpage,v1,Running,True
1779204120,ratings,v1,Running,True
1779204120,reviews,v1,Running,True
1779204120,reviews,v2,Running,True
1779204120,reviews,v2,Running,True
1779204120,reviews,v3,Running,True
1779204120,reviews,v3,Running,True
1779204120,reviews,v3,Running,True
1779204121,details,v1,Running,True
1779204121,details,v1,Running,True
1779204121,details,v1,Running,True
1779204121,details,v1,Running,True
1779204121,details,v1,Running,True
1779204121,details,v1,Running,True
1779204121,productpage,v1,Running,True
1779204121,productpage,v1,Running,True
1779204121,productpage,v1,Running,True
1779204121,productpage,v1,Running,True
1779204121,productpage,v1,Running,True
1779204121,productpage,v1,Running,True
1779204121,productpage,v1,Running,True
1779204121,productpage,v1,Running,True
1779204121,productpage,v1,Running,True
1779204121,productpage,v1,Running,True
1779204121,productpage,v1,Running,True
1779204121,productpage,v1,Running,True
1779204121,productpage,v1,Running,True
1779204121,productpage,v1,Running,True
1779204121,productpage,v1,Running,True
1779204121,ratings,v1,Running,True
1779204121,reviews,v1,Running,True
1779204121,reviews,v2,Running,True
1779204121,reviews,v2,Running,True
1779204121,reviews,v3,Running,True
1779204121,reviews,v3,Pending,False
1779204121,reviews,v3,Running,True
1779204121,reviews,v3,Running,True
1779204121,reviews,v3,Pending,False
1779204122,details,v1,Running,True
1779204122,details,v1,Running,True
1779204122,details,v1,Running,True
1779204122,details,v1,Running,True
1779204122,details,v1,Running,True
1779204122,details,v1,Running,True
1779204122,productpage,v1,Running,True
1779204122,productpage,v1,Running,True
1779204122,productpage,v1,Running,True
1779204122,productpage,v1,Running,True
1779204122,productpage,v1,Running,True
1779204122,productpage,v1,Running,True
1779204122,productpage,v1,Running,True
1779204122,productpage,v1,Running,True
1779204122,productpage,v1,Running,True
1779204122,productpage,v1,Running,True
1779204122,productpage,v1,Running,True
1779204122,productpage,v1,Running,True
1779204122,productpage,v1,Running,True
1779204122,productpage,v1,Running,True
1779204122,productpage,v1,Running,True
1779204122,ratings,v1,Running,True
1779204122,reviews,v1,Running,True
1779204122,reviews,v2,Running,True
1779204122,reviews,v2,Running,True
1779204122,reviews,v3,Running,True
1779204122,reviews,v3,Pending,False
1779204122,reviews,v3,Running,True
1779204122,reviews,v3,Running,True
1779204122,reviews,v3,Pending,False
1779204123,details,v1,Running,True
1779204123,details,v1,Running,True
1779204123,details,v1,Running,True
1779204123,details,v1,Running,True
1779204123,details,v1,Running,True
1779204123,details,v1,Running,True
1779204123,productpage,v1,Running,True
1779204123,productpage,v1,Running,True
1779204123,productpage,v1,Running,True
1779204123,productpage,v1,Running,True
1779204123,productpage,v1,Running,True
1779204123,productpage,v1,Running,True
1779204123,productpage,v1,Running,True
1779204123,productpage,v1,Running,True
1779204123,productpage,v1,Running,True
1779204123,productpage,v1,Running,True
1779204123,productpage,v1,Running,True
1779204123,productpage,v1,Running,True
1779204123,productpage,v1,Running,True
1779204123,productpage,v1,Running,True
1779204123,productpage,v1,Running,True
1779204123,ratings,v1,Running,True
1779204123,reviews,v1,Running,True
1779204123,reviews,v2,Running,True
1779204123,reviews,v2,Running,True
1779204123,reviews,v3,Running,True
1779204123,reviews,v3,Pending,False
1779204123,reviews,v3,Running,True
1779204123,reviews,v3,Running,True
1779204123,reviews,v3,Pending,False
1779204124,details,v1,Running,True
1779204124,details,v1,Running,True
1779204124,details,v1,Running,True
1779204124,details,v1,Running,True
1779204124,details,v1,Running,True
1779204124,details,v1,Running,True
1779204124,productpage,v1,Running,True
1779204124,productpage,v1,Running,True
1779204124,productpage,v1,Running,True
1779204124,productpage,v1,Running,True
1779204124,productpage,v1,Running,True
1779204124,productpage,v1,Running,True
1779204124,productpage,v1,Running,True
1779204124,productpage,v1,Running,True
1779204124,productpage,v1,Running,True
1779204124,productpage,v1,Running,True
1779204124,productpage,v1,Running,True
1779204124,productpage,v1,Running,True
1779204124,productpage,v1,Running,True
1779204124,productpage,v1,Running,True
1779204124,productpage,v1,Running,True
1779204124,ratings,v1,Running,True
1779204124,reviews,v1,Running,True
1779204124,reviews,v2,Running,True
1779204124,reviews,v2,Running,True
1779204124,reviews,v3,Running,True
1779204124,reviews,v3,Pending,False
1779204124,reviews,v3,Running,True
1779204124,reviews,v3,Running,True
1779204124,reviews,v3,Pending,False
1779204125,details,v1,Running,True
1779204125,details,v1,Running,True
1779204125,details,v1,Running,True
1779204125,details,v1,Running,True
1779204125,details,v1,Running,True
1779204125,details,v1,Running,True
1779204125,productpage,v1,Running,True
1779204125,productpage,v1,Running,True
1779204125,productpage,v1,Running,True
1779204125,productpage,v1,Running,True
1779204125,productpage,v1,Running,True
1779204125,productpage,v1,Running,True
1779204125,productpage,v1,Running,True
1779204125,productpage,v1,Running,True
1779204125,productpage,v1,Running,True
1779204125,productpage,v1,Running,True
1779204125,productpage,v1,Running,True
1779204125,productpage,v1,Running,True
1779204125,productpage,v1,Running,True
1779204125,productpage,v1,Running,True
1779204125,productpage,v1,Running,True
1779204125,ratings,v1,Running,True
1779204125,reviews,v1,Running,True
1779204125,reviews,v2,Running,True
1779204125,reviews,v2,Running,True
1779204125,reviews,v3,Running,True
1779204125,reviews,v3,Running,False
1779204125,reviews,v3,Running,True
1779204125,reviews,v3,Running,True
1779204125,reviews,v3,Running,False
1779204126,details,v1,Running,True
1779204126,details,v1,Running,True
1779204126,details,v1,Running,True
1779204126,details,v1,Running,True
1779204126,details,v1,Running,True
1779204126,details,v1,Running,True
1779204126,productpage,v1,Running,True
1779204126,productpage,v1,Running,True
1779204126,productpage,v1,Running,True
1779204126,productpage,v1,Running,True
1779204126,productpage,v1,Running,True
1779204126,productpage,v1,Running,True
1779204126,productpage,v1,Running,True
1779204126,productpage,v1,Running,True
1779204126,productpage,v1,Running,True
1779204126,productpage,v1,Running,True
1779204126,productpage,v1,Running,True
1779204126,productpage,v1,Running,True
1779204126,productpage,v1,Running,True
1779204126,productpage,v1,Running,True
1779204126,productpage,v1,Running,True
1779204126,ratings,v1,Running,True
1779204126,reviews,v1,Running,True
1779204126,reviews,v2,Running,True
1779204126,reviews,v2,Running,True
1779204126,reviews,v3,Running,True
1779204126,reviews,v3,Running,False
1779204126,reviews,v3,Running,True
1779204126,reviews,v3,Running,True
1779204126,reviews,v3,Running,False
1779204127,details,v1,Running,True
1779204127,details,v1,Running,True
1779204127,details,v1,Running,True
1779204127,details,v1,Running,True
1779204127,details,v1,Running,True
1779204127,details,v1,Running,True
1779204127,productpage,v1,Running,True
1779204127,productpage,v1,Running,True
1779204127,productpage,v1,Running,True
1779204127,productpage,v1,Running,True
1779204127,productpage,v1,Running,True
1779204127,productpage,v1,Running,True
1779204127,productpage,v1,Running,True
1779204127,productpage,v1,Running,True
1779204127,productpage,v1,Running,True
1779204127,productpage,v1,Running,True
1779204127,productpage,v1,Running,True
1779204127,productpage,v1,Running,True
1779204127,productpage,v1,Running,True
1779204127,productpage,v1,Running,True
1779204127,productpage,v1,Running,True
1779204127,ratings,v1,Running,True
1779204127,reviews,v1,Running,True
1779204127,reviews,v2,Running,True
1779204127,reviews,v2,Running,True
1779204127,reviews,v3,Running,True
1779204127,reviews,v3,Running,True
1779204127,reviews,v3,Running,True
1779204127,reviews,v3,Running,True
1779204127,reviews,v3,Running,True
1779204128,details,v1,Running,True
1779204128,details,v1,Running,True
1779204128,details,v1,Running,True
1779204128,details,v1,Running,True
1779204128,details,v1,Running,True
1779204128,details,v1,Running,True
1779204128,productpage,v1,Running,True
1779204128,productpage,v1,Running,True
1779204128,productpage,v1,Running,True
1779204128,productpage,v1,Running,True
1779204128,productpage,v1,Running,True
1779204128,productpage,v1,Running,True
1779204128,productpage,v1,Running,True
1779204128,productpage,v1,Running,True
1779204128,productpage,v1,Running,True
1779204128,productpage,v1,Running,True
1779204128,productpage,v1,Running,True
1779204128,productpage,v1,Running,True
1779204128,productpage,v1,Running,True
1779204128,productpage,v1,Running,True
1779204128,productpage,v1,Running,True
1779204128,ratings,v1,Running,True
1779204128,reviews,v1,Running,True
1779204128,reviews,v2,Running,True
1779204128,reviews,v2,Running,True
1779204128,reviews,v3,Running,True
1779204128,reviews,v3,Running,True
1779204128,reviews,v3,Running,True
1779204128,reviews,v3,Running,True
1779204128,reviews,v3,Running,True
1779204129,details,v1,Running,True
1779204129,details,v1,Running,True
1779204129,details,v1,Running,True
1779204129,details,v1,Running,True
1779204129,details,v1,Running,True
1779204129,details,v1,Running,True
1779204129,productpage,v1,Running,True
1779204129,productpage,v1,Running,True
1779204129,productpage,v1,Running,True
1779204129,productpage,v1,Running,True
1779204129,productpage,v1,Running,True
1779204129,productpage,v1,Running,True
1779204129,productpage,v1,Running,True
1779204129,productpage,v1,Running,True
1779204129,productpage,v1,Running,True
1779204129,productpage,v1,Running,True
1779204129,productpage,v1,Running,True
1779204129,productpage,v1,Running,True
1779204129,productpage,v1,Running,True
1779204129,productpage,v1,Running,True
1779204129,productpage,v1,Running,True
1779204129,ratings,v1,Running,True
1779204129,reviews,v1,Running,True
1779204129,reviews,v2,Running,True
1779204129,reviews,v2,Running,True
1779204129,reviews,v3,Running,True
1779204129,reviews,v3,Running,True
1779204129,reviews,v3,Running,True
1779204129,reviews,v3,Running,True
1779204129,reviews,v3,Running,True
1779204130,details,v1,Running,True
1779204130,details,v1,Running,True
1779204130,details,v1,Running,True
1779204130,details,v1,Running,True
1779204130,details,v1,Running,True
1779204130,details,v1,Running,True
1779204130,productpage,v1,Running,True
1779204130,productpage,v1,Running,True
1779204130,productpage,v1,Running,True
1779204130,productpage,v1,Running,True
1779204130,productpage,v1,Running,True
1779204130,productpage,v1,Running,True
1779204130,productpage,v1,Running,True
1779204130,productpage,v1,Running,True
1779204130,productpage,v1,Running,True
1779204130,productpage,v1,Running,True
1779204130,productpage,v1,Running,True
1779204130,productpage,v1,Running,True
1779204130,productpage,v1,Running,True
1779204130,productpage,v1,Running,True
1779204130,productpage,v1,Running,True
1779204130,ratings,v1,Running,True
1779204130,reviews,v1,Running,True
1779204130,reviews,v2,Running,True
1779204130,reviews,v2,Running,True
1779204130,reviews,v3,Running,True
1779204130,reviews,v3,Running,True
1779204130,reviews,v3,Running,True
1779204130,reviews,v3,Running,True
1779204130,reviews,v3,Running,True
1779204131,details,v1,Running,True
1779204131,details,v1,Running,True
1779204131,details,v1,Running,True
1779204131,details,v1,Running,True
1779204131,details,v1,Running,True
1779204131,details,v1,Running,True
1779204131,productpage,v1,Running,True
1779204131,productpage,v1,Running,True
1779204131,productpage,v1,Running,True
1779204131,productpage,v1,Running,True
1779204131,productpage,v1,Running,True
1779204131,productpage,v1,Running,True
1779204131,productpage,v1,Running,True
1779204131,productpage,v1,Running,True
1779204131,productpage,v1,Running,True
1779204131,productpage,v1,Running,True
1779204131,productpage,v1,Running,True
1779204131,productpage,v1,Running,True
1779204131,productpage,v1,Running,True
1779204131,productpage,v1,Running,True
1779204131,productpage,v1,Running,True
1779204131,ratings,v1,Running,True
1779204131,reviews,v1,Running,True
1779204131,reviews,v2,Running,True
1779204131,reviews,v2,Running,True
1779204131,reviews,v3,Running,True
1779204131,reviews,v3,Running,True
1779204131,reviews,v3,Running,True
1779204131,reviews,v3,Running,True
1779204131,reviews,v3,Running,True
1779204132,details,v1,Running,True
1779204132,details,v1,Running,True
1779204132,details,v1,Running,True
1779204132,details,v1,Running,True
1779204132,details,v1,Running,True
1779204132,details,v1,Running,True
1779204132,productpage,v1,Running,True
1779204132,productpage,v1,Running,True
1779204132,productpage,v1,Running,True
1779204132,productpage,v1,Running,True
1779204132,productpage,v1,Running,True
1779204132,productpage,v1,Running,True
1779204132,productpage,v1,Running,True
1779204132,productpage,v1,Running,True
1779204132,productpage,v1,Running,True
1779204132,productpage,v1,Running,True
1779204132,productpage,v1,Running,True
1779204132,productpage,v1,Running,True
1779204132,productpage,v1,Running,True
1779204132,productpage,v1,Running,True
1779204132,productpage,v1,Running,True
1779204132,ratings,v1,Running,True
1779204132,reviews,v1,Running,True
1779204132,reviews,v2,Running,True
1779204132,reviews,v2,Running,True
1779204132,reviews,v3,Running,True
1779204132,reviews,v3,Running,True
1779204132,reviews,v3,Running,True
1779204132,reviews,v3,Running,True
1779204132,reviews,v3,Running,True
1779204133,details,v1,Running,True
1779204133,details,v1,Running,True
1779204133,details,v1,Running,True
1779204133,details,v1,Running,True
1779204133,details,v1,Running,True
1779204133,details,v1,Running,True
1779204133,productpage,v1,Running,True
1779204133,productpage,v1,Running,True
1779204133,productpage,v1,Running,True
1779204133,productpage,v1,Running,True
1779204133,productpage,v1,Running,True
1779204133,productpage,v1,Running,True
1779204133,productpage,v1,Running,True
1779204133,productpage,v1,Running,True
1779204133,productpage,v1,Running,True
1779204133,productpage,v1,Running,True
1779204133,productpage,v1,Running,True
1779204133,productpage,v1,Running,True
1779204133,productpage,v1,Running,True
1779204133,productpage,v1,Running,True
1779204133,productpage,v1,Running,True
1779204133,ratings,v1,Running,True
1779204133,reviews,v1,Running,True
1779204133,reviews,v2,Running,True
1779204133,reviews,v2,Running,True
1779204133,reviews,v3,Running,True
1779204133,reviews,v3,Running,True
1779204133,reviews,v3,Running,True
1779204133,reviews,v3,Running,True
1779204133,reviews,v3,Running,True
1779204134,details,v1,Running,True
1779204134,details,v1,Running,True
1779204134,details,v1,Running,True
1779204134,details,v1,Running,True
1779204134,details,v1,Running,True
1779204134,details,v1,Running,True
1779204134,productpage,v1,Running,True
1779204134,productpage,v1,Running,True
1779204134,productpage,v1,Running,True
1779204134,productpage,v1,Running,True
1779204134,productpage,v1,Running,True
1779204134,productpage,v1,Running,True
1779204134,productpage,v1,Running,True
1779204134,productpage,v1,Running,True
1779204134,productpage,v1,Running,True
1779204134,productpage,v1,Running,True
1779204134,productpage,v1,Running,True
1779204134,productpage,v1,Running,True
1779204134,productpage,v1,Running,True
1779204134,productpage,v1,Running,True
1779204134,productpage,v1,Running,True
1779204134,ratings,v1,Running,True
1779204134,reviews,v1,Running,True
1779204134,reviews,v2,Running,True
1779204134,reviews,v2,Running,True
1779204134,reviews,v3,Running,True
1779204134,reviews,v3,Running,True
1779204134,reviews,v3,Running,True
1779204134,reviews,v3,Running,True
1779204134,reviews,v3,Running,True
1779204135,details,v1,Running,True
1779204135,details,v1,Running,True
1779204135,details,v1,Running,True
1779204135,details,v1,Running,True
1779204135,details,v1,Running,True
1779204135,details,v1,Running,True
1779204135,productpage,v1,Running,True
1779204135,productpage,v1,Running,True
1779204135,productpage,v1,Running,True
1779204135,productpage,v1,Running,True
1779204135,productpage,v1,Running,True
1779204135,productpage,v1,Running,True
1779204135,productpage,v1,Running,True
1779204135,productpage,v1,Running,True
1779204135,productpage,v1,Running,True
1779204135,productpage,v1,Running,True
1779204135,productpage,v1,Running,True
1779204135,productpage,v1,Running,True
1779204135,productpage,v1,Running,True
1779204135,productpage,v1,Running,True
1779204135,productpage,v1,Running,True
1779204135,ratings,v1,Running,True
1779204135,reviews,v1,Running,True
1779204135,reviews,v2,Running,True
1779204135,reviews,v2,Running,True
1779204135,reviews,v3,Running,True
1779204135,reviews,v3,Running,True
1779204135,reviews,v3,Running,True
1779204135,reviews,v3,Running,True
1779204135,reviews,v3,Running,True
1779204136,details,v1,Running,True
1779204136,details,v1,Running,True
1779204136,details,v1,Running,True
1779204136,details,v1,Running,True
1779204136,details,v1,Running,True
1779204136,details,v1,Running,True
1779204136,productpage,v1,Running,True
1779204136,productpage,v1,Running,True
1779204136,productpage,v1,Running,True
1779204136,productpage,v1,Running,True
1779204136,productpage,v1,Running,True
1779204136,productpage,v1,Running,True
1779204136,productpage,v1,Running,True
1779204136,productpage,v1,Running,True
1779204136,productpage,v1,Running,True
1779204136,productpage,v1,Running,True
1779204136,productpage,v1,Running,True
1779204136,productpage,v1,Running,True
1779204136,productpage,v1,Running,True
1779204136,productpage,v1,Running,True
1779204136,productpage,v1,Running,True
1779204136,ratings,v1,Running,True
1779204136,reviews,v1,Running,True
1779204136,reviews,v2,Running,True
1779204136,reviews,v2,Running,True
1779204136,reviews,v3,Running,True
1779204136,reviews,v3,Running,True
1779204136,reviews,v3,Running,True
1779204136,reviews,v3,Running,True
1779204136,reviews,v3,Running,True
1779204137,details,v1,Running,True
1779204137,details,v1,Running,True
1779204137,details,v1,Running,True
1779204137,details,v1,Running,True
1779204137,details,v1,Running,True
1779204137,details,v1,Running,True
1779204137,productpage,v1,Running,True
1779204137,productpage,v1,Running,True
1779204137,productpage,v1,Running,True
1779204137,productpage,v1,Running,True
1779204137,productpage,v1,Running,True
1779204137,productpage,v1,Running,True
1779204137,productpage,v1,Running,True
1779204137,productpage,v1,Running,True
1779204137,productpage,v1,Running,True
1779204137,productpage,v1,Running,True
1779204137,productpage,v1,Running,True
1779204137,productpage,v1,Running,True
1779204137,productpage,v1,Running,True
1779204137,productpage,v1,Running,True
1779204137,productpage,v1,Running,True
1779204137,ratings,v1,Running,True
1779204137,reviews,v1,Running,True
1779204137,reviews,v2,Running,True
1779204137,reviews,v2,Running,True
1779204137,reviews,v3,Running,True
1779204137,reviews,v3,Running,True
1779204137,reviews,v3,Running,True
1779204137,reviews,v3,Running,True
1779204137,reviews,v3,Running,True
1779204138,details,v1,Running,True
1779204138,details,v1,Running,True
1779204138,details,v1,Running,True
1779204138,details,v1,Running,True
1779204138,details,v1,Running,True
1779204138,details,v1,Running,True
1779204138,productpage,v1,Running,True
1779204138,productpage,v1,Running,True
1779204138,productpage,v1,Running,True
1779204138,productpage,v1,Running,True
1779204138,productpage,v1,Running,True
1779204138,productpage,v1,Running,True
1779204138,productpage,v1,Running,True
1779204138,productpage,v1,Running,True
1779204138,productpage,v1,Running,True
1779204138,productpage,v1,Running,True
1779204138,productpage,v1,Running,True
1779204138,productpage,v1,Running,True
1779204138,productpage,v1,Running,True
1779204138,productpage,v1,Running,True
1779204138,productpage,v1,Running,True
1779204138,ratings,v1,Running,True
1779204138,reviews,v1,Running,True
1779204138,reviews,v2,Running,True
1779204138,reviews,v2,Running,True
1779204138,reviews,v3,Running,True
1779204138,reviews,v3,Running,True
1779204138,reviews,v3,Running,True
1779204138,reviews,v3,Running,True
1779204138,reviews,v3,Running,True
1779204139,details,v1,Running,True
1779204139,details,v1,Running,True
1779204139,details,v1,Running,True
1779204139,details,v1,Running,True
1779204139,details,v1,Running,True
1779204139,details,v1,Running,True
1779204139,productpage,v1,Running,True
1779204139,productpage,v1,Running,True
1779204139,productpage,v1,Running,True
1779204139,productpage,v1,Running,True
1779204139,productpage,v1,Running,True
1779204139,productpage,v1,Running,True
1779204139,productpage,v1,Running,True
1779204139,productpage,v1,Running,True
1779204139,productpage,v1,Running,True
1779204139,productpage,v1,Running,True
1779204139,productpage,v1,Running,True
1779204139,productpage,v1,Running,True
1779204139,productpage,v1,Running,True
1779204139,productpage,v1,Running,True
1779204139,productpage,v1,Running,True
1779204139,ratings,v1,Running,True
1779204139,reviews,v1,Running,True
1779204139,reviews,v2,Running,True
1779204139,reviews,v2,Running,True
1779204139,reviews,v3,Running,True
1779204139,reviews,v3,Running,True
1779204139,reviews,v3,Running,True
1779204139,reviews,v3,Running,True
1779204139,reviews,v3,Running,True
1779204140,details,v1,Running,True
1779204140,details,v1,Running,True
1779204140,details,v1,Running,True
1779204140,details,v1,Running,True
1779204140,details,v1,Running,True
1779204140,details,v1,Running,True
1779204140,productpage,v1,Running,True
1779204140,productpage,v1,Running,True
1779204140,productpage,v1,Running,True
1779204140,productpage,v1,Running,True
1779204140,productpage,v1,Running,True
1779204140,productpage,v1,Running,True
1779204140,productpage,v1,Running,True
1779204140,productpage,v1,Running,True
1779204140,productpage,v1,Running,True
1779204140,productpage,v1,Running,True
1779204140,productpage,v1,Running,True
1779204140,productpage,v1,Running,True
1779204140,productpage,v1,Running,True
1779204140,productpage,v1,Running,True
1779204140,productpage,v1,Running,True
1779204140,ratings,v1,Running,True
1779204140,reviews,v1,Running,True
1779204140,reviews,v2,Running,True
1779204140,reviews,v2,Running,True
1779204140,reviews,v3,Running,True
1779204140,reviews,v3,Running,True
1779204140,reviews,v3,Running,True
1779204140,reviews,v3,Running,True
1779204140,reviews,v3,Running,True
1779204141,details,v1,Running,True
1779204141,details,v1,Running,True
1779204141,details,v1,Running,True
1779204141,details,v1,Running,True
1779204141,details,v1,Running,True
1779204141,details,v1,Running,True
1779204141,productpage,v1,Running,True
1779204141,productpage,v1,Running,True
1779204141,productpage,v1,Running,True
1779204141,productpage,v1,Running,True
1779204141,productpage,v1,Running,True
1779204141,productpage,v1,Running,True
1779204141,productpage,v1,Running,True
1779204141,productpage,v1,Running,True
1779204141,productpage,v1,Running,True
1779204141,productpage,v1,Running,True
1779204141,productpage,v1,Running,True
1779204141,productpage,v1,Running,True
1779204141,productpage,v1,Running,True
1779204141,productpage,v1,Running,True
1779204141,productpage,v1,Running,True
1779204141,ratings,v1,Running,True
1779204141,reviews,v1,Running,True
1779204141,reviews,v2,Running,True
1779204141,reviews,v2,Running,True
1779204141,reviews,v3,Running,True
1779204141,reviews,v3,Running,True
1779204141,reviews,v3,Running,True
1779204141,reviews,v3,Running,True
1779204141,reviews,v3,Running,True
1779204142,details,v1,Running,True
1779204142,details,v1,Running,True
1779204142,details,v1,Running,True
1779204142,details,v1,Running,True
1779204142,details,v1,Running,True
1779204142,details,v1,Running,True
1779204142,productpage,v1,Running,True
1779204142,productpage,v1,Running,True
1779204142,productpage,v1,Running,True
1779204142,productpage,v1,Running,True
1779204142,productpage,v1,Running,True
1779204142,productpage,v1,Running,True
1779204142,productpage,v1,Running,True
1779204142,productpage,v1,Running,True
1779204142,productpage,v1,Running,True
1779204142,productpage,v1,Running,True
1779204142,productpage,v1,Running,True
1779204142,productpage,v1,Running,True
1779204142,productpage,v1,Running,True
1779204142,productpage,v1,Running,True
1779204142,productpage,v1,Running,True
1779204142,ratings,v1,Running,True
1779204142,reviews,v1,Running,True
1779204142,reviews,v2,Running,True
1779204142,reviews,v2,Running,True
1779204142,reviews,v3,Running,True
1779204142,reviews,v3,Running,True
1779204142,reviews,v3,Running,True
1779204142,reviews,v3,Running,True
1779204142,reviews,v3,Running,True
1779204143,details,v1,Running,True
1779204143,details,v1,Running,True
1779204143,details,v1,Running,True
1779204143,details,v1,Running,True
1779204143,details,v1,Running,True
1779204143,details,v1,Running,True
1779204143,productpage,v1,Running,True
1779204143,productpage,v1,Running,True
1779204143,productpage,v1,Running,True
1779204143,productpage,v1,Running,True
1779204143,productpage,v1,Running,True
1779204143,productpage,v1,Running,True
1779204143,productpage,v1,Running,True
1779204143,productpage,v1,Running,True
1779204143,productpage,v1,Running,True
1779204143,productpage,v1,Running,True
1779204143,productpage,v1,Running,True
1779204143,productpage,v1,Running,True
1779204143,productpage,v1,Running,True
1779204143,productpage,v1,Running,True
1779204143,productpage,v1,Running,True
1779204143,ratings,v1,Running,True
1779204143,reviews,v1,Running,True
1779204143,reviews,v2,Running,True
1779204143,reviews,v2,Running,True
1779204143,reviews,v3,Running,True
1779204143,reviews,v3,Running,True
1779204143,reviews,v3,Running,True
1779204143,reviews,v3,Running,True
1779204143,reviews,v3,Running,True
1779204144,details,v1,Running,True
1779204144,details,v1,Running,True
1779204144,details,v1,Running,True
1779204144,details,v1,Running,True
1779204144,details,v1,Running,True
1779204144,details,v1,Running,True
1779204144,productpage,v1,Running,True
1779204144,productpage,v1,Running,True
1779204144,productpage,v1,Running,True
1779204144,productpage,v1,Running,True
1779204144,productpage,v1,Running,True
1779204144,productpage,v1,Running,True
1779204144,productpage,v1,Running,True
1779204144,productpage,v1,Running,True
1779204144,productpage,v1,Running,True
1779204144,productpage,v1,Running,True
1779204144,productpage,v1,Running,True
1779204144,productpage,v1,Running,True
1779204144,productpage,v1,Running,True
1779204144,productpage,v1,Running,True
1779204144,productpage,v1,Running,True
1779204144,ratings,v1,Running,True
1779204144,reviews,v1,Running,True
1779204144,reviews,v2,Running,True
1779204144,reviews,v2,Running,True
1779204144,reviews,v3,Running,True
1779204144,reviews,v3,Running,True
1779204144,reviews,v3,Running,True
1779204144,reviews,v3,Running,True
1779204144,reviews,v3,Running,True
1779204145,details,v1,Running,True
1779204145,details,v1,Running,True
1779204145,details,v1,Running,True
1779204145,details,v1,Running,True
1779204145,details,v1,Running,True
1779204145,details,v1,Running,True
1779204145,productpage,v1,Running,True
1779204145,productpage,v1,Running,True
1779204145,productpage,v1,Running,True
1779204145,productpage,v1,Running,True
1779204145,productpage,v1,Running,True
1779204145,productpage,v1,Running,True
1779204145,productpage,v1,Running,True
1779204145,productpage,v1,Running,True
1779204145,productpage,v1,Running,True
1779204145,productpage,v1,Running,True
1779204145,productpage,v1,Running,True
1779204145,productpage,v1,Running,True
1779204145,productpage,v1,Running,True
1779204145,productpage,v1,Running,True
1779204145,productpage,v1,Running,True
1779204145,ratings,v1,Running,True
1779204145,reviews,v1,Running,True
1779204145,reviews,v2,Running,True
1779204145,reviews,v2,Running,True
1779204145,reviews,v3,Running,True
1779204145,reviews,v3,Running,True
1779204145,reviews,v3,Running,True
1779204145,reviews,v3,Running,True
1779204145,reviews,v3,Running,True
1779204146,details,v1,Running,True
1779204146,details,v1,Running,True
1779204146,details,v1,Running,True
1779204146,details,v1,Running,True
1779204146,details,v1,Running,True
1779204146,details,v1,Running,True
1779204146,productpage,v1,Running,True
1779204146,productpage,v1,Running,True
1779204146,productpage,v1,Running,True
1779204146,productpage,v1,Running,True
1779204146,productpage,v1,Running,True
1779204146,productpage,v1,Running,True
1779204146,productpage,v1,Running,True
1779204146,productpage,v1,Running,True
1779204146,productpage,v1,Running,True
1779204146,productpage,v1,Running,True
1779204146,productpage,v1,Running,True
1779204146,productpage,v1,Running,True
1779204146,productpage,v1,Running,True
1779204146,productpage,v1,Running,True
1779204146,productpage,v1,Running,True
1779204146,ratings,v1,Running,True
1779204146,reviews,v1,Running,True
1779204146,reviews,v2,Running,True
1779204146,reviews,v2,Running,True
1779204146,reviews,v3,Running,True
1779204146,reviews,v3,Running,True
1779204146,reviews,v3,Running,True
1779204146,reviews,v3,Running,True
1779204146,reviews,v3,Running,True
1779204147,details,v1,Running,True
1779204147,details,v1,Running,True
1779204147,details,v1,Running,True
1779204147,details,v1,Running,True
1779204147,details,v1,Running,True
1779204147,details,v1,Running,True
1779204147,productpage,v1,Running,True
1779204147,productpage,v1,Running,True
1779204147,productpage,v1,Running,True
1779204147,productpage,v1,Running,True
1779204147,productpage,v1,Running,True
1779204147,productpage,v1,Running,True
1779204147,productpage,v1,Running,True
1779204147,productpage,v1,Running,True
1779204147,productpage,v1,Running,True
1779204147,productpage,v1,Running,True
1779204147,productpage,v1,Running,True
1779204147,productpage,v1,Running,True
1779204147,productpage,v1,Running,True
1779204147,productpage,v1,Running,True
1779204147,productpage,v1,Running,True
1779204147,ratings,v1,Running,True
1779204147,reviews,v1,Running,True
1779204147,reviews,v2,Running,True
1779204147,reviews,v2,Running,True
1779204147,reviews,v3,Running,True
1779204147,reviews,v3,Running,True
1779204147,reviews,v3,Running,True
1779204147,reviews,v3,Running,True
1779204147,reviews,v3,Running,True
1779204148,details,v1,Running,True
1779204148,details,v1,Running,True
1779204148,details,v1,Running,True
1779204148,details,v1,Running,True
1779204148,details,v1,Running,True
1779204148,details,v1,Running,True
1779204148,productpage,v1,Running,True
1779204148,productpage,v1,Running,True
1779204148,productpage,v1,Running,True
1779204148,productpage,v1,Running,True
1779204148,productpage,v1,Running,True
1779204148,productpage,v1,Running,True
1779204148,productpage,v1,Running,True
1779204148,productpage,v1,Running,True
1779204148,productpage,v1,Running,True
1779204148,productpage,v1,Running,True
1779204148,productpage,v1,Running,True
1779204148,productpage,v1,Running,True
1779204148,productpage,v1,Running,True
1779204148,productpage,v1,Running,True
1779204148,productpage,v1,Running,True
1779204148,ratings,v1,Running,True
1779204148,reviews,v1,Running,True
1779204148,reviews,v2,Running,True
1779204148,reviews,v2,Running,True
1779204148,reviews,v3,Running,True
1779204148,reviews,v3,Running,True
1779204148,reviews,v3,Running,True
1779204148,reviews,v3,Running,True
1779204148,reviews,v3,Running,True
1779204149,details,v1,Running,True
1779204149,details,v1,Running,True
1779204149,details,v1,Running,True
1779204149,details,v1,Running,True
1779204149,details,v1,Running,True
1779204149,details,v1,Running,True
1779204149,productpage,v1,Running,True
1779204149,productpage,v1,Running,True
1779204149,productpage,v1,Running,True
1779204149,productpage,v1,Running,True
1779204149,productpage,v1,Running,True
1779204149,productpage,v1,Running,True
1779204149,productpage,v1,Running,True
1779204149,productpage,v1,Running,True
1779204149,productpage,v1,Running,True
1779204149,productpage,v1,Running,True
1779204149,productpage,v1,Running,True
1779204149,productpage,v1,Running,True
1779204149,productpage,v1,Running,True
1779204149,productpage,v1,Running,True
1779204149,productpage,v1,Running,True
1779204149,ratings,v1,Running,True
1779204149,reviews,v1,Running,True
1779204149,reviews,v2,Running,True
1779204149,reviews,v2,Running,True
1779204149,reviews,v3,Running,True
1779204149,reviews,v3,Running,True
1779204149,reviews,v3,Running,True
1779204149,reviews,v3,Running,True
1779204149,reviews,v3,Running,True
1779204150,details,v1,Running,True
1779204150,details,v1,Running,True
1779204150,details,v1,Running,True
1779204150,details,v1,Running,True
1779204150,details,v1,Running,True
1779204150,details,v1,Running,True
1779204150,productpage,v1,Running,True
1779204150,productpage,v1,Running,True
1779204150,productpage,v1,Running,True
1779204150,productpage,v1,Running,True
1779204150,productpage,v1,Running,True
1779204150,productpage,v1,Running,True
1779204150,productpage,v1,Running,True
1779204150,productpage,v1,Running,True
1779204150,productpage,v1,Running,True
1779204150,productpage,v1,Running,True
1779204150,productpage,v1,Running,True
1779204150,productpage,v1,Running,True
1779204150,productpage,v1,Running,True
1779204150,productpage,v1,Running,True
1779204150,productpage,v1,Running,True
1779204150,ratings,v1,Running,True
1779204150,reviews,v1,Running,True
1779204150,reviews,v2,Running,True
1779204150,reviews,v2,Running,True
1779204150,reviews,v3,Running,True
1779204150,reviews,v3,Running,True
1779204150,reviews,v3,Running,True
1779204150,reviews,v3,Running,True
1779204150,reviews,v3,Running,True
1779204151,details,v1,Running,True
1779204151,details,v1,Running,True
1779204151,details,v1,Running,True
1779204151,details,v1,Running,True
1779204151,details,v1,Running,True
1779204151,details,v1,Running,True
1779204151,productpage,v1,Running,True
1779204151,productpage,v1,Running,True
1779204151,productpage,v1,Running,True
1779204151,productpage,v1,Running,True
1779204151,productpage,v1,Running,True
1779204151,productpage,v1,Running,True
1779204151,productpage,v1,Running,True
1779204151,productpage,v1,Running,True
1779204151,productpage,v1,Running,True
1779204151,productpage,v1,Running,True
1779204151,productpage,v1,Running,True
1779204151,productpage,v1,Running,True
1779204151,productpage,v1,Running,True
1779204151,productpage,v1,Running,True
1779204151,productpage,v1,Running,True
1779204151,ratings,v1,Running,True
1779204151,reviews,v1,Running,True
1779204151,reviews,v2,Running,True
1779204151,reviews,v2,Running,True
1779204151,reviews,v3,Running,True
1779204151,reviews,v3,Running,True
1779204151,reviews,v3,Running,True
1779204151,reviews,v3,Running,True
1779204151,reviews,v3,Running,True
1779204152,details,v1,Running,True
1779204152,details,v1,Running,True
1779204152,details,v1,Running,True
1779204152,details,v1,Running,True
1779204152,details,v1,Running,True
1779204152,details,v1,Running,True
1779204152,productpage,v1,Running,True
1779204152,productpage,v1,Running,True
1779204152,productpage,v1,Running,True
1779204152,productpage,v1,Running,True
1779204152,productpage,v1,Running,True
1779204152,productpage,v1,Running,True
1779204152,productpage,v1,Running,True
1779204152,productpage,v1,Running,True
1779204152,productpage,v1,Running,True
1779204152,productpage,v1,Running,True
1779204152,productpage,v1,Running,True
1779204152,productpage,v1,Running,True
1779204152,productpage,v1,Running,True
1779204152,productpage,v1,Running,True
1779204152,productpage,v1,Running,True
1779204152,ratings,v1,Running,True
1779204152,reviews,v1,Running,True
1779204152,reviews,v2,Running,True
1779204152,reviews,v2,Running,True
1779204152,reviews,v3,Running,True
1779204152,reviews,v3,Running,True
1779204152,reviews,v3,Running,True
1779204152,reviews,v3,Running,True
1779204152,reviews,v3,Running,True
1779204153,details,v1,Running,True
1779204153,details,v1,Running,True
1779204153,details,v1,Running,True
1779204153,details,v1,Running,True
1779204153,details,v1,Running,True
1779204153,details,v1,Running,True
1779204153,productpage,v1,Running,True
1779204153,productpage,v1,Running,True
1779204153,productpage,v1,Running,True
1779204153,productpage,v1,Running,True
1779204153,productpage,v1,Running,True
1779204153,productpage,v1,Running,True
1779204153,productpage,v1,Running,True
1779204153,productpage,v1,Running,True
1779204153,productpage,v1,Running,True
1779204153,productpage,v1,Running,True
1779204153,productpage,v1,Running,True
1779204153,productpage,v1,Running,True
1779204153,productpage,v1,Running,True
1779204153,productpage,v1,Running,True
1779204153,productpage,v1,Running,True
1779204153,ratings,v1,Running,True
1779204153,reviews,v1,Running,True
1779204153,reviews,v2,Running,True
1779204153,reviews,v2,Running,True
1779204153,reviews,v3,Running,True
1779204153,reviews,v3,Running,True
1779204153,reviews,v3,Running,True
1779204153,reviews,v3,Running,True
1779204153,reviews,v3,Running,True
1779204154,details,v1,Running,True
1779204154,details,v1,Running,True
1779204154,details,v1,Running,True
1779204154,details,v1,Running,True
1779204154,details,v1,Running,True
1779204154,details,v1,Running,True
1779204154,productpage,v1,Running,True
1779204154,productpage,v1,Running,True
1779204154,productpage,v1,Running,True
1779204154,productpage,v1,Running,True
1779204154,productpage,v1,Running,True
1779204154,productpage,v1,Running,True
1779204154,productpage,v1,Running,True
1779204154,productpage,v1,Running,True
1779204154,productpage,v1,Running,True
1779204154,productpage,v1,Running,True
1779204154,productpage,v1,Running,True
1779204154,productpage,v1,Running,True
1779204154,productpage,v1,Running,True
1779204154,productpage,v1,Running,True
1779204154,productpage,v1,Running,True
1779204154,ratings,v1,Running,True
1779204154,reviews,v1,Running,True
1779204154,reviews,v2,Running,True
1779204154,reviews,v2,Running,True
1779204154,reviews,v3,Running,True
1779204154,reviews,v3,Running,True
1779204154,reviews,v3,Running,True
1779204154,reviews,v3,Running,True
1779204154,reviews,v3,Running,True
1779204155,details,v1,Running,True
1779204155,details,v1,Running,True
1779204155,details,v1,Running,True
1779204155,details,v1,Running,True
1779204155,details,v1,Running,True
1779204155,details,v1,Running,True
1779204155,productpage,v1,Running,True
1779204155,productpage,v1,Running,True
1779204155,productpage,v1,Running,True
1779204155,productpage,v1,Running,True
1779204155,productpage,v1,Running,True
1779204155,productpage,v1,Running,True
1779204155,productpage,v1,Running,True
1779204155,productpage,v1,Running,True
1779204155,productpage,v1,Running,True
1779204155,productpage,v1,Running,True
1779204155,productpage,v1,Running,True
1779204155,productpage,v1,Running,True
1779204155,productpage,v1,Running,True
1779204155,productpage,v1,Running,True
1779204155,productpage,v1,Running,True
1779204155,ratings,v1,Running,True
1779204155,reviews,v1,Running,True
1779204155,reviews,v2,Running,True
1779204155,reviews,v2,Running,True
1779204155,reviews,v3,Running,True
1779204155,reviews,v3,Running,True
1779204155,reviews,v3,Running,True
1779204155,reviews,v3,Running,True
1779204155,reviews,v3,Running,True
1779204156,details,v1,Running,True
1779204156,details,v1,Running,True
1779204156,details,v1,Running,True
1779204156,details,v1,Running,True
1779204156,details,v1,Running,True
1779204156,details,v1,Running,True
1779204156,productpage,v1,Running,True
1779204156,productpage,v1,Running,True
1779204156,productpage,v1,Running,True
1779204156,productpage,v1,Running,True
1779204156,productpage,v1,Running,True
1779204156,productpage,v1,Running,True
1779204156,productpage,v1,Running,True
1779204156,productpage,v1,Running,True
1779204156,productpage,v1,Running,True
1779204156,productpage,v1,Running,True
1779204156,productpage,v1,Running,True
1779204156,productpage,v1,Running,True
1779204156,productpage,v1,Running,True
1779204156,productpage,v1,Running,True
1779204156,productpage,v1,Running,True
1779204156,ratings,v1,Running,True
1779204156,reviews,v1,Running,True
1779204156,reviews,v2,Running,True
1779204156,reviews,v2,Running,True
1779204156,reviews,v3,Running,True
1779204156,reviews,v3,Running,True
1779204156,reviews,v3,Running,True
1779204156,reviews,v3,Running,True
1779204156,reviews,v3,Running,True
1779204157,details,v1,Running,True
1779204157,details,v1,Running,True
1779204157,details,v1,Running,True
1779204157,details,v1,Running,True
1779204157,details,v1,Running,True
1779204157,details,v1,Running,True
1779204157,productpage,v1,Running,True
1779204157,productpage,v1,Running,True
1779204157,productpage,v1,Running,True
1779204157,productpage,v1,Running,True
1779204157,productpage,v1,Running,True
1779204157,productpage,v1,Running,True
1779204157,productpage,v1,Running,True
1779204157,productpage,v1,Running,True
1779204157,productpage,v1,Running,True
1779204157,productpage,v1,Running,True
1779204157,productpage,v1,Running,True
1779204157,productpage,v1,Running,True
1779204157,productpage,v1,Running,True
1779204157,productpage,v1,Running,True
1779204157,productpage,v1,Running,True
1779204157,ratings,v1,Running,True
1779204157,reviews,v1,Running,True
1779204157,reviews,v2,Running,True
1779204157,reviews,v2,Running,True
1779204157,reviews,v3,Running,True
1779204157,reviews,v3,Running,True
1779204157,reviews,v3,Running,True
1779204157,reviews,v3,Running,True
1779204157,reviews,v3,Running,True
1779204158,details,v1,Running,True
1779204158,details,v1,Running,True
1779204158,details,v1,Running,True
1779204158,details,v1,Running,True
1779204158,details,v1,Running,True
1779204158,details,v1,Running,True
1779204158,productpage,v1,Running,True
1779204158,productpage,v1,Running,True
1779204158,productpage,v1,Running,True
1779204158,productpage,v1,Running,True
1779204158,productpage,v1,Running,True
1779204158,productpage,v1,Running,True
1779204158,productpage,v1,Running,True
1779204158,productpage,v1,Running,True
1779204158,productpage,v1,Running,True
1779204158,productpage,v1,Running,True
1779204158,productpage,v1,Running,True
1779204158,productpage,v1,Running,True
1779204158,productpage,v1,Running,True
1779204158,productpage,v1,Running,True
1779204158,productpage,v1,Running,True
1779204158,ratings,v1,Running,True
1779204158,reviews,v1,Running,True
1779204158,reviews,v2,Running,True
1779204158,reviews,v2,Running,True
1779204158,reviews,v3,Running,True
1779204158,reviews,v3,Running,True
1779204158,reviews,v3,Running,True
1779204158,reviews,v3,Running,True
1779204158,reviews,v3,Running,True
1779204159,details,v1,Running,True
1779204159,details,v1,Running,True
1779204159,details,v1,Running,True
1779204159,details,v1,Running,True
1779204159,details,v1,Running,True
1779204159,details,v1,Running,True
1779204159,productpage,v1,Running,True
1779204159,productpage,v1,Running,True
1779204159,productpage,v1,Running,True
1779204159,productpage,v1,Running,True
1779204159,productpage,v1,Running,True
1779204159,productpage,v1,Running,True
1779204159,productpage,v1,Running,True
1779204159,productpage,v1,Running,True
1779204159,productpage,v1,Running,True
1779204159,productpage,v1,Running,True
1779204159,productpage,v1,Running,True
1779204159,productpage,v1,Running,True
1779204159,productpage,v1,Running,True
1779204159,productpage,v1,Running,True
1779204159,productpage,v1,Running,True
1779204159,ratings,v1,Running,True
1779204159,reviews,v1,Running,True
1779204159,reviews,v2,Running,True
1779204159,reviews,v2,Running,True
1779204159,reviews,v3,Running,True
1779204159,reviews,v3,Running,True
1779204159,reviews,v3,Running,True
1779204159,reviews,v3,Running,True
1779204159,reviews,v3,Running,True
1779204160,details,v1,Running,True
1779204160,details,v1,Running,True
1779204160,details,v1,Running,True
1779204160,details,v1,Running,True
1779204160,details,v1,Running,True
1779204160,details,v1,Running,True
1779204160,productpage,v1,Running,True
1779204160,productpage,v1,Running,True
1779204160,productpage,v1,Running,True
1779204160,productpage,v1,Running,True
1779204160,productpage,v1,Running,True
1779204160,productpage,v1,Running,True
1779204160,productpage,v1,Running,True
1779204160,productpage,v1,Running,True
1779204160,productpage,v1,Running,True
1779204160,productpage,v1,Running,True
1779204160,productpage,v1,Running,True
1779204160,productpage,v1,Running,True
1779204160,productpage,v1,Running,True
1779204160,productpage,v1,Running,True
1779204160,productpage,v1,Running,True
1779204160,ratings,v1,Running,True
1779204160,reviews,v1,Running,True
1779204160,reviews,v2,Running,True
1779204160,reviews,v2,Running,True
1779204160,reviews,v3,Running,True
1779204160,reviews,v3,Running,True
1779204160,reviews,v3,Running,True
1779204160,reviews,v3,Running,True
1779204160,reviews,v3,Running,True
1779204161,details,v1,Running,True
1779204161,details,v1,Running,True
1779204161,details,v1,Running,True
1779204161,details,v1,Running,True
1779204161,details,v1,Running,True
1779204161,details,v1,Running,True
1779204161,productpage,v1,Running,True
1779204161,productpage,v1,Running,True
1779204161,productpage,v1,Running,True
1779204161,productpage,v1,Running,True
1779204161,productpage,v1,Running,True
1779204161,productpage,v1,Running,True
1779204161,productpage,v1,Running,True
1779204161,productpage,v1,Running,True
1779204161,productpage,v1,Running,True
1779204161,productpage,v1,Running,True
1779204161,productpage,v1,Running,True
1779204161,productpage,v1,Running,True
1779204161,productpage,v1,Running,True
1779204161,productpage,v1,Running,True
1779204161,productpage,v1,Running,True
1779204161,ratings,v1,Running,True
1779204161,reviews,v1,Running,True
1779204161,reviews,v2,Running,True
1779204161,reviews,v2,Running,True
1779204161,reviews,v3,Running,True
1779204161,reviews,v3,Running,True
1779204161,reviews,v3,Running,True
1779204161,reviews,v3,Running,True
1779204161,reviews,v3,Running,True
1779204162,details,v1,Running,True
1779204162,details,v1,Running,True
1779204162,details,v1,Running,True
1779204162,details,v1,Running,True
1779204162,details,v1,Running,True
1779204162,details,v1,Running,True
1779204162,productpage,v1,Running,True
1779204162,productpage,v1,Running,True
1779204162,productpage,v1,Running,True
1779204162,productpage,v1,Running,True
1779204162,productpage,v1,Running,True
1779204162,productpage,v1,Running,True
1779204162,productpage,v1,Running,True
1779204162,productpage,v1,Running,True
1779204162,productpage,v1,Running,True
1779204162,productpage,v1,Running,True
1779204162,productpage,v1,Running,True
1779204162,productpage,v1,Running,True
1779204162,productpage,v1,Running,True
1779204162,productpage,v1,Running,True
1779204162,productpage,v1,Running,True
1779204162,ratings,v1,Running,True
1779204162,reviews,v1,Running,True
1779204162,reviews,v2,Running,True
1779204162,reviews,v2,Running,True
1779204162,reviews,v3,Running,True
1779204162,reviews,v3,Running,True
1779204162,reviews,v3,Running,True
1779204162,reviews,v3,Running,True
1779204162,reviews,v3,Running,True
1779204163,details,v1,Running,True
1779204163,details,v1,Running,True
1779204163,details,v1,Running,True
1779204163,details,v1,Running,True
1779204163,details,v1,Running,True
1779204163,details,v1,Running,True
1779204163,productpage,v1,Running,True
1779204163,productpage,v1,Running,True
1779204163,productpage,v1,Running,True
1779204163,productpage,v1,Running,True
1779204163,productpage,v1,Running,True
1779204163,productpage,v1,Running,True
1779204163,productpage,v1,Running,True
1779204163,productpage,v1,Running,True
1779204163,productpage,v1,Running,True
1779204163,productpage,v1,Running,True
1779204163,productpage,v1,Running,True
1779204163,productpage,v1,Running,True
1779204163,productpage,v1,Running,True
1779204163,productpage,v1,Running,True
1779204163,productpage,v1,Running,True
1779204163,ratings,v1,Running,True
1779204163,reviews,v1,Running,True
1779204163,reviews,v2,Running,True
1779204163,reviews,v2,Running,True
1779204163,reviews,v3,Running,True
1779204163,reviews,v3,Running,True
1779204163,reviews,v3,Running,True
1779204163,reviews,v3,Running,True
1779204163,reviews,v3,Running,True
1779204164,details,v1,Running,True
1779204164,details,v1,Running,True
1779204164,details,v1,Running,True
1779204164,details,v1,Running,True
1779204164,details,v1,Running,True
1779204164,details,v1,Running,True
1779204164,productpage,v1,Running,True
1779204164,productpage,v1,Running,True
1779204164,productpage,v1,Running,True
1779204164,productpage,v1,Running,True
1779204164,productpage,v1,Running,True
1779204164,productpage,v1,Running,True
1779204164,productpage,v1,Running,True
1779204164,productpage,v1,Running,True
1779204164,productpage,v1,Running,True
1779204164,productpage,v1,Running,True
1779204164,productpage,v1,Running,True
1779204164,productpage,v1,Running,True
1779204164,productpage,v1,Running,True
1779204164,productpage,v1,Running,True
1779204164,productpage,v1,Running,True
1779204164,ratings,v1,Running,True
1779204164,reviews,v1,Running,True
1779204164,reviews,v2,Running,True
1779204164,reviews,v2,Running,True
1779204164,reviews,v3,Running,True
1779204164,reviews,v3,Running,True
1779204164,reviews,v3,Running,True
1779204164,reviews,v3,Running,True
1779204164,reviews,v3,Running,True
1779204165,details,v1,Running,True
1779204165,details,v1,Running,True
1779204165,details,v1,Running,True
1779204165,details,v1,Running,True
1779204165,details,v1,Running,True
1779204165,details,v1,Running,True
1779204165,productpage,v1,Running,True
1779204165,productpage,v1,Running,True
1779204165,productpage,v1,Running,True
1779204165,productpage,v1,Running,True
1779204165,productpage,v1,Running,True
1779204165,productpage,v1,Running,True
1779204165,productpage,v1,Running,True
1779204165,productpage,v1,Running,True
1779204165,productpage,v1,Running,True
1779204165,productpage,v1,Running,True
1779204165,productpage,v1,Running,True
1779204165,productpage,v1,Running,True
1779204165,productpage,v1,Running,True
1779204165,productpage,v1,Running,True
1779204165,productpage,v1,Running,True
1779204165,ratings,v1,Running,True
1779204165,reviews,v1,Running,True
1779204165,reviews,v2,Running,True
1779204165,reviews,v2,Running,True
1779204165,reviews,v3,Running,True
1779204165,reviews,v3,Running,True
1779204165,reviews,v3,Running,True
1779204165,reviews,v3,Running,True
1779204165,reviews,v3,Running,True
1779204166,details,v1,Running,True
1779204166,details,v1,Running,True
1779204166,details,v1,Running,True
1779204166,details,v1,Running,True
1779204166,details,v1,Running,True
1779204166,details,v1,Running,True
1779204166,productpage,v1,Running,True
1779204166,productpage,v1,Running,True
1779204166,productpage,v1,Running,True
1779204166,productpage,v1,Running,True
1779204166,productpage,v1,Running,True
1779204166,productpage,v1,Running,True
1779204166,productpage,v1,Running,True
1779204166,productpage,v1,Running,True
1779204166,productpage,v1,Running,True
1779204166,productpage,v1,Running,True
1779204166,productpage,v1,Running,True
1779204166,productpage,v1,Running,True
1779204166,productpage,v1,Running,True
1779204166,productpage,v1,Running,True
1779204166,productpage,v1,Running,True
1779204166,ratings,v1,Running,True
1779204166,reviews,v1,Running,True
1779204166,reviews,v2,Running,True
1779204166,reviews,v2,Running,True
1779204166,reviews,v3,Running,True
1779204166,reviews,v3,Running,True
1779204166,reviews,v3,Running,True
1779204166,reviews,v3,Running,True
1779204166,reviews,v3,Pending,False
1779204166,reviews,v3,Running,True
1779204166,reviews,v3,Pending,False
1779204167,details,v1,Running,True
1779204167,details,v1,Running,True
1779204167,details,v1,Running,True
1779204167,details,v1,Running,True
1779204167,details,v1,Running,True
1779204167,details,v1,Running,True
1779204167,productpage,v1,Running,True
1779204167,productpage,v1,Running,True
1779204167,productpage,v1,Running,True
1779204167,productpage,v1,Running,True
1779204167,productpage,v1,Running,True
1779204167,productpage,v1,Running,True
1779204167,productpage,v1,Running,True
1779204167,productpage,v1,Running,True
1779204167,productpage,v1,Running,True
1779204167,productpage,v1,Running,True
1779204167,productpage,v1,Running,True
1779204167,productpage,v1,Running,True
1779204167,productpage,v1,Running,True
1779204167,productpage,v1,Running,True
1779204167,productpage,v1,Running,True
1779204167,ratings,v1,Running,True
1779204167,reviews,v1,Running,True
1779204167,reviews,v2,Running,True
1779204167,reviews,v2,Running,True
1779204167,reviews,v3,Running,True
1779204167,reviews,v3,Running,True
1779204167,reviews,v3,Running,True
1779204167,reviews,v3,Running,True
1779204167,reviews,v3,Pending,False
1779204167,reviews,v3,Running,True
1779204167,reviews,v3,Pending,False
1779204168,details,v1,Running,True
1779204168,details,v1,Running,True
1779204168,details,v1,Running,True
1779204168,details,v1,Running,True
1779204168,details,v1,Running,True
1779204168,details,v1,Running,True
1779204168,productpage,v1,Running,True
1779204168,productpage,v1,Running,True
1779204168,productpage,v1,Running,True
1779204168,productpage,v1,Running,True
1779204168,productpage,v1,Running,True
1779204168,productpage,v1,Running,True
1779204168,productpage,v1,Running,True
1779204168,productpage,v1,Running,True
1779204168,productpage,v1,Running,True
1779204168,productpage,v1,Running,True
1779204168,productpage,v1,Running,True
1779204168,productpage,v1,Running,True
1779204168,productpage,v1,Running,True
1779204168,productpage,v1,Running,True
1779204168,productpage,v1,Running,True
1779204168,ratings,v1,Running,True
1779204168,reviews,v1,Running,True
1779204168,reviews,v2,Running,True
1779204168,reviews,v2,Running,True
1779204168,reviews,v3,Running,True
1779204168,reviews,v3,Running,True
1779204168,reviews,v3,Running,True
1779204168,reviews,v3,Running,True
1779204168,reviews,v3,Pending,False
1779204168,reviews,v3,Running,True
1779204168,reviews,v3,Pending,False
1779204169,details,v1,Running,True
1779204169,details,v1,Running,True
1779204169,details,v1,Running,True
1779204169,details,v1,Running,True
1779204169,details,v1,Running,True
1779204169,details,v1,Running,True
1779204169,productpage,v1,Running,True
1779204169,productpage,v1,Running,True
1779204169,productpage,v1,Running,True
1779204169,productpage,v1,Running,True
1779204169,productpage,v1,Running,True
1779204169,productpage,v1,Running,True
1779204169,productpage,v1,Running,True
1779204169,productpage,v1,Running,True
1779204169,productpage,v1,Running,True
1779204169,productpage,v1,Running,True
1779204169,productpage,v1,Running,True
1779204169,productpage,v1,Running,True
1779204169,productpage,v1,Running,True
1779204169,productpage,v1,Running,True
1779204169,productpage,v1,Running,True
1779204169,ratings,v1,Running,True
1779204169,reviews,v1,Running,True
1779204169,reviews,v2,Running,True
1779204169,reviews,v2,Running,True
1779204169,reviews,v3,Running,True
1779204169,reviews,v3,Running,True
1779204169,reviews,v3,Running,True
1779204169,reviews,v3,Running,True
1779204169,reviews,v3,Running,False
1779204169,reviews,v3,Running,True
1779204169,reviews,v3,Running,False
