timestamp,app,version,phase,ready
1779222356,details,v1,Running,True
1779222356,details,v1,Running,True
1779222356,details,v1,Running,True
1779222356,productpage,v1,Running,True
1779222356,productpage,v1,Running,True
1779222356,productpage,v1,Running,True
1779222356,productpage,v1,Running,True
1779222356,productpage,v1,Running,True
1779222356,productpage,v1,Running,True
1779222356,productpage,v1,Running,True
1779222356,productpage,v1,Running,True
1779222356,productpage,v1,Running,True
1779222356,productpage,v1,Running,True
1779222356,productpage,v1,Running,True
1779222356,productpage,v1,Running,True
1779222356,productpage,v1,Running,True
1779222356,productpage,v1,Running,True
1779222356,productpage,v1,Running,True
1779222356,ratings,v1,Running,True
1779222356,reviews,v1,Running,True
1779222356,reviews,v2,Running,True
1779222356,reviews,v2,Running,True
1779222356,reviews,v3,Running,True
1779222356,reviews,v3,Running,True
1779222357,details,v1,Running,True
1779222357,details,v1,Running,True
1779222357,details,v1,Running,True
1779222357,productpage,v1,Running,True
1779222357,productpage,v1,Running,True
1779222357,productpage,v1,Running,True
1779222357,productpage,v1,Running,True
1779222357,productpage,v1,Running,True
1779222357,productpage,v1,Running,True
1779222357,productpage,v1,Running,True
1779222357,productpage,v1,Running,True
1779222357,productpage,v1,Running,True
1779222357,productpage,v1,Running,True
1779222357,productpage,v1,Running,True
1779222357,productpage,v1,Running,True
1779222357,productpage,v1,Running,True
1779222357,productpage,v1,Running,True
1779222357,productpage,v1,Running,True
1779222357,ratings,v1,Running,True
1779222357,reviews,v1,Running,True
1779222357,reviews,v2,Running,True
1779222357,reviews,v2,Running,True
1779222357,reviews,v3,Running,True
1779222357,reviews,v3,Running,True
1779222358,details,v1,Running,True
1779222358,details,v1,Running,True
1779222358,details,v1,Running,True
1779222358,productpage,v1,Running,True
1779222358,productpage,v1,Running,True
1779222358,productpage,v1,Running,True
1779222358,productpage,v1,Running,True
1779222358,productpage,v1,Running,True
1779222358,productpage,v1,Running,True
1779222358,productpage,v1,Running,True
1779222358,productpage,v1,Running,True
1779222358,productpage,v1,Running,True
1779222358,productpage,v1,Running,True
1779222358,productpage,v1,Running,True
1779222358,productpage,v1,Running,True
1779222358,productpage,v1,Running,True
1779222358,productpage,v1,Running,True
1779222358,productpage,v1,Running,True
1779222358,ratings,v1,Running,True
1779222358,reviews,v1,Running,True
1779222358,reviews,v2,Running,True
1779222358,reviews,v2,Running,True
1779222358,reviews,v3,Running,True
1779222358,reviews,v3,Running,True
1779222359,details,v1,Running,True
1779222359,details,v1,Running,True
1779222359,details,v1,Running,True
1779222359,productpage,v1,Running,True
1779222359,productpage,v1,Running,True
1779222359,productpage,v1,Running,True
1779222359,productpage,v1,Running,True
1779222359,productpage,v1,Running,True
1779222359,productpage,v1,Running,True
1779222359,productpage,v1,Running,True
1779222359,productpage,v1,Running,True
1779222359,productpage,v1,Running,True
1779222359,productpage,v1,Running,True
1779222359,productpage,v1,Running,True
1779222359,productpage,v1,Running,True
1779222359,productpage,v1,Running,True
1779222359,productpage,v1,Running,True
1779222359,productpage,v1,Running,True
1779222359,ratings,v1,Running,True
1779222359,reviews,v1,Running,True
1779222359,reviews,v2,Running,True
1779222359,reviews,v2,Running,True
1779222359,reviews,v3,Running,True
1779222359,reviews,v3,Running,True
1779222360,details,v1,Running,True
1779222360,details,v1,Running,True
1779222360,details,v1,Running,True
1779222360,productpage,v1,Running,True
1779222360,productpage,v1,Running,True
1779222360,productpage,v1,Running,True
1779222360,productpage,v1,Running,True
1779222360,productpage,v1,Running,True
1779222360,productpage,v1,Running,True
1779222360,productpage,v1,Running,True
1779222360,productpage,v1,Running,True
1779222360,productpage,v1,Running,True
1779222360,productpage,v1,Running,True
1779222360,productpage,v1,Running,True
1779222360,productpage,v1,Running,True
1779222360,productpage,v1,Running,True
1779222360,productpage,v1,Running,True
1779222360,productpage,v1,Running,True
1779222360,ratings,v1,Running,True
1779222360,reviews,v1,Running,True
1779222360,reviews,v2,Running,True
1779222360,reviews,v2,Running,True
1779222360,reviews,v3,Running,True
1779222360,reviews,v3,Running,True
1779222361,details,v1,Running,True
1779222361,details,v1,Running,True
1779222361,details,v1,Running,True
1779222361,productpage,v1,Running,True
1779222361,productpage,v1,Running,True
1779222361,productpage,v1,Running,True
1779222361,productpage,v1,Running,True
1779222361,productpage,v1,Running,True
1779222361,productpage,v1,Running,True
1779222361,productpage,v1,Running,True
1779222361,productpage,v1,Running,True
1779222361,productpage,v1,Running,True
1779222361,productpage,v1,Running,True
1779222361,productpage,v1,Running,True
1779222361,productpage,v1,Running,True
1779222361,productpage,v1,Running,True
1779222361,productpage,v1,Running,True
1779222361,productpage,v1,Running,True
1779222361,ratings,v1,Running,True
1779222361,reviews,v1,Running,True
1779222361,reviews,v2,Running,True
1779222361,reviews,v2,Running,True
1779222361,reviews,v3,Running,True
1779222361,reviews,v3,Running,True
1779222362,details,v1,Running,True
1779222362,details,v1,Running,True
1779222362,details,v1,Running,True
1779222362,productpage,v1,Running,True
1779222362,productpage,v1,Running,True
1779222362,productpage,v1,Running,True
1779222362,productpage,v1,Running,True
1779222362,productpage,v1,Running,True
1779222362,productpage,v1,Running,True
1779222362,productpage,v1,Running,True
1779222362,productpage,v1,Running,True
1779222362,productpage,v1,Running,True
1779222362,productpage,v1,Running,True
1779222362,productpage,v1,Running,True
1779222362,productpage,v1,Running,True
1779222362,productpage,v1,Running,True
1779222362,productpage,v1,Running,True
1779222362,productpage,v1,Running,True
1779222362,ratings,v1,Running,True
1779222362,reviews,v1,Running,True
1779222362,reviews,v2,Running,True
1779222362,reviews,v2,Running,True
1779222362,reviews,v3,Running,True
1779222362,reviews,v3,Running,True
1779222363,details,v1,Running,True
1779222363,details,v1,Running,True
1779222363,details,v1,Running,True
1779222363,productpage,v1,Running,True
1779222363,productpage,v1,Running,True
1779222363,productpage,v1,Running,True
1779222363,productpage,v1,Running,True
1779222363,productpage,v1,Running,True
1779222363,productpage,v1,Running,True
1779222363,productpage,v1,Running,True
1779222363,productpage,v1,Running,True
1779222363,productpage,v1,Running,True
1779222363,productpage,v1,Running,True
1779222363,productpage,v1,Running,True
1779222363,productpage,v1,Running,True
1779222363,productpage,v1,Running,True
1779222363,productpage,v1,Running,True
1779222363,productpage,v1,Running,True
1779222363,ratings,v1,Running,True
1779222363,reviews,v1,Running,True
1779222363,reviews,v2,Running,True
1779222363,reviews,v2,Running,True
1779222363,reviews,v3,Running,True
1779222363,reviews,v3,Running,True
1779222364,details,v1,Running,True
1779222364,details,v1,Running,True
1779222364,details,v1,Running,True
1779222364,productpage,v1,Running,True
1779222364,productpage,v1,Running,True
1779222364,productpage,v1,Running,True
1779222364,productpage,v1,Running,True
1779222364,productpage,v1,Running,True
1779222364,productpage,v1,Running,True
1779222364,productpage,v1,Running,True
1779222364,productpage,v1,Running,True
1779222364,productpage,v1,Running,True
1779222364,productpage,v1,Running,True
1779222364,productpage,v1,Running,True
1779222364,productpage,v1,Running,True
1779222364,productpage,v1,Running,True
1779222364,productpage,v1,Running,True
1779222364,productpage,v1,Running,True
1779222364,ratings,v1,Running,True
1779222364,reviews,v1,Running,True
1779222364,reviews,v2,Running,True
1779222364,reviews,v2,Running,True
1779222364,reviews,v3,Running,True
1779222364,reviews,v3,Running,True
1779222365,details,v1,Running,True
1779222365,details,v1,Running,True
1779222365,details,v1,Running,True
1779222365,productpage,v1,Running,True
1779222365,productpage,v1,Running,True
1779222365,productpage,v1,Running,True
1779222365,productpage,v1,Running,True
1779222365,productpage,v1,Running,True
1779222365,productpage,v1,Running,True
1779222365,productpage,v1,Running,True
1779222365,productpage,v1,Running,True
1779222365,productpage,v1,Running,True
1779222365,productpage,v1,Running,True
1779222365,productpage,v1,Running,True
1779222365,productpage,v1,Running,True
1779222365,productpage,v1,Running,True
1779222365,productpage,v1,Running,True
1779222365,productpage,v1,Running,True
1779222365,ratings,v1,Running,True
1779222365,reviews,v1,Running,True
1779222365,reviews,v2,Running,True
1779222365,reviews,v2,Running,True
1779222365,reviews,v3,Running,True
1779222365,reviews,v3,Running,True
1779222366,details,v1,Running,True
1779222366,details,v1,Running,True
1779222366,details,v1,Running,True
1779222366,productpage,v1,Running,True
1779222366,productpage,v1,Running,True
1779222366,productpage,v1,Running,True
1779222366,productpage,v1,Running,True
1779222366,productpage,v1,Running,True
1779222366,productpage,v1,Running,True
1779222366,productpage,v1,Running,True
1779222366,productpage,v1,Running,True
1779222366,productpage,v1,Running,True
1779222366,productpage,v1,Running,True
1779222366,productpage,v1,Running,True
1779222366,productpage,v1,Running,True
1779222366,productpage,v1,Running,True
1779222366,productpage,v1,Running,True
1779222366,productpage,v1,Running,True
1779222366,ratings,v1,Running,True
1779222366,reviews,v1,Running,True
1779222366,reviews,v2,Running,True
1779222366,reviews,v2,Running,True
1779222366,reviews,v3,Running,True
1779222366,reviews,v3,Running,True
1779222367,details,v1,Running,True
1779222367,details,v1,Running,True
1779222367,details,v1,Running,True
1779222367,productpage,v1,Running,True
1779222367,productpage,v1,Running,True
1779222367,productpage,v1,Running,True
1779222367,productpage,v1,Running,True
1779222367,productpage,v1,Running,True
1779222367,productpage,v1,Running,True
1779222367,productpage,v1,Running,True
1779222367,productpage,v1,Running,True
1779222367,productpage,v1,Running,True
1779222367,productpage,v1,Running,True
1779222367,productpage,v1,Running,True
1779222367,productpage,v1,Running,True
1779222367,productpage,v1,Running,True
1779222367,productpage,v1,Running,True
1779222367,productpage,v1,Running,True
1779222367,ratings,v1,Running,True
1779222367,reviews,v1,Running,True
1779222367,reviews,v2,Running,True
1779222367,reviews,v2,Running,True
1779222367,reviews,v3,Running,True
1779222367,reviews,v3,Running,True
1779222368,details,v1,Running,True
1779222368,details,v1,Running,True
1779222368,details,v1,Running,True
1779222368,productpage,v1,Running,True
1779222368,productpage,v1,Running,True
1779222368,productpage,v1,Running,True
1779222368,productpage,v1,Running,True
1779222368,productpage,v1,Running,True
1779222368,productpage,v1,Running,True
1779222368,productpage,v1,Running,True
1779222368,productpage,v1,Running,True
1779222368,productpage,v1,Running,True
1779222368,productpage,v1,Running,True
1779222368,productpage,v1,Running,True
1779222368,productpage,v1,Running,True
1779222368,productpage,v1,Running,True
1779222368,productpage,v1,Running,True
1779222368,productpage,v1,Running,True
1779222368,ratings,v1,Running,True
1779222368,reviews,v1,Running,True
1779222368,reviews,v2,Running,True
1779222368,reviews,v2,Running,True
1779222368,reviews,v3,Running,True
1779222368,reviews,v3,Running,True
1779222369,details,v1,Running,True
1779222369,details,v1,Running,True
1779222369,details,v1,Running,True
1779222369,productpage,v1,Running,True
1779222369,productpage,v1,Running,True
1779222369,productpage,v1,Running,True
1779222369,productpage,v1,Running,True
1779222369,productpage,v1,Running,True
1779222369,productpage,v1,Running,True
1779222369,productpage,v1,Running,True
1779222369,productpage,v1,Running,True
1779222369,productpage,v1,Running,True
1779222369,productpage,v1,Running,True
1779222369,productpage,v1,Running,True
1779222369,productpage,v1,Running,True
1779222369,productpage,v1,Running,True
1779222369,productpage,v1,Running,True
1779222369,productpage,v1,Running,True
1779222369,ratings,v1,Running,True
1779222369,reviews,v1,Running,True
1779222369,reviews,v2,Running,True
1779222369,reviews,v2,Running,True
1779222369,reviews,v3,Running,True
1779222369,reviews,v3,Running,True
1779222370,details,v1,Running,True
1779222370,details,v1,Running,True
1779222370,details,v1,Running,True
1779222370,productpage,v1,Running,True
1779222370,productpage,v1,Running,True
1779222370,productpage,v1,Running,True
1779222370,productpage,v1,Running,True
1779222370,productpage,v1,Running,True
1779222370,productpage,v1,Running,True
1779222370,productpage,v1,Running,True
1779222370,productpage,v1,Running,True
1779222370,productpage,v1,Running,True
1779222370,productpage,v1,Running,True
1779222370,productpage,v1,Running,True
1779222370,productpage,v1,Running,True
1779222370,productpage,v1,Running,True
1779222370,productpage,v1,Running,True
1779222370,productpage,v1,Running,True
1779222370,ratings,v1,Running,True
1779222370,reviews,v1,Running,True
1779222370,reviews,v2,Running,True
1779222370,reviews,v2,Running,True
1779222370,reviews,v3,Running,True
1779222370,reviews,v3,Running,True
1779222371,details,v1,Running,True
1779222371,details,v1,Running,True
1779222371,details,v1,Running,True
1779222371,productpage,v1,Running,True
1779222371,productpage,v1,Running,True
1779222371,productpage,v1,Running,True
1779222371,productpage,v1,Running,True
1779222371,productpage,v1,Running,True
1779222371,productpage,v1,Running,True
1779222371,productpage,v1,Running,True
1779222371,productpage,v1,Running,True
1779222371,productpage,v1,Running,True
1779222371,productpage,v1,Running,True
1779222371,productpage,v1,Running,True
1779222371,productpage,v1,Running,True
1779222371,productpage,v1,Running,True
1779222371,productpage,v1,Running,True
1779222371,productpage,v1,Running,True
1779222371,ratings,v1,Running,True
1779222371,reviews,v1,Running,True
1779222371,reviews,v2,Running,True
1779222371,reviews,v2,Running,True
1779222371,reviews,v3,Running,True
1779222371,reviews,v3,Running,True
1779222372,details,v1,Running,True
1779222372,details,v1,Running,True
1779222372,details,v1,Running,True
1779222372,productpage,v1,Running,True
1779222372,productpage,v1,Running,True
1779222372,productpage,v1,Running,True
1779222372,productpage,v1,Running,True
1779222372,productpage,v1,Running,True
1779222372,productpage,v1,Running,True
1779222372,productpage,v1,Running,True
1779222372,productpage,v1,Running,True
1779222372,productpage,v1,Running,True
1779222372,productpage,v1,Running,True
1779222372,productpage,v1,Running,True
1779222372,productpage,v1,Running,True
1779222372,productpage,v1,Running,True
1779222372,productpage,v1,Running,True
1779222372,productpage,v1,Running,True
1779222372,ratings,v1,Running,True
1779222372,reviews,v1,Running,True
1779222372,reviews,v2,Running,True
1779222372,reviews,v2,Running,True
1779222372,reviews,v3,Running,True
1779222372,reviews,v3,Running,True
1779222373,details,v1,Running,True
1779222373,details,v1,Running,True
1779222373,details,v1,Running,True
1779222373,productpage,v1,Running,True
1779222373,productpage,v1,Running,True
1779222373,productpage,v1,Running,True
1779222373,productpage,v1,Running,True
1779222373,productpage,v1,Running,True
1779222373,productpage,v1,Running,True
1779222373,productpage,v1,Running,True
1779222373,productpage,v1,Running,True
1779222373,productpage,v1,Running,True
1779222373,productpage,v1,Running,True
1779222373,productpage,v1,Running,True
1779222373,productpage,v1,Running,True
1779222373,productpage,v1,Running,True
1779222373,productpage,v1,Running,True
1779222373,productpage,v1,Running,True
1779222373,ratings,v1,Running,True
1779222373,reviews,v1,Running,True
1779222373,reviews,v2,Running,True
1779222373,reviews,v2,Running,True
1779222373,reviews,v3,Running,True
1779222373,reviews,v3,Running,True
1779222374,details,v1,Running,True
1779222374,details,v1,Running,True
1779222374,details,v1,Running,True
1779222374,productpage,v1,Running,True
1779222374,productpage,v1,Running,True
1779222374,productpage,v1,Running,True
1779222374,productpage,v1,Running,True
1779222374,productpage,v1,Running,True
1779222374,productpage,v1,Running,True
1779222374,productpage,v1,Running,True
1779222374,productpage,v1,Running,True
1779222374,productpage,v1,Running,True
1779222374,productpage,v1,Running,True
1779222374,productpage,v1,Running,True
1779222374,productpage,v1,Running,True
1779222374,productpage,v1,Running,True
1779222374,productpage,v1,Running,True
1779222374,productpage,v1,Running,True
1779222374,ratings,v1,Running,True
1779222374,reviews,v1,Running,True
1779222374,reviews,v2,Running,True
1779222374,reviews,v2,Running,True
1779222374,reviews,v3,Running,True
1779222374,reviews,v3,Running,True
1779222375,details,v1,Running,True
1779222375,details,v1,Running,True
1779222375,details,v1,Running,True
1779222375,productpage,v1,Running,True
1779222375,productpage,v1,Running,True
1779222375,productpage,v1,Running,True
1779222375,productpage,v1,Running,True
1779222375,productpage,v1,Running,True
1779222375,productpage,v1,Running,True
1779222375,productpage,v1,Running,True
1779222375,productpage,v1,Running,True
1779222375,productpage,v1,Running,True
1779222375,productpage,v1,Running,True
1779222375,productpage,v1,Running,True
1779222375,productpage,v1,Running,True
1779222375,productpage,v1,Running,True
1779222375,productpage,v1,Running,True
1779222375,productpage,v1,Running,True
1779222375,ratings,v1,Running,True
1779222375,reviews,v1,Running,True
1779222375,reviews,v2,Running,True
1779222375,reviews,v2,Running,True
1779222375,reviews,v3,Running,True
1779222375,reviews,v3,Running,True
1779222376,details,v1,Running,True
1779222376,details,v1,Running,True
1779222376,details,v1,Running,True
1779222376,productpage,v1,Running,True
1779222376,productpage,v1,Running,True
1779222376,productpage,v1,Running,True
1779222376,productpage,v1,Running,True
1779222376,productpage,v1,Running,True
1779222376,productpage,v1,Running,True
1779222376,productpage,v1,Running,True
1779222376,productpage,v1,Running,True
1779222376,productpage,v1,Running,True
1779222376,productpage,v1,Running,True
1779222376,productpage,v1,Running,True
1779222376,productpage,v1,Running,True
1779222376,productpage,v1,Running,True
1779222376,productpage,v1,Running,True
1779222376,productpage,v1,Running,True
1779222376,ratings,v1,Running,True
1779222376,reviews,v1,Running,True
1779222376,reviews,v2,Running,True
1779222376,reviews,v2,Running,True
1779222376,reviews,v3,Running,True
1779222376,reviews,v3,Running,True
1779222377,details,v1,Running,True
1779222377,details,v1,Running,True
1779222377,details,v1,Running,True
1779222377,productpage,v1,Running,True
1779222377,productpage,v1,Running,True
1779222377,productpage,v1,Running,True
1779222377,productpage,v1,Running,True
1779222377,productpage,v1,Running,True
1779222377,productpage,v1,Running,True
1779222377,productpage,v1,Running,True
1779222377,productpage,v1,Running,True
1779222377,productpage,v1,Running,True
1779222377,productpage,v1,Running,True
1779222377,productpage,v1,Running,True
1779222377,productpage,v1,Running,True
1779222377,productpage,v1,Running,True
1779222377,productpage,v1,Running,True
1779222377,productpage,v1,Running,True
1779222377,ratings,v1,Running,True
1779222377,reviews,v1,Running,True
1779222377,reviews,v2,Running,True
1779222377,reviews,v2,Running,True
1779222377,reviews,v3,Running,True
1779222377,reviews,v3,Running,True
1779222378,details,v1,Running,True
1779222378,details,v1,Running,True
1779222378,details,v1,Running,True
1779222378,productpage,v1,Running,True
1779222378,productpage,v1,Running,True
1779222378,productpage,v1,Running,True
1779222378,productpage,v1,Running,True
1779222378,productpage,v1,Running,True
1779222378,productpage,v1,Running,True
1779222378,productpage,v1,Running,True
1779222378,productpage,v1,Running,True
1779222378,productpage,v1,Running,True
1779222378,productpage,v1,Running,True
1779222378,productpage,v1,Running,True
1779222378,productpage,v1,Running,True
1779222378,productpage,v1,Running,True
1779222378,productpage,v1,Running,True
1779222378,productpage,v1,Running,True
1779222378,ratings,v1,Running,True
1779222378,reviews,v1,Running,True
1779222378,reviews,v2,Running,True
1779222378,reviews,v2,Running,True
1779222378,reviews,v3,Running,True
1779222378,reviews,v3,Running,True
1779222379,details,v1,Running,True
1779222379,details,v1,Running,True
1779222379,details,v1,Running,True
1779222379,productpage,v1,Running,True
1779222379,productpage,v1,Running,True
1779222379,productpage,v1,Running,True
1779222379,productpage,v1,Running,True
1779222379,productpage,v1,Running,True
1779222379,productpage,v1,Running,True
1779222379,productpage,v1,Running,True
1779222379,productpage,v1,Running,True
1779222379,productpage,v1,Running,True
1779222379,productpage,v1,Running,True
1779222379,productpage,v1,Running,True
1779222379,productpage,v1,Running,True
1779222379,productpage,v1,Running,True
1779222379,productpage,v1,Running,True
1779222379,productpage,v1,Running,True
1779222379,ratings,v1,Running,True
1779222379,reviews,v1,Running,True
1779222379,reviews,v2,Running,True
1779222379,reviews,v2,Running,True
1779222379,reviews,v3,Running,True
1779222379,reviews,v3,Running,True
1779222380,details,v1,Running,True
1779222380,details,v1,Running,True
1779222380,details,v1,Running,True
1779222380,productpage,v1,Running,True
1779222380,productpage,v1,Running,True
1779222380,productpage,v1,Running,True
1779222380,productpage,v1,Running,True
1779222380,productpage,v1,Running,True
1779222380,productpage,v1,Running,True
1779222380,productpage,v1,Running,True
1779222380,productpage,v1,Running,True
1779222380,productpage,v1,Running,True
1779222380,productpage,v1,Running,True
1779222380,productpage,v1,Running,True
1779222380,productpage,v1,Running,True
1779222380,productpage,v1,Running,True
1779222380,productpage,v1,Running,True
1779222380,productpage,v1,Running,True
1779222380,ratings,v1,Running,True
1779222380,reviews,v1,Running,True
1779222380,reviews,v2,Running,True
1779222380,reviews,v2,Running,True
1779222380,reviews,v3,Running,True
1779222380,reviews,v3,Running,True
1779222381,details,v1,Running,True
1779222381,details,v1,Running,True
1779222381,details,v1,Running,True
1779222381,productpage,v1,Running,True
1779222381,productpage,v1,Running,True
1779222381,productpage,v1,Running,True
1779222381,productpage,v1,Running,True
1779222381,productpage,v1,Running,True
1779222381,productpage,v1,Running,True
1779222381,productpage,v1,Running,True
1779222381,productpage,v1,Running,True
1779222381,productpage,v1,Running,True
1779222381,productpage,v1,Running,True
1779222381,productpage,v1,Running,True
1779222381,productpage,v1,Running,True
1779222381,productpage,v1,Running,True
1779222381,productpage,v1,Running,True
1779222381,productpage,v1,Running,True
1779222381,ratings,v1,Running,True
1779222381,reviews,v1,Running,True
1779222381,reviews,v2,Running,True
1779222381,reviews,v2,Running,True
1779222381,reviews,v3,Running,True
1779222381,reviews,v3,Running,True
1779222382,details,v1,Running,True
1779222382,details,v1,Running,True
1779222382,details,v1,Running,True
1779222382,productpage,v1,Running,True
1779222382,productpage,v1,Running,True
1779222382,productpage,v1,Running,True
1779222382,productpage,v1,Running,True
1779222382,productpage,v1,Running,True
1779222382,productpage,v1,Running,True
1779222382,productpage,v1,Running,True
1779222382,productpage,v1,Running,True
1779222382,productpage,v1,Running,True
1779222382,productpage,v1,Running,True
1779222382,productpage,v1,Running,True
1779222382,productpage,v1,Running,True
1779222382,productpage,v1,Running,True
1779222382,productpage,v1,Running,True
1779222382,productpage,v1,Running,True
1779222382,ratings,v1,Running,True
1779222382,reviews,v1,Running,True
1779222382,reviews,v2,Running,True
1779222382,reviews,v2,Running,True
1779222382,reviews,v3,Running,True
1779222382,reviews,v3,Running,True
1779222383,details,v1,Running,True
1779222383,details,v1,Running,True
1779222383,details,v1,Running,True
1779222383,productpage,v1,Running,True
1779222383,productpage,v1,Running,True
1779222383,productpage,v1,Running,True
1779222383,productpage,v1,Running,True
1779222383,productpage,v1,Running,True
1779222383,productpage,v1,Running,True
1779222383,productpage,v1,Running,True
1779222383,productpage,v1,Running,True
1779222383,productpage,v1,Running,True
1779222383,productpage,v1,Running,True
1779222383,productpage,v1,Running,True
1779222383,productpage,v1,Running,True
1779222383,productpage,v1,Running,True
1779222383,productpage,v1,Running,True
1779222383,productpage,v1,Running,True
1779222383,ratings,v1,Running,True
1779222383,reviews,v1,Running,True
1779222383,reviews,v2,Running,True
1779222383,reviews,v2,Running,True
1779222383,reviews,v3,Running,True
1779222383,reviews,v3,Running,True
1779222384,details,v1,Running,True
1779222384,details,v1,Running,True
1779222384,details,v1,Running,True
1779222384,productpage,v1,Running,True
1779222384,productpage,v1,Running,True
1779222384,productpage,v1,Running,True
1779222384,productpage,v1,Running,True
1779222384,productpage,v1,Running,True
1779222384,productpage,v1,Running,True
1779222384,productpage,v1,Running,True
1779222384,productpage,v1,Running,True
1779222384,productpage,v1,Running,True
1779222384,productpage,v1,Running,True
1779222384,productpage,v1,Running,True
1779222384,productpage,v1,Running,True
1779222384,productpage,v1,Running,True
1779222384,productpage,v1,Running,True
1779222384,productpage,v1,Running,True
1779222384,ratings,v1,Running,True
1779222384,reviews,v1,Running,True
1779222384,reviews,v2,Running,True
1779222384,reviews,v2,Running,True
1779222384,reviews,v3,Running,True
1779222384,reviews,v3,Running,True
1779222385,details,v1,Running,True
1779222385,details,v1,Running,True
1779222385,details,v1,Running,True
1779222385,productpage,v1,Running,True
1779222385,productpage,v1,Running,True
1779222385,productpage,v1,Running,True
1779222385,productpage,v1,Running,True
1779222385,productpage,v1,Running,True
1779222385,productpage,v1,Running,True
1779222385,productpage,v1,Running,True
1779222385,productpage,v1,Running,True
1779222385,productpage,v1,Running,True
1779222385,productpage,v1,Running,True
1779222385,productpage,v1,Running,True
1779222385,productpage,v1,Running,True
1779222385,productpage,v1,Running,True
1779222385,productpage,v1,Running,True
1779222385,productpage,v1,Running,True
1779222385,ratings,v1,Running,True
1779222385,reviews,v1,Running,True
1779222385,reviews,v2,Running,True
1779222385,reviews,v2,Running,True
1779222385,reviews,v3,Running,True
1779222385,reviews,v3,Running,True
1779222386,details,v1,Running,True
1779222386,details,v1,Running,True
1779222386,details,v1,Running,True
1779222386,productpage,v1,Running,True
1779222386,productpage,v1,Running,True
1779222386,productpage,v1,Running,True
1779222386,productpage,v1,Running,True
1779222386,productpage,v1,Running,True
1779222386,productpage,v1,Running,True
1779222386,productpage,v1,Running,True
1779222386,productpage,v1,Running,True
1779222386,productpage,v1,Running,True
1779222386,productpage,v1,Running,True
1779222386,productpage,v1,Running,True
1779222386,productpage,v1,Running,True
1779222386,productpage,v1,Running,True
1779222386,productpage,v1,Running,True
1779222386,productpage,v1,Running,True
1779222386,ratings,v1,Running,True
1779222386,reviews,v1,Running,True
1779222386,reviews,v2,Running,True
1779222386,reviews,v2,Running,True
1779222386,reviews,v3,Running,True
1779222386,reviews,v3,Running,True
1779222387,details,v1,Running,True
1779222387,details,v1,Running,True
1779222387,details,v1,Running,True
1779222387,productpage,v1,Running,True
1779222387,productpage,v1,Running,True
1779222387,productpage,v1,Running,True
1779222387,productpage,v1,Running,True
1779222387,productpage,v1,Running,True
1779222387,productpage,v1,Running,True
1779222387,productpage,v1,Running,True
1779222387,productpage,v1,Running,True
1779222387,productpage,v1,Running,True
1779222387,productpage,v1,Running,True
1779222387,productpage,v1,Running,True
1779222387,productpage,v1,Running,True
1779222387,productpage,v1,Running,True
1779222387,productpage,v1,Running,True
1779222387,productpage,v1,Running,True
1779222387,ratings,v1,Running,True
1779222387,reviews,v1,Running,True
1779222387,reviews,v2,Running,True
1779222387,reviews,v2,Running,True
1779222387,reviews,v3,Running,True
1779222387,reviews,v3,Running,True
1779222388,details,v1,Running,True
1779222388,details,v1,Running,True
1779222388,details,v1,Running,True
1779222388,productpage,v1,Running,True
1779222388,productpage,v1,Running,True
1779222388,productpage,v1,Running,True
1779222388,productpage,v1,Running,True
1779222388,productpage,v1,Running,True
1779222388,productpage,v1,Running,True
1779222388,productpage,v1,Running,True
1779222388,productpage,v1,Running,True
1779222388,productpage,v1,Running,True
1779222388,productpage,v1,Running,True
1779222388,productpage,v1,Running,True
1779222388,productpage,v1,Running,True
1779222388,productpage,v1,Running,True
1779222388,productpage,v1,Running,True
1779222388,productpage,v1,Running,True
1779222388,ratings,v1,Running,True
1779222388,reviews,v1,Running,True
1779222388,reviews,v2,Running,True
1779222388,reviews,v2,Running,True
1779222388,reviews,v3,Running,True
1779222388,reviews,v3,Running,True
1779222389,details,v1,Running,True
1779222389,details,v1,Running,True
1779222389,details,v1,Running,True
1779222389,productpage,v1,Running,True
1779222389,productpage,v1,Running,True
1779222389,productpage,v1,Running,True
1779222389,productpage,v1,Running,True
1779222389,productpage,v1,Running,True
1779222389,productpage,v1,Running,True
1779222389,productpage,v1,Running,True
1779222389,productpage,v1,Running,True
1779222389,productpage,v1,Running,True
1779222389,productpage,v1,Running,True
1779222389,productpage,v1,Running,True
1779222389,productpage,v1,Running,True
1779222389,productpage,v1,Running,True
1779222389,productpage,v1,Running,True
1779222389,productpage,v1,Running,True
1779222389,ratings,v1,Running,True
1779222389,reviews,v1,Running,True
1779222389,reviews,v2,Running,True
1779222389,reviews,v2,Running,True
1779222389,reviews,v3,Running,True
1779222389,reviews,v3,Running,True
1779222390,details,v1,Running,True
1779222390,details,v1,Running,True
1779222390,details,v1,Running,True
1779222390,productpage,v1,Running,True
1779222390,productpage,v1,Running,True
1779222390,productpage,v1,Running,True
1779222390,productpage,v1,Running,True
1779222390,productpage,v1,Running,True
1779222390,productpage,v1,Running,True
1779222390,productpage,v1,Running,True
1779222390,productpage,v1,Running,True
1779222390,productpage,v1,Running,True
1779222390,productpage,v1,Running,True
1779222390,productpage,v1,Running,True
1779222390,productpage,v1,Running,True
1779222390,productpage,v1,Running,True
1779222390,productpage,v1,Running,True
1779222390,productpage,v1,Running,True
1779222390,ratings,v1,Running,True
1779222390,reviews,v1,Running,True
1779222390,reviews,v2,Running,True
1779222390,reviews,v2,Running,True
1779222390,reviews,v3,Running,True
1779222390,reviews,v3,Running,True
1779222391,details,v1,Running,True
1779222391,details,v1,Running,True
1779222391,details,v1,Running,True
1779222391,productpage,v1,Running,True
1779222391,productpage,v1,Running,True
1779222391,productpage,v1,Running,True
1779222391,productpage,v1,Running,True
1779222391,productpage,v1,Running,True
1779222391,productpage,v1,Running,True
1779222391,productpage,v1,Running,True
1779222391,productpage,v1,Running,True
1779222391,productpage,v1,Running,True
1779222391,productpage,v1,Running,True
1779222391,productpage,v1,Running,True
1779222391,productpage,v1,Running,True
1779222391,productpage,v1,Running,True
1779222391,productpage,v1,Running,True
1779222391,productpage,v1,Running,True
1779222391,ratings,v1,Running,True
1779222391,reviews,v1,Running,True
1779222391,reviews,v2,Running,True
1779222391,reviews,v2,Running,True
1779222391,reviews,v3,Running,True
1779222391,reviews,v3,Running,True
1779222392,details,v1,Running,True
1779222392,details,v1,Running,True
1779222392,details,v1,Running,True
1779222392,productpage,v1,Running,True
1779222392,productpage,v1,Running,True
1779222392,productpage,v1,Running,True
1779222392,productpage,v1,Running,True
1779222392,productpage,v1,Running,True
1779222392,productpage,v1,Running,True
1779222392,productpage,v1,Running,True
1779222392,productpage,v1,Running,True
1779222392,productpage,v1,Running,True
1779222392,productpage,v1,Running,True
1779222392,productpage,v1,Running,True
1779222392,productpage,v1,Running,True
1779222392,productpage,v1,Running,True
1779222392,productpage,v1,Running,True
1779222392,productpage,v1,Running,True
1779222392,ratings,v1,Running,True
1779222392,reviews,v1,Running,True
1779222392,reviews,v2,Running,True
1779222392,reviews,v2,Running,True
1779222392,reviews,v3,Running,True
1779222392,reviews,v3,Running,True
1779222393,details,v1,Running,True
1779222393,details,v1,Running,True
1779222393,details,v1,Running,True
1779222393,productpage,v1,Running,True
1779222393,productpage,v1,Running,True
1779222393,productpage,v1,Running,True
1779222393,productpage,v1,Running,True
1779222393,productpage,v1,Running,True
1779222393,productpage,v1,Running,True
1779222393,productpage,v1,Running,True
1779222393,productpage,v1,Running,True
1779222393,productpage,v1,Running,True
1779222393,productpage,v1,Running,True
1779222393,productpage,v1,Running,True
1779222393,productpage,v1,Running,True
1779222393,productpage,v1,Running,True
1779222393,productpage,v1,Running,True
1779222393,productpage,v1,Running,True
1779222393,ratings,v1,Running,True
1779222393,reviews,v1,Running,True
1779222393,reviews,v2,Running,True
1779222393,reviews,v2,Running,True
1779222393,reviews,v3,Running,True
1779222393,reviews,v3,Running,True
1779222394,details,v1,Running,True
1779222394,details,v1,Running,True
1779222394,details,v1,Running,True
1779222394,productpage,v1,Running,True
1779222394,productpage,v1,Running,True
1779222394,productpage,v1,Running,True
1779222394,productpage,v1,Running,True
1779222394,productpage,v1,Running,True
1779222394,productpage,v1,Running,True
1779222394,productpage,v1,Running,True
1779222394,productpage,v1,Running,True
1779222394,productpage,v1,Running,True
1779222394,productpage,v1,Running,True
1779222394,productpage,v1,Running,True
1779222394,productpage,v1,Running,True
1779222394,productpage,v1,Running,True
1779222394,productpage,v1,Running,True
1779222394,productpage,v1,Running,True
1779222394,ratings,v1,Running,True
1779222394,reviews,v1,Running,True
1779222394,reviews,v2,Running,True
1779222394,reviews,v2,Running,True
1779222394,reviews,v3,Running,True
1779222394,reviews,v3,Running,True
1779222395,details,v1,Running,True
1779222395,details,v1,Running,True
1779222395,details,v1,Running,True
1779222395,productpage,v1,Running,True
1779222395,productpage,v1,Running,True
1779222395,productpage,v1,Running,True
1779222395,productpage,v1,Running,True
1779222395,productpage,v1,Running,True
1779222395,productpage,v1,Running,True
1779222395,productpage,v1,Running,True
1779222395,productpage,v1,Running,True
1779222395,productpage,v1,Running,True
1779222395,productpage,v1,Running,True
1779222395,productpage,v1,Running,True
1779222395,productpage,v1,Running,True
1779222395,productpage,v1,Running,True
1779222395,productpage,v1,Running,True
1779222395,productpage,v1,Running,True
1779222395,ratings,v1,Running,True
1779222395,reviews,v1,Running,True
1779222395,reviews,v2,Running,True
1779222395,reviews,v2,Running,True
1779222395,reviews,v3,Running,True
1779222395,reviews,v3,Running,True
1779222396,details,v1,Running,True
1779222396,details,v1,Running,True
1779222396,details,v1,Running,True
1779222396,productpage,v1,Running,True
1779222396,productpage,v1,Running,True
1779222396,productpage,v1,Running,True
1779222396,productpage,v1,Running,True
1779222396,productpage,v1,Running,True
1779222396,productpage,v1,Running,True
1779222396,productpage,v1,Running,True
1779222396,productpage,v1,Running,True
1779222396,productpage,v1,Running,True
1779222396,productpage,v1,Running,True
1779222396,productpage,v1,Running,True
1779222396,productpage,v1,Running,True
1779222396,productpage,v1,Running,True
1779222396,productpage,v1,Running,True
1779222396,productpage,v1,Running,True
1779222396,ratings,v1,Running,True
1779222396,reviews,v1,Running,True
1779222396,reviews,v2,Running,True
1779222396,reviews,v2,Running,True
1779222396,reviews,v3,Running,True
1779222396,reviews,v3,Running,True
1779222397,details,v1,Running,True
1779222397,details,v1,Running,True
1779222397,details,v1,Running,True
1779222397,productpage,v1,Running,True
1779222397,productpage,v1,Running,True
1779222397,productpage,v1,Running,True
1779222397,productpage,v1,Running,True
1779222397,productpage,v1,Running,True
1779222397,productpage,v1,Running,True
1779222397,productpage,v1,Running,True
1779222397,productpage,v1,Running,True
1779222397,productpage,v1,Running,True
1779222397,productpage,v1,Running,True
1779222397,productpage,v1,Running,True
1779222397,productpage,v1,Running,True
1779222397,productpage,v1,Running,True
1779222397,productpage,v1,Running,True
1779222397,productpage,v1,Running,True
1779222397,ratings,v1,Running,True
1779222397,reviews,v1,Running,True
1779222397,reviews,v2,Running,True
1779222397,reviews,v2,Running,True
1779222397,reviews,v3,Running,True
1779222397,reviews,v3,Running,True
1779222398,details,v1,Running,True
1779222398,details,v1,Running,True
1779222398,details,v1,Running,True
1779222398,productpage,v1,Running,True
1779222398,productpage,v1,Running,True
1779222398,productpage,v1,Running,True
1779222398,productpage,v1,Running,True
1779222398,productpage,v1,Running,True
1779222398,productpage,v1,Running,True
1779222398,productpage,v1,Running,True
1779222398,productpage,v1,Running,True
1779222398,productpage,v1,Running,True
1779222398,productpage,v1,Running,True
1779222398,productpage,v1,Running,True
1779222398,productpage,v1,Running,True
1779222398,productpage,v1,Running,True
1779222398,productpage,v1,Running,True
1779222398,productpage,v1,Running,True
1779222398,ratings,v1,Running,True
1779222398,reviews,v1,Running,True
1779222398,reviews,v2,Running,True
1779222398,reviews,v2,Running,True
1779222398,reviews,v3,Running,True
1779222398,reviews,v3,Running,True
1779222399,details,v1,Running,True
1779222399,details,v1,Running,True
1779222399,details,v1,Running,True
1779222399,productpage,v1,Running,True
1779222399,productpage,v1,Running,True
1779222399,productpage,v1,Running,True
1779222399,productpage,v1,Running,True
1779222399,productpage,v1,Running,True
1779222399,productpage,v1,Running,True
1779222399,productpage,v1,Running,True
1779222399,productpage,v1,Running,True
1779222399,productpage,v1,Running,True
1779222399,productpage,v1,Running,True
1779222399,productpage,v1,Running,True
1779222399,productpage,v1,Running,True
1779222399,productpage,v1,Running,True
1779222399,productpage,v1,Running,True
1779222399,productpage,v1,Running,True
1779222399,ratings,v1,Running,True
1779222399,reviews,v1,Running,True
1779222399,reviews,v2,Running,True
1779222399,reviews,v2,Running,True
1779222399,reviews,v3,Running,True
1779222399,reviews,v3,Running,True
1779222400,details,v1,Running,True
1779222400,details,v1,Running,True
1779222400,details,v1,Running,True
1779222400,productpage,v1,Running,True
1779222400,productpage,v1,Running,True
1779222400,productpage,v1,Running,True
1779222400,productpage,v1,Running,True
1779222400,productpage,v1,Running,True
1779222400,productpage,v1,Running,True
1779222400,productpage,v1,Running,True
1779222400,productpage,v1,Running,True
1779222400,productpage,v1,Running,True
1779222400,productpage,v1,Running,True
1779222400,productpage,v1,Running,True
1779222400,productpage,v1,Running,True
1779222400,productpage,v1,Running,True
1779222400,productpage,v1,Running,True
1779222400,productpage,v1,Running,True
1779222400,ratings,v1,Running,True
1779222400,reviews,v1,Running,True
1779222400,reviews,v2,Running,True
1779222400,reviews,v2,Running,True
1779222400,reviews,v3,Running,True
1779222400,reviews,v3,Running,True
1779222401,details,v1,Running,True
1779222401,details,v1,Running,True
1779222401,details,v1,Running,True
1779222401,productpage,v1,Running,True
1779222401,productpage,v1,Running,True
1779222401,productpage,v1,Running,True
1779222401,productpage,v1,Running,True
1779222401,productpage,v1,Running,True
1779222401,productpage,v1,Running,True
1779222401,productpage,v1,Running,True
1779222401,productpage,v1,Running,True
1779222401,productpage,v1,Running,True
1779222401,productpage,v1,Running,True
1779222401,productpage,v1,Running,True
1779222401,productpage,v1,Running,True
1779222401,productpage,v1,Running,True
1779222401,productpage,v1,Running,True
1779222401,productpage,v1,Running,True
1779222401,ratings,v1,Running,True
1779222401,reviews,v1,Running,True
1779222401,reviews,v2,Running,True
1779222401,reviews,v2,Running,True
1779222401,reviews,v3,Running,True
1779222401,reviews,v3,Running,True
1779222402,details,v1,Running,True
1779222402,details,v1,Running,True
1779222402,details,v1,Running,True
1779222402,productpage,v1,Running,True
1779222402,productpage,v1,Running,True
1779222402,productpage,v1,Running,True
1779222402,productpage,v1,Running,True
1779222402,productpage,v1,Running,True
1779222402,productpage,v1,Running,True
1779222402,productpage,v1,Running,True
1779222402,productpage,v1,Running,True
1779222402,productpage,v1,Running,True
1779222402,productpage,v1,Running,True
1779222402,productpage,v1,Running,True
1779222402,productpage,v1,Running,True
1779222402,productpage,v1,Running,True
1779222402,productpage,v1,Running,True
1779222402,productpage,v1,Running,True
1779222402,ratings,v1,Running,True
1779222402,reviews,v1,Running,True
1779222402,reviews,v2,Running,True
1779222402,reviews,v2,Running,True
1779222402,reviews,v3,Running,True
1779222402,reviews,v3,Running,True
1779222403,details,v1,Running,True
1779222403,details,v1,Running,True
1779222403,details,v1,Running,True
1779222403,productpage,v1,Running,True
1779222403,productpage,v1,Running,True
1779222403,productpage,v1,Running,True
1779222403,productpage,v1,Running,True
1779222403,productpage,v1,Running,True
1779222403,productpage,v1,Running,True
1779222403,productpage,v1,Running,True
1779222403,productpage,v1,Running,True
1779222403,productpage,v1,Running,True
1779222403,productpage,v1,Running,True
1779222403,productpage,v1,Running,True
1779222403,productpage,v1,Running,True
1779222403,productpage,v1,Running,True
1779222403,productpage,v1,Running,True
1779222403,productpage,v1,Running,True
1779222403,ratings,v1,Running,True
1779222403,reviews,v1,Running,True
1779222403,reviews,v2,Running,True
1779222403,reviews,v2,Running,True
1779222403,reviews,v3,Running,True
1779222403,reviews,v3,Running,True
1779222404,details,v1,Running,True
1779222404,details,v1,Running,True
1779222404,details,v1,Running,True
1779222404,productpage,v1,Running,True
1779222404,productpage,v1,Running,True
1779222404,productpage,v1,Running,True
1779222404,productpage,v1,Running,True
1779222404,productpage,v1,Running,True
1779222404,productpage,v1,Running,True
1779222404,productpage,v1,Running,True
1779222404,productpage,v1,Running,True
1779222404,productpage,v1,Running,True
1779222404,productpage,v1,Running,True
1779222404,productpage,v1,Running,True
1779222404,productpage,v1,Running,True
1779222404,productpage,v1,Running,True
1779222404,productpage,v1,Running,True
1779222404,productpage,v1,Running,True
1779222404,ratings,v1,Running,True
1779222404,reviews,v1,Running,True
1779222404,reviews,v2,Running,True
1779222404,reviews,v2,Running,True
1779222404,reviews,v3,Running,True
1779222404,reviews,v3,Running,True
1779222405,details,v1,Running,True
1779222405,details,v1,Running,True
1779222405,details,v1,Running,True
1779222405,productpage,v1,Running,True
1779222405,productpage,v1,Running,True
1779222405,productpage,v1,Running,True
1779222405,productpage,v1,Running,True
1779222405,productpage,v1,Running,True
1779222405,productpage,v1,Running,True
1779222405,productpage,v1,Running,True
1779222405,productpage,v1,Running,True
1779222405,productpage,v1,Running,True
1779222405,productpage,v1,Running,True
1779222405,productpage,v1,Running,True
1779222405,productpage,v1,Running,True
1779222405,productpage,v1,Running,True
1779222405,productpage,v1,Running,True
1779222405,productpage,v1,Running,True
1779222405,ratings,v1,Running,True
1779222405,reviews,v1,Running,True
1779222405,reviews,v2,Running,True
1779222405,reviews,v2,Running,True
1779222405,reviews,v3,Running,True
1779222405,reviews,v3,Running,True
1779222406,details,v1,Running,True
1779222406,details,v1,Running,True
1779222406,details,v1,Running,True
1779222406,productpage,v1,Running,True
1779222406,productpage,v1,Running,True
1779222406,productpage,v1,Running,True
1779222406,productpage,v1,Running,True
1779222406,productpage,v1,Running,True
1779222406,productpage,v1,Running,True
1779222406,productpage,v1,Running,True
1779222406,productpage,v1,Running,True
1779222406,productpage,v1,Running,True
1779222406,productpage,v1,Running,True
1779222406,productpage,v1,Running,True
1779222406,productpage,v1,Running,True
1779222406,productpage,v1,Running,True
1779222406,productpage,v1,Running,True
1779222406,productpage,v1,Running,True
1779222406,ratings,v1,Running,True
1779222406,reviews,v1,Running,True
1779222406,reviews,v2,Running,True
1779222406,reviews,v2,Running,True
1779222406,reviews,v3,Running,True
1779222406,reviews,v3,Running,True
1779222407,details,v1,Running,True
1779222407,details,v1,Running,True
1779222407,details,v1,Running,True
1779222407,productpage,v1,Running,True
1779222407,productpage,v1,Running,True
1779222407,productpage,v1,Running,True
1779222407,productpage,v1,Running,True
1779222407,productpage,v1,Running,True
1779222407,productpage,v1,Running,True
1779222407,productpage,v1,Running,True
1779222407,productpage,v1,Running,True
1779222407,productpage,v1,Running,True
1779222407,productpage,v1,Running,True
1779222407,productpage,v1,Running,True
1779222407,productpage,v1,Running,True
1779222407,productpage,v1,Running,True
1779222407,productpage,v1,Running,True
1779222407,productpage,v1,Running,True
1779222407,ratings,v1,Running,True
1779222407,reviews,v1,Running,True
1779222407,reviews,v2,Running,True
1779222407,reviews,v2,Running,True
1779222407,reviews,v3,Running,True
1779222407,reviews,v3,Running,True
1779222408,details,v1,Running,True
1779222408,details,v1,Running,True
1779222408,details,v1,Running,True
1779222408,productpage,v1,Running,True
1779222408,productpage,v1,Running,True
1779222408,productpage,v1,Running,True
1779222408,productpage,v1,Running,True
1779222408,productpage,v1,Running,True
1779222408,productpage,v1,Running,True
1779222408,productpage,v1,Running,True
1779222408,productpage,v1,Running,True
1779222408,productpage,v1,Running,True
1779222408,productpage,v1,Running,True
1779222408,productpage,v1,Running,True
1779222408,productpage,v1,Running,True
1779222408,productpage,v1,Running,True
1779222408,productpage,v1,Running,True
1779222408,productpage,v1,Running,True
1779222408,ratings,v1,Running,True
1779222408,reviews,v1,Running,True
1779222408,reviews,v2,Running,True
1779222408,reviews,v2,Running,True
1779222408,reviews,v3,Running,True
1779222408,reviews,v3,Running,True
1779222409,details,v1,Running,True
1779222409,details,v1,Running,True
1779222409,details,v1,Running,True
1779222409,productpage,v1,Running,True
1779222409,productpage,v1,Running,True
1779222409,productpage,v1,Running,True
1779222409,productpage,v1,Running,True
1779222409,productpage,v1,Running,True
1779222409,productpage,v1,Running,True
1779222409,productpage,v1,Running,True
1779222409,productpage,v1,Running,True
1779222409,productpage,v1,Running,True
1779222409,productpage,v1,Running,True
1779222409,productpage,v1,Running,True
1779222409,productpage,v1,Running,True
1779222409,productpage,v1,Running,True
1779222409,productpage,v1,Running,True
1779222409,productpage,v1,Running,True
1779222409,ratings,v1,Running,True
1779222409,reviews,v1,Running,True
1779222409,reviews,v2,Running,True
1779222409,reviews,v2,Running,True
1779222409,reviews,v3,Running,True
1779222409,reviews,v3,Running,True
1779222410,details,v1,Running,True
1779222410,details,v1,Running,True
1779222410,details,v1,Running,True
1779222410,productpage,v1,Running,True
1779222410,productpage,v1,Running,True
1779222410,productpage,v1,Running,True
1779222410,productpage,v1,Running,True
1779222410,productpage,v1,Running,True
1779222410,productpage,v1,Running,True
1779222410,productpage,v1,Running,True
1779222410,productpage,v1,Running,True
1779222410,productpage,v1,Running,True
1779222410,productpage,v1,Running,True
1779222410,productpage,v1,Running,True
1779222410,productpage,v1,Running,True
1779222410,productpage,v1,Running,True
1779222410,productpage,v1,Running,True
1779222410,productpage,v1,Running,True
1779222410,ratings,v1,Running,True
1779222410,reviews,v1,Running,True
1779222410,reviews,v2,Running,True
1779222410,reviews,v2,Running,True
1779222410,reviews,v3,Running,True
1779222410,reviews,v3,Running,True
1779222411,details,v1,Running,True
1779222411,details,v1,Running,True
1779222411,details,v1,Running,True
1779222411,productpage,v1,Running,True
1779222411,productpage,v1,Running,True
1779222411,productpage,v1,Running,True
1779222411,productpage,v1,Running,True
1779222411,productpage,v1,Running,True
1779222411,productpage,v1,Running,True
1779222411,productpage,v1,Running,True
1779222411,productpage,v1,Running,True
1779222411,productpage,v1,Running,True
1779222411,productpage,v1,Running,True
1779222411,productpage,v1,Running,True
1779222411,productpage,v1,Running,True
1779222411,productpage,v1,Running,True
1779222411,productpage,v1,Running,True
1779222411,productpage,v1,Running,True
1779222411,ratings,v1,Running,True
1779222411,reviews,v1,Running,True
1779222411,reviews,v2,Running,True
1779222411,reviews,v2,Running,True
1779222411,reviews,v3,Running,True
1779222411,reviews,v3,Running,True
1779222412,details,v1,Running,True
1779222412,details,v1,Running,True
1779222412,details,v1,Running,True
1779222412,productpage,v1,Running,True
1779222412,productpage,v1,Running,True
1779222412,productpage,v1,Running,True
1779222412,productpage,v1,Running,True
1779222412,productpage,v1,Running,True
1779222412,productpage,v1,Running,True
1779222412,productpage,v1,Running,True
1779222412,productpage,v1,Running,True
1779222412,productpage,v1,Running,True
1779222412,productpage,v1,Running,True
1779222412,productpage,v1,Running,True
1779222412,productpage,v1,Running,True
1779222412,productpage,v1,Running,True
1779222412,productpage,v1,Running,True
1779222412,productpage,v1,Running,True
1779222412,ratings,v1,Running,True
1779222412,reviews,v1,Running,True
1779222412,reviews,v2,Running,True
1779222412,reviews,v2,Running,True
1779222412,reviews,v3,Running,True
1779222412,reviews,v3,Running,True
1779222413,details,v1,Running,True
1779222413,details,v1,Running,True
1779222413,details,v1,Running,True
1779222413,productpage,v1,Running,True
1779222413,productpage,v1,Running,True
1779222413,productpage,v1,Running,True
1779222413,productpage,v1,Running,True
1779222413,productpage,v1,Running,True
1779222413,productpage,v1,Running,True
1779222413,productpage,v1,Running,True
1779222413,productpage,v1,Running,True
1779222413,productpage,v1,Running,True
1779222413,productpage,v1,Running,True
1779222413,productpage,v1,Running,True
1779222413,productpage,v1,Running,True
1779222413,productpage,v1,Running,True
1779222413,productpage,v1,Running,True
1779222413,productpage,v1,Running,True
1779222413,ratings,v1,Running,True
1779222413,reviews,v1,Running,True
1779222413,reviews,v2,Running,True
1779222413,reviews,v2,Running,True
1779222413,reviews,v3,Running,True
1779222413,reviews,v3,Running,True
1779222414,details,v1,Running,True
1779222414,details,v1,Running,True
1779222414,details,v1,Running,True
1779222414,productpage,v1,Running,True
1779222414,productpage,v1,Running,True
1779222414,productpage,v1,Running,True
1779222414,productpage,v1,Running,True
1779222414,productpage,v1,Running,True
1779222414,productpage,v1,Running,True
1779222414,productpage,v1,Running,True
1779222414,productpage,v1,Running,True
1779222414,productpage,v1,Running,True
1779222414,productpage,v1,Running,True
1779222414,productpage,v1,Running,True
1779222414,productpage,v1,Running,True
1779222414,productpage,v1,Running,True
1779222414,productpage,v1,Running,True
1779222414,productpage,v1,Running,True
1779222414,ratings,v1,Running,True
1779222414,reviews,v1,Running,True
1779222414,reviews,v2,Running,True
1779222414,reviews,v2,Running,True
1779222414,reviews,v3,Running,True
1779222414,reviews,v3,Running,True
1779222415,details,v1,Running,True
1779222415,details,v1,Running,True
1779222415,details,v1,Running,True
1779222415,productpage,v1,Running,True
1779222415,productpage,v1,Running,True
1779222415,productpage,v1,Running,True
1779222415,productpage,v1,Running,True
1779222415,productpage,v1,Running,True
1779222415,productpage,v1,Running,True
1779222415,productpage,v1,Running,True
1779222415,productpage,v1,Running,True
1779222415,productpage,v1,Running,True
1779222415,productpage,v1,Running,True
1779222415,productpage,v1,Running,True
1779222415,productpage,v1,Running,True
1779222415,productpage,v1,Running,True
1779222415,productpage,v1,Running,True
1779222415,productpage,v1,Running,True
1779222415,ratings,v1,Running,True
1779222415,reviews,v1,Running,True
1779222415,reviews,v2,Running,True
1779222415,reviews,v2,Running,True
1779222415,reviews,v3,Running,True
1779222415,reviews,v3,Running,True
1779222416,details,v1,Running,True
1779222416,details,v1,Running,True
1779222416,details,v1,Running,True
1779222416,productpage,v1,Running,True
1779222416,productpage,v1,Running,True
1779222416,productpage,v1,Running,True
1779222416,productpage,v1,Running,True
1779222416,productpage,v1,Running,True
1779222416,productpage,v1,Running,True
1779222416,productpage,v1,Running,True
1779222416,productpage,v1,Running,True
1779222416,productpage,v1,Running,True
1779222416,productpage,v1,Running,True
1779222416,productpage,v1,Running,True
1779222416,productpage,v1,Running,True
1779222416,productpage,v1,Running,True
1779222416,productpage,v1,Running,True
1779222416,productpage,v1,Running,True
1779222416,ratings,v1,Running,True
1779222416,reviews,v1,Running,True
1779222416,reviews,v2,Running,True
1779222416,reviews,v2,Running,True
1779222416,reviews,v3,Running,True
1779222416,reviews,v3,Running,True
1779222417,details,v1,Running,True
1779222417,details,v1,Running,True
1779222417,details,v1,Running,True
1779222417,productpage,v1,Running,True
1779222417,productpage,v1,Running,True
1779222417,productpage,v1,Running,True
1779222417,productpage,v1,Running,True
1779222417,productpage,v1,Running,True
1779222417,productpage,v1,Running,True
1779222417,productpage,v1,Running,True
1779222417,productpage,v1,Running,True
1779222417,productpage,v1,Running,True
1779222417,productpage,v1,Running,True
1779222417,productpage,v1,Running,True
1779222417,productpage,v1,Running,True
1779222417,productpage,v1,Running,True
1779222417,productpage,v1,Running,True
1779222417,productpage,v1,Running,True
1779222417,ratings,v1,Running,True
1779222417,reviews,v1,Running,True
1779222417,reviews,v2,Running,True
1779222417,reviews,v2,Running,True
1779222417,reviews,v3,Running,True
1779222417,reviews,v3,Running,True
1779222418,details,v1,Running,True
1779222418,details,v1,Running,True
1779222418,details,v1,Running,True
1779222418,productpage,v1,Running,True
1779222418,productpage,v1,Running,True
1779222418,productpage,v1,Running,True
1779222418,productpage,v1,Running,True
1779222418,productpage,v1,Running,True
1779222418,productpage,v1,Running,True
1779222418,productpage,v1,Running,True
1779222418,productpage,v1,Running,True
1779222418,productpage,v1,Running,True
1779222418,productpage,v1,Running,True
1779222418,productpage,v1,Running,True
1779222418,productpage,v1,Running,True
1779222418,productpage,v1,Running,True
1779222418,productpage,v1,Running,True
1779222418,productpage,v1,Running,True
1779222418,ratings,v1,Running,True
1779222418,reviews,v1,Running,True
1779222418,reviews,v2,Running,True
1779222418,reviews,v2,Running,True
1779222418,reviews,v3,Running,True
1779222418,reviews,v3,Running,True
1779222419,details,v1,Running,True
1779222419,details,v1,Running,True
1779222419,details,v1,Running,True
1779222419,productpage,v1,Running,True
1779222419,productpage,v1,Running,True
1779222419,productpage,v1,Running,True
1779222419,productpage,v1,Running,True
1779222419,productpage,v1,Running,True
1779222419,productpage,v1,Running,True
1779222419,productpage,v1,Running,True
1779222419,productpage,v1,Running,True
1779222419,productpage,v1,Running,True
1779222419,productpage,v1,Running,True
1779222419,productpage,v1,Running,True
1779222419,productpage,v1,Running,True
1779222419,productpage,v1,Running,True
1779222419,productpage,v1,Running,True
1779222419,productpage,v1,Running,True
1779222419,ratings,v1,Running,True
1779222419,reviews,v1,Running,True
1779222419,reviews,v2,Running,True
1779222419,reviews,v2,Running,True
1779222419,reviews,v3,Running,True
1779222419,reviews,v3,Running,True
1779222420,details,v1,Running,True
1779222420,details,v1,Running,True
1779222420,details,v1,Running,True
1779222420,productpage,v1,Running,True
1779222420,productpage,v1,Running,True
1779222420,productpage,v1,Running,True
1779222420,productpage,v1,Running,True
1779222420,productpage,v1,Running,True
1779222420,productpage,v1,Running,True
1779222420,productpage,v1,Running,True
1779222420,productpage,v1,Running,True
1779222420,productpage,v1,Running,True
1779222420,productpage,v1,Running,True
1779222420,productpage,v1,Running,True
1779222420,productpage,v1,Running,True
1779222420,productpage,v1,Running,True
1779222420,productpage,v1,Running,True
1779222420,productpage,v1,Running,True
1779222420,ratings,v1,Running,True
1779222420,reviews,v1,Running,True
1779222420,reviews,v2,Running,True
1779222420,reviews,v2,Running,True
1779222420,reviews,v3,Running,True
1779222420,reviews,v3,Running,True
1779222421,details,v1,Running,True
1779222421,details,v1,Running,True
1779222421,details,v1,Running,True
1779222421,productpage,v1,Running,True
1779222421,productpage,v1,Running,True
1779222421,productpage,v1,Running,True
1779222421,productpage,v1,Running,True
1779222421,productpage,v1,Running,True
1779222421,productpage,v1,Running,True
1779222421,productpage,v1,Running,True
1779222421,productpage,v1,Running,True
1779222421,productpage,v1,Running,True
1779222421,productpage,v1,Running,True
1779222421,productpage,v1,Running,True
1779222421,productpage,v1,Running,True
1779222421,productpage,v1,Running,True
1779222421,productpage,v1,Running,True
1779222421,productpage,v1,Running,True
1779222421,ratings,v1,Running,True
1779222421,reviews,v1,Running,True
1779222421,reviews,v2,Running,True
1779222421,reviews,v2,Running,True
1779222421,reviews,v3,Running,True
1779222421,reviews,v3,Running,True
1779222422,details,v1,Running,True
1779222422,details,v1,Running,True
1779222422,details,v1,Running,True
1779222422,productpage,v1,Running,True
1779222422,productpage,v1,Running,True
1779222422,productpage,v1,Running,True
1779222422,productpage,v1,Running,True
1779222422,productpage,v1,Running,True
1779222422,productpage,v1,Running,True
1779222422,productpage,v1,Running,True
1779222422,productpage,v1,Running,True
1779222422,productpage,v1,Running,True
1779222422,productpage,v1,Running,True
1779222422,productpage,v1,Running,True
1779222422,productpage,v1,Running,True
1779222422,productpage,v1,Running,True
1779222422,productpage,v1,Running,True
1779222422,productpage,v1,Running,True
1779222422,ratings,v1,Running,True
1779222422,reviews,v1,Running,True
1779222422,reviews,v2,Running,True
1779222422,reviews,v2,Running,True
1779222422,reviews,v3,Running,True
1779222422,reviews,v3,Running,True
1779222423,details,v1,Running,True
1779222423,details,v1,Running,True
1779222423,details,v1,Running,True
1779222423,productpage,v1,Running,True
1779222423,productpage,v1,Running,True
1779222423,productpage,v1,Running,True
1779222423,productpage,v1,Running,True
1779222423,productpage,v1,Running,True
1779222423,productpage,v1,Running,True
1779222423,productpage,v1,Running,True
1779222423,productpage,v1,Running,True
1779222423,productpage,v1,Running,True
1779222423,productpage,v1,Running,True
1779222423,productpage,v1,Running,True
1779222423,productpage,v1,Running,True
1779222423,productpage,v1,Running,True
1779222423,productpage,v1,Running,True
1779222423,productpage,v1,Running,True
1779222423,ratings,v1,Running,True
1779222423,reviews,v1,Running,True
1779222423,reviews,v2,Running,True
1779222423,reviews,v2,Running,True
1779222423,reviews,v3,Running,True
1779222423,reviews,v3,Running,True
1779222424,details,v1,Running,True
1779222424,details,v1,Running,True
1779222424,details,v1,Running,True
1779222424,productpage,v1,Running,True
1779222424,productpage,v1,Running,True
1779222424,productpage,v1,Running,True
1779222424,productpage,v1,Running,True
1779222424,productpage,v1,Running,True
1779222424,productpage,v1,Running,True
1779222424,productpage,v1,Running,True
1779222424,productpage,v1,Running,True
1779222424,productpage,v1,Running,True
1779222424,productpage,v1,Running,True
1779222424,productpage,v1,Running,True
1779222424,productpage,v1,Running,True
1779222424,productpage,v1,Running,True
1779222424,productpage,v1,Running,True
1779222424,productpage,v1,Running,True
1779222424,ratings,v1,Running,True
1779222424,reviews,v1,Running,True
1779222424,reviews,v2,Running,True
1779222424,reviews,v2,Running,True
1779222424,reviews,v3,Running,True
1779222424,reviews,v3,Running,True
1779222425,details,v1,Running,True
1779222425,details,v1,Running,True
1779222425,details,v1,Running,True
1779222425,productpage,v1,Running,True
1779222425,productpage,v1,Running,True
1779222425,productpage,v1,Running,True
1779222425,productpage,v1,Running,True
1779222425,productpage,v1,Running,True
1779222425,productpage,v1,Running,True
1779222425,productpage,v1,Running,True
1779222425,productpage,v1,Running,True
1779222425,productpage,v1,Running,True
1779222425,productpage,v1,Running,True
1779222425,productpage,v1,Running,True
1779222425,productpage,v1,Running,True
1779222425,productpage,v1,Running,True
1779222425,productpage,v1,Running,True
1779222425,productpage,v1,Running,True
1779222425,ratings,v1,Running,True
1779222425,reviews,v1,Running,True
1779222425,reviews,v2,Running,True
1779222425,reviews,v2,Running,True
1779222425,reviews,v3,Running,True
1779222425,reviews,v3,Running,True
1779222426,details,v1,Running,True
1779222426,details,v1,Running,True
1779222426,details,v1,Running,True
1779222426,productpage,v1,Running,True
1779222426,productpage,v1,Running,True
1779222426,productpage,v1,Running,True
1779222426,productpage,v1,Running,True
1779222426,productpage,v1,Running,True
1779222426,productpage,v1,Running,True
1779222426,productpage,v1,Running,True
1779222426,productpage,v1,Running,True
1779222426,productpage,v1,Running,True
1779222426,productpage,v1,Running,True
1779222426,productpage,v1,Running,True
1779222426,productpage,v1,Running,True
1779222426,productpage,v1,Running,True
1779222426,productpage,v1,Running,True
1779222426,productpage,v1,Running,True
1779222426,ratings,v1,Running,True
1779222426,reviews,v1,Running,True
1779222426,reviews,v2,Running,True
1779222426,reviews,v2,Running,True
1779222426,reviews,v3,Running,True
1779222426,reviews,v3,Running,True
1779222427,details,v1,Running,True
1779222427,details,v1,Running,True
1779222427,details,v1,Running,True
1779222427,productpage,v1,Running,True
1779222427,productpage,v1,Running,True
1779222427,productpage,v1,Running,True
1779222427,productpage,v1,Running,True
1779222427,productpage,v1,Running,True
1779222427,productpage,v1,Running,True
1779222427,productpage,v1,Running,True
1779222427,productpage,v1,Running,True
1779222427,productpage,v1,Running,True
1779222427,productpage,v1,Running,True
1779222427,productpage,v1,Running,True
1779222427,productpage,v1,Running,True
1779222427,productpage,v1,Running,True
1779222427,productpage,v1,Running,True
1779222427,productpage,v1,Running,True
1779222427,ratings,v1,Running,True
1779222427,reviews,v1,Running,True
1779222427,reviews,v2,Running,True
1779222427,reviews,v2,Running,True
1779222427,reviews,v3,Running,True
1779222427,reviews,v3,Running,True
1779222428,details,v1,Running,True
1779222428,details,v1,Running,True
1779222428,details,v1,Running,True
1779222428,productpage,v1,Running,True
1779222428,productpage,v1,Running,True
1779222428,productpage,v1,Running,True
1779222428,productpage,v1,Running,True
1779222428,productpage,v1,Running,True
1779222428,productpage,v1,Running,True
1779222428,productpage,v1,Running,True
1779222428,productpage,v1,Running,True
1779222428,productpage,v1,Running,True
1779222428,productpage,v1,Running,True
1779222428,productpage,v1,Running,True
1779222428,productpage,v1,Running,True
1779222428,productpage,v1,Running,True
1779222428,productpage,v1,Running,True
1779222428,productpage,v1,Running,True
1779222428,ratings,v1,Running,True
1779222428,reviews,v1,Running,True
1779222428,reviews,v2,Running,True
1779222428,reviews,v2,Running,True
1779222428,reviews,v3,Running,True
1779222428,reviews,v3,Running,True
1779222429,details,v1,Running,True
1779222429,details,v1,Running,True
1779222429,details,v1,Running,True
1779222429,productpage,v1,Running,True
1779222429,productpage,v1,Running,True
1779222429,productpage,v1,Running,True
1779222429,productpage,v1,Running,True
1779222429,productpage,v1,Running,True
1779222429,productpage,v1,Running,True
1779222429,productpage,v1,Running,True
1779222429,productpage,v1,Running,True
1779222429,productpage,v1,Running,True
1779222429,productpage,v1,Running,True
1779222429,productpage,v1,Running,True
1779222429,productpage,v1,Running,True
1779222429,productpage,v1,Running,True
1779222429,productpage,v1,Running,True
1779222429,productpage,v1,Running,True
1779222429,ratings,v1,Running,True
1779222429,reviews,v1,Running,True
1779222429,reviews,v2,Running,True
1779222429,reviews,v2,Running,True
1779222429,reviews,v3,Running,True
1779222429,reviews,v3,Running,True
1779222430,details,v1,Running,True
1779222430,details,v1,Running,True
1779222430,details,v1,Running,True
1779222430,productpage,v1,Running,True
1779222430,productpage,v1,Running,True
1779222430,productpage,v1,Running,True
1779222430,productpage,v1,Running,True
1779222430,productpage,v1,Running,True
1779222430,productpage,v1,Running,True
1779222430,productpage,v1,Running,True
1779222430,productpage,v1,Running,True
1779222430,productpage,v1,Running,True
1779222430,productpage,v1,Running,True
1779222430,productpage,v1,Running,True
1779222430,productpage,v1,Running,True
1779222430,productpage,v1,Running,True
1779222430,productpage,v1,Running,True
1779222430,productpage,v1,Running,True
1779222430,ratings,v1,Running,True
1779222430,reviews,v1,Running,True
1779222430,reviews,v2,Running,True
1779222430,reviews,v2,Running,True
1779222430,reviews,v3,Running,True
1779222430,reviews,v3,Running,True
1779222431,details,v1,Running,True
1779222431,details,v1,Running,True
1779222431,details,v1,Running,True
1779222431,productpage,v1,Running,True
1779222431,productpage,v1,Running,True
1779222431,productpage,v1,Running,True
1779222431,productpage,v1,Running,True
1779222431,productpage,v1,Running,True
1779222431,productpage,v1,Running,True
1779222431,productpage,v1,Running,True
1779222431,productpage,v1,Running,True
1779222431,productpage,v1,Running,True
1779222431,productpage,v1,Running,True
1779222431,productpage,v1,Running,True
1779222431,productpage,v1,Running,True
1779222431,productpage,v1,Running,True
1779222431,productpage,v1,Running,True
1779222431,productpage,v1,Running,True
1779222431,ratings,v1,Running,True
1779222431,reviews,v1,Running,True
1779222431,reviews,v2,Running,True
1779222431,reviews,v2,Running,True
1779222431,reviews,v3,Running,True
1779222431,reviews,v3,Running,True
1779222432,details,v1,Running,True
1779222432,details,v1,Running,True
1779222432,details,v1,Running,True
1779222432,productpage,v1,Running,True
1779222432,productpage,v1,Running,True
1779222432,productpage,v1,Running,True
1779222432,productpage,v1,Running,True
1779222432,productpage,v1,Running,True
1779222432,productpage,v1,Running,True
1779222432,productpage,v1,Running,True
1779222432,productpage,v1,Running,True
1779222432,productpage,v1,Running,True
1779222432,productpage,v1,Running,True
1779222432,productpage,v1,Running,True
1779222432,productpage,v1,Running,True
1779222432,productpage,v1,Running,True
1779222432,productpage,v1,Running,True
1779222432,productpage,v1,Running,True
1779222432,ratings,v1,Running,True
1779222432,reviews,v1,Running,True
1779222432,reviews,v2,Running,True
1779222432,reviews,v2,Running,True
1779222432,reviews,v3,Running,True
1779222432,reviews,v3,Running,True
1779222433,details,v1,Running,True
1779222433,details,v1,Running,True
1779222433,details,v1,Running,True
1779222433,productpage,v1,Running,True
1779222433,productpage,v1,Running,True
1779222433,productpage,v1,Running,True
1779222433,productpage,v1,Running,True
1779222433,productpage,v1,Running,True
1779222433,productpage,v1,Running,True
1779222433,productpage,v1,Running,True
1779222433,productpage,v1,Running,True
1779222433,productpage,v1,Running,True
1779222433,productpage,v1,Running,True
1779222433,productpage,v1,Running,True
1779222433,productpage,v1,Running,True
1779222433,productpage,v1,Running,True
1779222433,productpage,v1,Running,True
1779222433,productpage,v1,Running,True
1779222433,ratings,v1,Running,True
1779222433,reviews,v1,Running,True
1779222433,reviews,v2,Running,True
1779222433,reviews,v2,Running,True
1779222433,reviews,v3,Running,True
1779222433,reviews,v3,Running,True
1779222434,details,v1,Running,True
1779222434,details,v1,Running,True
1779222434,details,v1,Running,True
1779222434,productpage,v1,Running,True
1779222434,productpage,v1,Running,True
1779222434,productpage,v1,Running,True
1779222434,productpage,v1,Running,True
1779222434,productpage,v1,Running,True
1779222434,productpage,v1,Running,True
1779222434,productpage,v1,Running,True
1779222434,productpage,v1,Running,True
1779222434,productpage,v1,Running,True
1779222434,productpage,v1,Running,True
1779222434,productpage,v1,Running,True
1779222434,productpage,v1,Running,True
1779222434,productpage,v1,Running,True
1779222434,productpage,v1,Running,True
1779222434,productpage,v1,Running,True
1779222434,ratings,v1,Running,True
1779222434,reviews,v1,Running,True
1779222434,reviews,v2,Running,True
1779222434,reviews,v2,Running,True
1779222434,reviews,v3,Running,True
1779222434,reviews,v3,Running,True
1779222435,details,v1,Running,True
1779222435,details,v1,Running,True
1779222435,details,v1,Running,True
1779222435,productpage,v1,Running,True
1779222435,productpage,v1,Running,True
1779222435,productpage,v1,Running,True
1779222435,productpage,v1,Running,True
1779222435,productpage,v1,Running,True
1779222435,productpage,v1,Running,True
1779222435,productpage,v1,Running,True
1779222435,productpage,v1,Running,True
1779222435,productpage,v1,Running,True
1779222435,productpage,v1,Running,True
1779222435,productpage,v1,Running,True
1779222435,productpage,v1,Running,True
1779222435,productpage,v1,Running,True
1779222435,productpage,v1,Running,True
1779222435,productpage,v1,Running,True
1779222435,ratings,v1,Running,True
1779222435,reviews,v1,Running,True
1779222435,reviews,v2,Running,True
1779222435,reviews,v2,Running,True
1779222435,reviews,v3,Running,True
1779222435,reviews,v3,Running,True
1779222436,details,v1,Running,True
1779222436,details,v1,Running,True
1779222436,details,v1,Running,True
1779222436,productpage,v1,Running,True
1779222436,productpage,v1,Running,True
1779222436,productpage,v1,Running,True
1779222436,productpage,v1,Running,True
1779222436,productpage,v1,Running,True
1779222436,productpage,v1,Running,True
1779222436,productpage,v1,Running,True
1779222436,productpage,v1,Running,True
1779222436,productpage,v1,Running,True
1779222436,productpage,v1,Running,True
1779222436,productpage,v1,Running,True
1779222436,productpage,v1,Running,True
1779222436,productpage,v1,Running,True
1779222436,productpage,v1,Running,True
1779222436,productpage,v1,Running,True
1779222436,ratings,v1,Running,True
1779222436,reviews,v1,Running,True
1779222436,reviews,v2,Running,True
1779222436,reviews,v2,Running,True
1779222436,reviews,v3,Running,True
1779222436,reviews,v3,Running,True
1779222437,details,v1,Running,True
1779222437,details,v1,Running,True
1779222437,details,v1,Running,True
1779222437,productpage,v1,Running,True
1779222437,productpage,v1,Running,True
1779222437,productpage,v1,Running,True
1779222437,productpage,v1,Running,True
1779222437,productpage,v1,Running,True
1779222437,productpage,v1,Running,True
1779222437,productpage,v1,Running,True
1779222437,productpage,v1,Running,True
1779222437,productpage,v1,Running,True
1779222437,productpage,v1,Running,True
1779222437,productpage,v1,Running,True
1779222437,productpage,v1,Running,True
1779222437,productpage,v1,Running,True
1779222437,productpage,v1,Running,True
1779222437,productpage,v1,Running,True
1779222437,ratings,v1,Running,True
1779222437,reviews,v1,Running,True
1779222437,reviews,v2,Running,True
1779222437,reviews,v2,Running,True
1779222437,reviews,v3,Running,True
1779222437,reviews,v3,Running,True
1779222438,details,v1,Running,True
1779222438,details,v1,Running,True
1779222438,details,v1,Running,True
1779222438,productpage,v1,Running,True
1779222438,productpage,v1,Running,True
1779222438,productpage,v1,Running,True
1779222438,productpage,v1,Running,True
1779222438,productpage,v1,Running,True
1779222438,productpage,v1,Running,True
1779222438,productpage,v1,Running,True
1779222438,productpage,v1,Running,True
1779222438,productpage,v1,Running,True
1779222438,productpage,v1,Running,True
1779222438,productpage,v1,Running,True
1779222438,productpage,v1,Running,True
1779222438,productpage,v1,Running,True
1779222438,productpage,v1,Running,True
1779222438,productpage,v1,Running,True
1779222438,ratings,v1,Running,True
1779222438,reviews,v1,Running,True
1779222438,reviews,v2,Running,True
1779222438,reviews,v2,Running,True
1779222438,reviews,v3,Running,True
1779222438,reviews,v3,Running,True
1779222439,details,v1,Running,True
1779222439,details,v1,Running,True
1779222439,details,v1,Running,True
1779222439,productpage,v1,Running,True
1779222439,productpage,v1,Running,True
1779222439,productpage,v1,Running,True
1779222439,productpage,v1,Running,True
1779222439,productpage,v1,Running,True
1779222439,productpage,v1,Running,True
1779222439,productpage,v1,Running,True
1779222439,productpage,v1,Running,True
1779222439,productpage,v1,Running,True
1779222439,productpage,v1,Running,True
1779222439,productpage,v1,Running,True
1779222439,productpage,v1,Running,True
1779222439,productpage,v1,Running,True
1779222439,productpage,v1,Running,True
1779222439,productpage,v1,Running,True
1779222439,ratings,v1,Running,True
1779222439,reviews,v1,Running,True
1779222439,reviews,v2,Running,True
1779222439,reviews,v2,Running,True
1779222439,reviews,v3,Running,True
1779222439,reviews,v3,Running,True
1779222440,details,v1,Running,True
1779222440,details,v1,Running,True
1779222440,details,v1,Running,True
1779222440,productpage,v1,Running,True
1779222440,productpage,v1,Running,True
1779222440,productpage,v1,Running,True
1779222440,productpage,v1,Running,True
1779222440,productpage,v1,Running,True
1779222440,productpage,v1,Running,True
1779222440,productpage,v1,Running,True
1779222440,productpage,v1,Running,True
1779222440,productpage,v1,Running,True
1779222440,productpage,v1,Running,True
1779222440,productpage,v1,Running,True
1779222440,productpage,v1,Running,True
1779222440,productpage,v1,Running,True
1779222440,productpage,v1,Running,True
1779222440,productpage,v1,Running,True
1779222440,ratings,v1,Running,True
1779222440,reviews,v1,Running,True
1779222440,reviews,v2,Running,True
1779222440,reviews,v2,Running,True
1779222440,reviews,v3,Running,True
1779222440,reviews,v3,Running,True
1779222441,details,v1,Running,True
1779222441,details,v1,Running,True
1779222441,details,v1,Running,True
1779222441,productpage,v1,Running,True
1779222441,productpage,v1,Running,True
1779222441,productpage,v1,Running,True
1779222441,productpage,v1,Running,True
1779222441,productpage,v1,Running,True
1779222441,productpage,v1,Running,True
1779222441,productpage,v1,Running,True
1779222441,productpage,v1,Running,True
1779222441,productpage,v1,Running,True
1779222441,productpage,v1,Running,True
1779222441,productpage,v1,Running,True
1779222441,productpage,v1,Running,True
1779222441,productpage,v1,Running,True
1779222441,productpage,v1,Running,True
1779222441,productpage,v1,Running,True
1779222441,ratings,v1,Running,True
1779222441,reviews,v1,Running,True
1779222441,reviews,v2,Running,True
1779222441,reviews,v2,Running,True
1779222441,reviews,v3,Running,True
1779222441,reviews,v3,Running,True
1779222442,details,v1,Running,True
1779222442,details,v1,Running,True
1779222442,details,v1,Running,True
1779222442,productpage,v1,Running,True
1779222442,productpage,v1,Running,True
1779222442,productpage,v1,Running,True
1779222442,productpage,v1,Running,True
1779222442,productpage,v1,Running,True
1779222442,productpage,v1,Running,True
1779222442,productpage,v1,Running,True
1779222442,productpage,v1,Running,True
1779222442,productpage,v1,Running,True
1779222442,productpage,v1,Running,True
1779222442,productpage,v1,Running,True
1779222442,productpage,v1,Running,True
1779222442,productpage,v1,Running,True
1779222442,productpage,v1,Running,True
1779222442,productpage,v1,Running,True
1779222442,ratings,v1,Running,True
1779222442,reviews,v1,Running,True
1779222442,reviews,v2,Running,True
1779222442,reviews,v2,Running,True
1779222442,reviews,v3,Running,True
1779222442,reviews,v3,Running,True
1779222443,details,v1,Running,True
1779222443,details,v1,Running,True
1779222443,details,v1,Running,True
1779222443,productpage,v1,Running,True
1779222443,productpage,v1,Running,True
1779222443,productpage,v1,Running,True
1779222443,productpage,v1,Running,True
1779222443,productpage,v1,Running,True
1779222443,productpage,v1,Running,True
1779222443,productpage,v1,Running,True
1779222443,productpage,v1,Running,True
1779222443,productpage,v1,Running,True
1779222443,productpage,v1,Running,True
1779222443,productpage,v1,Running,True
1779222443,productpage,v1,Running,True
1779222443,productpage,v1,Running,True
1779222443,productpage,v1,Running,True
1779222443,productpage,v1,Running,True
1779222443,ratings,v1,Running,True
1779222443,reviews,v1,Running,True
1779222443,reviews,v2,Running,True
1779222443,reviews,v2,Running,True
1779222443,reviews,v3,Running,True
1779222443,reviews,v3,Running,True
1779222444,details,v1,Running,True
1779222444,details,v1,Running,True
1779222444,details,v1,Running,True
1779222444,productpage,v1,Running,True
1779222444,productpage,v1,Running,True
1779222444,productpage,v1,Running,True
1779222444,productpage,v1,Running,True
1779222444,productpage,v1,Running,True
1779222444,productpage,v1,Running,True
1779222444,productpage,v1,Running,True
1779222444,productpage,v1,Running,True
1779222444,productpage,v1,Running,True
1779222444,productpage,v1,Running,True
1779222444,productpage,v1,Running,True
1779222444,productpage,v1,Running,True
1779222444,productpage,v1,Running,True
1779222444,productpage,v1,Running,True
1779222444,productpage,v1,Running,True
1779222444,ratings,v1,Running,True
1779222444,reviews,v1,Running,True
1779222444,reviews,v2,Running,True
1779222444,reviews,v2,Running,True
1779222444,reviews,v3,Running,True
1779222444,reviews,v3,Running,True
1779222445,details,v1,Running,True
1779222445,details,v1,Running,True
1779222445,details,v1,Running,True
1779222445,productpage,v1,Running,True
1779222445,productpage,v1,Running,True
1779222445,productpage,v1,Running,True
1779222445,productpage,v1,Running,True
1779222445,productpage,v1,Running,True
1779222445,productpage,v1,Running,True
1779222445,productpage,v1,Running,True
1779222445,productpage,v1,Running,True
1779222445,productpage,v1,Running,True
1779222445,productpage,v1,Running,True
1779222445,productpage,v1,Running,True
1779222445,productpage,v1,Running,True
1779222445,productpage,v1,Running,True
1779222445,productpage,v1,Running,True
1779222445,productpage,v1,Running,True
1779222445,ratings,v1,Running,True
1779222445,reviews,v1,Running,True
1779222445,reviews,v2,Running,True
1779222445,reviews,v2,Running,True
1779222445,reviews,v3,Running,True
1779222445,reviews,v3,Running,True
1779222446,details,v1,Running,True
1779222446,details,v1,Running,True
1779222446,details,v1,Running,True
1779222446,productpage,v1,Running,True
1779222446,productpage,v1,Running,True
1779222446,productpage,v1,Running,True
1779222446,productpage,v1,Running,True
1779222446,productpage,v1,Running,True
1779222446,productpage,v1,Running,True
1779222446,productpage,v1,Running,True
1779222446,productpage,v1,Running,True
1779222446,productpage,v1,Running,True
1779222446,productpage,v1,Running,True
1779222446,productpage,v1,Running,True
1779222446,productpage,v1,Running,True
1779222446,productpage,v1,Running,True
1779222446,productpage,v1,Running,True
1779222446,productpage,v1,Running,True
1779222446,ratings,v1,Running,True
1779222446,reviews,v1,Running,True
1779222446,reviews,v2,Running,True
1779222446,reviews,v2,Running,True
1779222446,reviews,v3,Running,True
1779222446,reviews,v3,Running,True
1779222447,details,v1,Running,True
1779222447,details,v1,Running,True
1779222447,details,v1,Running,True
1779222447,productpage,v1,Running,True
1779222447,productpage,v1,Running,True
1779222447,productpage,v1,Running,True
1779222447,productpage,v1,Running,True
1779222447,productpage,v1,Running,True
1779222447,productpage,v1,Running,True
1779222447,productpage,v1,Running,True
1779222447,productpage,v1,Running,True
1779222447,productpage,v1,Running,True
1779222447,productpage,v1,Running,True
1779222447,productpage,v1,Running,True
1779222447,productpage,v1,Running,True
1779222447,productpage,v1,Running,True
1779222447,productpage,v1,Running,True
1779222447,productpage,v1,Running,True
1779222447,ratings,v1,Running,True
1779222447,reviews,v1,Running,True
1779222447,reviews,v2,Running,True
1779222447,reviews,v2,Running,True
1779222447,reviews,v3,Running,True
1779222447,reviews,v3,Running,True
1779222448,details,v1,Running,True
1779222448,details,v1,Running,True
1779222448,details,v1,Running,True
1779222448,productpage,v1,Running,True
1779222448,productpage,v1,Running,True
1779222448,productpage,v1,Running,True
1779222448,productpage,v1,Running,True
1779222448,productpage,v1,Running,True
1779222448,productpage,v1,Running,True
1779222448,productpage,v1,Running,True
1779222448,productpage,v1,Running,True
1779222448,productpage,v1,Running,True
1779222448,productpage,v1,Running,True
1779222448,productpage,v1,Running,True
1779222448,productpage,v1,Running,True
1779222448,productpage,v1,Running,True
1779222448,productpage,v1,Running,True
1779222448,productpage,v1,Running,True
1779222448,ratings,v1,Running,True
1779222448,reviews,v1,Running,True
1779222448,reviews,v2,Running,True
1779222448,reviews,v2,Running,True
1779222448,reviews,v3,Running,True
1779222448,reviews,v3,Running,True
1779222449,details,v1,Running,True
1779222449,details,v1,Running,True
1779222449,details,v1,Running,True
1779222449,productpage,v1,Running,True
1779222449,productpage,v1,Running,True
1779222449,productpage,v1,Running,True
1779222449,productpage,v1,Running,True
1779222449,productpage,v1,Running,True
1779222449,productpage,v1,Running,True
1779222449,productpage,v1,Running,True
1779222449,productpage,v1,Running,True
1779222449,productpage,v1,Running,True
1779222449,productpage,v1,Running,True
1779222449,productpage,v1,Running,True
1779222449,productpage,v1,Running,True
1779222449,productpage,v1,Running,True
1779222449,productpage,v1,Running,True
1779222449,productpage,v1,Running,True
1779222449,ratings,v1,Running,True
1779222449,reviews,v1,Running,True
1779222449,reviews,v2,Running,True
1779222449,reviews,v2,Running,True
1779222449,reviews,v3,Running,True
1779222449,reviews,v3,Running,True
1779222450,details,v1,Running,True
1779222450,details,v1,Running,True
1779222450,details,v1,Running,True
1779222450,productpage,v1,Running,True
1779222450,productpage,v1,Running,True
1779222450,productpage,v1,Running,True
1779222450,productpage,v1,Running,True
1779222450,productpage,v1,Running,True
1779222450,productpage,v1,Running,True
1779222450,productpage,v1,Running,True
1779222450,productpage,v1,Running,True
1779222450,productpage,v1,Running,True
1779222450,productpage,v1,Running,True
1779222450,productpage,v1,Running,True
1779222450,productpage,v1,Running,True
1779222450,productpage,v1,Running,True
1779222450,productpage,v1,Running,True
1779222450,productpage,v1,Running,True
1779222450,ratings,v1,Running,True
1779222450,reviews,v1,Running,True
1779222450,reviews,v2,Running,True
1779222450,reviews,v2,Running,True
1779222450,reviews,v3,Running,True
1779222450,reviews,v3,Running,True
1779222451,details,v1,Running,True
1779222451,details,v1,Running,True
1779222451,details,v1,Running,True
1779222451,productpage,v1,Running,True
1779222451,productpage,v1,Running,True
1779222451,productpage,v1,Running,True
1779222451,productpage,v1,Running,True
1779222451,productpage,v1,Running,True
1779222451,productpage,v1,Running,True
1779222451,productpage,v1,Running,True
1779222451,productpage,v1,Running,True
1779222451,productpage,v1,Running,True
1779222451,productpage,v1,Running,True
1779222451,productpage,v1,Running,True
1779222451,productpage,v1,Running,True
1779222451,productpage,v1,Running,True
1779222451,productpage,v1,Running,True
1779222451,productpage,v1,Running,True
1779222451,ratings,v1,Running,True
1779222451,reviews,v1,Running,True
1779222451,reviews,v2,Running,True
1779222451,reviews,v2,Running,True
1779222451,reviews,v3,Running,True
1779222451,reviews,v3,Running,True
1779222452,details,v1,Running,True
1779222452,details,v1,Running,True
1779222452,details,v1,Running,True
1779222452,productpage,v1,Running,True
1779222452,productpage,v1,Running,True
1779222452,productpage,v1,Running,True
1779222452,productpage,v1,Running,True
1779222452,productpage,v1,Running,True
1779222452,productpage,v1,Running,True
1779222452,productpage,v1,Running,True
1779222452,productpage,v1,Running,True
1779222452,productpage,v1,Running,True
1779222452,productpage,v1,Running,True
1779222452,productpage,v1,Running,True
1779222452,productpage,v1,Running,True
1779222452,productpage,v1,Running,True
1779222452,productpage,v1,Running,True
1779222452,productpage,v1,Running,True
1779222452,ratings,v1,Running,True
1779222452,reviews,v1,Running,True
1779222452,reviews,v2,Running,True
1779222452,reviews,v2,Running,True
1779222452,reviews,v3,Running,True
1779222452,reviews,v3,Running,True
1779222453,details,v1,Running,True
1779222453,details,v1,Running,True
1779222453,details,v1,Running,True
1779222453,productpage,v1,Running,True
1779222453,productpage,v1,Running,True
1779222453,productpage,v1,Running,True
1779222453,productpage,v1,Running,True
1779222453,productpage,v1,Running,True
1779222453,productpage,v1,Running,True
1779222453,productpage,v1,Running,True
1779222453,productpage,v1,Running,True
1779222453,productpage,v1,Running,True
1779222453,productpage,v1,Running,True
1779222453,productpage,v1,Running,True
1779222453,productpage,v1,Running,True
1779222453,productpage,v1,Running,True
1779222453,productpage,v1,Running,True
1779222453,productpage,v1,Running,True
1779222453,ratings,v1,Running,True
1779222453,reviews,v1,Running,True
1779222453,reviews,v2,Running,True
1779222453,reviews,v2,Running,True
1779222453,reviews,v3,Running,True
1779222453,reviews,v3,Running,True
1779222454,details,v1,Running,True
1779222454,details,v1,Running,True
1779222454,details,v1,Running,True
1779222454,productpage,v1,Running,True
1779222454,productpage,v1,Running,True
1779222454,productpage,v1,Running,True
1779222454,productpage,v1,Running,True
1779222454,productpage,v1,Running,True
1779222454,productpage,v1,Running,True
1779222454,productpage,v1,Running,True
1779222454,productpage,v1,Running,True
1779222454,productpage,v1,Running,True
1779222454,productpage,v1,Running,True
1779222454,productpage,v1,Running,True
1779222454,productpage,v1,Running,True
1779222454,productpage,v1,Running,True
1779222454,productpage,v1,Running,True
1779222454,productpage,v1,Running,True
1779222454,ratings,v1,Running,True
1779222454,reviews,v1,Running,True
1779222454,reviews,v2,Running,True
1779222454,reviews,v2,Running,True
1779222454,reviews,v3,Running,True
1779222454,reviews,v3,Running,True
1779222456,details,v1,Running,True
1779222456,details,v1,Running,True
1779222456,details,v1,Running,True
1779222456,productpage,v1,Running,True
1779222456,productpage,v1,Running,True
1779222456,productpage,v1,Running,True
1779222456,productpage,v1,Running,True
1779222456,productpage,v1,Running,True
1779222456,productpage,v1,Running,True
1779222456,productpage,v1,Running,True
1779222456,productpage,v1,Running,True
1779222456,productpage,v1,Running,True
1779222456,productpage,v1,Running,True
1779222456,productpage,v1,Running,True
1779222456,productpage,v1,Running,True
1779222456,productpage,v1,Running,True
1779222456,productpage,v1,Running,True
1779222456,productpage,v1,Running,True
1779222456,ratings,v1,Running,True
1779222456,reviews,v1,Running,True
1779222456,reviews,v2,Running,True
1779222456,reviews,v2,Running,True
1779222456,reviews,v3,Running,True
1779222456,reviews,v3,Running,True
1779222457,details,v1,Running,True
1779222457,details,v1,Running,True
1779222457,details,v1,Running,True
1779222457,productpage,v1,Running,True
1779222457,productpage,v1,Running,True
1779222457,productpage,v1,Running,True
1779222457,productpage,v1,Running,True
1779222457,productpage,v1,Running,True
1779222457,productpage,v1,Running,True
1779222457,productpage,v1,Running,True
1779222457,productpage,v1,Running,True
1779222457,productpage,v1,Running,True
1779222457,productpage,v1,Running,True
1779222457,productpage,v1,Running,True
1779222457,productpage,v1,Running,True
1779222457,productpage,v1,Running,True
1779222457,productpage,v1,Running,True
1779222457,productpage,v1,Running,True
1779222457,ratings,v1,Running,True
1779222457,reviews,v1,Running,True
1779222457,reviews,v2,Running,True
1779222457,reviews,v2,Running,True
1779222457,reviews,v3,Running,True
1779222457,reviews,v3,Running,True
1779222458,details,v1,Running,True
1779222458,details,v1,Running,True
1779222458,details,v1,Running,True
1779222458,productpage,v1,Running,True
1779222458,productpage,v1,Running,True
1779222458,productpage,v1,Running,True
1779222458,productpage,v1,Running,True
1779222458,productpage,v1,Running,True
1779222458,productpage,v1,Running,True
1779222458,productpage,v1,Running,True
1779222458,productpage,v1,Running,True
1779222458,productpage,v1,Running,True
1779222458,productpage,v1,Running,True
1779222458,productpage,v1,Running,True
1779222458,productpage,v1,Running,True
1779222458,productpage,v1,Running,True
1779222458,productpage,v1,Running,True
1779222458,productpage,v1,Running,True
1779222458,ratings,v1,Running,True
1779222458,reviews,v1,Running,True
1779222458,reviews,v2,Running,True
1779222458,reviews,v2,Running,True
1779222458,reviews,v3,Running,True
1779222458,reviews,v3,Running,True
1779222459,details,v1,Running,True
1779222459,details,v1,Running,True
1779222459,details,v1,Running,True
1779222459,productpage,v1,Running,True
1779222459,productpage,v1,Running,True
1779222459,productpage,v1,Running,True
1779222459,productpage,v1,Running,True
1779222459,productpage,v1,Running,True
1779222459,productpage,v1,Running,True
1779222459,productpage,v1,Running,True
1779222459,productpage,v1,Running,True
1779222459,productpage,v1,Running,True
1779222459,productpage,v1,Running,True
1779222459,productpage,v1,Running,True
1779222459,productpage,v1,Running,True
1779222459,productpage,v1,Running,True
1779222459,productpage,v1,Running,True
1779222459,productpage,v1,Running,True
1779222459,ratings,v1,Running,True
1779222459,reviews,v1,Running,True
1779222459,reviews,v2,Running,True
1779222459,reviews,v2,Running,True
1779222459,reviews,v3,Running,True
1779222459,reviews,v3,Running,True
1779222460,details,v1,Running,True
1779222460,details,v1,Running,True
1779222460,details,v1,Running,True
1779222460,productpage,v1,Running,True
1779222460,productpage,v1,Running,True
1779222460,productpage,v1,Running,True
1779222460,productpage,v1,Running,True
1779222460,productpage,v1,Running,True
1779222460,productpage,v1,Running,True
1779222460,productpage,v1,Running,True
1779222460,productpage,v1,Running,True
1779222460,productpage,v1,Running,True
1779222460,productpage,v1,Running,True
1779222460,productpage,v1,Running,True
1779222460,productpage,v1,Running,True
1779222460,productpage,v1,Running,True
1779222460,productpage,v1,Running,True
1779222460,productpage,v1,Running,True
1779222460,ratings,v1,Running,True
1779222460,reviews,v1,Running,True
1779222460,reviews,v2,Running,True
1779222460,reviews,v2,Running,True
1779222460,reviews,v3,Running,True
1779222460,reviews,v3,Running,True
1779222461,details,v1,Running,True
1779222461,details,v1,Running,True
1779222461,details,v1,Running,True
1779222461,productpage,v1,Running,True
1779222461,productpage,v1,Running,True
1779222461,productpage,v1,Running,True
1779222461,productpage,v1,Running,True
1779222461,productpage,v1,Running,True
1779222461,productpage,v1,Running,True
1779222461,productpage,v1,Running,True
1779222461,productpage,v1,Running,True
1779222461,productpage,v1,Running,True
1779222461,productpage,v1,Running,True
1779222461,productpage,v1,Running,True
1779222461,productpage,v1,Running,True
1779222461,productpage,v1,Running,True
1779222461,productpage,v1,Running,True
1779222461,productpage,v1,Running,True
1779222461,ratings,v1,Running,True
1779222461,reviews,v1,Running,True
1779222461,reviews,v2,Running,True
1779222461,reviews,v2,Running,True
1779222461,reviews,v3,Running,True
1779222461,reviews,v3,Running,True
1779222462,details,v1,Running,True
1779222462,details,v1,Running,True
1779222462,details,v1,Running,True
1779222462,productpage,v1,Running,True
1779222462,productpage,v1,Running,True
1779222462,productpage,v1,Running,True
1779222462,productpage,v1,Running,True
1779222462,productpage,v1,Running,True
1779222462,productpage,v1,Running,True
1779222462,productpage,v1,Running,True
1779222462,productpage,v1,Running,True
1779222462,productpage,v1,Running,True
1779222462,productpage,v1,Running,True
1779222462,productpage,v1,Running,True
1779222462,productpage,v1,Running,True
1779222462,productpage,v1,Running,True
1779222462,productpage,v1,Running,True
1779222462,productpage,v1,Running,True
1779222462,ratings,v1,Running,True
1779222462,reviews,v1,Running,True
1779222462,reviews,v2,Running,True
1779222462,reviews,v2,Running,True
1779222462,reviews,v3,Running,True
1779222462,reviews,v3,Running,True
1779222463,details,v1,Running,True
1779222463,details,v1,Running,True
1779222463,details,v1,Running,True
1779222463,productpage,v1,Running,True
1779222463,productpage,v1,Running,True
1779222463,productpage,v1,Running,True
1779222463,productpage,v1,Running,True
1779222463,productpage,v1,Running,True
1779222463,productpage,v1,Running,True
1779222463,productpage,v1,Running,True
1779222463,productpage,v1,Running,True
1779222463,productpage,v1,Running,True
1779222463,productpage,v1,Running,True
1779222463,productpage,v1,Running,True
1779222463,productpage,v1,Running,True
1779222463,productpage,v1,Running,True
1779222463,productpage,v1,Running,True
1779222463,productpage,v1,Running,True
1779222463,ratings,v1,Running,True
1779222463,reviews,v1,Running,True
1779222463,reviews,v2,Running,True
1779222463,reviews,v2,Running,True
1779222463,reviews,v3,Running,True
1779222463,reviews,v3,Running,True
1779222464,details,v1,Running,True
1779222464,details,v1,Running,True
1779222464,details,v1,Running,True
1779222464,productpage,v1,Running,True
1779222464,productpage,v1,Running,True
1779222464,productpage,v1,Running,True
1779222464,productpage,v1,Running,True
1779222464,productpage,v1,Running,True
1779222464,productpage,v1,Running,True
1779222464,productpage,v1,Running,True
1779222464,productpage,v1,Running,True
1779222464,productpage,v1,Running,True
1779222464,productpage,v1,Running,True
1779222464,productpage,v1,Running,True
1779222464,productpage,v1,Running,True
1779222464,productpage,v1,Running,True
1779222464,productpage,v1,Running,True
1779222464,productpage,v1,Running,True
1779222464,ratings,v1,Running,True
1779222464,reviews,v1,Running,True
1779222464,reviews,v2,Running,True
1779222464,reviews,v2,Running,True
1779222464,reviews,v3,Running,True
1779222464,reviews,v3,Running,True
1779222465,details,v1,Running,True
1779222465,details,v1,Running,True
1779222465,details,v1,Running,True
1779222465,productpage,v1,Running,True
1779222465,productpage,v1,Running,True
1779222465,productpage,v1,Running,True
1779222465,productpage,v1,Running,True
1779222465,productpage,v1,Running,True
1779222465,productpage,v1,Running,True
1779222465,productpage,v1,Running,True
1779222465,productpage,v1,Running,True
1779222465,productpage,v1,Running,True
1779222465,productpage,v1,Running,True
1779222465,productpage,v1,Running,True
1779222465,productpage,v1,Running,True
1779222465,productpage,v1,Running,True
1779222465,productpage,v1,Running,True
1779222465,productpage,v1,Running,True
1779222465,ratings,v1,Running,True
1779222465,reviews,v1,Running,True
1779222465,reviews,v2,Running,True
1779222465,reviews,v2,Running,True
1779222465,reviews,v3,Running,True
1779222465,reviews,v3,Running,True
1779222466,details,v1,Running,True
1779222466,details,v1,Running,True
1779222466,details,v1,Running,True
1779222466,productpage,v1,Running,True
1779222466,productpage,v1,Running,True
1779222466,productpage,v1,Running,True
1779222466,productpage,v1,Running,True
1779222466,productpage,v1,Running,True
1779222466,productpage,v1,Running,True
1779222466,productpage,v1,Running,True
1779222466,productpage,v1,Running,True
1779222466,productpage,v1,Running,True
1779222466,productpage,v1,Running,True
1779222466,productpage,v1,Running,True
1779222466,productpage,v1,Running,True
1779222466,productpage,v1,Running,True
1779222466,productpage,v1,Running,True
1779222466,productpage,v1,Running,True
1779222466,ratings,v1,Running,True
1779222466,reviews,v1,Running,True
1779222466,reviews,v2,Running,True
1779222466,reviews,v2,Running,True
1779222466,reviews,v3,Running,True
1779222466,reviews,v3,Running,True
1779222467,details,v1,Running,True
1779222467,details,v1,Running,True
1779222467,details,v1,Running,True
1779222467,productpage,v1,Running,True
1779222467,productpage,v1,Running,True
1779222467,productpage,v1,Running,True
1779222467,productpage,v1,Running,True
1779222467,productpage,v1,Running,True
1779222467,productpage,v1,Running,True
1779222467,productpage,v1,Running,True
1779222467,productpage,v1,Running,True
1779222467,productpage,v1,Running,True
1779222467,productpage,v1,Running,True
1779222467,productpage,v1,Running,True
1779222467,productpage,v1,Running,True
1779222467,productpage,v1,Running,True
1779222467,productpage,v1,Running,True
1779222467,productpage,v1,Running,True
1779222467,ratings,v1,Running,True
1779222467,reviews,v1,Running,True
1779222467,reviews,v2,Running,True
1779222467,reviews,v2,Running,True
1779222467,reviews,v3,Running,True
1779222467,reviews,v3,Running,True
1779222468,details,v1,Running,True
1779222468,details,v1,Running,True
1779222468,details,v1,Running,True
1779222468,productpage,v1,Running,True
1779222468,productpage,v1,Running,True
1779222468,productpage,v1,Running,True
1779222468,productpage,v1,Running,True
1779222468,productpage,v1,Running,True
1779222468,productpage,v1,Running,True
1779222468,productpage,v1,Running,True
1779222468,productpage,v1,Running,True
1779222468,productpage,v1,Running,True
1779222468,productpage,v1,Running,True
1779222468,productpage,v1,Running,True
1779222468,productpage,v1,Running,True
1779222468,productpage,v1,Running,True
1779222468,productpage,v1,Running,True
1779222468,productpage,v1,Running,True
1779222468,ratings,v1,Running,True
1779222468,reviews,v1,Running,True
1779222468,reviews,v2,Running,True
1779222468,reviews,v2,Running,True
1779222468,reviews,v3,Running,True
1779222468,reviews,v3,Running,True
1779222469,details,v1,Running,True
1779222469,details,v1,Running,True
1779222469,details,v1,Running,True
1779222469,productpage,v1,Running,True
1779222469,productpage,v1,Running,True
1779222469,productpage,v1,Running,True
1779222469,productpage,v1,Running,True
1779222469,productpage,v1,Running,True
1779222469,productpage,v1,Running,True
1779222469,productpage,v1,Running,True
1779222469,productpage,v1,Running,True
1779222469,productpage,v1,Running,True
1779222469,productpage,v1,Running,True
1779222469,productpage,v1,Running,True
1779222469,productpage,v1,Running,True
1779222469,productpage,v1,Running,True
1779222469,productpage,v1,Running,True
1779222469,productpage,v1,Running,True
1779222469,ratings,v1,Running,True
1779222469,reviews,v1,Running,True
1779222469,reviews,v2,Running,True
1779222469,reviews,v2,Running,True
1779222469,reviews,v3,Running,True
1779222469,reviews,v3,Running,True
1779222470,details,v1,Running,True
1779222470,details,v1,Running,True
1779222470,details,v1,Running,True
1779222470,productpage,v1,Running,True
1779222470,productpage,v1,Running,True
1779222470,productpage,v1,Running,True
1779222470,productpage,v1,Running,True
1779222470,productpage,v1,Running,True
1779222470,productpage,v1,Running,True
1779222470,productpage,v1,Running,True
1779222470,productpage,v1,Running,True
1779222470,productpage,v1,Running,True
1779222470,productpage,v1,Running,True
1779222470,productpage,v1,Running,True
1779222470,productpage,v1,Running,True
1779222470,productpage,v1,Running,True
1779222470,productpage,v1,Running,True
1779222470,productpage,v1,Running,True
1779222470,ratings,v1,Running,True
1779222470,reviews,v1,Running,True
1779222470,reviews,v2,Running,True
1779222470,reviews,v2,Running,True
1779222470,reviews,v3,Running,True
1779222470,reviews,v3,Running,True
1779222471,details,v1,Running,True
1779222471,details,v1,Running,True
1779222471,details,v1,Running,True
1779222471,productpage,v1,Running,True
1779222471,productpage,v1,Running,True
1779222471,productpage,v1,Running,True
1779222471,productpage,v1,Running,True
1779222471,productpage,v1,Running,True
1779222471,productpage,v1,Running,True
1779222471,productpage,v1,Running,True
1779222471,productpage,v1,Running,True
1779222471,productpage,v1,Running,True
1779222471,productpage,v1,Running,True
1779222471,productpage,v1,Running,True
1779222471,productpage,v1,Running,True
1779222471,productpage,v1,Running,True
1779222471,productpage,v1,Running,True
1779222471,productpage,v1,Running,True
1779222471,ratings,v1,Running,True
1779222471,reviews,v1,Running,True
1779222471,reviews,v2,Running,True
1779222471,reviews,v2,Running,True
1779222471,reviews,v3,Running,True
1779222471,reviews,v3,Running,True
1779222472,details,v1,Running,True
1779222472,details,v1,Running,True
1779222472,details,v1,Running,True
1779222472,productpage,v1,Running,True
1779222472,productpage,v1,Running,True
1779222472,productpage,v1,Running,True
1779222472,productpage,v1,Running,True
1779222472,productpage,v1,Running,True
1779222472,productpage,v1,Running,True
1779222472,productpage,v1,Running,True
1779222472,productpage,v1,Running,True
1779222472,productpage,v1,Running,True
1779222472,productpage,v1,Running,True
1779222472,productpage,v1,Running,True
1779222472,productpage,v1,Running,True
1779222472,productpage,v1,Running,True
1779222472,productpage,v1,Running,True
1779222472,productpage,v1,Running,True
1779222472,ratings,v1,Running,True
1779222472,reviews,v1,Running,True
1779222472,reviews,v2,Running,True
1779222472,reviews,v2,Running,True
1779222472,reviews,v3,Running,True
1779222472,reviews,v3,Running,True
1779222473,details,v1,Running,True
1779222473,details,v1,Running,True
1779222473,details,v1,Running,True
1779222473,productpage,v1,Running,True
1779222473,productpage,v1,Running,True
1779222473,productpage,v1,Running,True
1779222473,productpage,v1,Running,True
1779222473,productpage,v1,Running,True
1779222473,productpage,v1,Running,True
1779222473,productpage,v1,Running,True
1779222473,productpage,v1,Running,True
1779222473,productpage,v1,Running,True
1779222473,productpage,v1,Running,True
1779222473,productpage,v1,Running,True
1779222473,productpage,v1,Running,True
1779222473,productpage,v1,Running,True
1779222473,productpage,v1,Running,True
1779222473,productpage,v1,Running,True
1779222473,ratings,v1,Running,True
1779222473,reviews,v1,Running,True
1779222473,reviews,v2,Running,True
1779222473,reviews,v2,Running,True
1779222473,reviews,v3,Running,True
1779222473,reviews,v3,Running,True
1779222474,details,v1,Running,True
1779222474,details,v1,Running,True
1779222474,details,v1,Running,True
1779222474,productpage,v1,Running,True
1779222474,productpage,v1,Running,True
1779222474,productpage,v1,Running,True
1779222474,productpage,v1,Running,True
1779222474,productpage,v1,Running,True
1779222474,productpage,v1,Running,True
1779222474,productpage,v1,Running,True
1779222474,productpage,v1,Running,True
1779222474,productpage,v1,Running,True
1779222474,productpage,v1,Running,True
1779222474,productpage,v1,Running,True
1779222474,productpage,v1,Running,True
1779222474,productpage,v1,Running,True
1779222474,productpage,v1,Running,True
1779222474,productpage,v1,Running,True
1779222474,ratings,v1,Running,True
1779222474,reviews,v1,Running,True
1779222474,reviews,v2,Running,True
1779222474,reviews,v2,Running,True
1779222474,reviews,v3,Running,True
1779222474,reviews,v3,Running,True
1779222475,details,v1,Running,True
1779222475,details,v1,Running,True
1779222475,details,v1,Running,True
1779222475,productpage,v1,Running,True
1779222475,productpage,v1,Running,True
1779222475,productpage,v1,Running,True
1779222475,productpage,v1,Running,True
1779222475,productpage,v1,Running,True
1779222475,productpage,v1,Running,True
1779222475,productpage,v1,Running,True
1779222475,productpage,v1,Running,True
1779222475,productpage,v1,Running,True
1779222475,productpage,v1,Running,True
1779222475,productpage,v1,Running,True
1779222475,productpage,v1,Running,True
1779222475,productpage,v1,Running,True
1779222475,productpage,v1,Running,True
1779222475,productpage,v1,Running,True
1779222475,ratings,v1,Running,True
1779222475,reviews,v1,Running,True
1779222475,reviews,v2,Running,True
1779222475,reviews,v2,Running,True
1779222475,reviews,v3,Running,True
1779222475,reviews,v3,Running,True
1779222476,details,v1,Running,True
1779222476,details,v1,Running,True
1779222476,details,v1,Running,True
1779222476,productpage,v1,Running,True
1779222476,productpage,v1,Running,True
1779222476,productpage,v1,Running,True
1779222476,productpage,v1,Running,True
1779222476,productpage,v1,Running,True
1779222476,productpage,v1,Running,True
1779222476,productpage,v1,Running,True
1779222476,productpage,v1,Running,True
1779222476,productpage,v1,Running,True
1779222476,productpage,v1,Running,True
1779222476,productpage,v1,Running,True
1779222476,productpage,v1,Running,True
1779222476,productpage,v1,Running,True
1779222476,productpage,v1,Running,True
1779222476,productpage,v1,Running,True
1779222476,ratings,v1,Running,True
1779222476,reviews,v1,Running,True
1779222476,reviews,v2,Running,True
1779222476,reviews,v2,Running,True
1779222476,reviews,v3,Running,True
1779222476,reviews,v3,Running,True
