REGISTER,61186,,1765441698679940
REGISTER,58563,61186,1765441700172793
READY,61186,1765441704052991
ACK_OPENING,61186,61186,1765441704052905
REGISTER,9532,61186|58563,1765441700307814
ACK_OPENING,58563,58563,1765441708177325
ACK_OPENING,58563,61186,1765441708605675
READY,58563,1765441708779119
ACK_OPENING,61186,58563,1765441708779182
ACK_OPENING,9532,9532,1765441712163871
REGISTER,20724,61186|58563|9532,1765441700431589
ACK_OPENING,9532,61186,1765441712753099
ACK_OPENING,9532,58563,1765441712786227
ACK_OPENING,61186,9532,1765441712861404
ACK_OPENING,58563,9532,1765441713429287
READY,9532,1765441713429368
ACK_OPENING,20724,20724,1765441716159322
REGISTER,15259,20724|61186|58563|9532,1765441700645433
ACK_OPENING,20724,61186,1765441716521769
ACK_OPENING,20724,9532,1765441716578270
ACK_OPENING,58563,20724,1765441716776627
ACK_OPENING,20724,58563,1765441716884307
ACK_OPENING,61186,20724,1765441717390389
ACK_OPENING,9532,20724,1765441718044224
READY,20724,1765441718044211
REGISTER,41128,58563|9532|20724|15259|61186,1765441701020486
ACK_OPENING,15259,15259,1765441720515569
ACK_OPENING,15259,58563,1765441720686307
ACK_OPENING,15259,20724,1765441720786045
ACK_OPENING,15259,9532,1765441720793576
ACK_OPENING,15259,61186,1765441720864817
ACK_OPENING,61186,15259,1765441721099413
ACK_OPENING,58563,15259,1765441721606822
ACK_OPENING,9532,15259,1765441722111673
ACK_OPENING,20724,15259,1765441722925444
READY,15259,1765441722925549
ACK_OPENING,41128,41128,1765441724625930
REGISTER,51605,61186|58563|9532|20724|15259|41128,1765441701350559
ACK_OPENING,41128,61186,1765441725058072
ACK_OPENING,41128,9532,1765441725058721
ACK_OPENING,9532,41128,1765441725213284
ACK_OPENING,41128,58563,1765441725249765
ACK_OPENING,41128,15259,1765441725269562
ACK_OPENING,41128,20724,1765441725295144
ACK_OPENING,58563,41128,1765441725828134
ACK_OPENING,61186,41128,1765441726436925
ACK_OPENING,15259,41128,1765441727086872
ACK_OPENING,20724,41128,1765441727765264
READY,41128,1765441727765581
ACK_OPENING,51605,51605,1765441729004706
REGISTER,59238,61186|58563|9532|20724|15259|41128|51605,1765441701603352
ACK_OPENING,51605,15259,1765441729367612
ACK_OPENING,51605,9532,1765441729445810
ACK_OPENING,51605,20724,1765441729448580
ACK_OPENING,51605,61186,1765441729463973
ACK_OPENING,51605,41128,1765441729466910
ACK_OPENING,9532,51605,1765441729620683
ACK_OPENING,51605,58563,1765441729622289
ACK_OPENING,20724,51605,1765441730235252
ACK_OPENING,15259,51605,1765441730781107
ACK_OPENING,41128,51605,1765441731281999
ACK_OPENING,61186,51605,1765441731783244
READY,51605,1765441732281649
ACK_OPENING,58563,51605,1765441732281782
ACK_OPENING,58563,58563,1765441733617080
ACK_OPENING,59238,59238,1765441733868942
REGISTER,7270,15259|41128|51605|59238|61186|58563|9532|20724,1765441701653830
ACK_OPENING,58563,61186,1765441734184342
ACK_OPENING,58563,9532,1765441734202639
ACK_OPENING,58563,20724,1765441734267512
ACK_OPENING,58563,41128,1765441734268266
ACK_OPENING,58563,15259,1765441734277545
ACK_OPENING,20724,59238,1765441734368653
ACK_OPENING,58563,51605,1765441734371234
ACK_OPENING,59238,58563,1765441734472686
ACK_OPENING,59238,9532,1765441734689407
ACK_OPENING,59238,20724,1765441734823303
ACK_OPENING,15259,59238,1765441734855286
ACK_OPENING,59238,15259,1765441734892543
ACK_OPENING,59238,41128,1765441734896493
ACK_OPENING,59238,51605,1765441734988007
ACK_OPENING,59238,61186,1765441735120271
ACK_OPENING,58563,59238,1765441735339868
ACK_OPENING,9532,59238,1765441735818089
ACK_OPENING,51605,59238,1765441736298716
ACK_OPENING,41128,59238,1765441737268316
ACK_OPENING,61186,59238,1765441737951619
READY,59238,1765441737951606
ACK_OPENING,7270,7270,1765441738150205
REGISTER,37199,58563|15259|41128|51605|7270|61186|9532|20724|59238,1765441701743679
ACK_OPENING,7270,9532,1765441738542936
ACK_OPENING,7270,61186,1765441738544256
ACK_OPENING,7270,20724,1765441738583915
ACK_OPENING,58563,59238,1765441738606787
ACK_OPENING,7270,15259,1765441738642638
ACK_OPENING,7270,58563,1765441738677860
ACK_OPENING,7270,41128,1765441738697051
ACK_OPENING,7270,51605,1765441738719164
ACK_OPENING,58563,7270,1765441738790611
ACK_OPENING,7270,59238,1765441739226278
ACK_OPENING,20724,7270,1765441739444615
ACK_OPENING,61186,7270,1765441740096010
ACK_OPENING,15259,7270,1765441740711800
ACK_OPENING,9532,7270,1765441741317135
ACK_OPENING,37199,37199,1765441742036303
ACK_OPENING,41128,7270,1765441742038500
REGISTER,35199,61186|9532|20724|59238|37199|58563|15259|41128|51605|7270,1765441701997461
ACK_OPENING,37199,61186,1765441742512348
ACK_OPENING,37199,20724,1765441742548121
ACK_OPENING,37199,58563,1765441742556618
ACK_OPENING,37199,51605,1765441742563108
ACK_OPENING,37199,41128,1765441742565401
ACK_OPENING,61186,37199,1765441742586990
ACK_OPENING,37199,15259,1765441742628435
ACK_OPENING,51605,7270,1765441742702223
ACK_OPENING,37199,9532,1765441742722875
ACK_OPENING,37199,59238,1765441742742003
ACK_OPENING,9532,37199,1765441743268566
ACK_OPENING,37199,7270,1765441743319686
ACK_OPENING,59238,7270,1765441743922658
READY,7270,1765441743922640
ACK_OPENING,15259,37199,1765441744247884
ACK_OPENING,58563,7270,1765441744469405
ACK_OPENING,20724,37199,1765441745201143
ACK_OPENING,7270,37199,1765441746124387
REGISTER,49360,58563|15259|41128|51605|7270|35199|61186|9532|20724|59238|37199,1765441702186404
ACK_OPENING,35199,35199,1765441746837498
ACK_OPENING,58563,37199,1765441746857401
ACK_OPENING,35199,61186,1765441747002817
ACK_OPENING,35199,59238,1765441747020026
ACK_OPENING,35199,58563,1765441747035777
ACK_OPENING,35199,41128,1765441747070471
ACK_OPENING,35199,20724,1765441747077729
ACK_OPENING,35199,15259,1765441747130439
ACK_OPENING,35199,51605,1765441747157527
ACK_OPENING,35199,9532,1765441747224332
ACK_OPENING,35199,7270,1765441747329194
ACK_OPENING,35199,37199,1765441747413372
ACK_OPENING,20724,35199,1765441747451443
ACK_OPENING,59238,37199,1765441747921808
ACK_OPENING,61186,35199,1765441748101995
ACK_OPENING,58563,37199,1765441748579804
ACK_OPENING,59238,35199,1765441748720592
ACK_OPENING,41128,37199,1765441749194560
ACK_OPENING,51605,35199,1765441749344721
READY,37199,1765441749809473
ACK_OPENING,51605,37199,1765441749809649
ACK_OPENING,58563,35199,1765441749963349
ACK_OPENING,58563,35199,1765441750606017
REGISTER,18699,61186|9532|20724|59238|37199|58563|15259|41128|51605|7270|35199|49360,1765441702240899
ACK_OPENING,9532,35199,1765441751169621
ACK_OPENING,49360,20724,1765441751314308
ACK_OPENING,49360,58563,1765441751376763
ACK_OPENING,49360,15259,1765441751382313
ACK_OPENING,49360,59238,1765441751385019
ACK_OPENING,49360,9532,1765441751391449
ACK_OPENING,49360,61186,1765441751392194
ACK_OPENING,49360,37199,1765441751423254
ACK_OPENING,49360,51605,1765441751539544
ACK_OPENING,49360,7270,1765441751551630
ACK_OPENING,49360,41128,1765441751570970
ACK_OPENING,49360,35199,1765441751720889
ACK_OPENING,49360,49360,1765441751790845
ACK_OPENING,37199,35199,1765441752200134
ACK_OPENING,58563,49360,1765441752283318
ACK_OPENING,15259,49360,1765441752768974
ACK_OPENING,15259,35199,1765441752789955
ACK_OPENING,20724,49360,1765441753265058
ACK_OPENING,41128,35199,1765441753332236
ACK_OPENING,9532,49360,1765441753777751
READY,35199,1765441753825117
ACK_OPENING,7270,35199,1765441753825186
ACK_OPENING,41128,49360,1765441754280548
ACK_OPENING,61186,49360,1765441754893946
REGISTER,2661,49360|58563|15259|41128|51605|7270|35199|61186|9532|20724|59238|37199|18699,1765441702534352
ACK_OPENING,18699,18699,1765441755271680
ACK_OPENING,18699,9532,1765441755576020
ACK_OPENING,18699,7270,1765441755609265
ACK_OPENING,18699,59238,1765441755649494
ACK_OPENING,18699,41128,1765441755667836
ACK_OPENING,18699,35199,1765441755695962
ACK_OPENING,51605,49360,1765441755706146
ACK_OPENING,18699,51605,1765441755707970
ACK_OPENING,18699,20724,1765441755764943
ACK_OPENING,18699,61186,1765441755769238
ACK_OPENING,18699,58563,1765441755775677
ACK_OPENING,18699,15259,1765441755875474
ACK_OPENING,18699,37199,1765441755909290
ACK_OPENING,41128,18699,1765441755919492
ACK_OPENING,18699,49360,1765441756345340
ACK_OPENING,35199,18699,1765441756542995
ACK_OPENING,59238,49360,1765441756961887
ACK_OPENING,59238,18699,1765441757046371
ACK_OPENING,49360,18699,1765441757542212
ACK_OPENING,7270,49360,1765441757575136
ACK_OPENING,51605,18699,1765441758051465
ACK_OPENING,35199,49360,1765441758117732
ACK_OPENING,61186,18699,1765441758553991
ACK_OPENING,58563,49360,1765441758767404
ACK_OPENING,9532,18699,1765441759098374
READY,49360,1765441759415174
ACK_OPENING,37199,49360,1765441759415239
REGISTER,14281,35199|49360|58563|15259|41128|20724|18699|51605|7270|2661|37199|61186|9532|59238,1765441702622764
ACK_OPENING,2661,2661,1765441759569497
ACK_OPENING,20724,18699,1765441759664749
ACK_OPENING,2661,7270,1765441759913615
ACK_OPENING,2661,51605,1765441759922713
ACK_OPENING,2661,15259,1765441759938882
ACK_OPENING,2661,49360,1765441759960060
ACK_OPENING,2661,59238,1765441759965105
ACK_OPENING,2661,41128,1765441759974087
ACK_OPENING,2661,9532,1765441759999953
ACK_OPENING,2661,35199,1765441760018237
ACK_OPENING,2661,58563,1765441760081447
ACK_OPENING,2661,61186,1765441760112053
ACK_OPENING,2661,37199,1765441760115105
ACK_OPENING,2661,20724,1765441760177850
ACK_OPENING,2661,18699,1765441760250801
ACK_OPENING,15259,2661,1765441760320328
ACK_OPENING,15259,18699,1765441760764570
ACK_OPENING,37199,2661,1765441760934147
ACK_OPENING,58563,18699,1765441761274360
ACK_OPENING,61186,2661,1765441761581588
ACK_OPENING,58563,18699,1765441761782753
ACK_OPENING,7270,18699,1765441762283672
ACK_OPENING,20724,2661,1765441762515778
READY,18699,1765441762785205
ACK_OPENING,37199,18699,1765441762785258
ACK_OPENING,18699,2661,1765441763356424
REGISTER,7043,15259|41128|35199|49360|58563|18699|14281|20724|7270|2661|51605|9532|59238|37199|61186,1765441702928085
ACK_OPENING,14281,14281,1765441763514969
ACK_OPENING,14281,59238,1765441763788436
ACK_OPENING,14281,20724,1765441763824352
ACK_OPENING,14281,2661,1765441763876906
ACK_OPENING,14281,37199,1765441763908534
ACK_OPENING,14281,7270,1765441763922014
ACK_OPENING,14281,15259,1765441763932278
ACK_OPENING,14281,61186,1765441763936736
ACK_OPENING,14281,41128,1765441764005075
ACK_OPENING,14281,49360,1765441764006761
ACK_OPENING,14281,9532,1765441764031767
ACK_OPENING,14281,51605,1765441764043943
ACK_OPENING,14281,18699,1765441764046605
ACK_OPENING,14281,35199,1765441764102289
ACK_OPENING,58563,14281,1765441764128273
ACK_OPENING,14281,58563,1765441764129178
ACK_OPENING,14281,2661,1765441764355341
ACK_OPENING,7270,14281,1765441764660778
ACK_OPENING,51605,2661,1765441764868031
ACK_OPENING,9532,14281,1765441765215676
ACK_OPENING,49360,2661,1765441765482542
ACK_OPENING,20724,14281,1765441765833378
ACK_OPENING,58563,2661,1765441766179824
ACK_OPENING,59238,14281,1765441766501749
ACK_OPENING,35199,2661,1765441766806490
ACK_OPENING,61186,14281,1765441767546036
ACK_OPENING,41128,2661,1765441767594960
REGISTER,40904,51605|7270|2661|7043|61186|9532|59238|37199|58563|15259|41128|35199|49360|20724|18699|14281,1765441702987830
ACK_OPENING,7043,20724,1765441768102515
ACK_OPENING,7043,7270,1765441768146584
ACK_OPENING,7043,15259,1765441768148490
ACK_OPENING,59238,2661,1765441768189967
ACK_OPENING,7043,35199,1765441768213759
ACK_OPENING,7043,7043,1765441768218069
ACK_OPENING,7043,9532,1765441768231640
ACK_OPENING,7043,37199,1765441768265669
ACK_OPENING,7043,41128,1765441768279483
ACK_OPENING,7043,61186,1765441768358522
ACK_OPENING,58563,14281,1765441768370739
ACK_OPENING,7043,51605,1765441768411700
ACK_OPENING,7043,58563,1765441768413228
ACK_OPENING,7043,59238,1765441768413386
ACK_OPENING,7043,49360,1765441768413520
ACK_OPENING,7043,18699,1765441768501923
ACK_OPENING,7270,2661,1765441768805795
ACK_OPENING,41128,7043,1765441768833836
ACK_OPENING,7043,14281,1765441768984712
ACK_OPENING,7043,2661,1765441769390652
ACK_OPENING,20724,7043,1765441769449403
ACK_OPENING,35199,14281,1765441769582875
ACK_OPENING,7043,2661,1765441769906012
ACK_OPENING,18699,7043,1765441770045686
ACK_OPENING,2661,14281,1765441770115548
ACK_OPENING,9532,2661,1765441770565204
READY,2661,1765441770565422
ACK_OPENING,58563,7043,1765441770584614
ACK_OPENING,51605,14281,1765441770615774
ACK_OPENING,7270,7043,1765441771063156
ACK_OPENING,58563,2661,1765441771141160
ACK_OPENING,37199,14281,1765441771319350
ACK_OPENING,2661,7043,1765441771711928
ACK_OPENING,41128,14281,1765441771936626
ACK_OPENING,58563,7043,1765441772399852
ACK_OPENING,49360,14281,1765441772707900
REGISTER,41930,51605|7270|2661|7043|40904|61186|9532|59238|37199|58563|15259|41128|35199|49360|20724|18699|14281,1765441703126581
ACK_OPENING,40904,40904,1765441772803476
ACK_OPENING,15259,7043,1765441773002530
ACK_OPENING,40904,35199,1765441773054414
ACK_OPENING,40904,9532,1765441773058683
ACK_OPENING,40904,59238,1765441773084343
ACK_OPENING,40904,2661,1765441773102769
ACK_OPENING,40904,20724,1765441773124217
ACK_OPENING,40904,49360,1765441773126028
ACK_OPENING,40904,37199,1765441773143831
ACK_OPENING,40904,7270,1765441773201950
ACK_OPENING,40904,61186,1765441773212109
ACK_OPENING,40904,51605,1765441773216890
ACK_OPENING,40904,18699,1765441773246670
ACK_OPENING,40904,41128,1765441773274425
ACK_OPENING,40904,58563,1765441773310128
ACK_OPENING,40904,15259,1765441773400071
ACK_OPENING,51605,40904,1765441773424165
ACK_OPENING,18699,14281,1765441773441809
ACK_OPENING,40904,7043,1765441773550192
ACK_OPENING,20724,40904,1765441774042888
ACK_OPENING,40904,14281,1765441774059209
ACK_OPENING,40904,7043,1765441774105233
ACK_OPENING,61186,40904,1765441774639453
ACK_OPENING,40904,14281,1765441774675957
ACK_OPENING,49360,7043,1765441774689420
ACK_OPENING,61186,7043,1765441775167633
ACK_OPENING,37199,40904,1765441775172215
READY,14281,1765441775257516
ACK_OPENING,15259,14281,1765441775257633
ACK_OPENING,37199,7043,1765441775662347
ACK_OPENING,9532,40904,1765441775691762
ACK_OPENING,35199,7043,1765441776148061
ACK_OPENING,58563,40904,1765441776181515
ACK_OPENING,41128,41128,1765441776671749
ACK_OPENING,41128,41128,1765441776671812
ACK_OPENING,9532,7043,1765441776813312
ACK_OPENING,15259,40904,1765441776888089
ACK_OPENING,41930,41930,1765441776904255
REGISTER,56723,58563|15259|41128|35199|49360|20724|18699|14281|51605|7270|2661|7043|40904|61186|9532|59238|37199|41930,1765441703256885
ACK_OPENING,41128,59238,1765441777234061
ACK_OPENING,41128,20724,1765441777258331
ACK_OPENING,41128,15259,1765441777268858
ACK_OPENING,41128,9532,1765441777278625
ACK_OPENING,41128,14281,1765441777280271
ACK_OPENING,41128,7270,1765441777302144
ACK_OPENING,41128,49360,1765441777317017
ACK_OPENING,41128,37199,1765441777319740
ACK_OPENING,41128,35199,1765441777365345
ACK_OPENING,41128,58563,1765441777382644
ACK_OPENING,41128,61186,1765441777391479
ACK_OPENING,41128,51605,1765441777398217
ACK_OPENING,51605,7043,1765441777405374
ACK_OPENING,41128,2661,1765441777407622
ACK_OPENING,41930,40904,1765441777427814
ACK_OPENING,20724,41930,1765441777494013
ACK_OPENING,41128,18699,1765441777497979
ACK_OPENING,41930,41128,1765441777562951
ACK_OPENING,41128,9532,1765441777798658
ACK_OPENING,41128,59238,1765441777820853
ACK_OPENING,41128,14281,1765441777847248
ACK_OPENING,41128,20724,1765441777859328
ACK_OPENING,41128,15259,1765441777885152
ACK_OPENING,41128,7270,1765441777903468
ACK_OPENING,41128,37199,1765441777936588
ACK_OPENING,41128,58563,1765441777973614
ACK_OPENING,41128,35199,1765441777981336
ACK_OPENING,41128,51605,1765441778013966
ACK_OPENING,59238,7043,1765441778015436
ACK_OPENING,41128,61186,1765441778018372
ACK_OPENING,41128,2661,1765441778023819
ACK_OPENING,41930,40904,1765441778047809
ACK_OPENING,41128,18699,1765441778063125
ACK_OPENING,61186,41930,1765441778095154
ACK_OPENING,41128,49360,1765441778271898
ACK_OPENING,41930,9532,1765441778334284
ACK_OPENING,41930,14281,1765441778366755
ACK_OPENING,41930,59238,1765441778386460
ACK_OPENING,41930,20724,1765441778400580
ACK_OPENING,41930,7270,1765441778441104
ACK_OPENING,41930,37199,1765441778509598
ACK_OPENING,41930,15259,1765441778521767
ACK_OPENING,41930,58563,1765441778522109
ACK_OPENING,41930,7043,1765441778550960
ACK_OPENING,41930,18699,1765441778603938
ACK_OPENING,41930,51605,1765441778605577
ACK_OPENING,41930,35199,1765441778617366
ACK_OPENING,41930,61186,1765441778635045
ACK_OPENING,51605,41930,1765441778637617
ACK_OPENING,41930,2661,1765441778638707
ACK_OPENING,41128,40904,1765441778720546
ACK_OPENING,41128,7043,1765441779052144
ACK_OPENING,58563,41930,1765441779146476
ACK_OPENING,41930,49360,1765441779164901
ACK_OPENING,41128,40904,1765441779330656
ACK_OPENING,41128,7043,1765441779647109
ACK_OPENING,9532,41930,1765441779652975
ACK_OPENING,18699,40904,1765441779995112
ACK_OPENING,41128,41930,1765441780153211
ACK_OPENING,41930,7043,1765441780262467
ACK_OPENING,37199,41930,1765441780769443
ACK_OPENING,14281,7043,1765441780987182
READY,7043,1765441780987247
ACK_OPENING,59238,40904,1765441780990314
REGISTER,2466,59238|37199|41930|61186|9532|41128|35199|49360|56723|58563|15259|14281|20724|18699|2661|7043|40904|51605|7270,1765441703644511
ACK_OPENING,56723,56723,1765441781085361
ACK_OPENING,40904,41930,1765441781325079
ACK_OPENING,56723,61186,1765441781338060
ACK_OPENING,56723,18699,1765441781360223
ACK_OPENING,56723,59238,1765441781366374
ACK_OPENING,56723,49360,1765441781372475
ACK_OPENING,56723,9532,1765441781390355
ACK_OPENING,56723,20724,1765441781397162
ACK_OPENING,56723,35199,1765441781403436
ACK_OPENING,56723,51605,1765441781431167
ACK_OPENING,56723,15259,1765441781433985
ACK_OPENING,56723,58563,1765441781438913
ACK_OPENING,56723,7270,1765441781468817
ACK_OPENING,56723,14281,1765441781493817
ACK_OPENING,41128,40904,1765441781497904
ACK_OPENING,56723,41128,1765441781505379
ACK_OPENING,56723,2661,1765441781519396
ACK_OPENING,56723,7043,1765441781551959
ACK_OPENING,56723,37199,1765441781575471
ACK_OPENING,56723,41930,1765441781828203
ACK_OPENING,7043,56723,1765441781841005
ACK_OPENING,35199,40904,1765441781978206
ACK_OPENING,2661,41930,1765441782326278
ACK_OPENING,58563,56723,1765441782460959
ACK_OPENING,49360,40904,1765441782472085
ACK_OPENING,18699,41930,1765441782818313
ACK_OPENING,14281,40904,1765441782953846
ACK_OPENING,20724,56723,1765441783078439
ACK_OPENING,7043,41930,1765441783298321
ACK_OPENING,56723,40904,1765441783431199
ACK_OPENING,61186,56723,1765441783656601
ACK_OPENING,15259,41930,1765441783802288
ACK_OPENING,7043,40904,1765441783907346
ACK_OPENING,41128,56723,1765441784167148
ACK_OPENING,35199,41930,1765441784277502
ACK_OPENING,2661,2661,1765441784469509
ACK_OPENING,7270,40904,1765441784629187
ACK_OPENING,2466,2466,1765441784825208
ACK_OPENING,9532,56723,1765441784944103
REGISTER,33014,14281|2466|20724|18699|2661|7043|40904|51605|7270|59238|37199|41930|61186|9532|41128|35199|49360|56723|58563|15259,1765441703701536
ACK_OPENING,59238,41930,1765441784992935
ACK_OPENING,2661,20724,1765441785065818
ACK_OPENING,2661,15259,1765441785118653
ACK_OPENING,2661,41128,1765441785130314
ACK_OPENING,2661,59238,1765441785143755
ACK_OPENING,2661,7270,1765441785170441
ACK_OPENING,2661,18699,1765441785175418
ACK_OPENING,2661,61186,1765441785192378
ACK_OPENING,58563,40904,1765441785234921
ACK_OPENING,2661,14281,1765441785244786
ACK_OPENING,2661,7043,1765441785252140
ACK_OPENING,2661,58563,1765441785256797
ACK_OPENING,2661,9532,1765441785280660
ACK_OPENING,2661,49360,1765441785282924
ACK_OPENING,2466,2661,1765441785286175
ACK_OPENING,2661,35199,1765441785296601
ACK_OPENING,2661,37199,1765441785299960
ACK_OPENING,2661,51605,1765441785301007
ACK_OPENING,37199,2466,1765441785424405
ACK_OPENING,58563,41930,1765441785543844
ACK_OPENING,2466,56723,1765441785584196
ACK_OPENING,2466,20724,1765441785679884
ACK_OPENING,2466,41128,1765441785705378
ACK_OPENING,2466,59238,1765441785728114
ACK_OPENING,2466,15259,1765441785737847
ACK_OPENING,2466,58563,1765441785774061
ACK_OPENING,2466,18699,1765441785792699
ACK_OPENING,2466,7270,1765441785804828
ACK_OPENING,2466,61186,1765441785808639
ACK_OPENING,2466,51605,1765441785834633
ACK_OPENING,2466,14281,1765441785859969
ACK_OPENING,2661,40904,1765441785865023
READY,40904,1765441785865015
ACK_OPENING,2466,9532,1765441785886109
ACK_OPENING,2466,49360,1765441785905291
ACK_OPENING,2466,35199,1765441785912913
ACK_OPENING,58563,2466,1765441785961062
ACK_OPENING,2466,7043,1765441786040379
ACK_OPENING,2661,41930,1765441786067476
ACK_OPENING,2466,37199,1765441786160245
ACK_OPENING,2661,40904,1765441786461802
ACK_OPENING,14281,2466,1765441786462924
ACK_OPENING,2661,56723,1765441786474949
ACK_OPENING,2466,41930,1765441786580802
ACK_OPENING,9532,2466,1765441786934074
ACK_OPENING,7270,41930,1765441787064000
ACK_OPENING,2466,40904,1765441787110475
ACK_OPENING,51605,56723,1765441787140864
ACK_OPENING,7043,2466,1765441787406712
ACK_OPENING,49360,41930,1765441787545236
ACK_OPENING,40904,56723,1765441787808988
ACK_OPENING,61186,2466,1765441787878606
READY,41930,1765441788030018
ACK_OPENING,14281,41930,1765441788030053
ACK_OPENING,51605,2466,1765441788355813
ACK_OPENING,59238,56723,1765441788427207
ACK_OPENING,41128,41930,1765441788522685
ACK_OPENING,18699,2466,1765441788864658
REGISTER,65464,33014|51605|7270|2661|7043|40904|61186|9532|59238|37199|41930|56723|58563|15259|41128|35199|49360|20724|18699|14281|2466,1765441704120634
ACK_OPENING,7270,56723,1765441789171589
ACK_OPENING,33014,33014,1765441789214762
ACK_OPENING,59238,2466,1765441789436761
ACK_OPENING,33014,51605,1765441789577593
ACK_OPENING,33014,2661,1765441789581211
ACK_OPENING,33014,20724,1765441789607375
ACK_OPENING,33014,7043,1765441789619364
ACK_OPENING,33014,35199,1765441789629845
ACK_OPENING,33014,41128,1765441789641622
ACK_OPENING,33014,9532,1765441789641772
ACK_OPENING,33014,14281,1765441789651005
ACK_OPENING,33014,7270,1765441789651704
ACK_OPENING,33014,59238,1765441789695889
ACK_OPENING,58563,56723,1765441789713749
ACK_OPENING,33014,37199,1765441789722672
ACK_OPENING,33014,41930,1765441789739612
ACK_OPENING,33014,49360,1765441789775123
ACK_OPENING,58563,33014,1765441789804854
ACK_OPENING,33014,40904,1765441789830001
ACK_OPENING,33014,61186,1765441789857034
ACK_OPENING,33014,58563,1765441789865898
ACK_OPENING,33014,18699,1765441789887083
ACK_OPENING,33014,15259,1765441790032399
ACK_OPENING,33014,2466,1765441790069356
ACK_OPENING,37199,56723,1765441790205033
ACK_OPENING,15259,33014,1765441790402639
ACK_OPENING,20724,2466,1765441790685269
ACK_OPENING,33014,56723,1765441790841943
ACK_OPENING,20724,33014,1765441790939258
ACK_OPENING,2661,2466,1765441791300575
ACK_OPENING,33014,56723,1765441791405767
ACK_OPENING,51605,33014,1765441791480259
ACK_OPENING,41128,2466,1765441791811415
ACK_OPENING,41128,56723,1765441791922189
ACK_OPENING,61186,33014,1765441792129097
ACK_OPENING,15259,2466,1765441792408525
ACK_OPENING,41930,56723,1765441792493595
ACK_OPENING,41128,33014,1765441792746392
ACK_OPENING,40904,2466,1765441793022577
ACK_OPENING,18699,56723,1765441793024815
ACK_OPENING,59238,33014,1765441793393198
ACK_OPENING,35199,2466,1765441793715934
ACK_OPENING,65464,65464,1765441793733300
ACK_OPENING,35199,56723,1765441793768202
REGISTER,17678,49360|56723|58563|15259|41128|35199|20724|18699|14281|2466|40904|33014|65464|51605|7270|2661|7043|41930|61186|9532|59238|37199,1765441704123943
ACK_OPENING,18699,33014,1765441793948492
ACK_OPENING,65464,2661,1765441794167960
ACK_OPENING,65464,9532,1765441794216306
ACK_OPENING,65464,7043,1765441794219039
ACK_OPENING,65464,40904,1765441794227401
ACK_OPENING,65464,20724,1765441794237344
ACK_OPENING,65464,41128,1765441794241234
ACK_OPENING,14281,56723,1765441794294942
ACK_OPENING,65464,41930,1765441794298763
ACK_OPENING,65464,51605,1765441794307122
ACK_OPENING,65464,59238,1765441794314077
ACK_OPENING,59238,65464,1765441794334861
ACK_OPENING,7270,2466,1765441794343288
ACK_OPENING,65464,49360,1765441794344530
ACK_OPENING,65464,61186,1765441794345060
ACK_OPENING,65464,7270,1765441794352228
ACK_OPENING,65464,14281,1765441794374226
ACK_OPENING,65464,18699,1765441794393754
ACK_OPENING,65464,15259,1765441794407556
ACK_OPENING,65464,35199,1765441794421632
ACK_OPENING,65464,37199,1765441794424102
ACK_OPENING,65464,58563,1765441794440415
ACK_OPENING,65464,33014,1765441794484091
ACK_OPENING,49360,56723,1765441794789518
ACK_OPENING,65464,2466,1765441794959649
ACK_OPENING,58563,65464,1765441794975630
ACK_OPENING,65464,33014,1765441795205526
ACK_OPENING,15259,56723,1765441795269170
READY,56723,1765441795269205
ACK_OPENING,65464,2466,1765441795574032
ACK_OPENING,2661,56723,1765441795746233
ACK_OPENING,58563,33014,1765441795875149
ACK_OPENING,14281,65464,1765441796030000
ACK_OPENING,41930,2466,1765441796120779
ACK_OPENING,65464,56723,1765441796227762
ACK_OPENING,2661,33014,1765441796509320
ACK_OPENING,49360,2466,1765441796636245
ACK_OPENING,65464,56723,1765441796729663
ACK_OPENING,56723,65464,1765441796736477
ACK_OPENING,41128,2466,1765441797113528
ACK_OPENING,37199,33014,1765441797125918
ACK_OPENING,61186,65464,1765441797352298
ACK_OPENING,9532,33014,1765441797726717
REGISTER,25738,41930|61186|9532|59238|37199|49360|56723|17678|58563|15259|41128|35199|20724|18699|14281|2466|40904|33014|65464|51605|7270|2661|7043,1765441704137065
ACK_OPENING,20724,65464,1765441797990649
ACK_OPENING,58563,2466,1765441798073126
ACK_OPENING,17678,17678,1765441798152782
ACK_OPENING,35199,33014,1765441798282660
ACK_OPENING,17678,51605,1765441798435069
ACK_OPENING,17678,7043,1765441798456693
ACK_OPENING,17678,61186,1765441798480724
ACK_OPENING,17678,20724,1765441798480851
ACK_OPENING,17678,40904,1765441798482692
ACK_OPENING,17678,14281,1765441798493671
ACK_OPENING,17678,35199,1765441798501284
ACK_OPENING,17678,37199,1765441798524279
ACK_OPENING,17678,15259,1765441798531837
ACK_OPENING,17678,41930,1765441798534804
ACK_OPENING,17678,59238,1765441798538813
ACK_OPENING,17678,7270,1765441798541566
ACK_OPENING,17678,58563,1765441798546670
ACK_OPENING,17678,65464,1765441798548755
ACK_OPENING,17678,41128,1765441798561525
ACK_OPENING,17678,2661,1765441798576548
ACK_OPENING,17678,49360,1765441798592135
ACK_OPENING,17678,18699,1765441798683032
READY,2466,1765441798742245
ACK_OPENING,56723,2466,1765441798742263
ACK_OPENING,61186,17678,1765441798755993
ACK_OPENING,17678,56723,1765441798826628
ACK_OPENING,17678,9532,1765441798864225
ACK_OPENING,17678,65464,1765441799031579
ACK_OPENING,56723,33014,1765441799218477
ACK_OPENING,20724,17678,1765441799288452
ACK_OPENING,2661,2466,1765441799358578
ACK_OPENING,33014,65464,1765441799526669
ACK_OPENING,9532,17678,1765441799790722
ACK_OPENING,17678,33014,1765441799891588
ACK_OPENING,17678,2466,1765441799959211
ACK_OPENING,9532,65464,1765441800006335
ACK_OPENING,33014,17678,1765441800299791
ACK_OPENING,41128,65464,1765441800483910
ACK_OPENING,17678,2466,1765441800490343
ACK_OPENING,17678,33014,1765441800512675
ACK_OPENING,59238,17678,1765441800807684
ACK_OPENING,15259,65464,1765441800961926
ACK_OPENING,49360,33014,1765441801161541
ACK_OPENING,58563,17678,1765441801318715
ACK_OPENING,51605,65464,1765441801608889
ACK_OPENING,41128,33014,1765441801777293
ACK_OPENING,18699,17678,1765441801816879
ACK_OPENING,2661,65464,1765441802215168
ACK_OPENING,41128,17678,1765441802394283
ACK_OPENING,40904,33014,1765441802410233
ACK_OPENING,25738,25738,1765441802702364
REGISTER,11006,51605|7270|2661|7043|40904|33014|65464|61186|9532|59238|37199|41930|25738|58563|15259|41128|35199|49360|56723|17678|20724|18699|14281|2466,1765441704368164
ACK_OPENING,41930,65464,1765441802867271
ACK_OPENING,41930,33014,1765441802962307
ACK_OPENING,51605,17678,1765441803027611
ACK_OPENING,25738,7043,1765441803161239
ACK_OPENING,25738,7270,1765441803195311
ACK_OPENING,25738,61186,1765441803204860
ACK_OPENING,25738,35199,1765441803207801
ACK_OPENING,25738,9532,1765441803210777
ACK_OPENING,25738,14281,1765441803241259
ACK_OPENING,25738,49360,1765441803247378
ACK_OPENING,25738,51605,1765441803284100
ACK_OPENING,25738,40904,1765441803288889
ACK_OPENING,25738,41128,1765441803310709
ACK_OPENING,25738,15259,1765441803311059
ACK_OPENING,25738,20724,1765441803316565
ACK_OPENING,25738,59238,1765441803347320
ACK_OPENING,25738,37199,1765441803364444
ACK_OPENING,33014,25738,1765441803366559
ACK_OPENING,25738,56723,1765441803378011
ACK_OPENING,25738,18699,1765441803392199
ACK_OPENING,41128,65464,1765441803399078
ACK_OPENING,25738,58563,1765441803401640
ACK_OPENING,25738,2661,1765441803404518
ACK_OPENING,25738,2466,1765441803405306
ACK_OPENING,25738,41930,1765441803451592
ACK_OPENING,2466,33014,1765441803566628
ACK_OPENING,25738,17678,1765441803645017
ACK_OPENING,61186,25738,1765441803960021
ACK_OPENING,7270,65464,1765441804001326
ACK_OPENING,7270,33014,1765441804105976
ACK_OPENING,25738,17678,1765441804218053
ACK_OPENING,25738,65464,1765441804623663
ACK_OPENING,14281,33014,1765441804627023
ACK_OPENING,20724,25738,1765441804643771
ACK_OPENING,7043,33014,1765441805124885
READY,33014,1765441805124946
ACK_OPENING,37199,17678,1765441805152966
ACK_OPENING,25738,65464,1765441805237510
ACK_OPENING,7043,25738,1765441805304705
ACK_OPENING,25738,33014,1765441805769318
ACK_OPENING,65464,17678,1765441805824227
ACK_OPENING,58563,65464,1765441805849141
ACK_OPENING,41128,25738,1765441805922447
ACK_OPENING,25738,33014,1765441806378199
ACK_OPENING,40904,17678,1765441806442424
ACK_OPENING,37199,65464,1765441806509621
ACK_OPENING,35199,25738,1765441806601460
ACK_OPENING,11006,11006,1765441806987982
ACK_OPENING,2661,33014,1765441807007799
REGISTER,2879,2466|20724|18699|14281|7043|40904|33014|65464|51605|7270|2661|37199|41930|25738|11006|61186|9532|59238|35199|49360|56723|17678|58563|15259|41128,1765441704560895
ACK_OPENING,35199,65464,1765441807103473
ACK_OPENING,14281,17678,1765441807185955
ACK_OPENING,58563,25738,1765441807240441
ACK_OPENING,11006,2661,1765441807408400
ACK_OPENING,11006,18699,1765441807412013
ACK_OPENING,11006,59238,1765441807416985
ACK_OPENING,11006,35199,1765441807421063
ACK_OPENING,11006,41930,1765441807428202
ACK_OPENING,11006,15259,1765441807437456
ACK_OPENING,11006,49360,1765441807439237
ACK_OPENING,11006,61186,1765441807444797
ACK_OPENING,11006,14281,1765441807455246
ACK_OPENING,11006,58563,1765441807461062
ACK_OPENING,11006,56723,1765441807466810
ACK_OPENING,11006,20724,1765441807471733
ACK_OPENING,11006,7270,1765441807476800
ACK_OPENING,11006,9532,1765441807493500
ACK_OPENING,11006,51605,1765441807512957
ACK_OPENING,11006,2466,1765441807531770
ACK_OPENING,11006,40904,1765441807538460
ACK_OPENING,11006,7043,1765441807544463
ACK_OPENING,11006,41128,1765441807562165
ACK_OPENING,11006,37199,1765441807568643
ACK_OPENING,37199,11006,1765441807592165
ACK_OPENING,11006,33014,1765441807620390
ACK_OPENING,49360,65464,1765441807636431
ACK_OPENING,15259,17678,1765441807804098
ACK_OPENING,11006,25738,1765441807825593
ACK_OPENING,20724,11006,1765441808206672
ACK_OPENING,18699,65464,1765441808400197
ACK_OPENING,49360,17678,1765441808402712
ACK_OPENING,7270,25738,1765441808480682
ACK_OPENING,65464,11006,1765441808806636
ACK_OPENING,11006,17678,1765441808904854
ACK_OPENING,7043,65464,1765441809015131
ACK_OPENING,37199,25738,1765441809097298
ACK_OPENING,15259,11006,1765441809331000
ACK_OPENING,41930,17678,1765441809399767
ACK_OPENING,40904,65464,1765441809630924
ACK_OPENING,18699,25738,1765441809724054
ACK_OPENING,7270,11006,1765441809813705
ACK_OPENING,7043,17678,1765441810047765
ACK_OPENING,56723,11006,1765441810312616
ACK_OPENING,14281,25738,1765441810344869
ACK_OPENING,11006,65464,1765441810381967
ACK_OPENING,2466,2466,1765441810590130
ACK_OPENING,2661,17678,1765441810825200
ACK_OPENING,2879,2879,1765441810872843
ACK_OPENING,2661,25738,1765441810989558
REGISTER,34260,18699|14281|2466|2879|20724|7270|2661|7043|40904|33014|65464|51605|9532|59238|37199|41930|25738|11006|61186|15259|41128|35199|49360|56723|17678|58563,1765441704580922
READY,65464,1765441811191064
ACK_OPENING,2466,65464,1765441811191197
ACK_OPENING,2466,2661,1765441811219943
ACK_OPENING,2466,41930,1765441811224531
ACK_OPENING,40904,11006,1765441811241917
ACK_OPENING,2466,7043,1765441811247179
ACK_OPENING,2466,59238,1765441811254080
ACK_OPENING,2466,41128,1765441811268590
ACK_OPENING,2466,33014,1765441811274329
ACK_OPENING,2466,14281,1765441811287751
ACK_OPENING,2466,61186,1765441811309541
ACK_OPENING,2466,40904,1765441811318794
ACK_OPENING,2466,18699,1765441811318927
ACK_OPENING,2466,49360,1765441811328172
ACK_OPENING,2466,58563,1765441811331881
ACK_OPENING,2466,37199,1765441811338721
ACK_OPENING,2466,56723,1765441811338979
ACK_OPENING,2466,20724,1765441811339443
ACK_OPENING,2466,35199,1765441811341604
ACK_OPENING,2466,15259,1765441811345622
ACK_OPENING,2466,9532,1765441811348858
ACK_OPENING,2661,2466,1765441811352334
ACK_OPENING,2466,51605,1765441811353570
ACK_OPENING,41128,17678,1765441811425064
ACK_OPENING,33014,2879,1765441811460800
ACK_OPENING,2466,7270,1765441811501501
ACK_OPENING,40904,25738,1765441811685843
ACK_OPENING,2661,65464,1765441811751005
ACK_OPENING,2879,41930,1765441811781246
ACK_OPENING,2879,7043,1765441811800956
ACK_OPENING,2879,2661,1765441811826597
ACK_OPENING,2661,2661,1765441811838646
ACK_OPENING,2466,11006,1765441811859868
ACK_OPENING,2879,61186,1765441811862142
ACK_OPENING,2879,41128,1765441811870301
ACK_OPENING,2879,59238,1765441811876504
ACK_OPENING,2879,18699,1765441811885478
ACK_OPENING,2879,35199,1765441811896106
ACK_OPENING,2879,15259,1765441811903395
ACK_OPENING,2879,37199,1765441811907653
ACK_OPENING,2879,14281,1765441811908625
ACK_OPENING,2879,20724,1765441811928228
ACK_OPENING,2879,58563,1765441811942776
ACK_OPENING,2879,40904,1765441811944814
ACK_OPENING,2879,49360,1765441811945225
ACK_OPENING,2879,56723,1765441811953858
ACK_OPENING,2879,9532,1765441811964457
ACK_OPENING,2879,51605,1765441811972119
ACK_OPENING,58563,17678,1765441811985247
ACK_OPENING,2879,33014,1765441811997413
ACK_OPENING,2879,2466,1765441812004898
ACK_OPENING,9532,2879,1765441812077549
ACK_OPENING,2466,25738,1765441812323935
ACK_OPENING,2661,41930,1765441812344459
ACK_OPENING,2879,7270,1765441812346303
ACK_OPENING,2661,7043,1765441812402700
ACK_OPENING,2661,61186,1765441812431320
ACK_OPENING,2661,35199,1765441812441667
ACK_OPENING,2879,11006,1765441812442535
ACK_OPENING,2661,15259,1765441812461510
ACK_OPENING,2661,41128,1765441812500757
ACK_OPENING,2661,37199,1765441812517308
ACK_OPENING,2661,59238,1765441812529546
ACK_OPENING,2661,49360,1765441812541437
ACK_OPENING,2661,40904,1765441812541611
ACK_OPENING,2661,18699,1765441812543922
ACK_OPENING,2661,20724,1765441812544197
ACK_OPENING,2661,51605,1765441812551156
ACK_OPENING,2661,58563,1765441812554150
ACK_OPENING,35199,17678,1765441812555054
ACK_OPENING,2661,56723,1765441812569940
ACK_OPENING,2661,9532,1765441812580168
ACK_OPENING,2661,14281,1765441812642356
ACK_OPENING,2661,33014,1765441812652991
ACK_OPENING,61186,2879,1765441812700896
ACK_OPENING,2466,65464,1765441812743965
ACK_OPENING,2661,11006,1765441812954536
ACK_OPENING,2661,7270,1765441812964526
ACK_OPENING,2879,25738,1765441813016511
ACK_OPENING,2466,17678,1765441813077359
ACK_OPENING,20724,2879,1765441813254781
ACK_OPENING,2879,65464,1765441813430471
ACK_OPENING,18699,11006,1765441813434277
ACK_OPENING,2879,17678,1765441813582624
ACK_OPENING,2661,25738,1765441813632543
ACK_OPENING,11006,2879,1765441813776994
ACK_OPENING,41128,11006,1765441813917731
ACK_OPENING,2661,65464,1765441814047170
ACK_OPENING,2661,17678,1765441814184598
ACK_OPENING,2661,25738,1765441814249710
ACK_OPENING,49360,2879,1765441814290031
ACK_OPENING,7043,11006,1765441814563963
ACK_OPENING,2661,17678,1765441814799977
ACK_OPENING,15259,25738,1765441814806399
ACK_OPENING,35199,2879,1765441814878335
ACK_OPENING,2466,11006,1765441815241819
ACK_OPENING,41930,25738,1765441815470715
REGISTER,18418,37199|41930|25738|17678|58563|41128|35199|49360|14281|2466|2661|61186|9532|59238|11006|56723|15259|20724|18699|2879|65464|34260|51605|7270|7043|40904|33014,1765441704743789
ACK_OPENING,34260,34260,1765441815585646
ACK_OPENING,7270,17678,1765441815630322
ACK_OPENING,2661,2879,1765441815709899
ACK_OPENING,51605,11006,1765441815841355
ACK_OPENING,34260,7043,1765441815980051
ACK_OPENING,34260,40904,1765441815992011
ACK_OPENING,34260,15259,1765441815996823
ACK_OPENING,34260,41930,1765441815997848
ACK_OPENING,34260,61186,1765441815999283
ACK_OPENING,34260,65464,1765441816018418
ACK_OPENING,34260,59238,1765441816023169
ACK_OPENING,34260,51605,1765441816039329
ACK_OPENING,34260,20724,1765441816066686
ACK_OPENING,34260,18699,1765441816092132
ACK_OPENING,34260,58563,1765441816102747
ACK_OPENING,34260,35199,1765441816104194
ACK_OPENING,34260,2661,1765441816107604
ACK_OPENING,34260,37199,1765441816113300
ACK_OPENING,59238,25738,1765441816162651
ACK_OPENING,56723,17678,1765441816181849
READY,17678,1765441816181874
ACK_OPENING,34260,33014,1765441816202628
ACK_OPENING,34260,56723,1765441816203958
ACK_OPENING,34260,49360,1765441816212686
ACK_OPENING,34260,2466,1765441816212744
ACK_OPENING,34260,41128,1765441816230718
ACK_OPENING,59238,34260,1765441816236946
ACK_OPENING,34260,9532,1765441816308113
ACK_OPENING,34260,7270,1765441816353662
ACK_OPENING,34260,14281,1765441816419841
ACK_OPENING,35199,11006,1765441816464399
ACK_OPENING,34260,2879,1765441816469998
ACK_OPENING,58563,25738,1765441816669192
ACK_OPENING,2466,17678,1765441816697120
ACK_OPENING,17678,34260,1765441816860749
ACK_OPENING,17678,11006,1765441817059442
ACK_OPENING,17678,2879,1765441817085721
ACK_OPENING,49360,25738,1765441817165359
ACK_OPENING,34260,17678,1765441817217908
ACK_OPENING,56723,34260,1765441817413070
ACK_OPENING,2661,11006,1765441817538588
ACK_OPENING,41128,2879,1765441817711673
ACK_OPENING,9532,25738,1765441817811219
ACK_OPENING,51605,34260,1765441817930246
ACK_OPENING,34260,11006,1765441818021645
ACK_OPENING,15259,2879,1765441818293113
ACK_OPENING,34260,25738,1765441818323449
ACK_OPENING,41930,34260,1765441818436102
ACK_OPENING,49360,11006,1765441818509724
ACK_OPENING,37199,2879,1765441818811813
ACK_OPENING,56723,25738,1765441818816245
ACK_OPENING,25738,34260,1765441818948620
ACK_OPENING,61186,11006,1765441818983702
ACK_OPENING,2466,25738,1765441819295191
ACK_OPENING,56723,2879,1765441819310017
ACK_OPENING,2661,11006,1765441819468952
ACK_OPENING,41128,34260,1765441819640829
ACK_OPENING,17678,17678,1765441819770366
ACK_OPENING,41128,25738,1765441819950000
ACK_OPENING,18699,2879,1765441819993202
REGISTER,62687,14281|2466|2661|61186|9532|59238|11006|15259|56723|20724|18699|2879|65464|34260|18418|51605|7270|7043|40904|33014|37199|41930|25738|58563|41128|35199|49360|17678,1765441704927094
ACK_OPENING,14281,11006,1765441820156412
ACK_OPENING,61186,34260,1765441820248181
ACK_OPENING,18418,18418,1765441820277116
ACK_OPENING,18418,17678,1765441820404210
ACK_OPENING,17678,9532,1765441820409875
ACK_OPENING,17678,40904,1765441820422765
ACK_OPENING,17678,7270,1765441820423517
ACK_OPENING,17678,65464,1765441820425361
ACK_OPENING,17678,33014,1765441820427381
ACK_OPENING,17678,2466,1765441820435716
ACK_OPENING,17678,2661,1765441820438274
ACK_OPENING,17678,37199,1765441820443736
ACK_OPENING,17678,35199,1765441820450722
ACK_OPENING,17678,51605,1765441820454562
ACK_OPENING,17678,61186,1765441820456934
ACK_OPENING,17678,15259,1765441820457186
ACK_OPENING,17678,14281,1765441820461056
ACK_OPENING,17678,56723,1765441820461282
ACK_OPENING,17678,41128,1765441820467713
ACK_OPENING,17678,41930,1765441820474568
ACK_OPENING,17678,59238,1765441820478772
ACK_OPENING,17678,7043,1765441820485252
ACK_OPENING,17678,49360,1765441820492234
ACK_OPENING,17678,18699,1765441820501139
ACK_OPENING,17678,20724,1765441820505599
ACK_OPENING,51605,25738,1765441820512209
ACK_OPENING,7270,2879,1765441820590401
ACK_OPENING,17678,58563,1765441820626507
ACK_OPENING,41930,11006,1765441820803414
ACK_OPENING,18418,34260,1765441820870103
ACK_OPENING,40904,18418,1765441820880663
ACK_OPENING,18418,7270,1765441820974125
ACK_OPENING,18418,40904,1765441820977254
ACK_OPENING,18418,65464,1765441820983254
ACK_OPENING,18418,2661,1765441820985024
ACK_OPENING,18418,35199,1765441821000408
ACK_OPENING,18418,61186,1765441821027730
ACK_OPENING,18418,9532,1765441821028460
ACK_OPENING,18418,37199,1765441821030195
ACK_OPENING,18418,41930,1765441821042415
ACK_OPENING,18418,33014,1765441821046345
ACK_OPENING,18418,49360,1765441821053395
ACK_OPENING,65464,25738,1765441821055906
ACK_OPENING,18418,51605,1765441821070346
ACK_OPENING,18418,2466,1765441821071667
ACK_OPENING,18418,15259,1765441821072488
ACK_OPENING,18418,56723,1765441821075969
ACK_OPENING,18418,59238,1765441821097719
ACK_OPENING,18418,7043,1765441821102592
ACK_OPENING,18418,18699,1765441821116887
ACK_OPENING,18418,20724,1765441821120906
ACK_OPENING,18418,41128,1765441821153548
ACK_OPENING,18418,2879,1765441821176233
ACK_OPENING,18418,14281,1765441821224433
ACK_OPENING,18418,58563,1765441821241830
ACK_OPENING,41128,11006,1765441821388400
ACK_OPENING,37199,18418,1765441821440851
ACK_OPENING,17678,34260,1765441821489989
ACK_OPENING,17678,25738,1765441821549087
READY,25738,1765441821549076
ACK_OPENING,17678,2879,1765441821694297
ACK_OPENING,58563,11006,1765441821906024
ACK_OPENING,18418,25738,1765441822026628
ACK_OPENING,41128,18418,1765441822089582
ACK_OPENING,41128,34260,1765441822105168
ACK_OPENING,65464,2879,1765441822182050
ACK_OPENING,9532,11006,1765441822396514
ACK_OPENING,14281,2879,1765441822691092
ACK_OPENING,65464,18418,1765441822696803
ACK_OPENING,58563,34260,1765441822728980
ACK_OPENING,17678,25738,1765441822771737
ACK_OPENING,18418,11006,1765441822877139
ACK_OPENING,25738,2879,1765441823198355
ACK_OPENING,7270,34260,1765441823298837
ACK_OPENING,41930,18418,1765441823322371
ACK_OPENING,17678,11006,1765441823345307
ACK_OPENING,40904,2879,1765441823693410
ACK_OPENING,59238,11006,1765441823811370
ACK_OPENING,2466,34260,1765441823829817
ACK_OPENING,7043,2879,1765441824192410
ACK_OPENING,59238,18418,1765441824288206
ACK_OPENING,58563,11006,1765441824612392
ACK_OPENING,49360,34260,1765441824789525
REGISTER,41764,58563|41128|35199|49360|17678|14281|2466|2661|61186|9532|59238|11006|15259|56723|20724|18699|2879|62687|34260|18418|51605|7270|7043|40904|33014|65464|37199|41930|25738,1765441704965963
ACK_OPENING,62687,62687,1765441824823007
ACK_OPENING,62687,2661,1765441825053422
ACK_OPENING,41930,2879,1765441825068341
ACK_OPENING,62687,2466,1765441825092619
ACK_OPENING,62687,35199,1765441825127907
ACK_OPENING,51605,18418,1765441825137636
ACK_OPENING,62687,41128,1765441825145612
ACK_OPENING,62687,25738,1765441825178189
ACK_OPENING,62687,49360,1765441825195404
ACK_OPENING,62687,56723,1765441825200998
ACK_OPENING,62687,61186,1765441825205228
ACK_OPENING,62687,7270,1765441825214634
ACK_OPENING,62687,59238,1765441825221142
ACK_OPENING,62687,9532,1765441825231486
ACK_OPENING,33014,11006,1765441825232357
ACK_OPENING,62687,65464,1765441825238554
ACK_OPENING,62687,20724,1765441825241526
ACK_OPENING,62687,51605,1765441825263488
ACK_OPENING,62687,37199,1765441825288714
ACK_OPENING,62687,33014,1765441825337486
ACK_OPENING,62687,41930,1765441825342853
ACK_OPENING,62687,17678,1765441825369238
ACK_OPENING,11006,34260,1765441825388057
ACK_OPENING,62687,58563,1765441825396392
ACK_OPENING,62687,18699,1765441825411047
ACK_OPENING,62687,14281,1765441825442249
ACK_OPENING,20724,62687,1765441825471447
ACK_OPENING,62687,7043,1765441825475575
ACK_OPENING,62687,15259,1765441825495166
ACK_OPENING,62687,40904,1765441825591726
ACK_OPENING,41128,2879,1765441825723901
ACK_OPENING,62687,18418,1765441825795041
READY,11006,1765441825848297
ACK_OPENING,25738,11006,1765441825848342
ACK_OPENING,33014,34260,1765441825944476
ACK_OPENING,7043,62687,1765441826091310
ACK_OPENING,51605,2879,1765441826346368
ACK_OPENING,41128,18418,1765441826411759
ACK_OPENING,62687,11006,1765441826435656
ACK_OPENING,62687,34260,1765441826573243
ACK_OPENING,49360,62687,1765441826700659
ACK_OPENING,58563,2879,1765441826970592
ACK_OPENING,56723,18418,1765441827007008
ACK_OPENING,7043,34260,1765441827219719
ACK_OPENING,9532,62687,1765441827324417
ACK_OPENING,2661,18418,1765441827531427
ACK_OPENING,62687,2879,1765441827620107
ACK_OPENING,20724,34260,1765441827784617
ACK_OPENING,40904,62687,1765441827935985
ACK_OPENING,61186,18418,1765441828021561
ACK_OPENING,2466,2879,1765441828239271
ACK_OPENING,65464,34260,1765441828401222
ACK_OPENING,61186,62687,1765441828533934
ACK_OPENING,41930,41930,1765441828674842
ACK_OPENING,11006,18418,1765441828690722
ACK_OPENING,41930,41930,1765441828694846
ACK_OPENING,59238,2879,1765441829043971
READY,2879,1765441829043952
REGISTER,14876,18418|51605|7270|7043|40904|33014|65464|34260|37199|41930|25738|58563|41128|35199|49360|17678|14281|2466|2661|41764|61186|9532|59238|11006|15259|56723|20724|18699|2879|62687,1765441705232576
ACK_OPENING,41930,51605,1765441829245165
ACK_OPENING,2661,34260,1765441829247172
ACK_OPENING,17678,18418,1765441829271211
ACK_OPENING,41930,35199,1765441829283779
ACK_OPENING,41930,2466,1765441829284597
ACK_OPENING,41764,41764,1765441829350262
ACK_OPENING,41930,7043,1765441829362562
ACK_OPENING,41930,37199,1765441829364814
ACK_OPENING,41930,2661,1765441829368254
ACK_OPENING,41930,40904,1765441829369355
ACK_OPENING,41930,17678,1765441829372795
ACK_OPENING,41930,49360,1765441829389207
ACK_OPENING,41930,41128,1765441829391448
ACK_OPENING,41930,18699,1765441829398328
ACK_OPENING,41930,15259,1765441829399723
ACK_OPENING,41930,11006,1765441829404398
ACK_OPENING,35199,62687,1765441829407611
ACK_OPENING,41930,7270,1765441829414556
ACK_OPENING,41930,56723,1765441829416514
ACK_OPENING,41930,59238,1765441829422972
ACK_OPENING,41930,61186,1765441829429572
ACK_OPENING,41930,65464,1765441829431814
ACK_OPENING,41930,20724,1765441829432218
ACK_OPENING,41930,58563,1765441829435545
ACK_OPENING,41930,9532,1765441829447115
ACK_OPENING,41128,41930,1765441829454859
ACK_OPENING,41930,33014,1765441829456425
ACK_OPENING,41930,25738,1765441829468515
ACK_OPENING,41930,14281,1765441829501063
ACK_OPENING,58563,2879,1765441829602157
ACK_OPENING,41930,51605,1765441829845188
ACK_OPENING,41930,35199,1765441829863120
ACK_OPENING,41930,18418,1765441829868847
ACK_OPENING,41930,2466,1765441829901799
ACK_OPENING,2661,34260,1765441829903723
ACK_OPENING,41930,2661,1765441829944396
ACK_OPENING,41930,17678,1765441829968622
ACK_OPENING,7270,41764,1765441829968874
ACK_OPENING,41930,7043,1765441829973166
ACK_OPENING,41930,18699,1765441829974007
ACK_OPENING,41930,37199,1765441829991316
ACK_OPENING,41930,40904,1765441829991683
ACK_OPENING,41930,49360,1765441829992899
ACK_OPENING,41930,41128,1765441830006036
ACK_OPENING,41128,41128,1765441830011713
ACK_OPENING,41128,41128,1765441830017473
ACK_OPENING,41930,15259,1765441830020113
ACK_OPENING,41128,41930,1765441830021545
ACK_OPENING,41930,11006,1765441830022215
ACK_OPENING,41930,33014,1765441830027858
ACK_OPENING,41930,7270,1765441830034599
ACK_OPENING,41930,62687,1765441830036750
ACK_OPENING,41930,61186,1765441830042745
ACK_OPENING,41930,9532,1765441830043470
ACK_OPENING,41930,59238,1765441830046761
ACK_OPENING,41930,65464,1765441830051825
ACK_OPENING,41930,58563,1765441830056178
ACK_OPENING,41930,56723,1765441830057767
ACK_OPENING,41930,25738,1765441830087025
ACK_OPENING,41930,20724,1765441830108901
ACK_OPENING,41930,14281,1765441830119799
ACK_OPENING,2661,2879,1765441830162693
ACK_OPENING,41930,18418,1765441830482990
ACK_OPENING,41128,35199,1765441830509877
ACK_OPENING,41128,2466,1765441830522074
ACK_OPENING,37199,34260,1765441830525841
ACK_OPENING,41128,2661,1765441830534931
ACK_OPENING,41128,17678,1765441830574191
ACK_OPENING,41128,40904,1765441830578580
ACK_OPENING,41764,41930,1765441830580913
ACK_OPENING,41764,41128,1765441830582482
ACK_OPENING,41128,37199,1765441830583020
ACK_OPENING,41128,33014,1765441830588697
ACK_OPENING,41128,7043,1765441830591091
ACK_OPENING,11006,41764,1765441830594429
ACK_OPENING,41128,9532,1765441830596438
ACK_OPENING,41128,49360,1765441830622860
ACK_OPENING,41128,15259,1765441830636523
ACK_OPENING,41128,65464,1765441830637777
ACK_OPENING,41128,59238,1765441830640803
ACK_OPENING,41128,58563,1765441830640847
ACK_OPENING,41930,62687,1765441830646200
ACK_OPENING,41128,18699,1765441830652003
ACK_OPENING,41128,61186,1765441830660278
ACK_OPENING,41128,7270,1765441830677347
ACK_OPENING,41128,25738,1765441830678624
ACK_OPENING,41128,11006,1765441830682911
ACK_OPENING,2466,2879,1765441830724126
ACK_OPENING,41128,20724,1765441830726127
ACK_OPENING,41128,56723,1765441830787612
ACK_OPENING,41128,51605,1765441830819505
ACK_OPENING,41128,14281,1765441831032833
ACK_OPENING,41128,2661,1765441831088578
ACK_OPENING,41128,2466,1765441831094319
ACK_OPENING,14281,18418,1765441831097819
ACK_OPENING,41128,35199,1765441831128574
ACK_OPENING,41128,17678,1765441831138536
ACK_OPENING,41128,33014,1765441831145330
ACK_OPENING,41128,9532,1765441831148288
ACK_OPENING,41764,41128,1765441831154298
ACK_OPENING,14281,34260,1765441831161417
ACK_OPENING,41128,37199,1765441831167711
ACK_OPENING,41128,7043,1765441831178025
ACK_OPENING,51605,41764,1765441831193081
ACK_OPENING,41128,40904,1765441831196254
ACK_OPENING,41128,65464,1765441831200681
ACK_OPENING,41128,59238,1765441831212087
ACK_OPENING,41128,15259,1765441831226068
ACK_OPENING,41764,41930,1765441831234273
ACK_OPENING,41764,49360,1765441831240136
ACK_OPENING,41128,61186,1765441831240270
ACK_OPENING,41128,18699,1765441831245280
ACK_OPENING,41128,58563,1765441831256744
ACK_OPENING,41128,62687,1765441831270367
ACK_OPENING,41128,25738,1765441831284265
ACK_OPENING,2661,2879,1765441831288729
ACK_OPENING,41128,7270,1765441831295966
ACK_OPENING,41128,11006,1765441831332131
ACK_OPENING,41128,20724,1765441831354476
ACK_OPENING,41128,51605,1765441831393733
ACK_OPENING,41128,56723,1765441831398643
ACK_OPENING,41764,2466,1765441831650709
ACK_OPENING,41128,18418,1765441831679459
ACK_OPENING,41764,2661,1765441831698592
ACK_OPENING,41764,33014,1765441831701458
ACK_OPENING,41764,17678,1765441831701540
ACK_OPENING,41764,35199,1765441831712829
ACK_OPENING,41128,14281,1765441831716688
ACK_OPENING,41764,9532,1765441831726016
ACK_OPENING,41764,7043,1765441831730212
ACK_OPENING,15259,41764,1765441831745316
ACK_OPENING,41930,34260,1765441831746563
ACK_OPENING,41764,37199,1765441831748243
ACK_OPENING,41764,65464,1765441831759561
ACK_OPENING,41764,61186,1765441831794205
ACK_OPENING,41764,59238,1765441831799758
ACK_OPENING,41764,15259,1765441831821810
ACK_OPENING,41764,40904,1765441831838083
ACK_OPENING,41764,25738,1765441831843578
ACK_OPENING,41930,2879,1765441831849760
ACK_OPENING,41764,18699,1765441831861488
ACK_OPENING,41764,58563,1765441831867008
ACK_OPENING,41764,7270,1765441831918812
ACK_OPENING,41764,51605,1765441831941231
ACK_OPENING,41764,62687,1765441831946030
ACK_OPENING,41764,56723,1765441831954378
ACK_OPENING,41764,20724,1765441831968760
ACK_OPENING,41764,11006,1765441831981193
ACK_OPENING,41128,49360,1765441832064395
ACK_OPENING,41128,18418,1765441832242669
ACK_OPENING,41764,33014,1765441832258701
ACK_OPENING,41764,17678,1765441832263312
ACK_OPENING,41764,7043,1765441832284787
ACK_OPENING,41764,14281,1765441832295674
ACK_OPENING,41764,37199,1765441832308071
ACK_OPENING,37199,41764,1765441832308110
ACK_OPENING,41764,2661,1765441832313290
ACK_OPENING,41764,35199,1765441832316888
ACK_OPENING,41764,65464,1765441832323514
ACK_OPENING,41764,9532,1765441832331142
ACK_OPENING,41930,34260,1765441832334752
ACK_OPENING,41764,61186,1765441832347897
ACK_OPENING,41764,15259,1765441832391602
ACK_OPENING,41764,25738,1765441832403644
ACK_OPENING,41764,59238,1765441832404971
ACK_OPENING,41930,2879,1765441832409215
ACK_OPENING,41764,58563,1765441832421508
ACK_OPENING,41764,2466,1765441832431984
ACK_OPENING,41764,40904,1765441832461563
ACK_OPENING,41764,18699,1765441832461959
ACK_OPENING,41764,51605,1765441832485127
ACK_OPENING,41764,56723,1765441832506839
ACK_OPENING,41764,7270,1765441832538475
ACK_OPENING,41128,62687,1765441832585158
ACK_OPENING,41764,11006,1765441832596722
ACK_OPENING,41764,20724,1765441832660832
ACK_OPENING,41764,49360,1765441832717456
ACK_OPENING,41764,18418,1765441832819396
ACK_OPENING,41128,34260,1765441832901902
ACK_OPENING,41764,14281,1765441832903194
ACK_OPENING,34260,41764,1765441832905601
ACK_OPENING,41128,2879,1765441832973776
ACK_OPENING,15259,15259,1765441833007240
ACK_OPENING,15259,15259,1765441833016178
ACK_OPENING,41764,62687,1765441833413457
ACK_OPENING,14876,14876,1765441833470683
REGISTER,32939,59238|11006|61186|9532|15259|56723|2879|62687|14876|20724|18699|7043|40904|33014|65464|34260|18418|51605|7270|25738|37199|41930|35199|49360|17678|58563|41128|14281|2466|2661|41764,1765441705308636
ACK_OPENING,15259,7043,1765441833632432
ACK_OPENING,15259,17678,1765441833640986
ACK_OPENING,15259,49360,1765441833643073
ACK_OPENING,15259,65464,1765441833653310
ACK_OPENING,41764,18418,1765441833682460
ACK_OPENING,15259,2466,1765441833727439
ACK_OPENING,15259,14281,1765441833731703
ACK_OPENING,15259,61186,1765441833753236
ACK_OPENING,15259,58563,1765441833762833
ACK_OPENING,15259,18699,1765441833763354
ACK_OPENING,15259,37199,1765441833779397
ACK_OPENING,41764,2879,1765441833789446
ACK_OPENING,65464,41764,1765441833791193
ACK_OPENING,15259,7270,1765441833791639
ACK_OPENING,15259,41128,1765441833796504
ACK_OPENING,15259,2661,1765441833799491
ACK_OPENING,15259,9532,1765441833820415
ACK_OPENING,15259,35199,1765441833823818
ACK_OPENING,15259,56723,1765441833831206
ACK_OPENING,15259,33014,1765441833835171
ACK_OPENING,15259,51605,1765441833841053
ACK_OPENING,15259,40904,1765441833842141
ACK_OPENING,15259,25738,1765441833842825
ACK_OPENING,41764,34260,1765441833843206
ACK_OPENING,15259,59238,1765441833845921
ACK_OPENING,15259,20724,1765441833851004
ACK_OPENING,15259,41930,1765441833870870
ACK_OPENING,15259,11006,1765441833886357
ACK_OPENING,2661,62687,1765441833998242
ACK_OPENING,14876,15259,1765441834072311
ACK_OPENING,41930,14876,1765441834106936
ACK_OPENING,15259,7043,1765441834210294
ACK_OPENING,15259,17678,1765441834262216
ACK_OPENING,15259,49360,1765441834264629
ACK_OPENING,15259,65464,1765441834269887
ACK_OPENING,15259,14281,1765441834308738
ACK_OPENING,2466,18418,1765441834318499
ACK_OPENING,15259,61186,1765441834334471
ACK_OPENING,15259,37199,1765441834336208
ACK_OPENING,15259,18699,1765441834344346
ACK_OPENING,15259,58563,1765441834346860
ACK_OPENING,15259,2466,1765441834379834
ACK_OPENING,15259,35199,1765441834381106
ACK_OPENING,41128,2879,1765441834396281
ACK_OPENING,15259,51605,1765441834396593
ACK_OPENING,15259,7270,1765441834408468
ACK_OPENING,15259,2661,1765441834414245
ACK_OPENING,15259,41128,1765441834415269
ACK_OPENING,15259,40904,1765441834436388
ACK_OPENING,15259,41764,1765441834437253
ACK_OPENING,15259,9532,1765441834438502
ACK_OPENING,15259,41930,1765441834448283
ACK_OPENING,15259,56723,1765441834450289
ACK_OPENING,15259,33014,1765441834456243
ACK_OPENING,15259,25738,1765441834456720
ACK_OPENING,15259,59238,1765441834463605
ACK_OPENING,15259,11006,1765441834466645
ACK_OPENING,41128,34260,1765441834467362
ACK_OPENING,15259,20724,1765441834486997
ACK_OPENING,41930,62687,1765441834580828
ACK_OPENING,33014,14876,1765441834730563
ACK_OPENING,14876,7043,1765441834778745
ACK_OPENING,14876,14281,1765441834864610
ACK_OPENING,14876,17678,1765441834875244
ACK_OPENING,14876,65464,1765441834885476
ACK_OPENING,14876,37199,1765441834893841
ACK_OPENING,14876,49360,1765441834899610
ACK_OPENING,58563,18418,1765441834900810
ACK_OPENING,14876,58563,1765441834907725
ACK_OPENING,14876,18699,1765441834935407
ACK_OPENING,14876,51605,1765441834948681
ACK_OPENING,41764,2879,1765441834954810
ACK_OPENING,14876,35199,1765441834962774
ACK_OPENING,14876,2466,1765441834972295
ACK_OPENING,14876,7270,1765441834998898
ACK_OPENING,14876,41128,1765441835018922
ACK_OPENING,14876,41930,1765441835020103
ACK_OPENING,14876,2661,1765441835031636
ACK_OPENING,14876,56723,1765441835036068
ACK_OPENING,14876,25738,1765441835047434
ACK_OPENING,14876,11006,1765441835058225
ACK_OPENING,14876,9532,1765441835059952
ACK_OPENING,14876,33014,1765441835060126
ACK_OPENING,14876,40904,1765441835072019
ACK_OPENING,14876,59238,1765441835080715
ACK_OPENING,15259,41764,1765441835083685
ACK_OPENING,41764,34260,1765441835087619
ACK_OPENING,14876,20724,1765441835111793
ACK_OPENING,59238,14876,1765441835288845
ACK_OPENING,14876,61186,1765441835338306
ACK_OPENING,14876,7043,1765441835346634
ACK_OPENING,14876,14281,1765441835425747
ACK_OPENING,14876,17678,1765441835429662
ACK_OPENING,14876,37199,1765441835429867
ACK_OPENING,14876,58563,1765441835444227
ACK_OPENING,41128,62687,1765441835445027
ACK_OPENING,2879,18418,1765441835465905
ACK_OPENING,15259,2879,1765441835486053
ACK_OPENING,14876,65464,1765441835492619
ACK_OPENING,14876,51605,1765441835502842
ACK_OPENING,14876,49360,1765441835518687
ACK_OPENING,14876,35199,1765441835519508
ACK_OPENING,14876,2466,1765441835531419
ACK_OPENING,14876,18699,1765441835552369
ACK_OPENING,14876,7270,1765441835557695
ACK_OPENING,14876,41128,1765441835576093
ACK_OPENING,14876,41930,1765441835585164
ACK_OPENING,14876,56723,1765441835593199
ACK_OPENING,14876,11006,1765441835619108
ACK_OPENING,14876,33014,1765441835625058
ACK_OPENING,14876,25738,1765441835639672
ACK_OPENING,14876,2661,1765441835645341
ACK_OPENING,14876,9532,1765441835662396
ACK_OPENING,14876,59238,1765441835668725
ACK_OPENING,14876,41764,1765441835693055
ACK_OPENING,14876,20724,1765441835726888
ACK_OPENING,14876,40904,1765441835727855
ACK_OPENING,15259,34260,1765441835740990
ACK_OPENING,58563,14876,1765441835831619
ACK_OPENING,15259,2879,1765441835980251
ACK_OPENING,49360,18418,1765441835987653
ACK_OPENING,14876,61186,1765441835991791
ACK_OPENING,59238,62687,1765441836145604
ACK_OPENING,14876,41764,1765441836322178
ACK_OPENING,18699,34260,1765441836357923
ACK_OPENING,61186,14876,1765441836360906
ACK_OPENING,34260,18418,1765441836472336
ACK_OPENING,14876,2879,1765441836486400
ACK_OPENING,2661,41764,1765441836816510
ACK_OPENING,37199,14876,1765441836851629
ACK_OPENING,65464,62687,1765441836932096
ACK_OPENING,7270,18418,1765441836964825
ACK_OPENING,2879,34260,1765441837007552
ACK_OPENING,33014,33014,1765441837117444
ACK_OPENING,33014,33014,1765441837129879
ACK_OPENING,14876,2879,1765441837210780
ACK_OPENING,35199,18418,1765441837617670
REGISTER,31878,20724|18699|2879|62687|14876|65464|34260|18418|51605|7270|7043|40904|33014|37199|41930|25738|58563|41128|35199|49360|17678|14281|2466|2661|41764|61186|9532|59238|11006|15259|56723|32939,1765441705346905
ACK_OPENING,35199,14876,1765441837688987
ACK_OPENING,49360,41764,1765441837706872
ACK_OPENING,33014,37199,1765441837781148
ACK_OPENING,33014,59238,1765441837782853
ACK_OPENING,33014,51605,1765441837786143
ACK_OPENING,33014,40904,1765441837807384
ACK_OPENING,33014,65464,1765441837830443
ACK_OPENING,32939,32939,1765441837833361
ACK_OPENING,33014,7043,1765441837836389
ACK_OPENING,2661,34260,1765441837837886
ACK_OPENING,33014,2466,1765441837841067
ACK_OPENING,17678,62687,1765441837850735
ACK_OPENING,33014,11006,1765441837856165
ACK_OPENING,33014,49360,1765441837880597
ACK_OPENING,33014,20724,1765441837906513
ACK_OPENING,33014,41128,1765441837915473
ACK_OPENING,33014,58563,1765441837923392
ACK_OPENING,33014,9532,1765441837944142
ACK_OPENING,33014,61186,1765441837954242
ACK_OPENING,33014,17678,1765441837954902
ACK_OPENING,33014,7270,1765441837964262
ACK_OPENING,33014,56723,1765441837964497
ACK_OPENING,33014,41930,1765441837967025
ACK_OPENING,33014,25738,1765441837977664
ACK_OPENING,33014,2661,1765441837986583
ACK_OPENING,33014,18699,1765441837989243
ACK_OPENING,33014,14281,1765441837991310
ACK_OPENING,33014,15259,1765441837991788
ACK_OPENING,33014,2879,1765441838011768
ACK_OPENING,33014,35199,1765441838034985
ACK_OPENING,32939,33014,1765441838188048
ACK_OPENING,15259,18418,1765441838204188
ACK_OPENING,35199,41764,1765441838322412
ACK_OPENING,33014,14876,1765441838331846
ACK_OPENING,33014,59238,1765441838363215
ACK_OPENING,33014,51605,1765441838368878
ACK_OPENING,33014,37199,1765441838407443
ACK_OPENING,33014,40904,1765441838438329
ACK_OPENING,33014,7043,1765441838439877
ACK_OPENING,33014,49360,1765441838445498
ACK_OPENING,9532,32939,1765441838454156
ACK_OPENING,33014,65464,1765441838454404
ACK_OPENING,33014,11006,1765441838455490
ACK_OPENING,33014,2466,1765441838460473
ACK_OPENING,15259,62687,1765441838460587
ACK_OPENING,33014,58563,1765441838492776
ACK_OPENING,35199,34260,1765441838501705
ACK_OPENING,33014,41128,1765441838510859
ACK_OPENING,33014,17678,1765441838520809
ACK_OPENING,33014,20724,1765441838521673
ACK_OPENING,33014,9532,1765441838565890
ACK_OPENING,33014,61186,1765441838572065
ACK_OPENING,33014,7270,1765441838582183
ACK_OPENING,33014,56723,1765441838584600
ACK_OPENING,33014,25738,1765441838598799
ACK_OPENING,33014,2661,1765441838600894
ACK_OPENING,33014,18699,1765441838608387
ACK_OPENING,33014,15259,1765441838608529
ACK_OPENING,33014,41930,1765441838615669
ACK_OPENING,33014,14281,1765441838629380
ACK_OPENING,33014,2879,1765441838634370
ACK_OPENING,33014,35199,1765441838652263
ACK_OPENING,14876,18418,1765441838786884
ACK_OPENING,32939,59238,1765441838919082
ACK_OPENING,9532,41764,1765441838936963
ACK_OPENING,32939,14876,1765441838946492
ACK_OPENING,32939,51605,1765441838975757
ACK_OPENING,32939,7043,1765441838999257
ACK_OPENING,32939,49360,1765441839006005
ACK_OPENING,32939,11006,1765441839019069
ACK_OPENING,32939,37199,1765441839028839
ACK_OPENING,32939,40904,1765441839036157
ACK_OPENING,32939,2466,1765441839043089
ACK_OPENING,32939,65464,1765441839068240
ACK_OPENING,18699,32939,1765441839071766
ACK_OPENING,32939,41128,1765441839073210
ACK_OPENING,32939,17678,1765441839083343
ACK_OPENING,32939,58563,1765441839083731
ACK_OPENING,14876,62687,1765441839091360
ACK_OPENING,40904,34260,1765441839125510
ACK_OPENING,32939,20724,1765441839138111
ACK_OPENING,32939,56723,1765441839155615
ACK_OPENING,32939,25738,1765441839172225
ACK_OPENING,32939,9532,1765441839185450
ACK_OPENING,32939,7270,1765441839196880
ACK_OPENING,32939,61186,1765441839204637
ACK_OPENING,32939,2661,1765441839215139
ACK_OPENING,32939,18699,1765441839229930
ACK_OPENING,32939,41930,1765441839245986
ACK_OPENING,32939,2879,1765441839246868
ACK_OPENING,32939,15259,1765441839250659
ACK_OPENING,32939,14281,1765441839256297
ACK_OPENING,32939,35199,1765441839267942
ACK_OPENING,15259,18418,1765441839342385
ACK_OPENING,32939,59238,1765441839480866
ACK_OPENING,61186,41764,1765441839531223
ACK_OPENING,32939,51605,1765441839534828
ACK_OPENING,32939,7043,1765441839557591
ACK_OPENING,32939,14876,1765441839560742
ACK_OPENING,32939,11006,1765441839581399
ACK_OPENING,32939,40904,1765441839619791
ACK_OPENING,32939,37199,1765441839619987
ACK_OPENING,32939,2466,1765441839633822
ACK_OPENING,32939,58563,1765441839643148
ACK_OPENING,32939,17678,1765441839644576
ACK_OPENING,32939,41128,1765441839655076
ACK_OPENING,32939,49360,1765441839656725
ACK_OPENING,61186,32939,1765441839657943
ACK_OPENING,32939,65464,1765441839682959
ACK_OPENING,15259,62687,1765441839705312
ACK_OPENING,32939,56723,1765441839720690
ACK_OPENING,32939,20724,1765441839731284
ACK_OPENING,32939,25738,1765441839739591
ACK_OPENING,32939,9532,1765441839769438
ACK_OPENING,32939,7270,1765441839769961
ACK_OPENING,2466,34260,1765441839774671
ACK_OPENING,32939,61186,1765441839824662
ACK_OPENING,32939,2661,1765441839828574
ACK_OPENING,32939,18699,1765441839848560
ACK_OPENING,32939,2879,1765441839849454
ACK_OPENING,32939,41930,1765441839861140
ACK_OPENING,32939,35199,1765441839864915
ACK_OPENING,32939,15259,1765441839874307
ACK_OPENING,14876,18418,1765441839883426
ACK_OPENING,33014,14876,1765441840158468
ACK_OPENING,32939,14281,1765441840161732
ACK_OPENING,14281,32939,1765441840181281
ACK_OPENING,2661,41764,1765441840185854
ACK_OPENING,14876,62687,1765441840324315
ACK_OPENING,20724,18418,1765441840369389
ACK_OPENING,15259,34260,1765441840622176
ACK_OPENING,17678,32939,1765441840673630
ACK_OPENING,33014,41764,1765441840810477
ACK_OPENING,56723,62687,1765441840930596
ACK_OPENING,51605,14876,1765441841077092
ACK_OPENING,14876,34260,1765441841254238
ACK_OPENING,9532,18418,1765441841456333
ACK_OPENING,33014,41764,1765441841463803
ACK_OPENING,31878,31878,1765441841528277
ACK_OPENING,33014,32939,1765441841537098
ACK_OPENING,2661,62687,1765441841595772
REGISTER,51068,2661|41764|61186|9532|59238|11006|15259|56723|32939|20724|18699|2879|62687|14876|51605|7270|7043|40904|33014|65464|34260|18418|37199|41930|25738|58563|41128|35199|49360|17678|14281|2466|31878,1765441705666980
ACK_OPENING,18699,14876,1765441841739399
ACK_OPENING,15259,34260,1765441841822251
ACK_OPENING,32939,41764,1765441842028790
ACK_OPENING,31878,25738,1765441842095349
ACK_OPENING,31878,33014,1765441842100166
ACK_OPENING,31878,11006,1765441842103508
ACK_OPENING,59238,31878,1765441842117983
ACK_OPENING,31878,7043,1765441842132674
ACK_OPENING,31878,59238,1765441842138098
ACK_OPENING,31878,9532,1765441842146628
ACK_OPENING,31878,7270,1765441842157785
ACK_OPENING,40904,32939,1765441842158527
ACK_OPENING,31878,14281,1765441842174429
ACK_OPENING,31878,56723,1765441842179721
ACK_OPENING,2661,18418,1765441842188233
ACK_OPENING,31878,40904,1765441842194376
ACK_OPENING,31878,51605,1765441842200035
ACK_OPENING,31878,2466,1765441842226975
ACK_OPENING,31878,41930,1765441842237543
ACK_OPENING,31878,65464,1765441842237680
ACK_OPENING,31878,2661,1765441842243263
ACK_OPENING,31878,18699,1765441842253061
ACK_OPENING,31878,17678,1765441842254426
ACK_OPENING,31878,37199,1765441842264607
ACK_OPENING,31878,49360,1765441842265244
ACK_OPENING,15259,62687,1765441842272252
ACK_OPENING,31878,41128,1765441842272494
ACK_OPENING,31878,2879,1765441842273982
ACK_OPENING,11006,14876,1765441842283126
ACK_OPENING,31878,20724,1765441842284455
ACK_OPENING,31878,35199,1765441842299355
ACK_OPENING,14876,34260,1765441842367322
ACK_OPENING,31878,58563,1765441842369026
ACK_OPENING,31878,61186,1765441842414029
ACK_OPENING,31878,15259,1765441842496645
ACK_OPENING,32939,41764,1765441842533043
ACK_OPENING,58563,14876,1765441842762802
ACK_OPENING,31878,32939,1765441842776296
ACK_OPENING,9532,31878,1765441842777255
ACK_OPENING,58563,34260,1765441842874415
ACK_OPENING,33014,18418,1765441842874774
ACK_OPENING,51605,62687,1765441842888951
ACK_OPENING,33014,41764,1765441843126410
ACK_OPENING,40904,14876,1765441843251400
ACK_OPENING,65464,32939,1765441843384503
READY,34260,1765441843402582
ACK_OPENING,9532,34260,1765441843402596
ACK_OPENING,14281,31878,1765441843447170
ACK_OPENING,2661,18418,1765441843490526
ACK_OPENING,18418,62687,1765441843507623
ACK_OPENING,41930,41764,1765441843747904
ACK_OPENING,49360,14876,1765441843906104
ACK_OPENING,33014,34260,1765441843917361
ACK_OPENING,56723,32939,1765441843929248
ACK_OPENING,40904,31878,1765441844039445
ACK_OPENING,7270,62687,1765441844090403
ACK_OPENING,15259,18418,1765441844131653
ACK_OPENING,20724,41764,1765441844332269
ACK_OPENING,51605,32939,1765441844435692
ACK_OPENING,33014,34260,1765441844463341
ACK_OPENING,31878,14876,1765441844529108
ACK_OPENING,41128,31878,1765441844676916
ACK_OPENING,33014,62687,1765441844777482
ACK_OPENING,18699,18418,1765441844784995
ACK_OPENING,41128,41764,1765441844947924
ACK_OPENING,32939,34260,1765441844990722
ACK_OPENING,2466,32939,1765441845086504
ACK_OPENING,18699,31878,1765441845311890
ACK_OPENING,56723,14876,1765441845417639
ACK_OPENING,33014,18418,1765441845440500
ACK_OPENING,25738,41764,1765441845691244
ACK_OPENING,32939,34260,1765441845696722
REGISTER,9904,33014|65464|34260|18418|51605|7270|7043|40904|37199|41930|25738|17678|51068|58563|41128|35199|49360|14281|2466|31878|2661|41764|61186|9532|59238|11006|15259|56723|32939|14876|20724|18699|2879|62687,1765441705668561
ACK_OPENING,41930,32939,1765441845731265
ACK_OPENING,51068,51068,1765441845759915
ACK_OPENING,32939,62687,1765441845773414
ACK_OPENING,17678,31878,1765441845996804
ACK_OPENING,33014,18418,1765441846023903
ACK_OPENING,2661,14876,1765441846112255
ACK_OPENING,51068,7043,1765441846145765
ACK_OPENING,51068,61186,1765441846157549
ACK_OPENING,51068,58563,1765441846167435
ACK_OPENING,51068,11006,1765441846170734
ACK_OPENING,51068,25738,1765441846183278
ACK_OPENING,51068,20724,1765441846195836
ACK_OPENING,51068,2661,1765441846200785
ACK_OPENING,51068,2466,1765441846206338
ACK_OPENING,18418,41764,1765441846224892
ACK_OPENING,51068,41930,1765441846233736
ACK_OPENING,51068,35199,1765441846233863
ACK_OPENING,51068,15259,1765441846249574
ACK_OPENING,51068,9532,1765441846252317
ACK_OPENING,51068,33014,1765441846257734
ACK_OPENING,31878,34260,1765441846269062
ACK_OPENING,51068,56723,1765441846282290
ACK_OPENING,51068,2879,1765441846296058
ACK_OPENING,51068,65464,1765441846324665
ACK_OPENING,51068,7270,1765441846328407
ACK_OPENING,51068,18699,1765441846331156
ACK_OPENING,51068,49360,1765441846344715
ACK_OPENING,49360,32939,1765441846351944
ACK_OPENING,33014,51068,1765441846354331
ACK_OPENING,51068,59238,1765441846379177
ACK_OPENING,51068,41128,1765441846386081
ACK_OPENING,32939,62687,1765441846388981
ACK_OPENING,51068,40904,1765441846394628
ACK_OPENING,51068,14281,1765441846403668
ACK_OPENING,51068,51605,1765441846415629
ACK_OPENING,51068,37199,1765441846425070
ACK_OPENING,51068,17678,1765441846439145
ACK_OPENING,51068,31878,1765441846547501
ACK_OPENING,32939,18418,1765441846592376
ACK_OPENING,31878,41764,1765441846711259
ACK_OPENING,20724,14876,1765441846752220
ACK_OPENING,51068,34260,1765441846883800
ACK_OPENING,2661,51068,1765441846913831
ACK_OPENING,51068,32939,1765441846963473
ACK_OPENING,33014,62687,1765441847005774
ACK_OPENING,33014,31878,1765441847076262
ACK_OPENING,17678,41764,1765441847184935
ACK_OPENING,32939,18418,1765441847191180
ACK_OPENING,7043,14876,1765441847369635
ACK_OPENING,58563,51068,1765441847414862
ACK_OPENING,11006,62687,1765441847592998
ACK_OPENING,41764,31878,1765441847599067
ACK_OPENING,11006,32939,1765441847616340
ACK_OPENING,41128,41764,1765441847768461
ACK_OPENING,7043,18418,1765441847914266
ACK_OPENING,17678,51068,1765441848012807
ACK_OPENING,34260,14876,1765441848018273
ACK_OPENING,34260,62687,1765441848122052
ACK_OPENING,15259,32939,1765441848235670
ACK_OPENING,61186,31878,1765441848245984
ACK_OPENING,41930,41764,1765441848284494
ACK_OPENING,58563,18418,1765441848498282
ACK_OPENING,20724,51068,1765441848510043
ACK_OPENING,14281,62687,1765441848627349
ACK_OPENING,62687,14876,1765441848637170
ACK_OPENING,2661,32939,1765441848849458
ACK_OPENING,65464,31878,1765441848860519
ACK_OPENING,14281,41764,1765441848932868
ACK_OPENING,37199,51068,1765441848997988
ACK_OPENING,25738,18418,1765441849145426
READY,18418,1765441849155833
ACK_OPENING,51068,14876,1765441849246469
ACK_OPENING,33014,62687,1765441849355201
ACK_OPENING,2466,32939,1765441849399365
ACK_OPENING,20724,31878,1765441849410226
ACK_OPENING,2661,51068,1765441849503334
ACK_OPENING,2466,41764,1765441849564325
ACK_OPENING,9532,9532,1765441849739746
ACK_OPENING,17678,18418,1765441849890728
ACK_OPENING,9904,9904,1765441850144321
ACK_OPENING,41930,14876,1765441850192889
ACK_OPENING,59238,32939,1765441850209062
ACK_OPENING,58563,62687,1765441850241640
ACK_OPENING,62687,31878,1765441850249588
ACK_OPENING,15259,51068,1765441850297640
REGISTER,63047,14281|2466|31878|2661|41764|61186|9532|59238|11006|15259|56723|32939|9904|14876|20724|18699|2879|62687|33014|65464|34260|18418|51605|7270|7043|40904|37199|41930|25738|17678|51068|58563|41128|35199|49360,1765441705948013
ACK_OPENING,9532,7043,1765441850429317
ACK_OPENING,9532,65464,1765441850441258
ACK_OPENING,7043,41764,1765441850466497
ACK_OPENING,9532,7270,1765441850477852
ACK_OPENING,9532,2466,1765441850482397
ACK_OPENING,9532,59238,1765441850498073
ACK_OPENING,9532,11006,1765441850524925
ACK_OPENING,9532,37199,1765441850532610
ACK_OPENING,9532,17678,1765441850556617
ACK_OPENING,9532,14281,1765441850557410
ACK_OPENING,9532,49360,1765441850561026
ACK_OPENING,9532,25738,1765441850567325
ACK_OPENING,9532,2661,1765441850571094
ACK_OPENING,9532,58563,1765441850575197
ACK_OPENING,9532,61186,1765441850581502
ACK_OPENING,9532,20724,1765441850582052
ACK_OPENING,9532,56723,1765441850582714
ACK_OPENING,9532,35199,1765441850582814
ACK_OPENING,9532,41128,1765441850589909
ACK_OPENING,9532,40904,1765441850593682
ACK_OPENING,9532,34260,1765441850599998
ACK_OPENING,9532,41930,1765441850603918
ACK_OPENING,9532,33014,1765441850613034
ACK_OPENING,9532,51605,1765441850621477
ACK_OPENING,9532,15259,1765441850630428
ACK_OPENING,2466,18418,1765441850638793
ACK_OPENING,9532,18699,1765441850697633
ACK_OPENING,9532,2879,1765441850714573
ACK_OPENING,56723,9904,1765441850776906
ACK_OPENING,51605,31878,1765441850801838
ACK_OPENING,41128,32939,1765441850810148
ACK_OPENING,41128,14876,1765441850821512
ACK_OPENING,58563,62687,1765441850826702
ACK_OPENING,9904,9532,1765441850882054
ACK_OPENING,9532,51068,1765441850943430
ACK_OPENING,9904,65464,1765441851007439
ACK_OPENING,9904,7270,1765441851039965
ACK_OPENING,9904,2466,1765441851042309
ACK_OPENING,9904,7043,1765441851049507
ACK_OPENING,2879,41764,1765441851093068
ACK_OPENING,9904,2661,1765441851125912
ACK_OPENING,9904,35199,1765441851142331
ACK_OPENING,9904,25738,1765441851143801
ACK_OPENING,9904,11006,1765441851144766
ACK_OPENING,9904,37199,1765441851149600
ACK_OPENING,9904,59238,1765441851150922
ACK_OPENING,9904,17678,1765441851173497
ACK_OPENING,9904,14281,1765441851174665
ACK_OPENING,9904,49360,1765441851180591
ACK_OPENING,9904,58563,1765441851191364
ACK_OPENING,9904,20724,1765441851197360
ACK_OPENING,9904,61186,1765441851201566
ACK_OPENING,9904,34260,1765441851217624
ACK_OPENING,9904,41930,1765441851218155
ACK_OPENING,9904,40904,1765441851220307
ACK_OPENING,9904,41128,1765441851235064
ACK_OPENING,9904,15259,1765441851245403
ACK_OPENING,9904,33014,1765441851248289
ACK_OPENING,31878,18418,1765441851254590
ACK_OPENING,9904,18699,1765441851260464
ACK_OPENING,9904,51605,1765441851304664
ACK_OPENING,15259,9904,1765441851324261
ACK_OPENING,9904,2879,1765441851351022
ACK_OPENING,9532,31878,1765441851357253
ACK_OPENING,2661,14876,1765441851367216
ACK_OPENING,31878,62687,1765441851378065
ACK_OPENING,9904,56723,1765441851405585
ACK_OPENING,2879,32939,1765441851444555
ACK_OPENING,9904,51068,1765441851564304
ACK_OPENING,51068,18418,1765441851826781
ACK_OPENING,2466,14876,1765441851855028
ACK_OPENING,51068,41764,1765441851860738
ACK_OPENING,9904,31878,1765441851871061
ACK_OPENING,9532,9904,1765441851950415
ACK_OPENING,37199,62687,1765441852000609
ACK_OPENING,9532,32939,1765441852094238
ACK_OPENING,7270,51068,1765441852197843
ACK_OPENING,35199,31878,1765441852381480
ACK_OPENING,17678,14876,1765441852418458
ACK_OPENING,9532,18418,1765441852419174
ACK_OPENING,40904,41764,1765441852511418
ACK_OPENING,25738,62687,1765441852536169
ACK_OPENING,65464,9904,1765441852563919
ACK_OPENING,9904,32939,1765441852721867
ACK_OPENING,17678,51068,1765441852804531
ACK_OPENING,58563,31878,1765441852894162
ACK_OPENING,9904,18418,1765441852931287
ACK_OPENING,25738,14876,1765441852995121
ACK_OPENING,18699,62687,1765441853045212
ACK_OPENING,17678,41764,1765441853125803
ACK_OPENING,2661,9904,1765441853178788
ACK_OPENING,34260,32939,1765441853338778
ACK_OPENING,41930,31878,1765441853397924
ACK_OPENING,14281,51068,1765441853420156
ACK_OPENING,41764,14876,1765441853611845
ACK_OPENING,2466,62687,1765441853697602
ACK_OPENING,40904,9904,1765441853729180
ACK_OPENING,41128,41764,1765441853740516
ACK_OPENING,2661,31878,1765441853890701
ACK_OPENING,2661,32939,1765441853985022
ACK_OPENING,18699,51068,1765441854046857
ACK_OPENING,63047,63047,1765441854459166
ACK_OPENING,2661,62687,1765441854495254
ACK_OPENING,58563,9904,1765441854518479
ACK_OPENING,58563,41764,1765441854548902
ACK_OPENING,58563,31878,1765441854566133
REGISTER,21573,20724|18699|2879|62687|14876|51605|7270|7043|40904|33014|65464|34260|18418|63047|37199|41930|25738|58563|41128|35199|49360|17678|51068|14281|2466|31878|2661|41764|61186|9532|59238|11006|15259|56723|32939|9904,1765441706245071
ACK_OPENING,9532,14876,1765441854680231
ACK_OPENING,41764,32939,1765441854786772
ACK_OPENING,62687,15259,1765441854851895
ACK_OPENING,62687,18699,1765441854871768
ACK_OPENING,32939,51068,1765441854880059
ACK_OPENING,62687,2879,1765441854899307
ACK_OPENING,62687,20724,1765441854928146
ACK_OPENING,62687,18418,1765441854931236
ACK_OPENING,62687,37199,1765441854933853
ACK_OPENING,62687,41930,1765441854938202
ACK_OPENING,62687,9532,1765441854939332
ACK_OPENING,62687,59238,1765441854952798
ACK_OPENING,62687,14281,1765441854953146
ACK_OPENING,62687,2661,1765441854954792
ACK_OPENING,62687,7270,1765441854962947
ACK_OPENING,62687,58563,1765441854963259
ACK_OPENING,62687,17678,1765441854964668
ACK_OPENING,62687,35199,1765441854972759
ACK_OPENING,62687,34260,1765441854980739
ACK_OPENING,62687,51605,1765441854983636
ACK_OPENING,62687,33014,1765441854985704
ACK_OPENING,62687,41128,1765441854988194
ACK_OPENING,62687,61186,1765441854989730
ACK_OPENING,62687,25738,1765441854991982
ACK_OPENING,62687,65464,1765441854992643
ACK_OPENING,62687,7043,1765441854993834
ACK_OPENING,62687,40904,1765441854999398
ACK_OPENING,62687,2466,1765441855000140
ACK_OPENING,62687,49360,1765441855002986
ACK_OPENING,62687,56723,1765441855009522
ACK_OPENING,62687,11006,1765441855030513
ACK_OPENING,56723,63047,1765441855094820
ACK_OPENING,2879,62687,1765441855106811
READY,62687,1765441855119037
ACK_OPENING,41930,31878,1765441855139077
ACK_OPENING,62687,9904,1765441855146480
ACK_OPENING,58563,41764,1765441855181997
ACK_OPENING,9904,14876,1765441855298408
ACK_OPENING,58563,32939,1765441855391908
ACK_OPENING,34260,51068,1765441855444817
ACK_OPENING,63047,15259,1765441855496032
ACK_OPENING,63047,37199,1765441855500645
ACK_OPENING,63047,18418,1765441855513392
ACK_OPENING,63047,41930,1765441855527832
ACK_OPENING,63047,58563,1765441855529892
ACK_OPENING,63047,17678,1765441855529951
ACK_OPENING,63047,20724,1765441855543803
ACK_OPENING,63047,51605,1765441855545185
ACK_OPENING,63047,59238,1765441855547706
ACK_OPENING,63047,2879,1765441855552437
ACK_OPENING,63047,9532,1765441855555331
ACK_OPENING,63047,33014,1765441855555646
ACK_OPENING,63047,34260,1765441855558112
ACK_OPENING,63047,41128,1765441855561502
ACK_OPENING,63047,49360,1765441855567627
ACK_OPENING,63047,2661,1765441855571313
ACK_OPENING,63047,7270,1765441855578778
ACK_OPENING,63047,14281,1765441855589238
ACK_OPENING,63047,18699,1765441855590711
ACK_OPENING,63047,35199,1765441855597575
ACK_OPENING,63047,61186,1765441855606576
ACK_OPENING,63047,7043,1765441855609552
ACK_OPENING,63047,40904,1765441855613365
ACK_OPENING,63047,2466,1765441855614887
ACK_OPENING,63047,56723,1765441855624168
ACK_OPENING,63047,65464,1765441855637150
ACK_OPENING,63047,11006,1765441855646780
ACK_OPENING,51068,62687,1765441855678412
ACK_OPENING,63047,25738,1765441855685500
ACK_OPENING,41128,31878,1765441855702982
ACK_OPENING,2661,63047,1765441855735937
ACK_OPENING,63047,9904,1765441855764989
ACK_OPENING,2661,41764,1765441855817248
ACK_OPENING,15259,14876,1765441855919115
ACK_OPENING,25738,32939,1765441855942887
ACK_OPENING,18418,51068,1765441856055286
ACK_OPENING,17678,62687,1765441856172274
ACK_OPENING,59238,41764,1765441856341440
ACK_OPENING,15259,63047,1765441856350210
ACK_OPENING,2466,9904,1765441856371703
ACK_OPENING,33014,31878,1765441856386275
ACK_OPENING,2661,32939,1765441856459557
ACK_OPENING,9532,14876,1765441856499745
ACK_OPENING,62687,51068,1765441856594110
ACK_OPENING,2466,62687,1765441856672016
ACK_OPENING,20724,9904,1765441856906574
ACK_OPENING,58563,63047,1765441856962365
ACK_OPENING,15259,32939,1765441856968685
ACK_OPENING,62687,31878,1765441856983954
ACK_OPENING,62687,41764,1765441856991288
ACK_OPENING,15259,14876,1765441857024825
ACK_OPENING,63047,51068,1765441857096521
ACK_OPENING,41128,62687,1765441857168386
ACK_OPENING,7270,9904,1765441857405317
ACK_OPENING,62687,32939,1765441857486599
ACK_OPENING,15259,63047,1765441857507775
ACK_OPENING,41128,14876,1765441857521908
ACK_OPENING,63047,31878,1765441857629714
ACK_OPENING,9532,41764,1765441857712134
ACK_OPENING,61186,51068,1765441857746167
ACK_OPENING,9532,62687,1765441857804725
ACK_OPENING,2466,9904,1765441857896832
ACK_OPENING,65464,14876,1765441858004828
ACK_OPENING,63047,32939,1765441858035405
ACK_OPENING,33014,63047,1765441858039626
ACK_OPENING,41128,31878,1765441858244179
ACK_OPENING,9904,41764,1765441858338424
ACK_OPENING,9904,62687,1765441858407338
ACK_OPENING,62687,62687,1765441858419653
ACK_OPENING,49360,9904,1765441858425664
ACK_OPENING,15259,51068,1765441858485943
ACK_OPENING,18418,14876,1765441858494531
ACK_OPENING,2466,63047,1765441858554731
ACK_OPENING,7043,32939,1765441858657942
ACK_OPENING,18699,41764,1765441858988965
ACK_OPENING,34260,31878,1765441859056358
REGISTER,17385,40904|33014|65464|34260|18418|51605|7270|7043|63047|37199|41930|25738|49360|17678|51068|58563|41128|35199|14281|2466|31878|2661|41764|11006|61186|9532|59238|9904|21573|15259|56723|32939|62687|14876|20724|18699|2879,1765441706314571
ACK_OPENING,9532,51068,1765441859129775
ACK_OPENING,41930,9904,1765441859150021
ACK_OPENING,14281,14876,1765441859170396
ACK_OPENING,18418,32939,1765441859211728
ACK_OPENING,9904,63047,1765441859290262
ACK_OPENING,63047,62687,1765441859300866
ACK_OPENING,21573,61186,1765441859533469
ACK_OPENING,21573,59238,1765441859537101
ACK_OPENING,21573,18418,1765441859542044
ACK_OPENING,21573,41128,1765441859548453
ACK_OPENING,21573,34260,1765441859567014
ACK_OPENING,21573,18699,1765441859588475
ACK_OPENING,21573,25738,1765441859595312
ACK_OPENING,21573,33014,1765441859595987
ACK_OPENING,21573,51605,1765441859598637
ACK_OPENING,21573,41930,1765441859599096
READY,41764,1765441859625010
ACK_OPENING,21573,21573,1765441859633533
ACK_OPENING,21573,37199,1765441859635028
ACK_OPENING,56723,41764,1765441859636490
ACK_OPENING,21573,7043,1765441859640706
ACK_OPENING,21573,7270,1765441859658773
ACK_OPENING,21573,2661,1765441859663471
ACK_OPENING,21573,14281,1765441859666158
ACK_OPENING,21573,49360,1765441859714958
ACK_OPENING,11006,31878,1765441859717454
ACK_OPENING,21573,2879,1765441859725084
ACK_OPENING,21573,17678,1765441859727870
ACK_OPENING,21573,40904,1765441859734122
ACK_OPENING,2661,9904,1765441859734368
ACK_OPENING,25738,51068,1765441859735401
ACK_OPENING,62687,14876,1765441859740220
ACK_OPENING,21573,65464,1765441859745724
ACK_OPENING,21573,15259,1765441859747873
ACK_OPENING,21573,9532,1765441859752163
ACK_OPENING,21573,11006,1765441859760411
ACK_OPENING,21573,58563,1765441859760497
ACK_OPENING,21573,2466,1765441859761886
ACK_OPENING,21573,35199,1765441859764959
ACK_OPENING,21573,56723,1765441859768358
ACK_OPENING,58563,32939,1765441859777554
ACK_OPENING,21573,20724,1765441859872683
ACK_OPENING,21573,62687,1765441859876760
ACK_OPENING,21573,63047,1765441860006097
ACK_OPENING,63047,14876,1765441860243898
ACK_OPENING,59238,21573,1765441860249469
ACK_OPENING,33014,32939,1765441860288908
ACK_OPENING,32939,31878,1765441860342669
ACK_OPENING,2661,9904,1765441860347215
ACK_OPENING,59238,51068,1765441860354873
ACK_OPENING,2466,41764,1765441860571138
ACK_OPENING,18699,63047,1765441860627290
ACK_OPENING,2661,21573,1765441860801285
ACK_OPENING,7270,32939,1765441860814304
ACK_OPENING,21573,9904,1765441860875427
ACK_OPENING,2466,14876,1765441860899202
ACK_OPENING,18418,31878,1765441860954492
ACK_OPENING,35199,51068,1765441860968664
ACK_OPENING,62687,41764,1765441861241950
ACK_OPENING,17678,63047,1765441861244211
ACK_OPENING,20724,21573,1765441861305530
ACK_OPENING,17678,32939,1765441861333631
ACK_OPENING,7270,14876,1765441861412594
ACK_OPENING,41930,9904,1765441861466479
ACK_OPENING,17678,31878,1765441861487084
ACK_OPENING,62687,51068,1765441861618489
ACK_OPENING,61186,21573,1765441861807723
ACK_OPENING,18418,63047,1765441861813869
ACK_OPENING,41128,32939,1765441861837426
ACK_OPENING,63047,41764,1765441861858094
ACK_OPENING,15259,31878,1765441861978460
ACK_OPENING,2879,14876,1765441862019476
READY,14876,1765441862019704
ACK_OPENING,18418,9904,1765441862144557
ACK_OPENING,21573,51068,1765441862241195
ACK_OPENING,49360,21573,1765441862310366
ACK_OPENING,21573,41764,1765441862459388
ACK_OPENING,20724,63047,1765441862468327
ACK_OPENING,21573,31878,1765441862469026
ACK_OPENING,62687,32939,1765441862479034
ACK_OPENING,2661,14876,1765441862543643
ACK_OPENING,35199,9904,1765441862770902
ACK_OPENING,9532,21573,1765441862837840
ACK_OPENING,2466,51068,1765441862856367
ACK_OPENING,7043,31878,1765441862970140
ACK_OPENING,51605,63047,1765441863012667
ACK_OPENING,21573,32939,1765441863021850
ACK_OPENING,17678,14876,1765441863215798
ACK_OPENING,17385,17385,1765441863517221
ACK_OPENING,51605,9904,1765441863543773
ACK_OPENING,25738,31878,1765441863555874
ACK_OPENING,51068,21573,1765441863572395
ACK_OPENING,49360,51068,1765441863606540
ACK_OPENING,9532,63047,1765441863711255
REGISTER,44852,61186|9532|59238|11006|15259|56723|32939|9904|21573|20724|18699|2879|62687|14876|51605|7270|7043|40904|33014|65464|34260|18418|63047|37199|41930|25738|58563|41128|35199|49360|17678|51068|17385|14281|2466|31878|2661|41764,1765441706452153
ACK_OPENING,20724,32939,1765441863750336
ACK_OPENING,17385,2661,1765441864022468
ACK_OPENING,17385,58563,1765441864069688
ACK_OPENING,17385,65464,1765441864082707
ACK_OPENING,41128,14876,1765441864109079
ACK_OPENING,17385,7043,1765441864115225
ACK_OPENING,17385,59238,1765441864120767
ACK_OPENING,14281,17385,1765441864128892
ACK_OPENING,17385,41128,1765441864131716
ACK_OPENING,17385,25738,1765441864136543
ACK_OPENING,17385,41764,1765441864136613
ACK_OPENING,17385,7270,1765441864136754
ACK_OPENING,17385,18699,1765441864150956
ACK_OPENING,17385,61186,1765441864154045
ACK_OPENING,17385,21573,1765441864160427
ACK_OPENING,17385,20724,1765441864168029
ACK_OPENING,17385,40904,1765441864176941
ACK_OPENING,17385,14281,1765441864182196
ACK_OPENING,17385,2879,1765441864184365
ACK_OPENING,14876,31878,1765441864185244
ACK_OPENING,17678,9904,1765441864192287
ACK_OPENING,17385,15259,1765441864195775
ACK_OPENING,17385,11006,1765441864196179
ACK_OPENING,17385,18418,1765441864200028
ACK_OPENING,17385,41930,1765441864200324
ACK_OPENING,17385,51605,1765441864217882
ACK_OPENING,33014,51068,1765441864222986
ACK_OPENING,17385,56723,1765441864226703
ACK_OPENING,17385,34260,1765441864238067
ACK_OPENING,17385,37199,1765441864253671
ACK_OPENING,17385,49360,1765441864270669
ACK_OPENING,17385,17678,1765441864306627
ACK_OPENING,17385,62687,1765441864319700
ACK_OPENING,17385,2466,1765441864343750
ACK_OPENING,17385,33014,1765441864347456
ACK_OPENING,41128,32939,1765441864355376
ACK_OPENING,51068,63047,1765441864367443
ACK_OPENING,17385,9532,1765441864367793
ACK_OPENING,17385,35199,1765441864368077
ACK_OPENING,21573,14876,1765441864724465
ACK_OPENING,59238,17385,1765441864757211
ACK_OPENING,15259,31878,1765441864768394
ACK_OPENING,2879,9904,1765441864835972
ACK_OPENING,14876,51068,1765441864844862
ACK_OPENING,17385,21573,1765441864871102
ACK_OPENING,37199,32939,1765441864973979
ACK_OPENING,17385,63047,1765441864993150
ACK_OPENING,2466,31878,1765441865294540
ACK_OPENING,17385,14876,1765441865330891
ACK_OPENING,18418,17385,1765441865374272
ACK_OPENING,61186,9904,1765441865450564
ACK_OPENING,51605,51068,1765441865453962
ACK_OPENING,51605,21573,1765441865491323
ACK_OPENING,17385,63047,1765441865538156
ACK_OPENING,14876,32939,1765441865545548
ACK_OPENING,20724,17385,1765441865885537
ACK_OPENING,2879,31878,1765441865900408
ACK_OPENING,17385,14876,1765441865945360
ACK_OPENING,49360,63047,1765441866063656
ACK_OPENING,17385,9904,1765441866064839
ACK_OPENING,41128,51068,1765441866103154
ACK_OPENING,58563,21573,1765441866142148
ACK_OPENING,41930,32939,1765441866159755
ACK_OPENING,2661,17385,1765441866393127
ACK_OPENING,2661,31878,1765441866515281
ACK_OPENING,17385,9904,1765441866639881
ACK_OPENING,40904,63047,1765441866714069
ACK_OPENING,41930,51068,1765441866721310
ACK_OPENING,15259,21573,1765441866759818
ACK_OPENING,35199,32939,1765441866783754
READY,32939,1765441866783747
ACK_OPENING,58563,17385,1765441866910643
ACK_OPENING,7270,31878,1765441867102791
ACK_OPENING,41128,9904,1765441867138980
ACK_OPENING,17678,63047,1765441867336527
ACK_OPENING,17385,51068,1765441867340007
ACK_OPENING,9532,21573,1765441867373623
ACK_OPENING,17385,32939,1765441867399114
ACK_OPENING,41128,17385,1765441867424024
ACK_OPENING,59238,9904,1765441867620256
ACK_OPENING,17385,31878,1765441867638343
ACK_OPENING,35199,63047,1765441867964371
ACK_OPENING,17385,51068,1765441868067921
ACK_OPENING,17385,32939,1765441868141936
ACK_OPENING,56723,21573,1765441868164880
ACK_OPENING,31878,17385,1765441868225040
REGISTER,5550,40904|33014|65464|34260|18418|51605|7270|7043|63047|37199|41930|25738|49360|17678|51068|17385|58563|41128|35199|14281|2466|31878|2661|41764|11006|61186|9532|59238|9904|21573|44852|15259|56723|32939|62687|14876|20724|18699|2879,1765441706777711
ACK_OPENING,17385,31878,1765441868319341
ACK_OPENING,15259,9904,1765441868334166
ACK_OPENING,44852,44852,1765441868640502
ACK_OPENING,25738,63047,1765441868647448
ACK_OPENING,44852,56723,1765441868651342
ACK_OPENING,44852,17678,1765441868663997
ACK_OPENING,44852,65464,1765441868681548
ACK_OPENING,44852,41128,1765441868684343
ACK_OPENING,58563,51068,1765441868692244
ACK_OPENING,44852,14281,1765441868694836
ACK_OPENING,44852,33014,1765441868713836
ACK_OPENING,44852,15259,1765441868731466
ACK_OPENING,44852,7043,1765441868732073
ACK_OPENING,44852,41930,1765441868736342
ACK_OPENING,44852,7270,1765441868762308
ACK_OPENING,44852,9532,1765441868770245
ACK_OPENING,44852,59238,1765441868788926
ACK_OPENING,44852,35199,1765441868800155
ACK_OPENING,44852,51605,1765441868806819
ACK_OPENING,44852,49360,1765441868808637
ACK_OPENING,2466,21573,1765441868811895
ACK_OPENING,44852,18418,1765441868830642
ACK_OPENING,44852,25738,1765441868861601
ACK_OPENING,33014,17385,1765441868862088
ACK_OPENING,44852,34260,1765441868863305
ACK_OPENING,44852,2661,1765441868866455
ACK_OPENING,44852,2466,1765441868879357
ACK_OPENING,44852,61186,1765441868880118
ACK_OPENING,44852,14876,1765441868881132
ACK_OPENING,44852,40904,1765441868884469
ACK_OPENING,44852,41764,1765441868888688
ACK_OPENING,44852,20724,1765441868901643
ACK_OPENING,44852,2879,1765441868909653
ACK_OPENING,44852,32939,1765441868909825
ACK_OPENING,44852,11006,1765441868914060
ACK_OPENING,44852,18699,1765441868916310
ACK_OPENING,37199,31878,1765441868930896
ACK_OPENING,44852,37199,1765441868934357
ACK_OPENING,41128,9904,1765441868946443
ACK_OPENING,44852,62687,1765441868949267
ACK_OPENING,44852,58563,1765441869052799
ACK_OPENING,21573,44852,1765441869206294
ACK_OPENING,61186,63047,1765441869266370
ACK_OPENING,41128,51068,1765441869276924
ACK_OPENING,58563,21573,1765441869431368
ACK_OPENING,44852,17385,1765441869478816
ACK_OPENING,56723,31878,1765441869548494
ACK_OPENING,41764,9904,1765441869571383
ACK_OPENING,51605,44852,1765441869825851
ACK_OPENING,56723,51068,1765441869849407
ACK_OPENING,41930,63047,1765441869881411
ACK_OPENING,15259,17385,1765441870088400
ACK_OPENING,44852,21573,1765441870090688
ACK_OPENING,49360,31878,1765441870150004
READY,31878,1765441870150059
ACK_OPENING,31878,9904,1765441870189571
ACK_OPENING,31878,51068,1765441870375712
ACK_OPENING,44852,63047,1765441870404578
ACK_OPENING,62687,44852,1765441870473417
ACK_OPENING,58563,17385,1765441870631660
ACK_OPENING,2661,31878,1765441870660677
ACK_OPENING,44852,21573,1765441870710471
ACK_OPENING,18699,9904,1765441870804646
ACK_OPENING,41764,51068,1765441870899685
ACK_OPENING,44852,63047,1765441870979583
ACK_OPENING,62687,17385,1765441871161888
ACK_OPENING,37199,44852,1765441871170892
ACK_OPENING,2466,31878,1765441871338550
ACK_OPENING,14281,9904,1765441871348105
ACK_OPENING,62687,21573,1765441871352715
ACK_OPENING,65464,51068,1765441871420919
ACK_OPENING,37199,63047,1765441871477058
ACK_OPENING,9532,17385,1765441871681316
ACK_OPENING,31878,44852,1765441871772200
ACK_OPENING,44852,9904,1765441871886029
ACK_OPENING,32939,63047,1765441872053230
ACK_OPENING,44852,31878,1765441872063448
ACK_OPENING,2661,21573,1765441872129523
ACK_OPENING,11006,51068,1765441872241673
REGISTER,38632,49360|17678|51068|17385|58563|41128|35199|5550|14281|2466|31878|2661|41764|11006|61186|9532|59238|9904|21573|44852|15259|56723|32939|62687|14876|20724|18699|2879|40904|33014|65464|34260|18418|51605|7270|7043|63047|37199|41930|25738,1765441706937003
ACK_OPENING,62687,17385,1765441872472370
ACK_OPENING,15259,44852,1765441872549459
ACK_OPENING,65464,63047,1765441872600749
ACK_OPENING,44852,9904,1765441872611977
ACK_OPENING,44852,31878,1765441872641256
ACK_OPENING,5550,59238,1765441872739173
ACK_OPENING,5550,14281,1765441872746118
ACK_OPENING,5550,5550,1765441872747031
ACK_OPENING,5550,35199,1765441872749557
ACK_OPENING,9904,21573,1765441872751536
ACK_OPENING,5550,40904,1765441872762194
ACK_OPENING,5550,41930,1765441872768418
ACK_OPENING,5550,41764,1765441872772042
ACK_OPENING,5550,56723,1765441872773622
ACK_OPENING,5550,20724,1765441872776987
ACK_OPENING,5550,32939,1765441872777566
ACK_OPENING,5550,9532,1765441872790797
ACK_OPENING,5550,25738,1765441872796755
ACK_OPENING,5550,7270,1765441872798133
ACK_OPENING,5550,15259,1765441872798763
ACK_OPENING,5550,7043,1765441872804488
ACK_OPENING,5550,65464,1765441872812821
ACK_OPENING,5550,18699,1765441872826011
ACK_OPENING,5550,14876,1765441872834953
ACK_OPENING,5550,62687,1765441872840923
ACK_OPENING,5550,17678,1765441872885794
ACK_OPENING,5550,2879,1765441872928274
ACK_OPENING,5550,2661,1765441872929363
ACK_OPENING,5550,37199,1765441872931364
ACK_OPENING,5550,61186,1765441872933630
ACK_OPENING,5550,58563,1765441872947076
ACK_OPENING,5550,51605,1765441872949058
ACK_OPENING,5550,34260,1765441872973137
ACK_OPENING,44852,51068,1765441872982897
ACK_OPENING,5550,41128,1765441872987979
ACK_OPENING,5550,11006,1765441872998826
ACK_OPENING,5550,33014,1765441873008120
ACK_OPENING,5550,49360,1765441873040130
ACK_OPENING,41128,17385,1765441873045152
ACK_OPENING,5550,18418,1765441873057687
ACK_OPENING,5550,44852,1765441873139234
ACK_OPENING,7043,63047,1765441873139309
ACK_OPENING,9532,9904,1765441873141260
ACK_OPENING,5550,2466,1765441873174900
ACK_OPENING,5550,31878,1765441873225126
ACK_OPENING,34260,21573,1765441873373049
ACK_OPENING,63047,5550,1765441873383069
ACK_OPENING,5550,17385,1765441873582406
ACK_OPENING,44852,51068,1765441873589063
ACK_OPENING,41128,63047,1765441873634367
ACK_OPENING,5550,44852,1765441873724039
ACK_OPENING,5550,31878,1765441873805557
ACK_OPENING,33014,21573,1765441873984584
ACK_OPENING,9532,5550,1765441874012185
ACK_OPENING,41128,9904,1765441874061284
ACK_OPENING,5550,17385,1765441874134517
ACK_OPENING,11006,63047,1765441874141514
ACK_OPENING,41930,51068,1765441874188094
ACK_OPENING,7043,44852,1765441874339140
ACK_OPENING,35199,21573,1765441874600446
ACK_OPENING,2661,63047,1765441874642526
ACK_OPENING,51068,5550,1765441874665146
ACK_OPENING,33014,17385,1765441874698802
ACK_OPENING,25738,9904,1765441874722340
ACK_OPENING,41128,51068,1765441874732643
ACK_OPENING,34260,44852,1765441874922001
ACK_OPENING,11006,17385,1765441875230274
ACK_OPENING,7043,51068,1765441875262968
ACK_OPENING,33014,5550,1765441875263187
ACK_OPENING,5550,21573,1765441875263332
ACK_OPENING,51068,9904,1765441875357913
ACK_OPENING,5550,63047,1765441875358601
ACK_OPENING,7270,44852,1765441875440776
ACK_OPENING,15259,17385,1765441875752509
ACK_OPENING,40904,51068,1765441875792142
ACK_OPENING,61186,5550,1765441875942422
ACK_OPENING,5550,21573,1765441875946420
ACK_OPENING,5550,63047,1765441876026339
ACK_OPENING,61186,44852,1765441876064575
ACK_OPENING,37199,9904,1765441876074953
ACK_OPENING,38632,38632,1765441876261293
REGISTER,23459,41128|35199|49360|17678|51068|17385|38632|58563|2466|31878|5550|14281|41764|2661|9532|59238|11006|61186|56723|32939|9904|21573|44852|15259|18699|2879|62687|14876|20724|7270|7043|40904|33014|65464|34260|18418|51605|63047|41930|25738|37199,1765441707070671
ACK_OPENING,7043,5550,1765441876543173
ACK_OPENING,2466,51068,1765441876569710
ACK_OPENING,2661,63047,1765441876584106
ACK_OPENING,35199,17385,1765441876597900
ACK_OPENING,17678,9904,1765441876666724
ACK_OPENING,62687,21573,1765441876680972
ACK_OPENING,59238,44852,1765441876743668
ACK_OPENING,38632,41128,1765441876767873
ACK_OPENING,38632,14876,1765441876772393
ACK_OPENING,38632,35199,1765441876772993
ACK_OPENING,38632,15259,1765441876778055
ACK_OPENING,38632,18699,1765441876783326
ACK_OPENING,38632,41764,1765441876791910
ACK_OPENING,38632,56723,1765441876801232
ACK_OPENING,38632,9532,1765441876804212
ACK_OPENING,38632,37199,1765441876817760
ACK_OPENING,38632,17678,1765441876823757
ACK_OPENING,38632,32939,1765441876834393
ACK_OPENING,38632,41930,1765441876841354
ACK_OPENING,38632,33014,1765441876845531
ACK_OPENING,38632,61186,1765441876862868
ACK_OPENING,44852,38632,1765441876866878
ACK_OPENING,38632,34260,1765441876887952
ACK_OPENING,38632,18418,1765441876893715
ACK_OPENING,38632,7043,1765441876904779
ACK_OPENING,38632,31878,1765441876906995
ACK_OPENING,38632,25738,1765441876911695
ACK_OPENING,38632,7270,1765441876929721
ACK_OPENING,38632,11006,1765441876954559
ACK_OPENING,38632,49360,1765441876957021
ACK_OPENING,38632,2466,1765441876958278
ACK_OPENING,38632,40904,1765441876960666
ACK_OPENING,38632,2661,1765441876968234
ACK_OPENING,38632,20724,1765441876968865
ACK_OPENING,38632,58563,1765441876986270
ACK_OPENING,38632,14281,1765441877027230
ACK_OPENING,38632,59238,1765441877052074
ACK_OPENING,38632,51605,1765441877110708
ACK_OPENING,38632,5550,1765441877119052
ACK_OPENING,38632,62687,1765441877126687
ACK_OPENING,38632,2879,1765441877135796
ACK_OPENING,38632,65464,1765441877156582
READY,51068,1765441877189468
ACK_OPENING,2879,51068,1765441877189476
ACK_OPENING,32939,17385,1765441877194627
ACK_OPENING,59238,63047,1765441877200542
ACK_OPENING,7043,21573,1765441877226403
ACK_OPENING,34260,9904,1765441877283427
ACK_OPENING,14281,44852,1765441877296672
ACK_OPENING,51605,38632,1765441877406626
ACK_OPENING,38632,5550,1765441877651050
ACK_OPENING,17678,21573,1765441877735841
ACK_OPENING,2661,51068,1765441877745590
ACK_OPENING,25738,17385,1765441877780966
ACK_OPENING,38632,44852,1765441877789708
ACK_OPENING,14281,63047,1765441877816056
ACK_OPENING,5550,9904,1765441877873598
ACK_OPENING,17678,38632,1765441877979750
ACK_OPENING,59238,5550,1765441878213797
ACK_OPENING,25738,21573,1765441878257499
ACK_OPENING,5550,51068,1765441878328397
ACK_OPENING,14876,17385,1765441878357517
ACK_OPENING,58563,63047,1765441878358685
ACK_OPENING,5550,9904,1765441878406602
ACK_OPENING,38632,44852,1765441878440738
ACK_OPENING,17385,38632,1765441878597724
ACK_OPENING,7270,5550,1765441878744185
ACK_OPENING,33014,21573,1765441878756087
ACK_OPENING,41128,63047,1765441878855182
ACK_OPENING,14876,9904,1765441878907783
ACK_OPENING,38632,17385,1765441878973547
ACK_OPENING,51068,44852,1765441879057579
ACK_OPENING,2661,38632,1765441879210793
ACK_OPENING,5550,51068,1765441879216065
ACK_OPENING,41930,21573,1765441879246577
ACK_OPENING,41128,63047,1765441879359368
ACK_OPENING,20724,5550,1765441879391346
ACK_OPENING,7043,9904,1765441879401801
ACK_OPENING,38632,17385,1765441879589285
ACK_OPENING,15259,38632,1765441879735907
ACK_OPENING,38632,51068,1765441879736404
ACK_OPENING,7270,63047,1765441879856882
ACK_OPENING,18418,44852,1765441879911120
ACK_OPENING,11006,9904,1765441879913041
ACK_OPENING,49360,5550,1765441879991657
ACK_OPENING,34260,17385,1765441880170510
ACK_OPENING,37199,21573,1765441880227340
ACK_OPENING,9532,63047,1765441880384223
ACK_OPENING,37199,38632,1765441880448391
ACK_OPENING,38632,51068,1765441880534777
ACK_OPENING,25738,44852,1765441880599233
ACK_OPENING,58563,9904,1765441880797843
REGISTER,33226,17678|51068|17385|38632|58563|41128|35199|49360|14281|2466|31878|5550|2661|41764|23459|61186|9532|59238|11006|21573|44852|15259|56723|32939|9904|14876|20724|18699|2879|62687|33014|65464|34260|18418|51605|7270|7043|40904|63047|37199|41930|25738,1765441707177212
ACK_OPENING,56723,17385,1765441880866328
ACK_OPENING,65464,5550,1765441880876551
ACK_OPENING,58563,38632,1765441881003364
ACK_OPENING,38632,21573,1765441881103385
ACK_OPENING,38632,63047,1765441881110379
ACK_OPENING,23459,23459,1765441881122868
ACK_OPENING,23459,56723,1765441881194989
ACK_OPENING,23459,2466,1765441881200444
ACK_OPENING,23459,41764,1765441881206355
ACK_OPENING,23459,25738,1765441881206638
ACK_OPENING,23459,7270,1765441881213180
ACK_OPENING,23459,14876,1765441881220238
ACK_OPENING,23459,41128,1765441881222313
ACK_OPENING,23459,51605,1765441881228414
ACK_OPENING,23459,37199,1765441881244287
ACK_OPENING,58563,44852,1765441881245172
ACK_OPENING,23459,7043,1765441881255854
ACK_OPENING,23459,33014,1765441881270791
ACK_OPENING,23459,51068,1765441881285486
ACK_OPENING,23459,35199,1765441881288946
ACK_OPENING,23459,41930,1765441881293853
ACK_OPENING,23459,2661,1765441881323242
ACK_OPENING,23459,61186,1765441881330832
ACK_OPENING,23459,2879,1765441881333736
ACK_OPENING,23459,59238,1765441881340266
ACK_OPENING,23459,65464,1765441881342266
ACK_OPENING,23459,34260,1765441881342404
ACK_OPENING,23459,18418,1765441881343358
ACK_OPENING,23459,40904,1765441881349284
ACK_OPENING,62687,9904,1765441881364535
ACK_OPENING,23459,32939,1765441881368881
ACK_OPENING,23459,31878,1765441881371663
ACK_OPENING,23459,9532,1765441881373415
ACK_OPENING,23459,17678,1765441881390792
ACK_OPENING,23459,49360,1765441881395121
ACK_OPENING,23459,11006,1765441881403759
ACK_OPENING,23459,20724,1765441881414785
ACK_OPENING,23459,58563,1765441881443010
ACK_OPENING,23459,62687,1765441881446623
ACK_OPENING,7043,17385,1765441881462023
ACK_OPENING,23459,18699,1765441881476533
ACK_OPENING,37199,5550,1765441881523496
ACK_OPENING,23459,14281,1765441881581698
ACK_OPENING,23459,15259,1765441881585399
ACK_OPENING,23459,38632,1765441881642891
ACK_OPENING,38632,63047,1765441881657468
ACK_OPENING,38632,21573,1765441881657786
ACK_OPENING,17678,44852,1765441881867219
ACK_OPENING,17678,17385,1765441881976050
ACK_OPENING,38632,9904,1765441881980821
ACK_OPENING,41930,5550,1765441882066451
ACK_OPENING,40904,23459,1765441882123666
ACK_OPENING,41128,38632,1765441882181250
ACK_OPENING,31878,21573,1765441882354590
ACK_OPENING,41930,63047,1765441882430301
ACK_OPENING,33014,44852,1765441882481244
ACK_OPENING,23459,5550,1765441882580321
ACK_OPENING,38632,9904,1765441882593977
ACK_OPENING,37199,17385,1765441882624367
ACK_OPENING,34260,38632,1765441882664573
ACK_OPENING,58563,23459,1765441882751017
ACK_OPENING,32939,21573,1765441882982600
ACK_OPENING,33014,63047,1765441883045957
ACK_OPENING,41930,44852,1765441883063445
ACK_OPENING,41128,5550,1765441883097155
ACK_OPENING,33014,9904,1765441883137903
ACK_OPENING,35199,38632,1765441883140739
ACK_OPENING,41930,17385,1765441883242377
ACK_OPENING,49360,23459,1765441883258002
ACK_OPENING,23459,44852,1765441883587568
ACK_OPENING,15259,21573,1765441883600320
ACK_OPENING,62687,5550,1765441883614283
ACK_OPENING,41764,63047,1765441883696824
ACK_OPENING,20724,23459,1765441883760857
ACK_OPENING,9532,17385,1765441883859164
ACK_OPENING,32939,9904,1765441884078395
READY,9904,1765441884078412
ACK_OPENING,35199,5550,1765441884122517
ACK_OPENING,14281,38632,1765441884129424
ACK_OPENING,59238,23459,1765441884283764
ACK_OPENING,2466,21573,1765441884286567
ACK_OPENING,32939,32939,1765441884399685
ACK_OPENING,49360,44852,1765441884533454
ACK_OPENING,23459,17385,1765441884729763
ACK_OPENING,2466,63047,1765441884787367
REGISTER,37159,7270|7043|40904|33014|65464|34260|18418|51605|63047|41930|25738|37199|41128|35199|49360|17678|51068|17385|38632|58563|2466|31878|5550|14281|41764|23459|2661|9532|59238|11006|33226|61186|56723|32939|9904|21573|44852|15259|18699|2879|62687|14876|20724,1765441707202446
ACK_OPENING,15259,5550,1765441884869962
ACK_OPENING,33014,9904,1765441885017205
ACK_OPENING,32939,38632,1765441885068680
ACK_OPENING,33226,33226,1765441885080615
ACK_OPENING,32939,7043,1765441885085874
ACK_OPENING,32939,18418,1765441885090948
ACK_OPENING,32939,33014,1765441885092830
ACK_OPENING,33014,33014,1765441885100016
ACK_OPENING,17385,23459,1765441885107487
ACK_OPENING,32939,41128,1765441885109015
ACK_OPENING,63047,21573,1765441885109581
ACK_OPENING,32939,59238,1765441885112446
ACK_OPENING,33014,32939,1765441885118605
ACK_OPENING,32939,41930,1765441885137782
ACK_OPENING,32939,40904,1765441885150859
ACK_OPENING,32939,62687,1765441885161694
ACK_OPENING,32939,51068,1765441885163937
ACK_OPENING,32939,41764,1765441885173462
ACK_OPENING,32939,18699,1765441885180609
ACK_OPENING,32939,11006,1765441885182308
ACK_OPENING,32939,20724,1765441885182532
ACK_OPENING,32939,51605,1765441885183707
ACK_OPENING,32939,2879,1765441885187621
ACK_OPENING,32939,56723,1765441885188318
ACK_OPENING,32939,17678,1765441885188418
ACK_OPENING,32939,7270,1765441885195425
ACK_OPENING,32939,65464,1765441885200301
ACK_OPENING,32939,14876,1765441885208046
ACK_OPENING,32939,15259,1765441885210742
ACK_OPENING,32939,2466,1765441885213538
ACK_OPENING,32939,37199,1765441885221631
ACK_OPENING,32939,58563,1765441885229248
ACK_OPENING,32939,14281,1765441885232207
ACK_OPENING,32939,2661,1765441885238186
ACK_OPENING,32939,31878,1765441885239893
ACK_OPENING,32939,49360,1765441885247268
ACK_OPENING,32939,25738,1765441885250518
ACK_OPENING,32939,9532,1765441885253439
ACK_OPENING,32939,61186,1765441885253828
ACK_OPENING,32939,34260,1765441885254222
ACK_OPENING,32939,35199,1765441885261436
ACK_OPENING,49360,17385,1765441885322427
ACK_OPENING,20724,44852,1765441885334845
ACK_OPENING,2879,63047,1765441885416072
ACK_OPENING,62687,5550,1765441885499132
ACK_OPENING,23459,9904,1765441885626447
ACK_OPENING,33014,18418,1765441885688606
ACK_OPENING,31878,33226,1765441885701585
ACK_OPENING,33226,33014,1765441885705215
ACK_OPENING,41764,38632,1765441885719091
ACK_OPENING,33014,59238,1765441885729372
ACK_OPENING,65464,21573,1765441885731012
ACK_OPENING,33014,41128,1765441885731879
ACK_OPENING,33226,32939,1765441885756882
ACK_OPENING,33014,41930,1765441885757748
ACK_OPENING,32939,23459,1765441885758884
ACK_OPENING,33014,65464,1765441885770992
ACK_OPENING,33014,7043,1765441885780173
ACK_OPENING,33014,17678,1765441885786000
ACK_OPENING,33014,11006,1765441885788001
ACK_OPENING,33014,40904,1765441885797247
ACK_OPENING,33014,18699,1765441885797702
ACK_OPENING,33014,51605,1765441885805090
ACK_OPENING,33014,2879,1765441885808148
ACK_OPENING,33014,41764,1765441885810623
ACK_OPENING,33014,7270,1765441885814235
ACK_OPENING,33014,51068,1765441885816292
ACK_OPENING,33014,14876,1765441885823925
ACK_OPENING,33014,56723,1765441885829651
ACK_OPENING,33014,2466,1765441885832148
ACK_OPENING,33014,61186,1765441885847726
ACK_OPENING,33014,2661,1765441885852563
ACK_OPENING,33014,58563,1765441885853686
ACK_OPENING,33014,15259,1765441885856467
ACK_OPENING,33014,31878,1765441885863246
ACK_OPENING,33014,20724,1765441885864947
ACK_OPENING,33014,9532,1765441885867765
ACK_OPENING,33014,25738,1765441885869844
ACK_OPENING,33014,34260,1765441885875292
ACK_OPENING,33014,37199,1765441885876447
ACK_OPENING,33014,49360,1765441885878148
ACK_OPENING,33014,35199,1765441885880549
ACK_OPENING,33014,62687,1765441885884199
ACK_OPENING,33014,14281,1765441885909685
ACK_OPENING,35199,44852,1765441885933918
ACK_OPENING,34260,63047,1765441886039079
ACK_OPENING,7270,17385,1765441886047234
ACK_OPENING,51605,5550,1765441886134749
ACK_OPENING,33226,9904,1765441886282754
ACK_OPENING,33226,38632,1765441886335239
ACK_OPENING,33226,59238,1765441886342358
ACK_OPENING,7270,21573,1765441886346235
ACK_OPENING,33226,41128,1765441886350739
ACK_OPENING,33226,11006,1765441886356167
ACK_OPENING,33226,65464,1765441886356894
ACK_OPENING,33226,17678,1765441886364390
ACK_OPENING,33226,18699,1765441886367511
ACK_OPENING,33226,41930,1765441886372512
ACK_OPENING,33014,23459,1765441886378174
ACK_OPENING,33226,51605,1765441886383440
ACK_OPENING,33226,51068,1765441886389907
ACK_OPENING,33226,7043,1765441886391123
ACK_OPENING,33226,7270,1765441886401558
ACK_OPENING,33226,40904,1765441886415122
ACK_OPENING,33226,18418,1765441886421325
ACK_OPENING,33226,41764,1765441886426840
ACK_OPENING,33226,2879,1765441886427424
ACK_OPENING,33226,14876,1765441886428659
ACK_OPENING,33226,56723,1765441886445785
ACK_OPENING,33226,2466,1765441886449565
ACK_OPENING,33226,61186,1765441886453858
ACK_OPENING,33226,20724,1765441886458172
ACK_OPENING,33226,2661,1765441886466776
ACK_OPENING,33226,58563,1765441886473645
ACK_OPENING,33226,49360,1765441886477739
ACK_OPENING,33226,9532,1765441886481532
ACK_OPENING,33226,31878,1765441886482395
ACK_OPENING,33226,25738,1765441886484471
ACK_OPENING,33226,34260,1765441886497853
ACK_OPENING,33226,35199,1765441886499999
ACK_OPENING,15259,33226,1765441886507264
ACK_OPENING,33226,62687,1765441886535069
ACK_OPENING,17385,44852,1765441886548047
ACK_OPENING,33226,14281,1765441886564822
ACK_OPENING,33226,15259,1765441886577566
ACK_OPENING,33226,37199,1765441886618061
ACK_OPENING,62687,63047,1765441886634112
ACK_OPENING,9904,17385,1765441886666903
ACK_OPENING,17385,5550,1765441886713810
ACK_OPENING,32939,9904,1765441886902396
ACK_OPENING,32939,38632,1765441886934304
ACK_OPENING,23459,21573,1765441886940396
ACK_OPENING,33226,23459,1765441886978148
ACK_OPENING,2661,33226,1765441887125069
ACK_OPENING,41128,44852,1765441887162825
ACK_OPENING,31878,63047,1765441887170659
ACK_OPENING,2661,17385,1765441887255015
ACK_OPENING,33226,5550,1765441887316433
ACK_OPENING,41930,21573,1765441887452550
ACK_OPENING,33014,38632,1765441887465070
ACK_OPENING,33014,9904,1765441887470168
ACK_OPENING,38632,23459,1765441887628549
ACK_OPENING,23459,63047,1765441887706486
ACK_OPENING,58563,33226,1765441887740377
ACK_OPENING,2661,44852,1765441887811935
ACK_OPENING,51068,17385,1765441887869111
ACK_OPENING,32939,5550,1765441887939317
ACK_OPENING,20724,38632,1765441887957445
ACK_OPENING,41128,21573,1765441887969977
ACK_OPENING,17678,23459,1765441888238598
ACK_OPENING,62687,63047,1765441888246742
ACK_OPENING,33014,33226,1765441888286200
ACK_OPENING,33226,44852,1765441888355301
ACK_OPENING,33014,5550,1765441888493757
ACK_OPENING,40904,17385,1765441888513778
ACK_OPENING,40904,38632,1765441888615552
ACK_OPENING,2879,21573,1765441888650940
ACK_OPENING,37199,37199,1765441888823656
ACK_OPENING,14876,63047,1765441888835671
READY,63047,1765441888835789
ACK_OPENING,61186,33226,1765441888899637
ACK_OPENING,32939,44852,1765441889089050
ACK_OPENING,35199,23459,1765441889130076
ACK_OPENING,37159,37159,1765441889181971
REGISTER,19113,37199|41930|25738|38632|58563|41128|35199|49360|17678|51068|17385|14281|2466|31878|5550|2661|41764|23459|61186|9532|59238|11006|33226|15259|56723|32939|9904|21573|44852|37159|20724|18699|2879|62687|14876|18418|51605|7270|7043|40904|33014|65464|34260|63047,1765441707507881
ACK_OPENING,2466,5550,1765441889354525
ACK_OPENING,2661,21573,1765441889444735
ACK_OPENING,62687,38632,1765441889468520
ACK_OPENING,33226,17385,1765441889484400
ACK_OPENING,37199,40904,1765441889505845
ACK_OPENING,37199,59238,1765441889510525
ACK_OPENING,37199,34260,1765441889520870
ACK_OPENING,37199,2466,1765441889542950
ACK_OPENING,37199,18699,1765441889544229
ACK_OPENING,37199,33014,1765441889552978
ACK_OPENING,37199,20724,1765441889553148
ACK_OPENING,37199,14876,1765441889570016
ACK_OPENING,37199,14281,1765441889570088
ACK_OPENING,37199,61186,1765441889570388
ACK_OPENING,37199,56723,1765441889575944
ACK_OPENING,37199,25738,1765441889582554
ACK_OPENING,37199,41764,1765441889585075
ACK_OPENING,37199,58563,1765441889598797
ACK_OPENING,37199,41930,1765441889600140
ACK_OPENING,37199,2879,1765441889602077
ACK_OPENING,37199,49360,1765441889602884
ACK_OPENING,37199,7270,1765441889603593
ACK_OPENING,37199,18418,1765441889607699
ACK_OPENING,37199,51068,1765441889611006
ACK_OPENING,37199,7043,1765441889611564
ACK_OPENING,37199,32939,1765441889616539
ACK_OPENING,37199,41128,1765441889619518
ACK_OPENING,33226,63047,1765441889624678
ACK_OPENING,37199,9904,1765441889637870
ACK_OPENING,37199,17678,1765441889645931
ACK_OPENING,37199,9532,1765441889646005
ACK_OPENING,37199,2661,1765441889652629
ACK_OPENING,37199,51605,1765441889653586
ACK_OPENING,37159,37199,1765441889653743
ACK_OPENING,37199,11006,1765441889654168
ACK_OPENING,37199,62687,1765441889655308
ACK_OPENING,37199,31878,1765441889659781
ACK_OPENING,37199,33226,1765441889660526
ACK_OPENING,37199,15259,1765441889673363
ACK_OPENING,37199,65464,1765441889695307
ACK_OPENING,37199,35199,1765441889710832
ACK_OPENING,33014,44852,1765441889733194
ACK_OPENING,7043,23459,1765441889755436
ACK_OPENING,11006,37159,1765441889854944
ACK_OPENING,18699,5550,1765441890065828
ACK_OPENING,37159,40904,1765441890074238
ACK_OPENING,41930,38632,1765441890086294
ACK_OPENING,17678,21573,1765441890088405
ACK_OPENING,32939,17385,1765441890107316
ACK_OPENING,37159,59238,1765441890129814
ACK_OPENING,37159,2466,1765441890159057
ACK_OPENING,37159,20724,1765441890173457
ACK_OPENING,37159,33014,1765441890175082
ACK_OPENING,37159,18699,1765441890184155
ACK_OPENING,37159,14876,1765441890196107
ACK_OPENING,37159,56723,1765441890199585
ACK_OPENING,37159,25738,1765441890201584
ACK_OPENING,37159,41764,1765441890203657
ACK_OPENING,37159,34260,1765441890209005
ACK_OPENING,37159,18418,1765441890213508
ACK_OPENING,37159,7270,1765441890214973
ACK_OPENING,37159,41930,1765441890218445
ACK_OPENING,37159,49360,1765441890223079
ACK_OPENING,37159,14281,1765441890224256
ACK_OPENING,37159,51605,1765441890228576
ACK_OPENING,37159,51068,1765441890231580
ACK_OPENING,37159,32939,1765441890237565
ACK_OPENING,37159,2879,1765441890240277
ACK_OPENING,37159,61186,1765441890243747
ACK_OPENING,32939,63047,1765441890246293
ACK_OPENING,37159,41128,1765441890247853
ACK_OPENING,37159,7043,1765441890248477
ACK_OPENING,37159,9532,1765441890257597
ACK_OPENING,37159,9904,1765441890266270
ACK_OPENING,37159,2661,1765441890272149
ACK_OPENING,37159,11006,1765441890277109
ACK_OPENING,37159,58563,1765441890279309
ACK_OPENING,37159,15259,1765441890296461
ACK_OPENING,37159,17678,1765441890297336
ACK_OPENING,18699,44852,1765441890304180
ACK_OPENING,37159,65464,1765441890331979
ACK_OPENING,25738,33226,1765441890353702
ACK_OPENING,37159,35199,1765441890365026
ACK_OPENING,37159,31878,1765441890369847
ACK_OPENING,65464,23459,1765441890394654
ACK_OPENING,37159,62687,1765441890422588
ACK_OPENING,61186,37159,1765441890541871
ACK_OPENING,33014,17385,1765441890695287
ACK_OPENING,65464,38632,1765441890704473
ACK_OPENING,2879,5550,1765441890713501
ACK_OPENING,18418,21573,1765441890719989
ACK_OPENING,2661,44852,1765441890818522
ACK_OPENING,33014,63047,1765441890864069
ACK_OPENING,37159,33226,1765441890971476
ACK_OPENING,17678,23459,1765441891012305
ACK_OPENING,20724,37159,1765441891159407
ACK_OPENING,65464,17385,1765441891226380
ACK_OPENING,14876,38632,1765441891264648
ACK_OPENING,33226,21573,1765441891273243
ACK_OPENING,11006,44852,1765441891295740
ACK_OPENING,34260,5550,1765441891328628
ACK_OPENING,37159,63047,1765441891420347
ACK_OPENING,41128,33226,1765441891559844
ACK_OPENING,37159,23459,1765441891624877
ACK_OPENING,51605,17385,1765441891755119
ACK_OPENING,65464,37159,1765441891775005
ACK_OPENING,32939,21573,1765441891792310
ACK_OPENING,2661,38632,1765441891802756
ACK_OPENING,37199,63047,1765441891933225
ACK_OPENING,56723,44852,1765441891945778
ACK_OPENING,40904,33226,1765441892208980
ACK_OPENING,37199,23459,1765441892239805
ACK_OPENING,15259,5550,1765441892264854
ACK_OPENING,2466,17385,1765441892298260
ACK_OPENING,33014,21573,1765441892315465
ACK_OPENING,37159,38632,1765441892324360
ACK_OPENING,2661,37159,1765441892341863
ACK_OPENING,15259,44852,1765441892563118
ACK_OPENING,18699,18699,1765441892823751
ACK_OPENING,9532,23459,1765441892919669
ACK_OPENING,58563,5550,1765441892951647
ACK_OPENING,2661,33226,1765441892994593
ACK_OPENING,15259,37159,1765441893111654
ACK_OPENING,11006,21573,1765441893126477
ACK_OPENING,37199,38632,1765441893142201
ACK_OPENING,19113,19113,1765441893273438
REGISTER,18922,61186|9532|59238|11006|33226|15259|56723|32939|9904|21573|44852|37159|20724|18699|2879|62687|14876|51605|7270|7043|40904|33014|65464|34260|18418|63047|37199|41930|25738|58563|41128|35199|49360|17678|51068|17385|38632|19113|14281|2466|31878|5550|2661|41764|23459,1765441707687046
ACK_OPENING,2466,17385,1765441893326590
ACK_OPENING,2879,44852,1765441893431515
ACK_OPENING,18699,7270,1765441893530780
ACK_OPENING,18699,37199,1765441893550724
ACK_OPENING,18699,32939,1765441893575916
ACK_OPENING,18699,51605,1765441893578528
ACK_OPENING,18699,14281,1765441893579267
ACK_OPENING,18699,2466,1765441893582341
ACK_OPENING,18699,61186,1765441893585909
ACK_OPENING,18699,31878,1765441893587084
ACK_OPENING,18699,20724,1765441893597491
ACK_OPENING,18699,63047,1765441893598538
ACK_OPENING,18699,62687,1765441893606559
ACK_OPENING,18699,11006,1765441893625228
ACK_OPENING,18699,2661,1765441893626119
ACK_OPENING,18699,15259,1765441893626563
ACK_OPENING,18699,40904,1765441893636180
ACK_OPENING,18699,41764,1765441893647043
ACK_OPENING,18699,58563,1765441893647965
ACK_OPENING,18699,7043,1765441893648271
ACK_OPENING,20724,33226,1765441893653780
ACK_OPENING,18699,18418,1765441893654491
ACK_OPENING,18699,9904,1765441893658174
ACK_OPENING,18699,65464,1765441893659291
ACK_OPENING,18699,17678,1765441893660637
ACK_OPENING,18699,2879,1765441893668118
ACK_OPENING,18699,56723,1765441893671810
ACK_OPENING,18699,9532,1765441893673945
ACK_OPENING,18699,49360,1765441893676459
ACK_OPENING,18699,25738,1765441893676738
ACK_OPENING,18699,14876,1765441893685755
ACK_OPENING,41930,23459,1765441893714637
ACK_OPENING,18699,38632,1765441893720905
ACK_OPENING,40904,21573,1765441893727310
ACK_OPENING,18699,35199,1765441893729572
ACK_OPENING,18699,41930,1765441893736332
ACK_OPENING,2661,5550,1765441893740791
ACK_OPENING,18699,41128,1765441893813978
ACK_OPENING,18699,59238,1765441893815444
ACK_OPENING,18699,34260,1765441893820834
ACK_OPENING,19113,18699,1765441893847468
ACK_OPENING,44852,19113,1765441893906606
ACK_OPENING,18699,51068,1765441893931767
ACK_OPENING,41930,17385,1765441894010150
ACK_OPENING,2466,44852,1765441894030566
ACK_OPENING,18699,33014,1765441894031437
ACK_OPENING,19113,7270,1765441894100961
ACK_OPENING,18699,37159,1765441894182713
ACK_OPENING,19113,15259,1765441894196462
ACK_OPENING,19113,32939,1765441894196834
ACK_OPENING,19113,14281,1765441894201091
ACK_OPENING,19113,61186,1765441894203145
ACK_OPENING,19113,31878,1765441894207253
ACK_OPENING,19113,20724,1765441894216313
ACK_OPENING,19113,63047,1765441894222695
ACK_OPENING,19113,62687,1765441894234507
ACK_OPENING,19113,11006,1765441894240644
ACK_OPENING,19113,2661,1765441894245610
ACK_OPENING,19113,40904,1765441894256080
ACK_OPENING,19113,2466,1765441894265681
ACK_OPENING,19113,7043,1765441894269528
ACK_OPENING,19113,18418,1765441894272190
ACK_OPENING,19113,37199,1765441894273528
ACK_OPENING,19113,17678,1765441894277373
ACK_OPENING,19113,65464,1765441894278002
ACK_OPENING,19113,56723,1765441894278178
ACK_OPENING,19113,25738,1765441894279719
ACK_OPENING,19113,9532,1765441894283280
ACK_OPENING,15259,38632,1765441894286869
ACK_OPENING,19113,2879,1765441894289913
ACK_OPENING,19113,41764,1765441894291173
ACK_OPENING,18418,33226,1765441894298584
ACK_OPENING,18699,21573,1765441894300217
ACK_OPENING,19113,14876,1765441894300575
ACK_OPENING,19113,9904,1765441894309323
ACK_OPENING,19113,58563,1765441894321818
ACK_OPENING,51605,23459,1765441894334013
ACK_OPENING,37159,5550,1765441894361444
ACK_OPENING,19113,41930,1765441894367588
ACK_OPENING,19113,35199,1765441894369899
ACK_OPENING,19113,34260,1765441894438789
ACK_OPENING,19113,41128,1765441894440901
ACK_OPENING,19113,59238,1765441894483973
ACK_OPENING,23459,19113,1765441894539363
ACK_OPENING,19113,51605,1765441894546931
ACK_OPENING,19113,49360,1765441894583729
ACK_OPENING,19113,51068,1765441894592757
ACK_OPENING,17678,17385,1765441894604586
ACK_OPENING,37159,44852,1765441894632001
ACK_OPENING,19113,37159,1765441894785719
ACK_OPENING,19113,33014,1765441894797189
ACK_OPENING,41930,38632,1765441894807568
ACK_OPENING,18699,33226,1765441894903883
ACK_OPENING,15259,23459,1765441894944105
ACK_OPENING,14876,21573,1765441894955623
ACK_OPENING,37199,5550,1765441894981143
ACK_OPENING,2466,19113,1765441895120423
ACK_OPENING,18699,17385,1765441895138573
ACK_OPENING,37199,44852,1765441895247653
ACK_OPENING,59238,37159,1765441895372823
ACK_OPENING,59238,38632,1765441895458574
ACK_OPENING,41128,21573,1765441895510390
ACK_OPENING,19113,33226,1765441895520980
ACK_OPENING,41128,23459,1765441895542837
ACK_OPENING,17678,5550,1765441895596466
ACK_OPENING,38632,19113,1765441895685953
ACK_OPENING,37159,17385,1765441895788616
ACK_OPENING,40904,44852,1765441895840887
ACK_OPENING,34260,37159,1765441895988247
ACK_OPENING,41128,21573,1765441896027386
ACK_OPENING,41128,38632,1765441896075207
ACK_OPENING,41128,23459,1765441896081450
ACK_OPENING,7043,33226,1765441896096880
ACK_OPENING,14281,5550,1765441896198378
ACK_OPENING,41930,19113,1765441896302117
ACK_OPENING,62687,44852,1765441896365551
ACK_OPENING,37199,17385,1765441896437748
ACK_OPENING,41764,21573,1765441896529802
ACK_OPENING,18699,23459,1765441896591807
ACK_OPENING,62687,37159,1765441896600356
ACK_OPENING,51605,33226,1765441896621261
ACK_OPENING,2466,38632,1765441896689572
ACK_OPENING,14876,5550,1765441896778831
ACK_OPENING,65464,44852,1765441896867844
ACK_OPENING,61186,19113,1765441896917553
ACK_OPENING,41128,17385,1765441897040902
ACK_OPENING,37159,21573,1765441897044636
ACK_OPENING,59238,33226,1765441897134721
ACK_OPENING,18699,38632,1765441897237850
ACK_OPENING,41930,37159,1765441897250255
ACK_OPENING,19113,23459,1765441897268761
ACK_OPENING,18699,18699,1765441897415712
ACK_OPENING,14876,44852,1765441897423689
ACK_OPENING,44852,5550,1765441897499661
ACK_OPENING,40904,19113,1765441897641729
ACK_OPENING,37199,21573,1765441897884076
ACK_OPENING,62687,33226,1765441897995836
ACK_OPENING,2879,17385,1765441898014934
REGISTER,46220,17678|51068|17385|38632|58563|41128|35199|49360|19113|14281|2466|31878|5550|2661|41764|23459|18922|33226|61186|9532|59238|11006|21573|44852|37159|15259|56723|32939|9904|14876|20724|18699|2879|62687|33014|65464|34260|18418|51605|7270|7043|40904|63047|37199|41930|25738,1765441707731914
ACK_OPENING,18922,18922,1765441898097230
ACK_OPENING,19113,38632,1765441898154763
ACK_OPENING,18699,9904,1765441898171166
ACK_OPENING,18699,35199,1765441898212735
ACK_OPENING,18699,51068,1765441898219949
ACK_OPENING,18699,11006,1765441898232346
ACK_OPENING,18699,15259,1765441898235047
ACK_OPENING,18699,14876,1765441898239509
ACK_OPENING,18699,2661,1765441898240359
ACK_OPENING,18699,32939,1765441898240559
ACK_OPENING,18699,41764,1765441898240825
ACK_OPENING,18699,40904,1765441898241863
ACK_OPENING,18699,9532,1765441898243822
ACK_OPENING,33014,23459,1765441898249568
ACK_OPENING,18699,63047,1765441898251457
ACK_OPENING,18699,2879,1765441898252476
ACK_OPENING,18699,56723,1765441898252589
ACK_OPENING,9532,44852,1765441898265462
ACK_OPENING,18699,14281,1765441898273310
ACK_OPENING,18699,65464,1765441898274857
ACK_OPENING,18699,7043,1765441898275210
ACK_OPENING,18418,5550,1765441898277387
ACK_OPENING,18699,33014,1765441898277853
ACK_OPENING,18699,49360,1765441898285666
ACK_OPENING,18699,7270,1765441898288638
ACK_OPENING,18699,34260,1765441898291758
ACK_OPENING,18699,25738,1765441898295308
ACK_OPENING,18699,51605,1765441898297666
ACK_OPENING,18699,31878,1765441898304485
ACK_OPENING,18699,20724,1765441898310151
ACK_OPENING,18699,18418,1765441898312498
ACK_OPENING,18699,59238,1765441898316619
ACK_OPENING,18699,37199,1765441898325335
ACK_OPENING,18699,19113,1765441898332267
ACK_OPENING,19113,19113,1765441898338182
ACK_OPENING,18699,17678,1765441898339392
ACK_OPENING,58563,37159,1765441898350495
ACK_OPENING,18699,62687,1765441898353698
ACK_OPENING,18699,2466,1765441898356674
ACK_OPENING,19113,18699,1765441898375035
ACK_OPENING,18699,61186,1765441898387003
ACK_OPENING,18699,41930,1765441898388330
ACK_OPENING,18699,58563,1765441898406469
READY,21573,1765441898495027
ACK_OPENING,14281,21573,1765441898495268
ACK_OPENING,18699,41128,1765441898499764
ACK_OPENING,41930,33226,1765441898580848
ACK_OPENING,41764,17385,1765441898637925
ACK_OPENING,25738,18922,1765441898667381
ACK_OPENING,19113,9904,1765441898787287
ACK_OPENING,18418,38632,1765441898795309
ACK_OPENING,19113,15259,1765441898809889
ACK_OPENING,19113,32939,1765441898812052
ACK_OPENING,19113,56723,1765441898826405
ACK_OPENING,33014,44852,1765441898834200
ACK_OPENING,19113,35199,1765441898836838
ACK_OPENING,19113,40904,1765441898846698
ACK_OPENING,19113,11006,1765441898847083
ACK_OPENING,19113,14281,1765441898847218
ACK_OPENING,19113,33014,1765441898849830
ACK_OPENING,19113,14876,1765441898856303
ACK_OPENING,19113,2661,1765441898859847
ACK_OPENING,19113,63047,1765441898870676
ACK_OPENING,25738,23459,1765441898870865
ACK_OPENING,19113,7043,1765441898873361
ACK_OPENING,19113,31878,1765441898874756
ACK_OPENING,19113,65464,1765441898887464
ACK_OPENING,19113,41764,1765441898900510
ACK_OPENING,19113,34260,1765441898916023
ACK_OPENING,19113,7270,1765441898916464
ACK_OPENING,19113,18418,1765441898917148
ACK_OPENING,18922,19113,1765441898917230
ACK_OPENING,19113,25738,1765441898920966
ACK_OPENING,19113,20724,1765441898927914
ACK_OPENING,18699,5550,1765441898945951
ACK_OPENING,19113,62687,1765441898952060
ACK_OPENING,19113,59238,1765441898958736
ACK_OPENING,19113,2466,1765441898978235
ACK_OPENING,19113,2879,1765441898999059
ACK_OPENING,18922,18699,1765441899000489
ACK_OPENING,9532,37159,1765441899012414
ACK_OPENING,19113,9532,1765441899012774
ACK_OPENING,19113,61186,1765441899014485
ACK_OPENING,19113,51605,1765441899020910
ACK_OPENING,19113,41930,1765441899029219
ACK_OPENING,18699,21573,1765441899084321
ACK_OPENING,19113,58563,1765441899130022
ACK_OPENING,19113,41128,1765441899142174
ACK_OPENING,19113,51068,1765441899185245
ACK_OPENING,19113,17678,1765441899196095
ACK_OPENING,19113,37199,1765441899207456
ACK_OPENING,2661,18922,1765441899252340
ACK_OPENING,44852,33226,1765441899255692
ACK_OPENING,2661,17385,1765441899280939
ACK_OPENING,19113,49360,1765441899335949
ACK_OPENING,18922,32939,1765441899394500
ACK_OPENING,18922,9904,1765441899413301
ACK_OPENING,9532,38632,1765441899425657
ACK_OPENING,18922,40904,1765441899429828
ACK_OPENING,18922,33014,1765441899430083
ACK_OPENING,18922,15259,1765441899432009
ACK_OPENING,18922,2661,1765441899437134
ACK_OPENING,18922,56723,1765441899437234
ACK_OPENING,18922,7043,1765441899454512
ACK_OPENING,18922,65464,1765441899474847
ACK_OPENING,18922,31878,1765441899477187
ACK_OPENING,18922,11006,1765441899478466
ACK_OPENING,63047,44852,1765441899487071
ACK_OPENING,18922,14281,1765441899488136
ACK_OPENING,18922,35199,1765441899494260
ACK_OPENING,41930,23459,1765441899500717
ACK_OPENING,18922,34260,1765441899506841
ACK_OPENING,18699,19113,1765441899507886
ACK_OPENING,18922,63047,1765441899521431
ACK_OPENING,18922,25738,1765441899523354
ACK_OPENING,18922,7270,1765441899539886
ACK_OPENING,19113,5550,1765441899543381
ACK_OPENING,18922,14876,1765441899563944
ACK_OPENING,18922,41764,1765441899583781
ACK_OPENING,18922,18418,1765441899602705
ACK_OPENING,18922,61186,1765441899603582
ACK_OPENING,18922,59238,1765441899624414
ACK_OPENING,18922,20724,1765441899626327
ACK_OPENING,41128,37159,1765441899643511
ACK_OPENING,18922,51605,1765441899650435
ACK_OPENING,18922,2466,1765441899652826
ACK_OPENING,19113,21573,1765441899675714
ACK_OPENING,18922,62687,1765441899675820
ACK_OPENING,18922,2879,1765441899713318
ACK_OPENING,18922,41128,1765441899737245
ACK_OPENING,18922,9532,1765441899738636
ACK_OPENING,18922,41930,1765441899741814
ACK_OPENING,18922,58563,1765441899747642
ACK_OPENING,18922,37199,1765441899854980
ACK_OPENING,18699,18922,1765441899860832
ACK_OPENING,63047,17385,1765441899875285
ACK_OPENING,18922,17678,1765441899922529
ACK_OPENING,35199,33226,1765441899936243
ACK_OPENING,18922,51068,1765441899960239
ACK_OPENING,18922,49360,1765441900040172
ACK_OPENING,17678,38632,1765441900058358
ACK_OPENING,18699,44852,1765441900104102
ACK_OPENING,18418,23459,1765441900118141
ACK_OPENING,9532,19113,1765441900126385
ACK_OPENING,11006,5550,1765441900143350
ACK_OPENING,18699,37159,1765441900195853
ACK_OPENING,18699,21573,1765441900249519
ACK_OPENING,2661,18922,1765441900454667
ACK_OPENING,61186,17385,1765441900483931
ACK_OPENING,37199,33226,1765441900512216
ACK_OPENING,9532,38632,1765441900677283
ACK_OPENING,17678,5550,1765441900690846
ACK_OPENING,19113,44852,1765441900718661
ACK_OPENING,2661,23459,1765441900734146
ACK_OPENING,17678,19113,1765441900758292
ACK_OPENING,19113,37159,1765441900781088
ACK_OPENING,15259,18922,1765441900982321
ACK_OPENING,18699,17385,1765441901072049
ACK_OPENING,18699,33226,1765441901081369
ACK_OPENING,19113,21573,1765441901177275
ACK_OPENING,31878,5550,1765441901265770
ACK_OPENING,2466,44852,1765441901266476
ACK_OPENING,2661,23459,1765441901282159
ACK_OPENING,33014,38632,1765441901295491
ACK_OPENING,18922,37159,1765441901397016
ACK_OPENING,62687,18922,1765441901479379
ACK_OPENING,20724,19113,1765441901691021
ACK_OPENING,19113,17385,1765441901728042
ACK_OPENING,19113,33226,1765441901766031
ACK_OPENING,2466,38632,1765441901841789
ACK_OPENING,2661,44852,1765441901916090
ACK_OPENING,31878,18922,1765441901969753
ACK_OPENING,7270,37159,1765441901999986
ACK_OPENING,18922,21573,1765441902032601
ACK_OPENING,9904,5550,1765441902115779
ACK_OPENING,33014,23459,1765441902290431
READY,17385,1765441902457727
ACK_OPENING,21573,17385,1765441902457700
ACK_OPENING,5550,19113,1765441902458177
ACK_OPENING,18922,33226,1765441902470207
ACK_OPENING,46220,46220,1765441902612981
REGISTER,60886,58563|41128|35199|49360|17678|51068|17385|38632|19113|14281|2466|31878|5550|2661|41764|23459|18922|61186|9532|59238|11006|33226|15259|56723|32939|9904|21573|44852|37159|20724|18699|2879|62687|14876|51605|7270|7043|40904|33014|65464|34260|18418|63047|46220|37199|41930|25738,1765441707785153
ACK_OPENING,58563,44852,1765441902669360
ACK_OPENING,41764,37159,1765441902710748
ACK_OPENING,31878,38632,1765441902724572
ACK_OPENING,14876,18922,1765441902800510
ACK_OPENING,2466,23459,1765441902943675
ACK_OPENING,46220,14281,1765441903008906
ACK_OPENING,46220,11006,1765441903038954
ACK_OPENING,46220,41930,1765441903043225
ACK_OPENING,46220,21573,1765441903061597
ACK_OPENING,46220,7043,1765441903062367
ACK_OPENING,46220,33014,1765441903062443
ACK_OPENING,41128,33226,1765441903063250
ACK_OPENING,18699,17385,1765441903065394
ACK_OPENING,46220,15259,1765441903068854
ACK_OPENING,46220,65464,1765441903071663
ACK_OPENING,46220,18699,1765441903073975
ACK_OPENING,46220,31878,1765441903078683
ACK_OPENING,14281,19113,1765441903080615
ACK_OPENING,46220,2466,1765441903105883
ACK_OPENING,46220,34260,1765441903106432
ACK_OPENING,46220,35199,1765441903112077
ACK_OPENING,46220,63047,1765441903118940
ACK_OPENING,46220,32939,1765441903152768
ACK_OPENING,2661,5550,1765441903155024
ACK_OPENING,46220,17678,1765441903155928
ACK_OPENING,46220,7270,1765441903160371
ACK_OPENING,46220,20724,1765441903171948
ACK_OPENING,46220,59238,1765441903176528
ACK_OPENING,46220,49360,1765441903188336
ACK_OPENING,46220,25738,1765441903207763
ACK_OPENING,46220,9532,1765441903225770
ACK_OPENING,46220,37199,1765441903247025
ACK_OPENING,46220,58563,1765441903247688
ACK_OPENING,46220,51068,1765441903254582
ACK_OPENING,46220,56723,1765441903260594
ACK_OPENING,46220,40904,1765441903264169
ACK_OPENING,46220,14876,1765441903264875
ACK_OPENING,46220,41764,1765441903274906
ACK_OPENING,46220,2661,1765441903278764
ACK_OPENING,9532,44852,1765441903279987
ACK_OPENING,2661,46220,1765441903297973
ACK_OPENING,9532,37159,1765441903298380
ACK_OPENING,46220,2879,1765441903308614
ACK_OPENING,46220,62687,1765441903314363
ACK_OPENING,46220,41128,1765441903347727
ACK_OPENING,46220,9904,1765441903348385
ACK_OPENING,46220,18418,1765441903351486
ACK_OPENING,46220,51605,1765441903364086
ACK_OPENING,46220,61186,1765441903378169
ACK_OPENING,46220,18922,1765441903446348
ACK_OPENING,21573,38632,1765441903475190
ACK_OPENING,18699,23459,1765441903601452
ACK_OPENING,33014,33226,1765441903647750
ACK_OPENING,2661,19113,1765441903675413
ACK_OPENING,19113,17385,1765441903697132
ACK_OPENING,9532,5550,1765441903784214
ACK_OPENING,35199,37159,1765441903843212
ACK_OPENING,41128,44852,1765441903894641
ACK_OPENING,49360,46220,1765441903918956
ACK_OPENING,18699,38632,1765441904016177
ACK_OPENING,46220,18922,1765441904063650
ACK_OPENING,19113,23459,1765441904218731
ACK_OPENING,34260,33226,1765441904227247
ACK_OPENING,31878,19113,1765441904295881
ACK_OPENING,18922,17385,1765441904314397
ACK_OPENING,33014,37159,1765441904365146
ACK_OPENING,2661,5550,1765441904402351
ACK_OPENING,41128,46220,1765441904468317
ACK_OPENING,9904,44852,1765441904473824
ACK_OPENING,19113,38632,1765441904595292
ACK_OPENING,17385,18922,1765441904682451
ACK_OPENING,41128,33226,1765441904755007
ACK_OPENING,18922,23459,1765441904833971
ACK_OPENING,2661,37159,1765441904878529
ACK_OPENING,46220,19113,1765441904913347
ACK_OPENING,46220,17385,1765441904930860
ACK_OPENING,61186,46220,1765441904975765
ACK_OPENING,18699,5550,1765441905004237
ACK_OPENING,18922,38632,1765441905110326
ACK_OPENING,17678,44852,1765441905170521
ACK_OPENING,7270,18922,1765441905234465
ACK_OPENING,11006,33226,1765441905262004
ACK_OPENING,7270,23459,1765441905392596
ACK_OPENING,56723,46220,1765441905480086
ACK_OPENING,46220,19113,1765441905514511
ACK_OPENING,33014,37159,1765441905531344
ACK_OPENING,46220,17385,1765441905547836
ACK_OPENING,2466,5550,1765441905552295
ACK_OPENING,51605,18922,1765441905744979
ACK_OPENING,18699,44852,1765441905807837
ACK_OPENING,5550,46220,1765441905987057
ACK_OPENING,41128,23459,1765441906038209
ACK_OPENING,41128,19113,1765441906063589
ACK_OPENING,19113,5550,1765441906065447
ACK_OPENING,51068,38632,1765441906089284
ACK_OPENING,46220,37159,1765441906146072
ACK_OPENING,20724,18922,1765441906243347
ACK_OPENING,5550,33226,1765441906249019
ACK_OPENING,41930,44852,1765441906349969
ACK_OPENING,62687,23459,1765441906533442
ACK_OPENING,51605,46220,1765441906571709
ACK_OPENING,7043,19113,1765441906573405
ACK_OPENING,18922,5550,1765441906746914
ACK_OPENING,49360,38632,1765441906915681
ACK_OPENING,61186,61186,1765441906934503
ACK_OPENING,61186,61186,1765441906940330
ACK_OPENING,19113,44852,1765441906959641
ACK_OPENING,46220,37159,1765441907025465
ACK_OPENING,11006,18922,1765441907089242
ACK_OPENING,65464,33226,1765441907118228
ACK_OPENING,60886,60886,1765441907269663
ACK_OPENING,33014,19113,1765441907309388
REGISTER,9062,17678|51068|17385|38632|58563|41128|35199|49360|19113|14281|2466|31878|5550|2661|41764|23459|18922|33226|61186|9532|59238|11006|21573|44852|37159|15259|56723|32939|9904|14876|20724|18699|2879|62687|33014|65464|34260|18418|51605|7270|7043|40904|63047|46220|60886|37199|41930|25738,1765441707906652
ACK_OPENING,21573,23459,1765441907478804
ACK_OPENING,65464,46220,1765441907484659
ACK_OPENING,33014,5550,1765441907566461
ACK_OPENING,61186,51605,1765441907575855
ACK_OPENING,61186,18418,1765441907576969
ACK_OPENING,61186,17678,1765441907603584
ACK_OPENING,61186,65464,1765441907615287
ACK_OPENING,61186,58563,1765441907616998
ACK_OPENING,41128,38632,1765441907619590
ACK_OPENING,61186,31878,1765441907625362
ACK_OPENING,61186,40904,1765441907626869
ACK_OPENING,61186,2879,1765441907628288
ACK_OPENING,61186,11006,1765441907629662
ACK_OPENING,61186,41764,1765441907632286
ACK_OPENING,61186,33014,1765441907646770
ACK_OPENING,61186,35199,1765441907656035
ACK_OPENING,61186,18699,1765441907659196
ACK_OPENING,61186,59238,1765441907659967
ACK_OPENING,61186,2661,1765441907663582
ACK_OPENING,61186,32939,1765441907669496
ACK_OPENING,61186,25738,1765441907672940
ACK_OPENING,61186,14876,1765441907673743
ACK_OPENING,61186,51068,1765441907679820
ACK_OPENING,60886,61186,1765441907680977
ACK_OPENING,61186,17385,1765441907687488
ACK_OPENING,61186,15259,1765441907702081
ACK_OPENING,61186,41128,1765441907705686
ACK_OPENING,61186,49360,1765441907706129
ACK_OPENING,61186,63047,1765441907716763
ACK_OPENING,61186,7270,1765441907716978
ACK_OPENING,61186,9904,1765441907723579
ACK_OPENING,61186,34260,1765441907730368
ACK_OPENING,61186,2466,1765441907732394
ACK_OPENING,61186,7043,1765441907738438
ACK_OPENING,61186,62687,1765441907745249
ACK_OPENING,61186,9532,1765441907746611
ACK_OPENING,61186,37199,1765441907755548
ACK_OPENING,61186,21573,1765441907758312
ACK_OPENING,61186,56723,1765441907781207
ACK_OPENING,9904,37159,1765441907788350
ACK_OPENING,46220,33226,1765441907800991
ACK_OPENING,34260,18922,1765441907833233
ACK_OPENING,61186,14281,1765441907880536
ACK_OPENING,40904,60886,1765441907913692
ACK_OPENING,61186,20724,1765441907922134
ACK_OPENING,61186,41930,1765441907926084
ACK_OPENING,49360,19113,1765441907962954
ACK_OPENING,18922,44852,1765441907972559
ACK_OPENING,41764,23459,1765441908107185
ACK_OPENING,61186,51605,1765441908192644
ACK_OPENING,33014,38632,1765441908194785
ACK_OPENING,61186,41764,1765441908209220
ACK_OPENING,61186,65464,1765441908209346
ACK_OPENING,61186,31878,1765441908222272
ACK_OPENING,21573,5550,1765441908223908
ACK_OPENING,61186,2661,1765441908233691
ACK_OPENING,61186,40904,1765441908234899
ACK_OPENING,61186,18699,1765441908235171
ACK_OPENING,60886,46220,1765441908253042
ACK_OPENING,61186,2879,1765441908261065
ACK_OPENING,61186,15259,1765441908281536
ACK_OPENING,61186,11006,1765441908289848
ACK_OPENING,61186,32939,1765441908290872
ACK_OPENING,61186,18418,1765441908291684
ACK_OPENING,61186,33014,1765441908292115
ACK_OPENING,61186,9904,1765441908293090
ACK_OPENING,61186,17385,1765441908296644
ACK_OPENING,61186,51068,1765441908302012
ACK_OPENING,61186,63047,1765441908318673
ACK_OPENING,61186,59238,1765441908321922
ACK_OPENING,61186,41128,1765441908325194
ACK_OPENING,61186,7043,1765441908353429
ACK_OPENING,61186,49360,1765441908353736
ACK_OPENING,61186,37199,1765441908372416
ACK_OPENING,61186,9532,1765441908379325
ACK_OPENING,61186,35199,1765441908397493
ACK_OPENING,61186,2466,1765441908406687
ACK_OPENING,46220,33226,1765441908424559
ACK_OPENING,61186,62687,1765441908426925
ACK_OPENING,61186,58563,1765441908434791
ACK_OPENING,33226,18922,1765441908448103
ACK_OPENING,61186,17678,1765441908465283
ACK_OPENING,61186,25738,1765441908471718
ACK_OPENING,61186,21573,1765441908472411
ACK_OPENING,61186,14876,1765441908476044
ACK_OPENING,61186,20724,1765441908491188
ACK_OPENING,61186,7270,1765441908532395
ACK_OPENING,41128,60886,1765441908571171
ACK_OPENING,61186,41930,1765441908576368
ACK_OPENING,61186,34260,1765441908591319
ACK_OPENING,2466,19113,1765441908597074
READY,44852,1765441908606636
ACK_OPENING,41764,44852,1765441908606621
ACK_OPENING,61186,14281,1765441908646863
ACK_OPENING,61186,56723,1765441908655653
ACK_OPENING,14281,37159,1765441908666806
ACK_OPENING,2879,23459,1765441908754775
ACK_OPENING,60886,51605,1765441908808018
ACK_OPENING,60886,31878,1765441908815201
ACK_OPENING,60886,18699,1765441908833344
ACK_OPENING,60886,40904,1765441908840639
ACK_OPENING,60886,65464,1765441908840680
ACK_OPENING,32939,5550,1765441908844965
ACK_OPENING,60886,41764,1765441908852442
ACK_OPENING,60886,9904,1765441908872165
ACK_OPENING,2879,38632,1765441908882323
ACK_OPENING,60886,2879,1765441908893792
ACK_OPENING,60886,15259,1765441908895994
ACK_OPENING,60886,32939,1765441908898922
ACK_OPENING,60886,41128,1765441908905951
ACK_OPENING,60886,11006,1765441908906606
ACK_OPENING,60886,2661,1765441908910197
ACK_OPENING,60886,18418,1765441908911063
ACK_OPENING,60886,33014,1765441908913401
ACK_OPENING,60886,51068,1765441908916706
ACK_OPENING,60886,17385,1765441908923538
ACK_OPENING,60886,59238,1765441908943728
ACK_OPENING,60886,37199,1765441908950812
ACK_OPENING,60886,63047,1765441908965632
ACK_OPENING,60886,7043,1765441908970208
ACK_OPENING,60886,49360,1765441908976326
ACK_OPENING,60886,9532,1765441908983338
ACK_OPENING,60886,2466,1765441908987733
ACK_OPENING,60886,46220,1765441909002965
ACK_OPENING,60886,18922,1765441909019602
ACK_OPENING,60886,35199,1765441909020385
ACK_OPENING,60886,20724,1765441909060930
ACK_OPENING,60886,14876,1765441909099481
ACK_OPENING,60886,58563,1765441909103308
ACK_OPENING,60886,62687,1765441909110748
ACK_OPENING,58563,33226,1765441909122364
ACK_OPENING,60886,21573,1765441909138098
ACK_OPENING,60886,17678,1765441909144551
ACK_OPENING,32939,44852,1765441909177862
ACK_OPENING,51605,19113,1765441909227515
ACK_OPENING,60886,7270,1765441909238350
ACK_OPENING,60886,41930,1765441909247960
ACK_OPENING,60886,14281,1765441909283425
ACK_OPENING,59238,60886,1765441909306193
ACK_OPENING,60886,34260,1765441909313368
ACK_OPENING,60886,56723,1765441909349551
ACK_OPENING,2466,23459,1765441909375998
ACK_OPENING,2466,37159,1765441909404782
ACK_OPENING,25738,5550,1765441909465000
ACK_OPENING,58563,38632,1765441909469447
ACK_OPENING,60886,25738,1765441909492585
ACK_OPENING,61186,46220,1765441909606163
ACK_OPENING,60886,18922,1765441909640625
ACK_OPENING,41128,44852,1765441909708322
ACK_OPENING,63047,33226,1765441909752066
ACK_OPENING,65464,19113,1765441909832633
ACK_OPENING,2661,60886,1765441909931423
ACK_OPENING,46220,23459,1765441909959208
ACK_OPENING,25738,37159,1765441910028167
ACK_OPENING,2661,38632,1765441910068615
ACK_OPENING,41930,5550,1765441910080258
ACK_OPENING,61186,46220,1765441910222876
ACK_OPENING,46220,44852,1765441910247494
ACK_OPENING,9532,33226,1765441910374834
ACK_OPENING,7270,19113,1765441910447839
ACK_OPENING,46220,23459,1765441910468866
ACK_OPENING,61186,60886,1765441910483551
ACK_OPENING,61186,18922,1765441910573559
ACK_OPENING,46220,38632,1765441910593209
ACK_OPENING,15259,37159,1765441910651141
ACK_OPENING,41128,5550,1765441910731696
ACK_OPENING,46220,44852,1765441910768543
ACK_OPENING,34260,46220,1765441910837123
ACK_OPENING,32939,33226,1765441911025728
ACK_OPENING,60886,19113,1765441911043326
ACK_OPENING,46220,38632,1765441911087074
ACK_OPENING,58563,23459,1765441911153820
ACK_OPENING,15259,60886,1765441911264703
ACK_OPENING,2466,37159,1765441911350543
ACK_OPENING,60886,44852,1765441911394152
ACK_OPENING,62687,46220,1765441911609161
ACK_OPENING,41764,5550,1765441911618865
ACK_OPENING,9062,9062,1765441911651070
ACK_OPENING,61186,18922,1765441911652545
REGISTER,44156,20724|18699|2879|62687|14876|65464|34260|18418|51605|7270|7043|40904|33014|63047|46220|60886|37199|41930|25738|51068|17385|38632|58563|41128|35199|49360|17678|19113|14281|2466|31878|5550|2661|41764|23459|18922|9062|61186|9532|59238|11006|33226|44852|37159|15259|56723|32939|9904|21573,1765441708277037
ACK_OPENING,18699,23459,1765441911746861
ACK_OPENING,60886,19113,1765441911749989
ACK_OPENING,56723,60886,1765441911916164
ACK_OPENING,49360,33226,1765441911932030
ACK_OPENING,9904,38632,1765441911936711
ACK_OPENING,5550,37159,1765441911959491
ACK_OPENING,60886,44852,1765441911960222
ACK_OPENING,9062,7043,1765441912017040
ACK_OPENING,9062,2466,1765441912036641
ACK_OPENING,9062,41930,1765441912041069
ACK_OPENING,9062,49360,1765441912050748
ACK_OPENING,9062,21573,1765441912065875
ACK_OPENING,9062,15259,1765441912080566
ACK_OPENING,9062,14876,1765441912090224
ACK_OPENING,9062,63047,1765441912112500
ACK_OPENING,9062,62687,1765441912127062
ACK_OPENING,9062,51068,1765441912127707
ACK_OPENING,9062,11006,1765441912137936
ACK_OPENING,9062,59238,1765441912139326
ACK_OPENING,9062,61186,1765441912159751
ACK_OPENING,9062,40904,1765441912162499
ACK_OPENING,9062,14281,1765441912173165
ACK_OPENING,9062,7270,1765441912174227
ACK_OPENING,9062,34260,1765441912177214
ACK_OPENING,9062,17678,1765441912208716
ACK_OPENING,9062,41128,1765441912214816
ACK_OPENING,59238,46220,1765441912217619
ACK_OPENING,9062,58563,1765441912230867
ACK_OPENING,9062,18418,1765441912231618
ACK_OPENING,9062,2661,1765441912233453
ACK_OPENING,9062,41764,1765441912237169
ACK_OPENING,46220,5550,1765441912258433
ACK_OPENING,41128,9062,1765441912272447
ACK_OPENING,9062,65464,1765441912282650
ACK_OPENING,9062,31878,1765441912285906
ACK_OPENING,41128,18922,1765441912286377
ACK_OPENING,9062,18699,1765441912289004
ACK_OPENING,9062,20724,1765441912307910
ACK_OPENING,9062,51605,1765441912313508
ACK_OPENING,9062,17385,1765441912316856
ACK_OPENING,9062,25738,1765441912322351
ACK_OPENING,9062,33014,1765441912323301
ACK_OPENING,9062,9904,1765441912331930
ACK_OPENING,9062,2879,1765441912335472
ACK_OPENING,9062,37199,1765441912340363
ACK_OPENING,9062,9532,1765441912342769
ACK_OPENING,32939,23459,1765441912359234
ACK_OPENING,61186,19113,1765441912367660
ACK_OPENING,9062,32939,1765441912386968
ACK_OPENING,9062,56723,1765441912480373
ACK_OPENING,9062,35199,1765441912524748
ACK_OPENING,17385,33226,1765441912526120
ACK_OPENING,9062,60886,1765441912532754
ACK_OPENING,61186,44852,1765441912544815
ACK_OPENING,61186,38632,1765441912552413
ACK_OPENING,60886,37159,1765441912578466
ACK_OPENING,2661,23459,1765441912844942
ACK_OPENING,46220,5550,1765441912877052
ACK_OPENING,56723,9062,1765441912888621
ACK_OPENING,9532,18922,1765441912901268
ACK_OPENING,33014,46220,1765441912964528
ACK_OPENING,61186,19113,1765441912984569
ACK_OPENING,61186,44852,1765441913077498
ACK_OPENING,5550,38632,1765441913135122
ACK_OPENING,2661,60886,1765441913148000
ACK_OPENING,17678,33226,1765441913150309
ACK_OPENING,60886,37159,1765441913193164
ACK_OPENING,14281,23459,1765441913324814
ACK_OPENING,41128,5550,1765441913445570
ACK_OPENING,38632,18922,1765441913496923
ACK_OPENING,7043,46220,1765441913536784
ACK_OPENING,56723,19113,1765441913579230
ACK_OPENING,9062,44852,1765441913598800
ACK_OPENING,51068,9062,1765441913646814
ACK_OPENING,7043,38632,1765441913697471
ACK_OPENING,58563,60886,1765441913761931
ACK_OPENING,60886,33226,1765441913932161
ACK_OPENING,14876,23459,1765441913972166
ACK_OPENING,58563,5550,1765441914062322
ACK_OPENING,15259,19113,1765441914133900
ACK_OPENING,61186,37159,1765441914137606
ACK_OPENING,40904,46220,1765441914154940
ACK_OPENING,37159,18922,1765441914160610
ACK_OPENING,7270,38632,1765441914213739
ACK_OPENING,60886,9062,1765441914327278
ACK_OPENING,2466,60886,1765441914377991
ACK_OPENING,11006,23459,1765441914513655
ACK_OPENING,60886,33226,1765441914550717
ACK_OPENING,40904,5550,1765441914685668
ACK_OPENING,15259,19113,1765441914685999
ACK_OPENING,11006,38632,1765441914741137
ACK_OPENING,49360,37159,1765441914763359
ACK_OPENING,9062,46220,1765441914772288
ACK_OPENING,7043,9062,1765441914945734
ACK_OPENING,58563,60886,1765441914954122
ACK_OPENING,60886,23459,1765441915012882
ACK_OPENING,51068,18922,1765441915132520
ACK_OPENING,61186,33226,1765441915206949
ACK_OPENING,56723,5550,1765441915264285
READY,5550,1765441915264317
ACK_OPENING,15259,46220,1765441915312984
ACK_OPENING,60886,38632,1765441915390961
ACK_OPENING,41764,19113,1765441915401109
ACK_OPENING,60886,23459,1765441915519597
ACK_OPENING,44852,44852,1765441915543679
ACK_OPENING,51605,9062,1765441915709270
ACK_OPENING,61186,37159,1765441915787704
ACK_OPENING,2879,60886,1765441915847662
ACK_OPENING,59238,18922,1765441916130657
ACK_OPENING,60886,5550,1765441916150526
ACK_OPENING,17678,46220,1765441916170396
ACK_OPENING,61186,33226,1765441916182168
ACK_OPENING,44156,44156,1765441916286243
ACK_OPENING,44852,59238,1765441916328354
ACK_OPENING,44852,51068,1765441916348760
ACK_OPENING,37159,19113,1765441916350767
ACK_OPENING,44852,49360,1765441916355034
ACK_OPENING,61186,23459,1765441916358985
ACK_OPENING,44852,18699,1765441916383760
ACK_OPENING,44852,41128,1765441916386464
ACK_OPENING,44852,51605,1765441916387475
ACK_OPENING,44852,15259,1765441916393766
ACK_OPENING,44852,63047,1765441916396312
ACK_OPENING,44852,2466,1765441916396478
ACK_OPENING,44852,25738,1765441916405312
ACK_OPENING,44852,18418,1765441916408052
ACK_OPENING,44852,9904,1765441916409682
ACK_OPENING,44852,9532,1765441916410972
ACK_OPENING,44852,17385,1765441916417166
ACK_OPENING,44852,31878,1765441916422101
ACK_OPENING,44852,34260,1765441916422826
ACK_OPENING,44852,20724,1765441916425577
ACK_OPENING,44852,41764,1765441916425970
ACK_OPENING,44852,11006,1765441916427071
ACK_OPENING,44852,35199,1765441916432810
ACK_OPENING,44852,7270,1765441916434787
ACK_OPENING,44852,14876,1765441916436847
ACK_OPENING,44852,41930,1765441916437047
ACK_OPENING,44852,61186,1765441916438244
ACK_OPENING,44852,33014,1765441916448041
ACK_OPENING,44852,2879,1765441916468128
ACK_OPENING,44852,21573,1765441916471322
ACK_OPENING,44852,32939,1765441916471769
ACK_OPENING,44852,14281,1765441916475561
ACK_OPENING,62687,38632,1765441916478063
ACK_OPENING,44852,7043,1765441916480976
ACK_OPENING,44852,58563,1765441916484738
ACK_OPENING,44852,62687,1765441916489873
ACK_OPENING,44852,9062,1765441916506102
ACK_OPENING,44852,17678,1765441916535960
ACK_OPENING,44852,2661,1765441916558494
ACK_OPENING,44852,40904,1765441916593877
ACK_OPENING,44852,65464,1765441916603346
ACK_OPENING,44852,56723,1765441916608788
ACK_OPENING,44156,44852,1765441916617637
ACK_OPENING,37199,60886,1765441916643976
ACK_OPENING,38632,37159,1765441916650312
ACK_OPENING,44852,37199,1765441916709445
ACK_OPENING,60886,5550,1765441916766193
ACK_OPENING,18699,33226,1765441916823590
ACK_OPENING,9062,18922,1765441916905105
ACK_OPENING,51605,44156,1765441916911594
ACK_OPENING,44156,49360,1765441916936175
ACK_OPENING,44156,59238,1765441916951504
ACK_OPENING,44156,41128,1765441916964686
ACK_OPENING,61186,23459,1765441916976742
ACK_OPENING,32939,19113,1765441916992370
ACK_OPENING,44156,31878,1765441916995640
ACK_OPENING,44156,17385,1765441916997446
ACK_OPENING,44156,18699,1765441917001254
ACK_OPENING,44156,18418,1765441917018609
ACK_OPENING,44156,20724,1765441917021528
ACK_OPENING,44156,2466,1765441917026951
ACK_OPENING,44156,15259,1765441917027236
ACK_OPENING,44156,33014,1765441917027550
ACK_OPENING,44156,9904,1765441917029775
ACK_OPENING,44156,25738,1765441917041899
ACK_OPENING,44156,41930,1765441917055914
ACK_OPENING,44156,7270,1765441917056807
ACK_OPENING,44156,61186,1765441917057083
ACK_OPENING,44156,14876,1765441917058924
ACK_OPENING,44156,63047,1765441917065442
ACK_OPENING,44156,11006,1765441917077133
ACK_OPENING,44156,34260,1765441917082005
ACK_OPENING,44156,51068,1765441917087254
ACK_OPENING,44156,32939,1765441917089113
ACK_OPENING,44156,2879,1765441917092129
ACK_OPENING,44156,14281,1765441917094046
ACK_OPENING,44156,7043,1765441917098196
ACK_OPENING,44156,35199,1765441917100563
ACK_OPENING,60886,38632,1765441917102275
ACK_OPENING,44156,21573,1765441917110751
ACK_OPENING,44156,58563,1765441917110993
ACK_OPENING,44156,62687,1765441917117824
ACK_OPENING,49360,9062,1765441917126286
ACK_OPENING,44156,51605,1765441917143569
ACK_OPENING,44156,17678,1765441917164127
ACK_OPENING,18418,46220,1765441917176439
ACK_OPENING,44156,2661,1765441917177756
ACK_OPENING,44156,9532,1765441917183605
ACK_OPENING,44156,41764,1765441917206204
ACK_OPENING,44156,40904,1765441917214631
ACK_OPENING,33226,37159,1765441917242068
ACK_OPENING,44852,60886,1765441917249102
ACK_OPENING,44156,56723,1765441917271023
ACK_OPENING,44156,65464,1765441917274566
ACK_OPENING,61186,5550,1765441917389834
ACK_OPENING,14281,33226,1765441917439805
ACK_OPENING,51068,23459,1765441917506764
ACK_OPENING,44156,37199,1765441917528160
ACK_OPENING,41930,44156,1765441917532438
ACK_OPENING,58563,18922,1765441917555881
ACK_OPENING,33014,19113,1765441917611120
ACK_OPENING,17678,46220,1765441917729228
ACK_OPENING,44156,9062,1765441917733485
ACK_OPENING,61186,38632,1765441917781439
ACK_OPENING,23459,37159,1765441917857930
ACK_OPENING,44156,60886,1765441917859929
ACK_OPENING,61186,5550,1765441917911516
ACK_OPENING,37199,23459,1765441918023707
ACK_OPENING,7270,33226,1765441918084005
ACK_OPENING,18699,44156,1765441918155329
ACK_OPENING,58563,18922,1765441918198642
ACK_OPENING,9062,19113,1765441918227216
ACK_OPENING,41930,46220,1765441918282608
ACK_OPENING,15259,9062,1765441918350467
ACK_OPENING,9062,5550,1765441918422560
ACK_OPENING,61186,38632,1765441918428557
ACK_OPENING,65464,60886,1765441918474357
ACK_OPENING,37199,37159,1765441918476514
ACK_OPENING,31878,23459,1765441918507850
ACK_OPENING,2466,33226,1765441918706345
ACK_OPENING,21573,19113,1765441918818473
ACK_OPENING,2466,46220,1765441918827077
ACK_OPENING,62687,18922,1765441918839087
ACK_OPENING,9532,9062,1765441918929768
ACK_OPENING,60886,44156,1765441918930555
ACK_OPENING,44852,5550,1765441918945444
ACK_OPENING,44852,23459,1765441918988765
ACK_OPENING,63047,38632,1765441919017192
ACK_OPENING,2466,60886,1765441919039245
ACK_OPENING,40904,37159,1765441919083214
ACK_OPENING,2661,33226,1765441919297839
ACK_OPENING,14281,46220,1765441919372215
ACK_OPENING,41930,9062,1765441919454584
ACK_OPENING,56723,18922,1765441919465547
ACK_OPENING,44156,5550,1765441919469275
ACK_OPENING,17385,19113,1765441919521744
ACK_OPENING,7270,44156,1765441919549902
ACK_OPENING,56723,38632,1765441919592819
ACK_OPENING,56723,23459,1765441919636510
ACK_OPENING,9062,37159,1765441919731600
ACK_OPENING,25738,60886,1765441919833777
ACK_OPENING,41930,33226,1765441919906309
ACK_OPENING,44156,46220,1765441919944929
READY,38632,1765441920116527
ACK_OPENING,25738,38632,1765441920116563
ACK_OPENING,17678,9062,1765441920118937
ACK_OPENING,17678,18922,1765441920133283
ACK_OPENING,33014,44156,1765441920154168
ACK_OPENING,2879,19113,1765441920172889
ACK_OPENING,32939,37159,1765441920348063
ACK_OPENING,34260,23459,1765441920384902
ACK_OPENING,35199,60886,1765441920483303
ACK_OPENING,44852,46220,1765441920491785
ACK_OPENING,41764,33226,1765441920529157
ACK_OPENING,9062,38632,1765441920658185
ACK_OPENING,65464,18922,1765441920719587
ACK_OPENING,41128,9062,1765441920751439
ACK_OPENING,58563,19113,1765441920806604
ACK_OPENING,33226,44156,1765441920821520
ACK_OPENING,37199,37159,1765441920991427
ACK_OPENING,5550,23459,1765441921005404
ACK_OPENING,23459,60886,1765441921051781
ACK_OPENING,11006,46220,1765441921052590
ACK_OPENING,9062,33226,1765441921143951
ACK_OPENING,44852,38632,1765441921157729
ACK_OPENING,44852,18922,1765441921241794
ACK_OPENING,58563,9062,1765441921401456
ACK_OPENING,37199,19113,1765441921421246
ACK_OPENING,9062,44156,1765441921424442
ACK_OPENING,9062,23459,1765441921620073
ACK_OPENING,18418,37159,1765441921639830
ACK_OPENING,44156,38632,1765441921657363
ACK_OPENING,15259,60886,1765441921670687
ACK_OPENING,58563,46220,1765441921714294
ACK_OPENING,15259,33226,1765441921759177
ACK_OPENING,44156,18922,1765441921891832
ACK_OPENING,37199,44156,1765441921975427
ACK_OPENING,59238,9062,1765441922017059
ACK_OPENING,34260,19113,1765441922036344
ACK_OPENING,61186,23459,1765441922201781
ACK_OPENING,58563,37159,1765441922254700
ACK_OPENING,34260,60886,1765441922276572
ACK_OPENING,21573,33226,1765441922318236
ACK_OPENING,56723,44156,1765441922498350
ACK_OPENING,35199,18922,1765441922508679
ACK_OPENING,2661,46220,1765441922587168
ACK_OPENING,2661,19113,1765441922618230
ACK_OPENING,18699,9062,1765441922773171
ACK_OPENING,23459,33226,1765441922862674
ACK_OPENING,17678,37159,1765441922869925
ACK_OPENING,11006,60886,1765441922925429
ACK_OPENING,19113,44156,1765441923046770
ACK_OPENING,15259,23459,1765441923101961
ACK_OPENING,49360,18922,1765441923122195
ACK_OPENING,44852,19113,1765441923153583
ACK_OPENING,58563,46220,1765441923231993
ACK_OPENING,15259,9062,1765441923390883
ACK_OPENING,9532,33226,1765441923405750
ACK_OPENING,41930,37159,1765441923420750
ACK_OPENING,51068,60886,1765441923539865
ACK_OPENING,61186,44156,1765441923613032
ACK_OPENING,44156,19113,1765441923668339
ACK_OPENING,37199,18922,1765441923736084
ACK_OPENING,9532,23459,1765441923769442
ACK_OPENING,2466,46220,1765441923825105
ACK_OPENING,44156,37159,1765441923927110
ACK_OPENING,14876,33226,1765441923934306
ACK_OPENING,19113,9062,1765441924006688
ACK_OPENING,37199,19113,1765441924171792
ACK_OPENING,33014,18922,1765441924229134
ACK_OPENING,35199,44156,1765441924313511
ACK_OPENING,17678,60886,1765441924339346
ACK_OPENING,9904,23459,1765441924384459
ACK_OPENING,44852,37159,1765441924413999
ACK_OPENING,18699,46220,1765441924443986
ACK_OPENING,9904,33226,1765441924531448
ACK_OPENING,33226,9062,1765441924594128
ACK_OPENING,25738,19113,1765441924709469
ACK_OPENING,18699,18922,1765441924737670
ACK_OPENING,2879,37159,1765441924909442
ACK_OPENING,32939,44156,1765441924945914
ACK_OPENING,62687,23459,1765441924962209
ACK_OPENING,19113,46220,1765441924974213
ACK_OPENING,46220,60886,1765441924975215
ACK_OPENING,18418,9062,1765441925110873
ACK_OPENING,44156,33226,1765441925147975
ACK_OPENING,59238,19113,1765441925215860
ACK_OPENING,21573,18922,1765441925238956
ACK_OPENING,20724,46220,1765441925494673
ACK_OPENING,2661,37159,1765441925550004
ACK_OPENING,33014,44156,1765441925561194
ACK_OPENING,61186,9062,1765441925596547
READY,23459,1765441925613554
ACK_OPENING,63047,23459,1765441925613615
ACK_OPENING,41930,60886,1765441925671028
ACK_OPENING,18418,18922,1765441925733554
ACK_OPENING,44852,33226,1765441925924130
ACK_OPENING,11006,19113,1765441925993950
ACK_OPENING,2879,46220,1765441926024715
ACK_OPENING,17678,37159,1765441926088269
ACK_OPENING,9532,44156,1765441926142910
ACK_OPENING,44852,23459,1765441926234319
ACK_OPENING,9532,60886,1765441926301644
ACK_OPENING,41930,18922,1765441926382883
ACK_OPENING,14281,9062,1765441926572452
ACK_OPENING,2661,46220,1765441926576147
ACK_OPENING,62687,33226,1765441926577615
ACK_OPENING,62687,37159,1765441926601318
ACK_OPENING,51068,19113,1765441926617355
ACK_OPENING,2661,44156,1765441926762174
ACK_OPENING,44156,23459,1765441926845661
ACK_OPENING,17385,60886,1765441926909535
ACK_OPENING,23459,18922,1765441926962527
ACK_OPENING,51068,37159,1765441927085942
ACK_OPENING,33014,46220,1765441927109239
ACK_OPENING,17678,9062,1765441927222165
ACK_OPENING,2466,33226,1765441927228908
ACK_OPENING,9904,19113,1765441927233464
ACK_OPENING,41930,44156,1765441927371964
ACK_OPENING,49360,60886,1765441927402162
ACK_OPENING,44852,37159,1765441927573428
ACK_OPENING,18699,18922,1765441927629855
ACK_OPENING,41128,46220,1765441927808030
ACK_OPENING,17678,33226,1765441927822787
ACK_OPENING,2661,9062,1765441927836976
ACK_OPENING,18699,60886,1765441927903797
ACK_OPENING,37159,44156,1765441927909625
ACK_OPENING,18418,19113,1765441928032421
ACK_OPENING,18699,37159,1765441928222039
ACK_OPENING,19113,18922,1765441928254318
ACK_OPENING,41930,60886,1765441928403205
ACK_OPENING,40904,9062,1765441928426438
ACK_OPENING,34260,44156,1765441928432763
ACK_OPENING,7270,46220,1765441928438205
ACK_OPENING,38632,33226,1765441928447110
ACK_OPENING,58563,19113,1765441928665965
ACK_OPENING,14876,37159,1765441928838464
ACK_OPENING,41128,60886,1765441928897577
ACK_OPENING,14281,18922,1765441928904185
ACK_OPENING,44852,44156,1765441928957789
ACK_OPENING,2466,9062,1765441928959107
ACK_OPENING,56723,33226,1765441929037140
ACK_OPENING,33014,46220,1765441929053362
ACK_OPENING,2661,60886,1765441929411808
ACK_OPENING,17678,19113,1765441929449575
ACK_OPENING,14876,9062,1765441929465304
ACK_OPENING,9904,18922,1765441929494788
ACK_OPENING,15259,44156,1765441929591479
ACK_OPENING,51068,33226,1765441929595337
ACK_OPENING,9532,46220,1765441929680093
ACK_OPENING,41128,37159,1765441929830483
ACK_OPENING,61186,60886,1765441929918543
ACK_OPENING,20724,9062,1765441929954765
ACK_OPENING,41128,18922,1765441930007055
ACK_OPENING,62687,19113,1765441930093839
ACK_OPENING,20724,44156,1765441930208073
ACK_OPENING,25738,46220,1765441930295724
ACK_OPENING,32939,33226,1765441930313165
ACK_OPENING,14876,60886,1765441930435723
ACK_OPENING,32939,37159,1765441930481040
ACK_OPENING,40904,18922,1765441930522330
ACK_OPENING,2879,9062,1765441930632032
ACK_OPENING,41128,19113,1765441930710530
ACK_OPENING,33014,33226,1765441930922526
ACK_OPENING,18699,60886,1765441930933531
ACK_OPENING,63047,46220,1765441930951563
ACK_OPENING,2466,18922,1765441931023000
ACK_OPENING,41128,37159,1765441931128936
ACK_OPENING,37199,44156,1765441931130604
ACK_OPENING,9532,9062,1765441931258214
ACK_OPENING,35199,19113,1765441931325966
ACK_OPENING,41128,60886,1765441931437303
ACK_OPENING,15259,46220,1765441931498719
ACK_OPENING,41764,18922,1765441931527105
READY,33226,1765441931544587
ACK_OPENING,2879,33226,1765441931544663
ACK_OPENING,58563,44156,1765441931687032
ACK_OPENING,63047,37159,1765441931777392
ACK_OPENING,21573,9062,1765441931873296
ACK_OPENING,2661,19113,1765441931898205
ACK_OPENING,62687,60886,1765441931933970
ACK_OPENING,17385,46220,1765441932012692
ACK_OPENING,40904,44156,1765441932192202
ACK_OPENING,33014,18922,1765441932301591
ACK_OPENING,21573,37159,1765441932394234
ACK_OPENING,14281,60886,1765441932434871
ACK_OPENING,41930,9062,1765441932468527
ACK_OPENING,37159,46220,1765441932524900
ACK_OPENING,18699,19113,1765441932545753
ACK_OPENING,41128,44156,1765441932715823
ACK_OPENING,2879,18922,1765441932920687
ACK_OPENING,18699,9062,1765441933009735
ACK_OPENING,17385,37159,1765441933036338
ACK_OPENING,37199,46220,1765441933079938
ACK_OPENING,37159,60886,1765441933086983
ACK_OPENING,41930,19113,1765441933096685
ACK_OPENING,44852,44156,1765441933303747
ACK_OPENING,9904,9062,1765441933491767
ACK_OPENING,15259,18922,1765441933539234
ACK_OPENING,33014,37159,1765441933578966
ACK_OPENING,37199,46220,1765441933632638
ACK_OPENING,62687,60886,1765441933702549
ACK_OPENING,63047,19113,1765441933749286
ACK_OPENING,5550,44156,1765441933865541
ACK_OPENING,51605,37159,1765441934081165
ACK_OPENING,2466,18922,1765441934119005
ACK_OPENING,41930,46220,1765441934152244
ACK_OPENING,65464,9062,1765441934214392
ACK_OPENING,19113,60886,1765441934340357
ACK_OPENING,32939,19113,1765441934366270
ACK_OPENING,7043,44156,1765441934384011
ACK_OPENING,7043,37159,1765441934576983
ACK_OPENING,37199,18922,1765441934640096
ACK_OPENING,5550,9062,1765441934840838
ACK_OPENING,51605,60886,1765441934879633
ACK_OPENING,18418,44156,1765441934891254
ACK_OPENING,18699,46220,1765441934927389
ACK_OPENING,62687,19113,1765441934975855
ACK_OPENING,56723,37159,1765441935063333
ACK_OPENING,2661,18922,1765441935135627
ACK_OPENING,21573,44156,1765441935394169
ACK_OPENING,62687,9062,1765441935488805
ACK_OPENING,9532,19113,1765441935523778
ACK_OPENING,7043,60886,1765441935529160
ACK_OPENING,35199,46220,1765441935541117
ACK_OPENING,31878,37159,1765441935555426
READY,37159,1765441935555454
ACK_OPENING,32939,18922,1765441935623865
ACK_OPENING,17678,44156,1765441935899680
ACK_OPENING,14876,19113,1765441936044457
ACK_OPENING,38632,9062,1765441936105030
ACK_OPENING,61186,18922,1765441936123211
ACK_OPENING,41764,46220,1765441936189509
ACK_OPENING,9904,60886,1765441936230190
ACK_OPENING,59238,44156,1765441936398245
ACK_OPENING,7043,18922,1765441936625268
ACK_OPENING,41128,19113,1765441936695054
ACK_OPENING,44852,9062,1765441936714511
ACK_OPENING,18418,60886,1765441936940081
ACK_OPENING,32939,46220,1765441936983908
ACK_OPENING,58563,44156,1765441936989487
ACK_OPENING,63047,18922,1765441937130189
ACK_OPENING,18922,9062,1765441937252477
ACK_OPENING,33226,19113,1765441937317595
READY,19113,1765441937337526
ACK_OPENING,49360,44156,1765441937503600
ACK_OPENING,7270,60886,1765441937571279
ACK_OPENING,32939,46220,1765441937592033
ACK_OPENING,32939,18922,1765441937664947
ACK_OPENING,58563,9062,1765441937777106
ACK_OPENING,33014,19113,1765441937934550
ACK_OPENING,14281,44156,1765441938012813
ACK_OPENING,17678,18922,1765441938171397
ACK_OPENING,33014,60886,1765441938185988
ACK_OPENING,38632,46220,1765441938206935
ACK_OPENING,32939,9062,1765441938275179
ACK_OPENING,32939,44156,1765441938527885
ACK_OPENING,9532,18922,1765441938678804
ACK_OPENING,17678,60886,1765441938749867
ACK_OPENING,33014,9062,1765441938790358
ACK_OPENING,18699,44156,1765441939089171
ACK_OPENING,33226,46220,1765441939122432
ACK_OPENING,44852,18922,1765441939186587
ACK_OPENING,63047,60886,1765441939269035
ACK_OPENING,62687,9062,1765441939284079
ACK_OPENING,2661,44156,1765441939597581
ACK_OPENING,41930,18922,1765441939698120
ACK_OPENING,25738,9062,1765441939775374
ACK_OPENING,41764,60886,1765441939782742
ACK_OPENING,62687,46220,1765441939783847
ACK_OPENING,18699,44156,1765441940115435
ACK_OPENING,33014,9062,1765441940266783
ACK_OPENING,41128,18922,1765441940299131
ACK_OPENING,9532,60886,1765441940299668
ACK_OPENING,21573,46220,1765441940434186
ACK_OPENING,19113,44156,1765441940635120
ACK_OPENING,33014,9062,1765441940748958
ACK_OPENING,31878,60886,1765441940799872
ACK_OPENING,5550,18922,1765441940860721
READY,18922,1765441940860830
ACK_OPENING,31878,46220,1765441941082873
ACK_OPENING,23459,44156,1765441941164639
ACK_OPENING,41128,9062,1765441941239637
ACK_OPENING,20724,60886,1765441941312223
ACK_OPENING,33014,18922,1765441941510719
ACK_OPENING,41128,46220,1765441941666588
ACK_OPENING,2466,44156,1765441941698728
ACK_OPENING,34260,9062,1765441941744834
ACK_OPENING,5550,60886,1765441941829431
ACK_OPENING,19113,18922,1765441942172634
ACK_OPENING,9532,46220,1765441942187315
ACK_OPENING,33014,44156,1765441942219404
ACK_OPENING,38632,60886,1765441942329062
ACK_OPENING,32939,9062,1765441942377036
ACK_OPENING,31878,44156,1765441942721845
ACK_OPENING,18922,60886,1765441942812365
ACK_OPENING,31878,9062,1765441942991195
ACK_OPENING,9904,46220,1765441943003753
ACK_OPENING,18699,60886,1765441943292846
ACK_OPENING,14876,46220,1765441943654342
ACK_OPENING,25738,44156,1765441943700940
ACK_OPENING,11006,9062,1765441943709825
ACK_OPENING,19113,60886,1765441943775756
ACK_OPENING,51068,46220,1765441944271621
ACK_OPENING,37159,9062,1765441944336696
ACK_OPENING,18922,44156,1765441944368070
ACK_OPENING,37199,60886,1765441944422206
ACK_OPENING,44852,46220,1765441944881819
ACK_OPENING,11006,44156,1765441944985796
ACK_OPENING,7270,9062,1765441944987840
ACK_OPENING,33226,60886,1765441945038441
ACK_OPENING,23459,46220,1765441945430340
ACK_OPENING,9532,44156,1765441945586701
ACK_OPENING,37199,9062,1765441945602749
ACK_OPENING,32939,60886,1765441945652419
READY,46220,1765441945945161
ACK_OPENING,18922,46220,1765441945945141
ACK_OPENING,9904,44156,1765441946159727
ACK_OPENING,63047,9062,1765441946215459
ACK_OPENING,18699,46220,1765441946465717
ACK_OPENING,44852,60886,1765441946619961
ACK_OPENING,15259,44156,1765441946747606
ACK_OPENING,37199,9062,1765441946866913
ACK_OPENING,19113,46220,1765441946999200
ACK_OPENING,33014,60886,1765441947236340
ACK_OPENING,14876,44156,1765441947278417
ACK_OPENING,35199,9062,1765441947517553
ACK_OPENING,21573,60886,1765441947861928
READY,60886,1765441947861985
ACK_OPENING,2661,9062,1765441948108270
ACK_OPENING,65464,44156,1765441948264347
ACK_OPENING,33014,60886,1765441948486703
ACK_OPENING,17678,44156,1765441948920026
ACK_OPENING,2466,9062,1765441948993660
ACK_OPENING,32939,60886,1765441949060607
ACK_OPENING,41128,44156,1765441949478212
ACK_OPENING,17385,9062,1765441949555207
ACK_OPENING,63047,44156,1765441949966325
ACK_OPENING,23459,9062,1765441950070452
ACK_OPENING,62687,44156,1765441950464293
ACK_OPENING,46220,9062,1765441950563995
ACK_OPENING,17385,44156,1765441950957095
ACK_OPENING,41764,9062,1765441951430625
READY,9062,1765441951430687
ACK_OPENING,51068,44156,1765441951451919
ACK_OPENING,62687,44156,1765441951933907
ACK_OPENING,61186,9062,1765441952065269
ACK_OPENING,46220,44156,1765441952420311
ACK_OPENING,18699,9062,1765441952704370
ACK_OPENING,2466,44156,1765441952931306
ACK_OPENING,19113,9062,1765441953325014
ACK_OPENING,2879,44156,1765441953432160
ACK_OPENING,2661,44156,1765441953926370
ACK_OPENING,2661,9062,1765441953941829
ACK_OPENING,41128,44156,1765441954417077
ACK_OPENING,41764,44156,1765441955067833
READY,44156,1765441955688282
ACK_OPENING,38632,44156,1765441955688271
ACK_OPENING,61186,44156,1765441956300144
REGISTER,61384,20724|18699|2879|62687|14876|18418|51605|7270|7043|40904|33014|65464|34260|63047|46220|60886|37199|41930|25738|38632|58563|41128|35199|49360|17678|51068|17385|19113|14281|2466|31878|5550|44156|2661|41764|23459|18922|61186|9532|59238|11006|33226|9062|15259|56723|32939|9904|21573|44852|37159,1765441980140750
ACK_OPENING,60886,60886,1765441983835859
ACK_OPENING,61384,61384,1765441984307274
ACK_OPENING,60886,41764,1765441984606360
ACK_OPENING,60886,23459,1765441984610969
ACK_OPENING,60886,59238,1765441984624266
ACK_OPENING,60886,44156,1765441984628580
ACK_OPENING,60886,7043,1765441984629811
ACK_OPENING,60886,40904,1765441984633738
ACK_OPENING,60886,9532,1765441984637397
ACK_OPENING,60886,2661,1765441984641274
ACK_OPENING,60886,15259,1765441984646219
ACK_OPENING,60886,21573,1765441984648005
ACK_OPENING,60886,17385,1765441984658416
ACK_OPENING,60886,9904,1765441984661922
ACK_OPENING,60886,19113,1765441984662956
ACK_OPENING,60886,51605,1765441984671853
ACK_OPENING,60886,44852,1765441984673216
ACK_OPENING,60886,5550,1765441984684839
ACK_OPENING,60886,20724,1765441984690555
ACK_OPENING,60886,49360,1765441984691393
ACK_OPENING,60886,7270,1765441984694857
ACK_OPENING,60886,33014,1765441984697900
ACK_OPENING,60886,63047,1765441984701164
ACK_OPENING,60886,31878,1765441984712475
ACK_OPENING,60886,11006,1765441984713344
ACK_OPENING,60886,9062,1765441984728504
ACK_OPENING,60886,18699,1765441984729695
ACK_OPENING,60886,35199,1765441984730225
ACK_OPENING,60886,51068,1765441984733300
ACK_OPENING,60886,18418,1765441984740264
ACK_OPENING,60886,32939,1765441984749004
ACK_OPENING,60886,61186,1765441984759190
ACK_OPENING,60886,25738,1765441984761137
ACK_OPENING,60886,33226,1765441984761992
ACK_OPENING,60886,37199,1765441984762259
ACK_OPENING,61186,61186,1765441984765421
ACK_OPENING,60886,2879,1765441984773496
ACK_OPENING,61186,60886,1765441984777575
ACK_OPENING,60886,14876,1765441984792665
ACK_OPENING,60886,46220,1765441984795078
ACK_OPENING,60886,34260,1765441984796004
ACK_OPENING,60886,37159,1765441984855010
ACK_OPENING,60886,41930,1765441984865185
ACK_OPENING,60886,18922,1765441984899412
ACK_OPENING,60886,41128,1765441984904387
ACK_OPENING,60886,38632,1765441984914688
ACK_OPENING,60886,14281,1765441984914858
ACK_OPENING,60886,56723,1765441984915672
ACK_OPENING,60886,58563,1765441984960945
ACK_OPENING,60886,17678,1765441984969436
ACK_OPENING,60886,2466,1765441984970037
ACK_OPENING,60886,65464,1765441984987813
ACK_OPENING,60886,62687,1765441985011794
ACK_OPENING,61186,23459,1765441985188182
ACK_OPENING,61186,44156,1765441985202134
ACK_OPENING,61186,41764,1765441985204279
ACK_OPENING,61186,9532,1765441985210630
ACK_OPENING,61186,40904,1765441985212144
ACK_OPENING,61186,21573,1765441985222217
ACK_OPENING,61186,7043,1765441985254177
ACK_OPENING,61186,44852,1765441985258359
ACK_OPENING,61186,9904,1765441985272254
ACK_OPENING,61186,7270,1765441985272420
ACK_OPENING,61186,20724,1765441985274208
ACK_OPENING,61186,11006,1765441985296073
ACK_OPENING,61186,19113,1765441985299130
ACK_OPENING,61186,17385,1765441985301430
ACK_OPENING,20724,61384,1765441985305148
ACK_OPENING,61186,49360,1765441985316782
ACK_OPENING,61186,51605,1765441985320104
ACK_OPENING,61186,33014,1765441985320409
ACK_OPENING,61186,5550,1765441985324771
ACK_OPENING,61186,31878,1765441985332224
ACK_OPENING,61186,63047,1765441985334332
ACK_OPENING,61186,15259,1765441985341095
ACK_OPENING,61186,9062,1765441985341176
ACK_OPENING,61186,35199,1765441985355748
ACK_OPENING,61186,25738,1765441985358341
ACK_OPENING,61186,51068,1765441985360500
ACK_OPENING,61186,18418,1765441985365111
ACK_OPENING,61384,61186,1765441985366639
ACK_OPENING,61186,2879,1765441985377117
ACK_OPENING,61186,37199,1765441985382754
ACK_OPENING,61186,33226,1765441985383808
ACK_OPENING,61384,60886,1765441985389034
ACK_OPENING,61186,32939,1765441985413404
ACK_OPENING,61186,46220,1765441985415065
ACK_OPENING,61186,14876,1765441985415349
ACK_OPENING,61186,59238,1765441985430520
ACK_OPENING,61186,34260,1765441985435183
ACK_OPENING,61186,18922,1765441985469599
ACK_OPENING,61186,38632,1765441985497500
ACK_OPENING,61186,56723,1765441985531976
ACK_OPENING,61186,18699,1765441985535822
ACK_OPENING,61186,2661,1765441985545866
ACK_OPENING,61186,41128,1765441985556621
ACK_OPENING,61186,58563,1765441985585605
ACK_OPENING,61186,17678,1765441985592287
ACK_OPENING,61186,62687,1765441985635541
ACK_OPENING,61186,37159,1765441985758927
ACK_OPENING,61186,41930,1765441985760671
ACK_OPENING,61384,41764,1765441985775432
ACK_OPENING,61384,9532,1765441985782772
ACK_OPENING,61384,23459,1765441985788614
ACK_OPENING,61186,2466,1765441985789990
ACK_OPENING,61384,44156,1765441985798749
ACK_OPENING,61384,40904,1765441985818117
ACK_OPENING,61384,9904,1765441985847482
ACK_OPENING,61384,20724,1765441985850423
ACK_OPENING,61384,21573,1765441985850666
ACK_OPENING,61384,7043,1765441985873848
ACK_OPENING,61186,65464,1765441985883418
ACK_OPENING,61384,7270,1765441985886362
ACK_OPENING,61384,44852,1765441985890714
ACK_OPENING,61384,11006,1765441985896462
ACK_OPENING,61186,14281,1765441985908744
ACK_OPENING,14281,61384,1765441985915203
ACK_OPENING,61384,17385,1765441985922508
ACK_OPENING,61384,25738,1765441985935397
ACK_OPENING,61384,63047,1765441985936466
ACK_OPENING,61384,49360,1765441985939181
ACK_OPENING,61384,33014,1765441985944897
ACK_OPENING,61384,31878,1765441985945399
ACK_OPENING,61384,19113,1765441985945660
ACK_OPENING,61384,51605,1765441985946839
ACK_OPENING,61384,5550,1765441985952553
ACK_OPENING,61384,9062,1765441985957625
ACK_OPENING,61384,15259,1765441985972262
ACK_OPENING,61384,51068,1765441985984255
ACK_OPENING,61384,18418,1765441985987142
ACK_OPENING,61384,59238,1765441986001212
ACK_OPENING,61384,35199,1765441986007844
ACK_OPENING,61384,37199,1765441986008082
ACK_OPENING,61384,33226,1765441986009271
ACK_OPENING,61384,46220,1765441986019760
ACK_OPENING,61384,18922,1765441986028228
ACK_OPENING,61384,14876,1765441986032318
ACK_OPENING,61384,32939,1765441986067659
ACK_OPENING,61384,34260,1765441986085197
ACK_OPENING,61384,2879,1765441986116810
ACK_OPENING,61384,38632,1765441986120898
ACK_OPENING,61384,2661,1765441986151174
ACK_OPENING,61384,41128,1765441986180811
ACK_OPENING,61384,56723,1765441986203472
ACK_OPENING,61384,17678,1765441986209749
ACK_OPENING,61384,58563,1765441986212120
ACK_OPENING,61384,62687,1765441986262645
ACK_OPENING,61384,2466,1765441986304261
ACK_OPENING,61384,18699,1765441986306696
ACK_OPENING,61384,41930,1765441986326310
ACK_OPENING,61384,37159,1765441986378553
ACK_OPENING,61384,65464,1765441986424634
ACK_OPENING,11006,61384,1765441986471848
ACK_OPENING,61384,14281,1765441986525204
ACK_OPENING,25738,61384,1765441986973143
ACK_OPENING,40904,61384,1765441987462522
ACK_OPENING,17385,61384,1765441987957078
ACK_OPENING,5550,61384,1765441988451751
ACK_OPENING,62687,61384,1765441988938705
ACK_OPENING,23459,61384,1765441989431820
ACK_OPENING,33014,61384,1765441989923933
ACK_OPENING,44852,61384,1765441990413517
ACK_OPENING,63047,61384,1765441990904899
ACK_OPENING,56723,61384,1765441991546265
ACK_OPENING,58563,61384,1765441992105230
ACK_OPENING,41764,61384,1765441992723869
ACK_OPENING,61186,61384,1765441993317348
ACK_OPENING,37159,61384,1765441994012197
ACK_OPENING,37199,61384,1765441994675366
ACK_OPENING,9532,61384,1765441995294096
ACK_OPENING,51605,61384,1765441995908106
ACK_OPENING,14876,61384,1765441996532049
ACK_OPENING,41930,61384,1765441997148303
ACK_OPENING,15259,61384,1765441997802300
ACK_OPENING,17678,61384,1765441998419512
ACK_OPENING,18699,61384,1765441999024253
ACK_OPENING,7043,61384,1765441999569251
ACK_OPENING,35199,61384,1765442000086883
ACK_OPENING,41128,61384,1765442000566632
ACK_OPENING,2466,61384,1765442001057127
ACK_OPENING,38632,61384,1765442001554935
ACK_OPENING,32939,61384,1765442002049108
ACK_OPENING,46220,61384,1765442002536526
ACK_OPENING,2661,61384,1765442003027607
ACK_OPENING,33014,61384,1765442003530803
ACK_OPENING,9532,61384,1765442004015708
ACK_OPENING,49360,61384,1765442004511191
ACK_OPENING,31878,61384,1765442005161000
ACK_OPENING,60886,61384,1765442005777366
ACK_OPENING,2466,61384,1765442006707484
ACK_OPENING,9062,61384,1765442007379271
ACK_OPENING,51068,61384,1765442007996905
ACK_OPENING,41128,61384,1765442008645945
ACK_OPENING,61186,61384,1765442009262281
ACK_OPENING,44156,61384,1765442009879548
ACK_OPENING,37199,61384,1765442010428473
ACK_OPENING,32939,61384,1765442010937127
ACK_OPENING,2661,61384,1765442011427181
ACK_OPENING,34260,61384,1765442011914816
ACK_OPENING,18922,61384,1765442012555917
ACK_OPENING,2879,61384,1765442013095495
ACK_OPENING,65464,61384,1765442013607314
ACK_OPENING,2661,61384,1765442014090130
ACK_OPENING,41930,61384,1765442014746827
ACK_OPENING,18699,61384,1765442015365379
ACK_OPENING,9904,61384,1765442015972629
ACK_OPENING,19113,61384,1765442016622986
ACK_OPENING,17678,61384,1765442017192472
ACK_OPENING,62687,61384,1765442017681312
ACK_OPENING,7270,61384,1765442018170133
ACK_OPENING,18418,61384,1765442018655478
ACK_OPENING,58563,61384,1765442019194639
ACK_OPENING,44852,61384,1765442019762991
ACK_OPENING,18699,61384,1765442020323498
ACK_OPENING,19113,61384,1765442020899196
ACK_OPENING,59238,61384,1765442021538081
ACK_OPENING,15259,61384,1765442022075993
ACK_OPENING,33014,61384,1765442022725618
ACK_OPENING,41128,61384,1765442023341047
ACK_OPENING,33226,61384,1765442023928241
ACK_OPENING,60886,61384,1765442024453882
ACK_OPENING,61186,61384,1765442025103473
READY,61384,1765442025721447
ACK_OPENING,21573,61384,1765442025721484
