REGISTER,2352,,1765437755855005
REGISTER,46199,2352,1765437756871764
READY,2352,1765437760935271
ACK_OPENING,2352,2352,1765437760935211
ACK_OPENING,46199,46199,1765437765673051
REGISTER,62450,2352|46199,1765437757114312
ACK_OPENING,46199,2352,1765437766045559
READY,46199,1765437766371249
ACK_OPENING,2352,46199,1765437766371334
REGISTER,32744,2352|46199|62450,1765437757309178
ACK_OPENING,62450,62450,1765437770513188
ACK_OPENING,62450,2352,1765437770924718
ACK_OPENING,2352,62450,1765437771062629
ACK_OPENING,62450,46199,1765437771271904
READY,62450,1765437771675194
ACK_OPENING,46199,62450,1765437771675284
REGISTER,39202,2352|46199|62450|32744,1765437757498061
ACK_OPENING,32744,32744,1765437775239654
ACK_OPENING,32744,46199,1765437775279766
ACK_OPENING,32744,62450,1765437775382647
ACK_OPENING,32744,2352,1765437775453453
ACK_OPENING,2352,32744,1765437775814537
ACK_OPENING,46199,32744,1765437776631200
ACK_OPENING,62450,32744,1765437777368515
READY,32744,1765437777368652
REGISTER,13669,2352|46199|62450|32744|39202,1765437758834552
ACK_OPENING,39202,39202,1765437779271847
ACK_OPENING,39202,32744,1765437779684889
ACK_OPENING,39202,62450,1765437779692683
ACK_OPENING,2352,39202,1765437779756629
ACK_OPENING,39202,46199,1765437779815208
ACK_OPENING,39202,2352,1765437779863179
ACK_OPENING,32744,39202,1765437780237988
ACK_OPENING,46199,39202,1765437780719044
READY,39202,1765437781213144
ACK_OPENING,62450,39202,1765437781213238
ACK_OPENING,13669,13669,1765437782775338
REGISTER,49030,39202|13669|2352|46199|62450|32744,1765437759042699
ACK_OPENING,13669,39202,1765437783181904
ACK_OPENING,13669,2352,1765437783315495
ACK_OPENING,13669,46199,1765437783375120
ACK_OPENING,13669,62450,1765437783439513
ACK_OPENING,13669,32744,1765437783441553
ACK_OPENING,2352,13669,1765437783475740
ACK_OPENING,39202,13669,1765437784197067
ACK_OPENING,46199,13669,1765437784829648
ACK_OPENING,62450,13669,1765437785417064
READY,13669,1765437786064772
ACK_OPENING,32744,13669,1765437786064878
ACK_OPENING,49030,49030,1765437786582513
REGISTER,30888,2352|46199|62450|32744|39202|13669|49030,1765437759270157
ACK_OPENING,49030,13669,1765437787083613
ACK_OPENING,49030,32744,1765437787123019
ACK_OPENING,49030,2352,1765437787177684
ACK_OPENING,32744,49030,1765437787203140
ACK_OPENING,49030,46199,1765437787218457
ACK_OPENING,49030,62450,1765437787289103
ACK_OPENING,49030,39202,1765437787553376
ACK_OPENING,2352,49030,1765437787819964
ACK_OPENING,13669,49030,1765437788430978
ACK_OPENING,46199,49030,1765437789069168
ACK_OPENING,62450,49030,1765437789621939
ACK_OPENING,39202,49030,1765437790269948
READY,49030,1765437790269925
ACK_OPENING,30888,30888,1765437790872100
REGISTER,53079,2352|46199|62450|32744|39202|13669|49030|30888,1765437759594962
ACK_OPENING,30888,13669,1765437791303174
ACK_OPENING,30888,62450,1765437791312305
ACK_OPENING,30888,46199,1765437791320593
ACK_OPENING,30888,2352,1765437791327386
ACK_OPENING,30888,39202,1765437791373851
ACK_OPENING,30888,49030,1765437791521073
ACK_OPENING,62450,30888,1765437791530179
ACK_OPENING,30888,32744,1765437791535351
ACK_OPENING,13669,30888,1765437792150922
ACK_OPENING,49030,30888,1765437792717889
ACK_OPENING,32744,30888,1765437793207717
ACK_OPENING,46199,30888,1765437793729215
ACK_OPENING,2352,30888,1765437794506893
ACK_OPENING,53079,53079,1765437795003465
REGISTER,1366,2352|46199|62450|39202|53079|32744|13669|49030|30888,1765437759673007
READY,30888,1765437795111826
ACK_OPENING,39202,30888,1765437795111812
ACK_OPENING,53079,46199,1765437795280383
ACK_OPENING,53079,39202,1765437795378333
ACK_OPENING,53079,62450,1765437795405013
ACK_OPENING,53079,2352,1765437795430679
ACK_OPENING,53079,13669,1765437795456305
ACK_OPENING,53079,32744,1765437795565506
ACK_OPENING,53079,49030,1765437795582928
ACK_OPENING,46199,53079,1765437795614419
ACK_OPENING,53079,30888,1765437795733036
ACK_OPENING,2352,53079,1765437796109303
ACK_OPENING,62450,53079,1765437796597943
ACK_OPENING,32744,53079,1765437797090446
ACK_OPENING,39202,53079,1765437798000822
ACK_OPENING,30888,53079,1765437798671717
ACK_OPENING,13669,53079,1765437799286891
ACK_OPENING,1366,1366,1765437800052015
ACK_OPENING,49030,53079,1765437800102476
READY,53079,1765437800102483
REGISTER,3138,49030|30888|1366|32744|13669|62450|39202|53079|2352|46199,1765437759829190
ACK_OPENING,1366,49030,1765437800601159
ACK_OPENING,1366,30888,1765437800601206
ACK_OPENING,1366,46199,1765437800603649
ACK_OPENING,1366,2352,1765437800634439
ACK_OPENING,13669,1366,1765437800657188
ACK_OPENING,1366,13669,1765437800673957
ACK_OPENING,1366,39202,1765437800678554
ACK_OPENING,1366,32744,1765437800682786
ACK_OPENING,1366,62450,1765437800845451
ACK_OPENING,1366,53079,1765437800956102
ACK_OPENING,2352,1366,1765437801400673
ACK_OPENING,46199,1366,1765437802054876
ACK_OPENING,62450,1366,1765437802729878
ACK_OPENING,32744,1366,1765437803348892
ACK_OPENING,39202,1366,1765437803961826
ACK_OPENING,30888,1366,1765437804570247
REGISTER,48857,32744|13669|49030|30888|1366|2352|46199|62450|39202|53079|3138,1765437759984038
ACK_OPENING,3138,62450,1765437804961239
ACK_OPENING,3138,46199,1765437804979588
ACK_OPENING,3138,39202,1765437804986678
ACK_OPENING,3138,49030,1765437804993540
ACK_OPENING,3138,1366,1765437805077257
ACK_OPENING,3138,30888,1765437805078361
ACK_OPENING,3138,32744,1765437805079281
ACK_OPENING,3138,2352,1765437805093787
ACK_OPENING,3138,53079,1765437805120428
ACK_OPENING,3138,3138,1765437805135082
ACK_OPENING,3138,13669,1765437805218351
ACK_OPENING,49030,1366,1765437805578153
ACK_OPENING,62450,3138,1765437805751780
READY,1366,1765437806075241
ACK_OPENING,53079,1366,1765437806075274
ACK_OPENING,49030,3138,1765437806313115
ACK_OPENING,32744,3138,1765437806803757
ACK_OPENING,2352,3138,1765437807321030
ACK_OPENING,46199,3138,1765437807826174
ACK_OPENING,49030,49030,1765437808329818
ACK_OPENING,30888,3138,1765437808389912
REGISTER,4401,62450|39202|53079|3138|48857|2352|46199|49030|30888|1366|32744|13669,1765437760037629
ACK_OPENING,39202,3138,1765437808923777
ACK_OPENING,49030,1366,1765437808944413
ACK_OPENING,49030,30888,1765437808983480
ACK_OPENING,49030,53079,1765437808998311
ACK_OPENING,48857,48857,1765437808998308
ACK_OPENING,49030,13669,1765437809006562
ACK_OPENING,49030,62450,1765437809011375
ACK_OPENING,49030,46199,1765437809030304
ACK_OPENING,49030,39202,1765437809049005
ACK_OPENING,49030,32744,1765437809089760
ACK_OPENING,49030,2352,1765437809155866
ACK_OPENING,48857,49030,1765437809186673
ACK_OPENING,48857,3138,1765437809474150
ACK_OPENING,48857,1366,1765437809477924
ACK_OPENING,48857,53079,1765437809489955
ACK_OPENING,48857,62450,1765437809497341
ACK_OPENING,62450,48857,1765437809584102
ACK_OPENING,48857,39202,1765437809622543
ACK_OPENING,48857,30888,1765437809631214
ACK_OPENING,48857,13669,1765437809642218
ACK_OPENING,48857,46199,1765437809644701
ACK_OPENING,48857,32744,1765437809705971
ACK_OPENING,48857,2352,1765437809788936
ACK_OPENING,49030,3138,1765437810077725
ACK_OPENING,46199,48857,1765437810138026
ACK_OPENING,13669,3138,1765437810616952
ACK_OPENING,53079,48857,1765437810713117
ACK_OPENING,53079,3138,1765437811132938
ACK_OPENING,30888,48857,1765437811230771
ACK_OPENING,32744,48857,1765437811715755
ACK_OPENING,1366,3138,1765437811783819
READY,3138,1765437811783811
ACK_OPENING,39202,48857,1765437812195463
ACK_OPENING,2352,48857,1765437812691847
ACK_OPENING,4401,4401,1765437813149687
REGISTER,39129,4401|32744|13669|49030|30888|1366|3138|48857|2352|46199|62450|39202|53079,1765437760265250
ACK_OPENING,1366,48857,1765437813335768
ACK_OPENING,4401,30888,1765437813639567
ACK_OPENING,4401,39202,1765437813728916
ACK_OPENING,4401,53079,1765437813758275
ACK_OPENING,2352,4401,1765437813768238
ACK_OPENING,4401,3138,1765437813792311
ACK_OPENING,4401,13669,1765437813825816
ACK_OPENING,4401,2352,1765437813853649
ACK_OPENING,4401,48857,1765437813870151
ACK_OPENING,4401,62450,1765437813892555
ACK_OPENING,4401,49030,1765437813906740
ACK_OPENING,4401,1366,1765437813923373
ACK_OPENING,4401,32744,1765437813995889
ACK_OPENING,4401,46199,1765437814073560
ACK_OPENING,46199,4401,1765437814417349
ACK_OPENING,13669,48857,1765437814484390
ACK_OPENING,13669,4401,1765437815039026
ACK_OPENING,49030,48857,1765437815134383
ACK_OPENING,62450,4401,1765437815654352
ACK_OPENING,3138,48857,1765437815752171
READY,48857,1765437815752218
ACK_OPENING,39202,4401,1765437816292810
ACK_OPENING,49030,48857,1765437816369618
ACK_OPENING,53079,4401,1765437816941014
ACK_OPENING,39202,39202,1765437817432339
ACK_OPENING,39129,39129,1765437817707607
ACK_OPENING,30888,4401,1765437817720860
REGISTER,53443,46199|53079|13669|49030|1366|4401|39129|2352|62450|39202|3138|48857|32744|30888,1765437760604300
ACK_OPENING,39202,46199,1765437817999972
ACK_OPENING,39202,49030,1765437818008993
ACK_OPENING,39202,13669,1765437818010815
ACK_OPENING,39202,30888,1765437818047308
ACK_OPENING,39202,53079,1765437818090488
ACK_OPENING,39202,62450,1765437818113252
ACK_OPENING,39202,32744,1765437818120117
ACK_OPENING,39202,3138,1765437818121421
ACK_OPENING,39202,48857,1765437818155011
ACK_OPENING,39202,2352,1765437818168850
ACK_OPENING,39202,1366,1765437818185508
ACK_OPENING,2352,39129,1765437818251892
ACK_OPENING,39129,39202,1765437818270029
ACK_OPENING,39129,4401,1765437818345662
ACK_OPENING,39129,13669,1765437818522183
ACK_OPENING,39129,46199,1765437818523181
ACK_OPENING,39129,49030,1765437818531165
ACK_OPENING,39129,30888,1765437818589184
ACK_OPENING,39129,53079,1765437818707631
ACK_OPENING,39129,62450,1765437818731107
ACK_OPENING,39129,32744,1765437818733826
ACK_OPENING,39129,3138,1765437818737004
ACK_OPENING,39129,48857,1765437818771229
ACK_OPENING,32744,39129,1765437818780999
ACK_OPENING,39129,2352,1765437818799329
ACK_OPENING,39202,4401,1765437818997147
ACK_OPENING,39129,1366,1765437819078576
ACK_OPENING,13669,39129,1765437819263686
ACK_OPENING,49030,4401,1765437819616057
ACK_OPENING,39202,39129,1765437820123282
ACK_OPENING,49030,4401,1765437820234556
ACK_OPENING,3138,39129,1765437820785224
ACK_OPENING,1366,4401,1765437820787347
ACK_OPENING,62450,39129,1765437821390648
ACK_OPENING,32744,4401,1765437821450369
REGISTER,17508,46199|53079|1366|4401|39129|13669|49030|39202|3138|48857|53443|2352|62450|32744|30888,1765437760929293
ACK_OPENING,53443,53443,1765437821529618
ACK_OPENING,53443,46199,1765437821781281
ACK_OPENING,53443,48857,1765437821809216
ACK_OPENING,53443,39202,1765437821863060
ACK_OPENING,53443,13669,1765437821899410
ACK_OPENING,53443,32744,1765437821900798
ACK_OPENING,53443,62450,1765437821904010
ACK_OPENING,53443,3138,1765437821914213
ACK_OPENING,53443,49030,1765437821944836
ACK_OPENING,53443,53079,1765437821948304
ACK_OPENING,53443,30888,1765437821975387
ACK_OPENING,53443,39129,1765437822044760
ACK_OPENING,3138,4401,1765437822067837
ACK_OPENING,53443,1366,1765437822069820
ACK_OPENING,30888,53443,1765437822118076
ACK_OPENING,53443,2352,1765437822330293
ACK_OPENING,53443,39129,1765437822660193
READY,4401,1765437822684568
ACK_OPENING,48857,4401,1765437822684614
ACK_OPENING,2352,53443,1765437822739564
ACK_OPENING,53443,4401,1765437823241670
ACK_OPENING,4401,39129,1765437823272471
ACK_OPENING,39129,53443,1765437823364065
ACK_OPENING,53443,4401,1765437823742043
ACK_OPENING,49030,39129,1765437823898377
ACK_OPENING,3138,53443,1765437823976194
ACK_OPENING,46199,39129,1765437824498088
ACK_OPENING,46199,53443,1765437824506917
ACK_OPENING,32744,53443,1765437825006360
ACK_OPENING,30888,39129,1765437825027384
ACK_OPENING,17508,17508,1765437825539772
REGISTER,50536,46199|53079|17508|13669|49030|1366|4401|39129|2352|62450|39202|3138|48857|53443|32744|30888,1765437760941483
ACK_OPENING,53079,39129,1765437825717914
ACK_OPENING,62450,53443,1765437825751446
ACK_OPENING,17508,48857,1765437825999597
ACK_OPENING,17508,46199,1765437826041342
ACK_OPENING,17508,3138,1765437826051247
ACK_OPENING,17508,39202,1765437826052193
ACK_OPENING,17508,49030,1765437826059362
ACK_OPENING,17508,62450,1765437826088836
ACK_OPENING,17508,1366,1765437826109494
ACK_OPENING,17508,2352,1765437826127166
ACK_OPENING,17508,30888,1765437826127336
ACK_OPENING,53079,17508,1765437826153151
ACK_OPENING,17508,4401,1765437826166928
ACK_OPENING,17508,32744,1765437826200054
ACK_OPENING,17508,53079,1765437826302478
ACK_OPENING,1366,39129,1765437826331596
ACK_OPENING,17508,13669,1765437826395047
ACK_OPENING,3138,17508,1765437826720851
ACK_OPENING,17508,53443,1765437826742264
ACK_OPENING,49030,39129,1765437827294317
ACK_OPENING,49030,17508,1765437827369182
ACK_OPENING,17508,53443,1765437827394624
ACK_OPENING,1366,17508,1765437828009553
ACK_OPENING,1366,53443,1765437828047799
ACK_OPENING,17508,39129,1765437828121728
ACK_OPENING,4401,53443,1765437828666025
ACK_OPENING,17508,39129,1765437828781619
ACK_OPENING,2352,17508,1765437828796795
ACK_OPENING,13669,53443,1765437829388545
READY,39129,1765437829450740
ACK_OPENING,48857,39129,1765437829450760
ACK_OPENING,62450,17508,1765437829459301
ACK_OPENING,50536,50536,1765437829489254
REGISTER,18832,46199|53079|17508|4401|39129|13669|49030|1366|3138|48857|53443|50536|2352|62450|39202|32744|30888,1765437760974618
ACK_OPENING,50536,1366,1765437829990004
ACK_OPENING,50536,13669,1765437829997319
ACK_OPENING,50536,62450,1765437830046750
ACK_OPENING,50536,49030,1765437830058115
ACK_OPENING,50536,32744,1765437830063188
ACK_OPENING,50536,3138,1765437830072165
ACK_OPENING,50536,4401,1765437830072241
ACK_OPENING,30888,50536,1765437830091404
ACK_OPENING,50536,48857,1765437830097634
ACK_OPENING,39202,39129,1765437830098951
ACK_OPENING,39202,53443,1765437830113699
ACK_OPENING,50536,46199,1765437830118878
ACK_OPENING,50536,39202,1765437830176693
ACK_OPENING,50536,30888,1765437830187128
ACK_OPENING,50536,2352,1765437830233571
ACK_OPENING,50536,17508,1765437830312269
ACK_OPENING,50536,53079,1765437830431101
ACK_OPENING,32744,50536,1765437830711083
ACK_OPENING,50536,39129,1765437830738388
ACK_OPENING,53079,53443,1765437830839005
ACK_OPENING,32744,17508,1765437830843676
ACK_OPENING,50536,39129,1765437831228357
ACK_OPENING,62450,50536,1765437831328854
ACK_OPENING,50536,53443,1765437831442142
ACK_OPENING,30888,17508,1765437831490779
ACK_OPENING,17508,50536,1765437831932542
ACK_OPENING,50536,53443,1765437832056681
ACK_OPENING,49030,17508,1765437832093844
ACK_OPENING,46199,50536,1765437832494216
ACK_OPENING,48857,53443,1765437832670969
ACK_OPENING,48857,17508,1765437832962731
ACK_OPENING,1366,50536,1765437833114241
READY,53443,1765437833392046
ACK_OPENING,49030,53443,1765437833392040
REGISTER,43055,32744|30888|17508|46199|53079|1366|4401|39129|18832|13669|49030|39202|3138|48857|53443|50536|2352|62450,1765437761116576
ACK_OPENING,46199,17508,1765437833726790
ACK_OPENING,49030,50536,1765437833810155
ACK_OPENING,18832,18832,1765437833849683
ACK_OPENING,49030,53443,1765437833975243
ACK_OPENING,18832,49030,1765437834058298
ACK_OPENING,18832,30888,1765437834059948
ACK_OPENING,18832,53079,1765437834075383
ACK_OPENING,18832,4401,1765437834080799
ACK_OPENING,18832,48857,1765437834081304
ACK_OPENING,18832,13669,1765437834093896
ACK_OPENING,18832,39202,1765437834128231
ACK_OPENING,18832,46199,1765437834133546
ACK_OPENING,18832,3138,1765437834158351
ACK_OPENING,18832,1366,1765437834168277
ACK_OPENING,18832,62450,1765437834182502
ACK_OPENING,18832,32744,1765437834193250
ACK_OPENING,18832,39129,1765437834207892
ACK_OPENING,18832,2352,1765437834224513
ACK_OPENING,18832,50536,1765437834353176
ACK_OPENING,18832,17508,1765437834392872
ACK_OPENING,49030,18832,1765437834454067
ACK_OPENING,39202,53443,1765437834493468
ACK_OPENING,39202,50536,1765437834865967
ACK_OPENING,18832,53443,1765437835002535
ACK_OPENING,39202,17508,1765437835022929
ACK_OPENING,62450,18832,1765437835070808
ACK_OPENING,49030,50536,1765437835470270
ACK_OPENING,1366,18832,1765437835611614
ACK_OPENING,4401,17508,1765437835639008
ACK_OPENING,48857,50536,1765437836010466
ACK_OPENING,13669,17508,1765437836256445
ACK_OPENING,49030,18832,1765437836259055
ACK_OPENING,53443,50536,1765437836511902
ACK_OPENING,39129,17508,1765437836801309
ACK_OPENING,4401,50536,1765437836997203
ACK_OPENING,32744,18832,1765437837157872
ACK_OPENING,39202,17508,1765437837557598
ACK_OPENING,2352,50536,1765437837641922
ACK_OPENING,43055,43055,1765437837817446
REGISTER,53142,1366|4401|39129|18832|13669|49030|39202|3138|48857|53443|50536|43055|2352|62450|32744|30888|17508|46199|53079,1765437761552257
ACK_OPENING,53443,17508,1765437838177553
ACK_OPENING,39202,18832,1765437838181170
ACK_OPENING,39129,50536,1765437838182588
READY,17508,1765437838192856
ACK_OPENING,43055,13669,1765437838215383
ACK_OPENING,43055,39202,1765437838249983
ACK_OPENING,43055,53079,1765437838251043
ACK_OPENING,43055,48857,1765437838291668
ACK_OPENING,43055,49030,1765437838292221
ACK_OPENING,43055,62450,1765437838299258
ACK_OPENING,43055,53443,1765437838303339
ACK_OPENING,43055,2352,1765437838307094
ACK_OPENING,43055,4401,1765437838310323
ACK_OPENING,2352,43055,1765437838329338
ACK_OPENING,43055,1366,1765437838337385
ACK_OPENING,43055,39129,1765437838346651
ACK_OPENING,43055,32744,1765437838371536
ACK_OPENING,43055,3138,1765437838448406
ACK_OPENING,43055,46199,1765437838457147
ACK_OPENING,43055,30888,1765437838545124
ACK_OPENING,43055,17508,1765437838679644
ACK_OPENING,43055,50536,1765437838697700
ACK_OPENING,30888,43055,1765437838819081
ACK_OPENING,43055,18832,1765437838875227
ACK_OPENING,39202,50536,1765437839203997
ACK_OPENING,62450,43055,1765437839391560
ACK_OPENING,3138,18832,1765437839494105
ACK_OPENING,3138,50536,1765437839683799
ACK_OPENING,53079,18832,1765437840103608
ACK_OPENING,13669,50536,1765437840262407
ACK_OPENING,46199,43055,1765437840320741
ACK_OPENING,46199,18832,1765437840638468
READY,50536,1765437840826260
ACK_OPENING,53079,50536,1765437840826368
ACK_OPENING,32744,43055,1765437840934410
ACK_OPENING,53443,18832,1765437841158924
ACK_OPENING,53079,53079,1765437841377583
ACK_OPENING,53142,53142,1765437841655571
REGISTER,61724,32744|30888|53142|46199|53079|17508|39129|18832|13669|49030|1366|4401|48857|53443|50536|43055|2352|62450|39202|3138,1765437761585006
ACK_OPENING,39129,18832,1765437841750211
ACK_OPENING,1366,43055,1765437841781733
ACK_OPENING,53079,32744,1765437842000296
ACK_OPENING,53079,46199,1765437842029449
ACK_OPENING,53079,2352,1765437842048698
ACK_OPENING,53079,48857,1765437842059000
ACK_OPENING,53079,49030,1765437842069090
ACK_OPENING,53079,50536,1765437842077871
ACK_OPENING,53079,53443,1765437842085415
ACK_OPENING,53079,39202,1765437842086241
ACK_OPENING,53079,4401,1765437842094263
ACK_OPENING,53079,1366,1765437842097577
ACK_OPENING,53079,17508,1765437842097781
ACK_OPENING,53079,30888,1765437842100551
ACK_OPENING,53079,3138,1765437842104621
ACK_OPENING,53079,13669,1765437842116229
ACK_OPENING,53079,62450,1765437842121782
ACK_OPENING,53079,39129,1765437842184210
ACK_OPENING,53142,53079,1765437842296819
ACK_OPENING,48857,18832,1765437842302059
ACK_OPENING,32744,53142,1765437842342149
ACK_OPENING,53079,43055,1765437842391234
ACK_OPENING,53142,2352,1765437842582925
ACK_OPENING,53142,48857,1765437842587804
ACK_OPENING,53142,32744,1765437842619239
ACK_OPENING,53142,39202,1765437842621209
ACK_OPENING,53142,46199,1765437842654937
ACK_OPENING,53142,50536,1765437842671121
ACK_OPENING,53142,49030,1765437842684868
ACK_OPENING,53142,3138,1765437842692213
ACK_OPENING,53142,1366,1765437842712622
ACK_OPENING,53142,62450,1765437842731639
ACK_OPENING,53142,13669,1765437842738164
ACK_OPENING,53142,30888,1765437842740530
ACK_OPENING,53142,39129,1765437842800997
ACK_OPENING,53142,53443,1765437842810108
ACK_OPENING,53142,17508,1765437842815465
ACK_OPENING,53142,18832,1765437842889229
ACK_OPENING,53142,43055,1765437842935518
ACK_OPENING,62450,53142,1765437842938717
ACK_OPENING,53142,4401,1765437843063743
ACK_OPENING,53079,18832,1765437843446469
ACK_OPENING,53079,53142,1765437843472216
ACK_OPENING,13669,43055,1765437843583571
ACK_OPENING,13669,18832,1765437843964492
ACK_OPENING,39202,53142,1765437844121206
ACK_OPENING,39202,18832,1765437844475728
ACK_OPENING,39129,43055,1765437844553209
ACK_OPENING,17508,53142,1765437844737667
ACK_OPENING,17508,18832,1765437844973134
ACK_OPENING,53079,43055,1765437845164888
ACK_OPENING,46199,53142,1765437845341904
ACK_OPENING,30888,18832,1765437845466339
ACK_OPENING,4401,43055,1765437845888921
ACK_OPENING,62450,62450,1765437845905456
ACK_OPENING,62450,62450,1765437845905579
ACK_OPENING,1366,53142,1765437845998604
ACK_OPENING,4401,18832,1765437846083379
ACK_OPENING,61724,61724,1765437846224402
REGISTER,19521,39129|18832|13669|49030|1366|4401|48857|53443|50536|43055|2352|62450|39202|3138|61724|32744|30888|53142|46199|53079|17508,1765437761625252
ACK_OPENING,62450,53142,1765437846549795
ACK_OPENING,62450,3138,1765437846564528
ACK_OPENING,62450,53079,1765437846580004
ACK_OPENING,62450,13669,1765437846592246
ACK_OPENING,62450,53443,1765437846596040
ACK_OPENING,62450,4401,1765437846604879
ACK_OPENING,62450,32744,1765437846611452
ACK_OPENING,49030,43055,1765437846616654
ACK_OPENING,62450,17508,1765437846637554
ACK_OPENING,62450,46199,1765437846640834
ACK_OPENING,62450,30888,1765437846641904
ACK_OPENING,62450,49030,1765437846647553
ACK_OPENING,62450,39129,1765437846666634
ACK_OPENING,62450,2352,1765437846672392
ACK_OPENING,50536,18832,1765437846712009
ACK_OPENING,62450,48857,1765437846715381
ACK_OPENING,62450,50536,1765437846715819
ACK_OPENING,62450,1366,1765437846716657
ACK_OPENING,39202,61724,1765437846835049
ACK_OPENING,61724,62450,1765437846850180
ACK_OPENING,62450,39202,1765437846916188
ACK_OPENING,62450,53079,1765437847116260
ACK_OPENING,62450,53443,1765437847137604
ACK_OPENING,50536,43055,1765437847153685
ACK_OPENING,62450,3138,1765437847186765
ACK_OPENING,62450,13669,1765437847208202
ACK_OPENING,62450,4401,1765437847223132
ACK_OPENING,62450,53142,1765437847224942
ACK_OPENING,62450,32744,1765437847230122
ACK_OPENING,62450,17508,1765437847253591
ACK_OPENING,62450,46199,1765437847255083
ACK_OPENING,62450,30888,1765437847257018
ACK_OPENING,62450,48857,1765437847286835
ACK_OPENING,62450,39129,1765437847303004
ACK_OPENING,62450,50536,1765437847333119
ACK_OPENING,62450,2352,1765437847336725
ACK_OPENING,62450,49030,1765437847340245
ACK_OPENING,2352,18832,1765437847344044
READY,18832,1765437847363703
ACK_OPENING,62450,1366,1765437847377155
ACK_OPENING,18832,61724,1765437847450324
ACK_OPENING,62450,39202,1765437847556397
ACK_OPENING,61724,53079,1765437847652271
ACK_OPENING,61724,53443,1765437847673906
ACK_OPENING,53443,43055,1765437847688228
ACK_OPENING,61724,13669,1765437847807164
ACK_OPENING,61724,48857,1765437847819778
ACK_OPENING,61724,4401,1765437847825754
ACK_OPENING,61724,46199,1765437847827498
ACK_OPENING,61724,32744,1765437847845983
ACK_OPENING,61724,53142,1765437847860592
ACK_OPENING,61724,17508,1765437847904860
ACK_OPENING,61724,39129,1765437847926299
ACK_OPENING,61724,49030,1765437847939826
ACK_OPENING,61724,50536,1765437847951713
ACK_OPENING,61724,2352,1765437847951738
ACK_OPENING,61724,3138,1765437847979967
ACK_OPENING,61724,1366,1765437847997157
ACK_OPENING,62450,18832,1765437848033140
ACK_OPENING,61724,30888,1765437848033301
ACK_OPENING,53079,61724,1765437848131297
ACK_OPENING,61724,39202,1765437848177225
ACK_OPENING,61724,53079,1765437848193641
ACK_OPENING,61724,53443,1765437848235125
ACK_OPENING,62450,43055,1765437848336988
ACK_OPENING,61724,48857,1765437848342846
ACK_OPENING,61724,13669,1765437848345922
ACK_OPENING,61724,4401,1765437848365833
ACK_OPENING,61724,46199,1765437848376998
ACK_OPENING,61724,53142,1765437848450383
ACK_OPENING,61724,32744,1765437848473429
ACK_OPENING,61724,39129,1765437848492395
ACK_OPENING,61724,17508,1765437848523886
ACK_OPENING,61724,1366,1765437848546799
ACK_OPENING,61724,49030,1765437848559317
ACK_OPENING,61724,2352,1765437848567553
ACK_OPENING,61724,50536,1765437848572090
ACK_OPENING,61724,3138,1765437848608940
ACK_OPENING,61724,18832,1765437848636056
ACK_OPENING,2352,61724,1765437848760117
ACK_OPENING,61724,39202,1765437848795638
ACK_OPENING,61724,30888,1765437848831679
ACK_OPENING,49030,53142,1765437848952705
ACK_OPENING,62450,43055,1765437848977365
ACK_OPENING,62450,18832,1765437849251875
ACK_OPENING,39129,61724,1765437849384739
ACK_OPENING,30888,53142,1765437849450020
ACK_OPENING,61724,43055,1765437849611810
ACK_OPENING,61724,18832,1765437849866070
ACK_OPENING,48857,53142,1765437849943799
ACK_OPENING,39202,61724,1765437850004262
ACK_OPENING,61724,43055,1765437850224903
ACK_OPENING,2352,53142,1765437850438810
ACK_OPENING,46199,61724,1765437850623390
ACK_OPENING,39202,43055,1765437850774001
ACK_OPENING,53079,53142,1765437850937086
ACK_OPENING,32744,61724,1765437851181726
ACK_OPENING,3138,43055,1765437851344127
ACK_OPENING,19521,19521,1765437851438180
REGISTER,8074,53142|32744|30888|17508|19521|46199|53079|1366|4401|39129|18832|13669|49030|39202|3138|48857|53443|50536|43055|2352|62450|61724,1765437761832876
ACK_OPENING,13669,61724,1765437851812496
ACK_OPENING,19521,49030,1765437851819785
ACK_OPENING,39129,53142,1765437851842019
ACK_OPENING,19521,48857,1765437851867719
ACK_OPENING,19521,30888,1765437851872925
ACK_OPENING,19521,1366,1765437851874712
ACK_OPENING,19521,13669,1765437851900175
ACK_OPENING,19521,2352,1765437851900893
ACK_OPENING,19521,53443,1765437851905060
ACK_OPENING,19521,17508,1765437851918569
ACK_OPENING,19521,18832,1765437851923547
ACK_OPENING,19521,46199,1765437851926221
ACK_OPENING,19521,32744,1765437851937174
ACK_OPENING,19521,39129,1765437851941512
ACK_OPENING,39202,43055,1765437851966143
ACK_OPENING,19521,3138,1765437852030861
ACK_OPENING,19521,53079,1765437852036947
ACK_OPENING,19521,39202,1765437852087737
ACK_OPENING,19521,50536,1765437852103502
ACK_OPENING,46199,19521,1765437852111889
ACK_OPENING,19521,62450,1765437852148795
ACK_OPENING,19521,4401,1765437852170030
ACK_OPENING,19521,61724,1765437852337245
ACK_OPENING,39202,53142,1765437852457468
ACK_OPENING,49030,43055,1765437852580567
ACK_OPENING,2352,19521,1765437852727481
ACK_OPENING,4401,61724,1765437852820662
ACK_OPENING,48857,43055,1765437853102496
ACK_OPENING,18832,53142,1765437853107999
ACK_OPENING,53443,61724,1765437853295695
ACK_OPENING,1366,19521,1765437853345263
ACK_OPENING,17508,43055,1765437853672802
ACK_OPENING,43055,53142,1765437853714265
ACK_OPENING,49030,61724,1765437853902441
ACK_OPENING,62450,19521,1765437853914707
READY,43055,1765437854233129
ACK_OPENING,18832,43055,1765437854233159
ACK_OPENING,17508,19521,1765437854414048
ACK_OPENING,1366,61724,1765437854513113
ACK_OPENING,4401,53142,1765437854692992
ACK_OPENING,19521,43055,1765437854745180
ACK_OPENING,53443,19521,1765437854919443
ACK_OPENING,50536,61724,1765437855054457
ACK_OPENING,19521,43055,1765437855248645
ACK_OPENING,19521,53142,1765437855345591
ACK_OPENING,49030,19521,1765437855406364
ACK_OPENING,62450,61724,1765437855545091
ACK_OPENING,53142,19521,1765437855923204
ACK_OPENING,19521,53142,1765437856047775
ACK_OPENING,49030,61724,1765437856164243
ACK_OPENING,8074,8074,1765437856316674
REGISTER,62256,17508|19521|46199|53079|1366|4401|39129|18832|13669|49030|39202|3138|48857|53443|50536|43055|2352|62450|61724|8074|53142|32744|30888,1765437761949819
ACK_OPENING,53079,19521,1765437856591250
ACK_OPENING,3138,53142,1765437856611732
ACK_OPENING,8074,17508,1765437856698111
ACK_OPENING,8074,39202,1765437856794270
ACK_OPENING,8074,2352,1765437856800508
ACK_OPENING,8074,48857,1765437856818719
ACK_OPENING,8074,53443,1765437856819066
ACK_OPENING,8074,53079,1765437856827040
ACK_OPENING,8074,50536,1765437856837066
ACK_OPENING,8074,13669,1765437856838785
ACK_OPENING,8074,39129,1765437856848634
ACK_OPENING,8074,1366,1765437856866978
ACK_OPENING,17508,61724,1765437856884654
ACK_OPENING,8074,46199,1765437856888993
ACK_OPENING,8074,4401,1765437856907490
ACK_OPENING,8074,62450,1765437856916671
ACK_OPENING,8074,3138,1765437856920252
ACK_OPENING,8074,18832,1765437856928764
ACK_OPENING,8074,30888,1765437856940599
ACK_OPENING,8074,43055,1765437856959348
ACK_OPENING,30888,8074,1765437856964452
ACK_OPENING,8074,32744,1765437857100378
ACK_OPENING,53443,53142,1765437857126085
ACK_OPENING,8074,49030,1765437857159880
ACK_OPENING,8074,19521,1765437857207270
ACK_OPENING,3138,8074,1765437857443842
ACK_OPENING,8074,61724,1765437857485838
ACK_OPENING,50536,53142,1765437857690077
ACK_OPENING,8074,19521,1765437857822538
ACK_OPENING,19521,8074,1765437857920510
ACK_OPENING,8074,61724,1765437858207930
ACK_OPENING,13669,53142,1765437858287254
READY,53142,1765437858287303
ACK_OPENING,62450,19521,1765437858378535
ACK_OPENING,32744,8074,1765437858572490
ACK_OPENING,48857,61724,1765437858832988
ACK_OPENING,49030,53142,1765437858844525
ACK_OPENING,18832,19521,1765437859022890
ACK_OPENING,49030,8074,1765437859190871
ACK_OPENING,8074,53142,1765437859365010
ACK_OPENING,62450,61724,1765437859450355
ACK_OPENING,2352,8074,1765437859843963
ACK_OPENING,62450,62450,1765437859883502
ACK_OPENING,61724,19521,1765437859922596
ACK_OPENING,8074,53142,1765437860124470
REGISTER,24626,32744|30888|53142|46199|53079|17508|19521|39129|18832|62256|13669|49030|1366|4401|48857|53443|50536|43055|2352|62450|39202|3138|61724|8074,1765437761992439
ACK_OPENING,30888,61724,1765437860302564
ACK_OPENING,62256,62256,1765437860361341
ACK_OPENING,62450,39129,1765437860427140
ACK_OPENING,62450,53443,1765437860484316
ACK_OPENING,62450,18832,1765437860485400
ACK_OPENING,62450,30888,1765437860529729
ACK_OPENING,62450,43055,1765437860553792
ACK_OPENING,62450,39202,1765437860563291
ACK_OPENING,1366,8074,1765437860569751
ACK_OPENING,62450,1366,1765437860577975
ACK_OPENING,62450,3138,1765437860581410
ACK_OPENING,62450,53079,1765437860582925
ACK_OPENING,62450,48857,1765437860586335
ACK_OPENING,62450,46199,1765437860590103
ACK_OPENING,62450,4401,1765437860627978
ACK_OPENING,62450,49030,1765437860631461
ACK_OPENING,62450,32744,1765437860634460
ACK_OPENING,53079,19521,1765437860646466
ACK_OPENING,61724,62450,1765437860652131
ACK_OPENING,62450,50536,1765437860657139
ACK_OPENING,62450,2352,1765437860686550
ACK_OPENING,62450,17508,1765437860689931
ACK_OPENING,62450,13669,1765437860699439
ACK_OPENING,62256,53142,1765437860747982
ACK_OPENING,43055,61724,1765437860919237
ACK_OPENING,17508,62256,1765437860977787
ACK_OPENING,61724,39129,1765437861033452
ACK_OPENING,61724,30888,1765437861090675
ACK_OPENING,61724,53443,1765437861101789
ACK_OPENING,61724,18832,1765437861102502
ACK_OPENING,61724,39202,1765437861119248
ACK_OPENING,61724,48857,1765437861135860
ACK_OPENING,61724,43055,1765437861138035
ACK_OPENING,61724,1366,1765437861147571
ACK_OPENING,61724,3138,1765437861176603
ACK_OPENING,62256,8074,1765437861184437
ACK_OPENING,61724,46199,1765437861204198
ACK_OPENING,61724,53079,1765437861208628
ACK_OPENING,32744,19521,1765437861214145
ACK_OPENING,61724,49030,1765437861246142
ACK_OPENING,62256,62450,1765437861247412
ACK_OPENING,61724,32744,1765437861254184
ACK_OPENING,61724,4401,1765437861267829
ACK_OPENING,61724,50536,1765437861284967
ACK_OPENING,61724,2352,1765437861293747
ACK_OPENING,61724,17508,1765437861304832
ACK_OPENING,62450,53142,1765437861314276
ACK_OPENING,61724,13669,1765437861322631
ACK_OPENING,3138,61724,1765437861496708
ACK_OPENING,61724,62256,1765437861558111
ACK_OPENING,62256,39129,1765437861656112
ACK_OPENING,62256,39202,1765437861662027
ACK_OPENING,62256,30888,1765437861662706
ACK_OPENING,62256,48857,1765437861676787
ACK_OPENING,62256,1366,1765437861688198
ACK_OPENING,62256,43055,1765437861700768
ACK_OPENING,62256,18832,1765437861718185
ACK_OPENING,62256,53443,1765437861718291
ACK_OPENING,62256,3138,1765437861793341
ACK_OPENING,62450,8074,1765437861799102
ACK_OPENING,62256,46199,1765437861818390
ACK_OPENING,62256,32744,1765437861826762
ACK_OPENING,62256,53079,1765437861830022
ACK_OPENING,62256,2352,1765437861840697
ACK_OPENING,62256,19521,1765437861841029
ACK_OPENING,62256,4401,1765437861842829
ACK_OPENING,61724,53142,1765437861848780
ACK_OPENING,62256,49030,1765437861860947
ACK_OPENING,62256,17508,1765437861894652
ACK_OPENING,62256,50536,1765437861936325
ACK_OPENING,62256,13669,1765437861937891
ACK_OPENING,53079,61724,1765437862113432
ACK_OPENING,2352,62256,1765437862353757
ACK_OPENING,61724,8074,1765437862434124
ACK_OPENING,62450,19521,1765437862449258
ACK_OPENING,62256,61724,1765437862722013
ACK_OPENING,39129,8074,1765437863048804
ACK_OPENING,62450,62256,1765437863067718
ACK_OPENING,61724,19521,1765437863098047
ACK_OPENING,62450,61724,1765437863356650
ACK_OPENING,61724,61724,1765437863362007
ACK_OPENING,53079,8074,1765437863662912
ACK_OPENING,13669,19521,1765437863713330
ACK_OPENING,49030,62256,1765437863732152
READY,61724,1765437864009821
ACK_OPENING,53142,61724,1765437864009912
ACK_OPENING,4401,8074,1765437864200285
ACK_OPENING,48857,19521,1765437864312856
ACK_OPENING,39202,62256,1765437864360754
ACK_OPENING,17508,8074,1765437864897646
ACK_OPENING,39129,19521,1765437864909461
REGISTER,60124,32744|30888|53142|19521|46199|53079|17508|4401|39129|18832|62256|24626|13669|49030|1366|3138|48857|53443|50536|43055|2352|62450|39202|61724|8074,1765437762049647
ACK_OPENING,46199,62256,1765437865086199
ACK_OPENING,24626,18832,1765437865415445
ACK_OPENING,24626,24626,1765437865416309
ACK_OPENING,24626,49030,1765437865425677
ACK_OPENING,24626,48857,1765437865435070
ACK_OPENING,24626,62450,1765437865436140
ACK_OPENING,24626,39129,1765437865453618
ACK_OPENING,24626,39202,1765437865464587
ACK_OPENING,24626,53079,1765437865472293
ACK_OPENING,24626,46199,1765437865472708
ACK_OPENING,24626,1366,1765437865478456
ACK_OPENING,24626,32744,1765437865479050
ACK_OPENING,39202,19521,1765437865489030
ACK_OPENING,24626,3138,1765437865536704
ACK_OPENING,24626,53443,1765437865543836
ACK_OPENING,24626,2352,1765437865543991
ACK_OPENING,24626,61724,1765437865544760
ACK_OPENING,24626,50536,1765437865559306
ACK_OPENING,24626,17508,1765437865577567
ACK_OPENING,39202,8074,1765437865590999
ACK_OPENING,24626,53142,1765437865613095
ACK_OPENING,24626,4401,1765437865636462
ACK_OPENING,24626,43055,1765437865640863
ACK_OPENING,24626,30888,1765437865665930
ACK_OPENING,24626,13669,1765437865679986
ACK_OPENING,24626,62256,1765437865708796
ACK_OPENING,43055,19521,1765437866021379
ACK_OPENING,2352,24626,1765437866033488
ACK_OPENING,49030,62256,1765437866241170
ACK_OPENING,53142,8074,1765437866575353
ACK_OPENING,4401,24626,1765437866615953
ACK_OPENING,39202,19521,1765437866668089
ACK_OPENING,62450,62256,1765437866735228
ACK_OPENING,62450,8074,1765437867240326
ACK_OPENING,13669,24626,1765437867265409
ACK_OPENING,30888,19521,1765437867281058
ACK_OPENING,48857,62256,1765437867463496
ACK_OPENING,24626,8074,1765437867860362
ACK_OPENING,50536,24626,1765437868013808
ACK_OPENING,3138,62256,1765437868088642
ACK_OPENING,49030,19521,1765437868128127
ACK_OPENING,53443,8074,1765437868510746
ACK_OPENING,50536,62256,1765437868770785
ACK_OPENING,62450,24626,1765437868775320
ACK_OPENING,24626,19521,1765437868815753
ACK_OPENING,62450,8074,1765437869162456
REGISTER,49327,46199|53079|17508|19521|24626|13669|49030|1366|4401|39129|18832|62256|43055|2352|62450|39202|3138|48857|53443|50536|61724|8074|60124|32744|30888|53142,1765437762210543
ACK_OPENING,60124,60124,1765437869234204
ACK_OPENING,3138,19521,1765437869410388
ACK_OPENING,1366,24626,1765437869428972
ACK_OPENING,19521,62256,1765437869435807
ACK_OPENING,60124,32744,1765437869563869
ACK_OPENING,60124,3138,1765437869599290
ACK_OPENING,60124,39129,1765437869621990
ACK_OPENING,60124,43055,1765437869628316
ACK_OPENING,60124,30888,1765437869636654
ACK_OPENING,60124,62450,1765437869643774
ACK_OPENING,60124,2352,1765437869660383
ACK_OPENING,60124,53443,1765437869665730
ACK_OPENING,60124,39202,1765437869682420
ACK_OPENING,60124,53142,1765437869691186
ACK_OPENING,60124,49030,1765437869694167
ACK_OPENING,60124,18832,1765437869699334
ACK_OPENING,60124,48857,1765437869716846
ACK_OPENING,60124,1366,1765437869724935
ACK_OPENING,60124,46199,1765437869729450
ACK_OPENING,60124,17508,1765437869736149
ACK_OPENING,60124,13669,1765437869743077
ACK_OPENING,60124,53079,1765437869744864
ACK_OPENING,18832,8074,1765437869770863
ACK_OPENING,60124,61724,1765437869782284
ACK_OPENING,60124,4401,1765437869821540
ACK_OPENING,2352,60124,1765437869932133
ACK_OPENING,60124,50536,1765437869977276
ACK_OPENING,62450,62256,1765437869996797
ACK_OPENING,4401,19521,1765437870027315
ACK_OPENING,60124,24626,1765437870049020
ACK_OPENING,49030,8074,1765437870421175
ACK_OPENING,18832,60124,1765437870515071
ACK_OPENING,60124,62256,1765437870616389
ACK_OPENING,50536,19521,1765437870650628
READY,19521,1765437870650696
ACK_OPENING,32744,24626,1765437870666207
ACK_OPENING,30888,60124,1765437870990860
ACK_OPENING,46199,8074,1765437871037420
ACK_OPENING,43055,24626,1765437871292438
ACK_OPENING,60124,19521,1765437871313658
ACK_OPENING,13669,62256,1765437871372469
ACK_OPENING,46199,60124,1765437871484219
ACK_OPENING,61724,8074,1765437871808778
ACK_OPENING,30888,24626,1765437871828793
ACK_OPENING,1366,60124,1765437871964599
ACK_OPENING,8074,62256,1765437871992799
ACK_OPENING,49030,24626,1765437872331078
ACK_OPENING,60124,8074,1765437872446665
ACK_OPENING,53142,60124,1765437872459564
ACK_OPENING,53079,62256,1765437872642818
ACK_OPENING,46199,24626,1765437872809064
ACK_OPENING,39129,60124,1765437872934889
ACK_OPENING,39202,8074,1765437873062754
ACK_OPENING,61724,62256,1765437873265216
ACK_OPENING,53079,24626,1765437873417819
ACK_OPENING,4401,60124,1765437873536168
ACK_OPENING,50536,8074,1765437873715908
REGISTER,10375,13669|49030|1366|39129|24626|8074|60124|62450|39202|3138|48857|50536|43055|32744|46199|53079|17508|19521|4401|18832|62256|2352|53443|61724|49327|30888|53142,1765437762243694
ACK_OPENING,4401,62256,1765437873967039
ACK_OPENING,17508,24626,1765437873987606
ACK_OPENING,49327,49327,1765437874107595
ACK_OPENING,49327,4401,1765437874216442
ACK_OPENING,39202,60124,1765437874218293
ACK_OPENING,49327,17508,1765437874227583
ACK_OPENING,49327,53443,1765437874256235
ACK_OPENING,49327,39202,1765437874256836
ACK_OPENING,49327,53079,1765437874291145
ACK_OPENING,49327,48857,1765437874300373
ACK_OPENING,49327,50536,1765437874300939
ACK_OPENING,49327,18832,1765437874304262
ACK_OPENING,49327,1366,1765437874305923
ACK_OPENING,49327,49030,1765437874321675
ACK_OPENING,43055,8074,1765437874323319
ACK_OPENING,49327,53142,1765437874365793
ACK_OPENING,49327,43055,1765437874366966
ACK_OPENING,49327,61724,1765437874379062
ACK_OPENING,49327,46199,1765437874380973
ACK_OPENING,49327,19521,1765437874389228
ACK_OPENING,49327,13669,1765437874389904
ACK_OPENING,49327,3138,1765437874393055
ACK_OPENING,49327,30888,1765437874415662
ACK_OPENING,49327,62450,1765437874421001
ACK_OPENING,49327,39129,1765437874423573
ACK_OPENING,49327,32744,1765437874441894
ACK_OPENING,49327,2352,1765437874462153
ACK_OPENING,18832,24626,1765437874541046
ACK_OPENING,1366,62256,1765437874587144
ACK_OPENING,53079,49327,1765437874732203
ACK_OPENING,49327,60124,1765437874933558
ACK_OPENING,49327,24626,1765437875043849
ACK_OPENING,53079,8074,1765437875054931
ACK_OPENING,53443,62256,1765437875205787
ACK_OPENING,50536,49327,1765437875347335
ACK_OPENING,53443,24626,1765437875543735
ACK_OPENING,50536,60124,1765437875551281
ACK_OPENING,49327,62256,1765437875776768
ACK_OPENING,46199,49327,1765437875886048
ACK_OPENING,13669,8074,1765437875902299
ACK_OPENING,61724,24626,1765437876038986
ACK_OPENING,32744,62256,1765437876287840
ACK_OPENING,62256,60124,1765437876318466
ACK_OPENING,53142,49327,1765437876394786
ACK_OPENING,39202,24626,1765437876533667
ACK_OPENING,48857,8074,1765437876569742
READY,8074,1765437876569857
ACK_OPENING,30888,62256,1765437876765809
ACK_OPENING,53079,60124,1765437876951743
ACK_OPENING,49030,24626,1765437877029919
ACK_OPENING,3138,49327,1765437877036308
ACK_OPENING,49327,8074,1765437877179155
ACK_OPENING,39129,62256,1765437877253319
ACK_OPENING,48857,24626,1765437877521352
ACK_OPENING,49030,60124,1765437877667886
ACK_OPENING,53079,49327,1765437877702499
ACK_OPENING,39202,62256,1765437877929026
ACK_OPENING,10375,10375,1765437878012321
REGISTER,34520,1366|39129|24626|10375|13669|49030|3138|48857|50536|43055|8074|60124|62450|39202|32744|17508|19521|46199|53079|62256|4401|18832|61724|49327|2352|53443|30888|53142,1765437762553344
ACK_OPENING,3138,24626,1765437878271371
ACK_OPENING,43055,60124,1765437878325192
ACK_OPENING,49030,49327,1765437878355773
ACK_OPENING,10375,46199,1765437878404593
ACK_OPENING,10375,39129,1765437878430588
ACK_OPENING,10375,1366,1765437878433593
ACK_OPENING,10375,3138,1765437878452604
ACK_OPENING,10375,17508,1765437878457227
ACK_OPENING,10375,53443,1765437878485431
ACK_OPENING,10375,49030,1765437878495015
ACK_OPENING,10375,39202,1765437878502844
ACK_OPENING,10375,18832,1765437878507266
ACK_OPENING,53142,62256,1765437878510169
ACK_OPENING,10375,13669,1765437878512130
ACK_OPENING,10375,50536,1765437878521118
ACK_OPENING,10375,48857,1765437878522084
ACK_OPENING,10375,4401,1765437878526729
ACK_OPENING,10375,61724,1765437878568320
ACK_OPENING,10375,30888,1765437878586207
ACK_OPENING,10375,32744,1765437878603896
ACK_OPENING,10375,19521,1765437878610251
ACK_OPENING,10375,53142,1765437878626355
ACK_OPENING,10375,8074,1765437878628283
ACK_OPENING,10375,43055,1765437878629950
ACK_OPENING,62450,10375,1765437878649050
ACK_OPENING,10375,62450,1765437878651331
ACK_OPENING,10375,2352,1765437878675027
ACK_OPENING,10375,53079,1765437878683715
ACK_OPENING,39129,24626,1765437878800401
ACK_OPENING,62450,60124,1765437878941642
ACK_OPENING,10375,49327,1765437878971723
ACK_OPENING,18832,62256,1765437879043760
ACK_OPENING,39202,10375,1765437879264775
ACK_OPENING,19521,24626,1765437879294049
ACK_OPENING,10375,60124,1765437879509085
ACK_OPENING,43055,62256,1765437879562895
READY,62256,1765437879562960
ACK_OPENING,2352,49327,1765437879619230
ACK_OPENING,10375,24626,1765437879784517
ACK_OPENING,49030,10375,1765437879881164
ACK_OPENING,62450,60124,1765437880059451
ACK_OPENING,1366,49327,1765437880272511
ACK_OPENING,62256,24626,1765437880291426
ACK_OPENING,10375,62256,1765437880417383
ACK_OPENING,17508,10375,1765437880433839
ACK_OPENING,32744,60124,1765437880633554
ACK_OPENING,39202,24626,1765437880788225
ACK_OPENING,39202,49327,1765437880889653
ACK_OPENING,1366,10375,1765437880936645
ACK_OPENING,49030,60124,1765437881140389
ACK_OPENING,53079,62256,1765437881150215
ACK_OPENING,62450,24626,1765437881297440
ACK_OPENING,30888,10375,1765437881452262
ACK_OPENING,4401,49327,1765437881496239
ACK_OPENING,48857,60124,1765437881623346
ACK_OPENING,62450,24626,1765437881851371
ACK_OPENING,17508,49327,1765437882076687
ACK_OPENING,24626,10375,1765437882097670
ACK_OPENING,34520,34520,1765437882133794
REGISTER,30805,13669|49030|1366|39129|24626|10375|60124|62450|39202|3138|48857|50536|43055|8074|32744|46199|53079|17508|19521|34520|4401|18832|62256|2352|53443|61724|49327|30888|53142,1765437762648776
ACK_OPENING,61724,24626,1765437882444178
ACK_OPENING,53443,60124,1765437882451557
ACK_OPENING,34520,61724,1765437882565903
ACK_OPENING,34520,3138,1765437882610291
ACK_OPENING,34520,2352,1765437882621496
ACK_OPENING,34520,62256,1765437882627646
ACK_OPENING,34520,32744,1765437882644408
ACK_OPENING,34520,39129,1765437882661572
ACK_OPENING,34520,53079,1765437882664929
ACK_OPENING,34520,39202,1765437882666769
ACK_OPENING,34520,30888,1765437882667035
ACK_OPENING,34520,4401,1765437882680867
ACK_OPENING,39202,49327,1765437882684683
ACK_OPENING,34520,62450,1765437882689926
ACK_OPENING,34520,10375,1765437882715743
ACK_OPENING,34520,13669,1765437882721926
ACK_OPENING,34520,53443,1765437882731219
ACK_OPENING,34520,43055,1765437882738067
ACK_OPENING,34520,17508,1765437882780366
ACK_OPENING,62450,34520,1765437882786994
ACK_OPENING,34520,48857,1765437882802988
ACK_OPENING,34520,8074,1765437882803965
ACK_OPENING,34520,19521,1765437882807960
ACK_OPENING,34520,46199,1765437882818058
ACK_OPENING,34520,50536,1765437882826410
ACK_OPENING,34520,18832,1765437882841842
ACK_OPENING,34520,1366,1765437882886896
ACK_OPENING,34520,53142,1765437882981864
ACK_OPENING,53142,24626,1765437883019807
ACK_OPENING,39202,60124,1765437883058111
ACK_OPENING,34520,49030,1765437883133194
ACK_OPENING,34520,49327,1765437883265128
ACK_OPENING,19521,10375,1765437883330279
ACK_OPENING,19521,34520,1765437883401960
ACK_OPENING,17508,60124,1765437883584001
ACK_OPENING,53079,24626,1765437883640002
ACK_OPENING,62450,49327,1765437883802737
ACK_OPENING,13669,10375,1765437883927260
ACK_OPENING,43055,34520,1765437884014564
ACK_OPENING,34520,60124,1765437884075628
ACK_OPENING,34520,24626,1765437884199896
ACK_OPENING,3138,60124,1765437884563224
ACK_OPENING,43055,10375,1765437884575161
ACK_OPENING,1366,34520,1765437884631725
ACK_OPENING,8074,49327,1765437884775206
READY,24626,1765437884816628
ACK_OPENING,8074,24626,1765437884816693
ACK_OPENING,53079,60124,1765437885040631
ACK_OPENING,53079,10375,1765437885208593
ACK_OPENING,62256,34520,1765437885281037
ACK_OPENING,32744,49327,1765437885452817
ACK_OPENING,3138,10375,1765437885828084
ACK_OPENING,24626,60124,1765437885894582
ACK_OPENING,39129,49327,1765437886106738
ACK_OPENING,32744,34520,1765437886199502
ACK_OPENING,18832,10375,1765437886443615
ACK_OPENING,30888,30888,1765437886515126
ACK_OPENING,30888,30888,1765437886515218
ACK_OPENING,62450,60124,1765437886592986
ACK_OPENING,49030,49327,1765437886794466
REGISTER,52498,10375|13669|49030|1366|39129|24626|43055|8074|60124|62450|39202|3138|48857|50536|32744|46199|53079|17508|19521|34520|4401|18832|62256|2352|53443|61724|49327|30888|53142|30805,1765437762900730
ACK_OPENING,30805,30805,1765437887023409
ACK_OPENING,30888,34520,1765437887029911
ACK_OPENING,30888,46199,1765437887096637
ACK_OPENING,30888,2352,1765437887120978
ACK_OPENING,48857,10375,1765437887132403
ACK_OPENING,30888,62450,1765437887146622
ACK_OPENING,61724,60124,1765437887175948
ACK_OPENING,30888,4401,1765437887181977
ACK_OPENING,30888,17508,1765437887187185
ACK_OPENING,30888,32744,1765437887190015
ACK_OPENING,30888,13669,1765437887195069
ACK_OPENING,30888,18832,1765437887197596
ACK_OPENING,30888,48857,1765437887201056
ACK_OPENING,30888,43055,1765437887216129
ACK_OPENING,30888,39129,1765437887239891
ACK_OPENING,30888,1366,1765437887240485
ACK_OPENING,30888,53079,1765437887243249
ACK_OPENING,30888,50536,1765437887258118
ACK_OPENING,30888,53142,1765437887261548
ACK_OPENING,30888,61724,1765437887262398
ACK_OPENING,30888,8074,1765437887262793
ACK_OPENING,30888,19521,1765437887272114
ACK_OPENING,30888,62256,1765437887273895
ACK_OPENING,30888,39202,1765437887274065
ACK_OPENING,30888,53443,1765437887283791
ACK_OPENING,30888,24626,1765437887299767
ACK_OPENING,30888,49030,1765437887312972
ACK_OPENING,30888,3138,1765437887317684
ACK_OPENING,48857,49327,1765437887410565
ACK_OPENING,30805,30888,1765437887501395
ACK_OPENING,49030,30805,1765437887641151
ACK_OPENING,30805,34520,1765437887663573
ACK_OPENING,30888,46199,1765437887666464
ACK_OPENING,30805,10375,1765437887695281
ACK_OPENING,30888,2352,1765437887740354
ACK_OPENING,30888,62450,1765437887742663
ACK_OPENING,30888,17508,1765437887752059
ACK_OPENING,30888,48857,1765437887761717
ACK_OPENING,30888,43055,1765437887767728
ACK_OPENING,61724,60124,1765437887789453
ACK_OPENING,30888,32744,1765437887795117
ACK_OPENING,30888,4401,1765437887799402
ACK_OPENING,30888,53079,1765437887800560
ACK_OPENING,30888,13669,1765437887803012
ACK_OPENING,30888,1366,1765437887817292
ACK_OPENING,30888,61724,1765437887822596
ACK_OPENING,30888,18832,1765437887833235
ACK_OPENING,30888,53142,1765437887838982
ACK_OPENING,30888,53443,1765437887844666
ACK_OPENING,30888,62256,1765437887846883
ACK_OPENING,30888,50536,1765437887846892
ACK_OPENING,30888,39129,1765437887863163
ACK_OPENING,30888,8074,1765437887876763
ACK_OPENING,30888,19521,1765437887888794
ACK_OPENING,30888,39202,1765437887894722
ACK_OPENING,30888,24626,1765437887914588
ACK_OPENING,30888,49030,1765437887931111
ACK_OPENING,30888,3138,1765437887933536
ACK_OPENING,13669,49327,1765437888041410
ACK_OPENING,30805,46199,1765437888233519
ACK_OPENING,2352,30805,1765437888258296
ACK_OPENING,30805,34520,1765437888280614
ACK_OPENING,30805,17508,1765437888315371
ACK_OPENING,30805,48857,1765437888324986
ACK_OPENING,30805,43055,1765437888333427
ACK_OPENING,30805,2352,1765437888356680
ACK_OPENING,30805,62450,1765437888358727
ACK_OPENING,13669,60124,1765437888365225
ACK_OPENING,30805,1366,1765437888380029
ACK_OPENING,30805,53079,1765437888384528
ACK_OPENING,30805,4401,1765437888404233
ACK_OPENING,30805,53142,1765437888404619
ACK_OPENING,30805,62256,1765437888406884
ACK_OPENING,30805,32744,1765437888409606
ACK_OPENING,30805,50536,1765437888412390
ACK_OPENING,30805,53443,1765437888415685
ACK_OPENING,30805,13669,1765437888442814
ACK_OPENING,30888,10375,1765437888443854
ACK_OPENING,30805,18832,1765437888447798
ACK_OPENING,30805,61724,1765437888464640
ACK_OPENING,30805,39129,1765437888483842
ACK_OPENING,30805,8074,1765437888488846
ACK_OPENING,30805,19521,1765437888495179
ACK_OPENING,30805,39202,1765437888513087
ACK_OPENING,30805,24626,1765437888517740
ACK_OPENING,30805,49030,1765437888535087
ACK_OPENING,30805,3138,1765437888536327
ACK_OPENING,30805,49327,1765437888688968
ACK_OPENING,49327,30805,1765437888872389
ACK_OPENING,30805,10375,1765437888939544
ACK_OPENING,30805,60124,1765437888956276
ACK_OPENING,30888,34520,1765437889175021
ACK_OPENING,30805,49327,1765437889303384
ACK_OPENING,30888,10375,1765437889435281
ACK_OPENING,10375,30805,1765437889523203
ACK_OPENING,30805,60124,1765437889636184
ACK_OPENING,30888,34520,1765437889858733
ACK_OPENING,49327,10375,1765437889937617
ACK_OPENING,53142,30805,1765437890137871
ACK_OPENING,30888,49327,1765437890234897
ACK_OPENING,30888,60124,1765437890235555
ACK_OPENING,46199,10375,1765437890441471
ACK_OPENING,53079,34520,1765437890474866
ACK_OPENING,53142,53142,1765437890677169
ACK_OPENING,53142,53142,1765437890691841
ACK_OPENING,52498,52498,1765437890991956
ACK_OPENING,30888,60124,1765437891010708
ACK_OPENING,50536,10375,1765437891014026
ACK_OPENING,30888,49327,1765437891072885
ACK_OPENING,3138,30805,1765437891099272
REGISTER,42139,62256|4401|18832|61724|49327|2352|53443|30805|30888|53142|1366|39129|24626|10375|13669|49030|3138|48857|50536|43055|8074|60124|62450|39202|32744|17508|19521|34520|52498|46199|53079,1765437762957351
ACK_OPENING,39129,34520,1765437891305083
ACK_OPENING,53142,17508,1765437891350723
ACK_OPENING,53142,2352,1765437891366091
ACK_OPENING,53142,32744,1765437891382569
ACK_OPENING,53142,39129,1765437891384815
ACK_OPENING,53142,61724,1765437891386876
ACK_OPENING,53142,48857,1765437891396687
ACK_OPENING,53142,49030,1765437891399752
ACK_OPENING,53142,4401,1765437891411429
ACK_OPENING,53142,30888,1765437891433188
ACK_OPENING,53142,1366,1765437891436928
ACK_OPENING,53142,19521,1765437891437916
ACK_OPENING,53142,24626,1765437891447215
ACK_OPENING,53142,39202,1765437891460114
ACK_OPENING,53142,50536,1765437891466327
ACK_OPENING,53142,43055,1765437891467166
ACK_OPENING,53079,53142,1765437891468522
ACK_OPENING,53142,46199,1765437891470613
ACK_OPENING,53142,3138,1765437891471848
ACK_OPENING,53142,62256,1765437891478487
ACK_OPENING,53142,13669,1765437891486701
ACK_OPENING,53142,18832,1765437891499074
ACK_OPENING,53142,8074,1765437891503836
ACK_OPENING,53142,53443,1765437891506980
ACK_OPENING,53142,62450,1765437891507146
ACK_OPENING,53142,53079,1765437891531939
ACK_OPENING,30888,52498,1765437891587958
ACK_OPENING,32744,10375,1765437891597327
ACK_OPENING,19521,60124,1765437891660870
ACK_OPENING,19521,49327,1765437891692966
ACK_OPENING,53142,30805,1765437891741262
ACK_OPENING,53142,61724,1765437891938011
ACK_OPENING,53142,39129,1765437891946905
ACK_OPENING,53142,2352,1765437891952997
ACK_OPENING,53142,49030,1765437891976195
ACK_OPENING,53142,17508,1765437891985259
ACK_OPENING,53142,48857,1765437892011957
ACK_OPENING,53142,32744,1765437892020822
ACK_OPENING,53142,50536,1765437892027508
ACK_OPENING,53142,4401,1765437892027889
ACK_OPENING,53142,3138,1765437892035644
ACK_OPENING,53142,30888,1765437892040728
ACK_OPENING,53142,46199,1765437892040915
ACK_OPENING,53142,19521,1765437892052799
ACK_OPENING,53142,13669,1765437892068212
ACK_OPENING,53142,24626,1765437892069745
ACK_OPENING,62450,34520,1765437892072440
ACK_OPENING,53142,39202,1765437892074292
ACK_OPENING,53142,43055,1765437892089378
ACK_OPENING,53142,62256,1765437892094109
ACK_OPENING,53079,53142,1765437892097165
ACK_OPENING,53142,1366,1765437892109273
ACK_OPENING,53142,18832,1765437892115915
ACK_OPENING,53142,62450,1765437892123292
ACK_OPENING,53142,53443,1765437892125401
ACK_OPENING,53142,53079,1765437892146219
ACK_OPENING,53079,53079,1765437892152392
ACK_OPENING,53079,53079,1765437892158443
ACK_OPENING,49030,10375,1765437892189039
ACK_OPENING,2352,52498,1765437892203437
ACK_OPENING,60124,49327,1765437892275164
READY,60124,1765437892281192
ACK_OPENING,8074,60124,1765437892281204
ACK_OPENING,53142,30805,1765437892356752
ACK_OPENING,53142,8074,1765437892421668
ACK_OPENING,53079,61724,1765437892495109
ACK_OPENING,53079,2352,1765437892551003
ACK_OPENING,53079,39129,1765437892552424
ACK_OPENING,53079,50536,1765437892587186
ACK_OPENING,53079,49030,1765437892592199
ACK_OPENING,53079,17508,1765437892601776
ACK_OPENING,53079,3138,1765437892605719
ACK_OPENING,53079,46199,1765437892608957
ACK_OPENING,53079,30888,1765437892611873
ACK_OPENING,53079,19521,1765437892620436
ACK_OPENING,53079,48857,1765437892627375
ACK_OPENING,53079,4401,1765437892658947
ACK_OPENING,61724,34520,1765437892659173
ACK_OPENING,53079,13669,1765437892659586
ACK_OPENING,53079,32744,1765437892662454
ACK_OPENING,53079,62256,1765437892672596
ACK_OPENING,53079,24626,1765437892685172
ACK_OPENING,53079,39202,1765437892690133
ACK_OPENING,53079,1366,1765437892694503
ACK_OPENING,53079,43055,1765437892705469
ACK_OPENING,52498,53142,1765437892716990
ACK_OPENING,53079,18832,1765437892731452
ACK_OPENING,53079,62450,1765437892775799
ACK_OPENING,39202,52498,1765437892816845
ACK_OPENING,53142,10375,1765437892835754
ACK_OPENING,30888,49327,1765437892873706
ACK_OPENING,53079,30805,1765437892922203
ACK_OPENING,53079,53443,1765437892931452
ACK_OPENING,53142,60124,1765437892938282
ACK_OPENING,52498,53079,1765437893008434
ACK_OPENING,53079,61724,1765437893051959
ACK_OPENING,53079,8074,1765437893106075
ACK_OPENING,53079,39129,1765437893125601
ACK_OPENING,53079,3138,1765437893176797
ACK_OPENING,53079,46199,1765437893177542
ACK_OPENING,53079,50536,1765437893178826
ACK_OPENING,53079,30888,1765437893188977
ACK_OPENING,53079,48857,1765437893204858
ACK_OPENING,53079,19521,1765437893206348
ACK_OPENING,53079,49030,1765437893214361
ACK_OPENING,53079,17508,1765437893220786
ACK_OPENING,53079,62256,1765437893238674
ACK_OPENING,53079,1366,1765437893256282
ACK_OPENING,53079,4401,1765437893275855
ACK_OPENING,53079,32744,1765437893284923
ACK_OPENING,8074,34520,1765437893289491
ACK_OPENING,53079,24626,1765437893302960
ACK_OPENING,53079,43055,1765437893306262
ACK_OPENING,53079,39202,1765437893314220
ACK_OPENING,53079,13669,1765437893318452
ACK_OPENING,53079,18832,1765437893323655
ACK_OPENING,53079,2352,1765437893329172
ACK_OPENING,52498,53142,1765437893346819
ACK_OPENING,3138,52498,1765437893380202
ACK_OPENING,53079,62450,1765437893397973
ACK_OPENING,53443,10375,1765437893454107
ACK_OPENING,24626,49327,1765437893536921
ACK_OPENING,53142,60124,1765437893556759
ACK_OPENING,53079,53443,1765437893574894
ACK_OPENING,53079,30805,1765437893580605
ACK_OPENING,52498,53079,1765437893648992
ACK_OPENING,53079,8074,1765437893722468
ACK_OPENING,52498,39129,1765437893753762
ACK_OPENING,52498,46199,1765437893754029
ACK_OPENING,52498,30888,1765437893761415
ACK_OPENING,52498,3138,1765437893762309
ACK_OPENING,52498,50536,1765437893778552
ACK_OPENING,52498,49030,1765437893798002
ACK_OPENING,52498,48857,1765437893804370
ACK_OPENING,52498,19521,1765437893823827
ACK_OPENING,52498,1366,1765437893834290
ACK_OPENING,52498,17508,1765437893837525
ACK_OPENING,52498,43055,1765437893853987
ACK_OPENING,52498,62256,1765437893862314
ACK_OPENING,52498,4401,1765437893870932
ACK_OPENING,52498,24626,1765437893877760
ACK_OPENING,52498,2352,1765437893896499
ACK_OPENING,52498,32744,1765437893902418
ACK_OPENING,52498,61724,1765437893904917
ACK_OPENING,52498,18832,1765437893928099
ACK_OPENING,62450,52498,1765437893929075
ACK_OPENING,53443,34520,1765437893932889
ACK_OPENING,52498,13669,1765437893967685
ACK_OPENING,52498,39202,1765437893979773
ACK_OPENING,52498,62450,1765437893997807
ACK_OPENING,53142,10375,1765437894070290
ACK_OPENING,62450,49327,1765437894145760
ACK_OPENING,53079,60124,1765437894172969
ACK_OPENING,52498,30805,1765437894180653
ACK_OPENING,52498,53443,1765437894192199
ACK_OPENING,52498,46199,1765437894319041
ACK_OPENING,52498,39129,1765437894319323
ACK_OPENING,52498,8074,1765437894337869
ACK_OPENING,52498,3138,1765437894359426
ACK_OPENING,52498,30888,1765437894363023
ACK_OPENING,52498,49030,1765437894367186
ACK_OPENING,52498,48857,1765437894370362
ACK_OPENING,52498,43055,1765437894391620
ACK_OPENING,52498,4401,1765437894425998
ACK_OPENING,52498,19521,1765437894439946
ACK_OPENING,52498,24626,1765437894444681
ACK_OPENING,52498,1366,1765437894453120
ACK_OPENING,52498,17508,1765437894453269
ACK_OPENING,52498,2352,1765437894462688
ACK_OPENING,52498,62256,1765437894469840
ACK_OPENING,52498,32744,1765437894470367
ACK_OPENING,53079,52498,1765437894470504
ACK_OPENING,52498,18832,1765437894499627
ACK_OPENING,52498,61724,1765437894500658
ACK_OPENING,53142,34520,1765437894528967
ACK_OPENING,52498,62450,1765437894547231
ACK_OPENING,53142,10375,1765437894638769
ACK_OPENING,52498,50536,1765437894648205
ACK_OPENING,52498,39202,1765437894661686
ACK_OPENING,53079,60124,1765437894726785
ACK_OPENING,61724,49327,1765437894763968
ACK_OPENING,52498,30805,1765437894797092
ACK_OPENING,52498,13669,1765437894828758
ACK_OPENING,52498,53443,1765437894899159
ACK_OPENING,52498,8074,1765437894923107
ACK_OPENING,53142,34520,1765437895031484
ACK_OPENING,24626,52498,1765437895262432
ACK_OPENING,52498,60124,1765437895312903
ACK_OPENING,53142,49327,1765437895406724
ACK_OPENING,53079,10375,1765437895417946
ACK_OPENING,32744,30805,1765437895597429
REGISTER,46137,46199|53079|17508|19521|34520|52498|4401|18832|62256|2352|53443|61724|49327|42139|30888|53142|30805|13669|49030|1366|39129|24626|10375|60124|62450|39202|3138|48857|50536|43055|8074|32744,1765437763203737
ACK_OPENING,52498,60124,1765437895842476
ACK_OPENING,53079,34520,1765437895850491
ACK_OPENING,49030,52498,1765437895863438
ACK_OPENING,53142,49327,1765437895951764
ACK_OPENING,42139,53142,1765437895977630
ACK_OPENING,42139,18832,1765437895994012
ACK_OPENING,42139,42139,1765437895995481
ACK_OPENING,42139,50536,1765437896006828
ACK_OPENING,42139,3138,1765437896008617
ACK_OPENING,42139,32744,1765437896032314
ACK_OPENING,42139,46199,1765437896035230
ACK_OPENING,42139,62256,1765437896036865
ACK_OPENING,42139,24626,1765437896038067
ACK_OPENING,42139,8074,1765437896040118
ACK_OPENING,42139,48857,1765437896113928
ACK_OPENING,42139,49030,1765437896119842
ACK_OPENING,42139,4401,1765437896131108
ACK_OPENING,42139,17508,1765437896144859
ACK_OPENING,42139,30888,1765437896151047
ACK_OPENING,42139,1366,1765437896151258
ACK_OPENING,18832,30805,1765437896152315
ACK_OPENING,42139,53443,1765437896157685
ACK_OPENING,42139,53079,1765437896158497
ACK_OPENING,42139,62450,1765437896166139
ACK_OPENING,42139,61724,1765437896176126
ACK_OPENING,42139,39129,1765437896178387
ACK_OPENING,42139,39202,1765437896186741
ACK_OPENING,42139,19521,1765437896204447
ACK_OPENING,42139,43055,1765437896208782
ACK_OPENING,53079,10375,1765437896216253
ACK_OPENING,42139,2352,1765437896216334
ACK_OPENING,42139,13669,1765437896241796
ACK_OPENING,42139,60124,1765437896371735
ACK_OPENING,53079,34520,1765437896382260
ACK_OPENING,42139,52498,1765437896480496
ACK_OPENING,53079,49327,1765437896485515
ACK_OPENING,19521,42139,1765437896625368
ACK_OPENING,46199,30805,1765437896640728
ACK_OPENING,52498,10375,1765437896699747
ACK_OPENING,42139,60124,1765437896859503
ACK_OPENING,52498,34520,1765437896930477
ACK_OPENING,52498,49327,1765437896989431
ACK_OPENING,42139,52498,1765437897060275
ACK_OPENING,34520,30805,1765437897143067
ACK_OPENING,62450,42139,1765437897246630
ACK_OPENING,52498,34520,1765437897441106
ACK_OPENING,48857,52498,1765437897618277
ACK_OPENING,53079,49327,1765437897638576
ACK_OPENING,30888,30805,1765437897650687
ACK_OPENING,52498,10375,1765437897677347
ACK_OPENING,50536,42139,1765437897861958
ACK_OPENING,39202,34520,1765437897952688
ACK_OPENING,53079,30805,1765437898181467
ACK_OPENING,1366,52498,1765437898182023
ACK_OPENING,52498,49327,1765437898254260
ACK_OPENING,53079,10375,1765437898448144
ACK_OPENING,2352,42139,1765437898461398
ACK_OPENING,39202,34520,1765437898465125
ACK_OPENING,53142,52498,1765437898825111
ACK_OPENING,18832,49327,1765437898870273
ACK_OPENING,24626,34520,1765437898969997
ACK_OPENING,13669,42139,1765437898980004
ACK_OPENING,39202,30805,1765437899072008
ACK_OPENING,8074,10375,1765437899102015
ACK_OPENING,53443,52498,1765437899364819
ACK_OPENING,61724,49327,1765437899421275
ACK_OPENING,17508,42139,1765437899459188
ACK_OPENING,4401,34520,1765437899476933
ACK_OPENING,61724,10375,1765437899769471
ACK_OPENING,42139,30805,1765437899776990
ACK_OPENING,46199,46199,1765437899818710
ACK_OPENING,46137,46137,1765437900057566
ACK_OPENING,49327,34520,1765437900073514
ACK_OPENING,8074,52498,1765437900148944
REGISTER,61110,42139|2352|53443|61724|49327|30888|53142|30805|24626|10375|13669|49030|1366|39129|50536|43055|8074|60124|62450|39202|3138|48857|46137|32744|34520|52498|46199|53079|17508|19521|4401|18832|62256,1765437763254671
ACK_OPENING,62256,49327,1765437900205726
ACK_OPENING,3138,42139,1765437900220008
ACK_OPENING,46199,17508,1765437900391677
ACK_OPENING,46199,48857,1765437900415393
ACK_OPENING,46199,18832,1765437900423280
ACK_OPENING,46199,39202,1765437900433293
ACK_OPENING,46199,43055,1765437900449780
ACK_OPENING,46199,3138,1765437900460520
ACK_OPENING,62450,10375,1765437900480486
ACK_OPENING,46199,61724,1765437900492464
ACK_OPENING,46199,19521,1765437900512398
ACK_OPENING,46199,50536,1765437900513486
ACK_OPENING,46199,13669,1765437900515673
ACK_OPENING,46199,30888,1765437900516695
ACK_OPENING,46199,4401,1765437900516898
ACK_OPENING,46199,39129,1765437900519992
ACK_OPENING,46199,8074,1765437900526425
ACK_OPENING,46199,62450,1765437900531685
ACK_OPENING,46199,53142,1765437900531830
ACK_OPENING,46199,53079,1765437900537374
ACK_OPENING,46199,53443,1765437900540136
ACK_OPENING,46199,32744,1765437900546596
ACK_OPENING,46199,62256,1765437900551157
ACK_OPENING,46199,60124,1765437900553392
ACK_OPENING,46199,24626,1765437900555765
ACK_OPENING,46199,1366,1765437900574297
ACK_OPENING,42139,30805,1765437900583581
ACK_OPENING,46199,49030,1765437900585319
ACK_OPENING,46137,46199,1765437900628145
ACK_OPENING,46199,2352,1765437900647642
ACK_OPENING,17508,34520,1765437900650295
ACK_OPENING,42139,46137,1765437900685692
ACK_OPENING,18832,52498,1765437900709874
ACK_OPENING,43055,49327,1765437900771785
ACK_OPENING,46137,42139,1765437900836194
ACK_OPENING,46137,48857,1765437900976955
ACK_OPENING,46137,18832,1765437900995732
ACK_OPENING,46137,39202,1765437901003263
ACK_OPENING,46137,17508,1765437901031785
ACK_OPENING,62256,10375,1765437901057656
ACK_OPENING,46137,43055,1765437901072243
ACK_OPENING,46137,3138,1765437901083905
ACK_OPENING,46137,62450,1765437901095557
ACK_OPENING,46137,61724,1765437901117572
ACK_OPENING,46137,32744,1765437901123875
ACK_OPENING,46137,30888,1765437901126332
ACK_OPENING,46137,39129,1765437901128643
ACK_OPENING,46137,13669,1765437901131061
ACK_OPENING,46137,4401,1765437901132380
ACK_OPENING,46137,19521,1765437901134281
ACK_OPENING,46137,8074,1765437901142422
ACK_OPENING,46137,53079,1765437901146782
ACK_OPENING,46137,53443,1765437901156151
ACK_OPENING,46137,53142,1765437901157500
ACK_OPENING,46137,50536,1765437901162133
ACK_OPENING,46137,60124,1765437901186921
ACK_OPENING,46137,1366,1765437901189941
ACK_OPENING,46137,24626,1765437901190763
ACK_OPENING,46137,62256,1765437901199014
ACK_OPENING,46137,49030,1765437901202955
ACK_OPENING,3138,34520,1765437901214403
ACK_OPENING,17508,30805,1765437901224393
ACK_OPENING,49030,46137,1765437901247989
ACK_OPENING,13669,52498,1765437901250280
ACK_OPENING,46137,2352,1765437901343001
ACK_OPENING,53443,49327,1765437901382740
READY,49327,1765437901382748
ACK_OPENING,46199,42139,1765437901450590
ACK_OPENING,60124,10375,1765437901552689
ACK_OPENING,46137,52498,1765437901732493
ACK_OPENING,42139,34520,1765437901807516
ACK_OPENING,1366,30805,1765437901841345
ACK_OPENING,62450,49327,1765437901936678
ACK_OPENING,49030,42139,1765437902022693
ACK_OPENING,49327,46137,1765437902048895
ACK_OPENING,2352,10375,1765437902203118
ACK_OPENING,46199,52498,1765437902212944
ACK_OPENING,53079,30805,1765437902371875
ACK_OPENING,42139,34520,1765437902377490
ACK_OPENING,42139,49327,1765437902443745
ACK_OPENING,39202,42139,1765437902549733
ACK_OPENING,32744,46137,1765437902617300
ACK_OPENING,42139,10375,1765437902822607
ACK_OPENING,42139,49327,1765437902949055
ACK_OPENING,49327,52498,1765437902982018
ACK_OPENING,13669,30805,1765437902988310
ACK_OPENING,53079,34520,1765437903025627
ACK_OPENING,49030,42139,1765437903034147
ACK_OPENING,10375,46137,1765437903244188
ACK_OPENING,42139,10375,1765437903424253
ACK_OPENING,4401,30805,1765437903564837
ACK_OPENING,46137,49327,1765437903597414
ACK_OPENING,61724,34520,1765437903669427
ACK_OPENING,1366,42139,1765437903856915
ACK_OPENING,19521,46137,1765437903862459
ACK_OPENING,39129,52498,1765437903863646
ACK_OPENING,62450,10375,1765437903962541
ACK_OPENING,46199,49327,1765437904218777
ACK_OPENING,48857,30805,1765437904306775
ACK_OPENING,2352,34520,1765437904409827
ACK_OPENING,50536,46137,1765437904467804
ACK_OPENING,4401,52498,1765437904529880
REGISTER,53729,61110|13669|49030|1366|39129|24626|10375|8074|60124|62450|39202|3138|48857|50536|43055|46137|32744|46199|53079|17508|19521|34520|52498|4401|18832|62256|2352|53443|61724|49327|42139|30888|53142|30805,1765437763559544
ACK_OPENING,61110,61110,1765437904551459
ACK_OPENING,4401,10375,1765437904605782
ACK_OPENING,24626,42139,1765437904665961
ACK_OPENING,61110,24626,1765437904861447
ACK_OPENING,61110,49327,1765437904882233
ACK_OPENING,61110,19521,1765437904885463
ACK_OPENING,61110,13669,1765437904897838
ACK_OPENING,61110,46199,1765437904928821
ACK_OPENING,61110,1366,1765437904942416
ACK_OPENING,61110,61724,1765437904961047
ACK_OPENING,61110,49030,1765437904964790
ACK_OPENING,61110,39129,1765437904965040
ACK_OPENING,61110,53142,1765437904967584
ACK_OPENING,61110,60124,1765437904969063
ACK_OPENING,61110,48857,1765437904993633
ACK_OPENING,61110,50536,1765437905000550
ACK_OPENING,61110,4401,1765437905016085
ACK_OPENING,62450,30805,1765437905016561
ACK_OPENING,53142,34520,1765437905023147
ACK_OPENING,61110,53079,1765437905028549
ACK_OPENING,61110,17508,1765437905055262
ACK_OPENING,61110,62256,1765437905059329
ACK_OPENING,61110,43055,1765437905062822
ACK_OPENING,61110,2352,1765437905065537
ACK_OPENING,61110,53443,1765437905068333
ACK_OPENING,61110,18832,1765437905072416
ACK_OPENING,61110,3138,1765437905077009
ACK_OPENING,61110,8074,1765437905108260
ACK_OPENING,61110,46137,1765437905123472
ACK_OPENING,61110,30888,1765437905127584
ACK_OPENING,61110,62450,1765437905150949
ACK_OPENING,39129,10375,1765437905165792
ACK_OPENING,61110,32744,1765437905170460
READY,10375,1765437905181241
ACK_OPENING,24626,61110,1765437905190844
ACK_OPENING,49030,52498,1765437905225925
ACK_OPENING,48857,42139,1765437905268955
ACK_OPENING,61110,39202,1765437905301707
ACK_OPENING,62450,34520,1765437905577278
ACK_OPENING,46137,30805,1765437905636723
ACK_OPENING,53079,46137,1765437905662479
ACK_OPENING,39202,10375,1765437905672345
ACK_OPENING,60124,61110,1765437905792024
ACK_OPENING,34520,42139,1765437905810587
ACK_OPENING,43055,52498,1765437905865037
ACK_OPENING,13669,34520,1765437906120843
ACK_OPENING,61724,10375,1765437906168526
ACK_OPENING,53142,46137,1765437906201665
ACK_OPENING,62450,30805,1765437906209729
ACK_OPENING,61110,42139,1765437906313696
ACK_OPENING,17508,61110,1765437906356268
ACK_OPENING,53079,52498,1765437906518339
ACK_OPENING,60124,34520,1765437906683961
ACK_OPENING,46199,30805,1765437906738400
ACK_OPENING,30805,46137,1765437906799403
ACK_OPENING,46137,10375,1765437906892169
ACK_OPENING,43055,42139,1765437906953643
ACK_OPENING,49030,61110,1765437907007906
ACK_OPENING,60124,52498,1765437907135781
ACK_OPENING,39129,30805,1765437907269179
ACK_OPENING,49030,34520,1765437907301867
ACK_OPENING,17508,46137,1765437907414249
ACK_OPENING,49327,42139,1765437907571024
ACK_OPENING,18832,61110,1765437907628259
ACK_OPENING,46199,10375,1765437907639790
ACK_OPENING,61110,52498,1765437907746682
ACK_OPENING,53443,30805,1765437907874245
ACK_OPENING,46137,34520,1765437907916356
ACK_OPENING,13669,46137,1765437908056398
ACK_OPENING,2352,61110,1765437908307067
ACK_OPENING,39202,52498,1765437908346956
ACK_OPENING,53443,53443,1765437908394793
ACK_OPENING,61110,10375,1765437908636241
ACK_OPENING,30805,42139,1765437908645982
ACK_OPENING,46199,34520,1765437908698242
ACK_OPENING,53729,53729,1765437908715121
ACK_OPENING,39202,30805,1765437908773101
REGISTER,64634,4401|18832|62256|42139|53729|2352|53443|61724|49327|30888|53142|30805|24626|10375|61110|13669|49030|1366|39129|50536|43055|8074|60124|62450|39202|3138|48857|46137|32744|34520|52498|46199|53079|17508|19521,1765437763613448
ACK_OPENING,39129,46137,1765437908894893
ACK_OPENING,43055,61110,1765437908928058
ACK_OPENING,10375,52498,1765437909024034
ACK_OPENING,53443,62450,1765437909032695
ACK_OPENING,53443,39129,1765437909047545
ACK_OPENING,53443,13669,1765437909058503
ACK_OPENING,53443,43055,1765437909059957
ACK_OPENING,53443,30888,1765437909094359
ACK_OPENING,53443,3138,1765437909103141
ACK_OPENING,53443,53142,1765437909105605
ACK_OPENING,53443,49030,1765437909111457
ACK_OPENING,53443,4401,1765437909116847
ACK_OPENING,53443,1366,1765437909128436
ACK_OPENING,53443,53079,1765437909134078
ACK_OPENING,53443,62256,1765437909136471
ACK_OPENING,53443,49327,1765437909140220
ACK_OPENING,53443,8074,1765437909142993
ACK_OPENING,53443,61724,1765437909147465
ACK_OPENING,53443,60124,1765437909156621
ACK_OPENING,53443,17508,1765437909160195
ACK_OPENING,53443,39202,1765437909169573
ACK_OPENING,53443,48857,1765437909172165
ACK_OPENING,53443,50536,1765437909172379
ACK_OPENING,53443,2352,1765437909178536
ACK_OPENING,53443,18832,1765437909199195
ACK_OPENING,53443,46199,1765437909201250
ACK_OPENING,53443,32744,1765437909203873
ACK_OPENING,53443,19521,1765437909204738
ACK_OPENING,53443,24626,1765437909212750
ACK_OPENING,53443,10375,1765437909227543
ACK_OPENING,53142,42139,1765437909256102
ACK_OPENING,10375,34520,1765437909309447
ACK_OPENING,30888,53729,1765437909352346
ACK_OPENING,53729,53443,1765437909390397
ACK_OPENING,50536,30805,1765437909423158
ACK_OPENING,39202,46137,1765437909469862
ACK_OPENING,53729,61110,1765437909509003
ACK_OPENING,53729,62450,1765437909598910
ACK_OPENING,34520,52498,1765437909607319
ACK_OPENING,53729,13669,1765437909667745
ACK_OPENING,53729,39129,1765437909670101
ACK_OPENING,53729,43055,1765437909680050
ACK_OPENING,53729,30888,1765437909683108
ACK_OPENING,53729,1366,1765437909688362
ACK_OPENING,53729,49030,1765437909694632
ACK_OPENING,53729,3138,1765437909703535
ACK_OPENING,53729,53142,1765437909720333
ACK_OPENING,53729,60124,1765437909726963
ACK_OPENING,53729,17508,1765437909727644
ACK_OPENING,53729,4401,1765437909733237
ACK_OPENING,53729,53079,1765437909736921
ACK_OPENING,53729,8074,1765437909748686
ACK_OPENING,53729,62256,1765437909756613
ACK_OPENING,53729,49327,1765437909757811
ACK_OPENING,53729,61724,1765437909766834
ACK_OPENING,53729,39202,1765437909784658
ACK_OPENING,53729,10375,1765437909787222
ACK_OPENING,53729,50536,1765437909787631
ACK_OPENING,53729,48857,1765437909789758
ACK_OPENING,53729,2352,1765437909799362
ACK_OPENING,53729,19521,1765437909818446
ACK_OPENING,53729,32744,1765437909820978
ACK_OPENING,53729,24626,1765437909826992
ACK_OPENING,53729,46199,1765437909839597
ACK_OPENING,53729,18832,1765437909855386
ACK_OPENING,30888,42139,1765437909870387
ACK_OPENING,17508,53729,1765437909900703
ACK_OPENING,46199,34520,1765437910027649
ACK_OPENING,53729,46137,1765437910029557
ACK_OPENING,61724,30805,1765437910035262
ACK_OPENING,53443,61110,1765437910130998
ACK_OPENING,50536,52498,1765437910131394
ACK_OPENING,53079,53729,1765437910413226
ACK_OPENING,53079,42139,1765437910485102
ACK_OPENING,61724,52498,1765437910615878
ACK_OPENING,53443,46137,1765437910628073
ACK_OPENING,24626,30805,1765437910640932
ACK_OPENING,50536,34520,1765437910651447
ACK_OPENING,53142,61110,1765437910753236
ACK_OPENING,13669,53729,1765437910911618
ACK_OPENING,62450,52498,1765437911092886
ACK_OPENING,53729,42139,1765437911114834
ACK_OPENING,2352,46137,1765437911161814
ACK_OPENING,61110,30805,1765437911256717
ACK_OPENING,48857,34520,1765437911273497
ACK_OPENING,62450,61110,1765437911365188
ACK_OPENING,53443,53729,1765437911416475
ACK_OPENING,62450,52498,1765437911573202
ACK_OPENING,53443,42139,1765437911735912
ACK_OPENING,48857,46137,1765437911760258
ACK_OPENING,8074,30805,1765437911887783
ACK_OPENING,61110,53729,1765437911920995
ACK_OPENING,53079,61110,1765437911990127
ACK_OPENING,53729,52498,1765437912066658
READY,34520,1765437912159480
ACK_OPENING,18832,34520,1765437912159581
ACK_OPENING,62450,53729,1765437912484177
ACK_OPENING,46199,46137,1765437912489625
ACK_OPENING,64634,64634,1765437912494372
ACK_OPENING,62450,42139,1765437912540757
ACK_OPENING,49030,30805,1765437912631548
REGISTER,2983,30805|30888|53142|1366|39129|24626|10375|61110|13669|49030|3138|48857|50536|43055|8074|60124|62450|39202|46137|32744|17508|19521|34520|52498|46199|53079|62256|64634|4401|18832|61724|49327|42139|53729|2352|53443,1765437763856944
ACK_OPENING,53443,52498,1765437912852083
ACK_OPENING,50536,61110,1765437912882916
ACK_OPENING,49030,34520,1765437912956751
ACK_OPENING,64634,19521,1765437913060895
ACK_OPENING,64634,46199,1765437913061376
ACK_OPENING,64634,61724,1765437913064799
ACK_OPENING,64634,4401,1765437913073516
ACK_OPENING,64634,49030,1765437913088043
ACK_OPENING,64634,24626,1765437913092532
ACK_OPENING,64634,43055,1765437913096740
ACK_OPENING,64634,13669,1765437913098349
ACK_OPENING,64634,8074,1765437913103455
ACK_OPENING,64634,3138,1765437913118230
ACK_OPENING,49030,64634,1765437913122435
ACK_OPENING,24626,53729,1765437913123162
ACK_OPENING,53079,42139,1765437913138156
ACK_OPENING,64634,1366,1765437913147190
ACK_OPENING,4401,46137,1765437913152370
ACK_OPENING,64634,53079,1765437913153451
ACK_OPENING,64634,62256,1765437913156507
ACK_OPENING,64634,39129,1765437913174894
ACK_OPENING,64634,10375,1765437913180166
ACK_OPENING,64634,2352,1765437913182648
ACK_OPENING,64634,50536,1765437913197767
ACK_OPENING,64634,49327,1765437913227378
ACK_OPENING,64634,48857,1765437913238204
ACK_OPENING,64634,18832,1765437913243415
ACK_OPENING,64634,32744,1765437913245590
ACK_OPENING,64634,17508,1765437913247259
ACK_OPENING,64634,30888,1765437913254336
ACK_OPENING,64634,62450,1765437913256238
ACK_OPENING,60124,30805,1765437913267334
ACK_OPENING,64634,53142,1765437913328826
ACK_OPENING,64634,53443,1765437913328831
ACK_OPENING,64634,39202,1765437913343338
ACK_OPENING,53142,52498,1765437913425220
ACK_OPENING,64634,60124,1765437913487367
ACK_OPENING,42139,61110,1765437913490915
ACK_OPENING,61110,34520,1765437913567351
ACK_OPENING,64634,53729,1765437913635902
ACK_OPENING,43055,64634,1765437913705958
ACK_OPENING,61724,42139,1765437913725283
ACK_OPENING,30888,46137,1765437913796577
ACK_OPENING,30888,30805,1765437913925902
ACK_OPENING,61724,52498,1765437913955704
ACK_OPENING,8074,61110,1765437914090638
ACK_OPENING,50536,53729,1765437914125737
ACK_OPENING,53729,34520,1765437914187593
ACK_OPENING,4401,42139,1765437914259123
ACK_OPENING,46199,64634,1765437914270667
ACK_OPENING,53443,46137,1765437914417417
ACK_OPENING,43055,30805,1765437914573283
ACK_OPENING,62256,52498,1765437914577728
ACK_OPENING,8074,53729,1765437914704512
ACK_OPENING,64634,61110,1765437914707373
ACK_OPENING,10375,42139,1765437914749968
ACK_OPENING,53443,34520,1765437914806343
ACK_OPENING,64634,46137,1765437915064095
ACK_OPENING,62450,64634,1765437915129473
ACK_OPENING,19521,30805,1765437915188349
ACK_OPENING,53079,52498,1765437915195904
ACK_OPENING,18832,53729,1765437915252393
ACK_OPENING,46199,42139,1765437915286716
ACK_OPENING,62256,61110,1765437915320909
ACK_OPENING,64634,34520,1765437915420756
ACK_OPENING,43055,46137,1765437915580374
ACK_OPENING,32744,52498,1765437915730087
ACK_OPENING,32744,53729,1765437915758756
ACK_OPENING,64634,42139,1765437915780706
ACK_OPENING,62256,64634,1765437915790985
ACK_OPENING,4401,61110,1765437915871062
ACK_OPENING,61724,46137,1765437916080195
READY,30805,1765437916088862
ACK_OPENING,62256,30805,1765437916088876
ACK_OPENING,17508,52498,1765437916224978
ACK_OPENING,53142,53729,1765437916257435
ACK_OPENING,61724,61110,1765437916410235
ACK_OPENING,62256,42139,1765437916428799
ACK_OPENING,53079,64634,1765437916525719
ACK_OPENING,60124,46137,1765437916582833
ACK_OPENING,2352,2352,1765437916762865
ACK_OPENING,53729,30805,1765437916795680
ACK_OPENING,2983,2983,1765437917050148
ACK_OPENING,30888,52498,1765437917078805
ACK_OPENING,4401,53729,1765437917184383
REGISTER,51797,30805|2983|30888|53142|1366|39129|24626|10375|61110|13669|49030|3138|48857|50536|43055|8074|60124|62450|39202|46137|32744|17508|19521|34520|52498|46199|53079|62256|64634|4401|18832|61724|49327|42139|53729|2352|53443,1765437763982731
ACK_OPENING,62450,42139,1765437917344388
ACK_OPENING,46199,61110,1765437917379255
ACK_OPENING,30888,64634,1765437917396029
ACK_OPENING,2352,13669,1765437917482475
ACK_OPENING,2352,39202,1765437917485191
ACK_OPENING,34520,46137,1765437917491040
ACK_OPENING,2352,19521,1765437917494986
ACK_OPENING,2352,24626,1765437917499701
ACK_OPENING,2352,49327,1765437917522454
ACK_OPENING,2352,4401,1765437917529331
ACK_OPENING,2352,62256,1765437917536729
ACK_OPENING,2352,53142,1765437917539592
ACK_OPENING,2352,62450,1765437917547725
ACK_OPENING,2352,39129,1765437917548178
ACK_OPENING,2352,53079,1765437917550200
ACK_OPENING,2352,60124,1765437917550777
ACK_OPENING,2352,43055,1765437917553467
ACK_OPENING,2352,50536,1765437917557542
ACK_OPENING,2352,53443,1765437917558099
ACK_OPENING,53443,30805,1765437917560324
ACK_OPENING,2352,8074,1765437917571264
ACK_OPENING,2352,61724,1765437917571444
ACK_OPENING,2352,48857,1765437917575177
ACK_OPENING,2352,34520,1765437917589853
ACK_OPENING,2352,1366,1765437917603931
ACK_OPENING,2352,17508,1765437917609978
ACK_OPENING,2352,3138,1765437917613211
ACK_OPENING,2352,32744,1765437917614860
ACK_OPENING,2352,30888,1765437917615826
ACK_OPENING,2352,18832,1765437917634692
ACK_OPENING,2352,49030,1765437917644534
ACK_OPENING,2352,10375,1765437917654406
ACK_OPENING,64634,52498,1765437917655887
ACK_OPENING,2352,46199,1765437917671160
ACK_OPENING,53142,2983,1765437917674369
ACK_OPENING,2983,2352,1765437917692625
ACK_OPENING,39202,53729,1765437917806416
ACK_OPENING,61724,42139,1765437917958384
ACK_OPENING,2352,64634,1765437917967434
ACK_OPENING,32744,61110,1765437917998469
ACK_OPENING,2983,13669,1765437918049183
ACK_OPENING,2983,49327,1765437918093325
ACK_OPENING,2983,24626,1765437918098789
ACK_OPENING,2983,39202,1765437918102308
ACK_OPENING,2983,19521,1765437918112104
ACK_OPENING,39202,46137,1765437918117275
ACK_OPENING,2983,39129,1765437918144950
ACK_OPENING,2983,4401,1765437918147959
ACK_OPENING,2983,53443,1765437918153445
ACK_OPENING,2983,62256,1765437918161462
ACK_OPENING,2983,53142,1765437918161889
ACK_OPENING,62450,30805,1765437918164652
ACK_OPENING,2983,60124,1765437918165211
ACK_OPENING,2983,53079,1765437918168365
ACK_OPENING,2983,62450,1765437918169771
ACK_OPENING,2983,43055,1765437918176512
ACK_OPENING,2983,50536,1765437918183849
ACK_OPENING,2983,8074,1765437918187967
ACK_OPENING,2983,48857,1765437918198848
ACK_OPENING,2983,34520,1765437918209669
ACK_OPENING,2983,3138,1765437918215057
ACK_OPENING,2983,1366,1765437918222082
ACK_OPENING,2983,18832,1765437918225190
ACK_OPENING,2983,17508,1765437918226231
ACK_OPENING,2983,30888,1765437918236444
ACK_OPENING,2983,32744,1765437918237083
ACK_OPENING,19521,52498,1765437918276661
ACK_OPENING,2983,49030,1765437918284859
ACK_OPENING,30805,2983,1765437918292081
ACK_OPENING,2983,61724,1765437918302106
ACK_OPENING,2983,46199,1765437918314206
ACK_OPENING,2352,53729,1765437918435263
ACK_OPENING,2983,10375,1765437918437086
ACK_OPENING,2983,64634,1765437918509850
ACK_OPENING,18832,42139,1765437918564907
ACK_OPENING,49030,61110,1765437918695600
ACK_OPENING,62256,46137,1765437918742499
ACK_OPENING,61724,30805,1765437918786638
ACK_OPENING,53142,2983,1765437918907563
READY,52498,1765437918932708
ACK_OPENING,30805,52498,1765437918932740
ACK_OPENING,2983,53729,1765437919051372
ACK_OPENING,24626,64634,1765437919109987
ACK_OPENING,32744,42139,1765437919266086
ACK_OPENING,62450,46137,1765437919317811
ACK_OPENING,61724,61110,1765437919382792
ACK_OPENING,64634,30805,1765437919395989
ACK_OPENING,49030,2983,1765437919459634
ACK_OPENING,46199,52498,1765437919573077
ACK_OPENING,34520,64634,1765437919656912
ACK_OPENING,62450,53729,1765437919671095
ACK_OPENING,30888,42139,1765437919883899
ACK_OPENING,61724,46137,1765437919917373
ACK_OPENING,2352,30805,1765437919950656
ACK_OPENING,2352,61110,1765437919955664
ACK_OPENING,53443,2983,1765437919981018
ACK_OPENING,32744,64634,1765437920169964
ACK_OPENING,2352,52498,1765437920190600
ACK_OPENING,2352,53729,1765437920216887
ACK_OPENING,2352,46137,1765437920473955
ACK_OPENING,53142,42139,1765437920485862
ACK_OPENING,2983,30805,1765437920512093
ACK_OPENING,2983,61110,1765437920523826
ACK_OPENING,49030,2983,1765437920629068
ACK_OPENING,49030,64634,1765437920678497
ACK_OPENING,39129,53729,1765437920719512
ACK_OPENING,2983,52498,1765437920730147
ACK_OPENING,2983,46137,1765437920993662
ACK_OPENING,53079,42139,1765437921183125
ACK_OPENING,49327,61110,1765437921231053
ACK_OPENING,39202,64634,1765437921276301
ACK_OPENING,32744,2983,1765437921312459
ACK_OPENING,61724,53729,1765437921438849
ACK_OPENING,53142,46137,1765437921624819
REGISTER,20730,32744|52498|46199|53079|17508|19521|34520|4401|18832|62256|64634|53729|51797|2352|53443|61724|49327|42139|30888|53142|30805|2983|10375|61110|13669|49030|1366|39129|24626|43055|8074|60124|62450|39202|3138|48857|50536|46137,1765437764325562
ACK_OPENING,2352,42139,1765437921755291
ACK_OPENING,46137,61110,1765437921878920
ACK_OPENING,30888,2983,1765437921892214
ACK_OPENING,61724,64634,1765437921898812
ACK_OPENING,51797,49030,1765437921909621
ACK_OPENING,51797,8074,1765437921924470
ACK_OPENING,51797,17508,1765437921946569
ACK_OPENING,51797,51797,1765437921962639
ACK_OPENING,51797,46199,1765437921965461
ACK_OPENING,51797,39129,1765437921968702
ACK_OPENING,51797,53079,1765437921972894
ACK_OPENING,51797,10375,1765437921985148
ACK_OPENING,51797,48857,1765437921992034
ACK_OPENING,51797,2352,1765437922002892
ACK_OPENING,51797,30888,1765437922008213
ACK_OPENING,51797,39202,1765437922025770
ACK_OPENING,51797,13669,1765437922054975
ACK_OPENING,51797,19521,1765437922055210
ACK_OPENING,51797,4401,1765437922058010
ACK_OPENING,51797,43055,1765437922096751
ACK_OPENING,51797,61724,1765437922097971
ACK_OPENING,51797,32744,1765437922101765
ACK_OPENING,51797,3138,1765437922101921
ACK_OPENING,51797,34520,1765437922130089
ACK_OPENING,51797,18832,1765437922136459
ACK_OPENING,51797,60124,1765437922140893
ACK_OPENING,51797,53142,1765437922142212
ACK_OPENING,51797,49327,1765437922146378
ACK_OPENING,51797,52498,1765437922151214
ACK_OPENING,51797,24626,1765437922160895
ACK_OPENING,51797,62450,1765437922173195
ACK_OPENING,51797,30805,1765437922177058
ACK_OPENING,51797,53443,1765437922179468
ACK_OPENING,53079,46137,1765437922190323
ACK_OPENING,51797,62256,1765437922205833
ACK_OPENING,61724,53729,1765437922218678
ACK_OPENING,2983,42139,1765437922461814
ACK_OPENING,51797,1366,1765437922474343
ACK_OPENING,51797,50536,1765437922496750
ACK_OPENING,51797,2983,1765437922524516
ACK_OPENING,46137,64634,1765437922527356
ACK_OPENING,50536,51797,1765437922584779
ACK_OPENING,62450,46137,1765437922692231
ACK_OPENING,1366,61110,1765437922760444
ACK_OPENING,30805,53729,1765437922889731
ACK_OPENING,62450,2983,1765437923068032
ACK_OPENING,52498,42139,1765437923114879
ACK_OPENING,51797,64634,1765437923143572
ACK_OPENING,39129,51797,1765437923150239
ACK_OPENING,18832,46137,1765437923196872
ACK_OPENING,34520,53729,1765437923545366
ACK_OPENING,53142,61110,1765437923562555
ACK_OPENING,46199,51797,1765437923662048
ACK_OPENING,64634,2983,1765437923682989
ACK_OPENING,62450,46137,1765437923717542
ACK_OPENING,39129,42139,1765437923731598
ACK_OPENING,51797,64634,1765437923734744
ACK_OPENING,13669,51797,1765437924150022
ACK_OPENING,51797,53729,1765437924158858
ACK_OPENING,62450,61110,1765437924178984
ACK_OPENING,52498,46137,1765437924231830
ACK_OPENING,53443,64634,1765437924263690
ACK_OPENING,1366,2983,1765437924301764
ACK_OPENING,60124,42139,1765437924342608
ACK_OPENING,53079,51797,1765437924625640
ACK_OPENING,30888,46137,1765437924757829
ACK_OPENING,48857,61110,1765437924793245
ACK_OPENING,51797,53729,1765437924806360
ACK_OPENING,13669,64634,1765437924851251
ACK_OPENING,2352,2983,1765437924854259
ACK_OPENING,39202,42139,1765437924990852
ACK_OPENING,51797,46137,1765437925274651
ACK_OPENING,34520,51797,1765437925323865
ACK_OPENING,51797,61110,1765437925408204
ACK_OPENING,53079,64634,1765437925451171
ACK_OPENING,39202,53729,1765437925519431
ACK_OPENING,53079,2983,1765437925809697
READY,42139,1765437925820879
ACK_OPENING,8074,42139,1765437925820926
REGISTER,32550,20730|10375|61110|13669|49030|1366|39129|24626|43055|8074|60124|62450|39202|3138|48857|50536|46137|32744|52498|46199|53079|17508|19521|34520|4401|18832|62256|64634|53729|51797|2352|53443|61724|49327|42139|30888|53142|30805|2983,1765437764419732
ACK_OPENING,51797,46137,1765437925942788
ACK_OPENING,20730,20730,1765437925999809
ACK_OPENING,52498,61110,1765437926069395
ACK_OPENING,2352,51797,1765437926159317
ACK_OPENING,20730,52498,1765437926218317
ACK_OPENING,2352,64634,1765437926221454
ACK_OPENING,20730,53079,1765437926231868
ACK_OPENING,20730,50536,1765437926235642
ACK_OPENING,46137,53729,1765437926242137
ACK_OPENING,20730,30805,1765437926248001
ACK_OPENING,20730,18832,1765437926261085
ACK_OPENING,20730,43055,1765437926268673
ACK_OPENING,20730,2352,1765437926268745
ACK_OPENING,20730,39202,1765437926286186
ACK_OPENING,20730,10375,1765437926301815
ACK_OPENING,20730,48857,1765437926304705
ACK_OPENING,20730,34520,1765437926312154
ACK_OPENING,20730,8074,1765437926316052
ACK_OPENING,20730,3138,1765437926318615
ACK_OPENING,20730,46199,1765437926332314
ACK_OPENING,20730,17508,1765437926339206
ACK_OPENING,20730,49327,1765437926353181
ACK_OPENING,20730,60124,1765437926366514
ACK_OPENING,34520,2983,1765437926398392
ACK_OPENING,53443,42139,1765437926399182
ACK_OPENING,20730,61724,1765437926429647
ACK_OPENING,20730,62256,1765437926435689
ACK_OPENING,20730,53443,1765437926436648
ACK_OPENING,20730,53142,1765437926452335
ACK_OPENING,20730,13669,1765437926474320
ACK_OPENING,20730,32744,1765437926488188
ACK_OPENING,20730,30888,1765437926514974
ACK_OPENING,20730,1366,1765437926527571
ACK_OPENING,20730,62450,1765437926527630
ACK_OPENING,32744,20730,1765437926550451
ACK_OPENING,20730,19521,1765437926555622
ACK_OPENING,20730,24626,1765437926566284
ACK_OPENING,46199,46137,1765437926566664
ACK_OPENING,20730,39129,1765437926578738
ACK_OPENING,20730,49030,1765437926584709
ACK_OPENING,20730,4401,1765437926649282
ACK_OPENING,51797,61110,1765437926665068
ACK_OPENING,20730,51797,1765437926763983
ACK_OPENING,30888,53729,1765437926784806
ACK_OPENING,48857,64634,1765437926825788
ACK_OPENING,51797,42139,1765437927005545
ACK_OPENING,20730,2983,1765437927017640
ACK_OPENING,2352,20730,1765437927062441
ACK_OPENING,3138,46137,1765437927183187
ACK_OPENING,46199,53729,1765437927271362
ACK_OPENING,46199,61110,1765437927281217
ACK_OPENING,20730,51797,1765437927326866
ACK_OPENING,62450,64634,1765437927392965
ACK_OPENING,51797,42139,1765437927580187
ACK_OPENING,46199,20730,1765437927610315
ACK_OPENING,20730,2983,1765437927666935
ACK_OPENING,53079,46137,1765437927798651
ACK_OPENING,32744,51797,1765437927848364
ACK_OPENING,1366,53729,1765437927863723
ACK_OPENING,62450,61110,1765437927889577
ACK_OPENING,39129,64634,1765437928008454
ACK_OPENING,20730,42139,1765437928096327
ACK_OPENING,49030,20730,1765437928193923
ACK_OPENING,61110,2983,1765437928331155
ACK_OPENING,53142,51797,1765437928387447
ACK_OPENING,49030,46137,1765437928414431
ACK_OPENING,53443,53729,1765437928430613
ACK_OPENING,53079,61110,1765437928434350
ACK_OPENING,20730,42139,1765437928595173
ACK_OPENING,46199,64634,1765437928624576
ACK_OPENING,39129,20730,1765437928714575
ACK_OPENING,13669,2983,1765437928944606
ACK_OPENING,39202,51797,1765437928994363
ACK_OPENING,1366,46137,1765437929028848
ACK_OPENING,20730,53729,1765437929044756
ACK_OPENING,39202,61110,1765437929086087
ACK_OPENING,46199,20730,1765437929221642
ACK_OPENING,20730,64634,1765437929240710
ACK_OPENING,39202,2983,1765437929574051
ACK_OPENING,32744,32744,1765437929628350
ACK_OPENING,32744,32744,1765437929628485
ACK_OPENING,4401,51797,1765437929687752
ACK_OPENING,39129,61110,1765437929798922
ACK_OPENING,24626,46137,1765437929823674
ACK_OPENING,62256,53729,1765437929952067
ACK_OPENING,32550,32550,1765437929996404
ACK_OPENING,20730,64634,1765437930039310
REGISTER,14756,30888|53142|30805|2983|32550|20730|61110|13669|49030|1366|39129|24626|10375|8074|60124|62450|39202|3138|48857|50536|43055|46137|32744|46199|53079|17508|19521|34520|52498|4401|18832|62256|64634|51797|2352|53443|61724|49327|42139|53729,1765437764438159
ACK_OPENING,34520,20730,1765437930196820
ACK_OPENING,32744,52498,1765437930339331
ACK_OPENING,32744,39202,1765437930344686
ACK_OPENING,32744,10375,1765437930349139
ACK_OPENING,32744,19521,1765437930359424
ACK_OPENING,32744,53443,1765437930359687
ACK_OPENING,32744,60124,1765437930364878
ACK_OPENING,32744,48857,1765437930366112
ACK_OPENING,32744,4401,1765437930368810
ACK_OPENING,32744,50536,1765437930382829
ACK_OPENING,30805,51797,1765437930394852
ACK_OPENING,62256,2983,1765437930399465
ACK_OPENING,32744,42139,1765437930404402
ACK_OPENING,32744,39129,1765437930412349
ACK_OPENING,32744,46199,1765437930412660
ACK_OPENING,32744,24626,1765437930415095
ACK_OPENING,32744,1366,1765437930417188
ACK_OPENING,32744,62256,1765437930417803
ACK_OPENING,32744,34520,1765437930421123
ACK_OPENING,32744,61724,1765437930423919
ACK_OPENING,32744,49030,1765437930424188
ACK_OPENING,32744,62450,1765437930429832
ACK_OPENING,32744,8074,1765437930430850
ACK_OPENING,32744,30805,1765437930432281
ACK_OPENING,32744,53142,1765437930432332
ACK_OPENING,32744,13669,1765437930447418
ACK_OPENING,32744,18832,1765437930455062
ACK_OPENING,32744,49327,1765437930458370
ACK_OPENING,32744,30888,1765437930463271
ACK_OPENING,32744,2352,1765437930475538
ACK_OPENING,32744,3138,1765437930476589
ACK_OPENING,32744,43055,1765437930480624
ACK_OPENING,32550,32744,1765437930486036
ACK_OPENING,32744,53079,1765437930513294
ACK_OPENING,32744,17508,1765437930520246
ACK_OPENING,19521,61110,1765437930549280
READY,46137,1765437930567921
ACK_OPENING,8074,46137,1765437930567926
ACK_OPENING,4401,64634,1765437930608447
ACK_OPENING,20730,53729,1765437930610281
ACK_OPENING,60124,32550,1765437930663034
ACK_OPENING,32744,20730,1765437930812304
ACK_OPENING,32744,39202,1765437930924439
ACK_OPENING,32744,19521,1765437930947128
ACK_OPENING,32744,10375,1765437930972390
ACK_OPENING,32744,4401,1765437930972545
ACK_OPENING,43055,51797,1765437930975114
ACK_OPENING,32744,52498,1765437930989600
ACK_OPENING,32744,48857,1765437930994025
ACK_OPENING,32744,50536,1765437930999272
ACK_OPENING,32744,39129,1765437930999327
ACK_OPENING,32744,60124,1765437931009451
ACK_OPENING,32744,53443,1765437931014816
ACK_OPENING,32744,24626,1765437931021990
ACK_OPENING,32744,42139,1765437931033777
ACK_OPENING,32744,1366,1765437931037699
ACK_OPENING,32744,18832,1765437931040119
ACK_OPENING,32744,61724,1765437931043389
ACK_OPENING,32744,62256,1765437931043885
ACK_OPENING,32744,30888,1765437931046014
ACK_OPENING,32744,62450,1765437931051455
ACK_OPENING,32744,53142,1765437931053549
ACK_OPENING,32744,30805,1765437931064707
ACK_OPENING,32744,13669,1765437931066386
ACK_OPENING,32744,8074,1765437931078242
ACK_OPENING,32744,46199,1765437931085856
ACK_OPENING,32744,3138,1765437931097777
ACK_OPENING,4401,2983,1765437931101286
ACK_OPENING,32744,2352,1765437931101864
ACK_OPENING,32744,43055,1765437931103860
ACK_OPENING,32744,34520,1765437931128694
ACK_OPENING,32744,53079,1765437931136422
ACK_OPENING,32744,49327,1765437931137817
ACK_OPENING,32744,17508,1765437931143204
ACK_OPENING,20730,61110,1765437931168050
ACK_OPENING,32744,49030,1765437931170115
ACK_OPENING,20730,46137,1765437931187680
ACK_OPENING,3138,64634,1765437931188739
ACK_OPENING,62450,53729,1765437931243564
ACK_OPENING,49327,32550,1765437931290442
ACK_OPENING,32550,20730,1765437931421164
ACK_OPENING,32550,39202,1765437931494488
ACK_OPENING,32550,19521,1765437931516614
ACK_OPENING,32550,4401,1765437931563942
ACK_OPENING,32744,51797,1765437931571634
ACK_OPENING,32550,10375,1765437931589194
ACK_OPENING,32550,52498,1765437931600950
ACK_OPENING,32550,24626,1765437931602881
ACK_OPENING,32550,42139,1765437931612080
ACK_OPENING,32550,50536,1765437931615390
ACK_OPENING,32550,61724,1765437931620611
ACK_OPENING,32550,60124,1765437931625791
ACK_OPENING,32550,53443,1765437931630751
ACK_OPENING,32550,30888,1765437931632267
ACK_OPENING,32550,62450,1765437931640713
ACK_OPENING,32550,1366,1765437931654374
ACK_OPENING,32550,39129,1765437931655642
ACK_OPENING,32550,18832,1765437931656481
ACK_OPENING,32550,62256,1765437931660744
ACK_OPENING,32550,30805,1765437931672649
ACK_OPENING,32550,48857,1765437931675746
ACK_OPENING,32550,3138,1765437931681384
ACK_OPENING,32550,13669,1765437931682267
ACK_OPENING,32550,8074,1765437931693610
ACK_OPENING,32550,53142,1765437931699074
ACK_OPENING,32550,46199,1765437931704339
ACK_OPENING,32550,2352,1765437931712133
ACK_OPENING,32550,34520,1765437931719015
ACK_OPENING,46199,2983,1765437931737741
ACK_OPENING,32550,49030,1765437931738316
ACK_OPENING,32550,43055,1765437931744968
ACK_OPENING,32550,53079,1765437931750564
ACK_OPENING,32550,49327,1765437931757165
ACK_OPENING,20730,46137,1765437931760760
ACK_OPENING,39202,64634,1765437931782718
ACK_OPENING,32550,17508,1765437931809690
ACK_OPENING,10375,53729,1765437931858751
ACK_OPENING,20730,61110,1765437931887441
ACK_OPENING,39202,32550,1765437931905051
ACK_OPENING,32744,20730,1765437931992759
ACK_OPENING,32550,39202,1765437932101638
ACK_OPENING,32550,19521,1765437932141966
ACK_OPENING,32550,24626,1765437932172116
ACK_OPENING,32550,4401,1765437932175743
ACK_OPENING,32550,42139,1765437932180624
ACK_OPENING,32550,51797,1765437932191105
ACK_OPENING,32550,61724,1765437932192380
ACK_OPENING,32550,50536,1765437932199862
ACK_OPENING,32550,10375,1765437932206193
ACK_OPENING,32550,62450,1765437932209931
ACK_OPENING,32550,52498,1765437932232670
ACK_OPENING,32550,62256,1765437932235196
ACK_OPENING,32550,53443,1765437932237940
ACK_OPENING,32550,60124,1765437932239452
ACK_OPENING,32550,30888,1765437932242194
ACK_OPENING,32550,18832,1765437932253039
ACK_OPENING,32550,39129,1765437932273016
ACK_OPENING,32550,1366,1765437932275334
ACK_OPENING,32550,13669,1765437932286796
ACK_OPENING,32550,34520,1765437932288247
ACK_OPENING,32550,30805,1765437932292002
ACK_OPENING,32550,3138,1765437932298019
ACK_OPENING,32550,49030,1765437932304435
ACK_OPENING,32550,8074,1765437932316234
ACK_OPENING,32550,53142,1765437932316999
ACK_OPENING,32550,48857,1765437932321693
ACK_OPENING,32744,46137,1765437932330061
ACK_OPENING,32550,46199,1765437932330222
ACK_OPENING,32550,2352,1765437932355641
ACK_OPENING,8074,2983,1765437932357922
ACK_OPENING,62450,64634,1765437932366488
ACK_OPENING,32550,49327,1765437932375968
ACK_OPENING,32550,43055,1765437932387815
ACK_OPENING,32550,17508,1765437932390564
ACK_OPENING,32550,53079,1765437932395774
ACK_OPENING,46199,53729,1765437932476825
ACK_OPENING,34520,61110,1765437932501165
ACK_OPENING,32550,20730,1765437932515285
ACK_OPENING,46199,32550,1765437932520058
ACK_OPENING,32744,51797,1765437932808788
ACK_OPENING,32550,46137,1765437932854482
ACK_OPENING,53142,64634,1765437932887066
ACK_OPENING,32744,2983,1765437932973718
ACK_OPENING,1366,20730,1765437933080712
ACK_OPENING,60124,53729,1765437933090748
ACK_OPENING,39202,61110,1765437933118899
ACK_OPENING,30805,32550,1765437933135492
ACK_OPENING,32744,46137,1765437933382633
ACK_OPENING,61724,64634,1765437933391459
ACK_OPENING,30888,51797,1765437933452672
ACK_OPENING,32550,2983,1765437933519932
ACK_OPENING,17508,20730,1765437933663206
ACK_OPENING,30888,61110,1765437933905637
ACK_OPENING,32744,64634,1765437933945649
ACK_OPENING,32550,46137,1765437933981229
ACK_OPENING,32744,2983,1765437934085989
ACK_OPENING,49030,53729,1765437934095396
ACK_OPENING,61110,32550,1765437934158434
ACK_OPENING,53142,20730,1765437934266171
ACK_OPENING,32550,51797,1765437934275598
REGISTER,9899,30888|53142|30805|2983|32550|20730|13669|49030|1366|39129|24626|10375|61110|60124|62450|39202|3138|48857|50536|43055|8074|46137|32744|46199|53079|17508|19521|34520|52498|14756|4401|18832|62256|64634|2352|53443|61724|49327|42139|53729|51797,1765437764828674
ACK_OPENING,14756,14756,1765437934560629
ACK_OPENING,32744,64634,1765437934608257
ACK_OPENING,30805,61110,1765437934608277
ACK_OPENING,32550,2983,1765437934646855
ACK_OPENING,42139,53729,1765437934668666
ACK_OPENING,14756,1366,1765437934738554
ACK_OPENING,14756,43055,1765437934741635
ACK_OPENING,1366,32550,1765437934772928
ACK_OPENING,14756,39202,1765437934790478
ACK_OPENING,14756,10375,1765437934791797
ACK_OPENING,14756,42139,1765437934797803
ACK_OPENING,14756,53079,1765437934801125
ACK_OPENING,14756,30805,1765437934806209
ACK_OPENING,13669,20730,1765437934807107
ACK_OPENING,14756,52498,1765437934823256
ACK_OPENING,14756,48857,1765437934824230
ACK_OPENING,14756,32744,1765437934852115
ACK_OPENING,14756,4401,1765437934866439
ACK_OPENING,14756,49030,1765437934876591
ACK_OPENING,14756,61724,1765437934876666
ACK_OPENING,14756,39129,1765437934877218
ACK_OPENING,14756,18832,1765437934890106
ACK_OPENING,14756,50536,1765437934895757
ACK_OPENING,17508,51797,1765437934923007
ACK_OPENING,14756,49327,1765437934934926
ACK_OPENING,14756,53443,1765437934938736
ACK_OPENING,14756,13669,1765437934939711
ACK_OPENING,14756,60124,1765437934942456
ACK_OPENING,14756,34520,1765437934942651
ACK_OPENING,14756,24626,1765437934959696
ACK_OPENING,14756,46199,1765437934972304
ACK_OPENING,14756,2352,1765437934975698
ACK_OPENING,14756,62256,1765437934985137
ACK_OPENING,14756,62450,1765437935021375
ACK_OPENING,14756,46137,1765437935041804
ACK_OPENING,14756,53142,1765437935065283
ACK_OPENING,14756,19521,1765437935107838
ACK_OPENING,14756,3138,1765437935132102
ACK_OPENING,14756,30888,1765437935135379
ACK_OPENING,14756,8074,1765437935140241
ACK_OPENING,14756,17508,1765437935174522
ACK_OPENING,46199,14756,1765437935179915
ACK_OPENING,32744,53729,1765437935185431
ACK_OPENING,30888,61110,1765437935223944
ACK_OPENING,32550,64634,1765437935225402
ACK_OPENING,48857,2983,1765437935235011
ACK_OPENING,53079,20730,1765437935313291
ACK_OPENING,14756,32550,1765437935400305
ACK_OPENING,49030,51797,1765437935575360
ACK_OPENING,32550,53729,1765437935664312
ACK_OPENING,4401,14756,1765437935781009
ACK_OPENING,49030,20730,1765437935818655
ACK_OPENING,53443,61110,1765437935840007
ACK_OPENING,32550,64634,1765437935844834
ACK_OPENING,50536,2983,1765437935933815
ACK_OPENING,49030,32550,1765437935974720
ACK_OPENING,32744,53729,1765437936143680
ACK_OPENING,10375,51797,1765437936190295
ACK_OPENING,49030,14756,1765437936267997
ACK_OPENING,32744,61110,1765437936397670
ACK_OPENING,43055,20730,1765437936409408
ACK_OPENING,18832,64634,1765437936457704
ACK_OPENING,39129,32550,1765437936491430
ACK_OPENING,19521,2983,1765437936557360
ACK_OPENING,32550,53729,1765437936623553
ACK_OPENING,53079,51797,1765437936806944
ACK_OPENING,32744,61110,1765437936917296
ACK_OPENING,48857,14756,1765437936918053
ACK_OPENING,14756,20730,1765437936957803
ACK_OPENING,18832,32550,1765437936990079
ACK_OPENING,19521,64634,1765437937007609
ACK_OPENING,48857,53729,1765437937101664
ACK_OPENING,39129,2983,1765437937209600
ACK_OPENING,42139,51797,1765437937366587
ACK_OPENING,32550,61110,1765437937454517
ACK_OPENING,32744,32550,1765437937480779
ACK_OPENING,1366,64634,1765437937521337
ACK_OPENING,61110,14756,1765437937534457
ACK_OPENING,43055,53729,1765437937579735
ACK_OPENING,24626,20730,1765437937605444
ACK_OPENING,62450,2983,1765437937826551
ACK_OPENING,18832,51797,1765437937910452
ACK_OPENING,2352,32550,1765437937978786
ACK_OPENING,32550,61110,1765437937989924
ACK_OPENING,19521,53729,1765437938055925
ACK_OPENING,43055,14756,1765437938208720
ACK_OPENING,8074,64634,1765437938210971
ACK_OPENING,60124,20730,1765437938262233
ACK_OPENING,17508,2983,1765437938495284
ACK_OPENING,14756,51797,1765437938514534
REGISTER,6830,32744|34520|52498|14756|46199|53079|17508|19521|9899|4401|18832|62256|64634|42139|53729|51797|2352|53443|61724|49327|32550|30888|53142|30805|2983|20730|24626|10375|61110|13669|49030|1366|39129|50536|43055|8074|60124|62450|39202|3138|48857|46137,1765437764846525
ACK_OPENING,13669,61110,1765437938716969
ACK_OPENING,9899,9899,1765437938739873
ACK_OPENING,10375,32550,1765437938757511
ACK_OPENING,53142,53729,1765437938778148
ACK_OPENING,17508,64634,1765437938798984
ACK_OPENING,62450,20730,1765437938901324
ACK_OPENING,62450,14756,1765437938925206
ACK_OPENING,9899,3138,1765437939019858
ACK_OPENING,9899,18832,1765437939034732
ACK_OPENING,9899,50536,1765437939047254
ACK_OPENING,9899,39129,1765437939047733
ACK_OPENING,9899,8074,1765437939050701
ACK_OPENING,9899,62450,1765437939055393
ACK_OPENING,9899,10375,1765437939057011
ACK_OPENING,9899,34520,1765437939066344
ACK_OPENING,9899,39202,1765437939072612
ACK_OPENING,53443,51797,1765437939084870
ACK_OPENING,14756,2983,1765437939099575
ACK_OPENING,9899,24626,1765437939104705
ACK_OPENING,9899,62256,1765437939117918
ACK_OPENING,9899,1366,1765437939127491
ACK_OPENING,9899,49030,1765437939129024
ACK_OPENING,9899,13669,1765437939144766
ACK_OPENING,9899,53079,1765437939166654
ACK_OPENING,9899,30888,1765437939175592
ACK_OPENING,9899,43055,1765437939177268
ACK_OPENING,9899,61724,1765437939185165
ACK_OPENING,9899,60124,1765437939185365
ACK_OPENING,9899,48857,1765437939201787
ACK_OPENING,9899,46199,1765437939202761
ACK_OPENING,9899,17508,1765437939205308
ACK_OPENING,9899,53443,1765437939219946
ACK_OPENING,9899,4401,1765437939222001
ACK_OPENING,9899,46137,1765437939229960
ACK_OPENING,9899,2352,1765437939276850
ACK_OPENING,9899,49327,1765437939286981
ACK_OPENING,9899,53142,1765437939288186
ACK_OPENING,2352,9899,1765437939302067
ACK_OPENING,9899,19521,1765437939307469
ACK_OPENING,9899,30805,1765437939309610
ACK_OPENING,9899,32744,1765437939321368
ACK_OPENING,3138,61110,1765437939334560
ACK_OPENING,9899,52498,1765437939336615
ACK_OPENING,62450,32550,1765437939377817
ACK_OPENING,53079,53729,1765437939380567
ACK_OPENING,61110,64634,1765437939417515
ACK_OPENING,9899,42139,1765437939435348
ACK_OPENING,62256,20730,1765437939438370
ACK_OPENING,9899,14756,1765437939471385
ACK_OPENING,2352,2983,1765437939639393
ACK_OPENING,62450,51797,1765437939665735
ACK_OPENING,39202,9899,1765437939882931
ACK_OPENING,49030,53729,1765437939913682
ACK_OPENING,53079,61110,1765437939932653
ACK_OPENING,48857,20730,1765437939951442
ACK_OPENING,49030,14756,1765437939982608
ACK_OPENING,9899,32550,1765437939992577
ACK_OPENING,30805,64634,1765437940021761
ACK_OPENING,53079,2983,1765437940147251
ACK_OPENING,49327,51797,1765437940195790
ACK_OPENING,30805,9899,1765437940442664
ACK_OPENING,10375,61110,1765437940464623
READY,61110,1765437940464685
ACK_OPENING,53079,32550,1765437940550863
ACK_OPENING,3138,14756,1765437940552347
ACK_OPENING,14756,53729,1765437940564444
ACK_OPENING,42139,20730,1765437940600470
ACK_OPENING,18832,2983,1765437940658304
ACK_OPENING,10375,64634,1765437940669787
ACK_OPENING,39202,51797,1765437940801726
ACK_OPENING,14756,61110,1765437940981509
ACK_OPENING,30888,9899,1765437941097021
ACK_OPENING,62450,14756,1765437941125251
ACK_OPENING,50536,32550,1765437941165528
ACK_OPENING,49327,2983,1765437941166282
ACK_OPENING,3138,53729,1765437941180622
ACK_OPENING,53079,20730,1765437941215827
ACK_OPENING,14756,64634,1765437941335143
ACK_OPENING,61724,51797,1765437941428418
ACK_OPENING,9899,61110,1765437941627635
ACK_OPENING,52498,2983,1765437941682849
ACK_OPENING,32744,9899,1765437941766543
ACK_OPENING,49327,53729,1765437941785934
ACK_OPENING,30888,20730,1765437941797421
ACK_OPENING,39202,32550,1765437941962351
ACK_OPENING,52498,64634,1765437941965720
ACK_OPENING,62450,51797,1765437942055940
ACK_OPENING,13669,14756,1765437942111494
ACK_OPENING,30888,2983,1765437942186703
ACK_OPENING,53079,53729,1765437942328391
ACK_OPENING,53443,9899,1765437942381172
ACK_OPENING,9899,20730,1765437942445199
ACK_OPENING,42139,64634,1765437942581535
ACK_OPENING,62450,2983,1765437942685270
ACK_OPENING,64634,51797,1765437942769649
ACK_OPENING,61724,14756,1765437942806248
ACK_OPENING,53443,32550,1765437942917757
READY,53729,1765437942918040
ACK_OPENING,52498,53729,1765437942918034
ACK_OPENING,53142,20730,1765437943064713
ACK_OPENING,4401,9899,1765437943175075
ACK_OPENING,53142,64634,1765437943242764
REGISTER,10569,10375|61110|13669|49030|1366|39129|24626|43055|8074|60124|62450|39202|3138|48857|50536|46137|32744|52498|14756|46199|53079|17508|19521|34520|6830|4401|18832|62256|64634|9899|53729|51797|2352|53443|61724|49327|42139|30888|53142|30805|2983|32550|20730,1765437764915805
ACK_OPENING,9899,2983,1765437943255240
ACK_OPENING,9899,51797,1765437943379727
ACK_OPENING,30888,32550,1765437943567737
ACK_OPENING,53443,14756,1765437943580317
ACK_OPENING,6830,6830,1765437943593261
ACK_OPENING,6830,18832,1765437943616216
ACK_OPENING,6830,46199,1765437943620602
ACK_OPENING,6830,2352,1765437943633428
ACK_OPENING,9899,53729,1765437943633801
ACK_OPENING,6830,46137,1765437943644170
ACK_OPENING,6830,49327,1765437943655737
ACK_OPENING,6830,43055,1765437943670125
ACK_OPENING,6830,24626,1765437943682329
ACK_OPENING,6830,42139,1765437943695365
ACK_OPENING,6830,13669,1765437943701096
ACK_OPENING,6830,62256,1765437943705518
ACK_OPENING,6830,30805,1765437943722942
ACK_OPENING,6830,34520,1765437943734187
ACK_OPENING,50536,20730,1765437943740585
ACK_OPENING,6830,3138,1765437943748092
ACK_OPENING,6830,39202,1765437943759618
ACK_OPENING,6830,48857,1765437943762751
ACK_OPENING,6830,17508,1765437943767701
ACK_OPENING,6830,8074,1765437943779002
ACK_OPENING,6830,1366,1765437943779764
ACK_OPENING,6830,49030,1765437943780706
ACK_OPENING,6830,60124,1765437943787566
ACK_OPENING,6830,53443,1765437943807456
ACK_OPENING,6830,62450,1765437943808101
ACK_OPENING,6830,32744,1765437943809289
ACK_OPENING,6830,10375,1765437943826912
ACK_OPENING,6830,61110,1765437943829544
ACK_OPENING,6830,53142,1765437943829620
ACK_OPENING,6830,9899,1765437943837648
ACK_OPENING,6830,19521,1765437943849162
ACK_OPENING,30888,64634,1765437943852046
ACK_OPENING,6830,53079,1765437943866513
ACK_OPENING,6830,52498,1765437943873029
ACK_OPENING,6830,4401,1765437943882716
ACK_OPENING,6830,50536,1765437943883345
ACK_OPENING,6830,61724,1765437943891683
ACK_OPENING,6830,39129,1765437943909759
ACK_OPENING,6830,30888,1765437943948458
ACK_OPENING,43055,2983,1765437943961386
ACK_OPENING,1366,51797,1765437944004415
ACK_OPENING,42139,14756,1765437944125437
ACK_OPENING,64634,32550,1765437944180192
ACK_OPENING,39129,6830,1765437944212081
ACK_OPENING,6830,53729,1765437944261145
ACK_OPENING,30805,20730,1765437944348498
ACK_OPENING,53729,9899,1765437944454155
ACK_OPENING,50536,64634,1765437944470223
ACK_OPENING,42139,2983,1765437944486849
ACK_OPENING,19521,51797,1765437944628009
ACK_OPENING,6830,14756,1765437944648141
ACK_OPENING,6830,32550,1765437944809659
ACK_OPENING,53079,6830,1765437944822532
ACK_OPENING,3138,20730,1765437944964407
ACK_OPENING,49030,9899,1765437945069132
ACK_OPENING,49327,64634,1765437945087845
ACK_OPENING,61724,2983,1765437945134823
ACK_OPENING,17508,14756,1765437945235727
ACK_OPENING,49327,6830,1765437945356200
ACK_OPENING,53142,51797,1765437945402208
ACK_OPENING,53443,32550,1765437945459719
ACK_OPENING,49327,20730,1765437945542862
ACK_OPENING,1366,9899,1765437945654792
ACK_OPENING,60124,64634,1765437945674102
ACK_OPENING,53079,14756,1765437945732868
ACK_OPENING,3138,2983,1765437945739640
ACK_OPENING,30888,6830,1765437945929480
ACK_OPENING,53079,51797,1765437946017422
ACK_OPENING,51797,32550,1765437946076197
ACK_OPENING,2352,9899,1765437946187816
ACK_OPENING,10375,20730,1765437946188935
ACK_OPENING,9899,64634,1765437946217694
ACK_OPENING,32744,14756,1765437946226936
ACK_OPENING,53729,2983,1765437946513964
ACK_OPENING,43055,6830,1765437946546069
ACK_OPENING,52498,51797,1765437946613941
ACK_OPENING,18832,9899,1765437946684153
ACK_OPENING,53729,32550,1765437946690559
ACK_OPENING,50536,14756,1765437946740993
ACK_OPENING,53443,64634,1765437946749231
ACK_OPENING,61110,20730,1765437946803906
ACK_OPENING,53443,2983,1765437947163426
ACK_OPENING,39202,6830,1765437947174187
ACK_OPENING,49030,51797,1765437947210850
ACK_OPENING,3138,9899,1765437947266023
ACK_OPENING,20730,32550,1765437947293040
ACK_OPENING,53729,64634,1765437947347737
READY,64634,1765437947347903
ACK_OPENING,10375,10375,1765437947363941
ACK_OPENING,6830,20730,1765437947527672
ACK_OPENING,51797,14756,1765437947603388
REGISTER,30506,49030|1366|39129|24626|10375|61110|13669|39202|3138|48857|50536|43055|8074|60124|62450|46137|32744|53079|17508|19521|34520|52498|14756|46199|18832|62256|64634|9899|6830|10569|4401|53443|61724|49327|42139|53729|51797|2352|53142|30805|2983|32550|30888|20730,1765437765066279
ACK_OPENING,10569,10569,1765437947830809
ACK_OPENING,48857,51797,1765437948061776
ACK_OPENING,4401,6830,1765437948079186
ACK_OPENING,46199,9899,1765437948080283
ACK_OPENING,8074,32550,1765437948103192
ACK_OPENING,10375,34520,1765437948109624
ACK_OPENING,10375,53443,1765437948112335
ACK_OPENING,53079,2983,1765437948114749
ACK_OPENING,10375,48857,1765437948117141
ACK_OPENING,10375,13669,1765437948119891
ACK_OPENING,10375,62256,1765437948148750
ACK_OPENING,10375,53142,1765437948152024
ACK_OPENING,10375,61110,1765437948158671
ACK_OPENING,10375,39202,1765437948160649
ACK_OPENING,10375,43055,1765437948164021
ACK_OPENING,10375,2352,1765437948166378
ACK_OPENING,10375,32744,1765437948169206
ACK_OPENING,10375,24626,1765437948169441
ACK_OPENING,10375,1366,1765437948172574
ACK_OPENING,10375,53079,1765437948175738
ACK_OPENING,10375,52498,1765437948178015
ACK_OPENING,10375,17508,1765437948178750
ACK_OPENING,10375,50536,1765437948180680
ACK_OPENING,10375,30888,1765437948185457
ACK_OPENING,10375,19521,1765437948185935
ACK_OPENING,10375,53729,1765437948185990
ACK_OPENING,10375,49327,1765437948192038
ACK_OPENING,10375,39129,1765437948194031
ACK_OPENING,10375,46199,1765437948196265
ACK_OPENING,10375,30805,1765437948202337
ACK_OPENING,10375,60124,1765437948213559
ACK_OPENING,10375,42139,1765437948223566
ACK_OPENING,10375,8074,1765437948226157
ACK_OPENING,10375,18832,1765437948226260
ACK_OPENING,39202,20730,1765437948229871
ACK_OPENING,64634,14756,1765437948235285
ACK_OPENING,10375,62450,1765437948251473
ACK_OPENING,53079,64634,1765437948254443
ACK_OPENING,10375,4401,1765437948265005
ACK_OPENING,10375,61724,1765437948298913
ACK_OPENING,10569,10375,1765437948320331
ACK_OPENING,10375,49030,1765437948339505
ACK_OPENING,10375,46137,1765437948421710
ACK_OPENING,10375,3138,1765437948574512
ACK_OPENING,53142,10569,1765437948582733
ACK_OPENING,60124,51797,1765437948631619
ACK_OPENING,39202,2983,1765437948694002
ACK_OPENING,10569,6830,1765437948699288
ACK_OPENING,48857,32550,1765437948711593
ACK_OPENING,10569,62256,1765437948721189
ACK_OPENING,49327,9899,1765437948723542
ACK_OPENING,10569,43055,1765437948738611
ACK_OPENING,10569,53079,1765437948743738
ACK_OPENING,10569,17508,1765437948751623
ACK_OPENING,10569,48857,1765437948763290
ACK_OPENING,10569,52498,1765437948764183
ACK_OPENING,10569,53443,1765437948774353
ACK_OPENING,10569,13669,1765437948777902
ACK_OPENING,10569,2352,1765437948785924
ACK_OPENING,10569,61110,1765437948786277
ACK_OPENING,10569,39202,1765437948786688
ACK_OPENING,10569,24626,1765437948798968
ACK_OPENING,10569,8074,1765437948805839
ACK_OPENING,34520,14756,1765437948807263
ACK_OPENING,10569,53729,1765437948810281
ACK_OPENING,10569,39129,1765437948815118
ACK_OPENING,10569,19521,1765437948817856
ACK_OPENING,10569,30888,1765437948818343
ACK_OPENING,10569,1366,1765437948818701
ACK_OPENING,10569,60124,1765437948822863
ACK_OPENING,10569,30805,1765437948823782
ACK_OPENING,46137,20730,1765437948830088
ACK_OPENING,10569,49327,1765437948835304
ACK_OPENING,10569,32744,1765437948835712
ACK_OPENING,10569,42139,1765437948853927
ACK_OPENING,10569,50536,1765437948878891
ACK_OPENING,10569,53142,1765437948884094
ACK_OPENING,10569,62450,1765437948904475
ACK_OPENING,10569,61724,1765437948922407
ACK_OPENING,10569,4401,1765437948922770
ACK_OPENING,10569,18832,1765437948927991
ACK_OPENING,6830,64634,1765437948933592
ACK_OPENING,10569,46199,1765437948938847
ACK_OPENING,10569,34520,1765437948972549
ACK_OPENING,10569,49030,1765437948973866
ACK_OPENING,6830,51797,1765437949164441
ACK_OPENING,2352,10569,1765437949188639
ACK_OPENING,10569,3138,1765437949208349
ACK_OPENING,10569,46137,1765437949223012
ACK_OPENING,61724,32550,1765437949269033
ACK_OPENING,10375,6830,1765437949318279
ACK_OPENING,10375,14756,1765437949325341
ACK_OPENING,10375,9899,1765437949365634
ACK_OPENING,24626,2983,1765437949402993
ACK_OPENING,2352,20730,1765437949439036
ACK_OPENING,10569,64634,1765437949612945
ACK_OPENING,53729,51797,1765437949675975
ACK_OPENING,17508,10569,1765437949728234
ACK_OPENING,10569,32550,1765437949782195
ACK_OPENING,10569,14756,1765437949821463
ACK_OPENING,24626,6830,1765437949885628
ACK_OPENING,10569,9899,1765437949938663
ACK_OPENING,6830,2983,1765437950010100
ACK_OPENING,53443,20730,1765437950055949
ACK_OPENING,62256,51797,1765437950172374
ACK_OPENING,10375,64634,1765437950184643
ACK_OPENING,10375,10569,1765437950239411
ACK_OPENING,62256,32550,1765437950283224
ACK_OPENING,24626,14756,1765437950320435
ACK_OPENING,1366,6830,1765437950409207
ACK_OPENING,8074,9899,1765437950470538
ACK_OPENING,10375,2983,1765437950657985
ACK_OPENING,8074,51797,1765437950663793
ACK_OPENING,8074,20730,1765437950707134
ACK_OPENING,10375,32550,1765437950766835
ACK_OPENING,39129,14756,1765437950803605
ACK_OPENING,19521,10569,1765437950809234
ACK_OPENING,20730,9899,1765437950978276
ACK_OPENING,32744,6830,1765437951077720
ACK_OPENING,62450,32550,1765437951241029
ACK_OPENING,60124,2983,1765437951272857
ACK_OPENING,30805,14756,1765437951283443
ACK_OPENING,2352,51797,1765437951366645
ACK_OPENING,39202,10569,1765437951378862
ACK_OPENING,50536,9899,1765437951495312
ACK_OPENING,30888,20730,1765437951674271
ACK_OPENING,18832,6830,1765437951796150
ACK_OPENING,53142,32550,1765437951818209
ACK_OPENING,62256,14756,1765437951916710
ACK_OPENING,46199,2983,1765437951945648
ACK_OPENING,9899,10569,1765437952212818
ACK_OPENING,46137,51797,1765437952220042
ACK_OPENING,30506,30506,1765437952249113
ACK_OPENING,53079,9899,1765437952266426
REGISTER,33758,30888|53142|30805|2983|32550|20730|30506|13669|49030|1366|39129|24626|10375|61110|62450|39202|3138|48857|50536|43055|8074|60124|46137|32744|46199|53079|17508|19521|34520|52498|14756|4401|18832|62256|64634|9899|6830|10569|2352|53443|61724|49327|42139|53729|51797,1765437765401547
ACK_OPENING,18832,20730,1765437952379093
ACK_OPENING,13669,32550,1765437952396865
ACK_OPENING,51797,6830,1765437952404418
ACK_OPENING,30888,14756,1765437952534652
ACK_OPENING,30506,46199,1765437952563943
ACK_OPENING,30506,49030,1765437952567070
ACK_OPENING,30506,8074,1765437952577329
ACK_OPENING,30506,2352,1765437952586714
ACK_OPENING,30506,17508,1765437952600748
ACK_OPENING,30506,53079,1765437952637163
ACK_OPENING,30506,30805,1765437952676888
ACK_OPENING,30506,1366,1765437952678823
ACK_OPENING,30506,19521,1765437952698549
ACK_OPENING,30506,10375,1765437952710692
ACK_OPENING,30506,3138,1765437952722967
ACK_OPENING,46137,2983,1765437952730205
ACK_OPENING,30506,53142,1765437952730903
ACK_OPENING,30506,61110,1765437952731927
ACK_OPENING,30506,30888,1765437952732148
ACK_OPENING,30506,62256,1765437952735155
READY,2983,1765437952740677
ACK_OPENING,30506,49327,1765437952740741
ACK_OPENING,30506,39202,1765437952747112
ACK_OPENING,30506,32744,1765437952761627
ACK_OPENING,30506,61724,1765437952761660
ACK_OPENING,30506,34520,1765437952765687
ACK_OPENING,30506,53729,1765437952783592
ACK_OPENING,30506,50536,1765437952783625
ACK_OPENING,30506,13669,1765437952792318
ACK_OPENING,30506,24626,1765437952800012
ACK_OPENING,30506,53443,1765437952813011
ACK_OPENING,30506,60124,1765437952823320
ACK_OPENING,3138,51797,1765437952823485
ACK_OPENING,30506,52498,1765437952825892
ACK_OPENING,30506,62450,1765437952832350
ACK_OPENING,30506,64634,1765437952832764
ACK_OPENING,30506,10569,1765437952836024
ACK_OPENING,30506,4401,1765437952853189
ACK_OPENING,30506,18832,1765437952868029
ACK_OPENING,43055,9899,1765437952868229
ACK_OPENING,30506,42139,1765437952881205
ACK_OPENING,9899,30506,1765437952886917
ACK_OPENING,30506,48857,1765437952907010
ACK_OPENING,30506,39129,1765437952907184
ACK_OPENING,30506,43055,1765437952942514
ACK_OPENING,3138,32550,1765437952948836
ACK_OPENING,10375,20730,1765437952965426
ACK_OPENING,30506,46137,1765437953016303
ACK_OPENING,53079,6830,1765437953023379
ACK_OPENING,62450,14756,1765437953129896
ACK_OPENING,61724,2983,1765437953285281
ACK_OPENING,24626,51797,1765437953442295
ACK_OPENING,49030,10569,1765437953455639
ACK_OPENING,32744,30506,1765437953465992
ACK_OPENING,53443,9899,1765437953497103
ACK_OPENING,10569,20730,1765437953562912
ACK_OPENING,32744,32550,1765437953571777
ACK_OPENING,53142,6830,1765437953640972
ACK_OPENING,19521,14756,1765437953862289
ACK_OPENING,10375,2983,1765437953865754
ACK_OPENING,4401,10569,1765437953985612
ACK_OPENING,10569,51797,1765437954022837
ACK_OPENING,6830,30506,1765437954081516
ACK_OPENING,60124,9899,1765437954105164
ACK_OPENING,39202,20730,1765437954173357
ACK_OPENING,4401,32550,1765437954187150
ACK_OPENING,30506,6830,1765437954195868
ACK_OPENING,10569,2983,1765437954428649
ACK_OPENING,46137,14756,1765437954477828
ACK_OPENING,10375,51797,1765437954565671
ACK_OPENING,1366,10569,1765437954638241
ACK_OPENING,18832,30506,1765437954695651
ACK_OPENING,30506,9899,1765437954713090
ACK_OPENING,53443,20730,1765437954745964
ACK_OPENING,2352,32550,1765437954792761
ACK_OPENING,30506,2983,1765437954952131
ACK_OPENING,49030,6830,1765437955126562
ACK_OPENING,30506,14756,1765437955179427
ACK_OPENING,8074,30506,1765437955231113
ACK_OPENING,30888,51797,1765437955232186
ACK_OPENING,43055,10569,1765437955257225
ACK_OPENING,19521,9899,1765437955294669
ACK_OPENING,62450,20730,1765437955309357
ACK_OPENING,42139,32550,1765437955334462
ACK_OPENING,46199,30506,1765437955723164
ACK_OPENING,39202,14756,1765437955804872
ACK_OPENING,53079,20730,1765437955824507
ACK_OPENING,53142,9899,1765437955826582
ACK_OPENING,2983,51797,1765437955856746
ACK_OPENING,13669,10569,1765437955919889
ACK_OPENING,53079,6830,1765437955923366
ACK_OPENING,30506,32550,1765437956048740
ACK_OPENING,53079,9899,1765437956406378
REGISTER,24343,20730|30506|13669|49030|1366|39129|24626|10375|61110|60124|62450|39202|3138|48857|50536|43055|8074|46137|32744|46199|53079|17508|19521|34520|52498|14756|33758|4401|18832|62256|64634|9899|6830|10569|2352|53443|61724|49327|42139|53729|51797|30888|53142|30805|2983|32550,1765437765429724
ACK_OPENING,10375,30506,1765437956445667
ACK_OPENING,30888,14756,1765437956480871
ACK_OPENING,33758,33758,1765437956504875
ACK_OPENING,19521,20730,1765437956509617
ACK_OPENING,53079,32550,1765437956659611
ACK_OPENING,46199,51797,1765437956700008
ACK_OPENING,32550,6830,1765437956711955
ACK_OPENING,33758,18832,1765437956718373
ACK_OPENING,33758,53079,1765437956755168
ACK_OPENING,33758,60124,1765437956765463
ACK_OPENING,33758,53729,1765437956776546
ACK_OPENING,33758,4401,1765437956784849
ACK_OPENING,33758,61110,1765437956808699
ACK_OPENING,33758,49030,1765437956810524
ACK_OPENING,33758,19521,1765437956811686
ACK_OPENING,33758,46199,1765437956817986
ACK_OPENING,33758,10375,1765437956822154
ACK_OPENING,33758,1366,1765437956825784
ACK_OPENING,33758,53142,1765437956830524
ACK_OPENING,33758,64634,1765437956832852
ACK_OPENING,24626,10569,1765437956849429
ACK_OPENING,33758,8074,1765437956851332
ACK_OPENING,33758,62256,1765437956859278
ACK_OPENING,33758,3138,1765437956873081
ACK_OPENING,33758,24626,1765437956891292
ACK_OPENING,33758,13669,1765437956921323
ACK_OPENING,33758,34520,1765437956926950
ACK_OPENING,33758,61724,1765437956931221
ACK_OPENING,33758,43055,1765437956934522
ACK_OPENING,33758,17508,1765437956938488
ACK_OPENING,33758,48857,1765437956949744
ACK_OPENING,33758,52498,1765437956954479
ACK_OPENING,33758,46137,1765437956969106
ACK_OPENING,33758,30888,1765437956979844
ACK_OPENING,33758,39202,1765437956985511
ACK_OPENING,33758,32744,1765437956992026
ACK_OPENING,33758,53443,1765437956997352
ACK_OPENING,53142,9899,1765437957010350
ACK_OPENING,33758,30805,1765437957021092
ACK_OPENING,33758,39129,1765437957033360
ACK_OPENING,33758,62450,1765437957036386
ACK_OPENING,33758,50536,1765437957056345
ACK_OPENING,33758,30506,1765437957061230
ACK_OPENING,64634,20730,1765437957070473
ACK_OPENING,33758,42139,1765437957080235
ACK_OPENING,60124,14756,1765437957122854
ACK_OPENING,34520,33758,1765437957125279
ACK_OPENING,33758,2352,1765437957125483
ACK_OPENING,24626,32550,1765437957270980
ACK_OPENING,39202,6830,1765437957273142
ACK_OPENING,62450,51797,1765437957276942
ACK_OPENING,33758,2983,1765437957283379
ACK_OPENING,33758,49327,1765437957309755
ACK_OPENING,3138,10569,1765437957420577
ACK_OPENING,61724,20730,1765437957615671
ACK_OPENING,30888,9899,1765437957634251
ACK_OPENING,18832,14756,1765437957736652
ACK_OPENING,46137,33758,1765437957743552
ACK_OPENING,52498,32550,1765437957820313
ACK_OPENING,53142,6830,1765437957820804
ACK_OPENING,43055,30506,1765437957860108
READY,51797,1765437957888775
ACK_OPENING,61110,51797,1765437957888734
ACK_OPENING,33758,10569,1765437957953844
ACK_OPENING,30506,20730,1765437958165652
ACK_OPENING,46199,14756,1765437958276143
ACK_OPENING,34520,9899,1765437958283254
ACK_OPENING,39129,33758,1765437958299700
ACK_OPENING,8074,6830,1765437958363569
ACK_OPENING,39129,30506,1765437958401821
ACK_OPENING,17508,32550,1765437958417351
ACK_OPENING,61724,51797,1765437958491759
ACK_OPENING,53729,10569,1765437958566787
ACK_OPENING,61724,14756,1765437958778069
ACK_OPENING,30888,33758,1765437958828230
ACK_OPENING,33758,6830,1765437958895856
ACK_OPENING,51797,9899,1765437958939136
ACK_OPENING,2983,32550,1765437958964274
ACK_OPENING,51797,20730,1765437958993335
ACK_OPENING,39202,30506,1765437959017918
ACK_OPENING,32744,10569,1765437959189621
ACK_OPENING,32744,14756,1765437959288963
ACK_OPENING,53443,51797,1765437959341900
ACK_OPENING,14756,33758,1765437959359994
ACK_OPENING,52498,6830,1765437959426920
ACK_OPENING,33758,9899,1765437959533832
ACK_OPENING,46137,32550,1765437959582735
ACK_OPENING,53142,30506,1765437959632759
ACK_OPENING,2983,20730,1765437959641919
ACK_OPENING,42139,10569,1765437959762052
ACK_OPENING,33758,14756,1765437959789490
ACK_OPENING,53443,6830,1765437959952213
ACK_OPENING,43055,33758,1765437960010098
ACK_OPENING,61110,9899,1765437960056473
ACK_OPENING,30506,51797,1765437960104459
ACK_OPENING,49030,32550,1765437960319168
ACK_OPENING,52498,20730,1765437960341849
ACK_OPENING,2352,10569,1765437960399191
ACK_OPENING,32550,14756,1765437960403558
ACK_OPENING,10569,30506,1765437960412652
ACK_OPENING,24343,24343,1765437960641531
REGISTER,37190,32744|52498|14756|46199|53079|17508|19521|34520|6830|10569|33758|4401|18832|62256|64634|9899|53729|51797|24343|2352|53443|61724|49327|42139|30888|53142|30805|2983|32550|20730|30506|10375|61110|13669|49030|1366|39129|24626|43055|8074|60124|62450|39202|3138|48857|50536|46137,1765437765967750
ACK_OPENING,64634,9899,1765437960677290
ACK_OPENING,13669,6830,1765437960696031
ACK_OPENING,49030,33758,1765437960846851
ACK_OPENING,33758,32550,1765437960966797
ACK_OPENING,24343,39129,1765437960982355
ACK_OPENING,24343,49030,1765437960982685
ACK_OPENING,32550,10569,1765437960988075
ACK_OPENING,53729,14756,1765437961003293
ACK_OPENING,33758,51797,1765437961005068
ACK_OPENING,24343,24626,1765437961012209
ACK_OPENING,24343,61110,1765437961021610
ACK_OPENING,24343,42139,1765437961043676
ACK_OPENING,24343,53079,1765437961048817
ACK_OPENING,24343,52498,1765437961075222
ACK_OPENING,24343,8074,1765437961081606
ACK_OPENING,24343,46137,1765437961084244
ACK_OPENING,62450,20730,1765437961084629
ACK_OPENING,24343,53443,1765437961090648
ACK_OPENING,24343,10375,1765437961101416
ACK_OPENING,24343,49327,1765437961102652
ACK_OPENING,24343,30805,1765437961111169
ACK_OPENING,24343,1366,1765437961126697
ACK_OPENING,24343,50536,1765437961137869
ACK_OPENING,24343,4401,1765437961151270
ACK_OPENING,13669,30506,1765437961152710
ACK_OPENING,24343,48857,1765437961153499
ACK_OPENING,24343,53142,1765437961170562
ACK_OPENING,24343,19521,1765437961170876
ACK_OPENING,24343,61724,1765437961174466
ACK_OPENING,24343,30888,1765437961186359
ACK_OPENING,24343,17508,1765437961199495
ACK_OPENING,24343,18832,1765437961201103
ACK_OPENING,3138,24343,1765437961220206
ACK_OPENING,24343,3138,1765437961225291
ACK_OPENING,24343,62450,1765437961234531
ACK_OPENING,24343,60124,1765437961237735
ACK_OPENING,24343,39202,1765437961241422
ACK_OPENING,24343,53729,1765437961241931
ACK_OPENING,24343,13669,1765437961247610
ACK_OPENING,24343,62256,1765437961248643
ACK_OPENING,24343,43055,1765437961261337
ACK_OPENING,24343,34520,1765437961268967
ACK_OPENING,42139,9899,1765437961271319
ACK_OPENING,24343,2352,1765437961277652
ACK_OPENING,24343,46199,1765437961283297
ACK_OPENING,24343,2983,1765437961307169
ACK_OPENING,62450,6830,1765437961309185
ACK_OPENING,24343,32744,1765437961316860
ACK_OPENING,24343,64634,1765437961404466
ACK_OPENING,24343,33758,1765437961404719
ACK_OPENING,19521,32550,1765437961498519
ACK_OPENING,24343,51797,1765437961559359
ACK_OPENING,61110,10569,1765437961608157
ACK_OPENING,53142,14756,1765437961608530
ACK_OPENING,51797,24343,1765437961829958
ACK_OPENING,24343,30506,1765437961840940
ACK_OPENING,46137,9899,1765437961846885
ACK_OPENING,62256,6830,1765437961903757
ACK_OPENING,10375,33758,1765437961933341
ACK_OPENING,61724,32550,1765437961994679
ACK_OPENING,4401,20730,1765437962001253
ACK_OPENING,24343,10569,1765437962224998
ACK_OPENING,10375,14756,1765437962225305
ACK_OPENING,53142,24343,1765437962339642
ACK_OPENING,19521,6830,1765437962431906
ACK_OPENING,39202,33758,1765437962462994
ACK_OPENING,19521,30506,1765437962463513
ACK_OPENING,53079,32550,1765437962499131
ACK_OPENING,61724,20730,1765437962713545
ACK_OPENING,53079,14756,1765437962821594
ACK_OPENING,49030,10569,1765437962842167
ACK_OPENING,13669,24343,1765437962863410
ACK_OPENING,62450,9899,1765437962899668
ACK_OPENING,18832,33758,1765437962988985
ACK_OPENING,46199,32550,1765437962994735
ACK_OPENING,62450,6830,1765437963031722
ACK_OPENING,2352,30506,1765437963078805
ACK_OPENING,8074,14756,1765437963349048
READY,20730,1765437963349990
ACK_OPENING,53729,20730,1765437963350019
ACK_OPENING,62450,10569,1765437963455421
ACK_OPENING,43055,32550,1765437963496202
ACK_OPENING,62450,24343,1765437963515899
ACK_OPENING,30506,33758,1765437963539132
ACK_OPENING,14756,9899,1765437963683395
ACK_OPENING,60124,30506,1765437963693564
ACK_OPENING,2352,14756,1765437963851132
ACK_OPENING,24343,6830,1765437963922756
ACK_OPENING,33758,20730,1765437963927219
ACK_OPENING,62450,32550,1765437963998353
ACK_OPENING,49327,10569,1765437964014694
ACK_OPENING,53079,24343,1765437964132700
ACK_OPENING,32744,33758,1765437964172449
ACK_OPENING,2983,30506,1765437964255601
ACK_OPENING,49030,9899,1765437964300505
ACK_OPENING,24343,14756,1765437964353043
ACK_OPENING,24343,20730,1765437964444247
ACK_OPENING,61724,6830,1765437964477118
ACK_OPENING,24343,32550,1765437964504024
ACK_OPENING,53443,10569,1765437964674447
ACK_OPENING,14756,24343,1765437964744680
ACK_OPENING,24626,30506,1765437964776254
ACK_OPENING,1366,14756,1765437964927723
ACK_OPENING,46199,33758,1765437965016706
ACK_OPENING,24343,9899,1765437965165793
ACK_OPENING,42139,6830,1765437965249150
ACK_OPENING,53142,32550,1765437965287355
REGISTER,4682,10375|61110|13669|49030|1366|39129|24626|43055|8074|60124|62450|39202|3138|48857|50536|46137|32744|52498|14756|46199|53079|17508|19521|34520|6830|10569|33758|4401|18832|62256|64634|9899|53729|51797|24343|2352|53443|61724|49327|42139|37190|30888|53142|30805|2983|32550|20730|30506,1765437766139059
ACK_OPENING,61724,24343,1765437965437348
ACK_OPENING,10375,30506,1765437965488774
ACK_OPENING,37190,37190,1765437965496429
ACK_OPENING,39202,14756,1765437965515693
ACK_OPENING,51797,10569,1765437965545815
ACK_OPENING,37190,48857,1765437965711282
ACK_OPENING,24626,33758,1765437965722639
ACK_OPENING,37190,46199,1765437965740578
ACK_OPENING,37190,8074,1765437965752152
ACK_OPENING,37190,1366,1765437965758649
ACK_OPENING,37190,39202,1765437965775831
ACK_OPENING,37190,60124,1765437965779579
ACK_OPENING,37190,50536,1765437965786372
ACK_OPENING,37190,18832,1765437965805693
ACK_OPENING,37190,53079,1765437965807897
ACK_OPENING,37190,34520,1765437965837265
ACK_OPENING,37190,49030,1765437965838358
ACK_OPENING,37190,62256,1765437965848293
ACK_OPENING,64634,6830,1765437965874881
ACK_OPENING,37190,42139,1765437965879114
ACK_OPENING,37190,62450,1765437965880500
ACK_OPENING,37190,61110,1765437965886557
ACK_OPENING,37190,49327,1765437965891875
ACK_OPENING,37190,53729,1765437965902718
ACK_OPENING,37190,53443,1765437965908624
ACK_OPENING,37190,19521,1765437965918698
ACK_OPENING,37190,2352,1765437965919135
ACK_OPENING,37190,24626,1765437965924234
ACK_OPENING,37190,39129,1765437965926285
READY,32550,1765437965931813
ACK_OPENING,34520,32550,1765437965931769
ACK_OPENING,37190,46137,1765437965945227
ACK_OPENING,37190,30888,1765437965948066
ACK_OPENING,37190,64634,1765437965967374
ACK_OPENING,37190,43055,1765437965972343
ACK_OPENING,37190,51797,1765437965985976
ACK_OPENING,37190,20730,1765437965992581
ACK_OPENING,37190,53142,1765437965997457
ACK_OPENING,37190,61724,1765437966001751
ACK_OPENING,37190,52498,1765437966031058
ACK_OPENING,37190,17508,1765437966033948
ACK_OPENING,37190,30805,1765437966039636
ACK_OPENING,48857,9899,1765437966048527
ACK_OPENING,37190,10375,1765437966049415
ACK_OPENING,37190,32744,1765437966053667
ACK_OPENING,37190,24343,1765437966055480
ACK_OPENING,37190,4401,1765437966056705
ACK_OPENING,24343,37190,1765437966136329
ACK_OPENING,49327,14756,1765437966142025
ACK_OPENING,51797,30506,1765437966150555
ACK_OPENING,37190,2983,1765437966166761
ACK_OPENING,37190,3138,1765437966278094
ACK_OPENING,49327,33758,1765437966281506
ACK_OPENING,37190,13669,1765437966304082
ACK_OPENING,53079,10569,1765437966356492
ACK_OPENING,50536,6830,1765437966427284
ACK_OPENING,30888,32550,1765437966535734
ACK_OPENING,37190,24343,1765437966673812
ACK_OPENING,10375,9899,1765437966673833
ACK_OPENING,9899,37190,1765437966701172
ACK_OPENING,53142,14756,1765437966754556
ACK_OPENING,37190,33758,1765437966803839
ACK_OPENING,30805,30506,1765437966957291
ACK_OPENING,2983,10569,1765437966975697
ACK_OPENING,46199,6830,1765437967053677
ACK_OPENING,49030,24343,1765437967241447
ACK_OPENING,46199,9899,1765437967297317
ACK_OPENING,53079,14756,1765437967300784
ACK_OPENING,37190,32550,1765437967323928
ACK_OPENING,37190,33758,1765437967325857
ACK_OPENING,53443,37190,1765437967356022
ACK_OPENING,53079,10569,1765437967568124
ACK_OPENING,37190,30506,1765437967598588
ACK_OPENING,2352,6830,1765437967670563
ACK_OPENING,30888,24343,1765437967746034
ACK_OPENING,52498,14756,1765437967803912
ACK_OPENING,1366,33758,1765437967842417
ACK_OPENING,53079,9899,1765437967914018
ACK_OPENING,37190,32550,1765437967960525
ACK_OPENING,30888,37190,1765437967979421
ACK_OPENING,37190,10569,1765437968187898
ACK_OPENING,37190,30506,1765437968230247
ACK_OPENING,10375,24343,1765437968246683
ACK_OPENING,10375,6830,1765437968287706
ACK_OPENING,53443,14756,1765437968301330
ACK_OPENING,17508,33758,1765437968366268
ACK_OPENING,13669,9899,1765437968465398
ACK_OPENING,39129,37190,1765437968629784
ACK_OPENING,19521,24343,1765437968749410
ACK_OPENING,2352,14756,1765437968787134
ACK_OPENING,37190,10569,1765437968803845
ACK_OPENING,46137,30506,1765437968839621
ACK_OPENING,53729,33758,1765437968872612
ACK_OPENING,37190,6830,1765437968930033
ACK_OPENING,39129,9899,1765437968968278
ACK_OPENING,39202,37190,1765437969244800
ACK_OPENING,39129,24343,1765437969253258
ACK_OPENING,2983,14756,1765437969267511
ACK_OPENING,61724,33758,1765437969437960
ACK_OPENING,4401,4401,1765437969479758
ACK_OPENING,4401,4401,1765437969479914
ACK_OPENING,37190,6830,1765437969635688
ACK_OPENING,8074,10569,1765437969671656
ACK_OPENING,53729,30506,1765437969687645
ACK_OPENING,37190,9899,1765437969703744
ACK_OPENING,4682,4682,1765437969926125
REGISTER,1635,46199|53079|17508|19521|34520|52498|14756|4401|18832|62256|64634|9899|6830|10569|33758|2352|53443|61724|49327|42139|53729|51797|24343|30888|53142|30805|2983|32550|37190|4682|20730|30506|13669|49030|1366|39129|24626|10375|61110|62450|39202|3138|48857|50536|43055|8074|60124|46137|32744,1765437766325793
ACK_OPENING,30506,24343,1765437970116320
ACK_OPENING,4401,2352,1765437970234515
ACK_OPENING,4401,64634,1765437970237605
ACK_OPENING,4401,50536,1765437970239517
ACK_OPENING,4401,8074,1765437970249584
ACK_OPENING,4401,3138,1765437970258047
ACK_OPENING,46137,6830,1765437970262870
ACK_OPENING,4401,53443,1765437970273988
ACK_OPENING,4401,32744,1765437970274568
ACK_OPENING,4401,39202,1765437970274742
ACK_OPENING,4401,19521,1765437970277735
ACK_OPENING,4401,46137,1765437970283680
ACK_OPENING,4401,10375,1765437970284553
ACK_OPENING,4401,34520,1765437970289650
ACK_OPENING,4401,39129,1765437970293234
ACK_OPENING,4401,42139,1765437970296583
ACK_OPENING,37190,14756,1765437970296997
ACK_OPENING,4401,53142,1765437970300763
ACK_OPENING,4401,30805,1765437970317934
ACK_OPENING,4401,30888,1765437970318929
ACK_OPENING,4401,48857,1765437970319594
ACK_OPENING,4401,51797,1765437970324921
ACK_OPENING,4401,62256,1765437970332132
ACK_OPENING,4401,61724,1765437970332941
ACK_OPENING,4401,20730,1765437970334160
ACK_OPENING,4401,61110,1765437970342148
ACK_OPENING,4401,62450,1765437970346355
ACK_OPENING,4401,60124,1765437970355156
ACK_OPENING,39202,30506,1765437970356017
ACK_OPENING,4401,24626,1765437970357128
ACK_OPENING,49030,37190,1765437970369820
ACK_OPENING,64634,10569,1765437970375427
ACK_OPENING,4401,53079,1765437970377258
ACK_OPENING,4401,13669,1765437970382393
ACK_OPENING,4401,49030,1765437970387399
ACK_OPENING,13669,33758,1765437970394755
ACK_OPENING,4401,49327,1765437970404421
ACK_OPENING,4401,46199,1765437970408803
ACK_OPENING,4401,53729,1765437970413433
ACK_OPENING,4401,43055,1765437970413984
ACK_OPENING,4401,17508,1765437970414132
ACK_OPENING,4682,4401,1765437970425368
ACK_OPENING,4401,1366,1765437970437523
ACK_OPENING,4401,2983,1765437970473234
ACK_OPENING,4401,18832,1765437970489087
ACK_OPENING,4401,52498,1765437970491447
ACK_OPENING,4401,32550,1765437970512827
ACK_OPENING,37190,9899,1765437970531759
ACK_OPENING,62450,4682,1765437970579448
ACK_OPENING,8074,24343,1765437970695798
ACK_OPENING,4401,3138,1765437970830917
ACK_OPENING,46199,6830,1765437970832968
ACK_OPENING,4401,2352,1765437970833481
ACK_OPENING,4401,39202,1765437970845259
ACK_OPENING,4401,32744,1765437970846754
ACK_OPENING,4401,53443,1765437970861326
ACK_OPENING,4401,64634,1765437970862201
ACK_OPENING,4401,53142,1765437970875624
ACK_OPENING,4401,19521,1765437970898898
ACK_OPENING,4401,10375,1765437970904425
ACK_OPENING,4401,34520,1765437970910288
ACK_OPENING,4401,8074,1765437970913836
ACK_OPENING,4401,30805,1765437970927345
ACK_OPENING,4401,30888,1765437970933049
ACK_OPENING,4401,48857,1765437970939334
ACK_OPENING,4401,39129,1765437970942837
ACK_OPENING,4401,20730,1765437970951240
ACK_OPENING,4401,61724,1765437970951971
ACK_OPENING,4401,62256,1765437970955617
ACK_OPENING,46199,30506,1765437970957297
ACK_OPENING,4401,61110,1765437970960762
ACK_OPENING,4401,13669,1765437970963548
ACK_OPENING,50536,33758,1765437970966164
ACK_OPENING,4401,46137,1765437970967120
ACK_OPENING,37190,14756,1765437970970794
ACK_OPENING,4401,24626,1765437970974493
ACK_OPENING,4401,49327,1765437970976924
ACK_OPENING,4401,51797,1765437970984250
ACK_OPENING,53443,10569,1765437970991024
ACK_OPENING,4401,53079,1765437970995045
ACK_OPENING,4401,50536,1765437971014033
ACK_OPENING,4401,46199,1765437971017512
ACK_OPENING,4401,37190,1765437971028136
ACK_OPENING,4401,17508,1765437971042992
ACK_OPENING,4401,1366,1765437971056869
ACK_OPENING,4401,2983,1765437971091745
ACK_OPENING,39202,9899,1765437971102204
ACK_OPENING,4401,53729,1765437971106058
ACK_OPENING,4401,60124,1765437971113247
ACK_OPENING,4401,43055,1765437971113888
ACK_OPENING,4401,42139,1765437971131190
ACK_OPENING,4401,62450,1765437971157969
ACK_OPENING,46199,4682,1765437971217529
ACK_OPENING,4401,52498,1765437971268360
ACK_OPENING,4401,32550,1765437971329345
ACK_OPENING,17508,24343,1765437971336070
ACK_OPENING,4682,39202,1765437971416046
ACK_OPENING,4682,2352,1765437971423266
ACK_OPENING,4682,3138,1765437971440121
ACK_OPENING,20730,6830,1765437971442103
ACK_OPENING,4682,32744,1765437971443247
ACK_OPENING,4682,53142,1765437971448318
ACK_OPENING,4682,64634,1765437971460622
ACK_OPENING,4682,8074,1765437971502943
ACK_OPENING,4682,19521,1765437971513591
ACK_OPENING,4682,53443,1765437971518842
ACK_OPENING,4682,34520,1765437971528308
ACK_OPENING,4682,13669,1765437971534358
ACK_OPENING,4682,10375,1765437971537459
ACK_OPENING,4682,61724,1765437971540854
ACK_OPENING,53443,33758,1765437971541852
ACK_OPENING,4401,30506,1765437971547231
ACK_OPENING,4401,49030,1765437971555197
ACK_OPENING,4682,30888,1765437971559257
ACK_OPENING,4682,48857,1765437971562674
ACK_OPENING,4682,46137,1765437971589512
ACK_OPENING,4682,61110,1765437971591181
ACK_OPENING,4682,24626,1765437971595123
ACK_OPENING,4682,50536,1765437971600784
ACK_OPENING,4682,51797,1765437971621333
ACK_OPENING,4682,30805,1765437971624064
ACK_OPENING,4682,62256,1765437971631645
ACK_OPENING,4682,49327,1765437971635288
ACK_OPENING,20730,14756,1765437971636287
READY,14756,1765437971636307
ACK_OPENING,4682,53079,1765437971643817
ACK_OPENING,4401,18832,1765437971655037
ACK_OPENING,4682,46199,1765437971657623
ACK_OPENING,4401,37190,1765437971659964
ACK_OPENING,4682,17508,1765437971663752
ACK_OPENING,4682,2983,1765437971665680
ACK_OPENING,4682,1366,1765437971677618
ACK_OPENING,17508,9899,1765437971679807
ACK_OPENING,4682,39129,1765437971684348
ACK_OPENING,4682,42139,1765437971705081
ACK_OPENING,4682,20730,1765437971708716
ACK_OPENING,61724,10569,1765437971713867
ACK_OPENING,4682,60124,1765437971731938
ACK_OPENING,4682,43055,1765437971733362
ACK_OPENING,4682,53729,1765437971776151
ACK_OPENING,4682,62450,1765437971861433
ACK_OPENING,4682,52498,1765437971887708
ACK_OPENING,51797,4682,1765437971920164
ACK_OPENING,4682,32550,1765437971953110
ACK_OPENING,4401,24343,1765437971957816
ACK_OPENING,4682,39202,1765437971997840
ACK_OPENING,32744,6830,1765437972013536
ACK_OPENING,4682,53142,1765437972028380
ACK_OPENING,4682,64634,1765437972037386
ACK_OPENING,4682,3138,1765437972063158
ACK_OPENING,4682,19521,1765437972105905
ACK_OPENING,4682,13669,1765437972106244
ACK_OPENING,62450,33758,1765437972113509
ACK_OPENING,4682,10375,1765437972116466
ACK_OPENING,4682,8074,1765437972123930
ACK_OPENING,4682,48857,1765437972142621
ACK_OPENING,4682,53443,1765437972148905
ACK_OPENING,42139,30506,1765437972163774
ACK_OPENING,4682,61110,1765437972183159
ACK_OPENING,4682,32744,1765437972183747
ACK_OPENING,4682,2352,1765437972190715
ACK_OPENING,4682,61724,1765437972206765
ACK_OPENING,4682,46137,1765437972215572
ACK_OPENING,4682,62256,1765437972215714
ACK_OPENING,4682,24626,1765437972229621
ACK_OPENING,4682,30805,1765437972235399
ACK_OPENING,4682,51797,1765437972242048
ACK_OPENING,4682,49327,1765437972255255
ACK_OPENING,4682,30888,1765437972259125
ACK_OPENING,4682,2983,1765437972260523
ACK_OPENING,4682,17508,1765437972269311
ACK_OPENING,4682,53079,1765437972272833
ACK_OPENING,4401,14756,1765437972273373
ACK_OPENING,24626,9899,1765437972273408
ACK_OPENING,4682,50536,1765437972275360
ACK_OPENING,4682,42139,1765437972276204
ACK_OPENING,4682,37190,1765437972279300
ACK_OPENING,4682,1366,1765437972298477
ACK_OPENING,46199,10569,1765437972304051
ACK_OPENING,4682,46199,1765437972305936
ACK_OPENING,4682,39129,1765437972311478
ACK_OPENING,4682,34520,1765437972334589
ACK_OPENING,4682,20730,1765437972345720
ACK_OPENING,4682,60124,1765437972351552
ACK_OPENING,4682,49030,1765437972390565
ACK_OPENING,4682,53729,1765437972393102
ACK_OPENING,4682,18832,1765437972436863
ACK_OPENING,4682,43055,1765437972459722
ACK_OPENING,4682,62450,1765437972482143
ACK_OPENING,4682,52498,1765437972505315
ACK_OPENING,13669,4682,1765437972523029
ACK_OPENING,4682,32550,1765437972561483
ACK_OPENING,4401,24343,1765437972578123
ACK_OPENING,2983,6830,1765437972594744
ACK_OPENING,4401,33758,1765437972698915
ACK_OPENING,4401,30506,1765437972769983
ACK_OPENING,20730,10569,1765437972845077
ACK_OPENING,62450,9899,1765437972851629
ACK_OPENING,4401,14756,1765437972894734
ACK_OPENING,4682,37190,1765437972902268
ACK_OPENING,4682,49030,1765437972930325
ACK_OPENING,4682,18832,1765437973039795
ACK_OPENING,61724,6830,1765437973119785
ACK_OPENING,20730,4682,1765437973138797
ACK_OPENING,4682,24343,1765437973196016
ACK_OPENING,4401,33758,1765437973268597
ACK_OPENING,4401,30506,1765437973300701
ACK_OPENING,4401,10569,1765437973361036
ACK_OPENING,61724,9899,1765437973375230
ACK_OPENING,33758,37190,1765437973435234
ACK_OPENING,4682,14756,1765437973482223
ACK_OPENING,3138,6830,1765437973737775
ACK_OPENING,4682,24343,1765437973790776
ACK_OPENING,4682,33758,1765437973801120
ACK_OPENING,4682,30506,1765437973825569
ACK_OPENING,32744,9899,1765437973893092
ACK_OPENING,4401,10569,1765437973902811
ACK_OPENING,4682,14756,1765437974040017
ACK_OPENING,1366,1366,1765437974117209
ACK_OPENING,1366,1366,1765437974117331
ACK_OPENING,1366,37190,1765437974183710
ACK_OPENING,60124,4682,1765437974219695
ACK_OPENING,4682,33758,1765437974549557
ACK_OPENING,4401,6830,1765437974620831
ACK_OPENING,46199,24343,1765437974765018
ACK_OPENING,32550,9899,1765437974772599
ACK_OPENING,1366,18832,1765437974850847
ACK_OPENING,1366,49030,1765437974871913
ACK_OPENING,1366,30888,1765437974881356
ACK_OPENING,1366,62256,1765437974884708
ACK_OPENING,1366,46199,1765437974889894
ACK_OPENING,1366,2983,1765437974908079
ACK_OPENING,1366,3138,1765437974908860
ACK_OPENING,1366,32550,1765437974918750
ACK_OPENING,1635,1635,1765437974939004
ACK_OPENING,1366,20730,1765437974941633
ACK_OPENING,1366,64634,1765437974941923
ACK_OPENING,1366,46137,1765437974942741
ACK_OPENING,1366,53079,1765437974944783
ACK_OPENING,1366,48857,1765437974948453
ACK_OPENING,1366,51797,1765437974953683
ACK_OPENING,1366,52498,1765437974954534
ACK_OPENING,1366,61110,1765437974954979
ACK_OPENING,1366,34520,1765437974955563
ACK_OPENING,1366,19521,1765437974956410
ACK_OPENING,43055,37190,1765437974957967
ACK_OPENING,4682,10569,1765437974960270
ACK_OPENING,1366,13669,1765437974965249
ACK_OPENING,1366,49327,1765437974967765
ACK_OPENING,1366,39129,1765437974968670
ACK_OPENING,1366,14756,1765437974973124
ACK_OPENING,1366,24626,1765437974976453
ACK_OPENING,1366,2352,1765437974980315
ACK_OPENING,1366,43055,1765437974982487
ACK_OPENING,1366,8074,1765437974986281
ACK_OPENING,1366,17508,1765437974987350
ACK_OPENING,4682,30506,1765437974995761
ACK_OPENING,1366,30805,1765437974996743
ACK_OPENING,1366,62450,1765437975007927
ACK_OPENING,1366,4401,1765437975012291
ACK_OPENING,1366,32744,1765437975015967
ACK_OPENING,1366,53443,1765437975017861
ACK_OPENING,1366,60124,1765437975021665
ACK_OPENING,1366,42139,1765437975033743
ACK_OPENING,1366,53142,1765437975040405
ACK_OPENING,1635,1366,1765437975048594
ACK_OPENING,1366,61724,1765437975093058
ACK_OPENING,1366,53729,1765437975106619
ACK_OPENING,1366,39202,1765437975135021
ACK_OPENING,10569,33758,1765437975170800
ACK_OPENING,1366,10375,1765437975201208
ACK_OPENING,1366,50536,1765437975212006
ACK_OPENING,1366,4682,1765437975247696
ACK_OPENING,4401,6830,1765437975353943
ACK_OPENING,4401,9899,1765437975379177
ACK_OPENING,62450,24343,1765437975384459
ACK_OPENING,1366,18832,1765437975438873
ACK_OPENING,1366,49030,1765437975442475
ACK_OPENING,1366,30888,1765437975455313
ACK_OPENING,1366,62256,1765437975460625
ACK_OPENING,1366,2983,1765437975509986
ACK_OPENING,1366,46199,1765437975511150
ACK_OPENING,1366,46137,1765437975518054
ACK_OPENING,1366,3138,1765437975522912
ACK_OPENING,1366,34520,1765437975527172
ACK_OPENING,1366,64634,1765437975528277
ACK_OPENING,1366,61110,1765437975540818
ACK_OPENING,1366,24626,1765437975548719
ACK_OPENING,4682,10569,1765437975548999
ACK_OPENING,1366,43055,1765437975552138
ACK_OPENING,1366,52498,1765437975571991
ACK_OPENING,1366,51797,1765437975572891
ACK_OPENING,30506,37190,1765437975577350
ACK_OPENING,1366,13669,1765437975583720
ACK_OPENING,1366,19521,1765437975585867
ACK_OPENING,1366,49327,1765437975586130
ACK_OPENING,1366,20730,1765437975586506
ACK_OPENING,1366,32744,1765437975591811
ACK_OPENING,1366,39129,1765437975592406
ACK_OPENING,1366,53079,1765437975596838
ACK_OPENING,1366,8074,1765437975604995
ACK_OPENING,1366,17508,1765437975607589
ACK_OPENING,1366,30805,1765437975617432
ACK_OPENING,1366,62450,1765437975627342
ACK_OPENING,1366,48857,1765437975631948
ACK_OPENING,1366,2352,1765437975632338
ACK_OPENING,1366,60124,1765437975637174
ACK_OPENING,1366,53443,1765437975637695
ACK_OPENING,49030,30506,1765437975641339
ACK_OPENING,1366,4401,1765437975666532
ACK_OPENING,1366,14756,1765437975690272
ACK_OPENING,1366,42139,1765437975706594
ACK_OPENING,1366,61724,1765437975712342
ACK_OPENING,1366,53142,1765437975718423
ACK_OPENING,64634,1635,1765437975724585
ACK_OPENING,1366,32550,1765437975744502
ACK_OPENING,1366,10375,1765437975777719
ACK_OPENING,1366,39202,1765437975815176
ACK_OPENING,8074,33758,1765437975816835
ACK_OPENING,1366,50536,1765437975826957
ACK_OPENING,1366,53729,1765437975900899
ACK_OPENING,4682,6830,1765437975977894
ACK_OPENING,4401,9899,1765437976003990
ACK_OPENING,1635,49030,1765437976028379
ACK_OPENING,1635,62256,1765437976035601
ACK_OPENING,1635,18832,1765437976043337
ACK_OPENING,4401,24343,1765437976063560
ACK_OPENING,1635,30888,1765437976066168
ACK_OPENING,1635,2983,1765437976089386
ACK_OPENING,1635,34520,1765437976103837
ACK_OPENING,1635,61110,1765437976119290
ACK_OPENING,1635,24626,1765437976120068
ACK_OPENING,1635,43055,1765437976130042
ACK_OPENING,1635,46199,1765437976130341
ACK_OPENING,1635,64634,1765437976134985
ACK_OPENING,1366,4682,1765437976152833
ACK_OPENING,1635,3138,1765437976157712
ACK_OPENING,1635,51797,1765437976159167
ACK_OPENING,1635,46137,1765437976160976
ACK_OPENING,62450,10569,1765437976163174
ACK_OPENING,1635,32744,1765437976164523
ACK_OPENING,1635,20730,1765437976171721
ACK_OPENING,62450,37190,1765437976194157
ACK_OPENING,1635,13669,1765437976203768
ACK_OPENING,1635,19521,1765437976204788
ACK_OPENING,1635,39129,1765437976213268
ACK_OPENING,1635,62450,1765437976216673
ACK_OPENING,1635,8074,1765437976217375
ACK_OPENING,1635,53079,1765437976221393
ACK_OPENING,1635,17508,1765437976229751
ACK_OPENING,1635,49327,1765437976242023
ACK_OPENING,1635,48857,1765437976250435
ACK_OPENING,1635,53443,1765437976252431
ACK_OPENING,1635,60124,1765437976254448
ACK_OPENING,61110,30506,1765437976254919
ACK_OPENING,1635,2352,1765437976255658
ACK_OPENING,1635,42139,1765437976276467
ACK_OPENING,1635,30805,1765437976283767
ACK_OPENING,1635,4401,1765437976294558
ACK_OPENING,1635,61724,1765437976331113
ACK_OPENING,1635,53142,1765437976339593
ACK_OPENING,6830,1635,1765437976367331
ACK_OPENING,1635,14756,1765437976371028
ACK_OPENING,1635,10375,1765437976375315
ACK_OPENING,1635,39202,1765437976383874
ACK_OPENING,53079,33758,1765437976429676
ACK_OPENING,1635,50536,1765437976444342
ACK_OPENING,1635,53729,1765437976520555
ACK_OPENING,4682,6830,1765437976563601
ACK_OPENING,4682,9899,1765437976616544
ACK_OPENING,1635,52498,1765437976623847
ACK_OPENING,1635,62256,1765437976629437
ACK_OPENING,1635,49030,1765437976645051
ACK_OPENING,1635,30888,1765437976655409
ACK_OPENING,1635,2983,1765437976660351
ACK_OPENING,53079,24343,1765437976667059
ACK_OPENING,1635,34520,1765437976680022
ACK_OPENING,1635,18832,1765437976687330
ACK_OPENING,1635,43055,1765437976703222
ACK_OPENING,1635,24626,1765437976704573
ACK_OPENING,1635,64634,1765437976714501
ACK_OPENING,1635,61110,1765437976725306
ACK_OPENING,1635,32744,1765437976735375
ACK_OPENING,1635,46199,1765437976742679
ACK_OPENING,1635,46137,1765437976759862
ACK_OPENING,1635,51797,1765437976764547
ACK_OPENING,1635,4682,1765437976772600
ACK_OPENING,1635,13669,1765437976776267
ACK_OPENING,1635,3138,1765437976777628
ACK_OPENING,30805,10569,1765437976788490
ACK_OPENING,1635,20730,1765437976799965
ACK_OPENING,1635,53079,1765437976800208
ACK_OPENING,1635,39129,1765437976802237
ACK_OPENING,60124,37190,1765437976819035
ACK_OPENING,1635,19521,1765437976822274
ACK_OPENING,1635,48857,1765437976826643
ACK_OPENING,1635,62450,1765437976828249
ACK_OPENING,1635,8074,1765437976829915
ACK_OPENING,1635,49327,1765437976838334
ACK_OPENING,1635,42139,1765437976849333
ACK_OPENING,1635,17508,1765437976851111
ACK_OPENING,1635,32550,1765437976861262
ACK_OPENING,1635,60124,1765437976865681
ACK_OPENING,1635,2352,1765437976875800
ACK_OPENING,1635,30805,1765437976891931
ACK_OPENING,1635,4401,1765437976894064
ACK_OPENING,1635,53142,1765437976915011
ACK_OPENING,53079,30506,1765437976933913
ACK_OPENING,1635,61724,1765437976949563
ACK_OPENING,1635,39202,1765437976953332
ACK_OPENING,1635,53443,1765437976985493
ACK_OPENING,1635,14756,1765437976989421
ACK_OPENING,1635,10375,1765437976994864
ACK_OPENING,3138,33758,1765437977049885
ACK_OPENING,1635,50536,1765437977062977
ACK_OPENING,53079,1635,1765437977153950
ACK_OPENING,17508,6830,1765437977154801
ACK_OPENING,1635,53729,1765437977182498
ACK_OPENING,4682,9899,1765437977224375
ACK_OPENING,1635,52498,1765437977244691
ACK_OPENING,6830,24343,1765437977298420
ACK_OPENING,1366,37190,1765437977362483
ACK_OPENING,1635,4682,1765437977384557
ACK_OPENING,1635,32550,1765437977386606
ACK_OPENING,6830,10569,1765437977409035
ACK_OPENING,32744,30506,1765437977551370
ACK_OPENING,2352,33758,1765437977626578
ACK_OPENING,61110,6830,1765437977694745
ACK_OPENING,1366,1635,1765437977802028
ACK_OPENING,24626,24343,1765437977816508
ACK_OPENING,52498,9899,1765437977848894
ACK_OPENING,1366,37190,1765437977890726
ACK_OPENING,39129,10569,1765437977962908
ACK_OPENING,30888,4682,1765437978015726
ACK_OPENING,49327,30506,1765437978167498
ACK_OPENING,53729,6830,1765437978217426
ACK_OPENING,60124,33758,1765437978241625
ACK_OPENING,49030,24343,1765437978315627
ACK_OPENING,43055,1635,1765437978414225
ACK_OPENING,1635,37190,1765437978421237
ACK_OPENING,2983,9899,1765437978427654
ACK_OPENING,30888,10569,1765437978483719
ACK_OPENING,42139,4682,1765437978630756
ACK_OPENING,9899,6830,1765437978725231
ACK_OPENING,52498,30506,1765437978729090
ACK_OPENING,1366,24343,1765437978819404
ACK_OPENING,53443,33758,1765437978848119
ACK_OPENING,6830,37190,1765437978936854
ACK_OPENING,53142,1635,1765437979030529
ACK_OPENING,62256,9899,1765437979040049
READY,9899,1765437979040203
ACK_OPENING,46137,10569,1765437979134724
ACK_OPENING,2352,30506,1765437979235304
ACK_OPENING,34520,4682,1765437979245915
ACK_OPENING,1366,24343,1765437979319188
ACK_OPENING,1366,33758,1765437979386008
ACK_OPENING,1635,37190,1765437979459592
ACK_OPENING,53443,6830,1765437979485895
ACK_OPENING,33758,1635,1765437979613244
ACK_OPENING,62450,9899,1765437979669693
ACK_OPENING,46199,10569,1765437979723969
ACK_OPENING,17508,30506,1765437979746953
ACK_OPENING,64634,4682,1765437979799708
ACK_OPENING,1635,24343,1765437979834375
ACK_OPENING,19521,37190,1765437979982972
ACK_OPENING,1366,33758,1765437979985624
ACK_OPENING,48857,6830,1765437980139116
ACK_OPENING,50536,1635,1765437980165426
ACK_OPENING,61724,9899,1765437980250382
ACK_OPENING,1366,30506,1765437980289285
ACK_OPENING,39202,10569,1765437980351638
ACK_OPENING,1635,24343,1765437980379672
ACK_OPENING,53079,4682,1765437980472109
ACK_OPENING,1635,33758,1765437980624157
ACK_OPENING,10569,37190,1765437980710613
ACK_OPENING,37190,1635,1765437980746061
ACK_OPENING,14756,6830,1765437980763616
ACK_OPENING,1366,30506,1765437980811456
ACK_OPENING,1366,9899,1765437980823729
ACK_OPENING,10569,24343,1765437980904292
ACK_OPENING,1366,10569,1765437980976849
ACK_OPENING,1366,4682,1765437981098290
ACK_OPENING,1635,33758,1765437981239421
ACK_OPENING,1635,30506,1765437981322438
ACK_OPENING,8074,37190,1765437981362337
ACK_OPENING,49030,6830,1765437981380694
ACK_OPENING,1366,9899,1765437981405022
ACK_OPENING,20730,24343,1765437981412155
ACK_OPENING,1366,10569,1765437981490707
ACK_OPENING,46137,4682,1765437981687369
ACK_OPENING,46199,1635,1765437981743366
ACK_OPENING,1635,30506,1765437981821685
ACK_OPENING,46199,33758,1765437981841089
ACK_OPENING,1366,24343,1765437981913084
ACK_OPENING,1366,6830,1765437981933747
ACK_OPENING,1635,10569,1765437982011279
ACK_OPENING,53142,37190,1765437982011822
ACK_OPENING,1635,9899,1765437982029305
ACK_OPENING,53443,4682,1765437982308382
ACK_OPENING,53443,30506,1765437982320232
ACK_OPENING,60124,24343,1765437982418001
ACK_OPENING,6830,33758,1765437982448819
ACK_OPENING,1366,6830,1765437982457777
ACK_OPENING,1635,10569,1765437982523853
ACK_OPENING,1635,9899,1765437982616570
ACK_OPENING,10375,37190,1765437982628458
ACK_OPENING,2352,1635,1765437982717378
ACK_OPENING,1366,30506,1765437982816040
ACK_OPENING,62256,24343,1765437982916437
ACK_OPENING,3138,4682,1765437982923609
ACK_OPENING,20730,33758,1765437983028287
ACK_OPENING,1635,6830,1765437983112822
ACK_OPENING,32744,10569,1765437983173757
ACK_OPENING,30888,37190,1765437983243477
ACK_OPENING,53443,30506,1765437983318393
ACK_OPENING,30805,1635,1765437983373397
ACK_OPENING,46137,24343,1765437983420819
ACK_OPENING,61110,4682,1765437983512963
ACK_OPENING,10375,33758,1765437983555302
ACK_OPENING,1635,6830,1765437983729406
ACK_OPENING,30888,10569,1765437983791220
ACK_OPENING,13669,37190,1765437983799160
ACK_OPENING,49030,30506,1765437983824482
ACK_OPENING,3138,1635,1765437984027261
ACK_OPENING,2983,33758,1765437984065353
ACK_OPENING,39202,24343,1765437984069668
ACK_OPENING,4401,4682,1765437984286036
ACK_OPENING,64634,37190,1765437984321663
ACK_OPENING,32550,30506,1765437984338697
ACK_OPENING,60124,6830,1765437984343240
ACK_OPENING,9899,33758,1765437984575970
ACK_OPENING,24626,1635,1765437984677101
ACK_OPENING,46199,24343,1765437984687149
ACK_OPENING,60124,10569,1765437984733011
ACK_OPENING,2983,37190,1765437984841034
ACK_OPENING,53079,30506,1765437984847004
ACK_OPENING,4401,4682,1765437984956062
ACK_OPENING,34520,6830,1765437984995837
ACK_OPENING,2352,33758,1765437985080667
ACK_OPENING,10375,24343,1765437985268603
ACK_OPENING,30888,1635,1765437985304467
ACK_OPENING,49030,37190,1765437985347292
ACK_OPENING,48857,30506,1765437985348889
ACK_OPENING,14756,10569,1765437985488220
ACK_OPENING,33758,4682,1765437985521613
ACK_OPENING,53142,33758,1765437985596582
ACK_OPENING,30888,6830,1765437985644462
ACK_OPENING,32744,24343,1765437985785424
ACK_OPENING,34520,30506,1765437985845351
ACK_OPENING,62256,37190,1765437985866616
ACK_OPENING,19521,1635,1765437985953487
ACK_OPENING,10375,10569,1765437986104597
ACK_OPENING,43055,4682,1765437986136541
ACK_OPENING,62450,6830,1765437986258961
ACK_OPENING,32550,24343,1765437986283220
ACK_OPENING,32744,33758,1765437986321736
ACK_OPENING,30888,30506,1765437986343280
ACK_OPENING,2352,37190,1765437986383698
ACK_OPENING,4401,1635,1765437986601896
ACK_OPENING,48857,10569,1765437986720411
ACK_OPENING,49030,4682,1765437986742452
ACK_OPENING,62450,30506,1765437986840634
ACK_OPENING,30805,6830,1765437986885854
READY,6830,1765437986885923
ACK_OPENING,53079,33758,1765437986890242
ACK_OPENING,51797,37190,1765437986899653
ACK_OPENING,30805,24343,1765437986933825
ACK_OPENING,19521,4682,1765437987273267
ACK_OPENING,39202,1635,1765437987333307
ACK_OPENING,30888,30506,1765437987343584
ACK_OPENING,34520,37190,1765437987431151
ACK_OPENING,2352,6830,1765437987450152
ACK_OPENING,53079,10569,1765437987475235
ACK_OPENING,19521,33758,1765437987488030
ACK_OPENING,61110,24343,1765437987549914
ACK_OPENING,49327,4682,1765437987877020
ACK_OPENING,50536,30506,1765437987879016
ACK_OPENING,30888,1635,1765437987967955
ACK_OPENING,53079,37190,1765437987973583
ACK_OPENING,32550,33758,1765437988096497
ACK_OPENING,50536,10569,1765437988103347
ACK_OPENING,32744,24343,1765437988150057
ACK_OPENING,62256,30506,1765437988469068
ACK_OPENING,61724,37190,1765437988503817
ACK_OPENING,17508,4682,1765437988522121
ACK_OPENING,20730,1635,1765437988623825
ACK_OPENING,4401,33758,1765437988670576
ACK_OPENING,42139,24343,1765437988676971
ACK_OPENING,53142,10569,1765437988781353
ACK_OPENING,61110,37190,1765437989008985
ACK_OPENING,50536,4682,1765437989102984
ACK_OPENING,49030,33758,1765437989168531
ACK_OPENING,3138,30506,1765437989169224
ACK_OPENING,48857,24343,1765437989174479
ACK_OPENING,49327,1635,1765437989276790
ACK_OPENING,46199,37190,1765437989537003
ACK_OPENING,33758,24343,1765437989668750
ACK_OPENING,18832,10569,1765437989755221
ACK_OPENING,62450,30506,1765437989797760
ACK_OPENING,18832,1635,1765437989898212
ACK_OPENING,30805,33758,1765437990024338
ACK_OPENING,20730,37190,1765437990065912
ACK_OPENING,18832,4682,1765437990078854
ACK_OPENING,18832,24343,1765437990172058
ACK_OPENING,53079,30506,1765437990444604
ACK_OPENING,4401,1635,1765437990508333
ACK_OPENING,61724,10569,1765437990552828
ACK_OPENING,53079,37190,1765437990579648
ACK_OPENING,30888,33758,1765437990671224
ACK_OPENING,43055,24343,1765437990684362
ACK_OPENING,48857,4682,1765437990741333
ACK_OPENING,13669,1635,1765437991054927
ACK_OPENING,61724,30506,1765437991058734
ACK_OPENING,10375,37190,1765437991096992
ACK_OPENING,62256,10569,1765437991189722
ACK_OPENING,61724,33758,1765437991286704
ACK_OPENING,49030,4682,1765437991288861
ACK_OPENING,53443,24343,1765437991337542
ACK_OPENING,32744,37190,1765437991614422
ACK_OPENING,62450,1635,1765437991704346
ACK_OPENING,34520,10569,1765437991754864
ACK_OPENING,50536,24343,1765437991880929
ACK_OPENING,53142,33758,1765437991891200
ACK_OPENING,24343,4682,1765437991902532
ACK_OPENING,64634,30506,1765437991946444
READY,10569,1765437992251580
ACK_OPENING,52498,10569,1765437992267060
ACK_OPENING,34520,1635,1765437992321507
ACK_OPENING,48857,37190,1765437992363491
ACK_OPENING,49327,24343,1765437992368402
ACK_OPENING,24626,4682,1765437992518462
ACK_OPENING,53079,33758,1765437992540522
ACK_OPENING,53142,30506,1765437992585348
ACK_OPENING,62450,10569,1765437992757729
ACK_OPENING,2352,24343,1765437992871487
ACK_OPENING,62450,1635,1765437992927025
ACK_OPENING,53729,37190,1765437992983385
ACK_OPENING,10375,4682,1765437993054086
ACK_OPENING,61110,33758,1765437993156491
ACK_OPENING,62450,30506,1765437993157894
ACK_OPENING,39202,24343,1765437993372120
ACK_OPENING,61724,1635,1765437993497778
ACK_OPENING,62450,4682,1765437993560942
ACK_OPENING,62450,37190,1765437993586145
ACK_OPENING,61724,30506,1765437993722542
ACK_OPENING,52498,33758,1765437993769837
ACK_OPENING,30888,24343,1765437993879858
ACK_OPENING,9899,1635,1765437994031422
ACK_OPENING,53142,4682,1765437994047107
ACK_OPENING,30805,37190,1765437994126945
ACK_OPENING,20730,30506,1765437994224294
ACK_OPENING,42139,33758,1765437994303255
ACK_OPENING,53142,24343,1765437994522824
ACK_OPENING,46199,4682,1765437994541895
ACK_OPENING,61724,37190,1765437994655765
ACK_OPENING,10569,1635,1765437994682472
ACK_OPENING,14756,30506,1765437994726843
READY,30506,1765437994726946
ACK_OPENING,62256,33758,1765437994815451
ACK_OPENING,53079,4682,1765437995064823
ACK_OPENING,53443,37190,1765437995176869
ACK_OPENING,60124,1635,1765437995297515
ACK_OPENING,62450,33758,1765437995306551
ACK_OPENING,64634,24343,1765437995323630
ACK_OPENING,61724,4682,1765437995549905
ACK_OPENING,4401,37190,1765437995685102
ACK_OPENING,62450,33758,1765437995805880
ACK_OPENING,39129,1635,1765437995911787
ACK_OPENING,34520,24343,1765437995959316
ACK_OPENING,32744,4682,1765437996055795
ACK_OPENING,48857,33758,1765437996294474
ACK_OPENING,10375,1635,1765437996513067
ACK_OPENING,49327,37190,1765437996575668
ACK_OPENING,53079,24343,1765437996578392
ACK_OPENING,39202,4682,1765437996614773
ACK_OPENING,64634,33758,1765437996773171
ACK_OPENING,4682,1635,1765437997057978
ACK_OPENING,8074,4682,1765437997178850
ACK_OPENING,53729,24343,1765437997196042
ACK_OPENING,2352,37190,1765437997272644
ACK_OPENING,51797,33758,1765437997288179
READY,33758,1765437997288214
ACK_OPENING,53443,1635,1765437997581402
ACK_OPENING,2352,4682,1765437997828887
ACK_OPENING,52498,24343,1765437997849380
ACK_OPENING,17508,37190,1765437997898343
ACK_OPENING,39202,33758,1765437998148066
ACK_OPENING,61110,1635,1765437998278576
ACK_OPENING,53443,24343,1765437998369261
ACK_OPENING,32744,4682,1765437998435905
ACK_OPENING,53142,37190,1765437998476593
ACK_OPENING,1366,1635,1765437998902273
ACK_OPENING,53079,37190,1765437998995998
ACK_OPENING,62450,24343,1765437999019008
ACK_OPENING,32550,4682,1765437999087016
ACK_OPENING,46137,1635,1765437999519490
ACK_OPENING,52498,37190,1765437999526371
ACK_OPENING,2352,24343,1765437999635222
ACK_OPENING,14756,4682,1765437999694585
ACK_OPENING,10375,1635,1765438000112081
ACK_OPENING,3138,37190,1765438000175429
ACK_OPENING,2983,24343,1765438000237534
ACK_OPENING,30805,4682,1765438000296135
ACK_OPENING,49030,1635,1765438000655915
ACK_OPENING,61724,24343,1765438000850465
ACK_OPENING,39129,4682,1765438000915114
ACK_OPENING,18832,37190,1765438001004700
ACK_OPENING,32744,1635,1765438001184410
ACK_OPENING,9899,24343,1765438001500118
READY,24343,1765438001500187
ACK_OPENING,61724,4682,1765438001564428
ACK_OPENING,24626,37190,1765438001653370
ACK_OPENING,42139,1635,1765438001724374
ACK_OPENING,37190,4682,1765438002180223
ACK_OPENING,39202,1635,1765438002246256
ACK_OPENING,14756,37190,1765438002558929
ACK_OPENING,62256,4682,1765438002783464
ACK_OPENING,53142,1635,1765438002798127
ACK_OPENING,32744,37190,1765438003176050
ACK_OPENING,30506,4682,1765438003310626
ACK_OPENING,53079,1635,1765438003622803
ACK_OPENING,62450,37190,1765438003792370
ACK_OPENING,39202,4682,1765438003803687
ACK_OPENING,17508,1635,1765438004269566
ACK_OPENING,62450,4682,1765438004285460
ACK_OPENING,42139,37190,1765438004400876
ACK_OPENING,6830,4682,1765438004784579
ACK_OPENING,52498,1635,1765438004912196
ACK_OPENING,39202,37190,1765438005010437
ACK_OPENING,30888,4682,1765438005264954
ACK_OPENING,8074,1635,1765438005561181
ACK_OPENING,50536,37190,1765438005617867
ACK_OPENING,9899,4682,1765438005743482
ACK_OPENING,46137,37190,1765438006189517
ACK_OPENING,24343,1635,1765438006215058
ACK_OPENING,53142,4682,1765438006230427
ACK_OPENING,46199,37190,1765438006806281
ACK_OPENING,53729,1635,1765438006836637
ACK_OPENING,10569,4682,1765438006878669
ACK_OPENING,48857,1635,1765438007480751
ACK_OPENING,32550,37190,1765438007490352
READY,37190,1765438007490378
ACK_OPENING,2352,4682,1765438007495018
ACK_OPENING,49030,1635,1765438008021427
ACK_OPENING,2983,4682,1765438008169154
ACK_OPENING,53443,1635,1765438008713130
ACK_OPENING,53079,4682,1765438008725571
ACK_OPENING,46199,1635,1765438009355156
ACK_OPENING,52498,4682,1765438009375838
ACK_OPENING,53079,1635,1765438009980018
ACK_OPENING,53729,4682,1765438009992714
READY,4682,1765438009992705
ACK_OPENING,2352,1635,1765438010583893
ACK_OPENING,53443,4682,1765438010606514
ACK_OPENING,2983,1635,1765438011115926
ACK_OPENING,10375,4682,1765438011165725
ACK_OPENING,62450,1635,1765438011636914
ACK_OPENING,62256,1635,1765438012456509
ACK_OPENING,30506,1635,1765438013107426
ACK_OPENING,61724,1635,1765438013723772
ACK_OPENING,51797,1635,1765438014338350
ACK_OPENING,32744,1635,1765438014888666
ACK_OPENING,32550,1635,1765438015486691
READY,1635,1765438016134035
ACK_OPENING,14756,1635,1765438016134114
REGISTER,18156,64634|9899|6830|10569|33758|4401|18832|62256|49327|42139|53729|51797|24343|2352|53443|61724|2983|32550|37190|4682|1635|30888|53142|30805|20730|30506|39129|24626|10375|61110|13669|49030|1366|48857|50536|43055|8074|60124|62450|39202|3138|46137|32744|19521|34520|52498|14756|46199|53079|17508,1765438042644132
ACK_OPENING,17508,17508,1765438046377046
ACK_OPENING,18156,18156,1765438047008782
ACK_OPENING,17508,14756,1765438047165159
ACK_OPENING,17508,32550,1765438047179161
ACK_OPENING,17508,6830,1765438047184146
ACK_OPENING,17508,43055,1765438047204271
ACK_OPENING,17508,18832,1765438047213672
ACK_OPENING,17508,53729,1765438047217431
ACK_OPENING,17508,24626,1765438047221978
ACK_OPENING,17508,10375,1765438047222028
ACK_OPENING,17508,4682,1765438047230806
ACK_OPENING,17508,10569,1765438047231434
ACK_OPENING,17508,13669,1765438047235861
ACK_OPENING,17508,53443,1765438047240437
ACK_OPENING,17508,53079,1765438047248290
ACK_OPENING,17508,24343,1765438047249819
ACK_OPENING,17508,19521,1765438047256253
ACK_OPENING,17508,60124,1765438047257764
ACK_OPENING,17508,30506,1765438047258523
ACK_OPENING,17508,64634,1765438047259970
ACK_OPENING,17508,49030,1765438047260340
ACK_OPENING,17508,49327,1765438047266175
ACK_OPENING,17508,42139,1765438047270569
ACK_OPENING,17508,8074,1765438047279819
ACK_OPENING,17508,61724,1765438047285002
ACK_OPENING,17508,48857,1765438047292504
ACK_OPENING,17508,30805,1765438047293480
ACK_OPENING,17508,4401,1765438047293884
ACK_OPENING,17508,9899,1765438047303407
ACK_OPENING,17508,39202,1765438047305887
ACK_OPENING,17508,30888,1765438047309668
ACK_OPENING,17508,3138,1765438047316509
ACK_OPENING,17508,46137,1765438047317391
ACK_OPENING,17508,53142,1765438047318981
ACK_OPENING,17508,61110,1765438047321007
ACK_OPENING,17508,2352,1765438047329914
ACK_OPENING,17508,34520,1765438047336091
ACK_OPENING,17508,37190,1765438047344259
ACK_OPENING,17508,51797,1765438047359936
ACK_OPENING,17508,39129,1765438047376826
ACK_OPENING,17508,62450,1765438047377691
ACK_OPENING,17508,62256,1765438047378951
ACK_OPENING,17508,1366,1765438047397375
ACK_OPENING,17508,33758,1765438047398894
ACK_OPENING,17508,50536,1765438047412023
ACK_OPENING,17508,1635,1765438047449942
ACK_OPENING,17508,52498,1765438047460289
ACK_OPENING,17508,32744,1765438047465228
ACK_OPENING,17508,20730,1765438047506298
ACK_OPENING,17508,2983,1765438047589188
ACK_OPENING,17508,46199,1765438047602399
ACK_OPENING,4401,18156,1765438047678246
ACK_OPENING,18156,17508,1765438047698616
ACK_OPENING,18156,14756,1765438047771441
ACK_OPENING,18156,13669,1765438047813926
ACK_OPENING,18156,32550,1765438047820189
ACK_OPENING,18156,43055,1765438047827274
ACK_OPENING,18156,18832,1765438047833092
ACK_OPENING,18156,53729,1765438047838544
ACK_OPENING,18156,4682,1765438047844509
ACK_OPENING,18156,10375,1765438047853119
ACK_OPENING,18156,24343,1765438047867804
ACK_OPENING,18156,60124,1765438047876298
ACK_OPENING,18156,19521,1765438047876755
ACK_OPENING,18156,49327,1765438047878658
ACK_OPENING,18156,53443,1765438047886249
ACK_OPENING,18156,30506,1765438047886416
ACK_OPENING,18156,42139,1765438047886983
ACK_OPENING,18156,61724,1765438047902014
ACK_OPENING,18156,4401,1765438047904238
ACK_OPENING,18156,8074,1765438047907048
ACK_OPENING,18156,48857,1765438047920391
ACK_OPENING,18156,49030,1765438047924120
ACK_OPENING,18156,64634,1765438047927347
ACK_OPENING,18156,39202,1765438047936551
ACK_OPENING,18156,46137,1765438047947624
ACK_OPENING,18156,34520,1765438047961062
ACK_OPENING,18156,30888,1765438047977133
ACK_OPENING,18156,61110,1765438047984595
ACK_OPENING,18156,53142,1765438047989905
ACK_OPENING,18156,53079,1765438048004943
ACK_OPENING,18156,9899,1765438048005556
ACK_OPENING,18156,30805,1765438048006056
ACK_OPENING,18156,37190,1765438048020511
ACK_OPENING,18156,62450,1765438048027611
ACK_OPENING,18156,24626,1765438048034651
ACK_OPENING,18156,62256,1765438048039166
ACK_OPENING,18156,39129,1765438048040468
ACK_OPENING,18156,50536,1765438048042459
ACK_OPENING,18156,33758,1765438048046000
ACK_OPENING,18156,10569,1765438048047560
ACK_OPENING,18156,51797,1765438048048246
ACK_OPENING,18156,52498,1765438048067754
ACK_OPENING,18156,2352,1765438048088142
ACK_OPENING,18156,6830,1765438048088822
ACK_OPENING,18156,3138,1765438048094091
ACK_OPENING,18156,32744,1765438048122152
ACK_OPENING,18156,20730,1765438048131769
ACK_OPENING,18156,1635,1765438048136640
ACK_OPENING,18156,2983,1765438048204507
ACK_OPENING,18156,46199,1765438048219802
ACK_OPENING,62450,18156,1765438048250701
ACK_OPENING,18156,1366,1765438048304440
ACK_OPENING,1635,18156,1765438048816690
ACK_OPENING,3138,18156,1765438049438226
ACK_OPENING,48857,18156,1765438050059483
ACK_OPENING,17508,18156,1765438050652344
ACK_OPENING,50536,18156,1765438051271109
ACK_OPENING,53443,18156,1765438051889185
ACK_OPENING,10569,18156,1765438052506807
ACK_OPENING,13669,18156,1765438053126274
ACK_OPENING,53079,18156,1765438053746624
ACK_OPENING,1366,18156,1765438054316593
ACK_OPENING,53142,18156,1765438054858748
ACK_OPENING,4401,18156,1765438055846244
ACK_OPENING,52498,18156,1765438056421060
ACK_OPENING,24626,18156,1765438056925932
ACK_OPENING,6830,18156,1765438057422214
ACK_OPENING,2352,18156,1765438057925388
ACK_OPENING,61724,18156,1765438058569774
ACK_OPENING,19521,18156,1765438059154458
ACK_OPENING,62450,18156,1765438059772284
ACK_OPENING,53079,18156,1765438060388849
ACK_OPENING,49030,18156,1765438061042133
ACK_OPENING,42139,18156,1765438061642198
ACK_OPENING,37190,18156,1765438062182025
ACK_OPENING,24343,18156,1765438062863614
ACK_OPENING,46137,18156,1765438063834301
ACK_OPENING,53142,18156,1765438064511046
ACK_OPENING,46199,18156,1765438065163038
ACK_OPENING,14756,18156,1765438065785296
ACK_OPENING,62256,18156,1765438066402817
ACK_OPENING,39202,18156,1765438067041613
ACK_OPENING,39129,18156,1765438067584019
ACK_OPENING,49327,18156,1765438068231433
ACK_OPENING,60124,18156,1765438068846643
ACK_OPENING,51797,18156,1765438069456364
ACK_OPENING,61110,18156,1765438070012018
ACK_OPENING,39202,18156,1765438070665600
ACK_OPENING,46199,18156,1765438071282992
ACK_OPENING,64634,18156,1765438071900389
ACK_OPENING,53079,18156,1765438072472385
ACK_OPENING,1366,18156,1765438073128628
ACK_OPENING,20730,18156,1765438073745411
ACK_OPENING,32550,18156,1765438074361122
ACK_OPENING,18832,18156,1765438074869355
ACK_OPENING,61724,18156,1765438075367146
ACK_OPENING,32744,18156,1765438076340590
ACK_OPENING,49030,18156,1765438076996207
ACK_OPENING,2352,18156,1765438077647133
ACK_OPENING,62450,18156,1765438078264284
ACK_OPENING,34520,18156,1765438078882329
ACK_OPENING,30888,18156,1765438079433094
ACK_OPENING,53443,18156,1765438079950339
ACK_OPENING,53729,18156,1765438080564010
ACK_OPENING,17508,18156,1765438081214425
ACK_OPENING,8074,18156,1765438081829362
ACK_OPENING,10375,18156,1765438082816156
ACK_OPENING,4682,18156,1765438083400445
ACK_OPENING,33758,18156,1765438083899748
ACK_OPENING,30805,18156,1765438084476050
ACK_OPENING,2983,18156,1765438084990435
ACK_OPENING,30888,18156,1765438085484861
ACK_OPENING,43055,18156,1765438085979994
ACK_OPENING,10375,18156,1765438086471105
ACK_OPENING,32744,18156,1765438086978789
ACK_OPENING,9899,18156,1765438087470332
ACK_OPENING,30506,18156,1765438087968532
READY,18156,1765438087968794
