REGISTER,190,,1765447178785607
REGISTER,63185,190,1765447179579045
ACK_OPENING,190,190,1765447183765593
READY,190,1765447183765689
REGISTER,22050,190|63185,1765447180349169
ACK_OPENING,63185,63185,1765447188169820
ACK_OPENING,63185,190,1765447188692339
READY,63185,1765447188828231
ACK_OPENING,190,63185,1765447188828265
ACK_OPENING,22050,22050,1765447192088560
REGISTER,54720,22050|190|63185,1765447180578738
ACK_OPENING,190,22050,1765447192567270
ACK_OPENING,22050,190,1765447192680664
ACK_OPENING,22050,63185,1765447192707384
ACK_OPENING,63185,22050,1765447193224178
READY,22050,1765447193224259
ACK_OPENING,54720,54720,1765447196086418
REGISTER,6518,190|63185|22050|54720,1765447181785150
ACK_OPENING,54720,22050,1765447196590231
ACK_OPENING,54720,190,1765447196604909
ACK_OPENING,54720,63185,1765447196709313
ACK_OPENING,190,54720,1765447196753713
ACK_OPENING,63185,54720,1765447197373142
READY,54720,1765447198005581
ACK_OPENING,22050,54720,1765447198005622
ACK_OPENING,6518,6518,1765447200822040
REGISTER,33359,6518|190|63185|22050|54720,1765447181949761
ACK_OPENING,6518,63185,1765447201259107
ACK_OPENING,6518,190,1765447201273869
ACK_OPENING,6518,54720,1765447201337091
ACK_OPENING,6518,22050,1765447201375927
ACK_OPENING,63185,6518,1765447201501639
ACK_OPENING,190,6518,1765447202119563
ACK_OPENING,54720,6518,1765447202738145
READY,6518,1765447203278722
ACK_OPENING,22050,6518,1765447203278792
REGISTER,62135,33359|190|63185|22050|54720|6518,1765447182442083
ACK_OPENING,33359,33359,1765447205581751
ACK_OPENING,33359,63185,1765447206039846
ACK_OPENING,33359,54720,1765447206069995
ACK_OPENING,33359,6518,1765447206114874
ACK_OPENING,33359,190,1765447206144113
ACK_OPENING,33359,22050,1765447206210760
ACK_OPENING,6518,33359,1765447206431434
ACK_OPENING,190,33359,1765447207045797
ACK_OPENING,63185,33359,1765447207662346
ACK_OPENING,22050,33359,1765447208233400
READY,33359,1765447208874982
ACK_OPENING,54720,33359,1765447208875102
ACK_OPENING,62135,62135,1765447210217774
REGISTER,42510,190|63185|22050|54720|6518|33359|62135,1765447182491795
ACK_OPENING,62135,63185,1765447210567365
ACK_OPENING,62135,33359,1765447210628075
ACK_OPENING,62135,190,1765447210684051
ACK_OPENING,62135,54720,1765447210684526
ACK_OPENING,62135,22050,1765447210697100
ACK_OPENING,62135,6518,1765447210722045
ACK_OPENING,190,62135,1765447210958178
ACK_OPENING,63185,62135,1765447211815500
ACK_OPENING,22050,62135,1765447212462662
ACK_OPENING,54720,62135,1765447213111592
ACK_OPENING,6518,62135,1765447213727471
ACK_OPENING,42510,42510,1765447214365991
REGISTER,55076,22050|54720|6518|33359|62135|42510|190|63185,1765447182494290
READY,62135,1765447214495520
ACK_OPENING,33359,62135,1765447214495551
ACK_OPENING,42510,6518,1765447214871445
ACK_OPENING,42510,63185,1765447214905085
ACK_OPENING,42510,190,1765447214926179
ACK_OPENING,42510,33359,1765447214928157
ACK_OPENING,190,42510,1765447214982028
ACK_OPENING,42510,22050,1765447214992423
ACK_OPENING,42510,62135,1765447215010959
ACK_OPENING,42510,54720,1765447215038615
ACK_OPENING,33359,42510,1765447215597249
ACK_OPENING,63185,42510,1765447216151886
ACK_OPENING,54720,42510,1765447216631241
ACK_OPENING,6518,42510,1765447217111727
ACK_OPENING,22050,42510,1765447217789879
ACK_OPENING,62135,42510,1765447218429198
READY,42510,1765447218429221
ACK_OPENING,54720,54720,1765447218472814
REGISTER,29854,190|63185|42510|55076|22050|54720|6518|33359|62135,1765447182543354
ACK_OPENING,55076,55076,1765447219089475
ACK_OPENING,54720,6518,1765447219137653
ACK_OPENING,54720,63185,1765447219162642
ACK_OPENING,54720,33359,1765447219168501
ACK_OPENING,55076,54720,1765447219169556
ACK_OPENING,54720,62135,1765447219192502
ACK_OPENING,54720,42510,1765447219245194
ACK_OPENING,54720,22050,1765447219282445
ACK_OPENING,54720,190,1765447219316724
ACK_OPENING,190,55076,1765447219707270
ACK_OPENING,55076,63185,1765447219778127
ACK_OPENING,55076,33359,1765447219784332
ACK_OPENING,55076,6518,1765447219851014
ACK_OPENING,55076,42510,1765447219861584
ACK_OPENING,55076,190,1765447219938989
ACK_OPENING,55076,22050,1765447219967819
ACK_OPENING,55076,62135,1765447220031032
ACK_OPENING,42510,55076,1765447220325109
ACK_OPENING,63185,55076,1765447220887048
ACK_OPENING,62135,55076,1765447221393889
ACK_OPENING,6518,55076,1765447221880851
ACK_OPENING,54720,55076,1765447222370859
ACK_OPENING,22050,55076,1765447222913763
REGISTER,47563,42510|55076|29854|190|63185|6518|33359|62135|22050|54720,1765447182893657
ACK_OPENING,54720,55076,1765447223522662
ACK_OPENING,29854,29854,1765447223616211
ACK_OPENING,29854,33359,1765447223616865
ACK_OPENING,29854,190,1765447223646719
ACK_OPENING,29854,63185,1765447223713441
ACK_OPENING,29854,62135,1765447223741605
ACK_OPENING,29854,54720,1765447223748717
ACK_OPENING,29854,22050,1765447223757472
ACK_OPENING,29854,42510,1765447223847302
ACK_OPENING,29854,6518,1765447223978977
ACK_OPENING,29854,55076,1765447224140421
ACK_OPENING,6518,29854,1765447224234250
READY,55076,1765447224716621
ACK_OPENING,33359,55076,1765447224716700
ACK_OPENING,190,29854,1765447224849683
ACK_OPENING,22050,29854,1765447225438271
ACK_OPENING,33359,29854,1765447226041947
ACK_OPENING,63185,29854,1765447226575506
ACK_OPENING,62135,29854,1765447227064301
ACK_OPENING,42510,29854,1765447227748190
REGISTER,48539,6518|33359|62135|47563|22050|54720|42510|55076|29854|190|63185,1765447183050364
ACK_OPENING,47563,47563,1765447228457685
ACK_OPENING,54720,29854,1765447228486727
ACK_OPENING,47563,42510,1765447228600871
ACK_OPENING,47563,6518,1765447228633285
ACK_OPENING,47563,22050,1765447228647153
ACK_OPENING,47563,190,1765447228702425
ACK_OPENING,47563,33359,1765447228723903
ACK_OPENING,47563,63185,1765447228732154
ACK_OPENING,47563,54720,1765447228749715
ACK_OPENING,47563,62135,1765447228791254
ACK_OPENING,47563,55076,1765447228798664
ACK_OPENING,62135,47563,1765447229089737
ACK_OPENING,47563,29854,1765447229139978
ACK_OPENING,63185,47563,1765447229704188
ACK_OPENING,55076,29854,1765447229769828
READY,29854,1765447229769837
ACK_OPENING,54720,29854,1765447230364403
ACK_OPENING,190,47563,1765447230497633
ACK_OPENING,6518,47563,1765447231147446
ACK_OPENING,54720,47563,1765447231756206
ACK_OPENING,48539,48539,1765447232219074
ACK_OPENING,29854,47563,1765447232416547
REGISTER,30767,190|63185|42510|55076|29854|22050|54720|6518|33359|62135|47563|48539,1765447183286688
ACK_OPENING,48539,42510,1765447232753587
ACK_OPENING,48539,54720,1765447232789922
ACK_OPENING,48539,29854,1765447232802392
ACK_OPENING,48539,62135,1765447232829352
ACK_OPENING,190,48539,1765447232829621
ACK_OPENING,48539,6518,1765447232854168
ACK_OPENING,48539,33359,1765447232909911
ACK_OPENING,48539,63185,1765447232927088
ACK_OPENING,48539,190,1765447232945544
ACK_OPENING,48539,22050,1765447232955131
ACK_OPENING,48539,55076,1765447233001615
ACK_OPENING,54720,47563,1765447233025780
ACK_OPENING,63185,48539,1765447233363608
ACK_OPENING,48539,47563,1765447233604791
ACK_OPENING,42510,48539,1765447233837343
ACK_OPENING,33359,47563,1765447234130554
ACK_OPENING,22050,47563,1765447234638278
ACK_OPENING,62135,48539,1765447234683078
ACK_OPENING,42510,47563,1765447235130893
ACK_OPENING,22050,48539,1765447235482451
READY,47563,1765447235694563
ACK_OPENING,55076,47563,1765447235694590
ACK_OPENING,33359,48539,1765447236147852
REGISTER,32530,54720|6518|33359|62135|47563|48539|30767|22050|63185|42510|55076|29854|190,1765447183578494
ACK_OPENING,30767,30767,1765447236676301
ACK_OPENING,30767,62135,1765447236693288
ACK_OPENING,6518,48539,1765447236726316
ACK_OPENING,30767,6518,1765447236762690
ACK_OPENING,30767,22050,1765447236776253
ACK_OPENING,30767,47563,1765447236779671
ACK_OPENING,30767,29854,1765447236800140
ACK_OPENING,30767,33359,1765447236802439
ACK_OPENING,30767,42510,1765447236804211
ACK_OPENING,30767,54720,1765447236806889
ACK_OPENING,30767,63185,1765447236810074
ACK_OPENING,30767,190,1765447236832594
ACK_OPENING,30767,55076,1765447236945540
ACK_OPENING,30767,48539,1765447237228522
ACK_OPENING,54720,30767,1765447237297874
ACK_OPENING,54720,48539,1765447237854632
ACK_OPENING,54720,30767,1765447237908008
ACK_OPENING,6518,30767,1765447238458539
ACK_OPENING,54720,48539,1765447238503879
ACK_OPENING,47563,30767,1765447238960843
ACK_OPENING,47563,48539,1765447239118410
ACK_OPENING,42510,30767,1765447239609064
ACK_OPENING,55076,48539,1765447240093083
ACK_OPENING,62135,30767,1765447240224111
READY,48539,1765447240813386
ACK_OPENING,29854,48539,1765447240813376
ACK_OPENING,32530,32530,1765447240879710
ACK_OPENING,63185,30767,1765447240994013
REGISTER,12736,190|55076|29854|54720|30767|63185|42510|32530|22050|6518|33359|62135|47563|48539,1765447183780015
ACK_OPENING,32530,42510,1765447241292499
ACK_OPENING,32530,190,1765447241313554
ACK_OPENING,32530,48539,1765447241334116
ACK_OPENING,32530,22050,1765447241369310
ACK_OPENING,32530,63185,1765447241371401
ACK_OPENING,32530,62135,1765447241383982
ACK_OPENING,32530,55076,1765447241387314
ACK_OPENING,32530,54720,1765447241390608
ACK_OPENING,32530,47563,1765447241397081
ACK_OPENING,32530,29854,1765447241426045
ACK_OPENING,32530,6518,1765447241437518
ACK_OPENING,32530,33359,1765447241479006
ACK_OPENING,32530,30767,1765447241533825
ACK_OPENING,6518,32530,1765447241562201
ACK_OPENING,55076,30767,1765447242071876
ACK_OPENING,29854,32530,1765447242178205
ACK_OPENING,22050,30767,1765447242575600
ACK_OPENING,54720,32530,1765447242791970
ACK_OPENING,190,30767,1765447243059231
ACK_OPENING,47563,32530,1765447243360679
ACK_OPENING,33359,30767,1765447243707810
ACK_OPENING,190,32530,1765447243871371
ACK_OPENING,29854,30767,1765447244324813
ACK_OPENING,30767,32530,1765447244357638
ACK_OPENING,54720,32530,1765447244841717
READY,30767,1765447244931640
ACK_OPENING,48539,30767,1765447244931810
ACK_OPENING,33359,32530,1765447245317741
ACK_OPENING,12736,12736,1765447245843118
ACK_OPENING,62135,32530,1765447245869820
REGISTER,42091,6518|33359|62135|47563|48539|12736|22050|55076|29854|190|30767|54720|42510|32530|63185,1765447183782351
ACK_OPENING,12736,29854,1765447246267193
ACK_OPENING,12736,62135,1765447246268625
ACK_OPENING,12736,22050,1765447246269915
ACK_OPENING,12736,190,1765447246270174
ACK_OPENING,12736,30767,1765447246272793
ACK_OPENING,12736,6518,1765447246334970
ACK_OPENING,12736,55076,1765447246369536
ACK_OPENING,12736,33359,1765447246372641
ACK_OPENING,12736,47563,1765447246373264
ACK_OPENING,12736,32530,1765447246377958
ACK_OPENING,12736,54720,1765447246378585
ACK_OPENING,12736,42510,1765447246384431
ACK_OPENING,12736,48539,1765447246396726
ACK_OPENING,12736,63185,1765447246407194
ACK_OPENING,54720,12736,1765447246448632
ACK_OPENING,12736,32530,1765447247021654
ACK_OPENING,62135,12736,1765447247182688
ACK_OPENING,22050,32530,1765447247557743
ACK_OPENING,33359,12736,1765447247798351
ACK_OPENING,55076,32530,1765447248052312
ACK_OPENING,190,12736,1765447248410444
ACK_OPENING,42510,32530,1765447248524804
ACK_OPENING,48539,32530,1765447249009914
ACK_OPENING,22050,12736,1765447249027964
ACK_OPENING,42510,42510,1765447249595106
ACK_OPENING,42510,42510,1765447249595186
ACK_OPENING,63185,32530,1765447249688235
READY,32530,1765447249688263
ACK_OPENING,42510,12736,1765447249816558
REGISTER,34884,42510|32530|63185|6518|33359|62135|47563|48539|12736|22050|55076|29854|190|30767|42091|54720,1765447184002685
ACK_OPENING,42510,30767,1765447250176802
ACK_OPENING,42510,63185,1765447250187110
ACK_OPENING,42510,54720,1765447250236383
ACK_OPENING,42510,22050,1765447250248095
ACK_OPENING,42510,47563,1765447250253854
ACK_OPENING,42510,29854,1765447250255507
ACK_OPENING,42510,6518,1765447250258774
ACK_OPENING,42510,48539,1765447250262487
ACK_OPENING,42510,62135,1765447250273409
ACK_OPENING,42091,32530,1765447250301518
ACK_OPENING,42091,42091,1765447250304658
ACK_OPENING,42091,42510,1765447250327525
ACK_OPENING,42510,190,1765447250340983
ACK_OPENING,42510,55076,1765447250383330
ACK_OPENING,42091,12736,1765447250386228
ACK_OPENING,42510,33359,1765447250624655
ACK_OPENING,42510,63185,1765447250747409
ACK_OPENING,42510,30767,1765447250755324
ACK_OPENING,42091,32530,1765447250837814
ACK_OPENING,42510,6518,1765447250850115
ACK_OPENING,42510,54720,1765447250854760
ACK_OPENING,42510,22050,1765447250863300
ACK_OPENING,42510,29854,1765447250870158
ACK_OPENING,42510,47563,1765447250871476
ACK_OPENING,42510,48539,1765447250878168
ACK_OPENING,190,42091,1765447250880039
ACK_OPENING,42510,62135,1765447250886586
ACK_OPENING,42510,190,1765447250958690
ACK_OPENING,42091,12736,1765447250991296
ACK_OPENING,42510,55076,1765447251000048
ACK_OPENING,42091,63185,1765447251251870
ACK_OPENING,42510,33359,1765447251294024
ACK_OPENING,42091,30767,1765447251308474
ACK_OPENING,42510,32530,1765447251364800
ACK_OPENING,42091,6518,1765447251419073
ACK_OPENING,62135,42091,1765447251425836
ACK_OPENING,42091,22050,1765447251443535
ACK_OPENING,42091,48539,1765447251460936
ACK_OPENING,42091,29854,1765447251472721
ACK_OPENING,42091,54720,1765447251475290
ACK_OPENING,42091,47563,1765447251481001
ACK_OPENING,42091,62135,1765447251526328
ACK_OPENING,42510,12736,1765447251534257
ACK_OPENING,42091,190,1765447251554324
ACK_OPENING,42091,55076,1765447251618704
ACK_OPENING,42091,33359,1765447251913385
ACK_OPENING,42510,32530,1765447252008597
ACK_OPENING,12736,42091,1765447252073253
ACK_OPENING,42510,12736,1765447252172479
ACK_OPENING,30767,42091,1765447252931796
ACK_OPENING,48539,12736,1765447252946726
ACK_OPENING,54720,12736,1765447253561888
ACK_OPENING,42510,42091,1765447253563515
REGISTER,35159,190|55076|29854|54720|30767|42091|34884|63185|42510|32530|47563|48539|12736|22050|6518|33359|62135,1765447184044317
ACK_OPENING,34884,34884,1765447254055256
ACK_OPENING,55076,12736,1765447254254493
ACK_OPENING,54720,42091,1765447254347075
ACK_OPENING,34884,29854,1765447254436396
ACK_OPENING,34884,6518,1765447254497680
ACK_OPENING,34884,55076,1765447254507999
ACK_OPENING,34884,62135,1765447254514315
ACK_OPENING,34884,54720,1765447254527534
ACK_OPENING,34884,47563,1765447254542915
ACK_OPENING,34884,32530,1765447254551039
ACK_OPENING,34884,33359,1765447254599786
ACK_OPENING,34884,22050,1765447254608332
ACK_OPENING,63185,34884,1765447254647110
ACK_OPENING,34884,30767,1765447254670899
ACK_OPENING,34884,48539,1765447254694672
ACK_OPENING,34884,63185,1765447254755755
ACK_OPENING,34884,190,1765447254791417
ACK_OPENING,34884,42510,1765447254797183
ACK_OPENING,29854,12736,1765447254849935
ACK_OPENING,34884,42091,1765447255140379
ACK_OPENING,30767,12736,1765447255467440
ACK_OPENING,190,34884,1765447255570101
ACK_OPENING,34884,42091,1765447255959831
ACK_OPENING,47563,12736,1765447256054052
ACK_OPENING,47563,34884,1765447256376860
ACK_OPENING,32530,12736,1765447256583919
ACK_OPENING,63185,42091,1765447256609614
ACK_OPENING,54720,34884,1765447256991136
ACK_OPENING,22050,42091,1765447257224406
ACK_OPENING,34884,12736,1765447257234923
ACK_OPENING,22050,34884,1765447257612794
ACK_OPENING,6518,42091,1765447257770906
ACK_OPENING,34884,12736,1765447257822687
ACK_OPENING,34884,34884,1765447258294396
ACK_OPENING,29854,34884,1765447258294444
ACK_OPENING,42510,42091,1765447258517153
ACK_OPENING,63185,12736,1765447258627656
REGISTER,12140,54720|30767|42091|34884|35159|63185|42510|32530|22050|6518|33359|62135|47563|48539|12736|190|55076|29854,1765447184401116
ACK_OPENING,35159,35159,1765447258726815
ACK_OPENING,34884,33359,1765447258820634
ACK_OPENING,34884,32530,1765447258860319
ACK_OPENING,34884,42510,1765447258897535
ACK_OPENING,34884,55076,1765447258904783
ACK_OPENING,34884,6518,1765447258916627
ACK_OPENING,34884,54720,1765447258927551
ACK_OPENING,34884,190,1765447258933589
ACK_OPENING,34884,63185,1765447258942446
ACK_OPENING,34884,29854,1765447258959776
ACK_OPENING,34884,47563,1765447258998407
ACK_OPENING,34884,22050,1765447259007652
ACK_OPENING,34884,62135,1765447259018062
ACK_OPENING,30767,34884,1765447259045757
ACK_OPENING,34884,48539,1765447259055995
ACK_OPENING,34884,30767,1765447259059660
ACK_OPENING,54720,42091,1765447259092885
READY,12736,1765447259208597
ACK_OPENING,6518,12736,1765447259225064
ACK_OPENING,54720,35159,1765447259254868
ACK_OPENING,35159,55076,1765447259423689
ACK_OPENING,35159,33359,1765447259459981
ACK_OPENING,35159,32530,1765447259476969
ACK_OPENING,35159,42510,1765447259500933
ACK_OPENING,35159,6518,1765447259529508
ACK_OPENING,35159,29854,1765447259540338
ACK_OPENING,35159,190,1765447259546390
ACK_OPENING,35159,54720,1765447259551208
ACK_OPENING,35159,63185,1765447259558002
ACK_OPENING,35159,22050,1765447259570143
ACK_OPENING,35159,48539,1765447259633966
ACK_OPENING,35159,62135,1765447259639884
ACK_OPENING,35159,30767,1765447259674195
ACK_OPENING,47563,42091,1765447259675886
ACK_OPENING,35159,47563,1765447259685541
ACK_OPENING,42510,34884,1765447259694774
ACK_OPENING,34884,12736,1765447259936665
ACK_OPENING,34884,35159,1765447260095734
ACK_OPENING,34884,42091,1765447260239511
ACK_OPENING,35159,34884,1765447260321770
ACK_OPENING,35159,12736,1765447260557570
ACK_OPENING,42510,35159,1765447260758006
ACK_OPENING,35159,42091,1765447260875448
ACK_OPENING,42091,34884,1765447260930758
ACK_OPENING,32530,42091,1765447261441651
ACK_OPENING,54720,34884,1765447261477101
ACK_OPENING,33359,35159,1765447261587650
ACK_OPENING,32530,34884,1765447261988163
ACK_OPENING,55076,42091,1765447262030253
ACK_OPENING,34884,35159,1765447262349452
REGISTER,44432,47563|48539|12736|22050|6518|33359|62135|190|55076|29854|35159|54720|30767|42091|34884|63185|42510|32530|12140,1765447184438132
ACK_OPENING,12736,34884,1765447262606526
ACK_OPENING,12140,12140,1765447262756638
ACK_OPENING,48539,42091,1765447262894279
ACK_OPENING,12140,22050,1765447262918539
ACK_OPENING,47563,35159,1765447262930745
ACK_OPENING,12140,48539,1765447262940557
ACK_OPENING,12140,55076,1765447262944142
ACK_OPENING,12140,42510,1765447262964305
ACK_OPENING,12140,29854,1765447262978188
ACK_OPENING,12140,190,1765447262980532
ACK_OPENING,12140,33359,1765447262991819
ACK_OPENING,12140,30767,1765447262996201
ACK_OPENING,12140,63185,1765447263014692
ACK_OPENING,12140,6518,1765447263015667
ACK_OPENING,12140,12736,1765447263072502
ACK_OPENING,12140,32530,1765447263090127
ACK_OPENING,12140,54720,1765447263110420
ACK_OPENING,42510,34884,1765447263157597
ACK_OPENING,12140,47563,1765447263206751
ACK_OPENING,48539,12140,1765447263369019
ACK_OPENING,12140,62135,1765447263373461
ACK_OPENING,33359,42091,1765447263470081
ACK_OPENING,12140,35159,1765447263547841
ACK_OPENING,62135,34884,1765447263653886
ACK_OPENING,33359,12140,1765447264016718
ACK_OPENING,29854,42091,1765447264090352
READY,42091,1765447264090339
ACK_OPENING,62135,35159,1765447264130003
ACK_OPENING,12140,34884,1765447264150844
ACK_OPENING,22050,35159,1765447264661631
ACK_OPENING,12140,42091,1765447264724646
ACK_OPENING,63185,12140,1765447264741680
ACK_OPENING,55076,34884,1765447264876341
ACK_OPENING,63185,35159,1765447265167003
ACK_OPENING,6518,12140,1765447265366345
ACK_OPENING,33359,34884,1765447265625695
ACK_OPENING,12736,35159,1765447265645374
ACK_OPENING,32530,12140,1765447265981048
ACK_OPENING,6518,35159,1765447266121420
ACK_OPENING,48539,34884,1765447266546709
REGISTER,41204,54720|30767|42091|34884|35159|63185|42510|32530|12140|12736|44432|22050|6518|33359|62135|47563|48539|190|55076|29854,1765447184563091
ACK_OPENING,190,12140,1765447266720028
ACK_OPENING,44432,44432,1765447266725004
ACK_OPENING,44432,6518,1765447267005178
ACK_OPENING,44432,54720,1765447267019285
ACK_OPENING,44432,42510,1765447267048895
ACK_OPENING,48539,35159,1765447267053524
ACK_OPENING,44432,22050,1765447267058400
ACK_OPENING,44432,29854,1765447267068419
ACK_OPENING,44432,190,1765447267080056
ACK_OPENING,44432,33359,1765447267086668
ACK_OPENING,44432,42091,1765447267094373
ACK_OPENING,44432,32530,1765447267105719
ACK_OPENING,44432,55076,1765447267124559
ACK_OPENING,6518,34884,1765447267149373
READY,34884,1765447267149421
ACK_OPENING,44432,12736,1765447267156980
ACK_OPENING,44432,47563,1765447267179756
ACK_OPENING,44432,63185,1765447267182091
ACK_OPENING,44432,62135,1765447267201548
ACK_OPENING,44432,30767,1765447267248173
ACK_OPENING,12736,44432,1765447267298577
ACK_OPENING,44432,48539,1765447267342744
ACK_OPENING,44432,12140,1765447267347017
ACK_OPENING,44432,34884,1765447267759724
ACK_OPENING,190,35159,1765447267766087
ACK_OPENING,42510,44432,1765447267811037
ACK_OPENING,62135,12140,1765447267962450
ACK_OPENING,190,44432,1765447268320179
ACK_OPENING,42510,12140,1765447268543163
ACK_OPENING,44432,35159,1765447268744817
ACK_OPENING,34884,12140,1765447269292602
ACK_OPENING,62135,44432,1765447269299161
ACK_OPENING,30767,35159,1765447269411025
ACK_OPENING,34884,12140,1765447269935566
ACK_OPENING,48539,44432,1765447269992982
ACK_OPENING,32530,35159,1765447270062463
ACK_OPENING,41204,41204,1765447270305619
REGISTER,48717,12140|63185|42510|32530|62135|47563|48539|12736|44432|22050|6518|33359|190|55076|29854|34884|35159|41204|54720|30767|42091,1765447184648228
ACK_OPENING,12140,44432,1765447270558003
ACK_OPENING,42091,12140,1765447270638144
ACK_OPENING,55076,35159,1765447270642853
ACK_OPENING,41204,32530,1765447270804483
ACK_OPENING,41204,47563,1765447270827970
ACK_OPENING,54720,41204,1765447270828354
ACK_OPENING,41204,29854,1765447270830285
ACK_OPENING,41204,42091,1765447270852846
ACK_OPENING,41204,6518,1765447270854603
ACK_OPENING,41204,22050,1765447270858155
ACK_OPENING,41204,54720,1765447270872083
ACK_OPENING,41204,30767,1765447270891677
ACK_OPENING,41204,62135,1765447270908431
ACK_OPENING,41204,42510,1765447270910786
ACK_OPENING,41204,12736,1765447270928898
ACK_OPENING,41204,33359,1765447270955792
ACK_OPENING,41204,48539,1765447270975208
ACK_OPENING,41204,34884,1765447270989360
ACK_OPENING,41204,190,1765447270998204
ACK_OPENING,41204,63185,1765447271051893
ACK_OPENING,41204,55076,1765447271062969
ACK_OPENING,41204,44432,1765447271177728
ACK_OPENING,35159,12140,1765447271254998
ACK_OPENING,54720,35159,1765447271259411
ACK_OPENING,6518,41204,1765447271476899
ACK_OPENING,41204,44432,1765447271797296
ACK_OPENING,41204,12140,1765447271797557
ACK_OPENING,33359,41204,1765447272034641
ACK_OPENING,41204,35159,1765447272089231
ACK_OPENING,41204,12140,1765447272445625
ACK_OPENING,22050,41204,1765447272663039
ACK_OPENING,29854,35159,1765447272735838
ACK_OPENING,29854,44432,1765447272780517
ACK_OPENING,54720,12140,1765447273061585
ACK_OPENING,29854,41204,1765447273276758
ACK_OPENING,41204,35159,1765447273349816
ACK_OPENING,54720,44432,1765447273437626
ACK_OPENING,54720,12140,1765447273747689
ACK_OPENING,34884,41204,1765447273869724
ACK_OPENING,63185,44432,1765447274059123
ACK_OPENING,42091,35159,1765447274312826
READY,35159,1765447274312918
ACK_OPENING,29854,12140,1765447274372423
ACK_OPENING,62135,41204,1765447274398046
ACK_OPENING,48539,48539,1765447274599176
ACK_OPENING,48539,48539,1765447274611467
ACK_OPENING,34884,44432,1765447274916271
ACK_OPENING,48717,48717,1765447274978718
ACK_OPENING,55076,12140,1765447275007158
REGISTER,16025,190|55076|29854|54720|30767|42091|34884|35159|41204|63185|42510|32530|12140|48717|44432|22050|6518|33359|62135|47563|48539|12736,1765447184856025
ACK_OPENING,42510,35159,1765447275160897
ACK_OPENING,48539,42091,1765447275219027
ACK_OPENING,48539,190,1765447275225378
ACK_OPENING,48539,32530,1765447275239093
ACK_OPENING,48539,22050,1765447275265188
ACK_OPENING,48539,29854,1765447275270681
ACK_OPENING,48539,33359,1765447275275207
ACK_OPENING,48539,12736,1765447275275447
ACK_OPENING,48539,63185,1765447275281462
ACK_OPENING,48539,42510,1765447275298439
ACK_OPENING,48539,34884,1765447275311481
ACK_OPENING,48539,54720,1765447275327634
ACK_OPENING,48539,62135,1765447275345642
ACK_OPENING,190,41204,1765447275345733
ACK_OPENING,48539,6518,1765447275373954
ACK_OPENING,48539,47563,1765447275381495
ACK_OPENING,48539,30767,1765447275383122
ACK_OPENING,48539,55076,1765447275385376
ACK_OPENING,35159,44432,1765447275519367
ACK_OPENING,48717,48539,1765447275532331
ACK_OPENING,48539,48717,1765447275571810
ACK_OPENING,47563,12140,1765447275616175
ACK_OPENING,48539,35159,1765447275776701
ACK_OPENING,48539,29854,1765447275802482
ACK_OPENING,48539,32530,1765447275820441
ACK_OPENING,48539,42091,1765447275839662
ACK_OPENING,48539,22050,1765447275840225
ACK_OPENING,48539,190,1765447275848171
ACK_OPENING,48539,63185,1765447275863400
ACK_OPENING,48539,42510,1765447275871713
ACK_OPENING,48539,33359,1765447275887810
ACK_OPENING,48539,54720,1765447275888295
ACK_OPENING,48539,34884,1765447275931826
ACK_OPENING,48539,6518,1765447275940297
ACK_OPENING,48539,62135,1765447275967400
ACK_OPENING,48539,12736,1765447275978359
ACK_OPENING,48539,47563,1765447275983281
ACK_OPENING,48539,41204,1765447275998279
ACK_OPENING,48539,55076,1765447276001765
ACK_OPENING,48539,30767,1765447276039686
ACK_OPENING,29854,48717,1765447276124141
ACK_OPENING,55076,44432,1765447276138585
ACK_OPENING,42510,12140,1765447276182558
ACK_OPENING,48717,42091,1765447276386651
ACK_OPENING,48717,63185,1765447276389106
ACK_OPENING,48539,35159,1765447276390681
ACK_OPENING,48717,29854,1765447276392623
ACK_OPENING,48717,42510,1765447276429954
ACK_OPENING,48717,22050,1765447276451314
ACK_OPENING,48717,190,1765447276471217
ACK_OPENING,48717,33359,1765447276474462
ACK_OPENING,48717,6518,1765447276497222
ACK_OPENING,48717,54720,1765447276541896
ACK_OPENING,48717,41204,1765447276577365
ACK_OPENING,48717,34884,1765447276583103
ACK_OPENING,48717,47563,1765447276588145
ACK_OPENING,48717,62135,1765447276588409
ACK_OPENING,48717,12736,1765447276598911
ACK_OPENING,48717,55076,1765447276617010
ACK_OPENING,48717,30767,1765447276663284
ACK_OPENING,34884,48717,1765447276709262
ACK_OPENING,48539,44432,1765447276727728
ACK_OPENING,48717,32530,1765447276808817
ACK_OPENING,22050,12140,1765447276820729
ACK_OPENING,48717,63185,1765447276904724
ACK_OPENING,48717,42091,1765447276914602
ACK_OPENING,48717,35159,1765447276942050
ACK_OPENING,48717,42510,1765447276981280
ACK_OPENING,48717,29854,1765447277036807
ACK_OPENING,48717,6518,1765447277048549
ACK_OPENING,48717,33359,1765447277062908
ACK_OPENING,48717,22050,1765447277067234
ACK_OPENING,48717,190,1765447277067620
ACK_OPENING,48539,41204,1765447277102994
ACK_OPENING,48717,54720,1765447277160177
ACK_OPENING,48717,47563,1765447277163282
ACK_OPENING,48717,62135,1765447277169395
ACK_OPENING,48717,34884,1765447277221311
ACK_OPENING,48717,12736,1765447277239390
ACK_OPENING,48717,30767,1765447277250205
ACK_OPENING,48539,44432,1765447277259719
ACK_OPENING,48717,55076,1765447277271419
ACK_OPENING,42091,48717,1765447277327037
ACK_OPENING,48539,12140,1765447277344535
ACK_OPENING,48717,35159,1765447277455585
ACK_OPENING,48717,32530,1765447277458051
ACK_OPENING,48717,41204,1765447277599711
ACK_OPENING,48717,44432,1765447277879784
ACK_OPENING,48539,48717,1765447277932677
ACK_OPENING,48539,12140,1765447277942664
ACK_OPENING,42510,41204,1765447278091207
ACK_OPENING,54720,48717,1765447278468447
ACK_OPENING,48717,44432,1765447278494656
ACK_OPENING,48717,12140,1765447278594231
ACK_OPENING,44432,48717,1765447279112648
ACK_OPENING,30767,41204,1765447279125569
ACK_OPENING,42091,44432,1765447279183593
ACK_OPENING,16025,16025,1765447279247968
REGISTER,13504,12736|44432|22050|6518|33359|62135|47563|48539|190|55076|29854|54720|30767|42091|34884|35159|41204|63185|42510|32530|12140|48717|16025,1765447185093929
ACK_OPENING,48717,12140,1765447279338773
ACK_OPENING,16025,32530,1765447279611635
ACK_OPENING,16025,33359,1765447279619046
ACK_OPENING,16025,63185,1765447279620506
ACK_OPENING,16025,29854,1765447279624588
ACK_OPENING,16025,22050,1765447279638956
ACK_OPENING,16025,35159,1765447279641727
ACK_OPENING,190,48717,1765447279665912
ACK_OPENING,16025,34884,1765447279670933
ACK_OPENING,16025,47563,1765447279671298
ACK_OPENING,16025,42091,1765447279671888
ACK_OPENING,16025,62135,1765447279698453
ACK_OPENING,16025,42510,1765447279741903
ACK_OPENING,16025,6518,1765447279743524
ACK_OPENING,16025,55076,1765447279777327
ACK_OPENING,12736,41204,1765447279792013
ACK_OPENING,16025,48539,1765447279814109
ACK_OPENING,16025,54720,1765447279814192
ACK_OPENING,16025,30767,1765447279816481
ACK_OPENING,16025,12736,1765447279830466
ACK_OPENING,16025,190,1765447279834813
ACK_OPENING,12140,16025,1765447279851158
ACK_OPENING,42510,44432,1765447279949435
ACK_OPENING,30767,12140,1765447279955392
ACK_OPENING,16025,48717,1765447280229103
ACK_OPENING,34884,41204,1765447280407117
ACK_OPENING,32530,16025,1765447280437714
ACK_OPENING,32530,44432,1765447280569055
READY,12140,1765447280577045
ACK_OPENING,12736,12140,1765447280577153
ACK_OPENING,22050,48717,1765447280718230
ACK_OPENING,42091,41204,1765447281009554
ACK_OPENING,34884,16025,1765447281116337
ACK_OPENING,16025,12140,1765447281146523
ACK_OPENING,54720,44432,1765447281189852
ACK_OPENING,6518,48717,1765447281261242
ACK_OPENING,63185,41204,1765447281624150
ACK_OPENING,16025,12140,1765447281658631
ACK_OPENING,54720,16025,1765447281731376
ACK_OPENING,33359,44432,1765447281777996
ACK_OPENING,42510,48717,1765447281822853
ACK_OPENING,16025,41204,1765447282234556
ACK_OPENING,22050,44432,1765447282299013
ACK_OPENING,48539,16025,1765447282368483
ACK_OPENING,32530,48717,1765447282417342
ACK_OPENING,16025,41204,1765447282763233
ACK_OPENING,30767,16025,1765447282984725
ACK_OPENING,33359,48717,1765447283181782
ACK_OPENING,13504,13504,1765447283208553
ACK_OPENING,47563,44432,1765447283281069
REGISTER,7052,55076|29854|190|30767|42091|34884|35159|41204|13504|54720|42510|32530|12140|48717|16025|63185|6518|33359|62135|47563|48539|12736|44432|22050,1765447185114045
ACK_OPENING,22050,16025,1765447283582289
ACK_OPENING,35159,41204,1765447283588969
ACK_OPENING,13504,29854,1765447283746302
ACK_OPENING,13504,47563,1765447283751709
ACK_OPENING,13504,32530,1765447283775978
ACK_OPENING,13504,48539,1765447283799591
ACK_OPENING,13504,12736,1765447283801220
ACK_OPENING,13504,55076,1765447283811775
ACK_OPENING,13504,12140,1765447283822453
ACK_OPENING,16025,44432,1765447283827433
ACK_OPENING,34884,13504,1765447283852948
ACK_OPENING,13504,6518,1765447283854732
ACK_OPENING,13504,190,1765447283858238
ACK_OPENING,13504,62135,1765447283931087
ACK_OPENING,13504,54720,1765447283949043
ACK_OPENING,13504,42091,1765447283949417
ACK_OPENING,13504,30767,1765447283952234
ACK_OPENING,13504,33359,1765447283960718
ACK_OPENING,13504,63185,1765447283974436
ACK_OPENING,13504,34884,1765447283986137
ACK_OPENING,63185,48717,1765447283999658
ACK_OPENING,13504,35159,1765447284072420
ACK_OPENING,13504,42510,1765447284168397
ACK_OPENING,13504,22050,1765447284178215
ACK_OPENING,13504,16025,1765447284198114
ACK_OPENING,54720,41204,1765447284202885
ACK_OPENING,16025,44432,1765447284334434
ACK_OPENING,190,13504,1765447284446268
ACK_OPENING,13504,48717,1765447284615015
ACK_OPENING,55076,41204,1765447284807528
ACK_OPENING,55076,16025,1765447284818490
ACK_OPENING,30767,44432,1765447284836859
ACK_OPENING,34884,13504,1765447285037542
ACK_OPENING,34884,48717,1765447285189725
ACK_OPENING,44432,16025,1765447285313041
ACK_OPENING,6518,44432,1765447285330075
READY,44432,1765447285330137
ACK_OPENING,12140,41204,1765447285462337
ACK_OPENING,12140,13504,1765447285659356
ACK_OPENING,12736,48717,1765447285758557
ACK_OPENING,42510,16025,1765447285790099
ACK_OPENING,34884,44432,1765447285832815
ACK_OPENING,47563,41204,1765447286077765
ACK_OPENING,22050,13504,1765447286287125
ACK_OPENING,63185,16025,1765447286287784
ACK_OPENING,35159,48717,1765447286290150
ACK_OPENING,13504,44432,1765447286337699
ACK_OPENING,48539,41204,1765447286693751
ACK_OPENING,29854,16025,1765447286762770
ACK_OPENING,62135,48717,1765447286800281
ACK_OPENING,32530,13504,1765447286843862
ACK_OPENING,32530,41204,1765447287323635
ACK_OPENING,6518,6518,1765447287365079
ACK_OPENING,42091,16025,1765447287545738
REGISTER,35901,190|55076|29854|54720|30767|42091|34884|35159|41204|13504|63185|42510|32530|12140|48717|16025|7052|22050|6518|33359|62135|47563|48539|12736|44432,1765447185242026
ACK_OPENING,6518,13504,1765447287708403
ACK_OPENING,12140,48717,1765447287772894
ACK_OPENING,13504,41204,1765447287891361
ACK_OPENING,6518,190,1765447287976137
ACK_OPENING,6518,22050,1765447287980063
ACK_OPENING,6518,48539,1765447287983594
ACK_OPENING,6518,44432,1765447287993200
ACK_OPENING,6518,12140,1765447287994210
ACK_OPENING,7052,7052,1765447288031812
ACK_OPENING,6518,32530,1765447288033901
ACK_OPENING,6518,62135,1765447288036745
ACK_OPENING,6518,42510,1765447288048246
ACK_OPENING,6518,29854,1765447288054001
ACK_OPENING,6518,35159,1765447288067166
ACK_OPENING,6518,12736,1765447288077148
ACK_OPENING,6518,47563,1765447288078617
ACK_OPENING,6518,54720,1765447288096746
ACK_OPENING,6518,63185,1765447288104328
ACK_OPENING,6518,34884,1765447288109883
ACK_OPENING,7052,6518,1765447288131547
ACK_OPENING,6518,55076,1765447288137845
ACK_OPENING,6518,30767,1765447288154318
ACK_OPENING,6518,42091,1765447288170457
ACK_OPENING,6518,33359,1765447288220514
ACK_OPENING,6518,13504,1765447288312529
ACK_OPENING,34884,16025,1765447288392924
ACK_OPENING,42510,48717,1765447288399481
READY,41204,1765447288433569
ACK_OPENING,44432,41204,1765447288447642
ACK_OPENING,7052,190,1765447288527803
ACK_OPENING,7052,32530,1765447288581073
ACK_OPENING,7052,62135,1765447288584902
ACK_OPENING,7052,22050,1765447288585297
ACK_OPENING,7052,44432,1765447288593309
ACK_OPENING,7052,12140,1765447288611513
ACK_OPENING,7052,48539,1765447288620295
ACK_OPENING,7052,12736,1765447288634845
ACK_OPENING,7052,29854,1765447288670739
ACK_OPENING,7052,35159,1765447288681950
ACK_OPENING,7052,42510,1765447288701270
ACK_OPENING,7052,63185,1765447288708033
ACK_OPENING,30767,7052,1765447288714837
ACK_OPENING,7052,54720,1765447288717937
ACK_OPENING,7052,47563,1765447288731879
ACK_OPENING,7052,30767,1765447288738831
ACK_OPENING,7052,34884,1765447288746891
ACK_OPENING,7052,55076,1765447288752747
ACK_OPENING,47563,48717,1765447289000849
ACK_OPENING,7052,33359,1765447289039904
ACK_OPENING,30767,13504,1765447289074029
ACK_OPENING,7052,16025,1765447289086381
ACK_OPENING,42510,41204,1765447289091615
ACK_OPENING,7052,42091,1765447289136719
ACK_OPENING,63185,7052,1765447289332739
ACK_OPENING,7052,48717,1765447289527051
ACK_OPENING,6518,16025,1765447289663585
ACK_OPENING,7052,13504,1765447289704215
ACK_OPENING,7052,41204,1765447289715683
ACK_OPENING,12736,7052,1765447289919375
ACK_OPENING,6518,48717,1765447290020990
ACK_OPENING,42510,16025,1765447290279593
ACK_OPENING,47563,13504,1765447290321306
ACK_OPENING,6518,41204,1765447290332735
ACK_OPENING,41204,48717,1765447290523228
ACK_OPENING,48539,7052,1765447290540535
ACK_OPENING,62135,16025,1765447290923167
ACK_OPENING,33359,13504,1765447290973552
ACK_OPENING,54720,48717,1765447291031713
ACK_OPENING,41204,7052,1765447291068207
ACK_OPENING,41204,16025,1765447291588914
ACK_OPENING,55076,48717,1765447291592300
ACK_OPENING,48539,13504,1765447291624396
ACK_OPENING,34884,7052,1765447291755277
ACK_OPENING,35901,35901,1765447292069993
REGISTER,31717,6518|33359|62135|47563|48539|12736|44432|22050|55076|29854|190|30767|42091|34884|35159|41204|13504|35901|54720|42510|32530|12140|48717|16025|7052|63185,1765447185521696
ACK_OPENING,35159,13504,1765447292226257
ACK_OPENING,6518,16025,1765447292287803
ACK_OPENING,16025,7052,1765447292353124
ACK_OPENING,35901,22050,1765447292386485
READY,48717,1765447292387919
ACK_OPENING,30767,48717,1765447292387946
ACK_OPENING,35901,63185,1765447292407692
ACK_OPENING,35901,54720,1765447292413550
ACK_OPENING,35901,55076,1765447292415091
ACK_OPENING,35901,44432,1765447292420148
ACK_OPENING,35901,29854,1765447292430955
ACK_OPENING,35901,62135,1765447292443958
ACK_OPENING,35901,190,1765447292484292
ACK_OPENING,35901,42510,1765447292495550
ACK_OPENING,35901,41204,1765447292504659
ACK_OPENING,35901,35159,1765447292505377
ACK_OPENING,35901,12140,1765447292510561
ACK_OPENING,35901,6518,1765447292516331
ACK_OPENING,35901,32530,1765447292517737
ACK_OPENING,35901,33359,1765447292529607
ACK_OPENING,35901,47563,1765447292575802
ACK_OPENING,35901,30767,1765447292593039
ACK_OPENING,35901,48539,1765447292595629
ACK_OPENING,35901,42091,1765447292631081
ACK_OPENING,35901,12736,1765447292633146
ACK_OPENING,42510,35901,1765447292668632
ACK_OPENING,35901,34884,1765447292739831
ACK_OPENING,48539,13504,1765447292845238
ACK_OPENING,35901,7052,1765447292912759
ACK_OPENING,35901,48717,1765447292981581
ACK_OPENING,190,16025,1765447293009609
ACK_OPENING,63185,35901,1765447293267611
ACK_OPENING,54720,13504,1765447293456411
ACK_OPENING,54720,7052,1765447293474590
ACK_OPENING,54720,16025,1765447293628043
ACK_OPENING,54720,35901,1765447293873349
ACK_OPENING,6518,7052,1765447293984814
ACK_OPENING,35901,13504,1765447293986990
ACK_OPENING,35159,16025,1765447294243106
ACK_OPENING,33359,35901,1765447294405126
ACK_OPENING,62135,13504,1765447294501934
ACK_OPENING,44432,7052,1765447294601382
ACK_OPENING,35901,16025,1765447294807448
ACK_OPENING,34884,35901,1765447294915550
ACK_OPENING,48717,13504,1765447295132929
ACK_OPENING,42091,7052,1765447295135180
ACK_OPENING,33359,16025,1765447295303917
ACK_OPENING,44432,35901,1765447295402609
ACK_OPENING,48539,7052,1765447295638509
ACK_OPENING,12736,13504,1765447295747034
ACK_OPENING,48539,16025,1765447295780015
ACK_OPENING,12140,35901,1765447295894325
ACK_OPENING,54720,7052,1765447296197857
ACK_OPENING,30767,30767,1765447296306515
ACK_OPENING,48717,16025,1765447296399661
ACK_OPENING,63185,13504,1765447296630984
ACK_OPENING,29854,35901,1765447296647611
ACK_OPENING,31717,31717,1765447296675574
REGISTER,50892,32530|12140|7052|63185|42510|6518|29854|42091|35159|13504|54720|30767|48717|16025|33359|62135|47563|48539|12736|44432|22050|31717|190|55076|35901|34884|41204,1765447185547813
ACK_OPENING,30767,32530,1765447296930609
ACK_OPENING,22050,7052,1765447296936495
ACK_OPENING,30767,48717,1765447296941786
ACK_OPENING,30767,35159,1765447296942413
ACK_OPENING,30767,42091,1765447296951316
ACK_OPENING,30767,48539,1765447296971540
ACK_OPENING,30767,63185,1765447296978594
ACK_OPENING,30767,42510,1765447296979639
ACK_OPENING,30767,29854,1765447296986643
ACK_OPENING,30767,12140,1765447296987307
ACK_OPENING,30767,6518,1765447297013089
ACK_OPENING,30767,44432,1765447297025133
ACK_OPENING,30767,55076,1765447297030373
ACK_OPENING,30767,190,1765447297034905
ACK_OPENING,30767,62135,1765447297038725
ACK_OPENING,30767,12736,1765447297046219
ACK_OPENING,30767,54720,1765447297052904
ACK_OPENING,30767,22050,1765447297079815
ACK_OPENING,30767,47563,1765447297085099
ACK_OPENING,30767,33359,1765447297132834
ACK_OPENING,30767,34884,1765447297136497
ACK_OPENING,47563,16025,1765447297138245
ACK_OPENING,31717,30767,1765447297157521
ACK_OPENING,54720,13504,1765447297242840
ACK_OPENING,47563,31717,1765447297262349
ACK_OPENING,31717,35901,1765447297263407
ACK_OPENING,30767,41204,1765447297455550
ACK_OPENING,31717,32530,1765447297476384
ACK_OPENING,31717,35159,1765447297485778
ACK_OPENING,31717,42091,1765447297488386
ACK_OPENING,31717,63185,1765447297520453
ACK_OPENING,31717,48717,1765447297560047
ACK_OPENING,62135,7052,1765447297575922
ACK_OPENING,31717,48539,1765447297587362
ACK_OPENING,31717,29854,1765447297601772
ACK_OPENING,31717,62135,1765447297618145
ACK_OPENING,31717,42510,1765447297625431
ACK_OPENING,31717,6518,1765447297628694
ACK_OPENING,31717,55076,1765447297629424
ACK_OPENING,31717,54720,1765447297640043
ACK_OPENING,31717,190,1765447297652172
ACK_OPENING,31717,33359,1765447297661048
ACK_OPENING,31717,12736,1765447297663624
ACK_OPENING,31717,12140,1765447297667280
ACK_OPENING,31717,22050,1765447297698117
ACK_OPENING,31717,47563,1765447297704907
ACK_OPENING,31717,34884,1765447297752124
ACK_OPENING,12736,16025,1765447297771779
READY,16025,1765447297771816
ACK_OPENING,31717,44432,1765447297779396
ACK_OPENING,41204,31717,1765447297835937
ACK_OPENING,42091,13504,1765447297868816
ACK_OPENING,30767,35901,1765447297880913
ACK_OPENING,31717,41204,1765447298158089
ACK_OPENING,31717,7052,1765447298225005
ACK_OPENING,44432,31717,1765447298347166
ACK_OPENING,31717,16025,1765447298375040
ACK_OPENING,42510,13504,1765447298474447
ACK_OPENING,190,35901,1765447298481967
ACK_OPENING,6518,31717,1765447298851177
ACK_OPENING,30767,16025,1765447298911950
ACK_OPENING,30767,7052,1765447298969782
ACK_OPENING,31717,13504,1765447299130239
ACK_OPENING,42091,35901,1765447299135044
ACK_OPENING,12140,31717,1765447299364099
ACK_OPENING,13504,7052,1765447299587191
ACK_OPENING,62135,35901,1765447299714633
ACK_OPENING,30767,13504,1765447299813312
ACK_OPENING,42510,31717,1765447300008757
ACK_OPENING,190,7052,1765447300201223
ACK_OPENING,47563,35901,1765447300328210
ACK_OPENING,41204,13504,1765447300612532
ACK_OPENING,42091,31717,1765447300768433
REGISTER,17595,16025|48717|33359|62135|47563|48539|12736|44432|22050|55076|31717|190|41204|35901|34884|42510|32530|12140|7052|63185|6518|29854|30767|42091|35159|13504|50892|54720,1765447185589304
ACK_OPENING,48717,7052,1765447301000069
ACK_OPENING,50892,50892,1765447301053918
ACK_OPENING,48539,35901,1765447301169203
ACK_OPENING,50892,42091,1765447301285890
ACK_OPENING,50892,16025,1765447301322590
ACK_OPENING,50892,33359,1765447301334166
ACK_OPENING,16025,13504,1765447301334319
ACK_OPENING,50892,35159,1765447301337222
ACK_OPENING,50892,48717,1765447301344909
ACK_OPENING,50892,29854,1765447301358585
ACK_OPENING,50892,32530,1765447301363328
ACK_OPENING,34884,31717,1765447301365512
ACK_OPENING,50892,44432,1765447301379590
ACK_OPENING,50892,42510,1765447301381727
ACK_OPENING,50892,190,1765447301384189
ACK_OPENING,50892,12736,1765447301386266
ACK_OPENING,50892,30767,1765447301390810
ACK_OPENING,50892,22050,1765447301395307
ACK_OPENING,50892,41204,1765447301399735
ACK_OPENING,50892,6518,1765447301405401
ACK_OPENING,50892,54720,1765447301406451
ACK_OPENING,50892,55076,1765447301420387
ACK_OPENING,50892,62135,1765447301421783
ACK_OPENING,50892,63185,1765447301452236
ACK_OPENING,50892,48539,1765447301459940
ACK_OPENING,50892,34884,1765447301468115
ACK_OPENING,50892,12140,1765447301474397
ACK_OPENING,50892,47563,1765447301489343
ACK_OPENING,30767,50892,1765447301670160
ACK_OPENING,55076,7052,1765447301677249
ACK_OPENING,30767,35901,1765447301798433
ACK_OPENING,50892,31717,1765447301875107
ACK_OPENING,44432,13504,1765447301954717
ACK_OPENING,62135,50892,1765447302277389
ACK_OPENING,63185,31717,1765447302376458
ACK_OPENING,6518,7052,1765447302414117
ACK_OPENING,48717,35901,1765447302415332
ACK_OPENING,42510,13504,1765447302503988
ACK_OPENING,6518,50892,1765447302822259
ACK_OPENING,54720,31717,1765447302881122
ACK_OPENING,50892,35901,1765447303025818
ACK_OPENING,42510,7052,1765447303034865
ACK_OPENING,55076,13504,1765447303153606
ACK_OPENING,29854,50892,1765447303316521
ACK_OPENING,30767,31717,1765447303389795
ACK_OPENING,50892,7052,1765447303651595
ACK_OPENING,32530,35901,1765447303675152
ACK_OPENING,29854,13504,1765447303728149
READY,13504,1765447303728125
ACK_OPENING,12736,50892,1765447303784958
ACK_OPENING,34884,31717,1765447304015717
ACK_OPENING,42510,7052,1765447304188450
ACK_OPENING,22050,50892,1765447304263447
ACK_OPENING,50892,13504,1765447304339285
ACK_OPENING,22050,35901,1765447304420166
ACK_OPENING,42510,31717,1765447304696220
ACK_OPENING,29854,7052,1765447304872262
ACK_OPENING,33359,50892,1765447304907705
REGISTER,28415,6518|29854|42091|35159|13504|50892|54720|30767|48717|16025|62135|47563|48539|12736|44432|22050|33359|31717|190|55076|35901|34884|41204|32530|12140|7052|17595|63185|42510,1765447185721317
ACK_OPENING,54720,35901,1765447305258480
ACK_OPENING,17595,17595,1765447305372976
ACK_OPENING,13504,31717,1765447305379536
ACK_OPENING,17595,44432,1765447305408980
ACK_OPENING,17595,22050,1765447305439227
ACK_OPENING,17595,33359,1765447305443253
ACK_OPENING,35159,7052,1765447305451909
ACK_OPENING,17595,6518,1765447305461690
ACK_OPENING,17595,42510,1765447305462132
ACK_OPENING,17595,41204,1765447305464421
ACK_OPENING,17595,42091,1765447305468964
ACK_OPENING,17595,32530,1765447305471316
ACK_OPENING,17595,62135,1765447305471523
ACK_OPENING,17595,48539,1765447305492481
ACK_OPENING,17595,47563,1765447305509028
ACK_OPENING,17595,50892,1765447305534705
ACK_OPENING,17595,190,1765447305540693
ACK_OPENING,17595,54720,1765447305541025
ACK_OPENING,17595,12140,1765447305563159
ACK_OPENING,17595,63185,1765447305563252
ACK_OPENING,17595,55076,1765447305568825
ACK_OPENING,17595,35159,1765447305587208
ACK_OPENING,17595,12736,1765447305613993
ACK_OPENING,17595,29854,1765447305630736
ACK_OPENING,17595,16025,1765447305644309
ACK_OPENING,17595,34884,1765447305663068
ACK_OPENING,17595,13504,1765447305671517
ACK_OPENING,17595,48717,1765447305698909
ACK_OPENING,17595,30767,1765447305714320
ACK_OPENING,41204,35901,1765447305874489
ACK_OPENING,34884,17595,1765447305956560
ACK_OPENING,33359,7052,1765447305999286
ACK_OPENING,17595,31717,1765447306027091
ACK_OPENING,63185,50892,1765447306125578
ACK_OPENING,55076,35901,1765447306477166
ACK_OPENING,30767,17595,1765447306573049
ACK_OPENING,34884,7052,1765447306648293
ACK_OPENING,29854,31717,1765447306677628
ACK_OPENING,48539,50892,1765447306691487
ACK_OPENING,42510,35901,1765447307019657
ACK_OPENING,41204,17595,1765447307188172
ACK_OPENING,34884,50892,1765447307197474
ACK_OPENING,12140,7052,1765447307263219
ACK_OPENING,32530,31717,1765447307424821
ACK_OPENING,17595,35901,1765447307534819
ACK_OPENING,62135,17595,1765447307749452
ACK_OPENING,44432,50892,1765447307837414
ACK_OPENING,30767,31717,1765447308046211
ACK_OPENING,16025,35901,1765447308079195
ACK_OPENING,17595,7052,1765447308189531
ACK_OPENING,42091,17595,1765447308283634
ACK_OPENING,42091,50892,1765447308378428
ACK_OPENING,34884,35901,1765447308646687
ACK_OPENING,22050,31717,1765447308660768
ACK_OPENING,7052,17595,1765447308832901
ACK_OPENING,47563,7052,1765447308992421
ACK_OPENING,16025,50892,1765447309013318
REGISTER,46433,31717|190|55076|35901|34884|41204|32530|12140|7052|17595|63185|42510|6518|29854|42091|35159|13504|50892|28415|54720|30767|48717|16025|62135|47563|48539|12736|44432|22050|33359,1765447186027108
ACK_OPENING,28415,28415,1765447309287797
ACK_OPENING,6518,35901,1765447309290335
ACK_OPENING,7052,31717,1765447309415904
ACK_OPENING,42510,17595,1765447309469062
READY,7052,1765447309551084
ACK_OPENING,32530,7052,1765447309567101
ACK_OPENING,28415,41204,1765447309635736
ACK_OPENING,28415,33359,1765447309642152
ACK_OPENING,190,50892,1765447309653212
ACK_OPENING,28415,190,1765447309664347
ACK_OPENING,28415,62135,1765447309672126
ACK_OPENING,28415,22050,1765447309686038
ACK_OPENING,28415,16025,1765447309688165
ACK_OPENING,28415,13504,1765447309725912
ACK_OPENING,28415,35159,1765447309740883
ACK_OPENING,28415,29854,1765447309741879
ACK_OPENING,28415,44432,1765447309763576
ACK_OPENING,28415,55076,1765447309766078
ACK_OPENING,28415,12140,1765447309768856
ACK_OPENING,28415,32530,1765447309777475
ACK_OPENING,28415,30767,1765447309793780
ACK_OPENING,28415,6518,1765447309812882
ACK_OPENING,29854,28415,1765447309830901
ACK_OPENING,28415,47563,1765447309832376
ACK_OPENING,28415,12736,1765447309859159
ACK_OPENING,28415,34884,1765447309861600
ACK_OPENING,28415,48717,1765447309873065
ACK_OPENING,28415,42091,1765447309877189
ACK_OPENING,28415,63185,1765447309888547
ACK_OPENING,28415,54720,1765447309895395
ACK_OPENING,28415,48539,1765447309914782
ACK_OPENING,6518,35901,1765447309916665
ACK_OPENING,28415,42510,1765447309949614
ACK_OPENING,6518,31717,1765447310052152
ACK_OPENING,28415,17595,1765447310088601
ACK_OPENING,28415,7052,1765447310170725
ACK_OPENING,28415,50892,1765447310271368
ACK_OPENING,12736,28415,1765447310456715
ACK_OPENING,35159,35901,1765447310467701
ACK_OPENING,54720,31717,1765447310697233
ACK_OPENING,28415,17595,1765447310704446
ACK_OPENING,28415,7052,1765447310785805
ACK_OPENING,28415,50892,1765447310865290
ACK_OPENING,13504,35901,1765447310982941
ACK_OPENING,30767,28415,1765447311106067
ACK_OPENING,28415,31717,1765447311317269
ACK_OPENING,54720,50892,1765447311397272
ACK_OPENING,48539,35901,1765447311519694
ACK_OPENING,54720,17595,1765447311531314
ACK_OPENING,6518,28415,1765447311720258
ACK_OPENING,28415,31717,1765447311928797
ACK_OPENING,7052,50892,1765447311988013
ACK_OPENING,28415,35901,1765447312021631
ACK_OPENING,54720,17595,1765447312180415
ACK_OPENING,35901,28415,1765447312304766
ACK_OPENING,62135,31717,1765447312476478
ACK_OPENING,42510,50892,1765447312516208
ACK_OPENING,28415,35901,1765447312542985
ACK_OPENING,62135,28415,1765447312792338
ACK_OPENING,54720,50892,1765447313004387
ACK_OPENING,31717,17595,1765447313059455
ACK_OPENING,12736,35901,1765447313060637
ACK_OPENING,55076,31717,1765447313160320
ACK_OPENING,42510,28415,1765447313566651
ACK_OPENING,42510,50892,1765447313614474
REGISTER,17062,48717|16025|12736|44432|22050|33359|62135|47563|48539|190|55076|31717|34884|41204|35901|17595|63185|42510|32530|12140|7052|6518|46433|29854|50892|28415|54720|30767|42091|35159|13504,1765447186053460
READY,35901,1765447313820668
ACK_OPENING,7052,35901,1765447313820723
ACK_OPENING,46433,46433,1765447313830785
ACK_OPENING,35159,31717,1765447313837753
ACK_OPENING,63185,17595,1765447313869305
ACK_OPENING,46433,42510,1765447314035342
ACK_OPENING,46433,16025,1765447314044837
ACK_OPENING,46433,33359,1765447314051788
ACK_OPENING,46433,48717,1765447314053521
ACK_OPENING,46433,34884,1765447314060616
ACK_OPENING,46433,30767,1765447314069207
ACK_OPENING,46433,54720,1765447314077194
ACK_OPENING,46433,6518,1765447314099790
ACK_OPENING,46433,42091,1765447314131709
ACK_OPENING,46433,29854,1765447314144307
ACK_OPENING,46433,48539,1765447314152843
ACK_OPENING,46433,55076,1765447314158384
ACK_OPENING,46433,47563,1765447314174173
ACK_OPENING,47563,50892,1765447314179279
ACK_OPENING,46433,7052,1765447314188243
ACK_OPENING,46433,32530,1765447314193669
ACK_OPENING,46433,35159,1765447314199436
ACK_OPENING,46433,44432,1765447314202674
ACK_OPENING,46433,190,1765447314209256
ACK_OPENING,46433,28415,1765447314209926
ACK_OPENING,46433,12140,1765447314210324
ACK_OPENING,46433,22050,1765447314212687
ACK_OPENING,46433,13504,1765447314236635
ACK_OPENING,46433,41204,1765447314240828
ACK_OPENING,46433,63185,1765447314246228
ACK_OPENING,46433,12736,1765447314256695
ACK_OPENING,46433,62135,1765447314342161
ACK_OPENING,190,31717,1765447314401106
ACK_OPENING,46433,35901,1765447314432528
ACK_OPENING,33359,46433,1765447314476669
ACK_OPENING,190,17595,1765447314486735
ACK_OPENING,34884,50892,1765447314706863
ACK_OPENING,46433,28415,1765447314852277
ACK_OPENING,48717,31717,1765447314923719
ACK_OPENING,46433,35901,1765447314979350
ACK_OPENING,22050,17595,1765447315083990
ACK_OPENING,190,46433,1765447315109480
ACK_OPENING,12140,50892,1765447315196745
ACK_OPENING,33359,28415,1765447315441706
ACK_OPENING,46433,17595,1765447315620123
ACK_OPENING,46433,50892,1765447315845824
ACK_OPENING,48539,31717,1765447315884103
ACK_OPENING,22050,46433,1765447315899118
ACK_OPENING,42091,28415,1765447315972720
ACK_OPENING,46433,17595,1765447316298480
ACK_OPENING,46433,50892,1765447316384360
ACK_OPENING,35901,31717,1765447316528333
ACK_OPENING,30767,46433,1765447316547897
ACK_OPENING,16025,28415,1765447316564928
ACK_OPENING,55076,50892,1765447316886110
ACK_OPENING,55076,17595,1765447316924976
ACK_OPENING,42510,46433,1765447317162852
ACK_OPENING,46433,31717,1765447317180960
ACK_OPENING,50892,28415,1765447317199547
ACK_OPENING,32530,50892,1765447317372338
ACK_OPENING,6518,17595,1765447317540842
ACK_OPENING,44432,46433,1765447317779471
ACK_OPENING,46433,31717,1765447317797534
ACK_OPENING,34884,28415,1765447317831368
ACK_OPENING,13504,50892,1765447317858447
ACK_OPENING,12140,17595,1765447318246828
ACK_OPENING,17062,17062,1765447318474507
REGISTER,55559,17595|63185|42510|32530|12140|7052|6518|46433|29854|50892|28415|17062|54720|30767|42091|35159|13504|48717|16025|12736|44432|22050|33359|62135|47563|48539|190|55076|31717|34884|41204|35901,1765447186109994
ACK_OPENING,7052,46433,1765447318537848
ACK_OPENING,41204,50892,1765447318563452
ACK_OPENING,12736,31717,1765447318604836
ACK_OPENING,63185,28415,1765447318640896
ACK_OPENING,33359,17595,1765447318861827
ACK_OPENING,17062,44432,1765447318876468
ACK_OPENING,17062,32530,1765447318912295
ACK_OPENING,17062,62135,1765447318937131
ACK_OPENING,17062,42510,1765447318950815
ACK_OPENING,17062,7052,1765447318957328
ACK_OPENING,17062,16025,1765447318973309
ACK_OPENING,17062,48717,1765447318978868
ACK_OPENING,17062,22050,1765447318988723
ACK_OPENING,17062,47563,1765447318991266
ACK_OPENING,17062,35901,1765447318992267
ACK_OPENING,17062,35159,1765447319040785
ACK_OPENING,17062,34884,1765447319048299
ACK_OPENING,17062,54720,1765447319053716
ACK_OPENING,17062,42091,1765447319057908
ACK_OPENING,17062,48539,1765447319060547
ACK_OPENING,17062,29854,1765447319064186
ACK_OPENING,17062,46433,1765447319092980
ACK_OPENING,17062,12140,1765447319110632
ACK_OPENING,17062,190,1765447319110827
ACK_OPENING,17062,41204,1765447319121569
ACK_OPENING,17062,6518,1765447319127030
ACK_OPENING,17062,55076,1765447319130708
ACK_OPENING,48539,31717,1765447319147462
ACK_OPENING,17062,33359,1765447319151553
ACK_OPENING,17062,30767,1765447319154511
ACK_OPENING,17062,63185,1765447319161973
ACK_OPENING,17062,13504,1765447319162307
ACK_OPENING,29854,17062,1765447319163433
ACK_OPENING,17062,12736,1765447319173599
ACK_OPENING,55076,28415,1765447319183019
ACK_OPENING,6518,50892,1765447319185964
ACK_OPENING,42510,17595,1765447319468093
ACK_OPENING,42510,28415,1765447319667786
ACK_OPENING,17062,46433,1765447319706330
ACK_OPENING,47563,17062,1765447319777755
ACK_OPENING,30767,50892,1765447319793605
ACK_OPENING,16025,31717,1765447319831449
ACK_OPENING,48539,17595,1765447320000373
ACK_OPENING,6518,46433,1765447320266559
ACK_OPENING,31717,50892,1765447320443489
ACK_OPENING,33359,31717,1765447320474233
READY,31717,1765447320474289
ACK_OPENING,47563,17595,1765447320495324
ACK_OPENING,17062,28415,1765447320644887
ACK_OPENING,7052,17062,1765447320707010
ACK_OPENING,48539,46433,1765447320775056
ACK_OPENING,17062,31717,1765447321075727
ACK_OPENING,35901,50892,1765447321089647
ACK_OPENING,17062,17595,1765447321147958
ACK_OPENING,28415,46433,1765447321265220
ACK_OPENING,17062,28415,1765447321279863
ACK_OPENING,30767,17062,1765447321572676
ACK_OPENING,17062,31717,1765447321701975
ACK_OPENING,17062,17595,1765447321875623
ACK_OPENING,13504,28415,1765447321910607
ACK_OPENING,6518,46433,1765447321914833
ACK_OPENING,35159,50892,1765447321991053
ACK_OPENING,63185,17062,1765447322185946
ACK_OPENING,16025,17595,1765447322597060
ACK_OPENING,44432,28415,1765447322651771
ACK_OPENING,17062,50892,1765447322723350
REGISTER,14290,48717|16025|62135|47563|48539|12736|44432|22050|33359|31717|190|55076|35901|34884|41204|32530|12140|7052|17595|63185|42510|6518|46433|29854|42091|35159|13504|50892|28415|17062|54720|30767|55559,1765447186343804
ACK_OPENING,16025,46433,1765447322812736
ACK_OPENING,55559,55559,1765447322825481
ACK_OPENING,12736,17062,1765447323138790
ACK_OPENING,55559,63185,1765447323149928
ACK_OPENING,55559,33359,1765447323187306
ACK_OPENING,55559,22050,1765447323196202
ACK_OPENING,55559,35159,1765447323201058
ACK_OPENING,55559,35901,1765447323205926
ACK_OPENING,55559,42091,1765447323206533
ACK_OPENING,55559,47563,1765447323217983
ACK_OPENING,55559,42510,1765447323228446
ACK_OPENING,54720,28415,1765447323237094
ACK_OPENING,55559,16025,1765447323242664
ACK_OPENING,55559,6518,1765447323258278
ACK_OPENING,48539,17595,1765447323258311
ACK_OPENING,55559,12140,1765447323265279
ACK_OPENING,55559,34884,1765447323302560
ACK_OPENING,55559,62135,1765447323304214
ACK_OPENING,55559,44432,1765447323315710
ACK_OPENING,55559,54720,1765447323318528
ACK_OPENING,55559,190,1765447323323253
ACK_OPENING,55559,13504,1765447323339091
ACK_OPENING,55559,7052,1765447323348353
ACK_OPENING,17062,50892,1765447323364030
ACK_OPENING,55559,31717,1765447323369114
ACK_OPENING,55559,41204,1765447323370614
ACK_OPENING,55559,48539,1765447323383375
ACK_OPENING,55559,12736,1765447323415723
ACK_OPENING,48539,55559,1765447323459885
ACK_OPENING,55559,30767,1765447323460482
ACK_OPENING,55559,29854,1765447323489208
ACK_OPENING,55559,55076,1765447323504360
ACK_OPENING,55559,48717,1765447323517168
ACK_OPENING,55559,32530,1765447323608791
ACK_OPENING,34884,46433,1765447323690064
ACK_OPENING,55559,17062,1765447323726855
ACK_OPENING,190,28415,1765447323853313
ACK_OPENING,48717,17595,1765447323898595
ACK_OPENING,48539,50892,1765447323981306
ACK_OPENING,22050,55559,1765447323985736
ACK_OPENING,55559,17062,1765447324341394
ACK_OPENING,54720,28415,1765447324416478
ACK_OPENING,54720,46433,1765447324483980
ACK_OPENING,44432,17595,1765447324515449
ACK_OPENING,63185,55559,1765447324637383
ACK_OPENING,48717,50892,1765447324664092
READY,50892,1765447324682967
ACK_OPENING,50892,17062,1765447324957490
ACK_OPENING,22050,28415,1765447325041844
ACK_OPENING,55559,46433,1765447325105794
ACK_OPENING,6518,17595,1765447325165557
ACK_OPENING,28415,55559,1765447325242434
ACK_OPENING,55559,50892,1765447325290640
ACK_OPENING,13504,17062,1765447325595849
ACK_OPENING,55559,28415,1765447325660761
ACK_OPENING,55559,46433,1765447325722365
ACK_OPENING,55559,50892,1765447325912098
ACK_OPENING,50892,17595,1765447325924606
ACK_OPENING,190,55559,1765447326166000
ACK_OPENING,55559,28415,1765447326200332
ACK_OPENING,34884,17062,1765447326212748
ACK_OPENING,54720,46433,1765447326283612
ACK_OPENING,13504,13504,1765447326581988
ACK_OPENING,12736,17595,1765447326593172
ACK_OPENING,31717,55559,1765447326957828
ACK_OPENING,30767,28415,1765447327027884
ACK_OPENING,35901,46433,1765447327037177
ACK_OPENING,14290,14290,1765447327068374
REGISTER,61693,47563|48539|12736|44432|22050|33359|62135|190|55076|31717|34884|41204|35901|12140|7052|17595|14290|63185|42510|32530|6518|46433|29854|35159|13504|50892|28415|17062|54720|30767|42091|55559|48717|16025,1765447186700436
ACK_OPENING,12140,17062,1765447327076537
ACK_OPENING,13504,63185,1765447327249298
ACK_OPENING,13504,62135,1765447327257104
ACK_OPENING,13504,33359,1765447327273691
ACK_OPENING,13504,31717,1765447327298415
ACK_OPENING,13504,32530,1765447327306602
ACK_OPENING,13504,50892,1765447327341288
ACK_OPENING,13504,44432,1765447327364575
ACK_OPENING,13504,48717,1765447327366951
ACK_OPENING,13504,35159,1765447327380501
ACK_OPENING,13504,35901,1765447327386813
ACK_OPENING,13504,48539,1765447327391556
ACK_OPENING,13504,190,1765447327400954
ACK_OPENING,13504,22050,1765447327406304
ACK_OPENING,55559,17595,1765447327416326
ACK_OPENING,13504,42510,1765447327417806
ACK_OPENING,13504,30767,1765447327423169
ACK_OPENING,13504,47563,1765447327430349
ACK_OPENING,13504,12140,1765447327431704
ACK_OPENING,13504,6518,1765447327434449
ACK_OPENING,13504,29854,1765447327435143
ACK_OPENING,13504,41204,1765447327437902
ACK_OPENING,13504,54720,1765447327448281
ACK_OPENING,13504,34884,1765447327460988
ACK_OPENING,13504,42091,1765447327463971
ACK_OPENING,13504,16025,1765447327470436
ACK_OPENING,13504,55076,1765447327471504
ACK_OPENING,13504,7052,1765447327474369
ACK_OPENING,13504,12736,1765447327531174
ACK_OPENING,47563,46433,1765447327565856
ACK_OPENING,48539,28415,1765447327587774
ACK_OPENING,13504,55559,1765447327609844
ACK_OPENING,48539,17062,1765447327708915
ACK_OPENING,14290,13504,1765447327734142
ACK_OPENING,42091,14290,1765447327749512
ACK_OPENING,14290,63185,1765447327868446
ACK_OPENING,14290,62135,1765447327871438
ACK_OPENING,14290,31717,1765447327892475
ACK_OPENING,14290,33359,1765447327893561
ACK_OPENING,14290,32530,1765447327922838
ACK_OPENING,14290,48717,1765447327934185
ACK_OPENING,14290,50892,1765447327977544
ACK_OPENING,14290,44432,1765447327978574
ACK_OPENING,14290,35159,1765447327987802
ACK_OPENING,14290,35901,1765447328001647
ACK_OPENING,14290,48539,1765447328006453
ACK_OPENING,14290,22050,1765447328047473
ACK_OPENING,14290,12140,1765447328048166
ACK_OPENING,14290,29854,1765447328051286
ACK_OPENING,14290,41204,1765447328052300
ACK_OPENING,14290,47563,1765447328053303
ACK_OPENING,14290,6518,1765447328058957
ACK_OPENING,14290,7052,1765447328076875
ACK_OPENING,14290,30767,1765447328078821
ACK_OPENING,14290,34884,1765447328078939
ACK_OPENING,14290,42091,1765447328083507
ACK_OPENING,55559,17595,1765447328083886
ACK_OPENING,14290,16025,1765447328087280
ACK_OPENING,14290,55076,1765447328088850
ACK_OPENING,14290,54720,1765447328103563
ACK_OPENING,14290,42510,1765447328105128
ACK_OPENING,34884,28415,1765447328141194
ACK_OPENING,13504,46433,1765447328156193
ACK_OPENING,14290,12736,1765447328177364
ACK_OPENING,14290,55559,1765447328238635
ACK_OPENING,48539,17062,1765447328306368
ACK_OPENING,14290,190,1765447328365973
ACK_OPENING,46433,14290,1765447328375253
ACK_OPENING,12140,28415,1765447328618357
ACK_OPENING,32530,17595,1765447328670379
ACK_OPENING,41204,46433,1765447328719227
ACK_OPENING,62135,55559,1765447328860949
ACK_OPENING,13504,17062,1765447328882618
ACK_OPENING,48539,14290,1765447328922221
ACK_OPENING,48539,28415,1765447329109835
ACK_OPENING,12736,46433,1765447329229733
ACK_OPENING,34884,17595,1765447329416528
ACK_OPENING,34884,14290,1765447329422441
ACK_OPENING,34884,55559,1765447329482737
ACK_OPENING,14290,17062,1765447329498324
ACK_OPENING,35159,28415,1765447329587098
ACK_OPENING,13504,46433,1765447329709619
ACK_OPENING,30767,17595,1765447330037718
ACK_OPENING,48717,28415,1765447330070000
ACK_OPENING,6518,14290,1765447330071139
ACK_OPENING,41204,17062,1765447330084694
ACK_OPENING,30767,55559,1765447330129451
ACK_OPENING,14290,46433,1765447330201361
ACK_OPENING,54720,17062,1765447330602842
ACK_OPENING,13504,28415,1765447330629971
ACK_OPENING,29854,17595,1765447330655423
ACK_OPENING,34884,46433,1765447330720479
ACK_OPENING,63185,14290,1765447330756690
ACK_OPENING,54720,55559,1765447330853668
ACK_OPENING,62135,62135,1765447330889340
ACK_OPENING,61693,61693,1765447331229588
REGISTER,60820,22050|33359|62135|47563|48539|12736|44432|190|55076|31717|34884|41204|35901|63185|42510|32530|12140|7052|17595|14290|6518|46433|61693|29854|54720|30767|42091|35159|13504|50892|28415|17062|55559|48717|16025,1765447186926097
ACK_OPENING,13504,17595,1765447331403963
ACK_OPENING,44432,17062,1765447331426902
ACK_OPENING,33359,14290,1765447331473566
ACK_OPENING,12140,46433,1765447331487847
ACK_OPENING,14290,28415,1765447331499987
ACK_OPENING,62135,35159,1765447331560423
ACK_OPENING,62135,41204,1765447331576951
ACK_OPENING,62135,44432,1765447331588237
ACK_OPENING,62135,29854,1765447331602618
ACK_OPENING,62135,63185,1765447331605888
ACK_OPENING,62135,16025,1765447331611735
ACK_OPENING,62135,31717,1765447331613245
ACK_OPENING,62135,190,1765447331613686
ACK_OPENING,62135,35901,1765447331615012
ACK_OPENING,41204,55559,1765447331616885
ACK_OPENING,62135,30767,1765447331624884
ACK_OPENING,62135,22050,1765447331625084
ACK_OPENING,62135,50892,1765447331630777
ACK_OPENING,62135,55076,1765447331634923
ACK_OPENING,62135,6518,1765447331636962
ACK_OPENING,62135,47563,1765447331637186
ACK_OPENING,62135,32530,1765447331643918
ACK_OPENING,62135,48539,1765447331651127
ACK_OPENING,62135,13504,1765447331653685
ACK_OPENING,62135,42091,1765447331667180
ACK_OPENING,62135,7052,1765447331672043
ACK_OPENING,62135,42510,1765447331688137
ACK_OPENING,62135,33359,1765447331694578
ACK_OPENING,62135,12140,1765447331722002
ACK_OPENING,62135,12736,1765447331724866
ACK_OPENING,62135,34884,1765447331751213
ACK_OPENING,62135,54720,1765447331778455
ACK_OPENING,62135,48717,1765447331795499
ACK_OPENING,63185,61693,1765447331844987
ACK_OPENING,61693,62135,1765447331911813
ACK_OPENING,35159,17595,1765447332029718
ACK_OPENING,62135,14290,1765447332035497
ACK_OPENING,48539,46433,1765447332036159
ACK_OPENING,34884,17062,1765447332039450
ACK_OPENING,41204,28415,1765447332115240
ACK_OPENING,61693,44432,1765447332154161
ACK_OPENING,61693,190,1765447332172689
ACK_OPENING,61693,31717,1765447332174387
ACK_OPENING,61693,35159,1765447332183536
ACK_OPENING,61693,41204,1765447332194675
ACK_OPENING,61693,63185,1765447332224605
ACK_OPENING,61693,29854,1765447332228021
ACK_OPENING,61693,50892,1765447332230772
ACK_OPENING,61693,42091,1765447332235002
ACK_OPENING,44432,55559,1765447332235526
ACK_OPENING,61693,35901,1765447332237307
ACK_OPENING,61693,16025,1765447332242582
ACK_OPENING,61693,22050,1765447332245006
ACK_OPENING,61693,55076,1765447332250419
ACK_OPENING,61693,6518,1765447332253327
ACK_OPENING,61693,32530,1765447332253852
ACK_OPENING,61693,47563,1765447332255053
ACK_OPENING,61693,48539,1765447332269524
ACK_OPENING,61693,30767,1765447332281378
ACK_OPENING,61693,7052,1765447332301307
ACK_OPENING,61693,13504,1765447332320808
ACK_OPENING,61693,12736,1765447332321293
ACK_OPENING,61693,42510,1765447332323486
ACK_OPENING,61693,33359,1765447332324228
ACK_OPENING,61693,12140,1765447332336364
ACK_OPENING,61693,48717,1765447332399180
ACK_OPENING,61693,54720,1765447332400019
ACK_OPENING,61693,34884,1765447332413287
ACK_OPENING,190,61693,1765447332443532
ACK_OPENING,48717,46433,1765447332542061
ACK_OPENING,61693,14290,1765447332546352
ACK_OPENING,13504,17595,1765447332603943
ACK_OPENING,6518,17062,1765447332690351
ACK_OPENING,31717,28415,1765447332731348
ACK_OPENING,12736,55559,1765447332896306
ACK_OPENING,42091,61693,1765447332975111
ACK_OPENING,63185,46433,1765447333027470
ACK_OPENING,35901,17595,1765447333131342
READY,17595,1765447333131372
ACK_OPENING,42510,14290,1765447333173677
ACK_OPENING,7052,28415,1765447333287580
ACK_OPENING,54720,17062,1765447333316297
ACK_OPENING,29854,46433,1765447333508405
ACK_OPENING,28415,61693,1765447333587961
ACK_OPENING,14290,17595,1765447333662599
ACK_OPENING,48539,14290,1765447333789754
ACK_OPENING,47563,28415,1765447333797125
ACK_OPENING,62135,55559,1765447333823185
ACK_OPENING,48717,17062,1765447333936109
ACK_OPENING,62135,46433,1765447333985606
ACK_OPENING,62135,17595,1765447334174445
ACK_OPENING,22050,61693,1765447334203693
ACK_OPENING,13504,14290,1765447334398634
ACK_OPENING,6518,28415,1765447334445795
ACK_OPENING,50892,46433,1765447334464561
ACK_OPENING,62135,17062,1765447334537625
ACK_OPENING,61693,55559,1765447334572927
ACK_OPENING,61693,17595,1765447334770855
ACK_OPENING,41204,61693,1765447334793983
ACK_OPENING,42510,14290,1765447334904209
ACK_OPENING,62135,46433,1765447334947439
ACK_OPENING,17595,28415,1765447335062805
ACK_OPENING,61693,17062,1765447335079583
ACK_OPENING,54720,55559,1765447335183574
ACK_OPENING,12736,14290,1765447335450511
ACK_OPENING,61693,46433,1765447335550179
ACK_OPENING,16025,17062,1765447335654772
REGISTER,62506,190|55076|31717|60820|34884|41204|35901|63185|42510|32530|12140|7052|17595|14290|6518|46433|61693|29854|54720|30767|42091|35159|13504|50892|28415|17062|55559|48717|16025|22050|33359|62135|47563|48539|12736|44432,1765447187017908
ACK_OPENING,48539,61693,1765447335828654
ACK_OPENING,32530,28415,1765447335847925
READY,28415,1765447335847942
ACK_OPENING,41204,14290,1765447336004760
ACK_OPENING,60820,30767,1765447336052101
ACK_OPENING,60820,42510,1765447336091733
ACK_OPENING,60820,190,1765447336119938
ACK_OPENING,60820,29854,1765447336125762
ACK_OPENING,60820,32530,1765447336132090
ACK_OPENING,31717,46433,1765447336138802
ACK_OPENING,60820,35901,1765447336147306
ACK_OPENING,60820,50892,1765447336155454
ACK_OPENING,60820,54720,1765447336173215
ACK_OPENING,60820,48539,1765447336177588
ACK_OPENING,60820,7052,1765447336186516
ACK_OPENING,60820,42091,1765447336188340
ACK_OPENING,55076,55559,1765447336197266
ACK_OPENING,60820,63185,1765447336197535
ACK_OPENING,60820,22050,1765447336201008
ACK_OPENING,60820,12736,1765447336205429
ACK_OPENING,60820,55076,1765447336212281
ACK_OPENING,60820,12140,1765447336222093
ACK_OPENING,55076,17062,1765447336223709
ACK_OPENING,60820,41204,1765447336225455
ACK_OPENING,60820,47563,1765447336233162
ACK_OPENING,60820,44432,1765447336233405
ACK_OPENING,60820,31717,1765447336235298
ACK_OPENING,60820,34884,1765447336237788
ACK_OPENING,60820,13504,1765447336262028
ACK_OPENING,60820,6518,1765447336271485
ACK_OPENING,60820,35159,1765447336271698
ACK_OPENING,60820,62135,1765447336281413
ACK_OPENING,60820,17595,1765447336296995
ACK_OPENING,60820,48717,1765447336303673
ACK_OPENING,60820,33359,1765447336342231
ACK_OPENING,60820,60820,1765447336358446
ACK_OPENING,60820,61693,1765447336472548
ACK_OPENING,62135,28415,1765447336476297
ACK_OPENING,60820,16025,1765447336495508
ACK_OPENING,44432,14290,1765447336653881
ACK_OPENING,22050,17062,1765447336722401
ACK_OPENING,42510,46433,1765447336723473
ACK_OPENING,12140,55559,1765447336818560
ACK_OPENING,22050,60820,1765447336916310
ACK_OPENING,61693,28415,1765447337091385
ACK_OPENING,34884,61693,1765447337092955
ACK_OPENING,35159,46433,1765447337219348
ACK_OPENING,31717,17062,1765447337225833
ACK_OPENING,60820,14290,1765447337238097
ACK_OPENING,190,60820,1765447337411186
ACK_OPENING,30767,55559,1765447337434227
ACK_OPENING,60820,28415,1765447337706706
ACK_OPENING,47563,61693,1765447337707840
ACK_OPENING,62135,17062,1765447337710777
ACK_OPENING,30767,46433,1765447337714448
ACK_OPENING,47563,14290,1765447337808379
ACK_OPENING,6518,60820,1765447337909290
ACK_OPENING,47563,55559,1765447338036837
ACK_OPENING,42510,61693,1765447338272851
ACK_OPENING,35159,14290,1765447338303582
ACK_OPENING,55076,46433,1765447338354502
ACK_OPENING,63185,60820,1765447338402254
ACK_OPENING,35159,17062,1765447338508708
ACK_OPENING,16025,14290,1765447338785545
ACK_OPENING,48539,55559,1765447338844004
ACK_OPENING,42510,60820,1765447338887012
ACK_OPENING,32530,46433,1765447339004398
ACK_OPENING,32530,17062,1765447339142970
ACK_OPENING,34884,61693,1765447339240140
ACK_OPENING,28415,14290,1765447339267616
ACK_OPENING,12736,60820,1765447339535338
ACK_OPENING,42091,46433,1765447339619554
ACK_OPENING,60820,55559,1765447339627031
ACK_OPENING,60820,17062,1765447339759040
ACK_OPENING,63185,63185,1765447340010299
ACK_OPENING,32530,61693,1765447340269580
ACK_OPENING,34884,60820,1765447340280811
ACK_OPENING,62135,14290,1765447340368620
REGISTER,15259,31717|60820|190|55076|35901|34884|41204|32530|12140|7052|17595|14290|63185|42510|61693|6518|46433|29854|62506|42091|35159|13504|50892|28415|17062|54720|30767|55559|48717|16025|62135|47563|48539|12736|44432|22050|33359,1765447187090047
READY,46433,1765447340557805
ACK_OPENING,17595,46433,1765447340557887
ACK_OPENING,13504,55559,1765447340567659
ACK_OPENING,30767,17062,1765447340611689
ACK_OPENING,63185,35901,1765447340673667
ACK_OPENING,63185,16025,1765447340705671
ACK_OPENING,63185,47563,1765447340714557
ACK_OPENING,63185,28415,1765447340717338
ACK_OPENING,63185,31717,1765447340717375
ACK_OPENING,63185,48539,1765447340717661
ACK_OPENING,63185,44432,1765447340717762
ACK_OPENING,63185,50892,1765447340731886
ACK_OPENING,63185,35159,1765447340732409
ACK_OPENING,63185,33359,1765447340732536
ACK_OPENING,63185,13504,1765447340749911
ACK_OPENING,63185,7052,1765447340753760
ACK_OPENING,62506,62506,1765447340754248
ACK_OPENING,63185,190,1765447340757291
ACK_OPENING,63185,62135,1765447340758692
ACK_OPENING,63185,41204,1765447340760402
ACK_OPENING,63185,48717,1765447340760696
ACK_OPENING,63185,12140,1765447340772104
ACK_OPENING,63185,22050,1765447340781530
ACK_OPENING,63185,42510,1765447340786133
ACK_OPENING,62506,63185,1765447340791707
ACK_OPENING,63185,29854,1765447340801093
ACK_OPENING,63185,42091,1765447340810524
ACK_OPENING,63185,54720,1765447340815280
ACK_OPENING,63185,55076,1765447340816289
ACK_OPENING,63185,32530,1765447340819715
ACK_OPENING,63185,30767,1765447340832701
ACK_OPENING,63185,6518,1765447340834818
ACK_OPENING,63185,12736,1765447340840837
ACK_OPENING,63185,17595,1765447340874242
ACK_OPENING,63185,34884,1765447340891925
ACK_OPENING,62506,60820,1765447340905068
ACK_OPENING,30767,61693,1765447340930777
ACK_OPENING,17062,14290,1765447341004697
ACK_OPENING,60820,46433,1765447341168834
ACK_OPENING,42510,17062,1765447341232371
ACK_OPENING,42091,55559,1765447341255366
ACK_OPENING,62506,47563,1765447341296311
ACK_OPENING,62506,16025,1765447341313492
ACK_OPENING,62506,41204,1765447341316876
ACK_OPENING,62506,48539,1765447341328767
ACK_OPENING,62506,44432,1765447341330959
ACK_OPENING,62506,28415,1765447341332463
ACK_OPENING,62506,48717,1765447341334433
ACK_OPENING,62506,31717,1765447341334541
ACK_OPENING,62506,35901,1765447341347000
ACK_OPENING,62506,50892,1765447341347288
ACK_OPENING,62506,33359,1765447341347778
ACK_OPENING,62506,35159,1765447341348137
ACK_OPENING,62506,62135,1765447341352837
ACK_OPENING,62506,190,1765447341371231
ACK_OPENING,54720,62506,1765447341372653
ACK_OPENING,62506,12140,1765447341384342
ACK_OPENING,62506,22050,1765447341386224
ACK_OPENING,62506,42510,1765447341401004
ACK_OPENING,62506,30767,1765447341405135
ACK_OPENING,62506,29854,1765447341414864
ACK_OPENING,62506,7052,1765447341420581
ACK_OPENING,62506,55076,1765447341426380
ACK_OPENING,62506,42091,1765447341426953
ACK_OPENING,62506,54720,1765447341430120
ACK_OPENING,62506,32530,1765447341437604
ACK_OPENING,62506,13504,1765447341449063
ACK_OPENING,62506,34884,1765447341466803
ACK_OPENING,62506,12736,1765447341470288
ACK_OPENING,62506,17595,1765447341504473
ACK_OPENING,63185,60820,1765447341521023
ACK_OPENING,62506,6518,1765447341559202
ACK_OPENING,62506,61693,1765447341657632
ACK_OPENING,62506,46433,1765447341786456
ACK_OPENING,35901,55559,1765447341831669
ACK_OPENING,35901,17062,1765447341856241
ACK_OPENING,35901,14290,1765447341956844
ACK_OPENING,55076,62506,1765447341980194
ACK_OPENING,54720,60820,1765447342092064
ACK_OPENING,63185,61693,1765447342272389
ACK_OPENING,33359,55559,1765447342334924
ACK_OPENING,63185,46433,1765447342336883
ACK_OPENING,33359,17062,1765447342462026
ACK_OPENING,61693,62506,1765447342523107
ACK_OPENING,7052,14290,1765447342572686
ACK_OPENING,62135,60820,1765447342606634
ACK_OPENING,35159,61693,1765447342882967
ACK_OPENING,6518,55559,1765447342971851
ACK_OPENING,17595,17062,1765447343007297
ACK_OPENING,7052,60820,1765447343085304
ACK_OPENING,16025,62506,1765447343173553
ACK_OPENING,62506,14290,1765447343187722
ACK_OPENING,30767,61693,1765447343436181
ACK_OPENING,29854,55559,1765447343508890
ACK_OPENING,28415,17062,1765447343530974
ACK_OPENING,12140,60820,1765447343552256
ACK_OPENING,48539,62506,1765447343922997
ACK_OPENING,63185,14290,1765447343938452
ACK_OPENING,7052,61693,1765447343952744
ACK_OPENING,62506,55559,1765447344107488
ACK_OPENING,46433,17062,1765447344367586
ACK_OPENING,33359,60820,1765447344459148
REGISTER,58903,190|55076|31717|60820|34884|41204|35901|63185|42510|32530|12140|7052|17595|14290|6518|46433|61693|29854|62506|17062|54720|30767|42091|35159|13504|50892|28415|55559|15259|48717|16025|22050|33359|62135|47563|48539|12736|44432,1765447187228176
ACK_OPENING,15259,15259,1765447344550499
ACK_OPENING,6518,14290,1765447344589827
ACK_OPENING,48539,62506,1765447344620913
ACK_OPENING,44432,61693,1765447344655024
ACK_OPENING,63185,55559,1765447344704876
ACK_OPENING,15259,16025,1765447344886788
ACK_OPENING,15259,17595,1765447344893772
ACK_OPENING,15259,6518,1765447344924332
ACK_OPENING,15259,31717,1765447344948501
ACK_OPENING,15259,7052,1765447344955441
ACK_OPENING,15259,46433,1765447344956384
ACK_OPENING,15259,50892,1765447344957219
ACK_OPENING,15259,35159,1765447344957806
ACK_OPENING,190,17062,1765447344962210
ACK_OPENING,15259,55076,1765447344962482
ACK_OPENING,15259,42510,1765447344965984
ACK_OPENING,15259,47563,1765447344975137
ACK_OPENING,15259,48539,1765447344980098
ACK_OPENING,15259,33359,1765447344980807
ACK_OPENING,15259,22050,1765447344985022
ACK_OPENING,15259,29854,1765447344985465
ACK_OPENING,15259,44432,1765447344989338
ACK_OPENING,15259,42091,1765447345021307
ACK_OPENING,15259,13504,1765447345024130
ACK_OPENING,15259,62135,1765447345078333
ACK_OPENING,34884,60820,1765447345079577
ACK_OPENING,15259,12736,1765447345080955
ACK_OPENING,15259,54720,1765447345089665
ACK_OPENING,15259,30767,1765447345096853
ACK_OPENING,15259,190,1765447345104631
ACK_OPENING,15259,34884,1765447345105571
ACK_OPENING,15259,12140,1765447345108520
ACK_OPENING,15259,28415,1765447345124935
ACK_OPENING,15259,63185,1765447345136715
ACK_OPENING,15259,41204,1765447345139288
ACK_OPENING,29854,15259,1765447345144919
ACK_OPENING,15259,48717,1765447345169063
ACK_OPENING,15259,35901,1765447345170107
ACK_OPENING,15259,32530,1765447345207907
ACK_OPENING,30767,14290,1765447345209839
ACK_OPENING,33359,62506,1765447345229047
ACK_OPENING,42510,61693,1765447345269163
ACK_OPENING,16025,55559,1765447345324924
ACK_OPENING,62506,17062,1765447345477918
ACK_OPENING,35159,60820,1765447345650138
ACK_OPENING,48539,15259,1765447345712988
ACK_OPENING,15259,62506,1765447345747107
ACK_OPENING,50892,14290,1765447345853218
ACK_OPENING,35159,55559,1765447345881227
ACK_OPENING,16025,61693,1765447345888669
ACK_OPENING,63185,17062,1765447345992935
ACK_OPENING,15259,60820,1765447346162278
ACK_OPENING,22050,62506,1765447346255134
ACK_OPENING,28415,15259,1765447346314722
ACK_OPENING,32530,55559,1765447346416714
ACK_OPENING,12140,61693,1765447346485020
ACK_OPENING,42091,17062,1765447346506687
READY,17062,1765447346506761
ACK_OPENING,32530,14290,1765447346568190
ACK_OPENING,55076,60820,1765447346643148
ACK_OPENING,7052,62506,1765447346773298
ACK_OPENING,33359,15259,1765447346935526
ACK_OPENING,42510,17062,1765447347026955
ACK_OPENING,42510,55559,1765447347094004
ACK_OPENING,47563,60820,1765447347122038
ACK_OPENING,15259,61693,1765447347134187
ACK_OPENING,17595,14290,1765447347160736
ACK_OPENING,34884,62506,1765447347302302
ACK_OPENING,17595,15259,1765447347517896
ACK_OPENING,6518,17062,1765447347558925
ACK_OPENING,30767,60820,1765447347606803
ACK_OPENING,34884,14290,1765447347687281
ACK_OPENING,50892,55559,1765447347752040
ACK_OPENING,6518,61693,1765447347787516
ACK_OPENING,63185,62506,1765447347823578
ACK_OPENING,15259,17062,1765447348071218
ACK_OPENING,48539,60820,1765447348094953
ACK_OPENING,47563,15259,1765447348103656
ACK_OPENING,48717,55559,1765447348370337
ACK_OPENING,50892,61693,1765447348400558
ACK_OPENING,15259,14290,1765447348436995
ACK_OPENING,50892,60820,1765447348640988
ACK_OPENING,30767,15259,1765447348726644
ACK_OPENING,35901,62506,1765447348851201
ACK_OPENING,62135,61693,1765447348993610
REGISTER,25828,30767|42091|35159|13504|50892|28415|17062|54720|15259|58903|55559|16025|48717|33359|62135|47563|48539|12736|44432|22050|55076|31717|60820|190|41204|35901|34884|42510|32530|12140|7052|17595|14290|63185|46433|61693|6518|62506|29854,1765447187561195
ACK_OPENING,58903,58903,1765447349110334
ACK_OPENING,190,14290,1765447349161722
ACK_OPENING,34884,55559,1765447349174793
ACK_OPENING,17595,60820,1765447349239485
ACK_OPENING,22050,15259,1765447349346645
ACK_OPENING,58903,31717,1765447349380925
ACK_OPENING,58903,190,1765447349392682
ACK_OPENING,58903,13504,1765447349411612
ACK_OPENING,58903,32530,1765447349424110
ACK_OPENING,58903,35159,1765447349432758
ACK_OPENING,58903,44432,1765447349446174
ACK_OPENING,58903,48539,1765447349461360
ACK_OPENING,58903,17062,1765447349464899
ACK_OPENING,58903,6518,1765447349466729
ACK_OPENING,58903,54720,1765447349474119
ACK_OPENING,58903,22050,1765447349483728
ACK_OPENING,58903,7052,1765447349485455
ACK_OPENING,58903,28415,1765447349487248
ACK_OPENING,48717,62506,1765447349495683
ACK_OPENING,58903,17595,1765447349499377
ACK_OPENING,58903,41204,1765447349553621
ACK_OPENING,58903,50892,1765447349570337
ACK_OPENING,58903,12736,1765447349576788
ACK_OPENING,58903,12140,1765447349578090
ACK_OPENING,58903,47563,1765447349582296
ACK_OPENING,58903,16025,1765447349583756
ACK_OPENING,58903,42510,1765447349584467
ACK_OPENING,58903,46433,1765447349586648
ACK_OPENING,58903,55076,1765447349590927
ACK_OPENING,13504,61693,1765447349595158
ACK_OPENING,58903,33359,1765447349603739
ACK_OPENING,58903,48717,1765447349614984
ACK_OPENING,58903,62135,1765447349623279
ACK_OPENING,58903,35901,1765447349642554
ACK_OPENING,58903,29854,1765447349644908
ACK_OPENING,58903,63185,1765447349671999
ACK_OPENING,58903,34884,1765447349683724
ACK_OPENING,42510,58903,1765447349729769
ACK_OPENING,15259,55559,1765447349734657
ACK_OPENING,58903,42091,1765447349765566
ACK_OPENING,54720,14290,1765447349783538
ACK_OPENING,48539,60820,1765447349810161
ACK_OPENING,58903,30767,1765447349811495
ACK_OPENING,58903,15259,1765447349932097
ACK_OPENING,58903,62506,1765447350115158
ACK_OPENING,46433,61693,1765447350223278
ACK_OPENING,42510,55559,1765447350307192
ACK_OPENING,41204,60820,1765447350333729
ACK_OPENING,12140,58903,1765447350349487
ACK_OPENING,35159,15259,1765447350470094
ACK_OPENING,48717,14290,1765447350581271
ACK_OPENING,58903,62506,1765447350732425
ACK_OPENING,58903,60820,1765447350817573
ACK_OPENING,29854,61693,1765447350838435
ACK_OPENING,17595,55559,1765447350869452
ACK_OPENING,16025,58903,1765447350943372
ACK_OPENING,63185,15259,1765447351122628
ACK_OPENING,29854,14290,1765447351242163
ACK_OPENING,32530,60820,1765447351289209
ACK_OPENING,46433,55559,1765447351396008
ACK_OPENING,48539,61693,1765447351423769
ACK_OPENING,48539,58903,1765447351475764
ACK_OPENING,55559,62506,1765447351557011
ACK_OPENING,62135,15259,1765447351738520
ACK_OPENING,58903,60820,1765447351760255
ACK_OPENING,55076,14290,1765447351855686
ACK_OPENING,17062,55559,1765447351916458
ACK_OPENING,58903,61693,1765447352075909
ACK_OPENING,50892,58903,1765447352123357
ACK_OPENING,42091,62506,1765447352205029
ACK_OPENING,48717,60820,1765447352234570
ACK_OPENING,34884,15259,1765447352301912
ACK_OPENING,31717,14290,1765447352405681
ACK_OPENING,7052,55559,1765447352574796
READY,55559,1765447352574842
ACK_OPENING,58903,61693,1765447352692014
ACK_OPENING,33359,58903,1765447352744519
ACK_OPENING,190,62506,1765447352822433
ACK_OPENING,54720,15259,1765447352825369
ACK_OPENING,62135,60820,1765447352871709
ACK_OPENING,55559,14290,1765447353049546
ACK_OPENING,6518,55559,1765447353426675
ACK_OPENING,6518,62506,1765447353540656
ACK_OPENING,61693,15259,1765447353543423
ACK_OPENING,54720,61693,1765447353546713
ACK_OPENING,15259,58903,1765447353549254
ACK_OPENING,25828,25828,1765447353586963
ACK_OPENING,17062,60820,1765447353590281
REGISTER,50782,34884|41204|35901|63185|42510|32530|12140|7052|17595|14290|6518|46433|61693|29854|62506|54720|30767|42091|35159|13504|50892|28415|17062|55559|15259|58903|48717|16025|22050|33359|62135|47563|48539|12736|44432|25828|190|55076|31717|60820,1765447187602020
ACK_OPENING,58903,14290,1765447353645868
ACK_OPENING,25828,41204,1765447353878184
ACK_OPENING,25828,7052,1765447353888947
ACK_OPENING,25828,32530,1765447353890360
ACK_OPENING,25828,29854,1765447353898943
ACK_OPENING,25828,47563,1765447353909789
ACK_OPENING,25828,44432,1765447353914839
ACK_OPENING,25828,12140,1765447353919590
ACK_OPENING,25828,16025,1765447353921074
ACK_OPENING,25828,62135,1765447353932994
ACK_OPENING,25828,46433,1765447353944020
ACK_OPENING,25828,55076,1765447353973472
ACK_OPENING,25828,28415,1765447353977706
ACK_OPENING,25828,17595,1765447353998827
ACK_OPENING,58903,55559,1765447353999685
ACK_OPENING,25828,48717,1765447354001015
ACK_OPENING,25828,6518,1765447354002452
ACK_OPENING,25828,22050,1765447354007968
ACK_OPENING,25828,42510,1765447354023607
ACK_OPENING,25828,33359,1765447354026264
ACK_OPENING,25828,63185,1765447354045860
ACK_OPENING,25828,42091,1765447354048062
ACK_OPENING,25828,50892,1765447354051567
ACK_OPENING,25828,190,1765447354057909
ACK_OPENING,25828,48539,1765447354078963
ACK_OPENING,25828,17062,1765447354087309
ACK_OPENING,25828,35901,1765447354094932
ACK_OPENING,25828,31717,1765447354120516
ACK_OPENING,25828,54720,1765447354131225
ACK_OPENING,25828,35159,1765447354148785
ACK_OPENING,25828,13504,1765447354148969
ACK_OPENING,25828,34884,1765447354153065
ACK_OPENING,55076,61693,1765447354159390
ACK_OPENING,41204,62506,1765447354166869
ACK_OPENING,25828,58903,1765447354167763
ACK_OPENING,28415,60820,1765447354186879
ACK_OPENING,46433,15259,1765447354192041
ACK_OPENING,25828,30767,1765447354202195
ACK_OPENING,58903,14290,1765447354213267
ACK_OPENING,25828,12736,1765447354274801
ACK_OPENING,34884,25828,1765447354383650
ACK_OPENING,58903,55559,1765447354550448
ACK_OPENING,13504,14290,1765447354727986
ACK_OPENING,35901,61693,1765447354775711
ACK_OPENING,25828,58903,1765447354793432
ACK_OPENING,12736,62506,1765447354798047
ACK_OPENING,25828,15259,1765447354809225
ACK_OPENING,42510,60820,1765447354826847
ACK_OPENING,47563,25828,1765447354906198
ACK_OPENING,25828,55559,1765447355140527
ACK_OPENING,30767,14290,1765447355219975
ACK_OPENING,61693,60820,1765447355367271
ACK_OPENING,32530,58903,1765447355388854
ACK_OPENING,12140,62506,1765447355416504
ACK_OPENING,25828,15259,1765447355419815
ACK_OPENING,32530,25828,1765447355433306
ACK_OPENING,17062,61693,1765447355672794
ACK_OPENING,25828,55559,1765447355680448
ACK_OPENING,17595,58903,1765447355875766
ACK_OPENING,22050,14290,1765447355929206
ACK_OPENING,13504,25828,1765447355944628
ACK_OPENING,17062,15259,1765447355971371
ACK_OPENING,29854,60820,1765447356016710
ACK_OPENING,25828,62506,1765447356020602
ACK_OPENING,12736,61693,1765447356340547
ACK_OPENING,62135,58903,1765447356350485
ACK_OPENING,13504,15259,1765447356487422
ACK_OPENING,54720,14290,1765447356546907
ACK_OPENING,25828,62506,1765447356557011
ACK_OPENING,33359,25828,1765447356594318
ACK_OPENING,6518,60820,1765447356632735
ACK_OPENING,46433,58903,1765447356824603
ACK_OPENING,55559,61693,1765447356890885
ACK_OPENING,42510,15259,1765447357006051
ACK_OPENING,12140,14290,1765447357170616
READY,14290,1765447357170622
ACK_OPENING,54720,62506,1765447357206255
ACK_OPENING,58903,25828,1765447357210344
ACK_OPENING,25828,60820,1765447357246814
ACK_OPENING,62506,58903,1765447357302529
ACK_OPENING,17595,61693,1765447357422007
ACK_OPENING,7052,15259,1765447357538932
ACK_OPENING,25828,14290,1765447357751991
ACK_OPENING,25828,60820,1765447357801777
ACK_OPENING,29854,58903,1765447357805580
ACK_OPENING,42510,62506,1765447357826094
ACK_OPENING,48539,25828,1765447357840945
ACK_OPENING,50892,50892,1765447357932745
ACK_OPENING,50892,50892,1765447357944716
ACK_OPENING,25828,61693,1765447358012736
ACK_OPENING,6518,15259,1765447358312837
ACK_OPENING,50782,50782,1765447358435879
ACK_OPENING,25828,14290,1765447358516647
REGISTER,32794,48539|12736|44432|25828|22050|33359|62135|47563|50782|190|55076|31717|60820|34884|41204|35901|7052|17595|14290|63185|42510|32530|12140|6518|46433|61693|29854|62506|13504|50892|28415|17062|54720|30767|42091|35159|55559|15259|58903|48717|16025,1765447187867058
ACK_OPENING,50892,48539,1765447358620625
ACK_OPENING,50892,46433,1765447358671413
ACK_OPENING,42091,60820,1765447358675723
ACK_OPENING,34884,58903,1765447358686727
ACK_OPENING,50892,17062,1765447358694931
ACK_OPENING,50892,29854,1765447358738198
ACK_OPENING,50892,63185,1765447358743292
ACK_OPENING,50892,42510,1765447358747222
ACK_OPENING,50892,32530,1765447358748548
ACK_OPENING,50892,6518,1765447358758077
ACK_OPENING,34884,62506,1765447358763984
ACK_OPENING,50892,12736,1765447358764062
ACK_OPENING,25828,61693,1765447358765169
ACK_OPENING,30767,25828,1765447358772108
ACK_OPENING,50892,28415,1765447358773027
ACK_OPENING,50892,12140,1765447358774104
ACK_OPENING,50892,22050,1765447358775511
ACK_OPENING,50892,54720,1765447358775705
ACK_OPENING,50892,13504,1765447358777033
ACK_OPENING,50892,42091,1765447358780278
ACK_OPENING,50892,16025,1765447358782511
ACK_OPENING,50892,55076,1765447358791311
ACK_OPENING,50892,41204,1765447358791767
ACK_OPENING,50892,35159,1765447358797508
ACK_OPENING,50892,190,1765447358798956
ACK_OPENING,50892,62135,1765447358801157
ACK_OPENING,50892,47563,1765447358812867
ACK_OPENING,50892,48717,1765447358824981
ACK_OPENING,50892,35901,1765447358828389
ACK_OPENING,50892,55559,1765447358830267
ACK_OPENING,50892,30767,1765447358846207
ACK_OPENING,50892,7052,1765447358850397
ACK_OPENING,50892,31717,1765447358851286
ACK_OPENING,50892,33359,1765447358861242
ACK_OPENING,50892,44432,1765447358863571
ACK_OPENING,50892,34884,1765447358869253
ACK_OPENING,50892,17595,1765447358892251
ACK_OPENING,55559,15259,1765447358940636
ACK_OPENING,50782,50892,1765447358961549
ACK_OPENING,50892,14290,1765447359083939
ACK_OPENING,62135,50782,1765447359158510
ACK_OPENING,50892,48539,1765447359241261
ACK_OPENING,50892,46433,1765447359281862
ACK_OPENING,44432,60820,1765447359290991
ACK_OPENING,50892,17062,1765447359292667
ACK_OPENING,50892,29854,1765447359304981
ACK_OPENING,50892,63185,1765447359312469
ACK_OPENING,50892,42510,1765447359315664
ACK_OPENING,50892,32530,1765447359318659
ACK_OPENING,48717,61693,1765447359338288
ACK_OPENING,50892,22050,1765447359348271
ACK_OPENING,48539,58903,1765447359348829
ACK_OPENING,50892,16025,1765447359350661
ACK_OPENING,50892,42091,1765447359352684
ACK_OPENING,50892,12736,1765447359357733
ACK_OPENING,50892,13504,1765447359361807
ACK_OPENING,50892,6518,1765447359367003
ACK_OPENING,50892,25828,1765447359375420
ACK_OPENING,50892,190,1765447359379688
ACK_OPENING,50892,12140,1765447359384720
ACK_OPENING,29854,62506,1765447359386479
ACK_OPENING,50892,28415,1765447359391548
ACK_OPENING,50892,35159,1765447359398465
ACK_OPENING,50892,55076,1765447359406914
ACK_OPENING,50892,41204,1765447359408115
ACK_OPENING,50892,7052,1765447359419508
ACK_OPENING,50892,48717,1765447359426531
ACK_OPENING,50892,47563,1765447359429842
ACK_OPENING,50892,44432,1765447359439854
ACK_OPENING,50892,62135,1765447359447844
ACK_OPENING,50892,35901,1765447359454415
ACK_OPENING,50892,31717,1765447359460179
ACK_OPENING,50892,33359,1765447359476165
ACK_OPENING,50892,17595,1765447359479373
ACK_OPENING,50892,54720,1765447359509725
ACK_OPENING,50892,55559,1765447359518242
ACK_OPENING,50892,34884,1765447359547778
ACK_OPENING,35901,15259,1765447359582179
ACK_OPENING,50892,30767,1765447359629590
ACK_OPENING,50782,14290,1765447359652988
ACK_OPENING,25828,50782,1765447359777628
ACK_OPENING,50782,48539,1765447359857658
ACK_OPENING,50782,63185,1765447359871622
ACK_OPENING,50782,29854,1765447359878241
ACK_OPENING,50782,46433,1765447359898578
ACK_OPENING,33359,61693,1765447359909399
ACK_OPENING,50782,17062,1765447359910536
ACK_OPENING,16025,60820,1765447359915917
ACK_OPENING,50782,16025,1765447359916742
ACK_OPENING,50782,42510,1765447359924377
ACK_OPENING,50782,32530,1765447359929680
ACK_OPENING,50782,12736,1765447359933396
ACK_OPENING,50782,12140,1765447359946714
ACK_OPENING,50782,22050,1765447359955143
ACK_OPENING,50892,25828,1765447359958796
ACK_OPENING,50782,13504,1765447359960350
ACK_OPENING,50782,6518,1765447359974582
ACK_OPENING,55559,58903,1765447359977830
ACK_OPENING,50782,28415,1765447359984072
ACK_OPENING,50782,190,1765447359989552
ACK_OPENING,50782,42091,1765447359993401
ACK_OPENING,50782,44432,1765447360013449
ACK_OPENING,62135,62506,1765447360016951
ACK_OPENING,50782,35159,1765447360017006
ACK_OPENING,50782,55076,1765447360019059
ACK_OPENING,50782,7052,1765447360028156
ACK_OPENING,50782,31717,1765447360029036
ACK_OPENING,50782,41204,1765447360039367
ACK_OPENING,50782,62135,1765447360044924
ACK_OPENING,50782,47563,1765447360048080
ACK_OPENING,50782,35901,1765447360049520
ACK_OPENING,50782,33359,1765447360092325
ACK_OPENING,50782,54720,1765447360113044
ACK_OPENING,50782,48717,1765447360154254
ACK_OPENING,50782,55559,1765447360180334
ACK_OPENING,12736,15259,1765447360184418
ACK_OPENING,50782,14290,1765447360223256
ACK_OPENING,50782,17595,1765447360237391
ACK_OPENING,50782,34884,1765447360396125
ACK_OPENING,12140,50782,1765447360396888
ACK_OPENING,50782,63185,1765447360444702
ACK_OPENING,50782,29854,1765447360446139
ACK_OPENING,50782,48539,1765447360453575
ACK_OPENING,50782,16025,1765447360479962
ACK_OPENING,50782,32530,1765447360498938
ACK_OPENING,50782,46433,1765447360514328
ACK_OPENING,50782,42510,1765447360518905
ACK_OPENING,54720,61693,1765447360521537
ACK_OPENING,50782,22050,1765447360524461
ACK_OPENING,50782,17062,1765447360524758
ACK_OPENING,50782,12140,1765447360535220
ACK_OPENING,50782,28415,1765447360545795
ACK_OPENING,50782,6518,1765447360553904
ACK_OPENING,50782,190,1765447360565644
ACK_OPENING,31717,60820,1765447360567078
ACK_OPENING,50782,13504,1765447360571140
ACK_OPENING,50782,12736,1765447360571202
ACK_OPENING,50782,42091,1765447360587597
ACK_OPENING,50782,30767,1765447360588879
ACK_OPENING,50782,25828,1765447360592734
ACK_OPENING,50782,7052,1765447360595912
ACK_OPENING,50782,35159,1765447360603219
ACK_OPENING,50782,62135,1765447360603314
ACK_OPENING,50892,58903,1765447360604481
ACK_OPENING,50782,31717,1765447360611720
ACK_OPENING,50782,44432,1765447360627675
ACK_OPENING,50782,55076,1765447360636535
ACK_OPENING,47563,62506,1765447360638429
ACK_OPENING,50782,41204,1765447360651276
ACK_OPENING,50782,47563,1765447360665138
ACK_OPENING,50782,33359,1765447360672906
ACK_OPENING,50782,35901,1765447360717065
ACK_OPENING,50782,54720,1765447360734608
ACK_OPENING,50892,15259,1765447360821546
ACK_OPENING,50782,48717,1765447360894620
ACK_OPENING,50782,55559,1765447360957159
ACK_OPENING,50892,14290,1765447360963566
ACK_OPENING,50892,50782,1765447360967020
ACK_OPENING,50782,34884,1765447361020322
ACK_OPENING,50782,17595,1765447361054375
ACK_OPENING,6518,61693,1765447361079486
ACK_OPENING,50782,25828,1765447361137457
ACK_OPENING,30767,60820,1765447361181756
ACK_OPENING,31717,62506,1765447361219811
ACK_OPENING,50782,58903,1765447361223906
ACK_OPENING,50782,30767,1765447361281508
ACK_OPENING,50782,15259,1765447361429580
ACK_OPENING,63185,50782,1765447361516609
ACK_OPENING,42091,25828,1765447361689436
ACK_OPENING,62135,61693,1765447361730525
ACK_OPENING,30767,62506,1765447361753934
ACK_OPENING,13504,60820,1765447361796683
ACK_OPENING,50892,58903,1765447361827046
ACK_OPENING,50892,15259,1765447362044793
ACK_OPENING,50892,50782,1765447362163264
ACK_OPENING,50892,62506,1765447362249833
ACK_OPENING,35901,25828,1765447362263535
ACK_OPENING,35901,60820,1765447362445749
ACK_OPENING,50782,58903,1765447362474627
ACK_OPENING,13504,61693,1765447362568767
ACK_OPENING,50782,15259,1765447362624894
ACK_OPENING,33359,50782,1765447362779084
ACK_OPENING,50892,62506,1765447362827461
ACK_OPENING,33359,33359,1765447362884751
ACK_OPENING,54720,58903,1765447363309953
ACK_OPENING,46433,60820,1765447363314815
ACK_OPENING,54720,25828,1765447363339337
REGISTER,3936,54720|30767|42091|35159|13504|50892|28415|17062|55559|15259|58903|48717|16025|32794|22050|33359|62135|47563|48539|12736|44432|25828|190|55076|31717|60820|50782|34884|41204|35901|63185|42510|32530|12140|7052|17595|14290|6518|46433|61693|29854|62506,1765447188051204
ACK_OPENING,32530,15259,1765447363395040
ACK_OPENING,31717,61693,1765447363461159
ACK_OPENING,190,50782,1765447363540395
ACK_OPENING,32794,32794,1765447363548299
ACK_OPENING,33359,35159,1765447363567061
ACK_OPENING,33359,48539,1765447363577020
ACK_OPENING,33359,48717,1765447363595663
ACK_OPENING,33359,29854,1765447363601201
ACK_OPENING,33359,63185,1765447363604305
ACK_OPENING,33359,31717,1765447363609043
ACK_OPENING,50782,62506,1765447363609811
ACK_OPENING,33359,32530,1765447363622007
ACK_OPENING,33359,46433,1765447363625811
ACK_OPENING,33359,47563,1765447363638189
ACK_OPENING,33359,17062,1765447363640707
ACK_OPENING,33359,22050,1765447363644977
ACK_OPENING,33359,50892,1765447363649751
ACK_OPENING,33359,190,1765447363656220
ACK_OPENING,33359,12140,1765447363658333
ACK_OPENING,33359,44432,1765447363664437
ACK_OPENING,33359,35901,1765447363666541
ACK_OPENING,33359,41204,1765447363674977
ACK_OPENING,33359,6518,1765447363679730
ACK_OPENING,33359,34884,1765447363680342
ACK_OPENING,33359,42510,1765447363696212
ACK_OPENING,33359,28415,1765447363702967
ACK_OPENING,33359,42091,1765447363703642
ACK_OPENING,33359,12736,1765447363707370
ACK_OPENING,33359,55559,1765447363713071
ACK_OPENING,33359,30767,1765447363721331
ACK_OPENING,33359,14290,1765447363721794
ACK_OPENING,33359,54720,1765447363746927
ACK_OPENING,33359,7052,1765447363747361
ACK_OPENING,33359,62135,1765447363758112
ACK_OPENING,33359,16025,1765447363777058
ACK_OPENING,33359,55076,1765447363781595
ACK_OPENING,33359,17595,1765447363841717
ACK_OPENING,47563,58903,1765447363876965
ACK_OPENING,50892,60820,1765447363879152
ACK_OPENING,32794,33359,1765447363914994
ACK_OPENING,33359,13504,1765447363980463
ACK_OPENING,31717,25828,1765447364004597
ACK_OPENING,190,15259,1765447364012302
ACK_OPENING,32794,35159,1765447364144216
ACK_OPENING,50892,61693,1765447364156540
ACK_OPENING,32794,29854,1765447364172749
ACK_OPENING,32794,31717,1765447364188535
ACK_OPENING,32794,48539,1765447364194257
ACK_OPENING,32794,32530,1765447364195172
ACK_OPENING,50782,62506,1765447364196541
ACK_OPENING,33359,50782,1765447364203432
ACK_OPENING,32794,17062,1765447364214459
ACK_OPENING,32794,22050,1765447364219744
ACK_OPENING,32794,63185,1765447364221718
ACK_OPENING,12736,32794,1765447364229035
ACK_OPENING,32794,47563,1765447364238072
ACK_OPENING,32794,41204,1765447364238342
ACK_OPENING,32794,46433,1765447364240767
ACK_OPENING,32794,6518,1765447364256966
ACK_OPENING,32794,48717,1765447364258059
ACK_OPENING,32794,12140,1765447364274153
ACK_OPENING,32794,190,1765447364274865
ACK_OPENING,32794,44432,1765447364282505
ACK_OPENING,32794,50892,1765447364297727
ACK_OPENING,32794,14290,1765447364310056
ACK_OPENING,32794,42510,1765447364313863
ACK_OPENING,32794,35901,1765447364314235
ACK_OPENING,32794,42091,1765447364319229
ACK_OPENING,32794,28415,1765447364320035
ACK_OPENING,32794,7052,1765447364334237
ACK_OPENING,32794,55559,1765447364364633
ACK_OPENING,32794,62135,1765447364380619
ACK_OPENING,32794,16025,1765447364394048
ACK_OPENING,32794,30767,1765447364396238
ACK_OPENING,32794,12736,1765447364413950
ACK_OPENING,32794,17595,1765447364451608
ACK_OPENING,32794,54720,1765447364453902
ACK_OPENING,32794,34884,1765447364473116
ACK_OPENING,50892,60820,1765447364489678
ACK_OPENING,41204,58903,1765447364532319
ACK_OPENING,32794,13504,1765447364543710
ACK_OPENING,32794,55076,1765447364572142
ACK_OPENING,14290,15259,1765447364635974
ACK_OPENING,54720,25828,1765447364685829
ACK_OPENING,17595,62506,1765447364776126
READY,61693,1765447364802311
ACK_OPENING,14290,61693,1765447364802392
ACK_OPENING,32794,50782,1765447364824298
ACK_OPENING,48539,32794,1765447364833190
ACK_OPENING,34884,58903,1765447365049365
ACK_OPENING,50782,60820,1765447365072390
ACK_OPENING,31717,15259,1765447365234803
ACK_OPENING,6518,25828,1765447365305374
ACK_OPENING,32530,62506,1765447365392983
ACK_OPENING,50782,61693,1765447365416726
ACK_OPENING,31717,32794,1765447365429194
ACK_OPENING,13504,50782,1765447365441071
ACK_OPENING,17062,58903,1765447365592057
ACK_OPENING,50782,60820,1765447365642948
ACK_OPENING,30767,15259,1765447365769807
ACK_OPENING,14290,25828,1765447365922876
ACK_OPENING,50892,61693,1765447366002896
ACK_OPENING,6518,50782,1765447366012359
ACK_OPENING,63185,62506,1765447366036260
ACK_OPENING,60820,32794,1765447366052012
ACK_OPENING,63185,58903,1765447366096875
ACK_OPENING,54720,50782,1765447366499471
ACK_OPENING,33359,25828,1765447366538109
ACK_OPENING,63185,58903,1765447366569276
ACK_OPENING,46433,62506,1765447366578606
ACK_OPENING,55559,60820,1765447366616011
ACK_OPENING,50782,61693,1765447366652695
ACK_OPENING,190,32794,1765447366674668
ACK_OPENING,6518,15259,1765447366777749
ACK_OPENING,55076,50782,1765447366997579
ACK_OPENING,33359,58903,1765447367047773
ACK_OPENING,32794,25828,1765447367192439
ACK_OPENING,60820,62506,1765447367201020
ACK_OPENING,54720,32794,1765447367251124
ACK_OPENING,33359,61693,1765447367273912
ACK_OPENING,13504,60820,1765447367277779
ACK_OPENING,44432,15259,1765447367488311
ACK_OPENING,17595,50782,1765447367597319
ACK_OPENING,3936,3936,1765447367808600
ACK_OPENING,32794,58903,1765447367816166
REGISTER,44939,29854|62506|28415|17062|54720|30767|42091|35159|13504|50892|55559|15259|58903|3936|48717|16025|32794|44432|25828|22050|33359|62135|47563|48539|12736|190|55076|31717|60820|50782|34884|41204|35901|14290|63185|42510|32530|12140|7052|17595|6518|46433|61693,1765447188097290
ACK_OPENING,32794,61693,1765447367950340
ACK_OPENING,13504,62506,1765447367959002
ACK_OPENING,54720,60820,1765447367962128
ACK_OPENING,63185,25828,1765447368079592
ACK_OPENING,63185,32794,1765447368165660
ACK_OPENING,48539,50782,1765447368168091
ACK_OPENING,3936,50892,1765447368235640
ACK_OPENING,3936,42091,1765447368265371
ACK_OPENING,3936,41204,1765447368288824
ACK_OPENING,3936,14290,1765447368294351
ACK_OPENING,3936,35159,1765447368302478
ACK_OPENING,3936,28415,1765447368311572
ACK_OPENING,3936,54720,1765447368320172
ACK_OPENING,3936,12140,1765447368336305
ACK_OPENING,3936,17062,1765447368340659
ACK_OPENING,3936,6518,1765447368353327
ACK_OPENING,48539,15259,1765447368355204
ACK_OPENING,3936,16025,1765447368362964
ACK_OPENING,3936,13504,1765447368373614
ACK_OPENING,3936,32530,1765447368376094
ACK_OPENING,3936,33359,1765447368376836
ACK_OPENING,3936,63185,1765447368386693
ACK_OPENING,3936,44432,1765447368387921
ACK_OPENING,3936,46433,1765447368393948
ACK_OPENING,3936,48539,1765447368432986
ACK_OPENING,3936,55076,1765447368440401
ACK_OPENING,3936,55559,1765447368445881
ACK_OPENING,62135,3936,1765447368454637
ACK_OPENING,3936,62135,1765447368455295
ACK_OPENING,3936,42510,1765447368459881
ACK_OPENING,3936,34884,1765447368468820
ACK_OPENING,48717,58903,1765447368470984
ACK_OPENING,3936,7052,1765447368508857
ACK_OPENING,3936,12736,1765447368526335
ACK_OPENING,3936,47563,1765447368549316
ACK_OPENING,3936,17595,1765447368552798
ACK_OPENING,3936,48717,1765447368574053
ACK_OPENING,3936,30767,1765447368575218
ACK_OPENING,3936,35901,1765447368577208
ACK_OPENING,14290,60820,1765447368583286
ACK_OPENING,3936,61693,1765447368585347
ACK_OPENING,3936,31717,1765447368592656
ACK_OPENING,50892,62506,1765447368596768
READY,60820,1765447368602870
ACK_OPENING,3936,190,1765447368615982
ACK_OPENING,3936,29854,1765447368637254
ACK_OPENING,3936,22050,1765447368656434
ACK_OPENING,3936,32794,1765447368737379
ACK_OPENING,12736,25828,1765447368745643
ACK_OPENING,28415,50782,1765447368754601
ACK_OPENING,33359,15259,1765447368980838
ACK_OPENING,50892,3936,1765447369069313
ACK_OPENING,60820,58903,1765447369086362
ACK_OPENING,33359,60820,1765447369153704
ACK_OPENING,30767,62506,1765447369249704
ACK_OPENING,3936,50782,1765447369324343
ACK_OPENING,62506,25828,1765447369363752
ACK_OPENING,30767,32794,1765447369379761
ACK_OPENING,32794,15259,1765447369597684
ACK_OPENING,22050,3936,1765447369686536
ACK_OPENING,62135,58903,1765447369705604
ACK_OPENING,32794,60820,1765447369748216
ACK_OPENING,15259,50782,1765447369858809
ACK_OPENING,33359,62506,1765447369880199
ACK_OPENING,15259,25828,1765447369984741
ACK_OPENING,12140,32794,1765447370073530
ACK_OPENING,41204,15259,1765447370190116
ACK_OPENING,42510,3936,1765447370232200
ACK_OPENING,13504,58903,1765447370238355
ACK_OPENING,47563,50782,1765447370344026
ACK_OPENING,3936,60820,1765447370389664
ACK_OPENING,32794,62506,1765447370478636
ACK_OPENING,55076,25828,1765447370603685
ACK_OPENING,42091,15259,1765447370722182
ACK_OPENING,29854,3936,1765447370725271
ACK_OPENING,13504,50782,1765447370828405
ACK_OPENING,190,58903,1765447370878493
ACK_OPENING,17595,32794,1765447370981327
ACK_OPENING,42510,62506,1765447371094543
ACK_OPENING,55559,3936,1765447371207160
ACK_OPENING,12140,15259,1765447371246292
ACK_OPENING,62135,25828,1765447371268561
ACK_OPENING,60820,50782,1765447371313415
ACK_OPENING,35159,58903,1765447371413509
ACK_OPENING,33359,32794,1765447371629813
ACK_OPENING,44432,62506,1765447371661599
ACK_OPENING,54720,3936,1765447371685218
ACK_OPENING,34884,15259,1765447371776198
ACK_OPENING,44432,44432,1765447371960726
ACK_OPENING,30767,25828,1765447372107054
ACK_OPENING,22050,58903,1765447372258149
ACK_OPENING,32530,50782,1765447372302696
ACK_OPENING,42510,32794,1765447372480701
ACK_OPENING,62506,15259,1765447372505051
ACK_OPENING,6518,62506,1765447372550634
REGISTER,31810,48717|16025|32794|12736|44432|25828|22050|33359|62135|47563|48539|190|55076|31717|60820|50782|34884|41204|35901|17595|14290|63185|42510|32530|12140|7052|6518|46433|61693|29854|62506|44939|50892|28415|17062|54720|30767|42091|35159|13504|55559|15259|58903|3936,1765447188353498
ACK_OPENING,6518,3936,1765447372560683
ACK_OPENING,44939,44939,1765447372587697
ACK_OPENING,44432,190,1765447372620880
ACK_OPENING,44432,16025,1765447372623690
ACK_OPENING,44432,48539,1765447372660256
ACK_OPENING,44432,28415,1765447372667906
ACK_OPENING,44432,41204,1765447372668139
ACK_OPENING,44432,29854,1765447372668750
ACK_OPENING,44432,14290,1765447372676382
ACK_OPENING,44432,17062,1765447372680041
ACK_OPENING,44432,63185,1765447372689365
ACK_OPENING,44432,6518,1765447372690762
ACK_OPENING,44432,12140,1765447372692120
ACK_OPENING,44432,12736,1765447372692761
ACK_OPENING,44432,61693,1765447372701301
ACK_OPENING,44432,54720,1765447372703604
ACK_OPENING,44432,22050,1765447372712045
ACK_OPENING,44432,47563,1765447372716727
ACK_OPENING,44432,42510,1765447372717982
ACK_OPENING,44432,46433,1765447372721938
ACK_OPENING,44432,33359,1765447372725909
ACK_OPENING,44432,42091,1765447372728702
ACK_OPENING,44432,48717,1765447372738651
ACK_OPENING,44432,60820,1765447372747678
ACK_OPENING,44432,62135,1765447372749262
ACK_OPENING,44432,55076,1765447372754194
ACK_OPENING,44432,50892,1765447372755251
ACK_OPENING,44432,32530,1765447372761350
ACK_OPENING,44432,35901,1765447372773521
ACK_OPENING,44432,7052,1765447372784159
ACK_OPENING,44432,35159,1765447372784743
ACK_OPENING,44432,31717,1765447372795143
ACK_OPENING,44432,55559,1765447372795945
ACK_OPENING,44432,30767,1765447372801481
ACK_OPENING,44432,17595,1765447372819441
ACK_OPENING,3936,25828,1765447372826901
ACK_OPENING,6518,58903,1765447372841928
ACK_OPENING,44432,13504,1765447372875944
ACK_OPENING,44939,44432,1765447372892013
ACK_OPENING,12736,50782,1765447372963811
ACK_OPENING,13504,15259,1765447373092189
ACK_OPENING,34884,32794,1765447373097668
ACK_OPENING,44939,3936,1765447373129566
ACK_OPENING,13504,62506,1765447373149340
ACK_OPENING,44432,34884,1765447373195347
ACK_OPENING,44939,48539,1765447373227296
ACK_OPENING,44939,14290,1765447373242984
ACK_OPENING,44939,28415,1765447373245967
ACK_OPENING,44939,63185,1765447373256821
ACK_OPENING,44939,190,1765447373263644
ACK_OPENING,44939,12140,1765447373272101
ACK_OPENING,44939,41204,1765447373279246
ACK_OPENING,44939,16025,1765447373291708
ACK_OPENING,44939,42091,1765447373296856
ACK_OPENING,44939,33359,1765447373300979
ACK_OPENING,44939,12736,1765447373312875
ACK_OPENING,44939,6518,1765447373314038
ACK_OPENING,44939,48717,1765447373315164
ACK_OPENING,44939,54720,1765447373327593
ACK_OPENING,44939,17062,1765447373336843
ACK_OPENING,44939,46433,1765447373341491
ACK_OPENING,44939,50892,1765447373342064
ACK_OPENING,44939,29854,1765447373342162
ACK_OPENING,44939,22050,1765447373350229
ACK_OPENING,44939,55076,1765447373354301
ACK_OPENING,44939,47563,1765447373357622
ACK_OPENING,44939,60820,1765447373366035
ACK_OPENING,44939,62135,1765447373366458
ACK_OPENING,44939,32530,1765447373379668
ACK_OPENING,44939,42510,1765447373401262
ACK_OPENING,44939,61693,1765447373401251
ACK_OPENING,3936,58903,1765447373402822
ACK_OPENING,44939,7052,1765447373403538
ACK_OPENING,44939,31717,1765447373414197
ACK_OPENING,44939,35159,1765447373414688
ACK_OPENING,12140,25828,1765447373448664
ACK_OPENING,44939,35901,1765447373512764
ACK_OPENING,44939,55559,1765447373521748
ACK_OPENING,47563,44939,1765447373569210
ACK_OPENING,44939,13504,1765447373580325
ACK_OPENING,62135,50782,1765447373580913
ACK_OPENING,44939,30767,1765447373633351
ACK_OPENING,44432,3936,1765447373664254
ACK_OPENING,44939,17595,1765447373673027
ACK_OPENING,14290,62506,1765447373687401
ACK_OPENING,62135,15259,1765447373708721
ACK_OPENING,44939,34884,1765447373835786
ACK_OPENING,61693,58903,1765447373908349
ACK_OPENING,44939,32794,1765447373984119
ACK_OPENING,34884,25828,1765447374068840
ACK_OPENING,58903,3936,1765447374163605
ACK_OPENING,61693,50782,1765447374174456
ACK_OPENING,62135,44939,1765447374195092
ACK_OPENING,62135,62506,1765447374199762
ACK_OPENING,3936,15259,1765447374329500
ACK_OPENING,54720,58903,1765447374378714
ACK_OPENING,44432,32794,1765447374640831
ACK_OPENING,190,25828,1765447374689606
ACK_OPENING,44939,50782,1765447374714648
ACK_OPENING,16025,3936,1765447374745317
ACK_OPENING,22050,44939,1765447374813243
ACK_OPENING,35159,62506,1765447374982007
ACK_OPENING,42510,58903,1765447375025785
ACK_OPENING,44432,50782,1765447375217213
ACK_OPENING,48539,32794,1765447375264335
ACK_OPENING,42510,15259,1765447375288832
ACK_OPENING,48539,3936,1765447375298843
ACK_OPENING,22050,25828,1765447375308290
ACK_OPENING,63185,44939,1765447375370601
ACK_OPENING,3936,62506,1765447375598071
ACK_OPENING,31717,58903,1765447375641040
ACK_OPENING,41204,50782,1765447375702150
ACK_OPENING,35159,25828,1765447375850296
ACK_OPENING,17062,44939,1765447375895999
ACK_OPENING,60820,15259,1765447375939687
ACK_OPENING,54720,3936,1765447375945840
ACK_OPENING,22050,50782,1765447376185903
ACK_OPENING,54720,32794,1765447376197508
ACK_OPENING,17062,62506,1765447376216728
ACK_OPENING,12736,58903,1765447376251208
ACK_OPENING,41204,25828,1765447376354964
ACK_OPENING,47563,3936,1765447376522617
ACK_OPENING,29854,44939,1765447376546771
ACK_OPENING,63185,15259,1765447376588111
ACK_OPENING,32530,32530,1765447376824222
ACK_OPENING,55076,58903,1765447376842309
READY,62506,1765447376970171
ACK_OPENING,28415,62506,1765447376970062
ACK_OPENING,42091,32794,1765447377040807
ACK_OPENING,44939,25828,1765447377048814
ACK_OPENING,58903,50782,1765447377056686
REGISTER,40232,6518|46433|61693|29854|62506|44939|54720|30767|42091|35159|13504|50892|28415|17062|55559|15259|58903|3936|31810|48717|16025|32794|22050|33359|62135|47563|48539|12736|44432|25828|190|55076|31717|60820|50782|34884|41204|35901|63185|42510|32530|12140|7052|17595|14290,1765447188373399
ACK_OPENING,31717,44939,1765447377406557
ACK_OPENING,31810,31810,1765447377422633
ACK_OPENING,48717,15259,1765447377439135
ACK_OPENING,33359,3936,1765447377439409
ACK_OPENING,32530,12140,1765447377526151
ACK_OPENING,32530,35159,1765447377550422
ACK_OPENING,32530,46433,1765447377582680
ACK_OPENING,30767,58903,1765447377611619
ACK_OPENING,32530,62135,1765447377615793
ACK_OPENING,32530,50892,1765447377629017
ACK_OPENING,32530,61693,1765447377634433
ACK_OPENING,32530,190,1765447377635920
ACK_OPENING,32530,41204,1765447377638809
ACK_OPENING,32530,42091,1765447377643921
ACK_OPENING,32530,7052,1765447377645991
ACK_OPENING,32530,30767,1765447377648046
ACK_OPENING,32530,31717,1765447377650237
ACK_OPENING,32530,63185,1765447377658962
ACK_OPENING,32530,54720,1765447377659323
ACK_OPENING,32530,17062,1765447377663010
ACK_OPENING,32530,29854,1765447377663372
ACK_OPENING,32530,44432,1765447377669401
ACK_OPENING,32530,55559,1765447377672771
ACK_OPENING,32530,14290,1765447377672731
ACK_OPENING,32530,60820,1765447377682891
ACK_OPENING,32530,16025,1765447377686842
ACK_OPENING,32530,28415,1765447377689103
ACK_OPENING,32530,33359,1765447377697606
ACK_OPENING,32530,47563,1765447377710711
ACK_OPENING,32530,48717,1765447377712036
ACK_OPENING,32530,55076,1765447377718871
ACK_OPENING,32530,17595,1765447377727888
ACK_OPENING,32530,34884,1765447377742203
ACK_OPENING,44939,62506,1765447377766211
ACK_OPENING,48539,50782,1765447377766770
ACK_OPENING,32530,22050,1765447377771604
ACK_OPENING,32530,42510,1765447377776143
ACK_OPENING,32530,12736,1765447377789414
ACK_OPENING,32530,48539,1765447377806666
ACK_OPENING,31810,32530,1765447377809918
ACK_OPENING,48717,32794,1765447377892655
ACK_OPENING,32530,13504,1765447377942053
ACK_OPENING,32530,6518,1765447377975059
ACK_OPENING,32530,35901,1765447377988927
ACK_OPENING,50892,15259,1765447378025386
ACK_OPENING,30767,31810,1765447378052084
ACK_OPENING,7052,3936,1765447378054721
ACK_OPENING,32530,44939,1765447378071163
ACK_OPENING,31810,12140,1765447378150437
ACK_OPENING,44432,25828,1765447378154298
ACK_OPENING,31810,46433,1765447378211930
ACK_OPENING,31810,7052,1765447378226337
ACK_OPENING,31810,35159,1765447378242717
ACK_OPENING,31810,50892,1765447378246051
ACK_OPENING,31810,62135,1765447378246777
ACK_OPENING,31810,190,1765447378255583
ACK_OPENING,31810,42091,1765447378255947
ACK_OPENING,31810,41204,1765447378256310
ACK_OPENING,44939,58903,1765447378265352
ACK_OPENING,31810,63185,1765447378271328
ACK_OPENING,31810,31717,1765447378275060
ACK_OPENING,31810,30767,1765447378276797
ACK_OPENING,31810,29854,1765447378283427
ACK_OPENING,31810,17062,1765447378286533
ACK_OPENING,31810,44432,1765447378286795
ACK_OPENING,31810,60820,1765447378287371
ACK_OPENING,31810,14290,1765447378292268
ACK_OPENING,31810,16025,1765447378302827
ACK_OPENING,31810,54720,1765447378307229
ACK_OPENING,31810,33359,1765447378328385
ACK_OPENING,31810,47563,1765447378335595
ACK_OPENING,31810,28415,1765447378339437
ACK_OPENING,31810,55076,1765447378343026
ACK_OPENING,31810,17595,1765447378376597
ACK_OPENING,44432,62506,1765447378385832
ACK_OPENING,46433,50782,1765447378385932
ACK_OPENING,31810,42510,1765447378395490
ACK_OPENING,31810,34884,1765447378396848
ACK_OPENING,31810,22050,1765447378397218
ACK_OPENING,31810,48539,1765447378432226
ACK_OPENING,31810,55559,1765447378441217
ACK_OPENING,31810,61693,1765447378480066
ACK_OPENING,31810,12736,1765447378497613
ACK_OPENING,6518,32794,1765447378507638
ACK_OPENING,31810,48717,1765447378540602
ACK_OPENING,41204,3936,1765447378623082
ACK_OPENING,31810,6518,1765447378660467
ACK_OPENING,58903,31810,1765447378668760
ACK_OPENING,31810,35901,1765447378689924
ACK_OPENING,31810,13504,1765447378691245
ACK_OPENING,16025,15259,1765447378693038
ACK_OPENING,42510,25828,1765447378725715
ACK_OPENING,44432,58903,1765447378816330
ACK_OPENING,31810,44939,1765447378825106
ACK_OPENING,48717,50782,1765447379004888
ACK_OPENING,32530,62506,1765447379022015
ACK_OPENING,35159,32794,1765447379065943
ACK_OPENING,32530,3936,1765447379139270
ACK_OPENING,42510,25828,1765447379260925
ACK_OPENING,34884,31810,1765447379283782
ACK_OPENING,54720,15259,1765447379308143
ACK_OPENING,42091,58903,1765447379351021
ACK_OPENING,33359,44939,1765447379523947
ACK_OPENING,34884,50782,1765447379594226
ACK_OPENING,31810,62506,1765447379673922
ACK_OPENING,32530,32794,1765447379683992
ACK_OPENING,7052,25828,1765447379779674
ACK_OPENING,13504,58903,1765447379825262
ACK_OPENING,44939,15259,1765447379957697
ACK_OPENING,31810,3936,1765447380124432
ACK_OPENING,13504,44939,1765447380147441
ACK_OPENING,35159,50782,1765447380154712
ACK_OPENING,31810,32794,1765447380239649
ACK_OPENING,42091,31810,1765447380262877
ACK_OPENING,44432,58903,1765447380327902
ACK_OPENING,44432,15259,1765447380493261
ACK_OPENING,13504,3936,1765447380729295
ACK_OPENING,32530,50782,1765447380734520
ACK_OPENING,50892,25828,1765447380750623
ACK_OPENING,3936,44939,1765447380764974
ACK_OPENING,14290,58903,1765447380807775
ACK_OPENING,25828,32794,1765447380828015
ACK_OPENING,54720,31810,1765447380927685
ACK_OPENING,55076,15259,1765447381133399
READY,15259,1765447381133502
ACK_OPENING,35901,58903,1765447381402071
ACK_OPENING,34884,44939,1765447381454296
ACK_OPENING,55076,32794,1765447381542848
REGISTER,53315,63185|42510|32530|12140|7052|17595|14290|6518|46433|61693|40232|29854|62506|44939|17062|54720|30767|42091|35159|13504|50892|28415|55559|15259|58903|3936|31810|48717|16025|32794|25828|22050|33359|62135|47563|48539|12736|44432|190|55076|31717|60820|50782|34884|41204|35901,1765447188749979
ACK_OPENING,60820,3936,1765447381549342
ACK_OPENING,31810,50782,1765447381550126
ACK_OPENING,6518,25828,1765447381724541
ACK_OPENING,32530,31810,1765447381805416
ACK_OPENING,32530,15259,1765447381813634
ACK_OPENING,40232,40232,1765447381955483
ACK_OPENING,30767,58903,1765447381973759
ACK_OPENING,40232,190,1765447382006563
ACK_OPENING,33359,44939,1765447382011883
ACK_OPENING,40232,14290,1765447382018467
ACK_OPENING,40232,17062,1765447382020858
ACK_OPENING,40232,22050,1765447382041374
ACK_OPENING,40232,31717,1765447382078346
ACK_OPENING,40232,62506,1765447382085963
ACK_OPENING,40232,60820,1765447382104033
ACK_OPENING,40232,32530,1765447382123868
ACK_OPENING,40232,12140,1765447382130446
ACK_OPENING,40232,42091,1765447382131779
ACK_OPENING,40232,55559,1765447382138676
ACK_OPENING,40232,33359,1765447382141852
ACK_OPENING,40232,63185,1765447382150831
ACK_OPENING,6518,3936,1765447382157266
ACK_OPENING,35901,32794,1765447382164256
ACK_OPENING,40232,28415,1765447382165822
ACK_OPENING,40232,6518,1765447382172861
ACK_OPENING,40232,16025,1765447382178361
ACK_OPENING,40232,35159,1765447382178403
ACK_OPENING,40232,41204,1765447382178743
ACK_OPENING,62506,50782,1765447382188279
ACK_OPENING,40232,48539,1765447382191779
ACK_OPENING,40232,54720,1765447382196997
ACK_OPENING,40232,61693,1765447382200073
ACK_OPENING,40232,46433,1765447382248521
ACK_OPENING,40232,35901,1765447382274119
ACK_OPENING,40232,42510,1765447382278856
ACK_OPENING,40232,13504,1765447382283544
ACK_OPENING,40232,47563,1765447382292396
ACK_OPENING,40232,7052,1765447382293932
ACK_OPENING,40232,62135,1765447382301534
ACK_OPENING,40232,12736,1765447382311487
ACK_OPENING,40232,44432,1765447382315191
ACK_OPENING,40232,50892,1765447382321199
ACK_OPENING,40232,29854,1765447382340792
ACK_OPENING,40232,31810,1765447382368908
ACK_OPENING,40232,55076,1765447382383155
ACK_OPENING,40232,30767,1765447382410439
ACK_OPENING,40232,34884,1765447382421428
ACK_OPENING,40232,17595,1765447382429326
ACK_OPENING,62135,25828,1765447382446379
ACK_OPENING,31810,15259,1765447382477970
ACK_OPENING,40232,48717,1765447382495019
ACK_OPENING,35901,40232,1765447382529270
ACK_OPENING,28415,58903,1765447382589116
ACK_OPENING,42510,3936,1765447382676993
ACK_OPENING,34884,44939,1765447382702591
ACK_OPENING,62135,32794,1765447382735406
ACK_OPENING,54720,50782,1765447382804389
ACK_OPENING,42510,31810,1765447382867029
ACK_OPENING,40232,15259,1765447383026370
ACK_OPENING,61693,25828,1765447383102281
ACK_OPENING,33359,40232,1765447383107130
ACK_OPENING,7052,58903,1765447383116952
READY,58903,1765447383116974
ACK_OPENING,40232,44939,1765447383220979
ACK_OPENING,34884,31810,1765447383391185
ACK_OPENING,29854,50782,1765447383419686
ACK_OPENING,41204,32794,1765447383458962
ACK_OPENING,32530,58903,1765447383605316
ACK_OPENING,42510,40232,1765447383626645
ACK_OPENING,33359,3936,1765447383636095
ACK_OPENING,55559,25828,1765447383641860
ACK_OPENING,48539,31810,1765447383906234
ACK_OPENING,14290,50782,1765447384072867
ACK_OPENING,29854,32794,1765447384078211
ACK_OPENING,32530,44939,1765447384111510
ACK_OPENING,6518,58903,1765447384119648
ACK_OPENING,31717,40232,1765447384187168
ACK_OPENING,32530,25828,1765447384381685
ACK_OPENING,32794,3936,1765447384406705
ACK_OPENING,13504,31810,1765447384432095
ACK_OPENING,31810,58903,1765447384620839
ACK_OPENING,54720,44939,1765447384673266
ACK_OPENING,28415,32794,1765447384704921
ACK_OPENING,7052,50782,1765447384707931
ACK_OPENING,35159,31810,1765447384948945
ACK_OPENING,40232,3936,1765447384998388
ACK_OPENING,31810,25828,1765447385009129
ACK_OPENING,29854,40232,1765447385068839
ACK_OPENING,40232,58903,1765447385107096
ACK_OPENING,7052,44939,1765447385280157
ACK_OPENING,42510,50782,1765447385358399
ACK_OPENING,40232,32794,1765447385489418
ACK_OPENING,17595,3936,1765447385681328
ACK_OPENING,53315,53315,1765447385791122
ACK_OPENING,50892,40232,1765447385846393
REGISTER,11544,46433|61693|40232|6518|62506|44939|29854|30767|42091|35159|13504|50892|28415|17062|54720|15259|58903|3936|31810|55559|16025|32794|48717|33359|62135|47563|48539|12736|44432|25828|22050|55076|31717|60820|50782|190|41204|35901|53315|34884|42510|32530|12140|7052|17595|14290|63185,1765447188937634
ACK_OPENING,28415,25828,1765447385851698
ACK_OPENING,62506,31810,1765447385854291
ACK_OPENING,190,44939,1765447386021270
ACK_OPENING,6518,50782,1765447386106571
ACK_OPENING,53315,62135,1765447386128105
ACK_OPENING,53315,16025,1765447386140808
ACK_OPENING,53315,48539,1765447386173310
ACK_OPENING,47563,32794,1765447386176430
ACK_OPENING,53315,33359,1765447386181080
ACK_OPENING,53315,6518,1765447386182072
ACK_OPENING,53315,28415,1765447386200030
ACK_OPENING,53315,13504,1765447386203214
ACK_OPENING,53315,55076,1765447386212787
ACK_OPENING,53315,58903,1765447386220929
ACK_OPENING,53315,22050,1765447386245348
ACK_OPENING,53315,42510,1765447386248919
ACK_OPENING,53315,42091,1765447386252933
ACK_OPENING,53315,17062,1765447386272321
ACK_OPENING,53315,7052,1765447386283600
ACK_OPENING,53315,190,1765447386285386
ACK_OPENING,53315,32530,1765447386289819
ACK_OPENING,53315,17595,1765447386307907
ACK_OPENING,53315,63185,1765447386317178
ACK_OPENING,53315,35159,1765447386317864
ACK_OPENING,53315,44432,1765447386325546
ACK_OPENING,50892,3936,1765447386329401
ACK_OPENING,53315,60820,1765447386330186
ACK_OPENING,53315,31717,1765447386331907
ACK_OPENING,53315,50892,1765447386340903
ACK_OPENING,53315,29854,1765447386344148
ACK_OPENING,53315,46433,1765447386359294
ACK_OPENING,53315,14290,1765447386373328
ACK_OPENING,53315,15259,1765447386373721
ACK_OPENING,53315,41204,1765447386391450
ACK_OPENING,53315,12140,1765447386410290
ACK_OPENING,53315,62506,1765447386413533
ACK_OPENING,53315,34884,1765447386420866
ACK_OPENING,12736,53315,1765447386421019
ACK_OPENING,53315,40232,1765447386425276
ACK_OPENING,53315,48717,1765447386436117
ACK_OPENING,53315,47563,1765447386448767
ACK_OPENING,3936,31810,1765447386449327
ACK_OPENING,53315,54720,1765447386463464
ACK_OPENING,44432,25828,1765447386474211
ACK_OPENING,53315,35901,1765447386478019
ACK_OPENING,53315,61693,1765447386549682
ACK_OPENING,53315,55559,1765447386604896
ACK_OPENING,48539,44939,1765447386606370
ACK_OPENING,40232,50782,1765447386725515
ACK_OPENING,53315,30767,1765447386738371
ACK_OPENING,53315,12736,1765447386760742
ACK_OPENING,42510,32794,1765447386795252
ACK_OPENING,42091,3936,1765447386921225
ACK_OPENING,30767,40232,1765447386964087
ACK_OPENING,53315,31810,1765447387065704
ACK_OPENING,29854,53315,1765447387083048
ACK_OPENING,16025,25828,1765447387096314
ACK_OPENING,30767,44939,1765447387248484
ACK_OPENING,63185,50782,1765447387343198
ACK_OPENING,28415,3936,1765447387455583
ACK_OPENING,13504,40232,1765447387579055
ACK_OPENING,50892,53315,1765447387656112
ACK_OPENING,54720,31810,1765447387681252
ACK_OPENING,46433,32794,1765447387693270
ACK_OPENING,35159,44939,1765447387825327
ACK_OPENING,46433,25828,1765447387835861
ACK_OPENING,55559,50782,1765447387897543
ACK_OPENING,12736,3936,1765447387961125
ACK_OPENING,6518,40232,1765447388158754
ACK_OPENING,48539,31810,1765447388283729
ACK_OPENING,53315,44939,1765447388360083
ACK_OPENING,16025,32794,1765447388361497
ACK_OPENING,34884,50782,1765447388402118
ACK_OPENING,13504,25828,1765447388491427
ACK_OPENING,55076,3936,1765447388610737
ACK_OPENING,34884,53315,1765447388674501
ACK_OPENING,31810,40232,1765447388739447
ACK_OPENING,14290,44939,1765447388965290
ACK_OPENING,7052,32794,1765447388978477
ACK_OPENING,35901,50782,1765447388999701
ACK_OPENING,17595,25828,1765447389106214
ACK_OPENING,53315,3936,1765447389228419
ACK_OPENING,47563,31810,1765447389235386
ACK_OPENING,14290,40232,1765447389326943
ACK_OPENING,42510,53315,1765447389478122
ACK_OPENING,16025,44939,1765447389619776
ACK_OPENING,12140,12140,1765447389676945
ACK_OPENING,30767,50782,1765447389676983
ACK_OPENING,12140,12140,1765447389692740
ACK_OPENING,22050,32794,1765447389756752
ACK_OPENING,40232,25828,1765447389844158
ACK_OPENING,11544,11544,1765447390038826
REGISTER,8059,17595|14290|63185|42510|32530|12140|7052|6518|46433|61693|40232|29854|62506|44939|50892|28415|17062|54720|30767|42091|35159|13504|55559|15259|58903|3936|31810|48717|16025|32794|11544|12736|44432|25828|22050|33359|62135|47563|48539|190|55076|31717|60820|50782|34884|41204|35901|53315,1765447188962302
ACK_OPENING,14290,3936,1765447390156652
ACK_OPENING,6518,31810,1765447390172735
ACK_OPENING,58903,40232,1765447390292934
ACK_OPENING,54720,53315,1765447390299582
ACK_OPENING,12140,30767,1765447390416746
ACK_OPENING,12140,22050,1765447390420708
ACK_OPENING,12140,14290,1765447390431167
ACK_OPENING,12140,34884,1765447390438345
ACK_OPENING,12140,47563,1765447390442225
ACK_OPENING,12140,190,1765447390442550
ACK_OPENING,6518,44939,1765447390443688
ACK_OPENING,12140,55076,1765447390447160
ACK_OPENING,12140,62506,1765447390453399
ACK_OPENING,12140,48539,1765447390453413
ACK_OPENING,12140,28415,1765447390458890
ACK_OPENING,12140,55559,1765447390460067
ACK_OPENING,12140,12736,1765447390467586
ACK_OPENING,12140,63185,1765447390471603
ACK_OPENING,12140,29854,1765447390471811
ACK_OPENING,12140,17062,1765447390476163
ACK_OPENING,12140,42091,1765447390477348
ACK_OPENING,31717,50782,1765447390484009
ACK_OPENING,12140,60820,1765447390487228
ACK_OPENING,12140,7052,1765447390489033
ACK_OPENING,12140,44432,1765447390495708
ACK_OPENING,12140,62135,1765447390495994
ACK_OPENING,12140,16025,1765447390497348
ACK_OPENING,12140,46433,1765447390497544
ACK_OPENING,12140,6518,1765447390497866
ACK_OPENING,12140,41204,1765447390501857
ACK_OPENING,12140,48717,1765447390503237
ACK_OPENING,12140,54720,1765447390503523
ACK_OPENING,12140,15259,1765447390518868
ACK_OPENING,12140,13504,1765447390531417
ACK_OPENING,12140,35901,1765447390537538
ACK_OPENING,12140,32530,1765447390555367
ACK_OPENING,53315,32794,1765447390557754
ACK_OPENING,12140,58903,1765447390559604
ACK_OPENING,12140,42510,1765447390561633
ACK_OPENING,12140,50892,1765447390575572
ACK_OPENING,12140,33359,1765447390591189
ACK_OPENING,12140,35159,1765447390594215
ACK_OPENING,12140,61693,1765447390606974
ACK_OPENING,12140,31717,1765447390628814
ACK_OPENING,11544,12140,1765447390651780
ACK_OPENING,12140,11544,1765447390657965
ACK_OPENING,55559,31810,1765447390742775
ACK_OPENING,62135,3936,1765447390778152
ACK_OPENING,12140,17595,1765447390779262
ACK_OPENING,29854,25828,1765447390855560
ACK_OPENING,12140,53315,1765447390869204
ACK_OPENING,12140,40232,1765447390939754
ACK_OPENING,12140,30767,1765447391018679
ACK_OPENING,12140,14290,1765447391036550
ACK_OPENING,12140,12736,1765447391044078
ACK_OPENING,12140,47563,1765447391051737
ACK_OPENING,12140,190,1765447391063971
ACK_OPENING,12140,46433,1765447391067509
ACK_OPENING,12140,62506,1765447391070450
ACK_OPENING,12140,48539,1765447391071537
ACK_OPENING,12140,28415,1765447391076390
ACK_OPENING,12140,7052,1765447391087418
ACK_OPENING,12140,17062,1765447391088965
ACK_OPENING,12140,63185,1765447391091218
ACK_OPENING,12140,29854,1765447391091800
ACK_OPENING,12140,54720,1765447391092943
ACK_OPENING,12140,55076,1765447391095925
ACK_OPENING,12140,6518,1765447391098218
ACK_OPENING,42091,50782,1765447391102676
ACK_OPENING,12140,60820,1765447391104698
ACK_OPENING,12140,62135,1765447391114209
ACK_OPENING,12140,16025,1765447391116655
ACK_OPENING,12140,41204,1765447391121733
ACK_OPENING,12140,44432,1765447391143377
ACK_OPENING,12140,48717,1765447391147057
ACK_OPENING,32530,32794,1765447391147206
ACK_OPENING,12140,13504,1765447391149385
ACK_OPENING,12140,42091,1765447391171721
ACK_OPENING,12140,32530,1765447391179400
ACK_OPENING,12140,42510,1765447391192662
ACK_OPENING,12140,15259,1765447391195811
ACK_OPENING,12140,55559,1765447391195872
ACK_OPENING,12140,31717,1765447391199671
ACK_OPENING,12140,58903,1765447391201200
ACK_OPENING,12140,33359,1765447391208579
ACK_OPENING,12140,35159,1765447391215901
ACK_OPENING,12140,50892,1765447391218858
ACK_OPENING,12140,35901,1765447391221961
ACK_OPENING,12140,22050,1765447391231482
ACK_OPENING,12140,61693,1765447391244936
ACK_OPENING,54720,11544,1765447391291602
ACK_OPENING,22050,31810,1765447391316548
ACK_OPENING,12140,34884,1765447391389834
ACK_OPENING,15259,44939,1765447391401404
ACK_OPENING,61693,3936,1765447391424176
ACK_OPENING,12140,53315,1765447391438455
ACK_OPENING,63185,25828,1765447391520485
ACK_OPENING,12140,17595,1765447391532802
ACK_OPENING,12140,40232,1765447391582463
ACK_OPENING,11544,14290,1765447391611503
ACK_OPENING,11544,47563,1765447391621664
ACK_OPENING,11544,46433,1765447391640604
ACK_OPENING,11544,55076,1765447391665208
ACK_OPENING,11544,7052,1765447391679214
ACK_OPENING,11544,60820,1765447391681767
ACK_OPENING,11544,190,1765447391683409
ACK_OPENING,11544,6518,1765447391688955
ACK_OPENING,11544,62506,1765447391692529
ACK_OPENING,11544,28415,1765447391693911
ACK_OPENING,11544,41204,1765447391698318
ACK_OPENING,11544,63185,1765447391698379
ACK_OPENING,11544,17062,1765447391710859
ACK_OPENING,11544,29854,1765447391712325
ACK_OPENING,53315,50782,1765447391721537
ACK_OPENING,11544,62135,1765447391734575
ACK_OPENING,11544,44432,1765447391734790
ACK_OPENING,11544,16025,1765447391738528
ACK_OPENING,50892,32794,1765447391741050
ACK_OPENING,11544,54720,1765447391750983
ACK_OPENING,11544,48539,1765447391756298
ACK_OPENING,11544,31717,1765447391773890
ACK_OPENING,11544,15259,1765447391781387
ACK_OPENING,11544,13504,1765447391786740
ACK_OPENING,11544,32530,1765447391799914
ACK_OPENING,11544,35901,1765447391812749
ACK_OPENING,11544,55559,1765447391819758
ACK_OPENING,11544,35159,1765447391833198
ACK_OPENING,11544,12736,1765447391856919
ACK_OPENING,11544,33359,1765447391862620
ACK_OPENING,11544,42091,1765447391864590
ACK_OPENING,63185,11544,1765447391869361
ACK_OPENING,11544,61693,1765447391870542
ACK_OPENING,11544,42510,1765447391873228
ACK_OPENING,11544,58903,1765447391881265
ACK_OPENING,12140,31810,1765447391885827
ACK_OPENING,11544,50892,1765447391891159
ACK_OPENING,11544,48717,1765447391924067
ACK_OPENING,11544,30767,1765447391934783
ACK_OPENING,11544,22050,1765447391935914
ACK_OPENING,11544,34884,1765447392010618
ACK_OPENING,55559,44939,1765447392029949
ACK_OPENING,15259,3936,1765447392039860
ACK_OPENING,11544,53315,1765447392041606
ACK_OPENING,11544,17595,1765447392115496
ACK_OPENING,12140,40232,1765447392202976
ACK_OPENING,11544,14290,1765447392236037
ACK_OPENING,11544,47563,1765447392241551
ACK_OPENING,11544,60820,1765447392251430
ACK_OPENING,11544,7052,1765447392265434
ACK_OPENING,11544,55076,1765447392275632
ACK_OPENING,11544,62506,1765447392282733
ACK_OPENING,11544,46433,1765447392288534
ACK_OPENING,11544,17062,1765447392294267
ACK_OPENING,11544,41204,1765447392302607
ACK_OPENING,11544,28415,1765447392311989
ACK_OPENING,11544,63185,1765447392314790
ACK_OPENING,11544,6518,1765447392316264
ACK_OPENING,11544,62135,1765447392325818
ACK_OPENING,11544,44432,1765447392327279
ACK_OPENING,11544,190,1765447392333207
ACK_OPENING,17062,50782,1765447392338179
ACK_OPENING,11544,16025,1765447392341358
ACK_OPENING,13504,32794,1765447392362820
ACK_OPENING,48539,25828,1765447392369444
ACK_OPENING,11544,54720,1765447392371815
ACK_OPENING,11544,31717,1765447392375141
ACK_OPENING,11544,13504,1765447392387758
ACK_OPENING,11544,48539,1765447392388229
ACK_OPENING,11544,29854,1765447392388751
ACK_OPENING,11544,32530,1765447392391492
ACK_OPENING,11544,15259,1765447392407215
ACK_OPENING,11544,42091,1765447392436366
ACK_OPENING,11544,55559,1765447392443966
ACK_OPENING,11544,35159,1765447392448112
ACK_OPENING,12140,31810,1765447392461228
ACK_OPENING,11544,42510,1765447392468843
ACK_OPENING,11544,33359,1765447392480156
ACK_OPENING,11544,61693,1765447392490238
ACK_OPENING,11544,48717,1765447392501994
ACK_OPENING,11544,58903,1765447392507457
ACK_OPENING,11544,50892,1765447392508137
ACK_OPENING,48539,11544,1765447392510527
ACK_OPENING,11544,12736,1765447392512085
ACK_OPENING,11544,22050,1765447392557376
ACK_OPENING,11544,30767,1765447392572668
ACK_OPENING,11544,35901,1765447392593272
ACK_OPENING,11544,34884,1765447392631569
ACK_OPENING,11544,53315,1765447392637669
ACK_OPENING,30767,3936,1765447392655937
ACK_OPENING,13504,44939,1765447392730540
ACK_OPENING,11544,40232,1765447392765740
ACK_OPENING,11544,17595,1765447392802497
ACK_OPENING,11544,31810,1765447392942219
ACK_OPENING,42510,50782,1765447392953527
ACK_OPENING,33359,32794,1765447392979275
ACK_OPENING,48717,25828,1765447393005947
ACK_OPENING,60820,11544,1765447393163114
ACK_OPENING,63185,53315,1765447393204193
ACK_OPENING,63185,3936,1765447393210889
ACK_OPENING,11544,40232,1765447393285507
ACK_OPENING,35901,44939,1765447393332482
ACK_OPENING,11544,31810,1765447393461936
ACK_OPENING,44432,50782,1765447393547152
ACK_OPENING,58903,32794,1765447393629057
ACK_OPENING,44432,3936,1765447393718959
ACK_OPENING,62135,11544,1765447393747683
ACK_OPENING,25828,53315,1765447393838292
ACK_OPENING,17062,25828,1765447393960989
ACK_OPENING,12140,44939,1765447393977369
ACK_OPENING,32530,31810,1765447393981253
ACK_OPENING,16025,50782,1765447394092233
READY,50782,1765447394110338
ACK_OPENING,12140,3936,1765447394258471
ACK_OPENING,34884,40232,1765447394292721
ACK_OPENING,13504,11544,1765447394395584
ACK_OPENING,34884,32794,1765447394447420
REGISTER,60315,48717|16025|32794|11544|22050|33359|62135|47563|48539|12736|44432|25828|190|55076|31717|60820|50782|34884|41204|35901|53315|63185|42510|32530|12140|7052|17595|14290|6518|46433|61693|40232|29854|62506|44939|54720|30767|42091|35159|13504|50892|28415|17062|55559|15259|58903|3936|31810|8059,1765447189415305
ACK_OPENING,15259,31810,1765447394707015
ACK_OPENING,190,53315,1765447394731895
ACK_OPENING,30767,50782,1765447394823167
ACK_OPENING,8059,8059,1765447394834199
ACK_OPENING,60820,25828,1765447394836338
READY,25828,1765447394846588
ACK_OPENING,12140,3936,1765447394900448
ACK_OPENING,8059,190,1765447394981215
ACK_OPENING,12140,44939,1765447395010029
ACK_OPENING,8059,22050,1765447395020460
ACK_OPENING,8059,42510,1765447395031149
ACK_OPENING,8059,13504,1765447395032065
ACK_OPENING,8059,29854,1765447395036234
ACK_OPENING,8059,54720,1765447395059483
ACK_OPENING,12736,11544,1765447395065798
ACK_OPENING,8059,28415,1765447395075591
ACK_OPENING,8059,6518,1765447395078642
ACK_OPENING,8059,44432,1765447395089270
ACK_OPENING,8059,50892,1765447395089829
ACK_OPENING,8059,47563,1765447395125326
ACK_OPENING,8059,62135,1765447395128460
ACK_OPENING,8059,62506,1765447395134294
ACK_OPENING,8059,15259,1765447395137672
ACK_OPENING,50892,40232,1765447395139527
ACK_OPENING,8059,17062,1765447395150234
ACK_OPENING,12140,32794,1765447395171757
ACK_OPENING,8059,60820,1765447395180335
ACK_OPENING,8059,48539,1765447395181820
ACK_OPENING,8059,61693,1765447395184374
ACK_OPENING,8059,30767,1765447395194204
ACK_OPENING,8059,16025,1765447395200377
ACK_OPENING,8059,41204,1765447395216496
ACK_OPENING,8059,55559,1765447395233643
ACK_OPENING,8059,33359,1765447395251131
ACK_OPENING,8059,17595,1765447395276454
ACK_OPENING,8059,42091,1765447395280890
ACK_OPENING,8059,35901,1765447395285049
ACK_OPENING,8059,35159,1765447395286702
ACK_OPENING,8059,58903,1765447395296682
ACK_OPENING,8059,46433,1765447395298696
ACK_OPENING,8059,63185,1765447395300449
ACK_OPENING,8059,14290,1765447395309295
ACK_OPENING,8059,34884,1765447395309913
ACK_OPENING,35901,31810,1765447395320916
ACK_OPENING,8059,32530,1765447395324813
ACK_OPENING,48717,53315,1765447395356373
ACK_OPENING,8059,55076,1765447395363007
ACK_OPENING,8059,48717,1765447395367517
ACK_OPENING,8059,12140,1765447395377583
ACK_OPENING,12140,50782,1765447395400403
ACK_OPENING,8059,7052,1765447395400492
ACK_OPENING,8059,31717,1765447395414920
ACK_OPENING,35159,8059,1765447395451881
ACK_OPENING,11544,3936,1765447395516331
ACK_OPENING,8059,12736,1765447395559968
ACK_OPENING,53315,25828,1765447395632980
ACK_OPENING,11544,44939,1765447395639136
ACK_OPENING,8059,11544,1765447395660622
ACK_OPENING,60820,40232,1765447395767557
ACK_OPENING,12140,32794,1765447395821592
ACK_OPENING,41204,31810,1765447395930478
ACK_OPENING,6518,53315,1765447395944912
ACK_OPENING,12140,50782,1765447395982748
ACK_OPENING,33359,8059,1765447396066178
ACK_OPENING,11544,3936,1765447396131560
ACK_OPENING,48539,11544,1765447396244958
ACK_OPENING,33359,40232,1765447396297376
ACK_OPENING,11544,44939,1765447396322052
ACK_OPENING,12140,25828,1765447396346133
ACK_OPENING,13504,32794,1765447396438769
ACK_OPENING,33359,53315,1765447396477955
ACK_OPENING,42510,31810,1765447396545699
ACK_OPENING,11544,50782,1765447396625128
ACK_OPENING,44432,8059,1765447396676272
ACK_OPENING,17595,11544,1765447396794808
ACK_OPENING,47563,40232,1765447396956611
ACK_OPENING,55076,44939,1765447396960000
ACK_OPENING,12140,25828,1765447397007973
ACK_OPENING,54720,53315,1765447397011446
ACK_OPENING,11544,32794,1765447397053966
ACK_OPENING,34884,3936,1765447397106921
ACK_OPENING,11544,50782,1765447397159943
ACK_OPENING,12140,31810,1765447397192546
ACK_OPENING,54720,8059,1765447397293526
ACK_OPENING,42510,11544,1765447397324978
ACK_OPENING,12140,44939,1765447397508492
ACK_OPENING,8059,53315,1765447397588948
ACK_OPENING,11544,25828,1765447397626327
ACK_OPENING,50782,40232,1765447397682013
ACK_OPENING,11544,32794,1765447397704226
ACK_OPENING,8059,50782,1765447397729011
ACK_OPENING,46433,31810,1765447397751383
ACK_OPENING,46433,3936,1765447397767465
ACK_OPENING,61693,11544,1765447397855886
ACK_OPENING,6518,44939,1765447398036490
ACK_OPENING,8059,53315,1765447398118067
ACK_OPENING,11544,25828,1765447398244896
ACK_OPENING,41204,8059,1765447398277759
ACK_OPENING,8059,50782,1765447398301925
ACK_OPENING,35159,3936,1765447398409129
ACK_OPENING,14290,32794,1765447398444637
ACK_OPENING,41204,40232,1765447398491689
ACK_OPENING,35901,11544,1765447398492395
ACK_OPENING,29854,31810,1765447398791215
ACK_OPENING,50892,44939,1765447398806102
ACK_OPENING,8059,25828,1765447398986256
ACK_OPENING,47563,8059,1765447398998651
ACK_OPENING,62135,32794,1765447399042306
ACK_OPENING,12140,53315,1765447399126075
ACK_OPENING,60315,60315,1765447399141350
ACK_OPENING,60315,13504,1765447399203954
ACK_OPENING,48717,3936,1765447399228705
ACK_OPENING,22050,11544,1765447399238397
ACK_OPENING,60315,15259,1765447399249381
ACK_OPENING,60315,28415,1765447399251083
ACK_OPENING,60315,22050,1765447399253803
ACK_OPENING,60315,47563,1765447399273142
ACK_OPENING,60315,6518,1765447399277941
ACK_OPENING,8059,40232,1765447399279452
ACK_OPENING,60315,17595,1765447399281655
ACK_OPENING,60315,14290,1765447399298146
ACK_OPENING,60315,42510,1765447399307219
ACK_OPENING,60315,48717,1765447399309856
ACK_OPENING,60315,50892,1765447399331931
ACK_OPENING,60315,190,1765447399342546
ACK_OPENING,60315,44432,1765447399347621
ACK_OPENING,60315,16025,1765447399349139
ACK_OPENING,60315,61693,1765447399350317
ACK_OPENING,60315,12736,1765447399356015
ACK_OPENING,60315,54720,1765447399364278
ACK_OPENING,60315,50782,1765447399392758
ACK_OPENING,60315,32530,1765447399397685
ACK_OPENING,60315,30767,1765447399399695
ACK_OPENING,8059,31810,1765447399400088
ACK_OPENING,60820,44939,1765447399408362
ACK_OPENING,60315,35901,1765447399421944
ACK_OPENING,60315,29854,1765447399441911
ACK_OPENING,60315,41204,1765447399449879
ACK_OPENING,60315,46433,1765447399458760
ACK_OPENING,60315,35159,1765447399467584
ACK_OPENING,60315,42091,1765447399474447
ACK_OPENING,60315,62135,1765447399492515
ACK_OPENING,60315,55559,1765447399500403
ACK_OPENING,60315,12140,1765447399523439
ACK_OPENING,60315,33359,1765447399528440
ACK_OPENING,60315,58903,1765447399536418
ACK_OPENING,60315,48539,1765447399539165
ACK_OPENING,60315,31717,1765447399549444
ACK_OPENING,60315,62506,1765447399552074
ACK_OPENING,60315,7052,1765447399572116
ACK_OPENING,8059,25828,1765447399576366
ACK_OPENING,60315,55076,1765447399601258
ACK_OPENING,60315,63185,1765447399601389
ACK_OPENING,60315,34884,1765447399613999
ACK_OPENING,60315,17062,1765447399615525
ACK_OPENING,44432,32794,1765447399681684
ACK_OPENING,60315,60820,1765447399727400
ACK_OPENING,35901,60315,1765447399764551
ACK_OPENING,13504,53315,1765447399790676
ACK_OPENING,17062,11544,1765447399832707
ACK_OPENING,62506,3936,1765447399845774
ACK_OPENING,60315,8059,1765447399874197
ACK_OPENING,8059,40232,1765447399888380
ACK_OPENING,8059,31810,1765447399940692
ACK_OPENING,50892,44939,1765447400029371
ACK_OPENING,60315,25828,1765447400122299
ACK_OPENING,62506,32794,1765447400300926
ACK_OPENING,50782,3936,1765447400356628
ACK_OPENING,190,60315,1765447400380833
ACK_OPENING,22050,53315,1765447400415961
ACK_OPENING,60315,11544,1765447400427177
ACK_OPENING,32794,40232,1765447400448507
ACK_OPENING,60315,8059,1765447400455756
ACK_OPENING,63185,31810,1765447400549325
ACK_OPENING,8059,44939,1765447400648061
ACK_OPENING,60315,25828,1765447400706228
ACK_OPENING,63185,32794,1765447400859080
ACK_OPENING,63185,3936,1765447400875679
ACK_OPENING,60315,11544,1765447400976731
ACK_OPENING,34884,40232,1765447401018533
ACK_OPENING,33359,53315,1765447401033300
ACK_OPENING,17062,60315,1765447401038305
ACK_OPENING,50892,8059,1765447401103840
ACK_OPENING,63185,31810,1765447401164358
ACK_OPENING,8059,44939,1765447401213668
ACK_OPENING,15259,32794,1765447401383137
ACK_OPENING,12140,3936,1765447401394911
ACK_OPENING,31810,11544,1765447401489597
ACK_OPENING,25828,40232,1765447401636888
ACK_OPENING,62135,53315,1765447401648764
ACK_OPENING,62135,60315,1765447401660046
ACK_OPENING,32794,8059,1765447401720525
ACK_OPENING,17595,44939,1765447401725664
ACK_OPENING,48717,31810,1765447401891267
ACK_OPENING,8059,32794,1765447401905902
ACK_OPENING,8059,3936,1765447401913378
ACK_OPENING,32530,11544,1765447401995814
ACK_OPENING,48539,44939,1765447402223725
ACK_OPENING,62135,40232,1765447402243144
ACK_OPENING,54720,60315,1765447402276058
ACK_OPENING,58903,53315,1765447402302191
ACK_OPENING,8059,32794,1765447402420213
ACK_OPENING,8059,3936,1765447402427844
ACK_OPENING,55076,8059,1765447402468071
ACK_OPENING,3936,11544,1765447402513144
ACK_OPENING,33359,31810,1765447402519673
ACK_OPENING,50782,44939,1765447402720542
ACK_OPENING,13504,60315,1765447402826788
ACK_OPENING,34884,3936,1765447402915214
ACK_OPENING,62135,53315,1765447402915508
ACK_OPENING,50892,32794,1765447403069176
ACK_OPENING,42510,8059,1765447403086797
ACK_OPENING,48539,40232,1765447403090080
ACK_OPENING,13504,31810,1765447403137011
ACK_OPENING,62506,11544,1765447403162104
ACK_OPENING,62135,44939,1765447403219421
ACK_OPENING,47563,60315,1765447403337371
ACK_OPENING,31717,3936,1765447403420559
ACK_OPENING,60315,53315,1765447403563586
ACK_OPENING,50782,32794,1765447403676237
ACK_OPENING,48539,8059,1765447403702508
ACK_OPENING,61693,44939,1765447403709279
ACK_OPENING,12736,31810,1765447403727171
ACK_OPENING,62506,40232,1765447403788799
ACK_OPENING,190,11544,1765447403794249
ACK_OPENING,30767,3936,1765447403933793
ACK_OPENING,30767,60315,1765447403987027
ACK_OPENING,60315,53315,1765447404177339
ACK_OPENING,62506,44939,1765447404199920
ACK_OPENING,60315,31810,1765447404260353
ACK_OPENING,6518,8059,1765447404280539
ACK_OPENING,61693,32794,1765447404291047
ACK_OPENING,60315,40232,1765447404423776
ACK_OPENING,25828,3936,1765447404449490
ACK_OPENING,63185,60315,1765447404677112
ACK_OPENING,60315,44939,1765447404698123
ACK_OPENING,30767,11544,1765447404776553
ACK_OPENING,60315,31810,1765447404785696
ACK_OPENING,22050,8059,1765447404802924
ACK_OPENING,48539,53315,1765447404825284
ACK_OPENING,60315,40232,1765447404955757
ACK_OPENING,190,3936,1765447404970654
ACK_OPENING,60315,44939,1765447405192557
ACK_OPENING,17062,32794,1765447405256647
ACK_OPENING,40232,60315,1765447405295852
ACK_OPENING,31717,31810,1765447405304828
ACK_OPENING,53315,8059,1765447405327340
ACK_OPENING,40232,53315,1765447405367472
ACK_OPENING,28415,40232,1765447405479646
ACK_OPENING,48539,3936,1765447405491816
ACK_OPENING,54720,11544,1765447405524604
ACK_OPENING,25828,44939,1765447405688963
ACK_OPENING,17062,53315,1765447405890724
READY,32794,1765447405897528
ACK_OPENING,55559,32794,1765447405897548
ACK_OPENING,58903,60315,1765447405948515
ACK_OPENING,13504,8059,1765447405965048
ACK_OPENING,17595,40232,1765447406009067
ACK_OPENING,60315,3936,1765447406014232
ACK_OPENING,31717,11544,1765447406142007
ACK_OPENING,17595,31810,1765447406294169
ACK_OPENING,50892,53315,1765447406408166
ACK_OPENING,32794,44939,1765447406494121
ACK_OPENING,6518,32794,1765447406512335
ACK_OPENING,60315,3936,1765447406532627
ACK_OPENING,12736,60315,1765447406563977
ACK_OPENING,29854,8059,1765447406613568
ACK_OPENING,190,40232,1765447406732021
ACK_OPENING,62135,11544,1765447406759132
ACK_OPENING,48539,53315,1765447406925327
ACK_OPENING,30767,31810,1765447406934012
ACK_OPENING,35901,3936,1765447407050939
ACK_OPENING,30767,32794,1765447407080266
ACK_OPENING,54720,44939,1765447407135405
ACK_OPENING,54720,60315,1765447407182464
ACK_OPENING,30767,8059,1765447407237497
ACK_OPENING,44939,11544,1765447407334691
ACK_OPENING,32530,40232,1765447407360781
ACK_OPENING,44432,53315,1765447407445451
ACK_OPENING,44432,31810,1765447407502861
ACK_OPENING,32530,3936,1765447407568334
ACK_OPENING,42091,44939,1765447407696557
ACK_OPENING,60315,32794,1765447407702786
ACK_OPENING,55559,60315,1765447407787784
ACK_OPENING,12736,8059,1765447407851588
ACK_OPENING,25828,11544,1765447407858677
ACK_OPENING,32530,40232,1765447408007892
ACK_OPENING,13504,3936,1765447408084843
ACK_OPENING,35159,53315,1765447408094233
ACK_OPENING,14290,31810,1765447408117436
ACK_OPENING,46433,44939,1765447408316329
ACK_OPENING,60315,32794,1765447408317781
ACK_OPENING,7052,60315,1765447408335213
ACK_OPENING,50892,11544,1765447408366436
ACK_OPENING,3936,8059,1765447408466889
READY,3936,1765447408600842
ACK_OPENING,17062,3936,1765447408600858
ACK_OPENING,7052,40232,1765447408659386
ACK_OPENING,50892,31810,1765447408731772
ACK_OPENING,42091,60315,1765447408840040
ACK_OPENING,35901,53315,1765447408886097
ACK_OPENING,44432,44939,1765447408924261
ACK_OPENING,44432,11544,1765447409007562
ACK_OPENING,17062,8059,1765447409055757
ACK_OPENING,35159,40232,1765447409276225
ACK_OPENING,50892,31810,1765447409283546
ACK_OPENING,58903,44939,1765447409458474
ACK_OPENING,14290,60315,1765447409491225
ACK_OPENING,46433,53315,1765447409525960
ACK_OPENING,40232,8059,1765447409582289
ACK_OPENING,15259,11544,1765447409656062
ACK_OPENING,17062,40232,1765447409878258
ACK_OPENING,17595,8059,1765447410102986
ACK_OPENING,25828,60315,1765447410114876
ACK_OPENING,48717,44939,1765447410122071
ACK_OPENING,32530,53315,1765447410144023
ACK_OPENING,44939,31810,1765447410296291
ACK_OPENING,55559,11544,1765447410358205
ACK_OPENING,13504,40232,1765447410422638
ACK_OPENING,34884,8059,1765447410604341
ACK_OPENING,17595,60315,1765447410725552
ACK_OPENING,30767,53315,1765447410728493
ACK_OPENING,30767,44939,1765447410745335
ACK_OPENING,44939,40232,1765447410929406
ACK_OPENING,55076,11544,1765447411009449
ACK_OPENING,62135,8059,1765447411254733
ACK_OPENING,17062,31810,1765447411273498
ACK_OPENING,6518,60315,1765447411346299
ACK_OPENING,63185,44939,1765447411366583
ACK_OPENING,31717,53315,1765447411373841
ACK_OPENING,16025,40232,1765447411423253
ACK_OPENING,63185,11544,1765447411657855
ACK_OPENING,14290,8059,1765447411870906
ACK_OPENING,28415,53315,1765447411913464
ACK_OPENING,55559,40232,1765447411921389
ACK_OPENING,42510,44939,1765447411921680
ACK_OPENING,33359,60315,1765447411933300
ACK_OPENING,50782,31810,1765447411934009
ACK_OPENING,13504,11544,1765447412276227
ACK_OPENING,16025,8059,1765447412429325
ACK_OPENING,28415,44939,1765447412438643
ACK_OPENING,28415,60315,1765447412460541
ACK_OPENING,48539,40232,1765447412480695
ACK_OPENING,42091,53315,1765447412502979
ACK_OPENING,62135,31810,1765447412586096
ACK_OPENING,44432,11544,1765447412889601
ACK_OPENING,12736,44939,1765447412929384
ACK_OPENING,62135,8059,1765447413041658
ACK_OPENING,3936,40232,1765447413063625
ACK_OPENING,42510,53315,1765447413085981
ACK_OPENING,16025,60315,1765447413107977
ACK_OPENING,44432,31810,1765447413243316
ACK_OPENING,44432,44939,1765447413424848
ACK_OPENING,29854,11544,1765447413441552
ACK_OPENING,30767,40232,1765447413587489
ACK_OPENING,14290,53315,1765447413628534
ACK_OPENING,25828,8059,1765447413691035
ACK_OPENING,50892,60315,1765447413723390
ACK_OPENING,7052,31810,1765447413876870
ACK_OPENING,41204,44939,1765447413924776
READY,44939,1765447413926976
ACK_OPENING,14290,11544,1765447413953235
ACK_OPENING,15259,53315,1765447414235089
ACK_OPENING,33359,8059,1765447414306443
ACK_OPENING,41204,60315,1765447414365158
ACK_OPENING,54720,40232,1765447414474960
ACK_OPENING,42510,44939,1765447414481428
ACK_OPENING,28415,31810,1765447414485197
ACK_OPENING,34884,11544,1765447414556361
ACK_OPENING,13504,53315,1765447414806090
ACK_OPENING,32530,60315,1765447414903727
ACK_OPENING,13504,8059,1765447414917779
ACK_OPENING,61693,31810,1765447414990188
ACK_OPENING,35159,11544,1765447415096195
ACK_OPENING,6518,40232,1765447415146475
ACK_OPENING,46433,60315,1765447415418250
ACK_OPENING,34884,53315,1765447415457462
ACK_OPENING,31717,8059,1765447415472934
ACK_OPENING,62135,31810,1765447415644013
ACK_OPENING,15259,40232,1765447415732653
ACK_OPENING,48717,11544,1765447415760515
ACK_OPENING,50892,60315,1765447415897318
ACK_OPENING,55559,53315,1765447416097592
ACK_OPENING,63185,8059,1765447416123470
ACK_OPENING,50782,11544,1765447416336957
ACK_OPENING,6518,31810,1765447416341566
ACK_OPENING,48717,40232,1765447416353948
ACK_OPENING,42510,60315,1765447416374228
ACK_OPENING,3936,53315,1765447416671015
ACK_OPENING,30767,8059,1765447416739051
ACK_OPENING,22050,60315,1765447416851826
ACK_OPENING,58903,11544,1765447416944381
ACK_OPENING,190,31810,1765447416972405
ACK_OPENING,63185,40232,1765447417001290
ACK_OPENING,41204,53315,1765447417285977
ACK_OPENING,62135,60315,1765447417503007
ACK_OPENING,55076,31810,1765447417587783
ACK_OPENING,30767,11544,1765447417601394
ACK_OPENING,32530,8059,1765447417619570
ACK_OPENING,46433,40232,1765447417699168
ACK_OPENING,50782,53315,1765447417878840
ACK_OPENING,16025,31810,1765447418179219
ACK_OPENING,3936,60315,1765447418203684
ACK_OPENING,6518,11544,1765447418215841
ACK_OPENING,42091,8059,1765447418289968
ACK_OPENING,63185,40232,1765447418326613
ACK_OPENING,30767,53315,1765447418407050
ACK_OPENING,60820,31810,1765447418713206
ACK_OPENING,48539,60315,1765447418831807
ACK_OPENING,58903,8059,1765447418934098
ACK_OPENING,62135,40232,1765447418940695
ACK_OPENING,47563,11544,1765447419014128
ACK_OPENING,32794,53315,1765447419054954
ACK_OPENING,25828,31810,1765447419223667
ACK_OPENING,31717,60315,1765447419448751
ACK_OPENING,44432,40232,1765447419534351
ACK_OPENING,34884,8059,1765447419546800
ACK_OPENING,50892,11544,1765447419647619
ACK_OPENING,33359,31810,1765447419725507
ACK_OPENING,44939,53315,1765447419851785
ACK_OPENING,44432,60315,1765447420040193
ACK_OPENING,54720,40232,1765447420172760
ACK_OPENING,190,8059,1765447420195624
READY,31810,1765447420219574
ACK_OPENING,32794,31810,1765447420219663
ACK_OPENING,32530,11544,1765447420263287
ACK_OPENING,31810,53315,1765447420486845
ACK_OPENING,50782,60315,1765447420569027
ACK_OPENING,22050,40232,1765447420801166
ACK_OPENING,41204,11544,1765447420877501
ACK_OPENING,54720,8059,1765447420943135
ACK_OPENING,6518,60315,1765447421063500
ACK_OPENING,55076,53315,1765447421167401
ACK_OPENING,61693,40232,1765447421451555
ACK_OPENING,42091,11544,1765447421528406
ACK_OPENING,60820,60315,1765447421571692
ACK_OPENING,6518,8059,1765447421932171
ACK_OPENING,33359,11544,1765447422039222
ACK_OPENING,12736,40232,1765447422067144
ACK_OPENING,17595,53315,1765447422159083
ACK_OPENING,15259,60315,1765447422396071
ACK_OPENING,42510,11544,1765447422540212
ACK_OPENING,60820,8059,1765447422552889
ACK_OPENING,55076,40232,1765447422682490
ACK_OPENING,16025,53315,1765447422756361
ACK_OPENING,7052,11544,1765447423033802
ACK_OPENING,32530,60315,1765447423045330
ACK_OPENING,61693,8059,1765447423168557
READY,40232,1765447423327440
ACK_OPENING,42091,40232,1765447423327526
ACK_OPENING,47563,53315,1765447423363285
ACK_OPENING,12140,60315,1765447423661390
ACK_OPENING,53315,11544,1765447423683097
ACK_OPENING,42510,8059,1765447423759884
ACK_OPENING,42510,40232,1765447423976447
ACK_OPENING,44432,53315,1765447423977701
ACK_OPENING,48539,60315,1765447424289338
ACK_OPENING,28415,8059,1765447424294664
ACK_OPENING,32794,11544,1765447424299289
ACK_OPENING,44432,40232,1765447424597500
ACK_OPENING,32530,53315,1765447424646334
ACK_OPENING,48717,8059,1765447424797018
ACK_OPENING,33359,11544,1765447424909092
ACK_OPENING,61693,60315,1765447424943709
ACK_OPENING,60820,53315,1765447425266781
ACK_OPENING,15259,8059,1765447425379851
ACK_OPENING,16025,11544,1765447425459229
ACK_OPENING,13504,60315,1765447425545265
ACK_OPENING,7052,53315,1765447425914223
ACK_OPENING,48539,8059,1765447425937735
ACK_OPENING,6518,11544,1765447425969645
ACK_OPENING,29854,60315,1765447426162838
ACK_OPENING,44432,8059,1765447426449060
ACK_OPENING,46433,11544,1765447426467900
ACK_OPENING,6518,53315,1765447426535011
ACK_OPENING,62506,8059,1765447426958105
ACK_OPENING,34884,11544,1765447426988468
ACK_OPENING,48717,60315,1765447427253791
ACK_OPENING,61693,53315,1765447427283796
ACK_OPENING,35901,8059,1765447427452830
ACK_OPENING,28415,11544,1765447427482561
READY,53315,1765447427906754
ACK_OPENING,62506,53315,1765447427917284
ACK_OPENING,46433,8059,1765447427947874
ACK_OPENING,12140,11544,1765447427978346
ACK_OPENING,55076,60315,1765447428019537
ACK_OPENING,55559,8059,1765447428454923
ACK_OPENING,40232,11544,1765447428485494
READY,11544,1765447428485504
ACK_OPENING,63185,53315,1765447428519065
ACK_OPENING,62506,60315,1765447428667063
ACK_OPENING,44939,8059,1765447429103200
ACK_OPENING,31810,60315,1765447429145855
ACK_OPENING,12140,60315,1765447429660193
ACK_OPENING,12140,8059,1765447429724402
ACK_OPENING,34884,60315,1765447430147615
ACK_OPENING,11544,8059,1765447430579369
ACK_OPENING,11544,60315,1765447430627461
ACK_OPENING,63185,60315,1765447431105104
ACK_OPENING,32530,8059,1765447431226957
ACK_OPENING,12140,8059,1765447431841126
ACK_OPENING,42510,60315,1765447432026266
ACK_OPENING,7052,8059,1765447432470536
ACK_OPENING,34884,60315,1765447432697566
ACK_OPENING,63185,8059,1765447433117413
ACK_OPENING,35159,60315,1765447433274091
ACK_OPENING,50892,8059,1765447433765220
ACK_OPENING,30767,60315,1765447433828663
ACK_OPENING,50782,8059,1765447434381349
ACK_OPENING,33359,60315,1765447434446690
READY,8059,1765447435021857
ACK_OPENING,31810,8059,1765447435021932
ACK_OPENING,32794,60315,1765447435065510
ACK_OPENING,44939,60315,1765447435893169
ACK_OPENING,44432,60315,1765447436541551
ACK_OPENING,8059,60315,1765447437156188
ACK_OPENING,53315,60315,1765447437771136
READY,60315,1765447437771116
REGISTER,29504,48717|16025|32794|11544|60315|12736|44432|25828|22050|33359|62135|47563|48539|190|55076|31717|60820|50782|34884|41204|35901|53315|17595|14290|63185|42510|32530|12140|7052|6518|46433|61693|40232|29854|62506|44939|50892|28415|17062|54720|30767|42091|35159|13504|8059|55559|15259|58903|3936|31810,1765447462352652
ACK_OPENING,29504,29504,1765447466864992
ACK_OPENING,29504,30767,1765447467094563
ACK_OPENING,29504,11544,1765447467124466
ACK_OPENING,29504,7052,1765447467147709
ACK_OPENING,29504,44432,1765447467156447
ACK_OPENING,29504,42510,1765447467158555
ACK_OPENING,29504,53315,1765447467161184
ACK_OPENING,29504,62506,1765447467171340
ACK_OPENING,29504,32530,1765447467183127
ACK_OPENING,29504,50782,1765447467184430
ACK_OPENING,29504,35159,1765447467188180
ACK_OPENING,29504,47563,1765447467194569
ACK_OPENING,29504,58903,1765447467211238
ACK_OPENING,29504,41204,1765447467211994
ACK_OPENING,29504,25828,1765447467212385
ACK_OPENING,29504,31717,1765447467216939
ACK_OPENING,29504,31810,1765447467219804
ACK_OPENING,29504,17062,1765447467231813
ACK_OPENING,29504,34884,1765447467235361
ACK_OPENING,29504,15259,1765447467240095
ACK_OPENING,29504,33359,1765447467240159
ACK_OPENING,29504,17595,1765447467242473
ACK_OPENING,29504,22050,1765447467245356
ACK_OPENING,29504,6518,1765447467253625
ACK_OPENING,29504,55076,1765447467255785
ACK_OPENING,29504,61693,1765447467257430
ACK_OPENING,29504,46433,1765447467259039
ACK_OPENING,29504,55559,1765447467299361
ACK_OPENING,29504,12736,1765447467300010
ACK_OPENING,29504,62135,1765447467300513
ACK_OPENING,29504,63185,1765447467317028
ACK_OPENING,29504,16025,1765447467328921
ACK_OPENING,29504,3936,1765447467332782
ACK_OPENING,29504,12140,1765447467336887
ACK_OPENING,29504,48539,1765447467339001
ACK_OPENING,29504,60315,1765447467342698
ACK_OPENING,29504,60820,1765447467347345
ACK_OPENING,29504,13504,1765447467354095
ACK_OPENING,29504,32794,1765447467363738
ACK_OPENING,29504,14290,1765447467383201
ACK_OPENING,29504,190,1765447467386852
ACK_OPENING,29504,35901,1765447467389850
ACK_OPENING,29504,40232,1765447467416376
ACK_OPENING,29504,8059,1765447467436382
ACK_OPENING,29504,50892,1765447467457997
ACK_OPENING,29504,29854,1765447467462150
ACK_OPENING,29504,48717,1765447467495613
ACK_OPENING,29504,44939,1765447467514157
ACK_OPENING,29504,42091,1765447467514380
ACK_OPENING,41204,29504,1765447467536664
ACK_OPENING,29504,28415,1765447467559201
ACK_OPENING,29504,54720,1765447467690287
ACK_OPENING,13504,29504,1765447468160893
ACK_OPENING,58903,29504,1765447468739220
ACK_OPENING,190,29504,1765447469264480
ACK_OPENING,30767,29504,1765447469764298
ACK_OPENING,34884,29504,1765447470257186
ACK_OPENING,28415,29504,1765447470758131
ACK_OPENING,50892,29504,1765447471257989
ACK_OPENING,13504,29504,1765447471767193
ACK_OPENING,63185,29504,1765447472272803
ACK_OPENING,34884,29504,1765447473253825
ACK_OPENING,15259,29504,1765447473913780
ACK_OPENING,35901,29504,1765447474529829
ACK_OPENING,25828,29504,1765447475180865
ACK_OPENING,16025,29504,1765447475799190
ACK_OPENING,60315,29504,1765447476408503
ACK_OPENING,42510,29504,1765447477057503
ACK_OPENING,11544,29504,1765447477706031
ACK_OPENING,60820,29504,1765447478324062
ACK_OPENING,12140,29504,1765447478928138
ACK_OPENING,48539,29504,1765447479546852
ACK_OPENING,6518,29504,1765447480167187
ACK_OPENING,17595,29504,1765447480918356
ACK_OPENING,54720,29504,1765447481538246
ACK_OPENING,22050,29504,1765447482341343
ACK_OPENING,48539,29504,1765447483053559
ACK_OPENING,55076,29504,1765447483675598
ACK_OPENING,50892,29504,1765447484272641
ACK_OPENING,46433,29504,1765447484786097
ACK_OPENING,42091,29504,1765447485770988
ACK_OPENING,50782,29504,1765447486425587
ACK_OPENING,14290,29504,1765447487042124
ACK_OPENING,35159,29504,1765447487693570
ACK_OPENING,62135,29504,1765447488495428
ACK_OPENING,12140,29504,1765447489029545
ACK_OPENING,44432,29504,1765447489646107
ACK_OPENING,62506,29504,1765447490261971
ACK_OPENING,54720,29504,1765447491244666
ACK_OPENING,6518,29504,1765447491912470
ACK_OPENING,55559,29504,1765447492528106
ACK_OPENING,29854,29504,1765447493127507
ACK_OPENING,42510,29504,1765447493668083
ACK_OPENING,8059,29504,1765447494177104
ACK_OPENING,32530,29504,1765447494952821
ACK_OPENING,30767,29504,1765447495567671
ACK_OPENING,44432,29504,1765447496219754
ACK_OPENING,31810,29504,1765447496837841
ACK_OPENING,32530,29504,1765447497485367
ACK_OPENING,31717,29504,1765447498020035
ACK_OPENING,44939,29504,1765447498620995
ACK_OPENING,63185,29504,1765447499301669
ACK_OPENING,40232,29504,1765447499928001
ACK_OPENING,7052,29504,1765447500545777
ACK_OPENING,32794,29504,1765447501176706
ACK_OPENING,61693,29504,1765447501951615
ACK_OPENING,33359,29504,1765447502603238
ACK_OPENING,62135,29504,1765447503222247
ACK_OPENING,3936,29504,1765447503842072
ACK_OPENING,48717,29504,1765447504394429
ACK_OPENING,17062,29504,1765447505028981
ACK_OPENING,53315,29504,1765447505543640
ACK_OPENING,12736,29504,1765447506196894
ACK_OPENING,47563,29504,1765447506830581
READY,29504,1765447506830592
ACK_OPENING,33359,29504,1765447507440486
