timestamp,app,version,phase,ready
1779249830,details,v1,Running,True
1779249830,details,v1,Running,True
1779249830,details,v1,Running,True
1779249830,details,v1,Running,True
1779249830,details,v1,Running,True
1779249830,productpage,v1,Running,True
1779249830,productpage,v1,Running,True
1779249830,productpage,v1,Running,True
1779249830,productpage,v1,Running,True
1779249830,productpage,v1,Running,True
1779249830,productpage,v1,Running,True
1779249830,productpage,v1,Running,True
1779249830,productpage,v1,Running,True
1779249830,productpage,v1,Running,True
1779249830,productpage,v1,Running,True
1779249830,productpage,v1,Running,True
1779249830,productpage,v1,Running,True
1779249830,productpage,v1,Running,True
1779249830,productpage,v1,Running,True
1779249830,productpage,v1,Running,True
1779249830,productpage,v1,Running,True
1779249830,productpage,v1,Running,True
1779249830,productpage,v1,Running,True
1779249830,productpage,v1,Running,True
1779249830,productpage,v1,Running,True
1779249830,ratings,v1,Running,True
1779249830,reviews,v1,Running,True
1779249830,reviews,v2,Running,True
1779249830,reviews,v2,Running,True
1779249830,reviews,v2,Running,True
1779249830,reviews,v2,Running,True
1779249830,reviews,v3,Running,True
1779249830,reviews,v3,Running,True
1779249830,reviews,v3,Running,True
1779249831,details,v1,Running,True
1779249831,details,v1,Running,True
1779249831,details,v1,Running,True
1779249831,details,v1,Running,True
1779249831,details,v1,Running,True
1779249831,productpage,v1,Running,True
1779249831,productpage,v1,Running,True
1779249831,productpage,v1,Running,True
1779249831,productpage,v1,Running,True
1779249831,productpage,v1,Running,True
1779249831,productpage,v1,Running,True
1779249831,productpage,v1,Running,True
1779249831,productpage,v1,Running,True
1779249831,productpage,v1,Running,True
1779249831,productpage,v1,Running,True
1779249831,productpage,v1,Running,True
1779249831,productpage,v1,Running,True
1779249831,productpage,v1,Running,True
1779249831,productpage,v1,Running,True
1779249831,productpage,v1,Running,True
1779249831,productpage,v1,Running,True
1779249831,productpage,v1,Running,True
1779249831,productpage,v1,Running,True
1779249831,productpage,v1,Running,True
1779249831,productpage,v1,Running,True
1779249831,ratings,v1,Running,True
1779249831,reviews,v1,Running,True
1779249831,reviews,v2,Running,True
1779249831,reviews,v2,Running,True
1779249831,reviews,v2,Running,True
1779249831,reviews,v2,Running,True
1779249831,reviews,v3,Running,True
1779249831,reviews,v3,Running,True
1779249831,reviews,v3,Running,True
1779249832,details,v1,Running,True
1779249832,details,v1,Running,True
1779249832,details,v1,Running,True
1779249832,details,v1,Running,True
1779249832,details,v1,Running,True
1779249832,productpage,v1,Running,True
1779249832,productpage,v1,Running,True
1779249832,productpage,v1,Running,True
1779249832,productpage,v1,Running,True
1779249832,productpage,v1,Running,True
1779249832,productpage,v1,Running,True
1779249832,productpage,v1,Running,True
1779249832,productpage,v1,Running,True
1779249832,productpage,v1,Running,True
1779249832,productpage,v1,Running,True
1779249832,productpage,v1,Running,True
1779249832,productpage,v1,Running,True
1779249832,productpage,v1,Running,True
1779249832,productpage,v1,Running,True
1779249832,productpage,v1,Running,True
1779249832,productpage,v1,Running,True
1779249832,productpage,v1,Running,True
1779249832,productpage,v1,Running,True
1779249832,productpage,v1,Running,True
1779249832,productpage,v1,Running,True
1779249832,ratings,v1,Running,True
1779249832,reviews,v1,Running,True
1779249832,reviews,v2,Running,True
1779249832,reviews,v2,Running,True
1779249832,reviews,v2,Running,True
1779249832,reviews,v2,Running,True
1779249832,reviews,v3,Running,True
1779249832,reviews,v3,Running,True
1779249832,reviews,v3,Running,True
1779249833,details,v1,Running,True
1779249833,details,v1,Running,True
1779249833,details,v1,Running,True
1779249833,details,v1,Running,True
1779249833,details,v1,Running,True
1779249833,productpage,v1,Running,True
1779249833,productpage,v1,Running,True
1779249833,productpage,v1,Running,True
1779249833,productpage,v1,Running,True
1779249833,productpage,v1,Running,True
1779249833,productpage,v1,Running,True
1779249833,productpage,v1,Running,True
1779249833,productpage,v1,Running,True
1779249833,productpage,v1,Running,True
1779249833,productpage,v1,Running,True
1779249833,productpage,v1,Running,True
1779249833,productpage,v1,Running,True
1779249833,productpage,v1,Running,True
1779249833,productpage,v1,Running,True
1779249833,productpage,v1,Running,True
1779249833,productpage,v1,Running,True
1779249833,productpage,v1,Running,True
1779249833,productpage,v1,Running,True
1779249833,productpage,v1,Running,True
1779249833,productpage,v1,Running,True
1779249833,ratings,v1,Running,True
1779249833,reviews,v1,Running,True
1779249833,reviews,v2,Running,True
1779249833,reviews,v2,Running,True
1779249833,reviews,v2,Running,True
1779249833,reviews,v2,Running,True
1779249833,reviews,v3,Running,True
1779249833,reviews,v3,Running,True
1779249833,reviews,v3,Running,True
1779249834,details,v1,Running,True
1779249834,details,v1,Running,True
1779249834,details,v1,Running,True
1779249834,details,v1,Running,True
1779249834,details,v1,Running,True
1779249834,productpage,v1,Running,True
1779249834,productpage,v1,Running,True
1779249834,productpage,v1,Running,True
1779249834,productpage,v1,Running,True
1779249834,productpage,v1,Running,True
1779249834,productpage,v1,Running,True
1779249834,productpage,v1,Running,True
1779249834,productpage,v1,Running,True
1779249834,productpage,v1,Running,True
1779249834,productpage,v1,Running,True
1779249834,productpage,v1,Running,True
1779249834,productpage,v1,Running,True
1779249834,productpage,v1,Running,True
1779249834,productpage,v1,Running,True
1779249834,productpage,v1,Running,True
1779249834,productpage,v1,Running,True
1779249834,productpage,v1,Running,True
1779249834,productpage,v1,Running,True
1779249834,productpage,v1,Running,True
1779249834,productpage,v1,Running,True
1779249834,ratings,v1,Running,True
1779249834,reviews,v1,Running,True
1779249834,reviews,v2,Running,True
1779249834,reviews,v2,Running,True
1779249834,reviews,v2,Running,True
1779249834,reviews,v2,Running,True
1779249834,reviews,v3,Running,True
1779249834,reviews,v3,Running,True
1779249834,reviews,v3,Running,True
1779249835,details,v1,Running,True
1779249835,details,v1,Running,True
1779249835,details,v1,Running,True
1779249835,details,v1,Running,True
1779249835,details,v1,Running,True
1779249835,productpage,v1,Running,True
1779249835,productpage,v1,Running,True
1779249835,productpage,v1,Running,True
1779249835,productpage,v1,Running,True
1779249835,productpage,v1,Running,True
1779249835,productpage,v1,Running,True
1779249835,productpage,v1,Running,True
1779249835,productpage,v1,Running,True
1779249835,productpage,v1,Running,True
1779249835,productpage,v1,Running,True
1779249835,productpage,v1,Running,True
1779249835,productpage,v1,Running,True
1779249835,productpage,v1,Running,True
1779249835,productpage,v1,Running,True
1779249835,productpage,v1,Running,True
1779249835,productpage,v1,Running,True
1779249835,productpage,v1,Running,True
1779249835,productpage,v1,Running,True
1779249835,productpage,v1,Running,True
1779249835,productpage,v1,Running,True
1779249835,ratings,v1,Running,True
1779249835,reviews,v1,Running,True
1779249835,reviews,v2,Running,True
1779249835,reviews,v2,Running,True
1779249835,reviews,v2,Running,True
1779249835,reviews,v2,Running,True
1779249835,reviews,v3,Running,True
1779249835,reviews,v3,Running,True
1779249835,reviews,v3,Running,True
1779249836,details,v1,Running,True
1779249836,details,v1,Running,True
1779249836,details,v1,Running,True
1779249836,details,v1,Running,True
1779249836,details,v1,Running,True
1779249836,productpage,v1,Running,True
1779249836,productpage,v1,Running,True
1779249836,productpage,v1,Running,True
1779249836,productpage,v1,Running,True
1779249836,productpage,v1,Running,True
1779249836,productpage,v1,Running,True
1779249836,productpage,v1,Running,True
1779249836,productpage,v1,Running,True
1779249836,productpage,v1,Running,True
1779249836,productpage,v1,Running,True
1779249836,productpage,v1,Running,True
1779249836,productpage,v1,Running,True
1779249836,productpage,v1,Running,True
1779249836,productpage,v1,Running,True
1779249836,productpage,v1,Running,True
1779249836,productpage,v1,Running,True
1779249836,productpage,v1,Running,True
1779249836,productpage,v1,Running,True
1779249836,productpage,v1,Running,True
1779249836,productpage,v1,Running,True
1779249836,ratings,v1,Running,True
1779249836,reviews,v1,Running,True
1779249836,reviews,v2,Running,True
1779249836,reviews,v2,Running,True
1779249836,reviews,v2,Running,True
1779249836,reviews,v2,Running,True
1779249836,reviews,v3,Running,True
1779249836,reviews,v3,Running,True
1779249836,reviews,v3,Running,True
1779249837,details,v1,Running,True
1779249837,details,v1,Running,True
1779249837,details,v1,Running,True
1779249837,details,v1,Running,True
1779249837,details,v1,Running,True
1779249837,productpage,v1,Running,True
1779249837,productpage,v1,Running,True
1779249837,productpage,v1,Running,True
1779249837,productpage,v1,Running,True
1779249837,productpage,v1,Running,True
1779249837,productpage,v1,Running,True
1779249837,productpage,v1,Running,True
1779249837,productpage,v1,Running,True
1779249837,productpage,v1,Running,True
1779249837,productpage,v1,Running,True
1779249837,productpage,v1,Running,True
1779249837,productpage,v1,Running,True
1779249837,productpage,v1,Running,True
1779249837,productpage,v1,Running,True
1779249837,productpage,v1,Running,True
1779249837,productpage,v1,Running,True
1779249837,productpage,v1,Running,True
1779249837,productpage,v1,Running,True
1779249837,productpage,v1,Running,True
1779249837,productpage,v1,Running,True
1779249837,ratings,v1,Running,True
1779249837,reviews,v1,Running,True
1779249837,reviews,v2,Running,True
1779249837,reviews,v2,Running,True
1779249837,reviews,v2,Running,True
1779249837,reviews,v2,Running,True
1779249837,reviews,v3,Running,True
1779249837,reviews,v3,Running,True
1779249837,reviews,v3,Running,True
1779249838,details,v1,Running,True
1779249838,details,v1,Running,True
1779249838,details,v1,Running,True
1779249838,details,v1,Running,True
1779249838,details,v1,Running,True
1779249838,productpage,v1,Running,True
1779249838,productpage,v1,Running,True
1779249838,productpage,v1,Running,True
1779249838,productpage,v1,Running,True
1779249838,productpage,v1,Running,True
1779249838,productpage,v1,Running,True
1779249838,productpage,v1,Running,True
1779249838,productpage,v1,Running,True
1779249838,productpage,v1,Running,True
1779249838,productpage,v1,Running,True
1779249838,productpage,v1,Running,True
1779249838,productpage,v1,Running,True
1779249838,productpage,v1,Running,True
1779249838,productpage,v1,Running,True
1779249838,productpage,v1,Running,True
1779249838,productpage,v1,Running,True
1779249838,productpage,v1,Running,True
1779249838,productpage,v1,Running,True
1779249838,productpage,v1,Running,True
1779249838,productpage,v1,Running,True
1779249838,ratings,v1,Running,True
1779249838,reviews,v1,Running,True
1779249838,reviews,v2,Running,True
1779249838,reviews,v2,Running,True
1779249838,reviews,v2,Running,True
1779249838,reviews,v2,Running,True
1779249838,reviews,v3,Running,True
1779249838,reviews,v3,Running,True
1779249838,reviews,v3,Running,True
1779249839,details,v1,Running,True
1779249839,details,v1,Running,True
1779249839,details,v1,Running,True
1779249839,details,v1,Running,True
1779249839,details,v1,Running,True
1779249839,productpage,v1,Running,True
1779249839,productpage,v1,Running,True
1779249839,productpage,v1,Running,True
1779249839,productpage,v1,Running,True
1779249839,productpage,v1,Running,True
1779249839,productpage,v1,Running,True
1779249839,productpage,v1,Running,True
1779249839,productpage,v1,Running,True
1779249839,productpage,v1,Running,True
1779249839,productpage,v1,Running,True
1779249839,productpage,v1,Running,True
1779249839,productpage,v1,Running,True
1779249839,productpage,v1,Running,True
1779249839,productpage,v1,Running,True
1779249839,productpage,v1,Running,True
1779249839,productpage,v1,Running,True
1779249839,productpage,v1,Running,True
1779249839,productpage,v1,Running,True
1779249839,productpage,v1,Running,True
1779249839,productpage,v1,Running,True
1779249839,ratings,v1,Running,True
1779249839,reviews,v1,Running,True
1779249839,reviews,v2,Running,True
1779249839,reviews,v2,Running,True
1779249839,reviews,v2,Running,True
1779249839,reviews,v2,Running,True
1779249839,reviews,v3,Running,True
1779249839,reviews,v3,Running,True
1779249839,reviews,v3,Running,True
1779249840,details,v1,Running,True
1779249840,details,v1,Running,True
1779249840,details,v1,Running,True
1779249840,details,v1,Running,True
1779249840,details,v1,Running,True
1779249840,productpage,v1,Running,True
1779249840,productpage,v1,Running,True
1779249840,productpage,v1,Running,True
1779249840,productpage,v1,Running,True
1779249840,productpage,v1,Running,True
1779249840,productpage,v1,Running,True
1779249840,productpage,v1,Running,True
1779249840,productpage,v1,Running,True
1779249840,productpage,v1,Running,True
1779249840,productpage,v1,Running,True
1779249840,productpage,v1,Running,True
1779249840,productpage,v1,Running,True
1779249840,productpage,v1,Running,True
1779249840,productpage,v1,Running,True
1779249840,productpage,v1,Running,True
1779249840,productpage,v1,Running,True
1779249840,productpage,v1,Running,True
1779249840,productpage,v1,Running,True
1779249840,productpage,v1,Running,True
1779249840,productpage,v1,Running,True
1779249840,ratings,v1,Running,True
1779249840,reviews,v1,Running,True
1779249840,reviews,v2,Running,True
1779249840,reviews,v2,Running,True
1779249840,reviews,v2,Running,True
1779249840,reviews,v2,Running,True
1779249840,reviews,v3,Running,True
1779249840,reviews,v3,Running,True
1779249840,reviews,v3,Running,True
1779249841,details,v1,Running,True
1779249841,details,v1,Running,True
1779249841,details,v1,Running,True
1779249841,details,v1,Running,True
1779249841,details,v1,Running,True
1779249841,productpage,v1,Running,True
1779249841,productpage,v1,Running,True
1779249841,productpage,v1,Running,True
1779249841,productpage,v1,Running,True
1779249841,productpage,v1,Running,True
1779249841,productpage,v1,Running,True
1779249841,productpage,v1,Running,True
1779249841,productpage,v1,Running,True
1779249841,productpage,v1,Running,True
1779249841,productpage,v1,Running,True
1779249841,productpage,v1,Running,True
1779249841,productpage,v1,Running,True
1779249841,productpage,v1,Running,True
1779249841,productpage,v1,Running,True
1779249841,productpage,v1,Running,True
1779249841,productpage,v1,Running,True
1779249841,productpage,v1,Running,True
1779249841,productpage,v1,Running,True
1779249841,productpage,v1,Running,True
1779249841,productpage,v1,Running,True
1779249841,ratings,v1,Running,True
1779249841,reviews,v1,Running,True
1779249841,reviews,v2,Running,True
1779249841,reviews,v2,Running,True
1779249841,reviews,v2,Running,True
1779249841,reviews,v2,Running,True
1779249841,reviews,v3,Running,True
1779249841,reviews,v3,Running,True
1779249841,reviews,v3,Running,True
1779249843,details,v1,Running,True
1779249843,details,v1,Running,True
1779249843,details,v1,Running,True
1779249843,details,v1,Running,True
1779249843,details,v1,Running,True
1779249843,productpage,v1,Running,True
1779249843,productpage,v1,Running,True
1779249843,productpage,v1,Running,True
1779249843,productpage,v1,Running,True
1779249843,productpage,v1,Running,True
1779249843,productpage,v1,Running,True
1779249843,productpage,v1,Running,True
1779249843,productpage,v1,Running,True
1779249843,productpage,v1,Running,True
1779249843,productpage,v1,Running,True
1779249843,productpage,v1,Running,True
1779249843,productpage,v1,Running,True
1779249843,productpage,v1,Running,True
1779249843,productpage,v1,Running,True
1779249843,productpage,v1,Running,True
1779249843,productpage,v1,Running,True
1779249843,productpage,v1,Running,True
1779249843,productpage,v1,Running,True
1779249843,productpage,v1,Running,True
1779249843,productpage,v1,Running,True
1779249843,ratings,v1,Running,True
1779249843,reviews,v1,Running,True
1779249843,reviews,v2,Running,True
1779249843,reviews,v2,Running,True
1779249843,reviews,v2,Running,True
1779249843,reviews,v2,Running,True
1779249843,reviews,v3,Running,True
1779249843,reviews,v3,Running,True
1779249843,reviews,v3,Running,True
1779249844,details,v1,Running,True
1779249844,details,v1,Running,True
1779249844,details,v1,Running,True
1779249844,details,v1,Running,True
1779249844,details,v1,Running,True
1779249844,productpage,v1,Running,True
1779249844,productpage,v1,Running,True
1779249844,productpage,v1,Running,True
1779249844,productpage,v1,Running,True
1779249844,productpage,v1,Running,True
1779249844,productpage,v1,Running,True
1779249844,productpage,v1,Running,True
1779249844,productpage,v1,Running,True
1779249844,productpage,v1,Running,True
1779249844,productpage,v1,Running,True
1779249844,productpage,v1,Running,True
1779249844,productpage,v1,Running,True
1779249844,productpage,v1,Running,True
1779249844,productpage,v1,Running,True
1779249844,productpage,v1,Running,True
1779249844,productpage,v1,Running,True
1779249844,productpage,v1,Running,True
1779249844,productpage,v1,Running,True
1779249844,productpage,v1,Running,True
1779249844,productpage,v1,Running,True
1779249844,ratings,v1,Running,True
1779249844,reviews,v1,Running,True
1779249844,reviews,v2,Running,True
1779249844,reviews,v2,Running,True
1779249844,reviews,v2,Running,True
1779249844,reviews,v2,Running,True
1779249844,reviews,v3,Running,True
1779249844,reviews,v3,Running,True
1779249844,reviews,v3,Running,True
1779249845,details,v1,Running,True
1779249845,details,v1,Running,True
1779249845,details,v1,Running,True
1779249845,details,v1,Running,True
1779249845,details,v1,Running,True
1779249845,productpage,v1,Running,True
1779249845,productpage,v1,Running,True
1779249845,productpage,v1,Running,True
1779249845,productpage,v1,Running,True
1779249845,productpage,v1,Running,True
1779249845,productpage,v1,Running,True
1779249845,productpage,v1,Running,True
1779249845,productpage,v1,Running,True
1779249845,productpage,v1,Running,True
1779249845,productpage,v1,Running,True
1779249845,productpage,v1,Running,True
1779249845,productpage,v1,Running,True
1779249845,productpage,v1,Running,True
1779249845,productpage,v1,Running,True
1779249845,productpage,v1,Running,True
1779249845,productpage,v1,Running,True
1779249845,productpage,v1,Running,True
1779249845,productpage,v1,Running,True
1779249845,productpage,v1,Running,True
1779249845,productpage,v1,Running,True
1779249845,ratings,v1,Running,True
1779249845,reviews,v1,Running,True
1779249845,reviews,v2,Running,True
1779249845,reviews,v2,Running,True
1779249845,reviews,v2,Running,True
1779249845,reviews,v2,Running,True
1779249845,reviews,v3,Running,True
1779249845,reviews,v3,Running,True
1779249845,reviews,v3,Running,True
1779249846,details,v1,Running,True
1779249846,details,v1,Running,True
1779249846,details,v1,Running,True
1779249846,details,v1,Running,True
1779249846,details,v1,Running,True
1779249846,productpage,v1,Running,True
1779249846,productpage,v1,Running,True
1779249846,productpage,v1,Running,True
1779249846,productpage,v1,Running,True
1779249846,productpage,v1,Running,True
1779249846,productpage,v1,Running,True
1779249846,productpage,v1,Running,True
1779249846,productpage,v1,Running,True
1779249846,productpage,v1,Running,True
1779249846,productpage,v1,Running,True
1779249846,productpage,v1,Running,True
1779249846,productpage,v1,Running,True
1779249846,productpage,v1,Running,True
1779249846,productpage,v1,Running,True
1779249846,productpage,v1,Running,True
1779249846,productpage,v1,Running,True
1779249846,productpage,v1,Running,True
1779249846,productpage,v1,Running,True
1779249846,productpage,v1,Running,True
1779249846,productpage,v1,Running,True
1779249846,ratings,v1,Running,True
1779249846,reviews,v1,Running,True
1779249846,reviews,v2,Running,True
1779249846,reviews,v2,Running,True
1779249846,reviews,v2,Running,True
1779249846,reviews,v2,Running,True
1779249846,reviews,v3,Running,True
1779249846,reviews,v3,Running,True
1779249846,reviews,v3,Running,True
1779249847,details,v1,Running,True
1779249847,details,v1,Running,True
1779249847,details,v1,Running,True
1779249847,details,v1,Running,True
1779249847,details,v1,Running,True
1779249847,productpage,v1,Running,True
1779249847,productpage,v1,Running,True
1779249847,productpage,v1,Running,True
1779249847,productpage,v1,Running,True
1779249847,productpage,v1,Running,True
1779249847,productpage,v1,Running,True
1779249847,productpage,v1,Running,True
1779249847,productpage,v1,Running,True
1779249847,productpage,v1,Running,True
1779249847,productpage,v1,Running,True
1779249847,productpage,v1,Running,True
1779249847,productpage,v1,Running,True
1779249847,productpage,v1,Running,True
1779249847,productpage,v1,Running,True
1779249847,productpage,v1,Running,True
1779249847,productpage,v1,Running,True
1779249847,productpage,v1,Running,True
1779249847,productpage,v1,Running,True
1779249847,productpage,v1,Running,True
1779249847,productpage,v1,Running,True
1779249847,ratings,v1,Running,True
1779249847,reviews,v1,Running,True
1779249847,reviews,v2,Running,True
1779249847,reviews,v2,Running,True
1779249847,reviews,v2,Running,True
1779249847,reviews,v2,Running,True
1779249847,reviews,v3,Running,True
1779249847,reviews,v3,Running,True
1779249847,reviews,v3,Running,True
1779249848,details,v1,Running,True
1779249848,details,v1,Running,True
1779249848,details,v1,Running,True
1779249848,details,v1,Running,True
1779249848,details,v1,Running,True
1779249848,productpage,v1,Running,True
1779249848,productpage,v1,Running,True
1779249848,productpage,v1,Running,True
1779249848,productpage,v1,Running,True
1779249848,productpage,v1,Running,True
1779249848,productpage,v1,Running,True
1779249848,productpage,v1,Running,True
1779249848,productpage,v1,Running,True
1779249848,productpage,v1,Running,True
1779249848,productpage,v1,Running,True
1779249848,productpage,v1,Running,True
1779249848,productpage,v1,Running,True
1779249848,productpage,v1,Running,True
1779249848,productpage,v1,Running,True
1779249848,productpage,v1,Running,True
1779249848,productpage,v1,Running,True
1779249848,productpage,v1,Running,True
1779249848,productpage,v1,Running,True
1779249848,productpage,v1,Running,True
1779249848,productpage,v1,Running,True
1779249848,ratings,v1,Running,True
1779249848,reviews,v1,Running,True
1779249848,reviews,v2,Running,True
1779249848,reviews,v2,Running,True
1779249848,reviews,v2,Running,True
1779249848,reviews,v2,Running,True
1779249848,reviews,v3,Running,True
1779249848,reviews,v3,Running,True
1779249848,reviews,v3,Running,True
1779249849,details,v1,Running,True
1779249849,details,v1,Running,True
1779249849,details,v1,Running,True
1779249849,details,v1,Running,True
1779249849,details,v1,Running,True
1779249849,productpage,v1,Running,True
1779249849,productpage,v1,Running,True
1779249849,productpage,v1,Running,True
1779249849,productpage,v1,Running,True
1779249849,productpage,v1,Running,True
1779249849,productpage,v1,Running,True
1779249849,productpage,v1,Running,True
1779249849,productpage,v1,Running,True
1779249849,productpage,v1,Running,True
1779249849,productpage,v1,Running,True
1779249849,productpage,v1,Running,True
1779249849,productpage,v1,Running,True
1779249849,productpage,v1,Running,True
1779249849,productpage,v1,Running,True
1779249849,productpage,v1,Running,True
1779249849,productpage,v1,Running,True
1779249849,productpage,v1,Running,True
1779249849,productpage,v1,Running,True
1779249849,productpage,v1,Running,True
1779249849,productpage,v1,Running,True
1779249849,ratings,v1,Running,True
1779249849,reviews,v1,Running,True
1779249849,reviews,v2,Running,True
1779249849,reviews,v2,Running,True
1779249849,reviews,v2,Running,True
1779249849,reviews,v2,Running,True
1779249849,reviews,v3,Running,True
1779249849,reviews,v3,Running,True
1779249849,reviews,v3,Running,True
1779249850,details,v1,Running,True
1779249850,details,v1,Running,True
1779249850,details,v1,Running,True
1779249850,details,v1,Running,True
1779249850,details,v1,Running,True
1779249850,productpage,v1,Running,True
1779249850,productpage,v1,Running,True
1779249850,productpage,v1,Running,True
1779249850,productpage,v1,Running,True
1779249850,productpage,v1,Running,True
1779249850,productpage,v1,Running,True
1779249850,productpage,v1,Running,True
1779249850,productpage,v1,Running,True
1779249850,productpage,v1,Running,True
1779249850,productpage,v1,Running,True
1779249850,productpage,v1,Running,True
1779249850,productpage,v1,Running,True
1779249850,productpage,v1,Running,True
1779249850,productpage,v1,Running,True
1779249850,productpage,v1,Running,True
1779249850,productpage,v1,Running,True
1779249850,productpage,v1,Running,True
1779249850,productpage,v1,Running,True
1779249850,productpage,v1,Running,True
1779249850,productpage,v1,Running,True
1779249850,ratings,v1,Running,True
1779249850,reviews,v1,Running,True
1779249850,reviews,v2,Running,True
1779249850,reviews,v2,Running,True
1779249850,reviews,v2,Running,True
1779249850,reviews,v2,Running,True
1779249850,reviews,v3,Running,True
1779249850,reviews,v3,Running,True
1779249850,reviews,v3,Running,True
1779249851,details,v1,Running,True
1779249851,details,v1,Running,True
1779249851,details,v1,Running,True
1779249851,details,v1,Running,True
1779249851,details,v1,Running,True
1779249851,productpage,v1,Running,True
1779249851,productpage,v1,Running,True
1779249851,productpage,v1,Running,True
1779249851,productpage,v1,Running,True
1779249851,productpage,v1,Running,True
1779249851,productpage,v1,Running,True
1779249851,productpage,v1,Running,True
1779249851,productpage,v1,Running,True
1779249851,productpage,v1,Running,True
1779249851,productpage,v1,Running,True
1779249851,productpage,v1,Running,True
1779249851,productpage,v1,Running,True
1779249851,productpage,v1,Running,True
1779249851,productpage,v1,Running,True
1779249851,productpage,v1,Running,True
1779249851,productpage,v1,Running,True
1779249851,productpage,v1,Running,True
1779249851,productpage,v1,Running,True
1779249851,productpage,v1,Running,True
1779249851,productpage,v1,Running,True
1779249851,ratings,v1,Running,True
1779249851,reviews,v1,Running,True
1779249851,reviews,v2,Running,True
1779249851,reviews,v2,Running,True
1779249851,reviews,v2,Running,True
1779249851,reviews,v2,Running,True
1779249851,reviews,v3,Running,True
1779249851,reviews,v3,Running,True
1779249851,reviews,v3,Running,True
1779249852,details,v1,Running,True
1779249852,details,v1,Running,True
1779249852,details,v1,Running,True
1779249852,details,v1,Running,True
1779249852,details,v1,Running,True
1779249852,productpage,v1,Running,True
1779249852,productpage,v1,Running,True
1779249852,productpage,v1,Running,True
1779249852,productpage,v1,Running,True
1779249852,productpage,v1,Running,True
1779249852,productpage,v1,Running,True
1779249852,productpage,v1,Running,True
1779249852,productpage,v1,Running,True
1779249852,productpage,v1,Running,True
1779249852,productpage,v1,Running,True
1779249852,productpage,v1,Running,True
1779249852,productpage,v1,Running,True
1779249852,productpage,v1,Running,True
1779249852,productpage,v1,Running,True
1779249852,productpage,v1,Running,True
1779249852,productpage,v1,Running,True
1779249852,productpage,v1,Running,True
1779249852,productpage,v1,Running,True
1779249852,productpage,v1,Running,True
1779249852,productpage,v1,Running,True
1779249852,ratings,v1,Running,True
1779249852,reviews,v1,Running,True
1779249852,reviews,v2,Running,True
1779249852,reviews,v2,Running,True
1779249852,reviews,v2,Running,True
1779249852,reviews,v2,Running,True
1779249852,reviews,v3,Running,True
1779249852,reviews,v3,Running,True
1779249852,reviews,v3,Running,True
1779249853,details,v1,Running,True
1779249853,details,v1,Running,True
1779249853,details,v1,Running,True
1779249853,details,v1,Running,True
1779249853,details,v1,Running,True
1779249853,productpage,v1,Running,True
1779249853,productpage,v1,Running,True
1779249853,productpage,v1,Running,True
1779249853,productpage,v1,Running,True
1779249853,productpage,v1,Running,True
1779249853,productpage,v1,Running,True
1779249853,productpage,v1,Running,True
1779249853,productpage,v1,Running,True
1779249853,productpage,v1,Running,True
1779249853,productpage,v1,Running,True
1779249853,productpage,v1,Running,True
1779249853,productpage,v1,Running,True
1779249853,productpage,v1,Running,True
1779249853,productpage,v1,Running,True
1779249853,productpage,v1,Running,True
1779249853,productpage,v1,Running,True
1779249853,productpage,v1,Running,True
1779249853,productpage,v1,Running,True
1779249853,productpage,v1,Running,True
1779249853,productpage,v1,Running,True
1779249853,ratings,v1,Running,True
1779249853,reviews,v1,Running,True
1779249853,reviews,v2,Running,True
1779249853,reviews,v2,Running,True
1779249853,reviews,v2,Running,True
1779249853,reviews,v2,Running,True
1779249853,reviews,v3,Running,True
1779249853,reviews,v3,Running,True
1779249853,reviews,v3,Running,True
1779249854,details,v1,Running,True
1779249854,details,v1,Running,True
1779249854,details,v1,Running,True
1779249854,details,v1,Running,True
1779249854,details,v1,Running,True
1779249854,productpage,v1,Running,True
1779249854,productpage,v1,Running,True
1779249854,productpage,v1,Running,True
1779249854,productpage,v1,Running,True
1779249854,productpage,v1,Running,True
1779249854,productpage,v1,Running,True
1779249854,productpage,v1,Running,True
1779249854,productpage,v1,Running,True
1779249854,productpage,v1,Running,True
1779249854,productpage,v1,Running,True
1779249854,productpage,v1,Running,True
1779249854,productpage,v1,Running,True
1779249854,productpage,v1,Running,True
1779249854,productpage,v1,Running,True
1779249854,productpage,v1,Running,True
1779249854,productpage,v1,Running,True
1779249854,productpage,v1,Running,True
1779249854,productpage,v1,Running,True
1779249854,productpage,v1,Running,True
1779249854,productpage,v1,Running,True
1779249854,ratings,v1,Running,True
1779249854,reviews,v1,Running,True
1779249854,reviews,v2,Running,True
1779249854,reviews,v2,Running,True
1779249854,reviews,v2,Running,True
1779249854,reviews,v2,Running,True
1779249854,reviews,v3,Running,True
1779249854,reviews,v3,Running,True
1779249854,reviews,v3,Running,True
1779249855,details,v1,Running,True
1779249855,details,v1,Running,True
1779249855,details,v1,Running,True
1779249855,details,v1,Running,True
1779249855,details,v1,Running,True
1779249855,productpage,v1,Running,True
1779249855,productpage,v1,Running,True
1779249855,productpage,v1,Running,True
1779249855,productpage,v1,Running,True
1779249855,productpage,v1,Running,True
1779249855,productpage,v1,Running,True
1779249855,productpage,v1,Running,True
1779249855,productpage,v1,Running,True
1779249855,productpage,v1,Running,True
1779249855,productpage,v1,Running,True
1779249855,productpage,v1,Running,True
1779249855,productpage,v1,Running,True
1779249855,productpage,v1,Running,True
1779249855,productpage,v1,Running,True
1779249855,productpage,v1,Running,True
1779249855,productpage,v1,Running,True
1779249855,productpage,v1,Running,True
1779249855,productpage,v1,Running,True
1779249855,productpage,v1,Running,True
1779249855,productpage,v1,Running,True
1779249855,ratings,v1,Running,True
1779249855,reviews,v1,Running,True
1779249855,reviews,v2,Running,True
1779249855,reviews,v2,Running,True
1779249855,reviews,v2,Running,True
1779249855,reviews,v2,Running,True
1779249855,reviews,v3,Running,True
1779249855,reviews,v3,Running,True
1779249855,reviews,v3,Running,True
1779249856,details,v1,Running,True
1779249856,details,v1,Running,True
1779249856,details,v1,Running,True
1779249856,details,v1,Running,True
1779249856,details,v1,Running,True
1779249856,productpage,v1,Running,True
1779249856,productpage,v1,Running,True
1779249856,productpage,v1,Running,True
1779249856,productpage,v1,Running,True
1779249856,productpage,v1,Running,True
1779249856,productpage,v1,Running,True
1779249856,productpage,v1,Running,True
1779249856,productpage,v1,Running,True
1779249856,productpage,v1,Running,True
1779249856,productpage,v1,Running,True
1779249856,productpage,v1,Running,True
1779249856,productpage,v1,Running,True
1779249856,productpage,v1,Running,True
1779249856,productpage,v1,Running,True
1779249856,productpage,v1,Running,True
1779249856,productpage,v1,Running,True
1779249856,productpage,v1,Running,True
1779249856,productpage,v1,Running,True
1779249856,productpage,v1,Running,True
1779249856,productpage,v1,Running,True
1779249856,ratings,v1,Running,True
1779249856,reviews,v1,Running,True
1779249856,reviews,v2,Running,True
1779249856,reviews,v2,Running,True
1779249856,reviews,v2,Running,True
1779249856,reviews,v2,Running,True
1779249856,reviews,v3,Running,True
1779249856,reviews,v3,Running,True
1779249856,reviews,v3,Running,True
1779249857,details,v1,Running,True
1779249857,details,v1,Running,True
1779249857,details,v1,Running,True
1779249857,details,v1,Running,True
1779249857,details,v1,Running,True
1779249857,productpage,v1,Running,True
1779249857,productpage,v1,Running,True
1779249857,productpage,v1,Running,True
1779249857,productpage,v1,Running,True
1779249857,productpage,v1,Running,True
1779249857,productpage,v1,Running,True
1779249857,productpage,v1,Running,True
1779249857,productpage,v1,Running,True
1779249857,productpage,v1,Running,True
1779249857,productpage,v1,Running,True
1779249857,productpage,v1,Running,True
1779249857,productpage,v1,Running,True
1779249857,productpage,v1,Running,True
1779249857,productpage,v1,Running,True
1779249857,productpage,v1,Running,True
1779249857,productpage,v1,Running,True
1779249857,productpage,v1,Running,True
1779249857,productpage,v1,Running,True
1779249857,productpage,v1,Running,True
1779249857,productpage,v1,Running,True
1779249857,ratings,v1,Running,True
1779249857,reviews,v1,Running,True
1779249857,reviews,v2,Running,True
1779249857,reviews,v2,Running,True
1779249857,reviews,v2,Running,True
1779249857,reviews,v2,Running,True
1779249857,reviews,v3,Running,True
1779249857,reviews,v3,Running,True
1779249857,reviews,v3,Running,True
1779249858,details,v1,Running,True
1779249858,details,v1,Running,True
1779249858,details,v1,Running,True
1779249858,details,v1,Running,True
1779249858,details,v1,Running,True
1779249858,productpage,v1,Running,True
1779249858,productpage,v1,Running,True
1779249858,productpage,v1,Running,True
1779249858,productpage,v1,Running,True
1779249858,productpage,v1,Running,True
1779249858,productpage,v1,Running,True
1779249858,productpage,v1,Running,True
1779249858,productpage,v1,Running,True
1779249858,productpage,v1,Running,True
1779249858,productpage,v1,Running,True
1779249858,productpage,v1,Running,True
1779249858,productpage,v1,Running,True
1779249858,productpage,v1,Running,True
1779249858,productpage,v1,Running,True
1779249858,productpage,v1,Running,True
1779249858,productpage,v1,Running,True
1779249858,productpage,v1,Running,True
1779249858,productpage,v1,Running,True
1779249858,productpage,v1,Running,True
1779249858,productpage,v1,Running,True
1779249858,ratings,v1,Running,True
1779249858,reviews,v1,Running,True
1779249858,reviews,v2,Running,True
1779249858,reviews,v2,Running,True
1779249858,reviews,v2,Running,True
1779249858,reviews,v2,Running,True
1779249858,reviews,v3,Running,True
1779249858,reviews,v3,Running,True
1779249858,reviews,v3,Running,True
1779249859,details,v1,Running,True
1779249859,details,v1,Running,True
1779249859,details,v1,Running,True
1779249859,details,v1,Running,True
1779249859,details,v1,Running,True
1779249859,productpage,v1,Running,True
1779249859,productpage,v1,Running,True
1779249859,productpage,v1,Running,True
1779249859,productpage,v1,Running,True
1779249859,productpage,v1,Running,True
1779249859,productpage,v1,Running,True
1779249859,productpage,v1,Running,True
1779249859,productpage,v1,Running,True
1779249859,productpage,v1,Running,True
1779249859,productpage,v1,Running,True
1779249859,productpage,v1,Running,True
1779249859,productpage,v1,Running,True
1779249859,productpage,v1,Running,True
1779249859,productpage,v1,Running,True
1779249859,productpage,v1,Running,True
1779249859,productpage,v1,Running,True
1779249859,productpage,v1,Running,True
1779249859,productpage,v1,Running,True
1779249859,productpage,v1,Running,True
1779249859,productpage,v1,Running,True
1779249859,ratings,v1,Running,True
1779249859,reviews,v1,Running,True
1779249859,reviews,v2,Running,True
1779249859,reviews,v2,Running,True
1779249859,reviews,v2,Running,True
1779249859,reviews,v2,Running,True
1779249859,reviews,v3,Running,True
1779249859,reviews,v3,Running,True
1779249859,reviews,v3,Running,True
1779249860,details,v1,Running,True
1779249860,details,v1,Running,True
1779249860,details,v1,Running,True
1779249860,details,v1,Running,True
1779249860,details,v1,Running,True
1779249860,productpage,v1,Running,True
1779249860,productpage,v1,Running,True
1779249860,productpage,v1,Running,True
1779249860,productpage,v1,Running,True
1779249860,productpage,v1,Running,True
1779249860,productpage,v1,Running,True
1779249860,productpage,v1,Running,True
1779249860,productpage,v1,Running,True
1779249860,productpage,v1,Running,True
1779249860,productpage,v1,Running,True
1779249860,productpage,v1,Running,True
1779249860,productpage,v1,Running,True
1779249860,productpage,v1,Running,True
1779249860,productpage,v1,Running,True
1779249860,productpage,v1,Running,True
1779249860,productpage,v1,Running,True
1779249860,productpage,v1,Running,True
1779249860,productpage,v1,Running,True
1779249860,productpage,v1,Running,True
1779249860,productpage,v1,Running,True
1779249860,ratings,v1,Running,True
1779249860,reviews,v1,Running,True
1779249860,reviews,v2,Running,True
1779249860,reviews,v2,Running,True
1779249860,reviews,v2,Running,True
1779249860,reviews,v2,Running,True
1779249860,reviews,v3,Running,True
1779249860,reviews,v3,Running,True
1779249860,reviews,v3,Running,True
1779249861,details,v1,Running,True
1779249861,details,v1,Running,True
1779249861,details,v1,Running,True
1779249861,details,v1,Running,True
1779249861,details,v1,Running,True
1779249861,productpage,v1,Running,True
1779249861,productpage,v1,Running,True
1779249861,productpage,v1,Running,True
1779249861,productpage,v1,Running,True
1779249861,productpage,v1,Running,True
1779249861,productpage,v1,Running,True
1779249861,productpage,v1,Running,True
1779249861,productpage,v1,Running,True
1779249861,productpage,v1,Running,True
1779249861,productpage,v1,Running,True
1779249861,productpage,v1,Running,True
1779249861,productpage,v1,Running,True
1779249861,productpage,v1,Running,True
1779249861,productpage,v1,Running,True
1779249861,productpage,v1,Running,True
1779249861,productpage,v1,Running,True
1779249861,productpage,v1,Running,True
1779249861,productpage,v1,Running,True
1779249861,productpage,v1,Running,True
1779249861,productpage,v1,Running,True
1779249861,ratings,v1,Running,True
1779249861,reviews,v1,Running,True
1779249861,reviews,v2,Running,True
1779249861,reviews,v2,Running,True
1779249861,reviews,v2,Running,True
1779249861,reviews,v2,Running,True
1779249861,reviews,v3,Running,True
1779249861,reviews,v3,Running,True
1779249861,reviews,v3,Running,True
1779249862,details,v1,Running,True
1779249862,details,v1,Running,True
1779249862,details,v1,Running,True
1779249862,details,v1,Running,True
1779249862,details,v1,Running,True
1779249862,productpage,v1,Running,True
1779249862,productpage,v1,Running,True
1779249862,productpage,v1,Running,True
1779249862,productpage,v1,Running,True
1779249862,productpage,v1,Running,True
1779249862,productpage,v1,Running,True
1779249862,productpage,v1,Running,True
1779249862,productpage,v1,Running,True
1779249862,productpage,v1,Running,True
1779249862,productpage,v1,Running,True
1779249862,productpage,v1,Running,True
1779249862,productpage,v1,Running,True
1779249862,productpage,v1,Running,True
1779249862,productpage,v1,Running,True
1779249862,productpage,v1,Running,True
1779249862,productpage,v1,Running,True
1779249862,productpage,v1,Running,True
1779249862,productpage,v1,Running,True
1779249862,productpage,v1,Running,True
1779249862,productpage,v1,Running,True
1779249862,ratings,v1,Running,True
1779249862,reviews,v1,Running,True
1779249862,reviews,v2,Running,True
1779249862,reviews,v2,Running,True
1779249862,reviews,v2,Running,True
1779249862,reviews,v2,Running,True
1779249862,reviews,v3,Running,True
1779249862,reviews,v3,Running,True
1779249862,reviews,v3,Running,True
1779249863,details,v1,Running,True
1779249863,details,v1,Running,True
1779249863,details,v1,Running,True
1779249863,details,v1,Running,True
1779249863,details,v1,Running,True
1779249863,productpage,v1,Running,True
1779249863,productpage,v1,Running,True
1779249863,productpage,v1,Running,True
1779249863,productpage,v1,Running,True
1779249863,productpage,v1,Running,True
1779249863,productpage,v1,Running,True
1779249863,productpage,v1,Running,True
1779249863,productpage,v1,Running,True
1779249863,productpage,v1,Running,True
1779249863,productpage,v1,Running,True
1779249863,productpage,v1,Running,True
1779249863,productpage,v1,Running,True
1779249863,productpage,v1,Running,True
1779249863,productpage,v1,Running,True
1779249863,productpage,v1,Running,True
1779249863,productpage,v1,Running,True
1779249863,productpage,v1,Running,True
1779249863,productpage,v1,Running,True
1779249863,productpage,v1,Running,True
1779249863,productpage,v1,Running,True
1779249863,ratings,v1,Running,True
1779249863,reviews,v1,Running,True
1779249863,reviews,v2,Running,True
1779249863,reviews,v2,Running,True
1779249863,reviews,v2,Running,True
1779249863,reviews,v2,Running,True
1779249863,reviews,v3,Running,True
1779249863,reviews,v3,Running,True
1779249863,reviews,v3,Running,True
1779249864,details,v1,Running,True
1779249864,details,v1,Running,True
1779249864,details,v1,Running,True
1779249864,details,v1,Running,True
1779249864,details,v1,Running,True
1779249864,productpage,v1,Running,True
1779249864,productpage,v1,Running,True
1779249864,productpage,v1,Running,True
1779249864,productpage,v1,Running,True
1779249864,productpage,v1,Running,True
1779249864,productpage,v1,Running,True
1779249864,productpage,v1,Running,True
1779249864,productpage,v1,Running,True
1779249864,productpage,v1,Running,True
1779249864,productpage,v1,Running,True
1779249864,productpage,v1,Running,True
1779249864,productpage,v1,Running,True
1779249864,productpage,v1,Running,True
1779249864,productpage,v1,Running,True
1779249864,productpage,v1,Running,True
1779249864,productpage,v1,Running,True
1779249864,productpage,v1,Running,True
1779249864,productpage,v1,Running,True
1779249864,productpage,v1,Running,True
1779249864,productpage,v1,Running,True
1779249864,ratings,v1,Running,True
1779249864,reviews,v1,Running,True
1779249864,reviews,v2,Running,True
1779249864,reviews,v2,Running,True
1779249864,reviews,v2,Running,True
1779249864,reviews,v2,Running,True
1779249864,reviews,v3,Running,True
1779249864,reviews,v3,Running,True
1779249864,reviews,v3,Running,True
1779249865,details,v1,Running,True
1779249865,details,v1,Running,True
1779249865,details,v1,Running,True
1779249865,details,v1,Running,True
1779249865,details,v1,Running,True
1779249865,productpage,v1,Running,True
1779249865,productpage,v1,Running,True
1779249865,productpage,v1,Running,True
1779249865,productpage,v1,Running,True
1779249865,productpage,v1,Running,True
1779249865,productpage,v1,Running,True
1779249865,productpage,v1,Running,True
1779249865,productpage,v1,Running,True
1779249865,productpage,v1,Running,True
1779249865,productpage,v1,Running,True
1779249865,productpage,v1,Running,True
1779249865,productpage,v1,Running,True
1779249865,productpage,v1,Running,True
1779249865,productpage,v1,Running,True
1779249865,productpage,v1,Running,True
1779249865,productpage,v1,Running,True
1779249865,productpage,v1,Running,True
1779249865,productpage,v1,Running,True
1779249865,productpage,v1,Running,True
1779249865,productpage,v1,Running,True
1779249865,ratings,v1,Running,True
1779249865,reviews,v1,Running,True
1779249865,reviews,v2,Running,True
1779249865,reviews,v2,Running,True
1779249865,reviews,v2,Running,True
1779249865,reviews,v2,Running,True
1779249865,reviews,v3,Running,True
1779249865,reviews,v3,Running,True
1779249865,reviews,v3,Running,True
1779249866,details,v1,Running,True
1779249866,details,v1,Running,True
1779249866,details,v1,Running,True
1779249866,details,v1,Running,True
1779249866,details,v1,Running,True
1779249866,productpage,v1,Running,True
1779249866,productpage,v1,Running,True
1779249866,productpage,v1,Running,True
1779249866,productpage,v1,Running,True
1779249866,productpage,v1,Running,True
1779249866,productpage,v1,Running,True
1779249866,productpage,v1,Running,True
1779249866,productpage,v1,Running,True
1779249866,productpage,v1,Running,True
1779249866,productpage,v1,Running,True
1779249866,productpage,v1,Running,True
1779249866,productpage,v1,Running,True
1779249866,productpage,v1,Running,True
1779249866,productpage,v1,Running,True
1779249866,productpage,v1,Running,True
1779249866,productpage,v1,Running,True
1779249866,productpage,v1,Running,True
1779249866,productpage,v1,Running,True
1779249866,productpage,v1,Running,True
1779249866,productpage,v1,Running,True
1779249866,ratings,v1,Running,True
1779249866,reviews,v1,Running,True
1779249866,reviews,v2,Running,True
1779249866,reviews,v2,Running,True
1779249866,reviews,v2,Running,True
1779249866,reviews,v2,Running,True
1779249866,reviews,v3,Running,True
1779249866,reviews,v3,Running,True
1779249866,reviews,v3,Running,True
1779249867,details,v1,Running,True
1779249867,details,v1,Running,True
1779249867,details,v1,Running,True
1779249867,details,v1,Running,True
1779249867,details,v1,Running,True
1779249867,productpage,v1,Running,True
1779249867,productpage,v1,Running,True
1779249867,productpage,v1,Running,True
1779249867,productpage,v1,Running,True
1779249867,productpage,v1,Running,True
1779249867,productpage,v1,Running,True
1779249867,productpage,v1,Running,True
1779249867,productpage,v1,Running,True
1779249867,productpage,v1,Running,True
1779249867,productpage,v1,Running,True
1779249867,productpage,v1,Running,True
1779249867,productpage,v1,Running,True
1779249867,productpage,v1,Running,True
1779249867,productpage,v1,Running,True
1779249867,productpage,v1,Running,True
1779249867,productpage,v1,Running,True
1779249867,productpage,v1,Running,True
1779249867,productpage,v1,Running,True
1779249867,productpage,v1,Running,True
1779249867,productpage,v1,Running,True
1779249867,ratings,v1,Running,True
1779249867,reviews,v1,Running,True
1779249867,reviews,v2,Running,True
1779249867,reviews,v2,Running,True
1779249867,reviews,v2,Running,True
1779249867,reviews,v2,Running,True
1779249867,reviews,v3,Running,True
1779249867,reviews,v3,Running,True
1779249867,reviews,v3,Running,True
1779249868,details,v1,Running,True
1779249868,details,v1,Running,True
1779249868,details,v1,Running,True
1779249868,details,v1,Running,True
1779249868,details,v1,Running,True
1779249868,productpage,v1,Running,True
1779249868,productpage,v1,Running,True
1779249868,productpage,v1,Running,True
1779249868,productpage,v1,Running,True
1779249868,productpage,v1,Running,True
1779249868,productpage,v1,Running,True
1779249868,productpage,v1,Running,True
1779249868,productpage,v1,Running,True
1779249868,productpage,v1,Running,True
1779249868,productpage,v1,Running,True
1779249868,productpage,v1,Running,True
1779249868,productpage,v1,Running,True
1779249868,productpage,v1,Running,True
1779249868,productpage,v1,Running,True
1779249868,productpage,v1,Running,True
1779249868,productpage,v1,Running,True
1779249868,productpage,v1,Running,True
1779249868,productpage,v1,Running,True
1779249868,productpage,v1,Running,True
1779249868,productpage,v1,Running,True
1779249868,ratings,v1,Running,True
1779249868,reviews,v1,Running,True
1779249868,reviews,v2,Running,True
1779249868,reviews,v2,Running,True
1779249868,reviews,v2,Running,True
1779249868,reviews,v2,Running,True
1779249868,reviews,v3,Running,True
1779249868,reviews,v3,Running,True
1779249868,reviews,v3,Running,True
1779249869,details,v1,Running,True
1779249869,details,v1,Running,True
1779249869,details,v1,Running,True
1779249869,details,v1,Running,True
1779249869,details,v1,Running,True
1779249869,productpage,v1,Running,True
1779249869,productpage,v1,Running,True
1779249869,productpage,v1,Running,True
1779249869,productpage,v1,Running,True
1779249869,productpage,v1,Running,True
1779249869,productpage,v1,Running,True
1779249869,productpage,v1,Running,True
1779249869,productpage,v1,Running,True
1779249869,productpage,v1,Running,True
1779249869,productpage,v1,Running,True
1779249869,productpage,v1,Running,True
1779249869,productpage,v1,Running,True
1779249869,productpage,v1,Running,True
1779249869,productpage,v1,Running,True
1779249869,productpage,v1,Running,True
1779249869,productpage,v1,Running,True
1779249869,productpage,v1,Running,True
1779249869,productpage,v1,Running,True
1779249869,productpage,v1,Running,True
1779249869,productpage,v1,Running,True
1779249869,ratings,v1,Running,True
1779249869,reviews,v1,Running,True
1779249869,reviews,v2,Running,True
1779249869,reviews,v2,Running,True
1779249869,reviews,v2,Running,True
1779249869,reviews,v2,Running,True
1779249869,reviews,v3,Running,True
1779249869,reviews,v3,Running,True
1779249869,reviews,v3,Running,True
1779249870,details,v1,Running,True
1779249870,details,v1,Running,True
1779249870,details,v1,Running,True
1779249870,details,v1,Running,True
1779249870,details,v1,Running,True
1779249870,productpage,v1,Running,True
1779249870,productpage,v1,Running,True
1779249870,productpage,v1,Running,True
1779249870,productpage,v1,Running,True
1779249870,productpage,v1,Running,True
1779249870,productpage,v1,Running,True
1779249870,productpage,v1,Running,True
1779249870,productpage,v1,Running,True
1779249870,productpage,v1,Running,True
1779249870,productpage,v1,Running,True
1779249870,productpage,v1,Running,True
1779249870,productpage,v1,Running,True
1779249870,productpage,v1,Running,True
1779249870,productpage,v1,Running,True
1779249870,productpage,v1,Running,True
1779249870,productpage,v1,Running,True
1779249870,productpage,v1,Running,True
1779249870,productpage,v1,Running,True
1779249870,productpage,v1,Running,True
1779249870,productpage,v1,Running,True
1779249870,ratings,v1,Running,True
1779249870,reviews,v1,Running,True
1779249870,reviews,v2,Running,True
1779249870,reviews,v2,Running,True
1779249870,reviews,v2,Running,True
1779249870,reviews,v2,Running,True
1779249870,reviews,v3,Running,True
1779249870,reviews,v3,Running,True
1779249870,reviews,v3,Running,True
1779249871,details,v1,Running,True
1779249871,details,v1,Running,True
1779249871,details,v1,Running,True
1779249871,details,v1,Running,True
1779249871,details,v1,Running,True
1779249871,productpage,v1,Running,True
1779249871,productpage,v1,Running,True
1779249871,productpage,v1,Running,True
1779249871,productpage,v1,Running,True
1779249871,productpage,v1,Running,True
1779249871,productpage,v1,Running,True
1779249871,productpage,v1,Running,True
1779249871,productpage,v1,Running,True
1779249871,productpage,v1,Running,True
1779249871,productpage,v1,Running,True
1779249871,productpage,v1,Running,True
1779249871,productpage,v1,Running,True
1779249871,productpage,v1,Running,True
1779249871,productpage,v1,Running,True
1779249871,productpage,v1,Running,True
1779249871,productpage,v1,Running,True
1779249871,productpage,v1,Running,True
1779249871,productpage,v1,Running,True
1779249871,productpage,v1,Running,True
1779249871,productpage,v1,Running,True
1779249871,ratings,v1,Running,True
1779249871,reviews,v1,Running,True
1779249871,reviews,v2,Running,True
1779249871,reviews,v2,Running,True
1779249871,reviews,v2,Running,True
1779249871,reviews,v2,Running,True
1779249871,reviews,v3,Running,True
1779249871,reviews,v3,Running,True
1779249871,reviews,v3,Running,True
1779249872,details,v1,Running,True
1779249872,details,v1,Running,True
1779249872,details,v1,Running,True
1779249872,details,v1,Running,True
1779249872,details,v1,Running,True
1779249872,productpage,v1,Running,True
1779249872,productpage,v1,Running,True
1779249872,productpage,v1,Running,True
1779249872,productpage,v1,Running,True
1779249872,productpage,v1,Running,True
1779249872,productpage,v1,Running,True
1779249872,productpage,v1,Running,True
1779249872,productpage,v1,Running,True
1779249872,productpage,v1,Running,True
1779249872,productpage,v1,Running,True
1779249872,productpage,v1,Running,True
1779249872,productpage,v1,Running,True
1779249872,productpage,v1,Running,True
1779249872,productpage,v1,Running,True
1779249872,productpage,v1,Running,True
1779249872,productpage,v1,Running,True
1779249872,productpage,v1,Running,True
1779249872,productpage,v1,Running,True
1779249872,productpage,v1,Running,True
1779249872,productpage,v1,Running,True
1779249872,ratings,v1,Running,True
1779249872,reviews,v1,Running,True
1779249872,reviews,v2,Running,True
1779249872,reviews,v2,Running,True
1779249872,reviews,v2,Running,True
1779249872,reviews,v2,Running,True
1779249872,reviews,v3,Running,True
1779249872,reviews,v3,Running,True
1779249872,reviews,v3,Running,True
1779249873,details,v1,Running,True
1779249873,details,v1,Running,True
1779249873,details,v1,Running,True
1779249873,details,v1,Running,True
1779249873,details,v1,Running,True
1779249873,productpage,v1,Running,True
1779249873,productpage,v1,Running,True
1779249873,productpage,v1,Running,True
1779249873,productpage,v1,Running,True
1779249873,productpage,v1,Running,True
1779249873,productpage,v1,Running,True
1779249873,productpage,v1,Running,True
1779249873,productpage,v1,Running,True
1779249873,productpage,v1,Running,True
1779249873,productpage,v1,Running,True
1779249873,productpage,v1,Running,True
1779249873,productpage,v1,Running,True
1779249873,productpage,v1,Running,True
1779249873,productpage,v1,Running,True
1779249873,productpage,v1,Running,True
1779249873,productpage,v1,Running,True
1779249873,productpage,v1,Running,True
1779249873,productpage,v1,Running,True
1779249873,productpage,v1,Running,True
1779249873,productpage,v1,Running,True
1779249873,ratings,v1,Running,True
1779249873,reviews,v1,Running,True
1779249873,reviews,v2,Running,True
1779249873,reviews,v2,Running,True
1779249873,reviews,v2,Running,True
1779249873,reviews,v2,Running,True
1779249873,reviews,v3,Running,True
1779249873,reviews,v3,Running,True
1779249873,reviews,v3,Running,True
1779249874,details,v1,Running,True
1779249874,details,v1,Running,True
1779249874,details,v1,Running,True
1779249874,details,v1,Running,True
1779249874,details,v1,Running,True
1779249874,productpage,v1,Running,True
1779249874,productpage,v1,Running,True
1779249874,productpage,v1,Running,True
1779249874,productpage,v1,Running,True
1779249874,productpage,v1,Running,True
1779249874,productpage,v1,Running,True
1779249874,productpage,v1,Running,True
1779249874,productpage,v1,Running,True
1779249874,productpage,v1,Running,True
1779249874,productpage,v1,Running,True
1779249874,productpage,v1,Running,True
1779249874,productpage,v1,Running,True
1779249874,productpage,v1,Running,True
1779249874,productpage,v1,Running,True
1779249874,productpage,v1,Running,True
1779249874,productpage,v1,Running,True
1779249874,productpage,v1,Running,True
1779249874,productpage,v1,Running,True
1779249874,productpage,v1,Running,True
1779249874,productpage,v1,Running,True
1779249874,ratings,v1,Running,True
1779249874,reviews,v1,Running,True
1779249874,reviews,v2,Running,True
1779249874,reviews,v2,Running,True
1779249874,reviews,v2,Running,True
1779249874,reviews,v2,Running,True
1779249874,reviews,v3,Running,True
1779249874,reviews,v3,Running,True
1779249874,reviews,v3,Running,True
1779249875,details,v1,Running,True
1779249875,details,v1,Running,True
1779249875,details,v1,Running,True
1779249875,details,v1,Running,True
1779249875,details,v1,Running,True
1779249875,productpage,v1,Running,True
1779249875,productpage,v1,Running,True
1779249875,productpage,v1,Running,True
1779249875,productpage,v1,Running,True
1779249875,productpage,v1,Running,True
1779249875,productpage,v1,Running,True
1779249875,productpage,v1,Running,True
1779249875,productpage,v1,Running,True
1779249875,productpage,v1,Running,True
1779249875,productpage,v1,Running,True
1779249875,productpage,v1,Running,True
1779249875,productpage,v1,Running,True
1779249875,productpage,v1,Running,True
1779249875,productpage,v1,Running,True
1779249875,productpage,v1,Running,True
1779249875,productpage,v1,Running,True
1779249875,productpage,v1,Running,True
1779249875,productpage,v1,Running,True
1779249875,productpage,v1,Running,True
1779249875,productpage,v1,Running,True
1779249875,ratings,v1,Running,True
1779249875,reviews,v1,Running,True
1779249875,reviews,v2,Running,True
1779249875,reviews,v2,Running,True
1779249875,reviews,v2,Running,True
1779249875,reviews,v2,Running,True
1779249875,reviews,v3,Running,True
1779249875,reviews,v3,Running,True
1779249875,reviews,v3,Running,True
1779249876,details,v1,Running,True
1779249876,details,v1,Running,True
1779249876,details,v1,Running,True
1779249876,details,v1,Running,True
1779249876,details,v1,Running,True
1779249876,productpage,v1,Running,True
1779249876,productpage,v1,Running,True
1779249876,productpage,v1,Running,True
1779249876,productpage,v1,Running,True
1779249876,productpage,v1,Running,True
1779249876,productpage,v1,Running,True
1779249876,productpage,v1,Running,True
1779249876,productpage,v1,Running,True
1779249876,productpage,v1,Running,True
1779249876,productpage,v1,Running,True
1779249876,productpage,v1,Running,True
1779249876,productpage,v1,Running,True
1779249876,productpage,v1,Running,True
1779249876,productpage,v1,Running,True
1779249876,productpage,v1,Running,True
1779249876,productpage,v1,Running,True
1779249876,productpage,v1,Running,True
1779249876,productpage,v1,Running,True
1779249876,productpage,v1,Running,True
1779249876,productpage,v1,Running,True
1779249876,ratings,v1,Running,True
1779249876,reviews,v1,Running,True
1779249876,reviews,v2,Running,True
1779249876,reviews,v2,Running,True
1779249876,reviews,v2,Running,True
1779249876,reviews,v2,Running,True
1779249876,reviews,v3,Running,True
1779249876,reviews,v3,Running,True
1779249876,reviews,v3,Running,True
1779249877,details,v1,Running,True
1779249877,details,v1,Running,True
1779249877,details,v1,Running,True
1779249877,details,v1,Running,True
1779249877,details,v1,Running,True
1779249877,productpage,v1,Running,True
1779249877,productpage,v1,Running,True
1779249877,productpage,v1,Running,True
1779249877,productpage,v1,Running,True
1779249877,productpage,v1,Running,True
1779249877,productpage,v1,Running,True
1779249877,productpage,v1,Running,True
1779249877,productpage,v1,Running,True
1779249877,productpage,v1,Running,True
1779249877,productpage,v1,Running,True
1779249877,productpage,v1,Running,True
1779249877,productpage,v1,Running,True
1779249877,productpage,v1,Running,True
1779249877,productpage,v1,Running,True
1779249877,productpage,v1,Running,True
1779249877,productpage,v1,Running,True
1779249877,productpage,v1,Running,True
1779249877,productpage,v1,Running,True
1779249877,productpage,v1,Running,True
1779249877,productpage,v1,Running,True
1779249877,ratings,v1,Running,True
1779249877,reviews,v1,Running,True
1779249877,reviews,v2,Running,True
1779249877,reviews,v2,Running,True
1779249877,reviews,v2,Running,True
1779249877,reviews,v2,Running,True
1779249877,reviews,v3,Running,True
1779249877,reviews,v3,Running,True
1779249877,reviews,v3,Running,True
1779249878,details,v1,Running,True
1779249878,details,v1,Running,True
1779249878,details,v1,Running,True
1779249878,details,v1,Running,True
1779249878,details,v1,Running,True
1779249878,productpage,v1,Running,True
1779249878,productpage,v1,Running,True
1779249878,productpage,v1,Running,True
1779249878,productpage,v1,Running,True
1779249878,productpage,v1,Running,True
1779249878,productpage,v1,Running,True
1779249878,productpage,v1,Running,True
1779249878,productpage,v1,Running,True
1779249878,productpage,v1,Running,True
1779249878,productpage,v1,Running,True
1779249878,productpage,v1,Running,True
1779249878,productpage,v1,Running,True
1779249878,productpage,v1,Running,True
1779249878,productpage,v1,Running,True
1779249878,productpage,v1,Running,True
1779249878,productpage,v1,Running,True
1779249878,productpage,v1,Running,True
1779249878,productpage,v1,Running,True
1779249878,productpage,v1,Running,True
1779249878,productpage,v1,Running,True
1779249878,ratings,v1,Running,True
1779249878,reviews,v1,Running,True
1779249878,reviews,v2,Running,True
1779249878,reviews,v2,Running,True
1779249878,reviews,v2,Running,True
1779249878,reviews,v2,Running,True
1779249878,reviews,v3,Running,True
1779249878,reviews,v3,Running,True
1779249878,reviews,v3,Running,True
1779249879,details,v1,Running,True
1779249879,details,v1,Running,True
1779249879,details,v1,Running,True
1779249879,details,v1,Running,True
1779249879,details,v1,Running,True
1779249879,productpage,v1,Running,True
1779249879,productpage,v1,Running,True
1779249879,productpage,v1,Running,True
1779249879,productpage,v1,Running,True
1779249879,productpage,v1,Running,True
1779249879,productpage,v1,Running,True
1779249879,productpage,v1,Running,True
1779249879,productpage,v1,Running,True
1779249879,productpage,v1,Running,True
1779249879,productpage,v1,Running,True
1779249879,productpage,v1,Running,True
1779249879,productpage,v1,Running,True
1779249879,productpage,v1,Running,True
1779249879,productpage,v1,Running,True
1779249879,productpage,v1,Running,True
1779249879,productpage,v1,Running,True
1779249879,productpage,v1,Running,True
1779249879,productpage,v1,Running,True
1779249879,productpage,v1,Running,True
1779249879,productpage,v1,Running,True
1779249879,ratings,v1,Running,True
1779249879,reviews,v1,Running,True
1779249879,reviews,v2,Running,True
1779249879,reviews,v2,Running,True
1779249879,reviews,v2,Running,True
1779249879,reviews,v2,Running,True
1779249879,reviews,v3,Running,True
1779249879,reviews,v3,Running,True
1779249879,reviews,v3,Running,True
1779249880,details,v1,Running,True
1779249880,details,v1,Running,True
1779249880,details,v1,Running,True
1779249880,details,v1,Running,True
1779249880,details,v1,Running,True
1779249880,productpage,v1,Running,True
1779249880,productpage,v1,Running,True
1779249880,productpage,v1,Running,True
1779249880,productpage,v1,Running,True
1779249880,productpage,v1,Running,True
1779249880,productpage,v1,Running,True
1779249880,productpage,v1,Running,True
1779249880,productpage,v1,Running,True
1779249880,productpage,v1,Running,True
1779249880,productpage,v1,Running,True
1779249880,productpage,v1,Running,True
1779249880,productpage,v1,Running,True
1779249880,productpage,v1,Running,True
1779249880,productpage,v1,Running,True
1779249880,productpage,v1,Running,True
1779249880,productpage,v1,Running,True
1779249880,productpage,v1,Running,True
1779249880,productpage,v1,Running,True
1779249880,productpage,v1,Running,True
1779249880,productpage,v1,Running,True
1779249880,ratings,v1,Running,True
1779249880,reviews,v1,Running,True
1779249880,reviews,v2,Running,True
1779249880,reviews,v2,Running,True
1779249880,reviews,v2,Running,True
1779249880,reviews,v2,Running,True
1779249880,reviews,v3,Running,True
1779249880,reviews,v3,Running,True
1779249880,reviews,v3,Running,True
1779249881,details,v1,Running,True
1779249881,details,v1,Running,True
1779249881,details,v1,Running,True
1779249881,details,v1,Running,True
1779249881,details,v1,Running,True
1779249881,productpage,v1,Running,True
1779249881,productpage,v1,Running,True
1779249881,productpage,v1,Running,True
1779249881,productpage,v1,Running,True
1779249881,productpage,v1,Running,True
1779249881,productpage,v1,Running,True
1779249881,productpage,v1,Running,True
1779249881,productpage,v1,Running,True
1779249881,productpage,v1,Running,True
1779249881,productpage,v1,Running,True
1779249881,productpage,v1,Running,True
1779249881,productpage,v1,Running,True
1779249881,productpage,v1,Running,True
1779249881,productpage,v1,Running,True
1779249881,productpage,v1,Running,True
1779249881,productpage,v1,Running,True
1779249881,productpage,v1,Running,True
1779249881,productpage,v1,Running,True
1779249881,productpage,v1,Running,True
1779249881,productpage,v1,Running,True
1779249881,ratings,v1,Running,True
1779249881,reviews,v1,Running,True
1779249881,reviews,v2,Running,True
1779249881,reviews,v2,Running,True
1779249881,reviews,v2,Running,True
1779249881,reviews,v2,Running,True
1779249881,reviews,v3,Running,True
1779249881,reviews,v3,Running,True
1779249881,reviews,v3,Running,True
1779249882,details,v1,Running,True
1779249882,details,v1,Running,True
1779249882,details,v1,Running,True
1779249882,details,v1,Running,True
1779249882,details,v1,Running,True
1779249882,productpage,v1,Running,True
1779249882,productpage,v1,Running,True
1779249882,productpage,v1,Running,True
1779249882,productpage,v1,Running,True
1779249882,productpage,v1,Running,True
1779249882,productpage,v1,Running,True
1779249882,productpage,v1,Running,True
1779249882,productpage,v1,Running,True
1779249882,productpage,v1,Running,True
1779249882,productpage,v1,Running,True
1779249882,productpage,v1,Running,True
1779249882,productpage,v1,Running,True
1779249882,productpage,v1,Running,True
1779249882,productpage,v1,Running,True
1779249882,productpage,v1,Running,True
1779249882,productpage,v1,Running,True
1779249882,productpage,v1,Running,True
1779249882,productpage,v1,Running,True
1779249882,productpage,v1,Running,True
1779249882,productpage,v1,Running,True
1779249882,ratings,v1,Running,True
1779249882,reviews,v1,Running,True
1779249882,reviews,v2,Running,True
1779249882,reviews,v2,Running,True
1779249882,reviews,v2,Running,True
1779249882,reviews,v2,Running,True
1779249882,reviews,v3,Running,True
1779249882,reviews,v3,Running,True
1779249882,reviews,v3,Running,True
1779249883,details,v1,Running,True
1779249883,details,v1,Running,True
1779249883,details,v1,Running,True
1779249883,details,v1,Running,True
1779249883,details,v1,Running,True
1779249883,productpage,v1,Running,True
1779249883,productpage,v1,Running,True
1779249883,productpage,v1,Running,True
1779249883,productpage,v1,Running,True
1779249883,productpage,v1,Running,True
1779249883,productpage,v1,Running,True
1779249883,productpage,v1,Running,True
1779249883,productpage,v1,Running,True
1779249883,productpage,v1,Running,True
1779249883,productpage,v1,Running,True
1779249883,productpage,v1,Running,True
1779249883,productpage,v1,Running,True
1779249883,productpage,v1,Running,True
1779249883,productpage,v1,Running,True
1779249883,productpage,v1,Running,True
1779249883,productpage,v1,Running,True
1779249883,productpage,v1,Running,True
1779249883,productpage,v1,Running,True
1779249883,productpage,v1,Running,True
1779249883,productpage,v1,Running,True
1779249883,ratings,v1,Running,True
1779249883,reviews,v1,Running,True
1779249883,reviews,v2,Running,True
1779249883,reviews,v2,Running,True
1779249883,reviews,v2,Running,True
1779249883,reviews,v2,Running,True
1779249883,reviews,v3,Running,True
1779249883,reviews,v3,Running,True
1779249883,reviews,v3,Running,True
1779249884,details,v1,Running,True
1779249884,details,v1,Running,True
1779249884,details,v1,Running,True
1779249884,details,v1,Running,True
1779249884,details,v1,Running,True
1779249884,productpage,v1,Running,True
1779249884,productpage,v1,Running,True
1779249884,productpage,v1,Running,True
1779249884,productpage,v1,Running,True
1779249884,productpage,v1,Running,True
1779249884,productpage,v1,Running,True
1779249884,productpage,v1,Running,True
1779249884,productpage,v1,Running,True
1779249884,productpage,v1,Running,True
1779249884,productpage,v1,Running,True
1779249884,productpage,v1,Running,True
1779249884,productpage,v1,Running,True
1779249884,productpage,v1,Running,True
1779249884,productpage,v1,Running,True
1779249884,productpage,v1,Running,True
1779249884,productpage,v1,Running,True
1779249884,productpage,v1,Running,True
1779249884,productpage,v1,Running,True
1779249884,productpage,v1,Running,True
1779249884,productpage,v1,Running,True
1779249884,ratings,v1,Running,True
1779249884,reviews,v1,Running,True
1779249884,reviews,v2,Running,True
1779249884,reviews,v2,Running,True
1779249884,reviews,v2,Running,True
1779249884,reviews,v2,Running,True
1779249884,reviews,v3,Running,True
1779249884,reviews,v3,Running,True
1779249884,reviews,v3,Running,True
1779249885,details,v1,Running,True
1779249885,details,v1,Running,True
1779249885,details,v1,Running,True
1779249885,details,v1,Running,True
1779249885,details,v1,Running,True
1779249885,productpage,v1,Running,True
1779249885,productpage,v1,Running,True
1779249885,productpage,v1,Running,True
1779249885,productpage,v1,Running,True
1779249885,productpage,v1,Running,True
1779249885,productpage,v1,Running,True
1779249885,productpage,v1,Running,True
1779249885,productpage,v1,Running,True
1779249885,productpage,v1,Running,True
1779249885,productpage,v1,Running,True
1779249885,productpage,v1,Running,True
1779249885,productpage,v1,Running,True
1779249885,productpage,v1,Running,True
1779249885,productpage,v1,Running,True
1779249885,productpage,v1,Running,True
1779249885,productpage,v1,Running,True
1779249885,productpage,v1,Running,True
1779249885,productpage,v1,Running,True
1779249885,productpage,v1,Running,True
1779249885,productpage,v1,Running,True
1779249885,ratings,v1,Running,True
1779249885,reviews,v1,Running,True
1779249885,reviews,v2,Running,True
1779249885,reviews,v2,Running,True
1779249885,reviews,v2,Running,True
1779249885,reviews,v2,Running,True
1779249885,reviews,v3,Running,True
1779249885,reviews,v3,Running,True
1779249885,reviews,v3,Running,True
1779249886,details,v1,Running,True
1779249886,details,v1,Running,True
1779249886,details,v1,Running,True
1779249886,details,v1,Running,True
1779249886,details,v1,Running,True
1779249886,productpage,v1,Running,True
1779249886,productpage,v1,Running,True
1779249886,productpage,v1,Running,True
1779249886,productpage,v1,Running,True
1779249886,productpage,v1,Running,True
1779249886,productpage,v1,Running,True
1779249886,productpage,v1,Running,True
1779249886,productpage,v1,Running,True
1779249886,productpage,v1,Running,True
1779249886,productpage,v1,Running,True
1779249886,productpage,v1,Running,True
1779249886,productpage,v1,Running,True
1779249886,productpage,v1,Running,True
1779249886,productpage,v1,Running,True
1779249886,productpage,v1,Running,True
1779249886,productpage,v1,Running,True
1779249886,productpage,v1,Running,True
1779249886,productpage,v1,Running,True
1779249886,productpage,v1,Running,True
1779249886,productpage,v1,Running,True
1779249886,ratings,v1,Running,True
1779249886,reviews,v1,Running,True
1779249886,reviews,v2,Running,True
1779249886,reviews,v2,Running,True
1779249886,reviews,v2,Running,True
1779249886,reviews,v2,Running,True
1779249886,reviews,v3,Running,True
1779249886,reviews,v3,Running,True
1779249886,reviews,v3,Running,True
1779249887,details,v1,Running,True
1779249887,details,v1,Running,True
1779249887,details,v1,Running,True
1779249887,details,v1,Running,True
1779249887,details,v1,Running,True
1779249887,productpage,v1,Running,True
1779249887,productpage,v1,Running,True
1779249887,productpage,v1,Running,True
1779249887,productpage,v1,Running,True
1779249887,productpage,v1,Running,True
1779249887,productpage,v1,Running,True
1779249887,productpage,v1,Running,True
1779249887,productpage,v1,Running,True
1779249887,productpage,v1,Running,True
1779249887,productpage,v1,Running,True
1779249887,productpage,v1,Running,True
1779249887,productpage,v1,Running,True
1779249887,productpage,v1,Running,True
1779249887,productpage,v1,Running,True
1779249887,productpage,v1,Running,True
1779249887,productpage,v1,Running,True
1779249887,productpage,v1,Running,True
1779249887,productpage,v1,Running,True
1779249887,productpage,v1,Running,True
1779249887,productpage,v1,Running,True
1779249887,ratings,v1,Running,True
1779249887,reviews,v1,Running,True
1779249887,reviews,v2,Running,True
1779249887,reviews,v2,Running,True
1779249887,reviews,v2,Running,True
1779249887,reviews,v2,Running,True
1779249887,reviews,v3,Running,True
1779249887,reviews,v3,Running,True
1779249887,reviews,v3,Running,True
1779249888,details,v1,Running,True
1779249888,details,v1,Running,True
1779249888,details,v1,Running,True
1779249888,details,v1,Running,True
1779249888,details,v1,Running,True
1779249888,productpage,v1,Running,True
1779249888,productpage,v1,Running,True
1779249888,productpage,v1,Running,True
1779249888,productpage,v1,Running,True
1779249888,productpage,v1,Running,True
1779249888,productpage,v1,Running,True
1779249888,productpage,v1,Running,True
1779249888,productpage,v1,Running,True
1779249888,productpage,v1,Running,True
1779249888,productpage,v1,Running,True
1779249888,productpage,v1,Running,True
1779249888,productpage,v1,Running,True
1779249888,productpage,v1,Running,True
1779249888,productpage,v1,Running,True
1779249888,productpage,v1,Running,True
1779249888,productpage,v1,Running,True
1779249888,productpage,v1,Running,True
1779249888,productpage,v1,Running,True
1779249888,productpage,v1,Running,True
1779249888,productpage,v1,Running,True
1779249888,ratings,v1,Running,True
1779249888,reviews,v1,Running,True
1779249888,reviews,v2,Running,True
1779249888,reviews,v2,Running,True
1779249888,reviews,v2,Running,True
1779249888,reviews,v2,Running,True
1779249888,reviews,v3,Running,True
1779249888,reviews,v3,Running,True
1779249888,reviews,v3,Running,True
1779249889,details,v1,Running,True
1779249889,details,v1,Running,True
1779249889,details,v1,Running,True
1779249889,details,v1,Running,True
1779249889,details,v1,Running,True
1779249889,productpage,v1,Running,True
1779249889,productpage,v1,Running,True
1779249889,productpage,v1,Running,True
1779249889,productpage,v1,Running,True
1779249889,productpage,v1,Running,True
1779249889,productpage,v1,Running,True
1779249889,productpage,v1,Running,True
1779249889,productpage,v1,Running,True
1779249889,productpage,v1,Running,True
1779249889,productpage,v1,Running,True
1779249889,productpage,v1,Running,True
1779249889,productpage,v1,Running,True
1779249889,productpage,v1,Running,True
1779249889,productpage,v1,Running,True
1779249889,productpage,v1,Running,True
1779249889,productpage,v1,Running,True
1779249889,productpage,v1,Running,True
1779249889,productpage,v1,Running,True
1779249889,productpage,v1,Running,True
1779249889,productpage,v1,Running,True
1779249889,ratings,v1,Running,True
1779249889,reviews,v1,Running,True
1779249889,reviews,v2,Running,True
1779249889,reviews,v2,Running,True
1779249889,reviews,v2,Running,True
1779249889,reviews,v2,Running,True
1779249889,reviews,v3,Running,True
1779249889,reviews,v3,Running,True
1779249889,reviews,v3,Running,True
1779249890,details,v1,Running,True
1779249890,details,v1,Running,True
1779249890,details,v1,Pending,False
1779249890,details,v1,Running,True
1779249890,details,v1,Running,True
1779249890,details,v1,Running,True
1779249890,productpage,v1,Running,True
1779249890,productpage,v1,Running,True
1779249890,productpage,v1,Running,True
1779249890,productpage,v1,Running,True
1779249890,productpage,v1,Running,True
1779249890,productpage,v1,Running,True
1779249890,productpage,v1,Running,True
1779249890,productpage,v1,Running,True
1779249890,productpage,v1,Running,True
1779249890,productpage,v1,Running,True
1779249890,productpage,v1,Running,True
1779249890,productpage,v1,Running,True
1779249890,productpage,v1,Running,True
1779249890,productpage,v1,Running,True
1779249890,productpage,v1,Running,True
1779249890,productpage,v1,Running,True
1779249890,productpage,v1,Running,True
1779249890,productpage,v1,Running,True
1779249890,productpage,v1,Running,True
1779249890,productpage,v1,Running,True
1779249890,ratings,v1,Running,True
1779249890,reviews,v1,Running,True
1779249890,reviews,v2,Running,True
1779249890,reviews,v2,Running,True
1779249890,reviews,v2,Running,True
1779249890,reviews,v2,Running,True
1779249890,reviews,v3,Running,True
1779249890,reviews,v3,Running,True
1779249890,reviews,v3,Running,True
1779249891,details,v1,Running,True
1779249891,details,v1,Running,True
1779249891,details,v1,Pending,False
1779249891,details,v1,Running,True
1779249891,details,v1,Running,True
1779249891,details,v1,Running,True
1779249891,productpage,v1,Running,True
1779249891,productpage,v1,Running,True
1779249891,productpage,v1,Running,True
1779249891,productpage,v1,Running,True
1779249891,productpage,v1,Running,True
1779249891,productpage,v1,Running,True
1779249891,productpage,v1,Running,True
1779249891,productpage,v1,Running,True
1779249891,productpage,v1,Running,True
1779249891,productpage,v1,Running,True
1779249891,productpage,v1,Running,True
1779249891,productpage,v1,Running,True
1779249891,productpage,v1,Running,True
1779249891,productpage,v1,Running,True
1779249891,productpage,v1,Running,True
1779249891,productpage,v1,Running,True
1779249891,productpage,v1,Running,True
1779249891,productpage,v1,Running,True
1779249891,productpage,v1,Running,True
1779249891,productpage,v1,Running,True
1779249891,ratings,v1,Running,True
1779249891,reviews,v1,Running,True
1779249891,reviews,v2,Running,True
1779249891,reviews,v2,Running,True
1779249891,reviews,v2,Running,True
1779249891,reviews,v2,Running,True
1779249891,reviews,v3,Running,True
1779249891,reviews,v3,Running,True
1779249891,reviews,v3,Running,True
1779249892,details,v1,Running,True
1779249892,details,v1,Running,True
1779249892,details,v1,Running,False
1779249892,details,v1,Running,True
1779249892,details,v1,Running,True
1779249892,details,v1,Running,True
1779249892,productpage,v1,Running,True
1779249892,productpage,v1,Running,True
1779249892,productpage,v1,Running,True
1779249892,productpage,v1,Running,True
1779249892,productpage,v1,Running,True
1779249892,productpage,v1,Running,True
1779249892,productpage,v1,Running,True
1779249892,productpage,v1,Running,True
1779249892,productpage,v1,Running,True
1779249892,productpage,v1,Running,True
1779249892,productpage,v1,Running,True
1779249892,productpage,v1,Running,True
1779249892,productpage,v1,Running,True
1779249892,productpage,v1,Running,True
1779249892,productpage,v1,Running,True
1779249892,productpage,v1,Running,True
1779249892,productpage,v1,Running,True
1779249892,productpage,v1,Running,True
1779249892,productpage,v1,Running,True
1779249892,productpage,v1,Running,True
1779249892,ratings,v1,Running,True
1779249892,reviews,v1,Running,True
1779249892,reviews,v2,Running,True
1779249892,reviews,v2,Running,True
1779249892,reviews,v2,Running,True
1779249892,reviews,v2,Running,True
1779249892,reviews,v3,Running,True
1779249892,reviews,v3,Running,True
1779249892,reviews,v3,Running,True
1779249893,details,v1,Running,True
1779249893,details,v1,Running,True
1779249893,details,v1,Running,True
1779249893,details,v1,Running,True
1779249893,details,v1,Running,True
1779249893,details,v1,Running,True
1779249893,productpage,v1,Running,True
1779249893,productpage,v1,Running,True
1779249893,productpage,v1,Running,True
1779249893,productpage,v1,Running,True
1779249893,productpage,v1,Running,True
1779249893,productpage,v1,Running,True
1779249893,productpage,v1,Running,True
1779249893,productpage,v1,Running,True
1779249893,productpage,v1,Running,True
1779249893,productpage,v1,Running,True
1779249893,productpage,v1,Running,True
1779249893,productpage,v1,Running,True
1779249893,productpage,v1,Running,True
1779249893,productpage,v1,Running,True
1779249893,productpage,v1,Running,True
1779249893,productpage,v1,Running,True
1779249893,productpage,v1,Running,True
1779249893,productpage,v1,Running,True
1779249893,productpage,v1,Running,True
1779249893,productpage,v1,Running,True
1779249893,ratings,v1,Running,True
1779249893,reviews,v1,Running,True
1779249893,reviews,v2,Running,True
1779249893,reviews,v2,Running,True
1779249893,reviews,v2,Running,True
1779249893,reviews,v2,Running,True
1779249893,reviews,v3,Running,True
1779249893,reviews,v3,Running,True
1779249893,reviews,v3,Running,True
1779249894,details,v1,Running,True
1779249894,details,v1,Running,True
1779249894,details,v1,Running,True
1779249894,details,v1,Running,True
1779249894,details,v1,Running,True
1779249894,details,v1,Running,True
1779249894,productpage,v1,Running,True
1779249894,productpage,v1,Running,True
1779249894,productpage,v1,Running,True
1779249894,productpage,v1,Running,True
1779249894,productpage,v1,Running,True
1779249894,productpage,v1,Running,True
1779249894,productpage,v1,Running,True
1779249894,productpage,v1,Running,True
1779249894,productpage,v1,Running,True
1779249894,productpage,v1,Running,True
1779249894,productpage,v1,Running,True
1779249894,productpage,v1,Running,True
1779249894,productpage,v1,Running,True
1779249894,productpage,v1,Running,True
1779249894,productpage,v1,Running,True
1779249894,productpage,v1,Running,True
1779249894,productpage,v1,Running,True
1779249894,productpage,v1,Running,True
1779249894,productpage,v1,Running,True
1779249894,productpage,v1,Running,True
1779249894,ratings,v1,Running,True
1779249894,reviews,v1,Running,True
1779249894,reviews,v2,Running,True
1779249894,reviews,v2,Running,True
1779249894,reviews,v2,Running,True
1779249894,reviews,v2,Running,True
1779249894,reviews,v3,Running,True
1779249894,reviews,v3,Running,True
1779249894,reviews,v3,Running,True
1779249895,details,v1,Running,True
1779249895,details,v1,Running,True
1779249895,details,v1,Running,True
1779249895,details,v1,Running,True
1779249895,details,v1,Running,True
1779249895,details,v1,Running,True
1779249895,productpage,v1,Running,True
1779249895,productpage,v1,Running,True
1779249895,productpage,v1,Running,True
1779249895,productpage,v1,Running,True
1779249895,productpage,v1,Running,True
1779249895,productpage,v1,Running,True
1779249895,productpage,v1,Running,True
1779249895,productpage,v1,Running,True
1779249895,productpage,v1,Running,True
1779249895,productpage,v1,Running,True
1779249895,productpage,v1,Running,True
1779249895,productpage,v1,Running,True
1779249895,productpage,v1,Running,True
1779249895,productpage,v1,Running,True
1779249895,productpage,v1,Running,True
1779249895,productpage,v1,Running,True
1779249895,productpage,v1,Running,True
1779249895,productpage,v1,Running,True
1779249895,productpage,v1,Running,True
1779249895,productpage,v1,Running,True
1779249895,ratings,v1,Running,True
1779249895,reviews,v1,Running,True
1779249895,reviews,v2,Running,True
1779249895,reviews,v2,Running,True
1779249895,reviews,v2,Running,True
1779249895,reviews,v2,Running,True
1779249895,reviews,v3,Running,True
1779249895,reviews,v3,Running,True
1779249895,reviews,v3,Running,True
1779249896,details,v1,Running,True
1779249896,details,v1,Running,True
1779249896,details,v1,Running,True
1779249896,details,v1,Running,True
1779249896,details,v1,Running,True
1779249896,details,v1,Running,True
1779249896,productpage,v1,Running,True
1779249896,productpage,v1,Running,True
1779249896,productpage,v1,Running,True
1779249896,productpage,v1,Running,True
1779249896,productpage,v1,Running,True
1779249896,productpage,v1,Running,True
1779249896,productpage,v1,Running,True
1779249896,productpage,v1,Running,True
1779249896,productpage,v1,Running,True
1779249896,productpage,v1,Running,True
1779249896,productpage,v1,Running,True
1779249896,productpage,v1,Running,True
1779249896,productpage,v1,Running,True
1779249896,productpage,v1,Running,True
1779249896,productpage,v1,Running,True
1779249896,productpage,v1,Running,True
1779249896,productpage,v1,Running,True
1779249896,productpage,v1,Running,True
1779249896,productpage,v1,Running,True
1779249896,productpage,v1,Running,True
1779249896,ratings,v1,Running,True
1779249896,reviews,v1,Running,True
1779249896,reviews,v2,Running,True
1779249896,reviews,v2,Running,True
1779249896,reviews,v2,Running,True
1779249896,reviews,v2,Running,True
1779249896,reviews,v3,Running,True
1779249896,reviews,v3,Running,True
1779249896,reviews,v3,Running,True
1779249897,details,v1,Running,True
1779249897,details,v1,Running,True
1779249897,details,v1,Running,True
1779249897,details,v1,Running,True
1779249897,details,v1,Running,True
1779249897,details,v1,Running,True
1779249897,productpage,v1,Running,True
1779249897,productpage,v1,Running,True
1779249897,productpage,v1,Running,True
1779249897,productpage,v1,Running,True
1779249897,productpage,v1,Running,True
1779249897,productpage,v1,Running,True
1779249897,productpage,v1,Running,True
1779249897,productpage,v1,Running,True
1779249897,productpage,v1,Running,True
1779249897,productpage,v1,Running,True
1779249897,productpage,v1,Running,True
1779249897,productpage,v1,Running,True
1779249897,productpage,v1,Running,True
1779249897,productpage,v1,Running,True
1779249897,productpage,v1,Running,True
1779249897,productpage,v1,Running,True
1779249897,productpage,v1,Running,True
1779249897,productpage,v1,Running,True
1779249897,productpage,v1,Running,True
1779249897,productpage,v1,Running,True
1779249897,ratings,v1,Running,True
1779249897,reviews,v1,Running,True
1779249897,reviews,v2,Running,True
1779249897,reviews,v2,Running,True
1779249897,reviews,v2,Running,True
1779249897,reviews,v2,Running,True
1779249897,reviews,v3,Running,True
1779249897,reviews,v3,Running,True
1779249897,reviews,v3,Running,True
1779249898,details,v1,Running,True
1779249898,details,v1,Running,True
1779249898,details,v1,Running,True
1779249898,details,v1,Running,True
1779249898,details,v1,Running,True
1779249898,details,v1,Running,True
1779249898,productpage,v1,Running,True
1779249898,productpage,v1,Running,True
1779249898,productpage,v1,Running,True
1779249898,productpage,v1,Running,True
1779249898,productpage,v1,Running,True
1779249898,productpage,v1,Running,True
1779249898,productpage,v1,Running,True
1779249898,productpage,v1,Running,True
1779249898,productpage,v1,Running,True
1779249898,productpage,v1,Running,True
1779249898,productpage,v1,Running,True
1779249898,productpage,v1,Running,True
1779249898,productpage,v1,Running,True
1779249898,productpage,v1,Running,True
1779249898,productpage,v1,Running,True
1779249898,productpage,v1,Running,True
1779249898,productpage,v1,Running,True
1779249898,productpage,v1,Running,True
1779249898,productpage,v1,Running,True
1779249898,productpage,v1,Running,True
1779249898,ratings,v1,Running,True
1779249898,reviews,v1,Running,True
1779249898,reviews,v2,Running,True
1779249898,reviews,v2,Running,True
1779249898,reviews,v2,Running,True
1779249898,reviews,v2,Running,True
1779249898,reviews,v3,Running,True
1779249898,reviews,v3,Running,True
1779249898,reviews,v3,Running,True
1779249899,details,v1,Running,True
1779249899,details,v1,Running,True
1779249899,details,v1,Running,True
1779249899,details,v1,Running,True
1779249899,details,v1,Running,True
1779249899,details,v1,Running,True
1779249899,productpage,v1,Running,True
1779249899,productpage,v1,Running,True
1779249899,productpage,v1,Running,True
1779249899,productpage,v1,Running,True
1779249899,productpage,v1,Running,True
1779249899,productpage,v1,Running,True
1779249899,productpage,v1,Running,True
1779249899,productpage,v1,Running,True
1779249899,productpage,v1,Running,True
1779249899,productpage,v1,Running,True
1779249899,productpage,v1,Running,True
1779249899,productpage,v1,Running,True
1779249899,productpage,v1,Running,True
1779249899,productpage,v1,Running,True
1779249899,productpage,v1,Running,True
1779249899,productpage,v1,Running,True
1779249899,productpage,v1,Running,True
1779249899,productpage,v1,Running,True
1779249899,productpage,v1,Running,True
1779249899,productpage,v1,Running,True
1779249899,ratings,v1,Running,True
1779249899,reviews,v1,Running,True
1779249899,reviews,v2,Running,True
1779249899,reviews,v2,Running,True
1779249899,reviews,v2,Running,True
1779249899,reviews,v2,Running,True
1779249899,reviews,v3,Running,True
1779249899,reviews,v3,Running,True
1779249899,reviews,v3,Running,True
1779249900,details,v1,Running,True
1779249900,details,v1,Running,True
1779249900,details,v1,Running,True
1779249900,details,v1,Running,True
1779249900,details,v1,Running,True
1779249900,details,v1,Running,True
1779249900,productpage,v1,Running,True
1779249900,productpage,v1,Running,True
1779249900,productpage,v1,Running,True
1779249900,productpage,v1,Running,True
1779249900,productpage,v1,Running,True
1779249900,productpage,v1,Running,True
1779249900,productpage,v1,Running,True
1779249900,productpage,v1,Running,True
1779249900,productpage,v1,Running,True
1779249900,productpage,v1,Running,True
1779249900,productpage,v1,Running,True
1779249900,productpage,v1,Running,True
1779249900,productpage,v1,Running,True
1779249900,productpage,v1,Running,True
1779249900,productpage,v1,Running,True
1779249900,productpage,v1,Running,True
1779249900,productpage,v1,Running,True
1779249900,productpage,v1,Running,True
1779249900,productpage,v1,Running,True
1779249900,productpage,v1,Running,True
1779249900,ratings,v1,Running,True
1779249900,reviews,v1,Running,True
1779249900,reviews,v2,Running,True
1779249900,reviews,v2,Running,True
1779249900,reviews,v2,Running,True
1779249900,reviews,v2,Running,True
1779249900,reviews,v3,Running,True
1779249900,reviews,v3,Running,True
1779249900,reviews,v3,Running,True
1779249901,details,v1,Running,True
1779249901,details,v1,Running,True
1779249901,details,v1,Running,True
1779249901,details,v1,Running,True
1779249901,details,v1,Running,True
1779249901,details,v1,Running,True
1779249901,productpage,v1,Running,True
1779249901,productpage,v1,Running,True
1779249901,productpage,v1,Running,True
1779249901,productpage,v1,Running,True
1779249901,productpage,v1,Running,True
1779249901,productpage,v1,Running,True
1779249901,productpage,v1,Running,True
1779249901,productpage,v1,Running,True
1779249901,productpage,v1,Running,True
1779249901,productpage,v1,Running,True
1779249901,productpage,v1,Running,True
1779249901,productpage,v1,Running,True
1779249901,productpage,v1,Running,True
1779249901,productpage,v1,Running,True
1779249901,productpage,v1,Running,True
1779249901,productpage,v1,Running,True
1779249901,productpage,v1,Running,True
1779249901,productpage,v1,Running,True
1779249901,productpage,v1,Running,True
1779249901,productpage,v1,Running,True
1779249901,ratings,v1,Running,True
1779249901,reviews,v1,Running,True
1779249901,reviews,v2,Running,True
1779249901,reviews,v2,Running,True
1779249901,reviews,v2,Running,True
1779249901,reviews,v2,Running,True
1779249901,reviews,v3,Running,True
1779249901,reviews,v3,Running,True
1779249901,reviews,v3,Running,True
1779249902,details,v1,Running,True
1779249902,details,v1,Running,True
1779249902,details,v1,Running,True
1779249902,details,v1,Running,True
1779249902,details,v1,Running,True
1779249902,details,v1,Running,True
1779249902,productpage,v1,Running,True
1779249902,productpage,v1,Running,True
1779249902,productpage,v1,Running,True
1779249902,productpage,v1,Running,True
1779249902,productpage,v1,Running,True
1779249902,productpage,v1,Running,True
1779249902,productpage,v1,Running,True
1779249902,productpage,v1,Running,True
1779249902,productpage,v1,Running,True
1779249902,productpage,v1,Running,True
1779249902,productpage,v1,Running,True
1779249902,productpage,v1,Running,True
1779249902,productpage,v1,Running,True
1779249902,productpage,v1,Running,True
1779249902,productpage,v1,Running,True
1779249902,productpage,v1,Running,True
1779249902,productpage,v1,Running,True
1779249902,productpage,v1,Running,True
1779249902,productpage,v1,Running,True
1779249902,productpage,v1,Running,True
1779249902,ratings,v1,Running,True
1779249902,reviews,v1,Running,True
1779249902,reviews,v2,Running,True
1779249902,reviews,v2,Running,True
1779249902,reviews,v2,Running,True
1779249902,reviews,v2,Running,True
1779249902,reviews,v3,Running,True
1779249902,reviews,v3,Running,True
1779249902,reviews,v3,Running,True
1779249903,details,v1,Running,True
1779249903,details,v1,Running,True
1779249903,details,v1,Running,True
1779249903,details,v1,Running,True
1779249903,details,v1,Running,True
1779249903,details,v1,Running,True
1779249903,productpage,v1,Running,True
1779249903,productpage,v1,Running,True
1779249903,productpage,v1,Running,True
1779249903,productpage,v1,Running,True
1779249903,productpage,v1,Running,True
1779249903,productpage,v1,Running,True
1779249903,productpage,v1,Running,True
1779249903,productpage,v1,Running,True
1779249903,productpage,v1,Running,True
1779249903,productpage,v1,Running,True
1779249903,productpage,v1,Running,True
1779249903,productpage,v1,Running,True
1779249903,productpage,v1,Running,True
1779249903,productpage,v1,Running,True
1779249903,productpage,v1,Running,True
1779249903,productpage,v1,Running,True
1779249903,productpage,v1,Running,True
1779249903,productpage,v1,Running,True
1779249903,productpage,v1,Running,True
1779249903,productpage,v1,Running,True
1779249903,ratings,v1,Running,True
1779249903,reviews,v1,Running,True
1779249903,reviews,v2,Running,True
1779249903,reviews,v2,Running,True
1779249903,reviews,v2,Running,True
1779249903,reviews,v2,Running,True
1779249903,reviews,v3,Running,True
1779249903,reviews,v3,Running,True
1779249903,reviews,v3,Running,True
1779249904,details,v1,Running,True
1779249904,details,v1,Running,True
1779249904,details,v1,Running,True
1779249904,details,v1,Running,True
1779249904,details,v1,Running,True
1779249904,details,v1,Running,True
1779249904,productpage,v1,Running,True
1779249904,productpage,v1,Running,True
1779249904,productpage,v1,Running,True
1779249904,productpage,v1,Running,True
1779249904,productpage,v1,Running,True
1779249904,productpage,v1,Running,True
1779249904,productpage,v1,Running,True
1779249904,productpage,v1,Running,True
1779249904,productpage,v1,Running,True
1779249904,productpage,v1,Running,True
1779249904,productpage,v1,Running,True
1779249904,productpage,v1,Running,True
1779249904,productpage,v1,Running,True
1779249904,productpage,v1,Running,True
1779249904,productpage,v1,Running,True
1779249904,productpage,v1,Running,True
1779249904,productpage,v1,Running,True
1779249904,productpage,v1,Running,True
1779249904,productpage,v1,Running,True
1779249904,productpage,v1,Running,True
1779249904,ratings,v1,Running,True
1779249904,reviews,v1,Running,True
1779249904,reviews,v2,Running,True
1779249904,reviews,v2,Running,True
1779249904,reviews,v2,Running,True
1779249904,reviews,v2,Running,True
1779249904,reviews,v3,Running,True
1779249904,reviews,v3,Running,True
1779249904,reviews,v3,Running,True
1779249905,details,v1,Running,True
1779249905,details,v1,Running,True
1779249905,details,v1,Running,True
1779249905,details,v1,Running,True
1779249905,details,v1,Running,True
1779249905,details,v1,Running,True
1779249905,productpage,v1,Running,True
1779249905,productpage,v1,Running,True
1779249905,productpage,v1,Running,True
1779249905,productpage,v1,Running,True
1779249905,productpage,v1,Running,True
1779249905,productpage,v1,Running,True
1779249905,productpage,v1,Running,True
1779249905,productpage,v1,Running,True
1779249905,productpage,v1,Running,True
1779249905,productpage,v1,Running,True
1779249905,productpage,v1,Running,True
1779249905,productpage,v1,Running,True
1779249905,productpage,v1,Running,True
1779249905,productpage,v1,Running,True
1779249905,productpage,v1,Running,True
1779249905,productpage,v1,Running,True
1779249905,productpage,v1,Running,True
1779249905,productpage,v1,Running,True
1779249905,productpage,v1,Running,True
1779249905,productpage,v1,Running,True
1779249905,ratings,v1,Running,True
1779249905,reviews,v1,Running,True
1779249905,reviews,v2,Running,True
1779249905,reviews,v2,Running,True
1779249905,reviews,v2,Running,True
1779249905,reviews,v2,Running,True
1779249905,reviews,v3,Running,True
1779249905,reviews,v3,Running,True
1779249905,reviews,v3,Running,True
1779249906,details,v1,Running,True
1779249906,details,v1,Running,True
1779249906,details,v1,Running,True
1779249906,details,v1,Running,True
1779249906,details,v1,Running,True
1779249906,details,v1,Running,True
1779249906,productpage,v1,Running,True
1779249906,productpage,v1,Running,True
1779249906,productpage,v1,Running,True
1779249906,productpage,v1,Running,True
1779249906,productpage,v1,Running,True
1779249906,productpage,v1,Running,True
1779249906,productpage,v1,Running,True
1779249906,productpage,v1,Running,True
1779249906,productpage,v1,Running,True
1779249906,productpage,v1,Running,True
1779249906,productpage,v1,Running,True
1779249906,productpage,v1,Running,True
1779249906,productpage,v1,Running,True
1779249906,productpage,v1,Running,True
1779249906,productpage,v1,Running,True
1779249906,productpage,v1,Running,True
1779249906,productpage,v1,Running,True
1779249906,productpage,v1,Running,True
1779249906,productpage,v1,Running,True
1779249906,productpage,v1,Running,True
1779249906,ratings,v1,Running,True
1779249906,reviews,v1,Running,True
1779249906,reviews,v2,Running,True
1779249906,reviews,v2,Running,True
1779249906,reviews,v2,Running,True
1779249906,reviews,v2,Running,True
1779249906,reviews,v3,Running,True
1779249906,reviews,v3,Running,True
1779249906,reviews,v3,Running,True
1779249907,details,v1,Running,True
1779249907,details,v1,Running,True
1779249907,details,v1,Running,True
1779249907,details,v1,Running,True
1779249907,details,v1,Running,True
1779249907,details,v1,Running,True
1779249907,productpage,v1,Running,True
1779249907,productpage,v1,Running,True
1779249907,productpage,v1,Running,True
1779249907,productpage,v1,Running,True
1779249907,productpage,v1,Running,True
1779249907,productpage,v1,Running,True
1779249907,productpage,v1,Running,True
1779249907,productpage,v1,Running,True
1779249907,productpage,v1,Running,True
1779249907,productpage,v1,Running,True
1779249907,productpage,v1,Running,True
1779249907,productpage,v1,Running,True
1779249907,productpage,v1,Running,True
1779249907,productpage,v1,Running,True
1779249907,productpage,v1,Running,True
1779249907,productpage,v1,Running,True
1779249907,productpage,v1,Running,True
1779249907,productpage,v1,Running,True
1779249907,productpage,v1,Running,True
1779249907,productpage,v1,Running,True
1779249907,ratings,v1,Running,True
1779249907,reviews,v1,Running,True
1779249907,reviews,v2,Running,True
1779249907,reviews,v2,Running,True
1779249907,reviews,v2,Running,True
1779249907,reviews,v2,Running,True
1779249907,reviews,v3,Running,True
1779249907,reviews,v3,Running,True
1779249907,reviews,v3,Running,True
1779249908,details,v1,Running,True
1779249908,details,v1,Running,True
1779249908,details,v1,Running,True
1779249908,details,v1,Running,True
1779249908,details,v1,Running,True
1779249908,details,v1,Running,True
1779249908,productpage,v1,Running,True
1779249908,productpage,v1,Running,True
1779249908,productpage,v1,Running,True
1779249908,productpage,v1,Running,True
1779249908,productpage,v1,Running,True
1779249908,productpage,v1,Running,True
1779249908,productpage,v1,Running,True
1779249908,productpage,v1,Running,True
1779249908,productpage,v1,Running,True
1779249908,productpage,v1,Running,True
1779249908,productpage,v1,Running,True
1779249908,productpage,v1,Running,True
1779249908,productpage,v1,Running,True
1779249908,productpage,v1,Running,True
1779249908,productpage,v1,Running,True
1779249908,productpage,v1,Running,True
1779249908,productpage,v1,Running,True
1779249908,productpage,v1,Running,True
1779249908,productpage,v1,Running,True
1779249908,productpage,v1,Running,True
1779249908,ratings,v1,Running,True
1779249908,reviews,v1,Running,True
1779249908,reviews,v2,Running,True
1779249908,reviews,v2,Running,True
1779249908,reviews,v2,Running,True
1779249908,reviews,v2,Running,True
1779249908,reviews,v3,Running,True
1779249908,reviews,v3,Running,True
1779249908,reviews,v3,Running,True
1779249909,details,v1,Running,True
1779249909,details,v1,Running,True
1779249909,details,v1,Running,True
1779249909,details,v1,Running,True
1779249909,details,v1,Running,True
1779249909,details,v1,Running,True
1779249909,productpage,v1,Running,True
1779249909,productpage,v1,Running,True
1779249909,productpage,v1,Running,True
1779249909,productpage,v1,Running,True
1779249909,productpage,v1,Running,True
1779249909,productpage,v1,Running,True
1779249909,productpage,v1,Running,True
1779249909,productpage,v1,Running,True
1779249909,productpage,v1,Running,True
1779249909,productpage,v1,Running,True
1779249909,productpage,v1,Running,True
1779249909,productpage,v1,Running,True
1779249909,productpage,v1,Running,True
1779249909,productpage,v1,Running,True
1779249909,productpage,v1,Running,True
1779249909,productpage,v1,Running,True
1779249909,productpage,v1,Running,True
1779249909,productpage,v1,Running,True
1779249909,productpage,v1,Running,True
1779249909,productpage,v1,Running,True
1779249909,ratings,v1,Running,True
1779249909,reviews,v1,Running,True
1779249909,reviews,v2,Running,True
1779249909,reviews,v2,Running,True
1779249909,reviews,v2,Running,True
1779249909,reviews,v2,Running,True
1779249909,reviews,v3,Running,True
1779249909,reviews,v3,Running,True
1779249909,reviews,v3,Running,True
1779249910,details,v1,Running,True
1779249910,details,v1,Running,True
1779249910,details,v1,Running,True
1779249910,details,v1,Running,True
1779249910,details,v1,Running,True
1779249910,details,v1,Running,True
1779249910,productpage,v1,Running,True
1779249910,productpage,v1,Running,True
1779249910,productpage,v1,Running,True
1779249910,productpage,v1,Running,True
1779249910,productpage,v1,Running,True
1779249910,productpage,v1,Running,True
1779249910,productpage,v1,Running,True
1779249910,productpage,v1,Running,True
1779249910,productpage,v1,Running,True
1779249910,productpage,v1,Running,True
1779249910,productpage,v1,Running,True
1779249910,productpage,v1,Running,True
1779249910,productpage,v1,Running,True
1779249910,productpage,v1,Running,True
1779249910,productpage,v1,Running,True
1779249910,productpage,v1,Running,True
1779249910,productpage,v1,Running,True
1779249910,productpage,v1,Running,True
1779249910,productpage,v1,Running,True
1779249910,productpage,v1,Running,True
1779249910,ratings,v1,Running,True
1779249910,reviews,v1,Running,True
1779249910,reviews,v2,Running,True
1779249910,reviews,v2,Running,True
1779249910,reviews,v2,Running,True
1779249910,reviews,v2,Running,True
1779249910,reviews,v3,Running,True
1779249910,reviews,v3,Running,True
1779249910,reviews,v3,Running,True
1779249911,details,v1,Running,True
1779249911,details,v1,Running,True
1779249911,details,v1,Running,True
1779249911,details,v1,Running,True
1779249911,details,v1,Running,True
1779249911,details,v1,Running,True
1779249911,productpage,v1,Running,True
1779249911,productpage,v1,Running,True
1779249911,productpage,v1,Running,True
1779249911,productpage,v1,Running,True
1779249911,productpage,v1,Running,True
1779249911,productpage,v1,Running,True
1779249911,productpage,v1,Running,True
1779249911,productpage,v1,Running,True
1779249911,productpage,v1,Running,True
1779249911,productpage,v1,Running,True
1779249911,productpage,v1,Running,True
1779249911,productpage,v1,Running,True
1779249911,productpage,v1,Running,True
1779249911,productpage,v1,Running,True
1779249911,productpage,v1,Running,True
1779249911,productpage,v1,Running,True
1779249911,productpage,v1,Running,True
1779249911,productpage,v1,Running,True
1779249911,productpage,v1,Running,True
1779249911,productpage,v1,Running,True
1779249911,ratings,v1,Running,True
1779249911,reviews,v1,Running,True
1779249911,reviews,v2,Running,True
1779249911,reviews,v2,Running,True
1779249911,reviews,v2,Running,True
1779249911,reviews,v2,Running,True
1779249911,reviews,v3,Running,True
1779249911,reviews,v3,Running,True
1779249911,reviews,v3,Running,True
1779249912,details,v1,Running,True
1779249912,details,v1,Running,True
1779249912,details,v1,Running,True
1779249912,details,v1,Running,True
1779249912,details,v1,Running,True
1779249912,details,v1,Running,True
1779249912,productpage,v1,Running,True
1779249912,productpage,v1,Running,True
1779249912,productpage,v1,Running,True
1779249912,productpage,v1,Running,True
1779249912,productpage,v1,Running,True
1779249912,productpage,v1,Running,True
1779249912,productpage,v1,Running,True
1779249912,productpage,v1,Running,True
1779249912,productpage,v1,Running,True
1779249912,productpage,v1,Running,True
1779249912,productpage,v1,Running,True
1779249912,productpage,v1,Running,True
1779249912,productpage,v1,Running,True
1779249912,productpage,v1,Running,True
1779249912,productpage,v1,Running,True
1779249912,productpage,v1,Running,True
1779249912,productpage,v1,Running,True
1779249912,productpage,v1,Running,True
1779249912,productpage,v1,Running,True
1779249912,productpage,v1,Running,True
1779249912,ratings,v1,Running,True
1779249912,reviews,v1,Running,True
1779249912,reviews,v2,Running,True
1779249912,reviews,v2,Running,True
1779249912,reviews,v2,Running,True
1779249912,reviews,v2,Running,True
1779249912,reviews,v3,Running,True
1779249912,reviews,v3,Running,True
1779249912,reviews,v3,Running,True
1779249913,details,v1,Running,True
1779249913,details,v1,Running,True
1779249913,details,v1,Running,True
1779249913,details,v1,Running,True
1779249913,details,v1,Running,True
1779249913,details,v1,Running,True
1779249913,productpage,v1,Running,True
1779249913,productpage,v1,Running,True
1779249913,productpage,v1,Running,True
1779249913,productpage,v1,Running,True
1779249913,productpage,v1,Running,True
1779249913,productpage,v1,Running,True
1779249913,productpage,v1,Running,True
1779249913,productpage,v1,Running,True
1779249913,productpage,v1,Running,True
1779249913,productpage,v1,Running,True
1779249913,productpage,v1,Running,True
1779249913,productpage,v1,Running,True
1779249913,productpage,v1,Running,True
1779249913,productpage,v1,Running,True
1779249913,productpage,v1,Running,True
1779249913,productpage,v1,Running,True
1779249913,productpage,v1,Running,True
1779249913,productpage,v1,Running,True
1779249913,productpage,v1,Running,True
1779249913,productpage,v1,Running,True
1779249913,ratings,v1,Running,True
1779249913,reviews,v1,Running,True
1779249913,reviews,v2,Running,True
1779249913,reviews,v2,Running,True
1779249913,reviews,v2,Running,True
1779249913,reviews,v2,Running,True
1779249913,reviews,v3,Running,True
1779249913,reviews,v3,Running,True
1779249913,reviews,v3,Running,True
1779249914,details,v1,Running,True
1779249914,details,v1,Running,True
1779249914,details,v1,Running,True
1779249914,details,v1,Running,True
1779249914,details,v1,Running,True
1779249914,details,v1,Running,True
1779249914,productpage,v1,Running,True
1779249914,productpage,v1,Running,True
1779249914,productpage,v1,Running,True
1779249914,productpage,v1,Running,True
1779249914,productpage,v1,Running,True
1779249914,productpage,v1,Running,True
1779249914,productpage,v1,Running,True
1779249914,productpage,v1,Running,True
1779249914,productpage,v1,Running,True
1779249914,productpage,v1,Running,True
1779249914,productpage,v1,Running,True
1779249914,productpage,v1,Running,True
1779249914,productpage,v1,Running,True
1779249914,productpage,v1,Running,True
1779249914,productpage,v1,Running,True
1779249914,productpage,v1,Running,True
1779249914,productpage,v1,Running,True
1779249914,productpage,v1,Running,True
1779249914,productpage,v1,Running,True
1779249914,productpage,v1,Running,True
1779249914,ratings,v1,Running,True
1779249914,reviews,v1,Running,True
1779249914,reviews,v2,Running,True
1779249914,reviews,v2,Running,True
1779249914,reviews,v2,Running,True
1779249914,reviews,v2,Running,True
1779249914,reviews,v3,Running,True
1779249914,reviews,v3,Running,True
1779249914,reviews,v3,Running,True
1779249915,details,v1,Running,True
1779249915,details,v1,Running,True
1779249915,details,v1,Running,True
1779249915,details,v1,Running,True
1779249915,details,v1,Running,True
1779249915,details,v1,Running,True
1779249915,productpage,v1,Running,True
1779249915,productpage,v1,Running,True
1779249915,productpage,v1,Running,True
1779249915,productpage,v1,Running,True
1779249915,productpage,v1,Running,True
1779249915,productpage,v1,Running,True
1779249915,productpage,v1,Running,True
1779249915,productpage,v1,Running,True
1779249915,productpage,v1,Running,True
1779249915,productpage,v1,Running,True
1779249915,productpage,v1,Running,True
1779249915,productpage,v1,Running,True
1779249915,productpage,v1,Running,True
1779249915,productpage,v1,Running,True
1779249915,productpage,v1,Running,True
1779249915,productpage,v1,Running,True
1779249915,productpage,v1,Running,True
1779249915,productpage,v1,Running,True
1779249915,productpage,v1,Running,True
1779249915,productpage,v1,Running,True
1779249915,ratings,v1,Running,True
1779249915,reviews,v1,Running,True
1779249915,reviews,v2,Running,True
1779249915,reviews,v2,Running,True
1779249915,reviews,v2,Running,True
1779249915,reviews,v2,Running,True
1779249915,reviews,v3,Running,True
1779249915,reviews,v3,Running,True
1779249915,reviews,v3,Running,True
1779249916,details,v1,Running,True
1779249916,details,v1,Running,True
1779249916,details,v1,Running,True
1779249916,details,v1,Running,True
1779249916,details,v1,Running,True
1779249916,details,v1,Running,True
1779249916,productpage,v1,Running,True
1779249916,productpage,v1,Running,True
1779249916,productpage,v1,Running,True
1779249916,productpage,v1,Running,True
1779249916,productpage,v1,Running,True
1779249916,productpage,v1,Running,True
1779249916,productpage,v1,Running,True
1779249916,productpage,v1,Running,True
1779249916,productpage,v1,Running,True
1779249916,productpage,v1,Running,True
1779249916,productpage,v1,Running,True
1779249916,productpage,v1,Running,True
1779249916,productpage,v1,Running,True
1779249916,productpage,v1,Running,True
1779249916,productpage,v1,Running,True
1779249916,productpage,v1,Running,True
1779249916,productpage,v1,Running,True
1779249916,productpage,v1,Running,True
1779249916,productpage,v1,Running,True
1779249916,productpage,v1,Running,True
1779249916,ratings,v1,Running,True
1779249916,reviews,v1,Running,True
1779249916,reviews,v2,Running,True
1779249916,reviews,v2,Running,True
1779249916,reviews,v2,Running,True
1779249916,reviews,v2,Running,True
1779249916,reviews,v3,Running,True
1779249916,reviews,v3,Running,True
1779249916,reviews,v3,Running,True
1779249917,details,v1,Running,True
1779249917,details,v1,Running,True
1779249917,details,v1,Running,True
1779249917,details,v1,Running,True
1779249917,details,v1,Running,True
1779249917,details,v1,Running,True
1779249917,productpage,v1,Running,True
1779249917,productpage,v1,Running,True
1779249917,productpage,v1,Running,True
1779249917,productpage,v1,Running,True
1779249917,productpage,v1,Running,True
1779249917,productpage,v1,Running,True
1779249917,productpage,v1,Running,True
1779249917,productpage,v1,Running,True
1779249917,productpage,v1,Running,True
1779249917,productpage,v1,Running,True
1779249917,productpage,v1,Running,True
1779249917,productpage,v1,Running,True
1779249917,productpage,v1,Running,True
1779249917,productpage,v1,Running,True
1779249917,productpage,v1,Running,True
1779249917,productpage,v1,Running,True
1779249917,productpage,v1,Running,True
1779249917,productpage,v1,Running,True
1779249917,productpage,v1,Running,True
1779249917,productpage,v1,Running,True
1779249917,ratings,v1,Running,True
1779249917,reviews,v1,Running,True
1779249917,reviews,v2,Running,True
1779249917,reviews,v2,Running,True
1779249917,reviews,v2,Running,True
1779249917,reviews,v2,Running,True
1779249917,reviews,v3,Running,True
1779249917,reviews,v3,Running,True
1779249917,reviews,v3,Running,True
1779249918,details,v1,Running,True
1779249918,details,v1,Running,True
1779249918,details,v1,Running,True
1779249918,details,v1,Running,True
1779249918,details,v1,Running,True
1779249918,details,v1,Running,True
1779249918,productpage,v1,Running,True
1779249918,productpage,v1,Running,True
1779249918,productpage,v1,Running,True
1779249918,productpage,v1,Running,True
1779249918,productpage,v1,Running,True
1779249918,productpage,v1,Running,True
1779249918,productpage,v1,Running,True
1779249918,productpage,v1,Running,True
1779249918,productpage,v1,Running,True
1779249918,productpage,v1,Running,True
1779249918,productpage,v1,Running,True
1779249918,productpage,v1,Running,True
1779249918,productpage,v1,Running,True
1779249918,productpage,v1,Running,True
1779249918,productpage,v1,Running,True
1779249918,productpage,v1,Running,True
1779249918,productpage,v1,Running,True
1779249918,productpage,v1,Running,True
1779249918,productpage,v1,Running,True
1779249918,productpage,v1,Running,True
1779249918,ratings,v1,Running,True
1779249918,reviews,v1,Running,True
1779249918,reviews,v2,Running,True
1779249918,reviews,v2,Running,True
1779249918,reviews,v2,Running,True
1779249918,reviews,v2,Running,True
1779249918,reviews,v3,Running,True
1779249918,reviews,v3,Running,True
1779249918,reviews,v3,Running,True
1779249919,details,v1,Running,True
1779249919,details,v1,Running,True
1779249919,details,v1,Running,True
1779249919,details,v1,Running,True
1779249919,details,v1,Running,True
1779249919,details,v1,Running,True
1779249919,productpage,v1,Running,True
1779249919,productpage,v1,Running,True
1779249919,productpage,v1,Running,True
1779249919,productpage,v1,Running,True
1779249919,productpage,v1,Running,True
1779249919,productpage,v1,Running,True
1779249919,productpage,v1,Running,True
1779249919,productpage,v1,Running,True
1779249919,productpage,v1,Running,True
1779249919,productpage,v1,Running,True
1779249919,productpage,v1,Running,True
1779249919,productpage,v1,Running,True
1779249919,productpage,v1,Running,True
1779249919,productpage,v1,Running,True
1779249919,productpage,v1,Running,True
1779249919,productpage,v1,Running,True
1779249919,productpage,v1,Running,True
1779249919,productpage,v1,Running,True
1779249919,productpage,v1,Running,True
1779249919,productpage,v1,Running,True
1779249919,ratings,v1,Running,True
1779249919,reviews,v1,Running,True
1779249919,reviews,v2,Running,True
1779249919,reviews,v2,Running,True
1779249919,reviews,v2,Running,True
1779249919,reviews,v2,Running,True
1779249919,reviews,v3,Running,True
1779249919,reviews,v3,Running,True
1779249919,reviews,v3,Running,True
1779249920,details,v1,Running,True
1779249920,details,v1,Running,True
1779249920,details,v1,Running,True
1779249920,details,v1,Running,True
1779249920,details,v1,Running,True
1779249920,details,v1,Running,True
1779249920,productpage,v1,Running,True
1779249920,productpage,v1,Running,True
1779249920,productpage,v1,Running,True
1779249920,productpage,v1,Running,True
1779249920,productpage,v1,Running,True
1779249920,productpage,v1,Running,True
1779249920,productpage,v1,Running,True
1779249920,productpage,v1,Running,True
1779249920,productpage,v1,Running,True
1779249920,productpage,v1,Running,True
1779249920,productpage,v1,Running,True
1779249920,productpage,v1,Running,True
1779249920,productpage,v1,Running,True
1779249920,productpage,v1,Running,True
1779249920,productpage,v1,Running,True
1779249920,productpage,v1,Running,True
1779249920,productpage,v1,Running,True
1779249920,productpage,v1,Running,True
1779249920,productpage,v1,Running,True
1779249920,productpage,v1,Running,True
1779249920,ratings,v1,Running,True
1779249920,reviews,v1,Running,True
1779249920,reviews,v2,Running,True
1779249920,reviews,v2,Running,True
1779249920,reviews,v2,Running,True
1779249920,reviews,v2,Running,True
1779249920,reviews,v3,Running,True
1779249920,reviews,v3,Running,True
1779249920,reviews,v3,Running,True
1779249921,details,v1,Running,True
1779249921,details,v1,Running,True
1779249921,details,v1,Running,True
1779249921,details,v1,Running,True
1779249921,details,v1,Running,True
1779249921,details,v1,Running,True
1779249921,productpage,v1,Running,True
1779249921,productpage,v1,Running,True
1779249921,productpage,v1,Running,True
1779249921,productpage,v1,Running,True
1779249921,productpage,v1,Running,True
1779249921,productpage,v1,Running,True
1779249921,productpage,v1,Running,True
1779249921,productpage,v1,Running,True
1779249921,productpage,v1,Running,True
1779249921,productpage,v1,Running,True
1779249921,productpage,v1,Running,True
1779249921,productpage,v1,Running,True
1779249921,productpage,v1,Running,True
1779249921,productpage,v1,Running,True
1779249921,productpage,v1,Running,True
1779249921,productpage,v1,Running,True
1779249921,productpage,v1,Running,True
1779249921,productpage,v1,Running,True
1779249921,productpage,v1,Running,True
1779249921,productpage,v1,Running,True
1779249921,ratings,v1,Running,True
1779249921,reviews,v1,Running,True
1779249921,reviews,v2,Running,True
1779249921,reviews,v2,Running,True
1779249921,reviews,v2,Running,True
1779249921,reviews,v2,Running,True
1779249921,reviews,v3,Running,True
1779249921,reviews,v3,Running,True
1779249921,reviews,v3,Running,True
1779249922,details,v1,Running,True
1779249922,details,v1,Running,True
1779249922,details,v1,Running,True
1779249922,details,v1,Running,True
1779249922,details,v1,Running,True
1779249922,details,v1,Running,True
1779249922,productpage,v1,Running,True
1779249922,productpage,v1,Running,True
1779249922,productpage,v1,Running,True
1779249922,productpage,v1,Running,True
1779249922,productpage,v1,Running,True
1779249922,productpage,v1,Running,True
1779249922,productpage,v1,Running,True
1779249922,productpage,v1,Running,True
1779249922,productpage,v1,Running,True
1779249922,productpage,v1,Running,True
1779249922,productpage,v1,Running,True
1779249922,productpage,v1,Running,True
1779249922,productpage,v1,Running,True
1779249922,productpage,v1,Running,True
1779249922,productpage,v1,Running,True
1779249922,productpage,v1,Running,True
1779249922,productpage,v1,Running,True
1779249922,productpage,v1,Running,True
1779249922,productpage,v1,Running,True
1779249922,productpage,v1,Running,True
1779249922,ratings,v1,Running,True
1779249922,reviews,v1,Running,True
1779249922,reviews,v2,Running,True
1779249922,reviews,v2,Running,True
1779249922,reviews,v2,Running,True
1779249922,reviews,v2,Running,True
1779249922,reviews,v3,Running,True
1779249922,reviews,v3,Running,True
1779249922,reviews,v3,Running,True
1779249923,details,v1,Running,True
1779249923,details,v1,Running,True
1779249923,details,v1,Running,True
1779249923,details,v1,Running,True
1779249923,details,v1,Running,True
1779249923,details,v1,Running,True
1779249923,productpage,v1,Running,True
1779249923,productpage,v1,Running,True
1779249923,productpage,v1,Running,True
1779249923,productpage,v1,Running,True
1779249923,productpage,v1,Running,True
1779249923,productpage,v1,Running,True
1779249923,productpage,v1,Running,True
1779249923,productpage,v1,Running,True
1779249923,productpage,v1,Running,True
1779249923,productpage,v1,Running,True
1779249923,productpage,v1,Running,True
1779249923,productpage,v1,Running,True
1779249923,productpage,v1,Running,True
1779249923,productpage,v1,Running,True
1779249923,productpage,v1,Running,True
1779249923,productpage,v1,Running,True
1779249923,productpage,v1,Running,True
1779249923,productpage,v1,Running,True
1779249923,productpage,v1,Running,True
1779249923,productpage,v1,Running,True
1779249923,ratings,v1,Running,True
1779249923,reviews,v1,Running,True
1779249923,reviews,v2,Running,True
1779249923,reviews,v2,Running,True
1779249923,reviews,v2,Running,True
1779249923,reviews,v2,Running,True
1779249923,reviews,v3,Running,True
1779249923,reviews,v3,Running,True
1779249923,reviews,v3,Running,True
1779249924,details,v1,Running,True
1779249924,details,v1,Running,True
1779249924,details,v1,Running,True
1779249924,details,v1,Running,True
1779249924,details,v1,Running,True
1779249924,details,v1,Running,True
1779249924,productpage,v1,Running,True
1779249924,productpage,v1,Running,True
1779249924,productpage,v1,Running,True
1779249924,productpage,v1,Running,True
1779249924,productpage,v1,Running,True
1779249924,productpage,v1,Running,True
1779249924,productpage,v1,Running,True
1779249924,productpage,v1,Running,True
1779249924,productpage,v1,Running,True
1779249924,productpage,v1,Running,True
1779249924,productpage,v1,Running,True
1779249924,productpage,v1,Running,True
1779249924,productpage,v1,Running,True
1779249924,productpage,v1,Running,True
1779249924,productpage,v1,Running,True
1779249924,productpage,v1,Running,True
1779249924,productpage,v1,Running,True
1779249924,productpage,v1,Running,True
1779249924,productpage,v1,Running,True
1779249924,productpage,v1,Running,True
1779249924,ratings,v1,Running,True
1779249924,reviews,v1,Running,True
1779249924,reviews,v2,Running,True
1779249924,reviews,v2,Running,True
1779249924,reviews,v2,Running,True
1779249924,reviews,v2,Running,True
1779249924,reviews,v3,Running,True
1779249924,reviews,v3,Running,True
1779249924,reviews,v3,Running,True
1779249925,details,v1,Running,True
1779249925,details,v1,Running,True
1779249925,details,v1,Running,True
1779249925,details,v1,Running,True
1779249925,details,v1,Running,True
1779249925,details,v1,Running,True
1779249925,productpage,v1,Running,True
1779249925,productpage,v1,Running,True
1779249925,productpage,v1,Running,True
1779249925,productpage,v1,Running,True
1779249925,productpage,v1,Running,True
1779249925,productpage,v1,Running,True
1779249925,productpage,v1,Running,True
1779249925,productpage,v1,Running,True
1779249925,productpage,v1,Running,True
1779249925,productpage,v1,Running,True
1779249925,productpage,v1,Running,True
1779249925,productpage,v1,Running,True
1779249925,productpage,v1,Running,True
1779249925,productpage,v1,Running,True
1779249925,productpage,v1,Running,True
1779249925,productpage,v1,Running,True
1779249925,productpage,v1,Running,True
1779249925,productpage,v1,Running,True
1779249925,productpage,v1,Running,True
1779249925,productpage,v1,Running,True
1779249925,ratings,v1,Running,True
1779249925,reviews,v1,Running,True
1779249925,reviews,v2,Running,True
1779249925,reviews,v2,Running,True
1779249925,reviews,v2,Running,True
1779249925,reviews,v2,Running,True
1779249925,reviews,v3,Running,True
1779249925,reviews,v3,Running,True
1779249925,reviews,v3,Running,True
1779249926,details,v1,Running,True
1779249926,details,v1,Running,True
1779249926,details,v1,Running,True
1779249926,details,v1,Running,True
1779249926,details,v1,Running,True
1779249926,details,v1,Running,True
1779249926,productpage,v1,Running,True
1779249926,productpage,v1,Running,True
1779249926,productpage,v1,Running,True
1779249926,productpage,v1,Running,True
1779249926,productpage,v1,Running,True
1779249926,productpage,v1,Running,True
1779249926,productpage,v1,Running,True
1779249926,productpage,v1,Running,True
1779249926,productpage,v1,Running,True
1779249926,productpage,v1,Running,True
1779249926,productpage,v1,Running,True
1779249926,productpage,v1,Running,True
1779249926,productpage,v1,Running,True
1779249926,productpage,v1,Running,True
1779249926,productpage,v1,Running,True
1779249926,productpage,v1,Running,True
1779249926,productpage,v1,Running,True
1779249926,productpage,v1,Running,True
1779249926,productpage,v1,Running,True
1779249926,productpage,v1,Running,True
1779249926,ratings,v1,Running,True
1779249926,reviews,v1,Running,True
1779249926,reviews,v2,Running,True
1779249926,reviews,v2,Running,True
1779249926,reviews,v2,Running,True
1779249926,reviews,v2,Running,True
1779249926,reviews,v3,Running,True
1779249926,reviews,v3,Running,True
1779249926,reviews,v3,Running,True
1779249927,details,v1,Running,True
1779249927,details,v1,Running,True
1779249927,details,v1,Running,True
1779249927,details,v1,Running,True
1779249927,details,v1,Running,True
1779249927,details,v1,Running,True
1779249927,productpage,v1,Running,True
1779249927,productpage,v1,Running,True
1779249927,productpage,v1,Running,True
1779249927,productpage,v1,Running,True
1779249927,productpage,v1,Running,True
1779249927,productpage,v1,Running,True
1779249927,productpage,v1,Running,True
1779249927,productpage,v1,Running,True
1779249927,productpage,v1,Running,True
1779249927,productpage,v1,Running,True
1779249927,productpage,v1,Running,True
1779249927,productpage,v1,Running,True
1779249927,productpage,v1,Running,True
1779249927,productpage,v1,Running,True
1779249927,productpage,v1,Running,True
1779249927,productpage,v1,Running,True
1779249927,productpage,v1,Running,True
1779249927,productpage,v1,Running,True
1779249927,productpage,v1,Running,True
1779249927,productpage,v1,Running,True
1779249927,ratings,v1,Running,True
1779249927,reviews,v1,Running,True
1779249927,reviews,v2,Running,True
1779249927,reviews,v2,Running,True
1779249927,reviews,v2,Running,True
1779249927,reviews,v2,Running,True
1779249927,reviews,v3,Running,True
1779249927,reviews,v3,Running,True
1779249927,reviews,v3,Running,True
1779249928,details,v1,Running,True
1779249928,details,v1,Running,True
1779249928,details,v1,Running,True
1779249928,details,v1,Running,True
1779249928,details,v1,Running,True
1779249928,details,v1,Running,True
1779249928,productpage,v1,Running,True
1779249928,productpage,v1,Running,True
1779249928,productpage,v1,Running,True
1779249928,productpage,v1,Running,True
1779249928,productpage,v1,Running,True
1779249928,productpage,v1,Running,True
1779249928,productpage,v1,Running,True
1779249928,productpage,v1,Running,True
1779249928,productpage,v1,Running,True
1779249928,productpage,v1,Running,True
1779249928,productpage,v1,Running,True
1779249928,productpage,v1,Running,True
1779249928,productpage,v1,Running,True
1779249928,productpage,v1,Running,True
1779249928,productpage,v1,Running,True
1779249928,productpage,v1,Running,True
1779249928,productpage,v1,Running,True
1779249928,productpage,v1,Running,True
1779249928,productpage,v1,Running,True
1779249928,productpage,v1,Running,True
1779249928,ratings,v1,Running,True
1779249928,reviews,v1,Running,True
1779249928,reviews,v2,Running,True
1779249928,reviews,v2,Running,True
1779249928,reviews,v2,Running,True
1779249928,reviews,v2,Running,True
1779249928,reviews,v3,Running,True
1779249928,reviews,v3,Running,True
1779249928,reviews,v3,Running,True
1779249929,details,v1,Running,True
1779249929,details,v1,Running,True
1779249929,details,v1,Running,True
1779249929,details,v1,Running,True
1779249929,details,v1,Running,True
1779249929,details,v1,Running,True
1779249929,productpage,v1,Running,True
1779249929,productpage,v1,Running,True
1779249929,productpage,v1,Running,True
1779249929,productpage,v1,Running,True
1779249929,productpage,v1,Running,True
1779249929,productpage,v1,Running,True
1779249929,productpage,v1,Running,True
1779249929,productpage,v1,Running,True
1779249929,productpage,v1,Running,True
1779249929,productpage,v1,Running,True
1779249929,productpage,v1,Running,True
1779249929,productpage,v1,Running,True
1779249929,productpage,v1,Running,True
1779249929,productpage,v1,Running,True
1779249929,productpage,v1,Running,True
1779249929,productpage,v1,Running,True
1779249929,productpage,v1,Running,True
1779249929,productpage,v1,Running,True
1779249929,productpage,v1,Running,True
1779249929,productpage,v1,Running,True
1779249929,ratings,v1,Running,True
1779249929,reviews,v1,Running,True
1779249929,reviews,v2,Running,True
1779249929,reviews,v2,Running,True
1779249929,reviews,v2,Running,True
1779249929,reviews,v2,Running,True
1779249929,reviews,v3,Running,True
1779249929,reviews,v3,Running,True
1779249929,reviews,v3,Running,True
1779249930,details,v1,Running,True
1779249930,details,v1,Running,True
1779249930,details,v1,Running,True
1779249930,details,v1,Running,True
1779249930,details,v1,Running,True
1779249930,details,v1,Running,True
1779249930,productpage,v1,Running,True
1779249930,productpage,v1,Running,True
1779249930,productpage,v1,Running,True
1779249930,productpage,v1,Running,True
1779249930,productpage,v1,Running,True
1779249930,productpage,v1,Running,True
1779249930,productpage,v1,Running,True
1779249930,productpage,v1,Running,True
1779249930,productpage,v1,Running,True
1779249930,productpage,v1,Running,True
1779249930,productpage,v1,Running,True
1779249930,productpage,v1,Running,True
1779249930,productpage,v1,Running,True
1779249930,productpage,v1,Running,True
1779249930,productpage,v1,Running,True
1779249930,productpage,v1,Running,True
1779249930,productpage,v1,Running,True
1779249930,productpage,v1,Running,True
1779249930,productpage,v1,Running,True
1779249930,productpage,v1,Running,True
1779249930,ratings,v1,Running,True
1779249930,reviews,v1,Running,True
1779249930,reviews,v2,Running,True
1779249930,reviews,v2,Running,True
1779249930,reviews,v2,Running,True
1779249930,reviews,v2,Running,True
1779249930,reviews,v3,Running,True
1779249930,reviews,v3,Running,True
1779249930,reviews,v3,Running,True
1779249931,details,v1,Running,True
1779249931,details,v1,Running,True
1779249931,details,v1,Running,True
1779249931,details,v1,Running,True
1779249931,details,v1,Running,True
1779249931,details,v1,Running,True
1779249931,productpage,v1,Running,True
1779249931,productpage,v1,Running,True
1779249931,productpage,v1,Running,True
1779249931,productpage,v1,Running,True
1779249931,productpage,v1,Running,True
1779249931,productpage,v1,Running,True
1779249931,productpage,v1,Running,True
1779249931,productpage,v1,Running,True
1779249931,productpage,v1,Running,True
1779249931,productpage,v1,Running,True
1779249931,productpage,v1,Running,True
1779249931,productpage,v1,Running,True
1779249931,productpage,v1,Running,True
1779249931,productpage,v1,Running,True
1779249931,productpage,v1,Running,True
1779249931,productpage,v1,Running,True
1779249931,productpage,v1,Running,True
1779249931,productpage,v1,Running,True
1779249931,productpage,v1,Running,True
1779249931,productpage,v1,Running,True
1779249931,ratings,v1,Running,True
1779249931,reviews,v1,Running,True
1779249931,reviews,v2,Running,True
1779249931,reviews,v2,Running,True
1779249931,reviews,v2,Running,True
1779249931,reviews,v2,Running,True
1779249931,reviews,v3,Running,True
1779249931,reviews,v3,Running,True
1779249931,reviews,v3,Running,True
1779249932,details,v1,Running,True
1779249932,details,v1,Running,True
1779249932,details,v1,Running,True
1779249932,details,v1,Running,True
1779249932,details,v1,Running,True
1779249932,details,v1,Running,True
1779249932,productpage,v1,Running,True
1779249932,productpage,v1,Running,True
1779249932,productpage,v1,Running,True
1779249932,productpage,v1,Running,True
1779249932,productpage,v1,Running,True
1779249932,productpage,v1,Running,True
1779249932,productpage,v1,Running,True
1779249932,productpage,v1,Running,True
1779249932,productpage,v1,Running,True
1779249932,productpage,v1,Running,True
1779249932,productpage,v1,Running,True
1779249932,productpage,v1,Running,True
1779249932,productpage,v1,Running,True
1779249932,productpage,v1,Running,True
1779249932,productpage,v1,Running,True
1779249932,productpage,v1,Running,True
1779249932,productpage,v1,Running,True
1779249932,productpage,v1,Running,True
1779249932,productpage,v1,Running,True
1779249932,productpage,v1,Running,True
1779249932,ratings,v1,Running,True
1779249932,reviews,v1,Running,True
1779249932,reviews,v2,Running,True
1779249932,reviews,v2,Running,True
1779249932,reviews,v2,Running,True
1779249932,reviews,v2,Running,True
1779249932,reviews,v3,Running,True
1779249932,reviews,v3,Running,True
1779249932,reviews,v3,Running,True
1779249933,details,v1,Running,True
1779249933,details,v1,Running,True
1779249933,details,v1,Running,True
1779249933,details,v1,Running,True
1779249933,details,v1,Running,True
1779249933,details,v1,Running,True
1779249933,productpage,v1,Running,True
1779249933,productpage,v1,Running,True
1779249933,productpage,v1,Running,True
1779249933,productpage,v1,Running,True
1779249933,productpage,v1,Running,True
1779249933,productpage,v1,Running,True
1779249933,productpage,v1,Running,True
1779249933,productpage,v1,Running,True
1779249933,productpage,v1,Running,True
1779249933,productpage,v1,Running,True
1779249933,productpage,v1,Running,True
1779249933,productpage,v1,Running,True
1779249933,productpage,v1,Running,True
1779249933,productpage,v1,Running,True
1779249933,productpage,v1,Running,True
1779249933,productpage,v1,Running,True
1779249933,productpage,v1,Running,True
1779249933,productpage,v1,Running,True
1779249933,productpage,v1,Running,True
1779249933,productpage,v1,Running,True
1779249933,ratings,v1,Running,True
1779249933,reviews,v1,Running,True
1779249933,reviews,v2,Running,True
1779249933,reviews,v2,Running,True
1779249933,reviews,v2,Running,True
1779249933,reviews,v2,Running,True
1779249933,reviews,v3,Running,True
1779249933,reviews,v3,Running,True
1779249933,reviews,v3,Running,True
1779249934,details,v1,Running,True
1779249934,details,v1,Running,True
1779249934,details,v1,Running,True
1779249934,details,v1,Running,True
1779249934,details,v1,Running,True
1779249934,details,v1,Running,True
1779249934,productpage,v1,Running,True
1779249934,productpage,v1,Running,True
1779249934,productpage,v1,Running,True
1779249934,productpage,v1,Running,True
1779249934,productpage,v1,Running,True
1779249934,productpage,v1,Running,True
1779249934,productpage,v1,Running,True
1779249934,productpage,v1,Running,True
1779249934,productpage,v1,Running,True
1779249934,productpage,v1,Running,True
1779249934,productpage,v1,Running,True
1779249934,productpage,v1,Running,True
1779249934,productpage,v1,Running,True
1779249934,productpage,v1,Running,True
1779249934,productpage,v1,Running,True
1779249934,productpage,v1,Running,True
1779249934,productpage,v1,Running,True
1779249934,productpage,v1,Running,True
1779249934,productpage,v1,Running,True
1779249934,productpage,v1,Running,True
1779249934,ratings,v1,Running,True
1779249934,reviews,v1,Running,True
1779249934,reviews,v2,Running,True
1779249934,reviews,v2,Running,True
1779249934,reviews,v2,Running,True
1779249934,reviews,v2,Running,True
1779249934,reviews,v3,Running,True
1779249934,reviews,v3,Running,True
1779249934,reviews,v3,Running,True
1779249935,details,v1,Running,True
1779249935,details,v1,Running,True
1779249935,details,v1,Running,True
1779249935,details,v1,Running,True
1779249935,details,v1,Running,True
1779249935,details,v1,Running,True
1779249935,productpage,v1,Running,True
1779249935,productpage,v1,Running,True
1779249935,productpage,v1,Running,True
1779249935,productpage,v1,Running,True
1779249935,productpage,v1,Running,True
1779249935,productpage,v1,Running,True
1779249935,productpage,v1,Running,True
1779249935,productpage,v1,Running,True
1779249935,productpage,v1,Running,True
1779249935,productpage,v1,Running,True
1779249935,productpage,v1,Running,True
1779249935,productpage,v1,Running,True
1779249935,productpage,v1,Running,True
1779249935,productpage,v1,Running,True
1779249935,productpage,v1,Running,True
1779249935,productpage,v1,Running,True
1779249935,productpage,v1,Running,True
1779249935,productpage,v1,Running,True
1779249935,productpage,v1,Running,True
1779249935,productpage,v1,Running,True
1779249935,ratings,v1,Running,True
1779249935,reviews,v1,Running,True
1779249935,reviews,v2,Running,True
1779249935,reviews,v2,Running,True
1779249935,reviews,v2,Running,True
1779249935,reviews,v2,Running,True
1779249935,reviews,v3,Running,True
1779249935,reviews,v3,Running,True
1779249935,reviews,v3,Running,True
1779249936,details,v1,Running,True
1779249936,details,v1,Running,True
1779249936,details,v1,Running,True
1779249936,details,v1,Running,True
1779249936,details,v1,Running,True
1779249936,details,v1,Running,True
1779249936,productpage,v1,Running,True
1779249936,productpage,v1,Running,True
1779249936,productpage,v1,Running,True
1779249936,productpage,v1,Running,True
1779249936,productpage,v1,Running,True
1779249936,productpage,v1,Running,True
1779249936,productpage,v1,Running,True
1779249936,productpage,v1,Running,True
1779249936,productpage,v1,Running,True
1779249936,productpage,v1,Running,True
1779249936,productpage,v1,Running,True
1779249936,productpage,v1,Running,True
1779249936,productpage,v1,Running,True
1779249936,productpage,v1,Running,True
1779249936,productpage,v1,Running,True
1779249936,productpage,v1,Running,True
1779249936,productpage,v1,Running,True
1779249936,productpage,v1,Running,True
1779249936,productpage,v1,Running,True
1779249936,productpage,v1,Running,True
1779249936,ratings,v1,Running,True
1779249936,reviews,v1,Running,True
1779249936,reviews,v2,Running,True
1779249936,reviews,v2,Running,True
1779249936,reviews,v2,Running,True
1779249936,reviews,v2,Running,True
1779249936,reviews,v3,Running,True
1779249936,reviews,v3,Running,True
1779249936,reviews,v3,Running,True
1779249937,details,v1,Running,True
1779249937,details,v1,Running,True
1779249937,details,v1,Running,True
1779249937,details,v1,Running,True
1779249937,details,v1,Running,True
1779249937,details,v1,Running,True
1779249937,productpage,v1,Running,True
1779249937,productpage,v1,Running,True
1779249937,productpage,v1,Running,True
1779249937,productpage,v1,Running,True
1779249937,productpage,v1,Running,True
1779249937,productpage,v1,Running,True
1779249937,productpage,v1,Running,True
1779249937,productpage,v1,Running,True
1779249937,productpage,v1,Running,True
1779249937,productpage,v1,Running,True
1779249937,productpage,v1,Running,True
1779249937,productpage,v1,Running,True
1779249937,productpage,v1,Running,True
1779249937,productpage,v1,Running,True
1779249937,productpage,v1,Running,True
1779249937,productpage,v1,Running,True
1779249937,productpage,v1,Running,True
1779249937,productpage,v1,Running,True
1779249937,productpage,v1,Running,True
1779249937,productpage,v1,Running,True
1779249937,ratings,v1,Running,True
1779249937,reviews,v1,Running,True
1779249937,reviews,v2,Running,True
1779249937,reviews,v2,Running,True
1779249937,reviews,v2,Running,True
1779249937,reviews,v2,Running,True
1779249937,reviews,v3,Running,True
1779249937,reviews,v3,Running,True
1779249937,reviews,v3,Running,True
1779249938,details,v1,Running,True
1779249938,details,v1,Running,True
1779249938,details,v1,Running,True
1779249938,details,v1,Running,True
1779249938,details,v1,Running,True
1779249938,details,v1,Running,True
1779249938,productpage,v1,Running,True
1779249938,productpage,v1,Running,True
1779249938,productpage,v1,Running,True
1779249938,productpage,v1,Running,True
1779249938,productpage,v1,Running,True
1779249938,productpage,v1,Running,True
1779249938,productpage,v1,Running,True
1779249938,productpage,v1,Running,True
1779249938,productpage,v1,Running,True
1779249938,productpage,v1,Running,True
1779249938,productpage,v1,Running,True
1779249938,productpage,v1,Running,True
1779249938,productpage,v1,Running,True
1779249938,productpage,v1,Running,True
1779249938,productpage,v1,Running,True
1779249938,productpage,v1,Running,True
1779249938,productpage,v1,Running,True
1779249938,productpage,v1,Running,True
1779249938,productpage,v1,Running,True
1779249938,productpage,v1,Running,True
1779249938,ratings,v1,Running,True
1779249938,reviews,v1,Running,True
1779249938,reviews,v2,Running,True
1779249938,reviews,v2,Running,True
1779249938,reviews,v2,Running,True
1779249938,reviews,v2,Running,True
1779249938,reviews,v3,Running,True
1779249938,reviews,v3,Running,True
1779249938,reviews,v3,Running,True
1779249939,details,v1,Running,True
1779249939,details,v1,Running,True
1779249939,details,v1,Running,True
1779249939,details,v1,Running,True
1779249939,details,v1,Running,True
1779249939,details,v1,Running,True
1779249939,productpage,v1,Running,True
1779249939,productpage,v1,Running,True
1779249939,productpage,v1,Running,True
1779249939,productpage,v1,Running,True
1779249939,productpage,v1,Running,True
1779249939,productpage,v1,Running,True
1779249939,productpage,v1,Running,True
1779249939,productpage,v1,Running,True
1779249939,productpage,v1,Running,True
1779249939,productpage,v1,Running,True
1779249939,productpage,v1,Running,True
1779249939,productpage,v1,Running,True
1779249939,productpage,v1,Running,True
1779249939,productpage,v1,Running,True
1779249939,productpage,v1,Running,True
1779249939,productpage,v1,Running,True
1779249939,productpage,v1,Running,True
1779249939,productpage,v1,Running,True
1779249939,productpage,v1,Running,True
1779249939,productpage,v1,Running,True
1779249939,ratings,v1,Running,True
1779249939,reviews,v1,Running,True
1779249939,reviews,v2,Running,True
1779249939,reviews,v2,Running,True
1779249939,reviews,v2,Running,True
1779249939,reviews,v2,Running,True
1779249939,reviews,v3,Running,True
1779249939,reviews,v3,Running,True
1779249939,reviews,v3,Running,True
1779249940,details,v1,Running,True
1779249940,details,v1,Running,True
1779249940,details,v1,Running,True
1779249940,details,v1,Running,True
1779249940,details,v1,Running,True
1779249940,details,v1,Running,True
1779249940,productpage,v1,Running,True
1779249940,productpage,v1,Running,True
1779249940,productpage,v1,Running,True
1779249940,productpage,v1,Running,True
1779249940,productpage,v1,Running,True
1779249940,productpage,v1,Running,True
1779249940,productpage,v1,Running,True
1779249940,productpage,v1,Running,True
1779249940,productpage,v1,Running,True
1779249940,productpage,v1,Running,True
1779249940,productpage,v1,Running,True
1779249940,productpage,v1,Running,True
1779249940,productpage,v1,Running,True
1779249940,productpage,v1,Running,True
1779249940,productpage,v1,Running,True
1779249940,productpage,v1,Running,True
1779249940,productpage,v1,Running,True
1779249940,productpage,v1,Running,True
1779249940,productpage,v1,Running,True
1779249940,productpage,v1,Running,True
1779249940,ratings,v1,Running,True
1779249940,reviews,v1,Running,True
1779249940,reviews,v2,Running,True
1779249940,reviews,v2,Running,True
1779249940,reviews,v2,Running,True
1779249940,reviews,v2,Running,True
1779249940,reviews,v3,Running,True
1779249940,reviews,v3,Running,True
1779249940,reviews,v3,Running,True
1779249941,details,v1,Running,True
1779249941,details,v1,Running,True
1779249941,details,v1,Running,True
1779249941,details,v1,Running,True
1779249941,details,v1,Running,True
1779249941,details,v1,Running,True
1779249941,productpage,v1,Running,True
1779249941,productpage,v1,Running,True
1779249941,productpage,v1,Running,True
1779249941,productpage,v1,Running,True
1779249941,productpage,v1,Running,True
1779249941,productpage,v1,Running,True
1779249941,productpage,v1,Running,True
1779249941,productpage,v1,Running,True
1779249941,productpage,v1,Running,True
1779249941,productpage,v1,Running,True
1779249941,productpage,v1,Running,True
1779249941,productpage,v1,Running,True
1779249941,productpage,v1,Running,True
1779249941,productpage,v1,Running,True
1779249941,productpage,v1,Running,True
1779249941,productpage,v1,Running,True
1779249941,productpage,v1,Running,True
1779249941,productpage,v1,Running,True
1779249941,productpage,v1,Running,True
1779249941,productpage,v1,Running,True
1779249941,ratings,v1,Running,True
1779249941,reviews,v1,Running,True
1779249941,reviews,v2,Running,True
1779249941,reviews,v2,Running,True
1779249941,reviews,v2,Running,True
1779249941,reviews,v2,Running,True
1779249941,reviews,v3,Running,True
1779249941,reviews,v3,Running,True
1779249941,reviews,v3,Running,True
1779249942,details,v1,Running,True
1779249942,details,v1,Running,True
1779249942,details,v1,Running,True
1779249942,details,v1,Running,True
1779249942,details,v1,Running,True
1779249942,details,v1,Running,True
1779249942,productpage,v1,Running,True
1779249942,productpage,v1,Running,True
1779249942,productpage,v1,Running,True
1779249942,productpage,v1,Running,True
1779249942,productpage,v1,Running,True
1779249942,productpage,v1,Running,True
1779249942,productpage,v1,Running,True
1779249942,productpage,v1,Running,True
1779249942,productpage,v1,Running,True
1779249942,productpage,v1,Running,True
1779249942,productpage,v1,Running,True
1779249942,productpage,v1,Running,True
1779249942,productpage,v1,Running,True
1779249942,productpage,v1,Running,True
1779249942,productpage,v1,Running,True
1779249942,productpage,v1,Running,True
1779249942,productpage,v1,Running,True
1779249942,productpage,v1,Running,True
1779249942,productpage,v1,Running,True
1779249942,productpage,v1,Running,True
1779249942,ratings,v1,Running,True
1779249942,reviews,v1,Running,True
1779249942,reviews,v2,Running,True
1779249942,reviews,v2,Running,True
1779249942,reviews,v2,Running,True
1779249942,reviews,v2,Running,True
1779249942,reviews,v3,Running,True
1779249942,reviews,v3,Running,True
1779249942,reviews,v3,Running,True
1779249943,details,v1,Running,True
1779249943,details,v1,Running,True
1779249943,details,v1,Running,True
1779249943,details,v1,Running,True
1779249943,details,v1,Running,True
1779249943,details,v1,Running,True
1779249943,productpage,v1,Running,True
1779249943,productpage,v1,Running,True
1779249943,productpage,v1,Running,True
1779249943,productpage,v1,Running,True
1779249943,productpage,v1,Running,True
1779249943,productpage,v1,Running,True
1779249943,productpage,v1,Running,True
1779249943,productpage,v1,Running,True
1779249943,productpage,v1,Running,True
1779249943,productpage,v1,Running,True
1779249943,productpage,v1,Running,True
1779249943,productpage,v1,Running,True
1779249943,productpage,v1,Running,True
1779249943,productpage,v1,Running,True
1779249943,productpage,v1,Running,True
1779249943,productpage,v1,Running,True
1779249943,productpage,v1,Running,True
1779249943,productpage,v1,Running,True
1779249943,productpage,v1,Running,True
1779249943,productpage,v1,Running,True
1779249943,ratings,v1,Running,True
1779249943,reviews,v1,Running,True
1779249943,reviews,v2,Running,True
1779249943,reviews,v2,Running,True
1779249943,reviews,v2,Running,True
1779249943,reviews,v2,Running,True
1779249943,reviews,v3,Running,True
1779249943,reviews,v3,Running,True
1779249943,reviews,v3,Running,True
1779249944,details,v1,Running,True
1779249944,details,v1,Running,True
1779249944,details,v1,Running,True
1779249944,details,v1,Running,True
1779249944,details,v1,Running,True
1779249944,details,v1,Running,True
1779249944,productpage,v1,Running,True
1779249944,productpage,v1,Running,True
1779249944,productpage,v1,Running,True
1779249944,productpage,v1,Running,True
1779249944,productpage,v1,Running,True
1779249944,productpage,v1,Running,True
1779249944,productpage,v1,Running,True
1779249944,productpage,v1,Running,True
1779249944,productpage,v1,Running,True
1779249944,productpage,v1,Running,True
1779249944,productpage,v1,Running,True
1779249944,productpage,v1,Running,True
1779249944,productpage,v1,Running,True
1779249944,productpage,v1,Running,True
1779249944,productpage,v1,Running,True
1779249944,productpage,v1,Running,True
1779249944,productpage,v1,Running,True
1779249944,productpage,v1,Running,True
1779249944,productpage,v1,Running,True
1779249944,productpage,v1,Running,True
1779249944,ratings,v1,Running,True
1779249944,reviews,v1,Running,True
1779249944,reviews,v2,Running,True
1779249944,reviews,v2,Running,True
1779249944,reviews,v2,Running,True
1779249944,reviews,v2,Running,True
1779249944,reviews,v3,Running,True
1779249944,reviews,v3,Running,True
1779249944,reviews,v3,Running,True
1779249945,details,v1,Running,True
1779249945,details,v1,Running,True
1779249945,details,v1,Running,True
1779249945,details,v1,Running,True
1779249945,details,v1,Running,True
1779249945,details,v1,Running,True
1779249945,productpage,v1,Running,True
1779249945,productpage,v1,Running,True
1779249945,productpage,v1,Running,True
1779249945,productpage,v1,Running,True
1779249945,productpage,v1,Running,True
1779249945,productpage,v1,Running,True
1779249945,productpage,v1,Running,True
1779249945,productpage,v1,Running,True
1779249945,productpage,v1,Running,True
1779249945,productpage,v1,Running,True
1779249945,productpage,v1,Running,True
1779249945,productpage,v1,Running,True
1779249945,productpage,v1,Running,True
1779249945,productpage,v1,Running,True
1779249945,productpage,v1,Running,True
1779249945,productpage,v1,Running,True
1779249945,productpage,v1,Running,True
1779249945,productpage,v1,Running,True
1779249945,productpage,v1,Running,True
1779249945,productpage,v1,Running,True
1779249945,ratings,v1,Running,True
1779249945,reviews,v1,Running,True
1779249945,reviews,v2,Running,True
1779249945,reviews,v2,Running,True
1779249945,reviews,v2,Running,True
1779249945,reviews,v2,Running,True
1779249945,reviews,v3,Running,True
1779249945,reviews,v3,Running,True
1779249945,reviews,v3,Running,True
1779249946,details,v1,Running,True
1779249946,details,v1,Running,True
1779249946,details,v1,Running,True
1779249946,details,v1,Running,True
1779249946,details,v1,Running,True
1779249946,details,v1,Running,True
1779249946,productpage,v1,Running,True
1779249946,productpage,v1,Running,True
1779249946,productpage,v1,Running,True
1779249946,productpage,v1,Running,True
1779249946,productpage,v1,Running,True
1779249946,productpage,v1,Running,True
1779249946,productpage,v1,Running,True
1779249946,productpage,v1,Running,True
1779249946,productpage,v1,Running,True
1779249946,productpage,v1,Running,True
1779249946,productpage,v1,Running,True
1779249946,productpage,v1,Running,True
1779249946,productpage,v1,Running,True
1779249946,productpage,v1,Running,True
1779249946,productpage,v1,Running,True
1779249946,productpage,v1,Running,True
1779249946,productpage,v1,Running,True
1779249946,productpage,v1,Running,True
1779249946,productpage,v1,Running,True
1779249946,productpage,v1,Running,True
1779249946,ratings,v1,Running,True
1779249946,reviews,v1,Running,True
1779249946,reviews,v2,Running,True
1779249946,reviews,v2,Running,True
1779249946,reviews,v2,Running,True
1779249946,reviews,v2,Running,True
1779249946,reviews,v3,Running,True
1779249946,reviews,v3,Running,True
1779249946,reviews,v3,Running,True
1779249947,details,v1,Running,True
1779249947,details,v1,Running,True
1779249947,details,v1,Running,True
1779249947,details,v1,Running,True
1779249947,details,v1,Running,True
1779249947,details,v1,Running,True
1779249947,productpage,v1,Running,True
1779249947,productpage,v1,Running,True
1779249947,productpage,v1,Running,True
1779249947,productpage,v1,Running,True
1779249947,productpage,v1,Running,True
1779249947,productpage,v1,Running,True
1779249947,productpage,v1,Running,True
1779249947,productpage,v1,Running,True
1779249947,productpage,v1,Running,True
1779249947,productpage,v1,Running,True
1779249947,productpage,v1,Running,True
1779249947,productpage,v1,Running,True
1779249947,productpage,v1,Running,True
1779249947,productpage,v1,Running,True
1779249947,productpage,v1,Running,True
1779249947,productpage,v1,Running,True
1779249947,productpage,v1,Running,True
1779249947,productpage,v1,Running,True
1779249947,productpage,v1,Running,True
1779249947,productpage,v1,Running,True
1779249947,ratings,v1,Running,True
1779249947,reviews,v1,Running,True
1779249947,reviews,v2,Running,True
1779249947,reviews,v2,Running,True
1779249947,reviews,v2,Running,True
1779249947,reviews,v2,Running,True
1779249947,reviews,v3,Running,True
1779249947,reviews,v3,Running,True
1779249947,reviews,v3,Running,True
1779249948,details,v1,Running,True
1779249948,details,v1,Running,True
1779249948,details,v1,Running,True
1779249948,details,v1,Running,True
1779249948,details,v1,Running,True
1779249948,details,v1,Running,True
1779249948,productpage,v1,Running,True
1779249948,productpage,v1,Running,True
1779249948,productpage,v1,Running,True
1779249948,productpage,v1,Running,True
1779249948,productpage,v1,Running,True
1779249948,productpage,v1,Running,True
1779249948,productpage,v1,Running,True
1779249948,productpage,v1,Running,True
1779249948,productpage,v1,Running,True
1779249948,productpage,v1,Running,True
1779249948,productpage,v1,Running,True
1779249948,productpage,v1,Running,True
1779249948,productpage,v1,Running,True
1779249948,productpage,v1,Running,True
1779249948,productpage,v1,Running,True
1779249948,productpage,v1,Running,True
1779249948,productpage,v1,Running,True
1779249948,productpage,v1,Running,True
1779249948,productpage,v1,Running,True
1779249948,productpage,v1,Running,True
1779249948,ratings,v1,Running,True
1779249948,reviews,v1,Running,True
1779249948,reviews,v2,Running,True
1779249948,reviews,v2,Running,True
1779249948,reviews,v2,Running,True
1779249948,reviews,v2,Running,True
1779249948,reviews,v3,Running,True
1779249948,reviews,v3,Running,True
1779249948,reviews,v3,Running,True
1779249949,details,v1,Running,True
1779249949,details,v1,Running,True
1779249949,details,v1,Running,True
1779249949,details,v1,Running,True
1779249949,details,v1,Running,True
1779249949,details,v1,Running,True
1779249949,productpage,v1,Running,True
1779249949,productpage,v1,Running,True
1779249949,productpage,v1,Running,True
1779249949,productpage,v1,Running,True
1779249949,productpage,v1,Running,True
1779249949,productpage,v1,Running,True
1779249949,productpage,v1,Running,True
1779249949,productpage,v1,Running,True
1779249949,productpage,v1,Running,True
1779249949,productpage,v1,Running,True
1779249949,productpage,v1,Running,True
1779249949,productpage,v1,Running,True
1779249949,productpage,v1,Running,True
1779249949,productpage,v1,Running,True
1779249949,productpage,v1,Running,True
1779249949,productpage,v1,Running,True
1779249949,productpage,v1,Running,True
1779249949,productpage,v1,Running,True
1779249949,productpage,v1,Running,True
1779249949,productpage,v1,Running,True
1779249949,ratings,v1,Running,True
1779249949,reviews,v1,Running,True
1779249949,reviews,v2,Running,True
1779249949,reviews,v2,Running,True
1779249949,reviews,v2,Running,True
1779249949,reviews,v2,Running,True
1779249949,reviews,v3,Running,True
1779249949,reviews,v3,Running,True
1779249949,reviews,v3,Running,True
