timestamp,app,version,phase,ready
1779219932,details,v1,Running,True
1779219932,details,v1,Running,True
1779219932,details,v1,Running,True
1779219932,details,v1,Running,True
1779219932,productpage,v1,Running,True
1779219932,productpage,v1,Running,True
1779219932,productpage,v1,Running,True
1779219932,productpage,v1,Running,True
1779219932,productpage,v1,Running,True
1779219932,productpage,v1,Running,True
1779219932,productpage,v1,Running,True
1779219932,productpage,v1,Running,True
1779219932,productpage,v1,Running,True
1779219932,productpage,v1,Running,True
1779219932,productpage,v1,Running,True
1779219932,productpage,v1,Running,True
1779219932,productpage,v1,Running,True
1779219932,productpage,v1,Running,True
1779219932,productpage,v1,Running,True
1779219932,ratings,v1,Running,True
1779219932,reviews,v1,Running,True
1779219932,reviews,v2,Running,True
1779219932,reviews,v3,Running,True
1779219932,reviews,v3,Running,True
1779219933,details,v1,Running,True
1779219933,details,v1,Running,True
1779219933,details,v1,Running,True
1779219933,details,v1,Running,True
1779219933,productpage,v1,Running,True
1779219933,productpage,v1,Running,True
1779219933,productpage,v1,Running,True
1779219933,productpage,v1,Running,True
1779219933,productpage,v1,Running,True
1779219933,productpage,v1,Running,True
1779219933,productpage,v1,Running,True
1779219933,productpage,v1,Running,True
1779219933,productpage,v1,Running,True
1779219933,productpage,v1,Running,True
1779219933,productpage,v1,Running,True
1779219933,productpage,v1,Running,True
1779219933,productpage,v1,Running,True
1779219933,productpage,v1,Running,True
1779219933,productpage,v1,Running,True
1779219933,ratings,v1,Running,True
1779219933,reviews,v1,Running,True
1779219933,reviews,v2,Running,True
1779219933,reviews,v3,Running,True
1779219933,reviews,v3,Running,True
1779219934,details,v1,Running,True
1779219934,details,v1,Running,True
1779219934,details,v1,Running,True
1779219934,details,v1,Running,True
1779219934,productpage,v1,Running,True
1779219934,productpage,v1,Running,True
1779219934,productpage,v1,Running,True
1779219934,productpage,v1,Running,True
1779219934,productpage,v1,Running,True
1779219934,productpage,v1,Running,True
1779219934,productpage,v1,Running,True
1779219934,productpage,v1,Running,True
1779219934,productpage,v1,Running,True
1779219934,productpage,v1,Running,True
1779219934,productpage,v1,Running,True
1779219934,productpage,v1,Running,True
1779219934,productpage,v1,Running,True
1779219934,productpage,v1,Running,True
1779219934,productpage,v1,Running,True
1779219934,ratings,v1,Running,True
1779219934,reviews,v1,Running,True
1779219934,reviews,v2,Running,True
1779219934,reviews,v3,Running,True
1779219934,reviews,v3,Running,True
1779219935,details,v1,Running,True
1779219935,details,v1,Running,True
1779219935,details,v1,Running,True
1779219935,details,v1,Running,True
1779219935,productpage,v1,Running,True
1779219935,productpage,v1,Running,True
1779219935,productpage,v1,Running,True
1779219935,productpage,v1,Running,True
1779219935,productpage,v1,Running,True
1779219935,productpage,v1,Running,True
1779219935,productpage,v1,Running,True
1779219935,productpage,v1,Running,True
1779219935,productpage,v1,Running,True
1779219935,productpage,v1,Running,True
1779219935,productpage,v1,Running,True
1779219935,productpage,v1,Running,True
1779219935,productpage,v1,Running,True
1779219935,productpage,v1,Running,True
1779219935,productpage,v1,Running,True
1779219935,ratings,v1,Running,True
1779219935,reviews,v1,Running,True
1779219935,reviews,v2,Running,True
1779219935,reviews,v3,Running,True
1779219935,reviews,v3,Running,True
1779219936,details,v1,Running,True
1779219936,details,v1,Running,True
1779219936,details,v1,Running,True
1779219936,details,v1,Running,True
1779219936,productpage,v1,Running,True
1779219936,productpage,v1,Running,True
1779219936,productpage,v1,Running,True
1779219936,productpage,v1,Running,True
1779219936,productpage,v1,Running,True
1779219936,productpage,v1,Running,True
1779219936,productpage,v1,Running,True
1779219936,productpage,v1,Running,True
1779219936,productpage,v1,Running,True
1779219936,productpage,v1,Running,True
1779219936,productpage,v1,Running,True
1779219936,productpage,v1,Running,True
1779219936,productpage,v1,Running,True
1779219936,productpage,v1,Running,True
1779219936,productpage,v1,Running,True
1779219936,ratings,v1,Running,True
1779219936,reviews,v1,Running,True
1779219936,reviews,v2,Running,True
1779219936,reviews,v3,Running,True
1779219936,reviews,v3,Running,True
1779219937,details,v1,Running,True
1779219937,details,v1,Running,True
1779219937,details,v1,Running,True
1779219937,details,v1,Running,True
1779219937,productpage,v1,Running,True
1779219937,productpage,v1,Running,True
1779219937,productpage,v1,Running,True
1779219937,productpage,v1,Running,True
1779219937,productpage,v1,Running,True
1779219937,productpage,v1,Running,True
1779219937,productpage,v1,Running,True
1779219937,productpage,v1,Running,True
1779219937,productpage,v1,Running,True
1779219937,productpage,v1,Running,True
1779219937,productpage,v1,Running,True
1779219937,productpage,v1,Running,True
1779219937,productpage,v1,Running,True
1779219937,productpage,v1,Running,True
1779219937,productpage,v1,Running,True
1779219937,ratings,v1,Running,True
1779219937,reviews,v1,Running,True
1779219937,reviews,v2,Running,True
1779219937,reviews,v3,Running,True
1779219937,reviews,v3,Running,True
1779219938,details,v1,Running,True
1779219938,details,v1,Running,True
1779219938,details,v1,Running,True
1779219938,details,v1,Running,True
1779219938,productpage,v1,Running,True
1779219938,productpage,v1,Running,True
1779219938,productpage,v1,Running,True
1779219938,productpage,v1,Running,True
1779219938,productpage,v1,Running,True
1779219938,productpage,v1,Running,True
1779219938,productpage,v1,Running,True
1779219938,productpage,v1,Running,True
1779219938,productpage,v1,Running,True
1779219938,productpage,v1,Running,True
1779219938,productpage,v1,Running,True
1779219938,productpage,v1,Running,True
1779219938,productpage,v1,Running,True
1779219938,productpage,v1,Running,True
1779219938,productpage,v1,Running,True
1779219938,ratings,v1,Running,True
1779219938,reviews,v1,Running,True
1779219938,reviews,v2,Running,True
1779219938,reviews,v3,Running,True
1779219938,reviews,v3,Running,True
1779219939,details,v1,Running,True
1779219939,details,v1,Running,True
1779219939,details,v1,Running,True
1779219939,details,v1,Running,True
1779219939,productpage,v1,Running,True
1779219939,productpage,v1,Running,True
1779219939,productpage,v1,Running,True
1779219939,productpage,v1,Running,True
1779219939,productpage,v1,Running,True
1779219939,productpage,v1,Running,True
1779219939,productpage,v1,Running,True
1779219939,productpage,v1,Running,True
1779219939,productpage,v1,Running,True
1779219939,productpage,v1,Running,True
1779219939,productpage,v1,Running,True
1779219939,productpage,v1,Running,True
1779219939,productpage,v1,Running,True
1779219939,productpage,v1,Running,True
1779219939,productpage,v1,Running,True
1779219939,ratings,v1,Running,True
1779219939,reviews,v1,Running,True
1779219939,reviews,v2,Running,True
1779219939,reviews,v3,Running,True
1779219939,reviews,v3,Running,True
1779219940,details,v1,Running,True
1779219940,details,v1,Running,True
1779219940,details,v1,Running,True
1779219940,details,v1,Running,True
1779219940,productpage,v1,Running,True
1779219940,productpage,v1,Running,True
1779219940,productpage,v1,Running,True
1779219940,productpage,v1,Running,True
1779219940,productpage,v1,Running,True
1779219940,productpage,v1,Running,True
1779219940,productpage,v1,Running,True
1779219940,productpage,v1,Running,True
1779219940,productpage,v1,Running,True
1779219940,productpage,v1,Running,True
1779219940,productpage,v1,Running,True
1779219940,productpage,v1,Running,True
1779219940,productpage,v1,Running,True
1779219940,productpage,v1,Running,True
1779219940,productpage,v1,Running,True
1779219940,ratings,v1,Running,True
1779219940,reviews,v1,Running,True
1779219940,reviews,v2,Running,True
1779219940,reviews,v3,Running,True
1779219940,reviews,v3,Running,True
1779219941,details,v1,Running,True
1779219941,details,v1,Running,True
1779219941,details,v1,Running,True
1779219941,details,v1,Running,True
1779219941,productpage,v1,Running,True
1779219941,productpage,v1,Running,True
1779219941,productpage,v1,Running,True
1779219941,productpage,v1,Running,True
1779219941,productpage,v1,Running,True
1779219941,productpage,v1,Running,True
1779219941,productpage,v1,Running,True
1779219941,productpage,v1,Running,True
1779219941,productpage,v1,Running,True
1779219941,productpage,v1,Running,True
1779219941,productpage,v1,Running,True
1779219941,productpage,v1,Running,True
1779219941,productpage,v1,Running,True
1779219941,productpage,v1,Running,True
1779219941,productpage,v1,Running,True
1779219941,ratings,v1,Running,True
1779219941,reviews,v1,Running,True
1779219941,reviews,v2,Running,True
1779219941,reviews,v3,Running,True
1779219941,reviews,v3,Running,True
1779219942,details,v1,Running,True
1779219942,details,v1,Running,True
1779219942,details,v1,Running,True
1779219942,details,v1,Running,True
1779219942,productpage,v1,Running,True
1779219942,productpage,v1,Running,True
1779219942,productpage,v1,Running,True
1779219942,productpage,v1,Running,True
1779219942,productpage,v1,Running,True
1779219942,productpage,v1,Running,True
1779219942,productpage,v1,Running,True
1779219942,productpage,v1,Running,True
1779219942,productpage,v1,Running,True
1779219942,productpage,v1,Running,True
1779219942,productpage,v1,Running,True
1779219942,productpage,v1,Running,True
1779219942,productpage,v1,Running,True
1779219942,productpage,v1,Running,True
1779219942,productpage,v1,Running,True
1779219942,ratings,v1,Running,True
1779219942,reviews,v1,Running,True
1779219942,reviews,v2,Running,True
1779219942,reviews,v3,Running,True
1779219942,reviews,v3,Running,True
1779219943,details,v1,Running,True
1779219943,details,v1,Running,True
1779219943,details,v1,Running,True
1779219943,details,v1,Running,True
1779219943,productpage,v1,Running,True
1779219943,productpage,v1,Running,True
1779219943,productpage,v1,Running,True
1779219943,productpage,v1,Running,True
1779219943,productpage,v1,Running,True
1779219943,productpage,v1,Running,True
1779219943,productpage,v1,Running,True
1779219943,productpage,v1,Running,True
1779219943,productpage,v1,Running,True
1779219943,productpage,v1,Running,True
1779219943,productpage,v1,Running,True
1779219943,productpage,v1,Running,True
1779219943,productpage,v1,Running,True
1779219943,productpage,v1,Running,True
1779219943,productpage,v1,Running,True
1779219943,ratings,v1,Running,True
1779219943,reviews,v1,Running,True
1779219943,reviews,v2,Running,True
1779219943,reviews,v3,Running,True
1779219943,reviews,v3,Running,True
1779219944,details,v1,Running,True
1779219944,details,v1,Running,True
1779219944,details,v1,Running,True
1779219944,details,v1,Running,True
1779219944,productpage,v1,Running,True
1779219944,productpage,v1,Running,True
1779219944,productpage,v1,Running,True
1779219944,productpage,v1,Running,True
1779219944,productpage,v1,Running,True
1779219944,productpage,v1,Running,True
1779219944,productpage,v1,Running,True
1779219944,productpage,v1,Running,True
1779219944,productpage,v1,Running,True
1779219944,productpage,v1,Running,True
1779219944,productpage,v1,Running,True
1779219944,productpage,v1,Running,True
1779219944,productpage,v1,Running,True
1779219944,productpage,v1,Running,True
1779219944,productpage,v1,Running,True
1779219944,ratings,v1,Running,True
1779219944,reviews,v1,Running,True
1779219944,reviews,v2,Running,True
1779219944,reviews,v3,Running,True
1779219944,reviews,v3,Running,True
1779219945,details,v1,Running,True
1779219945,details,v1,Running,True
1779219945,details,v1,Running,True
1779219945,details,v1,Running,True
1779219945,productpage,v1,Running,True
1779219945,productpage,v1,Running,True
1779219945,productpage,v1,Running,True
1779219945,productpage,v1,Running,True
1779219945,productpage,v1,Running,True
1779219945,productpage,v1,Running,True
1779219945,productpage,v1,Running,True
1779219945,productpage,v1,Running,True
1779219945,productpage,v1,Running,True
1779219945,productpage,v1,Running,True
1779219945,productpage,v1,Running,True
1779219945,productpage,v1,Running,True
1779219945,productpage,v1,Running,True
1779219945,productpage,v1,Running,True
1779219945,productpage,v1,Running,True
1779219945,ratings,v1,Running,True
1779219945,reviews,v1,Running,True
1779219945,reviews,v2,Running,True
1779219945,reviews,v3,Running,True
1779219945,reviews,v3,Running,True
1779219946,details,v1,Running,True
1779219946,details,v1,Running,True
1779219946,details,v1,Running,True
1779219946,details,v1,Running,True
1779219946,productpage,v1,Running,True
1779219946,productpage,v1,Running,True
1779219946,productpage,v1,Running,True
1779219946,productpage,v1,Running,True
1779219946,productpage,v1,Running,True
1779219946,productpage,v1,Running,True
1779219946,productpage,v1,Running,True
1779219946,productpage,v1,Running,True
1779219946,productpage,v1,Running,True
1779219946,productpage,v1,Running,True
1779219946,productpage,v1,Running,True
1779219946,productpage,v1,Running,True
1779219946,productpage,v1,Running,True
1779219946,productpage,v1,Running,True
1779219946,productpage,v1,Running,True
1779219946,ratings,v1,Running,True
1779219946,reviews,v1,Running,True
1779219946,reviews,v2,Running,True
1779219946,reviews,v3,Running,True
1779219946,reviews,v3,Running,True
1779219947,details,v1,Running,True
1779219947,details,v1,Running,True
1779219947,details,v1,Running,True
1779219947,details,v1,Running,True
1779219947,productpage,v1,Running,True
1779219947,productpage,v1,Running,True
1779219947,productpage,v1,Running,True
1779219947,productpage,v1,Running,True
1779219947,productpage,v1,Running,True
1779219947,productpage,v1,Running,True
1779219947,productpage,v1,Running,True
1779219947,productpage,v1,Running,True
1779219947,productpage,v1,Running,True
1779219947,productpage,v1,Running,True
1779219947,productpage,v1,Running,True
1779219947,productpage,v1,Running,True
1779219947,productpage,v1,Running,True
1779219947,productpage,v1,Running,True
1779219947,productpage,v1,Running,True
1779219947,ratings,v1,Running,True
1779219947,reviews,v1,Running,True
1779219947,reviews,v2,Running,True
1779219947,reviews,v3,Running,True
1779219947,reviews,v3,Running,True
1779219948,details,v1,Running,True
1779219948,details,v1,Running,True
1779219948,details,v1,Running,True
1779219948,details,v1,Running,True
1779219948,productpage,v1,Running,True
1779219948,productpage,v1,Running,True
1779219948,productpage,v1,Running,True
1779219948,productpage,v1,Running,True
1779219948,productpage,v1,Running,True
1779219948,productpage,v1,Running,True
1779219948,productpage,v1,Running,True
1779219948,productpage,v1,Running,True
1779219948,productpage,v1,Running,True
1779219948,productpage,v1,Running,True
1779219948,productpage,v1,Running,True
1779219948,productpage,v1,Running,True
1779219948,productpage,v1,Running,True
1779219948,productpage,v1,Running,True
1779219948,productpage,v1,Running,True
1779219948,ratings,v1,Running,True
1779219948,reviews,v1,Running,True
1779219948,reviews,v2,Running,True
1779219948,reviews,v3,Running,True
1779219948,reviews,v3,Running,True
1779219949,details,v1,Running,True
1779219949,details,v1,Running,True
1779219949,details,v1,Running,True
1779219949,details,v1,Running,True
1779219949,productpage,v1,Running,True
1779219949,productpage,v1,Running,True
1779219949,productpage,v1,Running,True
1779219949,productpage,v1,Running,True
1779219949,productpage,v1,Running,True
1779219949,productpage,v1,Running,True
1779219949,productpage,v1,Running,True
1779219949,productpage,v1,Running,True
1779219949,productpage,v1,Running,True
1779219949,productpage,v1,Running,True
1779219949,productpage,v1,Running,True
1779219949,productpage,v1,Running,True
1779219949,productpage,v1,Running,True
1779219949,productpage,v1,Running,True
1779219949,productpage,v1,Running,True
1779219949,ratings,v1,Running,True
1779219949,reviews,v1,Running,True
1779219949,reviews,v2,Running,True
1779219949,reviews,v3,Running,True
1779219949,reviews,v3,Running,True
1779219950,details,v1,Running,True
1779219950,details,v1,Running,True
1779219950,details,v1,Running,True
1779219950,details,v1,Running,True
1779219950,productpage,v1,Running,True
1779219950,productpage,v1,Running,True
1779219950,productpage,v1,Running,True
1779219950,productpage,v1,Running,True
1779219950,productpage,v1,Running,True
1779219950,productpage,v1,Running,True
1779219950,productpage,v1,Running,True
1779219950,productpage,v1,Running,True
1779219950,productpage,v1,Running,True
1779219950,productpage,v1,Running,True
1779219950,productpage,v1,Running,True
1779219950,productpage,v1,Running,True
1779219950,productpage,v1,Running,True
1779219950,productpage,v1,Running,True
1779219950,productpage,v1,Running,True
1779219950,ratings,v1,Running,True
1779219950,reviews,v1,Running,True
1779219950,reviews,v2,Running,True
1779219950,reviews,v3,Running,True
1779219950,reviews,v3,Running,True
1779219951,details,v1,Running,True
1779219951,details,v1,Running,True
1779219951,details,v1,Running,True
1779219951,details,v1,Running,True
1779219951,productpage,v1,Running,True
1779219951,productpage,v1,Running,True
1779219951,productpage,v1,Running,True
1779219951,productpage,v1,Running,True
1779219951,productpage,v1,Running,True
1779219951,productpage,v1,Running,True
1779219951,productpage,v1,Running,True
1779219951,productpage,v1,Running,True
1779219951,productpage,v1,Running,True
1779219951,productpage,v1,Running,True
1779219951,productpage,v1,Running,True
1779219951,productpage,v1,Running,True
1779219951,productpage,v1,Running,True
1779219951,productpage,v1,Running,True
1779219951,productpage,v1,Running,True
1779219951,ratings,v1,Running,True
1779219951,reviews,v1,Running,True
1779219951,reviews,v2,Running,True
1779219951,reviews,v3,Running,True
1779219951,reviews,v3,Running,True
1779219952,details,v1,Running,True
1779219952,details,v1,Running,True
1779219952,details,v1,Running,True
1779219952,details,v1,Running,True
1779219952,productpage,v1,Running,True
1779219952,productpage,v1,Running,True
1779219952,productpage,v1,Running,True
1779219952,productpage,v1,Running,True
1779219952,productpage,v1,Running,True
1779219952,productpage,v1,Running,True
1779219952,productpage,v1,Running,True
1779219952,productpage,v1,Running,True
1779219952,productpage,v1,Running,True
1779219952,productpage,v1,Running,True
1779219952,productpage,v1,Running,True
1779219952,productpage,v1,Running,True
1779219952,productpage,v1,Running,True
1779219952,productpage,v1,Running,True
1779219952,productpage,v1,Running,True
1779219952,ratings,v1,Running,True
1779219952,reviews,v1,Running,True
1779219952,reviews,v2,Running,True
1779219952,reviews,v3,Running,True
1779219952,reviews,v3,Running,True
1779219953,details,v1,Running,True
1779219953,details,v1,Running,True
1779219953,details,v1,Running,True
1779219953,details,v1,Running,True
1779219953,productpage,v1,Running,True
1779219953,productpage,v1,Running,True
1779219953,productpage,v1,Running,True
1779219953,productpage,v1,Running,True
1779219953,productpage,v1,Running,True
1779219953,productpage,v1,Running,True
1779219953,productpage,v1,Running,True
1779219953,productpage,v1,Running,True
1779219953,productpage,v1,Running,True
1779219953,productpage,v1,Running,True
1779219953,productpage,v1,Running,True
1779219953,productpage,v1,Running,True
1779219953,productpage,v1,Running,True
1779219953,productpage,v1,Running,True
1779219953,productpage,v1,Running,True
1779219953,ratings,v1,Running,True
1779219953,reviews,v1,Running,True
1779219953,reviews,v2,Running,True
1779219953,reviews,v3,Running,True
1779219953,reviews,v3,Running,True
1779219954,details,v1,Running,True
1779219954,details,v1,Running,True
1779219954,details,v1,Running,True
1779219954,details,v1,Running,True
1779219954,productpage,v1,Running,True
1779219954,productpage,v1,Running,True
1779219954,productpage,v1,Running,True
1779219954,productpage,v1,Running,True
1779219954,productpage,v1,Running,True
1779219954,productpage,v1,Running,True
1779219954,productpage,v1,Running,True
1779219954,productpage,v1,Running,True
1779219954,productpage,v1,Running,True
1779219954,productpage,v1,Running,True
1779219954,productpage,v1,Running,True
1779219954,productpage,v1,Running,True
1779219954,productpage,v1,Running,True
1779219954,productpage,v1,Running,True
1779219954,productpage,v1,Running,True
1779219954,ratings,v1,Running,True
1779219954,reviews,v1,Running,True
1779219954,reviews,v2,Running,True
1779219954,reviews,v3,Running,True
1779219954,reviews,v3,Running,True
1779219955,details,v1,Running,True
1779219955,details,v1,Running,True
1779219955,details,v1,Running,True
1779219955,details,v1,Running,True
1779219955,productpage,v1,Running,True
1779219955,productpage,v1,Running,True
1779219955,productpage,v1,Running,True
1779219955,productpage,v1,Running,True
1779219955,productpage,v1,Running,True
1779219955,productpage,v1,Running,True
1779219955,productpage,v1,Running,True
1779219955,productpage,v1,Running,True
1779219955,productpage,v1,Running,True
1779219955,productpage,v1,Running,True
1779219955,productpage,v1,Running,True
1779219955,productpage,v1,Running,True
1779219955,productpage,v1,Running,True
1779219955,productpage,v1,Running,True
1779219955,productpage,v1,Running,True
1779219955,ratings,v1,Running,True
1779219955,reviews,v1,Running,True
1779219955,reviews,v2,Running,True
1779219955,reviews,v3,Running,True
1779219955,reviews,v3,Running,True
1779219956,details,v1,Running,True
1779219956,details,v1,Running,True
1779219956,details,v1,Running,True
1779219956,details,v1,Running,True
1779219956,productpage,v1,Running,True
1779219956,productpage,v1,Running,True
1779219956,productpage,v1,Running,True
1779219956,productpage,v1,Running,True
1779219956,productpage,v1,Running,True
1779219956,productpage,v1,Running,True
1779219956,productpage,v1,Running,True
1779219956,productpage,v1,Running,True
1779219956,productpage,v1,Running,True
1779219956,productpage,v1,Running,True
1779219956,productpage,v1,Running,True
1779219956,productpage,v1,Running,True
1779219956,productpage,v1,Running,True
1779219956,productpage,v1,Running,True
1779219956,productpage,v1,Running,True
1779219956,ratings,v1,Running,True
1779219956,reviews,v1,Running,True
1779219956,reviews,v2,Running,True
1779219956,reviews,v3,Running,True
1779219956,reviews,v3,Running,True
1779219957,details,v1,Running,True
1779219957,details,v1,Running,True
1779219957,details,v1,Running,True
1779219957,details,v1,Running,True
1779219957,productpage,v1,Running,True
1779219957,productpage,v1,Running,True
1779219957,productpage,v1,Running,True
1779219957,productpage,v1,Running,True
1779219957,productpage,v1,Running,True
1779219957,productpage,v1,Running,True
1779219957,productpage,v1,Running,True
1779219957,productpage,v1,Running,True
1779219957,productpage,v1,Running,True
1779219957,productpage,v1,Running,True
1779219957,productpage,v1,Running,True
1779219957,productpage,v1,Running,True
1779219957,productpage,v1,Running,True
1779219957,productpage,v1,Running,True
1779219957,productpage,v1,Running,True
1779219957,ratings,v1,Running,True
1779219957,reviews,v1,Running,True
1779219957,reviews,v2,Running,True
1779219957,reviews,v3,Running,True
1779219957,reviews,v3,Running,True
1779219958,details,v1,Running,True
1779219958,details,v1,Running,True
1779219958,details,v1,Running,True
1779219958,details,v1,Running,True
1779219958,productpage,v1,Running,True
1779219958,productpage,v1,Running,True
1779219958,productpage,v1,Running,True
1779219958,productpage,v1,Running,True
1779219958,productpage,v1,Running,True
1779219958,productpage,v1,Running,True
1779219958,productpage,v1,Running,True
1779219958,productpage,v1,Running,True
1779219958,productpage,v1,Running,True
1779219958,productpage,v1,Running,True
1779219958,productpage,v1,Running,True
1779219958,productpage,v1,Running,True
1779219958,productpage,v1,Running,True
1779219958,productpage,v1,Running,True
1779219958,productpage,v1,Running,True
1779219958,ratings,v1,Running,True
1779219958,reviews,v1,Running,True
1779219958,reviews,v2,Running,True
1779219958,reviews,v3,Running,True
1779219958,reviews,v3,Running,True
1779219959,details,v1,Running,True
1779219959,details,v1,Running,True
1779219959,details,v1,Running,True
1779219959,details,v1,Running,True
1779219959,productpage,v1,Running,True
1779219959,productpage,v1,Running,True
1779219959,productpage,v1,Running,True
1779219959,productpage,v1,Running,True
1779219959,productpage,v1,Running,True
1779219959,productpage,v1,Running,True
1779219959,productpage,v1,Running,True
1779219959,productpage,v1,Running,True
1779219959,productpage,v1,Running,True
1779219959,productpage,v1,Running,True
1779219959,productpage,v1,Running,True
1779219959,productpage,v1,Running,True
1779219959,productpage,v1,Running,True
1779219959,productpage,v1,Running,True
1779219959,productpage,v1,Running,True
1779219959,ratings,v1,Running,True
1779219959,reviews,v1,Running,True
1779219959,reviews,v2,Running,True
1779219959,reviews,v3,Running,True
1779219959,reviews,v3,Running,True
1779219960,details,v1,Running,True
1779219960,details,v1,Running,True
1779219960,details,v1,Running,True
1779219960,details,v1,Running,True
1779219960,productpage,v1,Running,True
1779219960,productpage,v1,Running,True
1779219960,productpage,v1,Running,True
1779219960,productpage,v1,Running,True
1779219960,productpage,v1,Running,True
1779219960,productpage,v1,Running,True
1779219960,productpage,v1,Running,True
1779219960,productpage,v1,Running,True
1779219960,productpage,v1,Running,True
1779219960,productpage,v1,Running,True
1779219960,productpage,v1,Running,True
1779219960,productpage,v1,Running,True
1779219960,productpage,v1,Running,True
1779219960,productpage,v1,Running,True
1779219960,productpage,v1,Running,True
1779219960,ratings,v1,Running,True
1779219960,reviews,v1,Running,True
1779219960,reviews,v2,Running,True
1779219960,reviews,v3,Running,True
1779219960,reviews,v3,Running,True
1779219961,details,v1,Running,True
1779219961,details,v1,Running,True
1779219961,details,v1,Running,True
1779219961,details,v1,Running,True
1779219961,productpage,v1,Running,True
1779219961,productpage,v1,Running,True
1779219961,productpage,v1,Running,True
1779219961,productpage,v1,Running,True
1779219961,productpage,v1,Running,True
1779219961,productpage,v1,Running,True
1779219961,productpage,v1,Running,True
1779219961,productpage,v1,Running,True
1779219961,productpage,v1,Running,True
1779219961,productpage,v1,Running,True
1779219961,productpage,v1,Running,True
1779219961,productpage,v1,Running,True
1779219961,productpage,v1,Running,True
1779219961,productpage,v1,Running,True
1779219961,productpage,v1,Running,True
1779219961,ratings,v1,Running,True
1779219961,reviews,v1,Running,True
1779219961,reviews,v2,Running,True
1779219961,reviews,v3,Running,True
1779219961,reviews,v3,Running,True
1779219962,details,v1,Running,True
1779219962,details,v1,Running,True
1779219962,details,v1,Running,True
1779219962,details,v1,Running,True
1779219962,productpage,v1,Running,True
1779219962,productpage,v1,Running,True
1779219962,productpage,v1,Running,True
1779219962,productpage,v1,Running,True
1779219962,productpage,v1,Running,True
1779219962,productpage,v1,Running,True
1779219962,productpage,v1,Running,True
1779219962,productpage,v1,Running,True
1779219962,productpage,v1,Running,True
1779219962,productpage,v1,Running,True
1779219962,productpage,v1,Running,True
1779219962,productpage,v1,Running,True
1779219962,productpage,v1,Running,True
1779219962,productpage,v1,Running,True
1779219962,productpage,v1,Running,True
1779219962,ratings,v1,Running,True
1779219962,reviews,v1,Running,True
1779219962,reviews,v2,Running,True
1779219962,reviews,v3,Running,True
1779219962,reviews,v3,Running,True
1779219963,details,v1,Running,True
1779219963,details,v1,Running,True
1779219963,details,v1,Running,True
1779219963,details,v1,Running,True
1779219963,productpage,v1,Running,True
1779219963,productpage,v1,Running,True
1779219963,productpage,v1,Running,True
1779219963,productpage,v1,Running,True
1779219963,productpage,v1,Running,True
1779219963,productpage,v1,Running,True
1779219963,productpage,v1,Running,True
1779219963,productpage,v1,Running,True
1779219963,productpage,v1,Running,True
1779219963,productpage,v1,Running,True
1779219963,productpage,v1,Running,True
1779219963,productpage,v1,Running,True
1779219963,productpage,v1,Running,True
1779219963,productpage,v1,Running,True
1779219963,productpage,v1,Running,True
1779219963,ratings,v1,Running,True
1779219963,reviews,v1,Running,True
1779219963,reviews,v2,Running,True
1779219963,reviews,v3,Running,True
1779219963,reviews,v3,Running,True
1779219964,details,v1,Running,True
1779219964,details,v1,Running,True
1779219964,details,v1,Running,True
1779219964,details,v1,Running,True
1779219964,productpage,v1,Running,True
1779219964,productpage,v1,Running,True
1779219964,productpage,v1,Running,True
1779219964,productpage,v1,Running,True
1779219964,productpage,v1,Running,True
1779219964,productpage,v1,Running,True
1779219964,productpage,v1,Running,True
1779219964,productpage,v1,Running,True
1779219964,productpage,v1,Running,True
1779219964,productpage,v1,Running,True
1779219964,productpage,v1,Running,True
1779219964,productpage,v1,Running,True
1779219964,productpage,v1,Running,True
1779219964,productpage,v1,Running,True
1779219964,productpage,v1,Running,True
1779219964,ratings,v1,Running,True
1779219964,reviews,v1,Running,True
1779219964,reviews,v2,Running,True
1779219964,reviews,v3,Running,True
1779219964,reviews,v3,Running,True
1779219965,details,v1,Running,True
1779219965,details,v1,Running,True
1779219965,details,v1,Running,True
1779219965,details,v1,Running,True
1779219965,productpage,v1,Running,True
1779219965,productpage,v1,Running,True
1779219965,productpage,v1,Running,True
1779219965,productpage,v1,Running,True
1779219965,productpage,v1,Running,True
1779219965,productpage,v1,Running,True
1779219965,productpage,v1,Running,True
1779219965,productpage,v1,Running,True
1779219965,productpage,v1,Running,True
1779219965,productpage,v1,Running,True
1779219965,productpage,v1,Running,True
1779219965,productpage,v1,Running,True
1779219965,productpage,v1,Running,True
1779219965,productpage,v1,Running,True
1779219965,productpage,v1,Running,True
1779219965,ratings,v1,Running,True
1779219965,reviews,v1,Running,True
1779219965,reviews,v2,Running,True
1779219965,reviews,v3,Running,True
1779219965,reviews,v3,Running,True
1779219966,details,v1,Running,True
1779219966,details,v1,Running,True
1779219966,details,v1,Running,True
1779219966,details,v1,Running,True
1779219966,productpage,v1,Running,True
1779219966,productpage,v1,Running,True
1779219966,productpage,v1,Running,True
1779219966,productpage,v1,Running,True
1779219966,productpage,v1,Running,True
1779219966,productpage,v1,Running,True
1779219966,productpage,v1,Running,True
1779219966,productpage,v1,Running,True
1779219966,productpage,v1,Running,True
1779219966,productpage,v1,Running,True
1779219966,productpage,v1,Running,True
1779219966,productpage,v1,Running,True
1779219966,productpage,v1,Running,True
1779219966,productpage,v1,Running,True
1779219966,productpage,v1,Running,True
1779219966,ratings,v1,Running,True
1779219966,reviews,v1,Running,True
1779219966,reviews,v2,Running,True
1779219966,reviews,v3,Running,True
1779219966,reviews,v3,Running,True
1779219967,details,v1,Running,True
1779219967,details,v1,Running,True
1779219967,details,v1,Running,True
1779219967,details,v1,Running,True
1779219967,productpage,v1,Running,True
1779219967,productpage,v1,Running,True
1779219967,productpage,v1,Running,True
1779219967,productpage,v1,Running,True
1779219967,productpage,v1,Running,True
1779219967,productpage,v1,Running,True
1779219967,productpage,v1,Running,True
1779219967,productpage,v1,Running,True
1779219967,productpage,v1,Running,True
1779219967,productpage,v1,Running,True
1779219967,productpage,v1,Running,True
1779219967,productpage,v1,Running,True
1779219967,productpage,v1,Running,True
1779219967,productpage,v1,Running,True
1779219967,productpage,v1,Running,True
1779219967,ratings,v1,Running,True
1779219967,reviews,v1,Running,True
1779219967,reviews,v2,Running,True
1779219967,reviews,v3,Running,True
1779219967,reviews,v3,Running,True
1779219968,details,v1,Running,True
1779219968,details,v1,Running,True
1779219968,details,v1,Running,True
1779219968,details,v1,Running,True
1779219968,productpage,v1,Running,True
1779219968,productpage,v1,Running,True
1779219968,productpage,v1,Running,True
1779219968,productpage,v1,Running,True
1779219968,productpage,v1,Running,True
1779219968,productpage,v1,Running,True
1779219968,productpage,v1,Running,True
1779219968,productpage,v1,Running,True
1779219968,productpage,v1,Running,True
1779219968,productpage,v1,Running,True
1779219968,productpage,v1,Running,True
1779219968,productpage,v1,Running,True
1779219968,productpage,v1,Running,True
1779219968,productpage,v1,Running,True
1779219968,productpage,v1,Running,True
1779219968,ratings,v1,Running,True
1779219968,reviews,v1,Running,True
1779219968,reviews,v2,Running,True
1779219968,reviews,v3,Running,True
1779219968,reviews,v3,Running,True
1779219969,details,v1,Running,True
1779219969,details,v1,Running,True
1779219969,details,v1,Running,True
1779219969,details,v1,Running,True
1779219969,productpage,v1,Running,True
1779219969,productpage,v1,Running,True
1779219969,productpage,v1,Running,True
1779219969,productpage,v1,Running,True
1779219969,productpage,v1,Running,True
1779219969,productpage,v1,Running,True
1779219969,productpage,v1,Running,True
1779219969,productpage,v1,Running,True
1779219969,productpage,v1,Running,True
1779219969,productpage,v1,Running,True
1779219969,productpage,v1,Running,True
1779219969,productpage,v1,Running,True
1779219969,productpage,v1,Running,True
1779219969,productpage,v1,Running,True
1779219969,productpage,v1,Running,True
1779219969,ratings,v1,Running,True
1779219969,reviews,v1,Running,True
1779219969,reviews,v2,Running,True
1779219969,reviews,v3,Running,True
1779219969,reviews,v3,Running,True
1779219970,details,v1,Running,True
1779219970,details,v1,Running,True
1779219970,details,v1,Running,True
1779219970,details,v1,Running,True
1779219970,productpage,v1,Running,True
1779219970,productpage,v1,Running,True
1779219970,productpage,v1,Running,True
1779219970,productpage,v1,Running,True
1779219970,productpage,v1,Running,True
1779219970,productpage,v1,Running,True
1779219970,productpage,v1,Running,True
1779219970,productpage,v1,Running,True
1779219970,productpage,v1,Running,True
1779219970,productpage,v1,Running,True
1779219970,productpage,v1,Running,True
1779219970,productpage,v1,Running,True
1779219970,productpage,v1,Running,True
1779219970,productpage,v1,Running,True
1779219970,productpage,v1,Running,True
1779219970,ratings,v1,Running,True
1779219970,reviews,v1,Running,True
1779219970,reviews,v2,Running,True
1779219970,reviews,v3,Running,True
1779219970,reviews,v3,Running,True
1779219971,details,v1,Running,True
1779219971,details,v1,Running,True
1779219971,details,v1,Running,True
1779219971,details,v1,Running,True
1779219971,productpage,v1,Running,True
1779219971,productpage,v1,Running,True
1779219971,productpage,v1,Running,True
1779219971,productpage,v1,Running,True
1779219971,productpage,v1,Running,True
1779219971,productpage,v1,Running,True
1779219971,productpage,v1,Running,True
1779219971,productpage,v1,Running,True
1779219971,productpage,v1,Running,True
1779219971,productpage,v1,Running,True
1779219971,productpage,v1,Running,True
1779219971,productpage,v1,Running,True
1779219971,productpage,v1,Running,True
1779219971,productpage,v1,Running,True
1779219971,productpage,v1,Running,True
1779219971,ratings,v1,Running,True
1779219971,reviews,v1,Running,True
1779219971,reviews,v2,Running,True
1779219971,reviews,v3,Running,True
1779219971,reviews,v3,Running,True
1779219972,details,v1,Running,True
1779219972,details,v1,Running,True
1779219972,details,v1,Running,True
1779219972,details,v1,Running,True
1779219972,productpage,v1,Running,True
1779219972,productpage,v1,Running,True
1779219972,productpage,v1,Running,True
1779219972,productpage,v1,Running,True
1779219972,productpage,v1,Running,True
1779219972,productpage,v1,Running,True
1779219972,productpage,v1,Running,True
1779219972,productpage,v1,Running,True
1779219972,productpage,v1,Running,True
1779219972,productpage,v1,Running,True
1779219972,productpage,v1,Running,True
1779219972,productpage,v1,Running,True
1779219972,productpage,v1,Running,True
1779219972,productpage,v1,Running,True
1779219972,productpage,v1,Running,True
1779219972,ratings,v1,Running,True
1779219972,reviews,v1,Running,True
1779219972,reviews,v2,Running,True
1779219972,reviews,v3,Running,True
1779219972,reviews,v3,Running,True
1779219973,details,v1,Running,True
1779219973,details,v1,Running,True
1779219973,details,v1,Running,True
1779219973,details,v1,Running,True
1779219973,productpage,v1,Running,True
1779219973,productpage,v1,Running,True
1779219973,productpage,v1,Running,True
1779219973,productpage,v1,Running,True
1779219973,productpage,v1,Running,True
1779219973,productpage,v1,Running,True
1779219973,productpage,v1,Running,True
1779219973,productpage,v1,Running,True
1779219973,productpage,v1,Running,True
1779219973,productpage,v1,Running,True
1779219973,productpage,v1,Running,True
1779219973,productpage,v1,Running,True
1779219973,productpage,v1,Running,True
1779219973,productpage,v1,Running,True
1779219973,productpage,v1,Running,True
1779219973,ratings,v1,Running,True
1779219973,reviews,v1,Running,True
1779219973,reviews,v2,Running,True
1779219973,reviews,v3,Running,True
1779219973,reviews,v3,Running,True
1779219974,details,v1,Running,True
1779219974,details,v1,Running,True
1779219974,details,v1,Running,True
1779219974,details,v1,Running,True
1779219974,productpage,v1,Running,True
1779219974,productpage,v1,Running,True
1779219974,productpage,v1,Running,True
1779219974,productpage,v1,Running,True
1779219974,productpage,v1,Running,True
1779219974,productpage,v1,Running,True
1779219974,productpage,v1,Running,True
1779219974,productpage,v1,Running,True
1779219974,productpage,v1,Running,True
1779219974,productpage,v1,Running,True
1779219974,productpage,v1,Running,True
1779219974,productpage,v1,Running,True
1779219974,productpage,v1,Running,True
1779219974,productpage,v1,Running,True
1779219974,productpage,v1,Running,True
1779219974,ratings,v1,Running,True
1779219974,reviews,v1,Running,True
1779219974,reviews,v2,Running,True
1779219974,reviews,v3,Running,True
1779219974,reviews,v3,Running,True
1779219975,details,v1,Running,True
1779219975,details,v1,Running,True
1779219975,details,v1,Running,True
1779219975,details,v1,Running,True
1779219975,productpage,v1,Running,True
1779219975,productpage,v1,Running,True
1779219975,productpage,v1,Running,True
1779219975,productpage,v1,Running,True
1779219975,productpage,v1,Running,True
1779219975,productpage,v1,Running,True
1779219975,productpage,v1,Running,True
1779219975,productpage,v1,Running,True
1779219975,productpage,v1,Running,True
1779219975,productpage,v1,Running,True
1779219975,productpage,v1,Running,True
1779219975,productpage,v1,Running,True
1779219975,productpage,v1,Running,True
1779219975,productpage,v1,Running,True
1779219975,productpage,v1,Running,True
1779219975,ratings,v1,Running,True
1779219975,reviews,v1,Running,True
1779219975,reviews,v2,Running,True
1779219975,reviews,v3,Running,True
1779219975,reviews,v3,Running,True
1779219976,details,v1,Running,True
1779219976,details,v1,Running,True
1779219976,details,v1,Running,True
1779219976,details,v1,Running,True
1779219976,productpage,v1,Running,True
1779219976,productpage,v1,Running,True
1779219976,productpage,v1,Running,True
1779219976,productpage,v1,Running,True
1779219976,productpage,v1,Running,True
1779219976,productpage,v1,Running,True
1779219976,productpage,v1,Running,True
1779219976,productpage,v1,Running,True
1779219976,productpage,v1,Running,True
1779219976,productpage,v1,Running,True
1779219976,productpage,v1,Running,True
1779219976,productpage,v1,Running,True
1779219976,productpage,v1,Running,True
1779219976,productpage,v1,Running,True
1779219976,productpage,v1,Running,True
1779219976,ratings,v1,Running,True
1779219976,reviews,v1,Running,True
1779219976,reviews,v2,Running,True
1779219976,reviews,v3,Running,True
1779219976,reviews,v3,Running,True
1779219977,details,v1,Running,True
1779219977,details,v1,Running,True
1779219977,details,v1,Running,True
1779219977,details,v1,Running,True
1779219977,productpage,v1,Running,True
1779219977,productpage,v1,Running,True
1779219977,productpage,v1,Running,True
1779219977,productpage,v1,Running,True
1779219977,productpage,v1,Running,True
1779219977,productpage,v1,Running,True
1779219977,productpage,v1,Running,True
1779219977,productpage,v1,Running,True
1779219977,productpage,v1,Running,True
1779219977,productpage,v1,Running,True
1779219977,productpage,v1,Running,True
1779219977,productpage,v1,Running,True
1779219977,productpage,v1,Running,True
1779219977,productpage,v1,Running,True
1779219977,productpage,v1,Running,True
1779219977,ratings,v1,Running,True
1779219977,reviews,v1,Running,True
1779219977,reviews,v2,Running,True
1779219977,reviews,v3,Running,True
1779219977,reviews,v3,Running,True
1779219978,details,v1,Running,True
1779219978,details,v1,Running,True
1779219978,details,v1,Running,True
1779219978,details,v1,Running,True
1779219978,productpage,v1,Running,True
1779219978,productpage,v1,Running,True
1779219978,productpage,v1,Running,True
1779219978,productpage,v1,Running,True
1779219978,productpage,v1,Running,True
1779219978,productpage,v1,Running,True
1779219978,productpage,v1,Running,True
1779219978,productpage,v1,Running,True
1779219978,productpage,v1,Running,True
1779219978,productpage,v1,Running,True
1779219978,productpage,v1,Running,True
1779219978,productpage,v1,Running,True
1779219978,productpage,v1,Running,True
1779219978,productpage,v1,Running,True
1779219978,productpage,v1,Running,True
1779219978,ratings,v1,Running,True
1779219978,reviews,v1,Running,True
1779219978,reviews,v2,Running,True
1779219978,reviews,v3,Running,True
1779219978,reviews,v3,Running,True
1779219979,details,v1,Running,True
1779219979,details,v1,Running,True
1779219979,details,v1,Running,True
1779219979,details,v1,Running,True
1779219979,productpage,v1,Running,True
1779219979,productpage,v1,Running,True
1779219979,productpage,v1,Running,True
1779219979,productpage,v1,Running,True
1779219979,productpage,v1,Running,True
1779219979,productpage,v1,Running,True
1779219979,productpage,v1,Running,True
1779219979,productpage,v1,Running,True
1779219979,productpage,v1,Running,True
1779219979,productpage,v1,Running,True
1779219979,productpage,v1,Running,True
1779219979,productpage,v1,Running,True
1779219979,productpage,v1,Running,True
1779219979,productpage,v1,Running,True
1779219979,productpage,v1,Running,True
1779219979,ratings,v1,Running,True
1779219979,reviews,v1,Running,True
1779219979,reviews,v2,Running,True
1779219979,reviews,v3,Running,True
1779219979,reviews,v3,Running,True
1779219980,details,v1,Running,True
1779219980,details,v1,Running,True
1779219980,details,v1,Running,True
1779219980,details,v1,Running,True
1779219980,productpage,v1,Running,True
1779219980,productpage,v1,Running,True
1779219980,productpage,v1,Running,True
1779219980,productpage,v1,Running,True
1779219980,productpage,v1,Running,True
1779219980,productpage,v1,Running,True
1779219980,productpage,v1,Running,True
1779219980,productpage,v1,Running,True
1779219980,productpage,v1,Running,True
1779219980,productpage,v1,Running,True
1779219980,productpage,v1,Running,True
1779219980,productpage,v1,Running,True
1779219980,productpage,v1,Running,True
1779219980,productpage,v1,Running,True
1779219980,productpage,v1,Running,True
1779219980,ratings,v1,Running,True
1779219980,reviews,v1,Running,True
1779219980,reviews,v2,Running,True
1779219980,reviews,v3,Running,True
1779219980,reviews,v3,Running,True
1779219981,details,v1,Running,True
1779219981,details,v1,Running,True
1779219981,details,v1,Running,True
1779219981,details,v1,Running,True
1779219981,productpage,v1,Running,True
1779219981,productpage,v1,Running,True
1779219981,productpage,v1,Running,True
1779219981,productpage,v1,Running,True
1779219981,productpage,v1,Running,True
1779219981,productpage,v1,Running,True
1779219981,productpage,v1,Running,True
1779219981,productpage,v1,Running,True
1779219981,productpage,v1,Running,True
1779219981,productpage,v1,Running,True
1779219981,productpage,v1,Running,True
1779219981,productpage,v1,Running,True
1779219981,productpage,v1,Running,True
1779219981,productpage,v1,Running,True
1779219981,productpage,v1,Running,True
1779219981,ratings,v1,Running,True
1779219981,reviews,v1,Running,True
1779219981,reviews,v2,Running,True
1779219981,reviews,v3,Running,True
1779219981,reviews,v3,Running,True
1779219982,details,v1,Running,True
1779219982,details,v1,Running,True
1779219982,details,v1,Running,True
1779219982,details,v1,Running,True
1779219982,productpage,v1,Running,True
1779219982,productpage,v1,Running,True
1779219982,productpage,v1,Running,True
1779219982,productpage,v1,Running,True
1779219982,productpage,v1,Running,True
1779219982,productpage,v1,Running,True
1779219982,productpage,v1,Running,True
1779219982,productpage,v1,Running,True
1779219982,productpage,v1,Running,True
1779219982,productpage,v1,Running,True
1779219982,productpage,v1,Running,True
1779219982,productpage,v1,Running,True
1779219982,productpage,v1,Running,True
1779219982,productpage,v1,Running,True
1779219982,productpage,v1,Running,True
1779219982,ratings,v1,Running,True
1779219982,reviews,v1,Running,True
1779219982,reviews,v2,Running,True
1779219982,reviews,v3,Running,True
1779219982,reviews,v3,Running,True
1779219983,details,v1,Running,True
1779219983,details,v1,Running,True
1779219983,details,v1,Running,True
1779219983,details,v1,Running,True
1779219983,productpage,v1,Running,True
1779219983,productpage,v1,Running,True
1779219983,productpage,v1,Running,True
1779219983,productpage,v1,Running,True
1779219983,productpage,v1,Running,True
1779219983,productpage,v1,Running,True
1779219983,productpage,v1,Running,True
1779219983,productpage,v1,Running,True
1779219983,productpage,v1,Running,True
1779219983,productpage,v1,Running,True
1779219983,productpage,v1,Running,True
1779219983,productpage,v1,Running,True
1779219983,productpage,v1,Running,True
1779219983,productpage,v1,Running,True
1779219983,productpage,v1,Running,True
1779219983,ratings,v1,Running,True
1779219983,reviews,v1,Running,True
1779219983,reviews,v2,Running,True
1779219983,reviews,v3,Running,True
1779219983,reviews,v3,Running,True
1779219984,details,v1,Running,True
1779219984,details,v1,Running,True
1779219984,details,v1,Running,True
1779219984,details,v1,Running,True
1779219984,productpage,v1,Running,True
1779219984,productpage,v1,Running,True
1779219984,productpage,v1,Running,True
1779219984,productpage,v1,Running,True
1779219984,productpage,v1,Running,True
1779219984,productpage,v1,Running,True
1779219984,productpage,v1,Running,True
1779219984,productpage,v1,Running,True
1779219984,productpage,v1,Running,True
1779219984,productpage,v1,Running,True
1779219984,productpage,v1,Running,True
1779219984,productpage,v1,Running,True
1779219984,productpage,v1,Running,True
1779219984,productpage,v1,Running,True
1779219984,productpage,v1,Running,True
1779219984,ratings,v1,Running,True
1779219984,reviews,v1,Running,True
1779219984,reviews,v2,Running,True
1779219984,reviews,v3,Running,True
1779219984,reviews,v3,Running,True
1779219985,details,v1,Running,True
1779219985,details,v1,Running,True
1779219985,details,v1,Running,True
1779219985,details,v1,Running,True
1779219985,productpage,v1,Running,True
1779219985,productpage,v1,Running,True
1779219985,productpage,v1,Running,True
1779219985,productpage,v1,Running,True
1779219985,productpage,v1,Running,True
1779219985,productpage,v1,Running,True
1779219985,productpage,v1,Running,True
1779219985,productpage,v1,Running,True
1779219985,productpage,v1,Running,True
1779219985,productpage,v1,Running,True
1779219985,productpage,v1,Running,True
1779219985,productpage,v1,Running,True
1779219985,productpage,v1,Running,True
1779219985,productpage,v1,Running,True
1779219985,productpage,v1,Running,True
1779219985,ratings,v1,Running,True
1779219985,reviews,v1,Running,True
1779219985,reviews,v2,Running,True
1779219985,reviews,v3,Running,True
1779219985,reviews,v3,Running,True
1779219986,details,v1,Running,True
1779219986,details,v1,Running,True
1779219986,details,v1,Running,True
1779219986,details,v1,Running,True
1779219986,productpage,v1,Running,True
1779219986,productpage,v1,Running,True
1779219986,productpage,v1,Running,True
1779219986,productpage,v1,Running,True
1779219986,productpage,v1,Running,True
1779219986,productpage,v1,Running,True
1779219986,productpage,v1,Running,True
1779219986,productpage,v1,Running,True
1779219986,productpage,v1,Running,True
1779219986,productpage,v1,Running,True
1779219986,productpage,v1,Running,True
1779219986,productpage,v1,Running,True
1779219986,productpage,v1,Running,True
1779219986,productpage,v1,Running,True
1779219986,productpage,v1,Running,True
1779219986,ratings,v1,Running,True
1779219986,reviews,v1,Running,True
1779219986,reviews,v2,Running,True
1779219986,reviews,v3,Running,True
1779219986,reviews,v3,Running,True
1779219987,details,v1,Running,True
1779219987,details,v1,Running,True
1779219987,details,v1,Running,True
1779219987,details,v1,Running,True
1779219987,productpage,v1,Running,True
1779219987,productpage,v1,Running,True
1779219987,productpage,v1,Running,True
1779219987,productpage,v1,Running,True
1779219987,productpage,v1,Running,True
1779219987,productpage,v1,Running,True
1779219987,productpage,v1,Running,True
1779219987,productpage,v1,Running,True
1779219987,productpage,v1,Running,True
1779219987,productpage,v1,Running,True
1779219987,productpage,v1,Running,True
1779219987,productpage,v1,Running,True
1779219987,productpage,v1,Running,True
1779219987,productpage,v1,Running,True
1779219987,productpage,v1,Running,True
1779219987,ratings,v1,Running,True
1779219987,reviews,v1,Running,True
1779219987,reviews,v2,Running,True
1779219987,reviews,v3,Running,True
1779219987,reviews,v3,Running,True
1779219988,details,v1,Running,True
1779219988,details,v1,Running,True
1779219988,details,v1,Running,True
1779219988,details,v1,Running,True
1779219988,productpage,v1,Running,True
1779219988,productpage,v1,Running,True
1779219988,productpage,v1,Running,True
1779219988,productpage,v1,Running,True
1779219988,productpage,v1,Running,True
1779219988,productpage,v1,Running,True
1779219988,productpage,v1,Running,True
1779219988,productpage,v1,Running,True
1779219988,productpage,v1,Running,True
1779219988,productpage,v1,Running,True
1779219988,productpage,v1,Running,True
1779219988,productpage,v1,Running,True
1779219988,productpage,v1,Running,True
1779219988,productpage,v1,Running,True
1779219988,productpage,v1,Running,True
1779219988,ratings,v1,Running,True
1779219988,reviews,v1,Running,True
1779219988,reviews,v2,Running,True
1779219988,reviews,v3,Running,True
1779219988,reviews,v3,Running,True
1779219989,details,v1,Running,True
1779219989,details,v1,Running,True
1779219989,details,v1,Running,True
1779219989,details,v1,Running,True
1779219989,productpage,v1,Running,True
1779219989,productpage,v1,Running,True
1779219989,productpage,v1,Running,True
1779219989,productpage,v1,Running,True
1779219989,productpage,v1,Running,True
1779219989,productpage,v1,Running,True
1779219989,productpage,v1,Running,True
1779219989,productpage,v1,Running,True
1779219989,productpage,v1,Running,True
1779219989,productpage,v1,Running,True
1779219989,productpage,v1,Running,True
1779219989,productpage,v1,Running,True
1779219989,productpage,v1,Running,True
1779219989,productpage,v1,Running,True
1779219989,productpage,v1,Running,True
1779219989,ratings,v1,Running,True
1779219989,reviews,v1,Running,True
1779219989,reviews,v2,Running,True
1779219989,reviews,v3,Running,True
1779219989,reviews,v3,Running,True
1779219990,details,v1,Running,True
1779219990,details,v1,Running,True
1779219990,details,v1,Running,True
1779219990,details,v1,Running,True
1779219990,productpage,v1,Running,True
1779219990,productpage,v1,Running,True
1779219990,productpage,v1,Running,True
1779219990,productpage,v1,Running,True
1779219990,productpage,v1,Running,True
1779219990,productpage,v1,Running,True
1779219990,productpage,v1,Running,True
1779219990,productpage,v1,Running,True
1779219990,productpage,v1,Running,True
1779219990,productpage,v1,Running,True
1779219990,productpage,v1,Running,True
1779219990,productpage,v1,Running,True
1779219990,productpage,v1,Running,True
1779219990,productpage,v1,Running,True
1779219990,productpage,v1,Running,True
1779219990,ratings,v1,Running,True
1779219990,reviews,v1,Running,True
1779219990,reviews,v2,Running,True
1779219990,reviews,v3,Running,True
1779219990,reviews,v3,Running,True
1779219991,details,v1,Running,True
1779219991,details,v1,Running,True
1779219991,details,v1,Running,True
1779219991,details,v1,Running,True
1779219991,productpage,v1,Running,True
1779219991,productpage,v1,Running,True
1779219991,productpage,v1,Running,True
1779219991,productpage,v1,Running,True
1779219991,productpage,v1,Running,True
1779219991,productpage,v1,Running,True
1779219991,productpage,v1,Running,True
1779219991,productpage,v1,Running,True
1779219991,productpage,v1,Running,True
1779219991,productpage,v1,Running,True
1779219991,productpage,v1,Running,True
1779219991,productpage,v1,Running,True
1779219991,productpage,v1,Running,True
1779219991,productpage,v1,Running,True
1779219991,productpage,v1,Running,True
1779219991,ratings,v1,Running,True
1779219991,reviews,v1,Running,True
1779219991,reviews,v2,Running,True
1779219991,reviews,v3,Running,True
1779219991,reviews,v3,Running,True
1779219992,details,v1,Running,True
1779219992,details,v1,Running,True
1779219992,details,v1,Running,True
1779219992,details,v1,Running,True
1779219992,productpage,v1,Running,True
1779219992,productpage,v1,Running,True
1779219992,productpage,v1,Running,True
1779219992,productpage,v1,Running,True
1779219992,productpage,v1,Running,True
1779219992,productpage,v1,Running,True
1779219992,productpage,v1,Running,True
1779219992,productpage,v1,Running,True
1779219992,productpage,v1,Running,True
1779219992,productpage,v1,Running,True
1779219992,productpage,v1,Running,True
1779219992,productpage,v1,Running,True
1779219992,productpage,v1,Running,True
1779219992,productpage,v1,Running,True
1779219992,productpage,v1,Running,True
1779219992,ratings,v1,Running,True
1779219992,reviews,v1,Running,True
1779219992,reviews,v2,Running,True
1779219992,reviews,v3,Running,True
1779219992,reviews,v3,Running,True
1779219993,details,v1,Running,True
1779219993,details,v1,Running,True
1779219993,details,v1,Running,True
1779219993,details,v1,Running,True
1779219993,productpage,v1,Running,True
1779219993,productpage,v1,Running,True
1779219993,productpage,v1,Running,True
1779219993,productpage,v1,Running,True
1779219993,productpage,v1,Running,True
1779219993,productpage,v1,Running,True
1779219993,productpage,v1,Running,True
1779219993,productpage,v1,Running,True
1779219993,productpage,v1,Running,True
1779219993,productpage,v1,Running,True
1779219993,productpage,v1,Running,True
1779219993,productpage,v1,Running,True
1779219993,productpage,v1,Running,True
1779219993,productpage,v1,Running,True
1779219993,productpage,v1,Running,True
1779219993,ratings,v1,Running,True
1779219993,reviews,v1,Running,True
1779219993,reviews,v2,Running,True
1779219993,reviews,v3,Running,True
1779219993,reviews,v3,Running,True
1779219994,details,v1,Running,True
1779219994,details,v1,Running,True
1779219994,details,v1,Running,True
1779219994,details,v1,Running,True
1779219994,productpage,v1,Running,True
1779219994,productpage,v1,Running,True
1779219994,productpage,v1,Running,True
1779219994,productpage,v1,Running,True
1779219994,productpage,v1,Running,True
1779219994,productpage,v1,Running,True
1779219994,productpage,v1,Running,True
1779219994,productpage,v1,Running,True
1779219994,productpage,v1,Running,True
1779219994,productpage,v1,Running,True
1779219994,productpage,v1,Running,True
1779219994,productpage,v1,Running,True
1779219994,productpage,v1,Running,True
1779219994,productpage,v1,Running,True
1779219994,productpage,v1,Running,True
1779219994,ratings,v1,Running,True
1779219994,reviews,v1,Running,True
1779219994,reviews,v2,Running,True
1779219994,reviews,v3,Running,True
1779219994,reviews,v3,Running,True
1779219995,details,v1,Running,True
1779219995,details,v1,Running,True
1779219995,details,v1,Running,True
1779219995,details,v1,Running,True
1779219995,productpage,v1,Running,True
1779219995,productpage,v1,Running,True
1779219995,productpage,v1,Running,True
1779219995,productpage,v1,Running,True
1779219995,productpage,v1,Running,True
1779219995,productpage,v1,Running,True
1779219995,productpage,v1,Running,True
1779219995,productpage,v1,Running,True
1779219995,productpage,v1,Running,True
1779219995,productpage,v1,Running,True
1779219995,productpage,v1,Running,True
1779219995,productpage,v1,Running,True
1779219995,productpage,v1,Running,True
1779219995,productpage,v1,Running,True
1779219995,productpage,v1,Running,True
1779219995,ratings,v1,Running,True
1779219995,reviews,v1,Running,True
1779219995,reviews,v2,Running,True
1779219995,reviews,v3,Running,True
1779219995,reviews,v3,Running,True
1779219996,details,v1,Running,True
1779219996,details,v1,Running,True
1779219996,details,v1,Running,True
1779219996,details,v1,Running,True
1779219996,productpage,v1,Running,True
1779219996,productpage,v1,Running,True
1779219996,productpage,v1,Running,True
1779219996,productpage,v1,Running,True
1779219996,productpage,v1,Running,True
1779219996,productpage,v1,Running,True
1779219996,productpage,v1,Running,True
1779219996,productpage,v1,Running,True
1779219996,productpage,v1,Running,True
1779219996,productpage,v1,Running,True
1779219996,productpage,v1,Running,True
1779219996,productpage,v1,Running,True
1779219996,productpage,v1,Running,True
1779219996,productpage,v1,Running,True
1779219996,productpage,v1,Running,True
1779219996,ratings,v1,Running,True
1779219996,reviews,v1,Running,True
1779219996,reviews,v2,Running,True
1779219996,reviews,v3,Running,True
1779219996,reviews,v3,Running,True
1779219997,details,v1,Running,True
1779219997,details,v1,Running,True
1779219997,details,v1,Running,True
1779219997,details,v1,Running,True
1779219997,productpage,v1,Running,True
1779219997,productpage,v1,Running,True
1779219997,productpage,v1,Running,True
1779219997,productpage,v1,Running,True
1779219997,productpage,v1,Running,True
1779219997,productpage,v1,Running,True
1779219997,productpage,v1,Running,True
1779219997,productpage,v1,Running,True
1779219997,productpage,v1,Running,True
1779219997,productpage,v1,Running,True
1779219997,productpage,v1,Running,True
1779219997,productpage,v1,Running,True
1779219997,productpage,v1,Running,True
1779219997,productpage,v1,Running,True
1779219997,productpage,v1,Running,True
1779219997,ratings,v1,Running,True
1779219997,reviews,v1,Running,True
1779219997,reviews,v2,Running,True
1779219997,reviews,v3,Running,True
1779219997,reviews,v3,Running,True
1779219998,details,v1,Running,True
1779219998,details,v1,Running,True
1779219998,details,v1,Running,True
1779219998,details,v1,Running,True
1779219998,productpage,v1,Running,True
1779219998,productpage,v1,Running,True
1779219998,productpage,v1,Running,True
1779219998,productpage,v1,Running,True
1779219998,productpage,v1,Running,True
1779219998,productpage,v1,Running,True
1779219998,productpage,v1,Running,True
1779219998,productpage,v1,Running,True
1779219998,productpage,v1,Running,True
1779219998,productpage,v1,Running,True
1779219998,productpage,v1,Running,True
1779219998,productpage,v1,Running,True
1779219998,productpage,v1,Running,True
1779219998,productpage,v1,Running,True
1779219998,productpage,v1,Running,True
1779219998,ratings,v1,Running,True
1779219998,reviews,v1,Running,True
1779219998,reviews,v2,Running,True
1779219998,reviews,v3,Running,True
1779219998,reviews,v3,Running,True
1779219999,details,v1,Running,True
1779219999,details,v1,Running,True
1779219999,details,v1,Running,True
1779219999,details,v1,Running,True
1779219999,productpage,v1,Running,True
1779219999,productpage,v1,Running,True
1779219999,productpage,v1,Running,True
1779219999,productpage,v1,Running,True
1779219999,productpage,v1,Running,True
1779219999,productpage,v1,Running,True
1779219999,productpage,v1,Running,True
1779219999,productpage,v1,Running,True
1779219999,productpage,v1,Running,True
1779219999,productpage,v1,Running,True
1779219999,productpage,v1,Running,True
1779219999,productpage,v1,Running,True
1779219999,productpage,v1,Running,True
1779219999,productpage,v1,Running,True
1779219999,productpage,v1,Running,True
1779219999,ratings,v1,Running,True
1779219999,reviews,v1,Running,True
1779219999,reviews,v2,Running,True
1779219999,reviews,v3,Running,True
1779219999,reviews,v3,Running,True
1779220000,details,v1,Running,True
1779220000,details,v1,Running,True
1779220000,details,v1,Running,True
1779220000,details,v1,Running,True
1779220000,productpage,v1,Running,True
1779220000,productpage,v1,Running,True
1779220000,productpage,v1,Running,True
1779220000,productpage,v1,Running,True
1779220000,productpage,v1,Running,True
1779220000,productpage,v1,Running,True
1779220000,productpage,v1,Running,True
1779220000,productpage,v1,Running,True
1779220000,productpage,v1,Running,True
1779220000,productpage,v1,Running,True
1779220000,productpage,v1,Running,True
1779220000,productpage,v1,Running,True
1779220000,productpage,v1,Running,True
1779220000,productpage,v1,Running,True
1779220000,productpage,v1,Running,True
1779220000,ratings,v1,Running,True
1779220000,reviews,v1,Running,True
1779220000,reviews,v2,Running,True
1779220000,reviews,v3,Running,True
1779220000,reviews,v3,Running,True
1779220001,details,v1,Running,True
1779220001,details,v1,Running,True
1779220001,details,v1,Running,True
1779220001,details,v1,Running,True
1779220001,productpage,v1,Running,True
1779220001,productpage,v1,Running,True
1779220001,productpage,v1,Running,True
1779220001,productpage,v1,Running,True
1779220001,productpage,v1,Running,True
1779220001,productpage,v1,Running,True
1779220001,productpage,v1,Running,True
1779220001,productpage,v1,Running,True
1779220001,productpage,v1,Running,True
1779220001,productpage,v1,Running,True
1779220001,productpage,v1,Running,True
1779220001,productpage,v1,Running,True
1779220001,productpage,v1,Running,True
1779220001,productpage,v1,Running,True
1779220001,productpage,v1,Running,True
1779220001,ratings,v1,Running,True
1779220001,reviews,v1,Running,True
1779220001,reviews,v2,Running,True
1779220001,reviews,v3,Running,True
1779220001,reviews,v3,Running,True
1779220002,details,v1,Running,True
1779220002,details,v1,Running,True
1779220002,details,v1,Running,True
1779220002,details,v1,Running,True
1779220002,productpage,v1,Running,True
1779220002,productpage,v1,Running,True
1779220002,productpage,v1,Running,True
1779220002,productpage,v1,Running,True
1779220002,productpage,v1,Running,True
1779220002,productpage,v1,Running,True
1779220002,productpage,v1,Running,True
1779220002,productpage,v1,Running,True
1779220002,productpage,v1,Running,True
1779220002,productpage,v1,Running,True
1779220002,productpage,v1,Running,True
1779220002,productpage,v1,Running,True
1779220002,productpage,v1,Running,True
1779220002,productpage,v1,Running,True
1779220002,productpage,v1,Running,True
1779220002,ratings,v1,Running,True
1779220002,reviews,v1,Running,True
1779220002,reviews,v2,Running,True
1779220002,reviews,v3,Running,True
1779220002,reviews,v3,Running,True
1779220003,details,v1,Running,True
1779220003,details,v1,Running,True
1779220003,details,v1,Running,True
1779220003,details,v1,Running,True
1779220003,productpage,v1,Running,True
1779220003,productpage,v1,Running,True
1779220003,productpage,v1,Running,True
1779220003,productpage,v1,Running,True
1779220003,productpage,v1,Running,True
1779220003,productpage,v1,Running,True
1779220003,productpage,v1,Running,True
1779220003,productpage,v1,Running,True
1779220003,productpage,v1,Running,True
1779220003,productpage,v1,Running,True
1779220003,productpage,v1,Running,True
1779220003,productpage,v1,Running,True
1779220003,productpage,v1,Running,True
1779220003,productpage,v1,Running,True
1779220003,productpage,v1,Running,True
1779220003,ratings,v1,Running,True
1779220003,reviews,v1,Running,True
1779220003,reviews,v2,Running,True
1779220003,reviews,v3,Running,True
1779220003,reviews,v3,Running,True
1779220004,details,v1,Running,True
1779220004,details,v1,Running,True
1779220004,details,v1,Running,True
1779220004,details,v1,Running,True
1779220004,productpage,v1,Running,True
1779220004,productpage,v1,Running,True
1779220004,productpage,v1,Running,True
1779220004,productpage,v1,Running,True
1779220004,productpage,v1,Running,True
1779220004,productpage,v1,Running,True
1779220004,productpage,v1,Running,True
1779220004,productpage,v1,Running,True
1779220004,productpage,v1,Running,True
1779220004,productpage,v1,Running,True
1779220004,productpage,v1,Running,True
1779220004,productpage,v1,Running,True
1779220004,productpage,v1,Running,True
1779220004,productpage,v1,Running,True
1779220004,productpage,v1,Running,True
1779220004,ratings,v1,Running,True
1779220004,reviews,v1,Running,True
1779220004,reviews,v2,Running,True
1779220004,reviews,v3,Running,True
1779220004,reviews,v3,Running,True
1779220005,details,v1,Running,True
1779220005,details,v1,Running,True
1779220005,details,v1,Running,True
1779220005,details,v1,Running,True
1779220005,productpage,v1,Running,True
1779220005,productpage,v1,Running,True
1779220005,productpage,v1,Running,True
1779220005,productpage,v1,Running,True
1779220005,productpage,v1,Running,True
1779220005,productpage,v1,Running,True
1779220005,productpage,v1,Running,True
1779220005,productpage,v1,Running,True
1779220005,productpage,v1,Running,True
1779220005,productpage,v1,Running,True
1779220005,productpage,v1,Running,True
1779220005,productpage,v1,Running,True
1779220005,productpage,v1,Running,True
1779220005,productpage,v1,Running,True
1779220005,productpage,v1,Running,True
1779220005,ratings,v1,Running,True
1779220005,reviews,v1,Running,True
1779220005,reviews,v2,Running,True
1779220005,reviews,v3,Running,True
1779220005,reviews,v3,Running,True
1779220006,details,v1,Running,True
1779220006,details,v1,Running,True
1779220006,details,v1,Running,True
1779220006,details,v1,Running,True
1779220006,productpage,v1,Running,True
1779220006,productpage,v1,Running,True
1779220006,productpage,v1,Running,True
1779220006,productpage,v1,Running,True
1779220006,productpage,v1,Running,True
1779220006,productpage,v1,Running,True
1779220006,productpage,v1,Running,True
1779220006,productpage,v1,Running,True
1779220006,productpage,v1,Running,True
1779220006,productpage,v1,Running,True
1779220006,productpage,v1,Running,True
1779220006,productpage,v1,Running,True
1779220006,productpage,v1,Running,True
1779220006,productpage,v1,Running,True
1779220006,productpage,v1,Running,True
1779220006,ratings,v1,Running,True
1779220006,reviews,v1,Running,True
1779220006,reviews,v2,Running,True
1779220006,reviews,v3,Running,True
1779220006,reviews,v3,Running,True
1779220007,details,v1,Running,True
1779220007,details,v1,Running,True
1779220007,details,v1,Running,True
1779220007,details,v1,Running,True
1779220007,productpage,v1,Running,True
1779220007,productpage,v1,Running,True
1779220007,productpage,v1,Running,True
1779220007,productpage,v1,Running,True
1779220007,productpage,v1,Running,True
1779220007,productpage,v1,Running,True
1779220007,productpage,v1,Running,True
1779220007,productpage,v1,Running,True
1779220007,productpage,v1,Running,True
1779220007,productpage,v1,Running,True
1779220007,productpage,v1,Running,True
1779220007,productpage,v1,Running,True
1779220007,productpage,v1,Running,True
1779220007,productpage,v1,Running,True
1779220007,productpage,v1,Running,True
1779220007,ratings,v1,Running,True
1779220007,reviews,v1,Running,True
1779220007,reviews,v2,Running,True
1779220007,reviews,v3,Running,True
1779220007,reviews,v3,Running,True
1779220008,details,v1,Running,True
1779220008,details,v1,Running,True
1779220008,details,v1,Running,True
1779220008,details,v1,Running,True
1779220008,productpage,v1,Running,True
1779220008,productpage,v1,Running,True
1779220008,productpage,v1,Running,True
1779220008,productpage,v1,Running,True
1779220008,productpage,v1,Running,True
1779220008,productpage,v1,Running,True
1779220008,productpage,v1,Running,True
1779220008,productpage,v1,Running,True
1779220008,productpage,v1,Running,True
1779220008,productpage,v1,Running,True
1779220008,productpage,v1,Running,True
1779220008,productpage,v1,Running,True
1779220008,productpage,v1,Running,True
1779220008,productpage,v1,Running,True
1779220008,productpage,v1,Running,True
1779220008,ratings,v1,Running,True
1779220008,reviews,v1,Running,True
1779220008,reviews,v2,Running,True
1779220008,reviews,v3,Running,True
1779220008,reviews,v3,Running,True
1779220009,details,v1,Running,True
1779220009,details,v1,Running,True
1779220009,details,v1,Running,True
1779220009,details,v1,Running,True
1779220009,productpage,v1,Running,True
1779220009,productpage,v1,Running,True
1779220009,productpage,v1,Running,True
1779220009,productpage,v1,Running,True
1779220009,productpage,v1,Running,True
1779220009,productpage,v1,Running,True
1779220009,productpage,v1,Running,True
1779220009,productpage,v1,Running,True
1779220009,productpage,v1,Running,True
1779220009,productpage,v1,Running,True
1779220009,productpage,v1,Running,True
1779220009,productpage,v1,Running,True
1779220009,productpage,v1,Running,True
1779220009,productpage,v1,Running,True
1779220009,productpage,v1,Running,True
1779220009,ratings,v1,Running,True
1779220009,reviews,v1,Running,True
1779220009,reviews,v2,Running,True
1779220009,reviews,v3,Running,True
1779220009,reviews,v3,Running,True
1779220010,details,v1,Running,True
1779220010,details,v1,Running,True
1779220010,details,v1,Running,True
1779220010,details,v1,Running,True
1779220010,productpage,v1,Running,True
1779220010,productpage,v1,Running,True
1779220010,productpage,v1,Running,True
1779220010,productpage,v1,Running,True
1779220010,productpage,v1,Running,True
1779220010,productpage,v1,Running,True
1779220010,productpage,v1,Running,True
1779220010,productpage,v1,Running,True
1779220010,productpage,v1,Running,True
1779220010,productpage,v1,Running,True
1779220010,productpage,v1,Running,True
1779220010,productpage,v1,Running,True
1779220010,productpage,v1,Running,True
1779220010,productpage,v1,Running,True
1779220010,productpage,v1,Running,True
1779220010,ratings,v1,Running,True
1779220010,reviews,v1,Running,True
1779220010,reviews,v2,Running,True
1779220010,reviews,v3,Running,True
1779220010,reviews,v3,Running,True
1779220011,details,v1,Running,True
1779220011,details,v1,Running,True
1779220011,details,v1,Running,True
1779220011,details,v1,Running,True
1779220011,productpage,v1,Running,True
1779220011,productpage,v1,Running,True
1779220011,productpage,v1,Running,True
1779220011,productpage,v1,Running,True
1779220011,productpage,v1,Running,True
1779220011,productpage,v1,Running,True
1779220011,productpage,v1,Running,True
1779220011,productpage,v1,Running,True
1779220011,productpage,v1,Running,True
1779220011,productpage,v1,Running,True
1779220011,productpage,v1,Running,True
1779220011,productpage,v1,Running,True
1779220011,productpage,v1,Running,True
1779220011,productpage,v1,Running,True
1779220011,productpage,v1,Running,True
1779220011,ratings,v1,Running,True
1779220011,reviews,v1,Running,True
1779220011,reviews,v2,Running,True
1779220011,reviews,v3,Running,True
1779220011,reviews,v3,Running,True
1779220012,details,v1,Running,True
1779220012,details,v1,Running,True
1779220012,details,v1,Running,True
1779220012,details,v1,Running,True
1779220012,productpage,v1,Running,True
1779220012,productpage,v1,Running,True
1779220012,productpage,v1,Running,True
1779220012,productpage,v1,Running,True
1779220012,productpage,v1,Running,True
1779220012,productpage,v1,Running,True
1779220012,productpage,v1,Running,True
1779220012,productpage,v1,Running,True
1779220012,productpage,v1,Running,True
1779220012,productpage,v1,Running,True
1779220012,productpage,v1,Running,True
1779220012,productpage,v1,Running,True
1779220012,productpage,v1,Running,True
1779220012,productpage,v1,Running,True
1779220012,productpage,v1,Running,True
1779220012,ratings,v1,Running,True
1779220012,reviews,v1,Running,True
1779220012,reviews,v2,Running,True
1779220012,reviews,v3,Running,True
1779220012,reviews,v3,Running,True
1779220013,details,v1,Running,True
1779220013,details,v1,Running,True
1779220013,details,v1,Running,True
1779220013,details,v1,Running,True
1779220013,productpage,v1,Running,True
1779220013,productpage,v1,Running,True
1779220013,productpage,v1,Running,True
1779220013,productpage,v1,Running,True
1779220013,productpage,v1,Running,True
1779220013,productpage,v1,Running,True
1779220013,productpage,v1,Running,True
1779220013,productpage,v1,Running,True
1779220013,productpage,v1,Running,True
1779220013,productpage,v1,Running,True
1779220013,productpage,v1,Running,True
1779220013,productpage,v1,Running,True
1779220013,productpage,v1,Running,True
1779220013,productpage,v1,Running,True
1779220013,productpage,v1,Running,True
1779220013,ratings,v1,Running,True
1779220013,reviews,v1,Running,True
1779220013,reviews,v2,Running,True
1779220013,reviews,v3,Running,True
1779220013,reviews,v3,Running,True
1779220014,details,v1,Running,True
1779220014,details,v1,Running,True
1779220014,details,v1,Running,True
1779220014,details,v1,Running,True
1779220014,productpage,v1,Running,True
1779220014,productpage,v1,Running,True
1779220014,productpage,v1,Running,True
1779220014,productpage,v1,Running,True
1779220014,productpage,v1,Running,True
1779220014,productpage,v1,Running,True
1779220014,productpage,v1,Running,True
1779220014,productpage,v1,Running,True
1779220014,productpage,v1,Running,True
1779220014,productpage,v1,Running,True
1779220014,productpage,v1,Running,True
1779220014,productpage,v1,Running,True
1779220014,productpage,v1,Running,True
1779220014,productpage,v1,Running,True
1779220014,productpage,v1,Running,True
1779220014,ratings,v1,Running,True
1779220014,reviews,v1,Running,True
1779220014,reviews,v2,Running,True
1779220014,reviews,v3,Running,True
1779220014,reviews,v3,Running,True
1779220015,details,v1,Running,True
1779220015,details,v1,Running,True
1779220015,details,v1,Running,True
1779220015,details,v1,Running,True
1779220015,productpage,v1,Running,True
1779220015,productpage,v1,Running,True
1779220015,productpage,v1,Running,True
1779220015,productpage,v1,Running,True
1779220015,productpage,v1,Running,True
1779220015,productpage,v1,Running,True
1779220015,productpage,v1,Running,True
1779220015,productpage,v1,Running,True
1779220015,productpage,v1,Running,True
1779220015,productpage,v1,Running,True
1779220015,productpage,v1,Running,True
1779220015,productpage,v1,Running,True
1779220015,productpage,v1,Running,True
1779220015,productpage,v1,Running,True
1779220015,productpage,v1,Running,True
1779220015,ratings,v1,Running,True
1779220015,reviews,v1,Running,True
1779220015,reviews,v2,Running,True
1779220015,reviews,v3,Running,True
1779220015,reviews,v3,Running,True
1779220016,details,v1,Running,True
1779220016,details,v1,Running,True
1779220016,details,v1,Running,True
1779220016,details,v1,Running,True
1779220016,productpage,v1,Running,True
1779220016,productpage,v1,Running,True
1779220016,productpage,v1,Running,True
1779220016,productpage,v1,Running,True
1779220016,productpage,v1,Running,True
1779220016,productpage,v1,Running,True
1779220016,productpage,v1,Running,True
1779220016,productpage,v1,Running,True
1779220016,productpage,v1,Running,True
1779220016,productpage,v1,Running,True
1779220016,productpage,v1,Running,True
1779220016,productpage,v1,Running,True
1779220016,productpage,v1,Running,True
1779220016,productpage,v1,Running,True
1779220016,productpage,v1,Running,True
1779220016,ratings,v1,Running,True
1779220016,reviews,v1,Running,True
1779220016,reviews,v2,Running,True
1779220016,reviews,v3,Running,True
1779220016,reviews,v3,Running,True
1779220017,details,v1,Running,True
1779220017,details,v1,Running,True
1779220017,details,v1,Running,True
1779220017,details,v1,Running,True
1779220017,productpage,v1,Running,True
1779220017,productpage,v1,Running,True
1779220017,productpage,v1,Running,True
1779220017,productpage,v1,Running,True
1779220017,productpage,v1,Running,True
1779220017,productpage,v1,Running,True
1779220017,productpage,v1,Running,True
1779220017,productpage,v1,Running,True
1779220017,productpage,v1,Running,True
1779220017,productpage,v1,Running,True
1779220017,productpage,v1,Running,True
1779220017,productpage,v1,Running,True
1779220017,productpage,v1,Running,True
1779220017,productpage,v1,Running,True
1779220017,productpage,v1,Running,True
1779220017,ratings,v1,Running,True
1779220017,reviews,v1,Running,True
1779220017,reviews,v2,Running,True
1779220017,reviews,v3,Running,True
1779220017,reviews,v3,Running,True
1779220018,details,v1,Running,True
1779220018,details,v1,Running,True
1779220018,details,v1,Running,True
1779220018,details,v1,Running,True
1779220018,productpage,v1,Running,True
1779220018,productpage,v1,Running,True
1779220018,productpage,v1,Running,True
1779220018,productpage,v1,Running,True
1779220018,productpage,v1,Running,True
1779220018,productpage,v1,Running,True
1779220018,productpage,v1,Running,True
1779220018,productpage,v1,Running,True
1779220018,productpage,v1,Running,True
1779220018,productpage,v1,Running,True
1779220018,productpage,v1,Running,True
1779220018,productpage,v1,Running,True
1779220018,productpage,v1,Running,True
1779220018,productpage,v1,Running,True
1779220018,productpage,v1,Running,True
1779220018,ratings,v1,Running,True
1779220018,reviews,v1,Running,True
1779220018,reviews,v2,Running,True
1779220018,reviews,v3,Running,True
1779220018,reviews,v3,Running,True
1779220019,details,v1,Running,True
1779220019,details,v1,Running,True
1779220019,details,v1,Running,True
1779220019,details,v1,Running,True
1779220019,productpage,v1,Running,True
1779220019,productpage,v1,Running,True
1779220019,productpage,v1,Running,True
1779220019,productpage,v1,Running,True
1779220019,productpage,v1,Running,True
1779220019,productpage,v1,Running,True
1779220019,productpage,v1,Running,True
1779220019,productpage,v1,Running,True
1779220019,productpage,v1,Running,True
1779220019,productpage,v1,Running,True
1779220019,productpage,v1,Running,True
1779220019,productpage,v1,Running,True
1779220019,productpage,v1,Running,True
1779220019,productpage,v1,Running,True
1779220019,productpage,v1,Running,True
1779220019,ratings,v1,Running,True
1779220019,reviews,v1,Running,True
1779220019,reviews,v2,Running,True
1779220019,reviews,v3,Running,True
1779220019,reviews,v3,Running,True
1779220020,details,v1,Running,True
1779220020,details,v1,Running,True
1779220020,details,v1,Running,True
1779220020,details,v1,Running,True
1779220020,productpage,v1,Running,True
1779220020,productpage,v1,Running,True
1779220020,productpage,v1,Running,True
1779220020,productpage,v1,Running,True
1779220020,productpage,v1,Running,True
1779220020,productpage,v1,Running,True
1779220020,productpage,v1,Running,True
1779220020,productpage,v1,Running,True
1779220020,productpage,v1,Running,True
1779220020,productpage,v1,Running,True
1779220020,productpage,v1,Running,True
1779220020,productpage,v1,Running,True
1779220020,productpage,v1,Running,True
1779220020,productpage,v1,Running,True
1779220020,productpage,v1,Running,True
1779220020,ratings,v1,Running,True
1779220020,reviews,v1,Running,True
1779220020,reviews,v2,Running,True
1779220020,reviews,v3,Running,True
1779220020,reviews,v3,Running,True
1779220021,details,v1,Running,True
1779220021,details,v1,Running,True
1779220021,details,v1,Running,True
1779220021,details,v1,Running,True
1779220021,productpage,v1,Running,True
1779220021,productpage,v1,Running,True
1779220021,productpage,v1,Running,True
1779220021,productpage,v1,Running,True
1779220021,productpage,v1,Running,True
1779220021,productpage,v1,Running,True
1779220021,productpage,v1,Running,True
1779220021,productpage,v1,Running,True
1779220021,productpage,v1,Running,True
1779220021,productpage,v1,Running,True
1779220021,productpage,v1,Running,True
1779220021,productpage,v1,Running,True
1779220021,productpage,v1,Running,True
1779220021,productpage,v1,Running,True
1779220021,productpage,v1,Running,True
1779220021,ratings,v1,Running,True
1779220021,reviews,v1,Running,True
1779220021,reviews,v2,Running,True
1779220021,reviews,v3,Running,True
1779220021,reviews,v3,Running,True
1779220022,details,v1,Running,True
1779220022,details,v1,Running,True
1779220022,details,v1,Running,True
1779220022,details,v1,Running,True
1779220022,productpage,v1,Running,True
1779220022,productpage,v1,Running,True
1779220022,productpage,v1,Running,True
1779220022,productpage,v1,Running,True
1779220022,productpage,v1,Running,True
1779220022,productpage,v1,Running,True
1779220022,productpage,v1,Running,True
1779220022,productpage,v1,Running,True
1779220022,productpage,v1,Running,True
1779220022,productpage,v1,Running,True
1779220022,productpage,v1,Running,True
1779220022,productpage,v1,Running,True
1779220022,productpage,v1,Running,True
1779220022,productpage,v1,Running,True
1779220022,productpage,v1,Running,True
1779220022,ratings,v1,Running,True
1779220022,reviews,v1,Running,True
1779220022,reviews,v2,Running,True
1779220022,reviews,v3,Running,True
1779220022,reviews,v3,Running,True
1779220023,details,v1,Running,True
1779220023,details,v1,Running,True
1779220023,details,v1,Running,True
1779220023,details,v1,Running,True
1779220023,productpage,v1,Running,True
1779220023,productpage,v1,Running,True
1779220023,productpage,v1,Running,True
1779220023,productpage,v1,Running,True
1779220023,productpage,v1,Running,True
1779220023,productpage,v1,Running,True
1779220023,productpage,v1,Running,True
1779220023,productpage,v1,Running,True
1779220023,productpage,v1,Running,True
1779220023,productpage,v1,Running,True
1779220023,productpage,v1,Running,True
1779220023,productpage,v1,Running,True
1779220023,productpage,v1,Running,True
1779220023,productpage,v1,Running,True
1779220023,productpage,v1,Running,True
1779220023,ratings,v1,Running,True
1779220023,reviews,v1,Running,True
1779220023,reviews,v2,Running,True
1779220023,reviews,v3,Running,True
1779220023,reviews,v3,Running,True
1779220024,details,v1,Running,True
1779220024,details,v1,Running,True
1779220024,details,v1,Running,True
1779220024,details,v1,Running,True
1779220024,productpage,v1,Running,True
1779220024,productpage,v1,Running,True
1779220024,productpage,v1,Running,True
1779220024,productpage,v1,Running,True
1779220024,productpage,v1,Running,True
1779220024,productpage,v1,Running,True
1779220024,productpage,v1,Running,True
1779220024,productpage,v1,Running,True
1779220024,productpage,v1,Running,True
1779220024,productpage,v1,Running,True
1779220024,productpage,v1,Running,True
1779220024,productpage,v1,Running,True
1779220024,productpage,v1,Running,True
1779220024,productpage,v1,Running,True
1779220024,productpage,v1,Running,True
1779220024,ratings,v1,Running,True
1779220024,reviews,v1,Running,True
1779220024,reviews,v2,Running,True
1779220024,reviews,v3,Running,True
1779220024,reviews,v3,Running,True
1779220025,details,v1,Running,True
1779220025,details,v1,Running,True
1779220025,details,v1,Running,True
1779220025,details,v1,Running,True
1779220025,productpage,v1,Running,True
1779220025,productpage,v1,Running,True
1779220025,productpage,v1,Running,True
1779220025,productpage,v1,Running,True
1779220025,productpage,v1,Running,True
1779220025,productpage,v1,Running,True
1779220025,productpage,v1,Running,True
1779220025,productpage,v1,Running,True
1779220025,productpage,v1,Running,True
1779220025,productpage,v1,Running,True
1779220025,productpage,v1,Running,True
1779220025,productpage,v1,Running,True
1779220025,productpage,v1,Running,True
1779220025,productpage,v1,Running,True
1779220025,productpage,v1,Running,True
1779220025,ratings,v1,Running,True
1779220025,reviews,v1,Running,True
1779220025,reviews,v2,Running,True
1779220025,reviews,v3,Running,True
1779220025,reviews,v3,Running,True
1779220026,details,v1,Running,True
1779220026,details,v1,Running,True
1779220026,details,v1,Running,True
1779220026,details,v1,Running,True
1779220026,productpage,v1,Running,True
1779220026,productpage,v1,Running,True
1779220026,productpage,v1,Running,True
1779220026,productpage,v1,Running,True
1779220026,productpage,v1,Running,True
1779220026,productpage,v1,Running,True
1779220026,productpage,v1,Running,True
1779220026,productpage,v1,Running,True
1779220026,productpage,v1,Running,True
1779220026,productpage,v1,Running,True
1779220026,productpage,v1,Running,True
1779220026,productpage,v1,Running,True
1779220026,productpage,v1,Running,True
1779220026,productpage,v1,Running,True
1779220026,productpage,v1,Running,True
1779220026,ratings,v1,Running,True
1779220026,reviews,v1,Running,True
1779220026,reviews,v2,Running,True
1779220026,reviews,v3,Running,True
1779220026,reviews,v3,Running,True
1779220027,details,v1,Running,True
1779220027,details,v1,Running,True
1779220027,details,v1,Running,True
1779220027,details,v1,Running,True
1779220027,productpage,v1,Running,True
1779220027,productpage,v1,Running,True
1779220027,productpage,v1,Running,True
1779220027,productpage,v1,Running,True
1779220027,productpage,v1,Running,True
1779220027,productpage,v1,Running,True
1779220027,productpage,v1,Running,True
1779220027,productpage,v1,Running,True
1779220027,productpage,v1,Running,True
1779220027,productpage,v1,Running,True
1779220027,productpage,v1,Running,True
1779220027,productpage,v1,Running,True
1779220027,productpage,v1,Running,True
1779220027,productpage,v1,Running,True
1779220027,productpage,v1,Running,True
1779220027,ratings,v1,Running,True
1779220027,reviews,v1,Running,True
1779220027,reviews,v2,Running,True
1779220027,reviews,v3,Running,True
1779220027,reviews,v3,Running,True
1779220028,details,v1,Running,True
1779220028,details,v1,Running,True
1779220028,details,v1,Running,True
1779220028,details,v1,Running,True
1779220028,productpage,v1,Running,True
1779220028,productpage,v1,Running,True
1779220028,productpage,v1,Running,True
1779220028,productpage,v1,Running,True
1779220028,productpage,v1,Running,True
1779220028,productpage,v1,Running,True
1779220028,productpage,v1,Running,True
1779220028,productpage,v1,Running,True
1779220028,productpage,v1,Running,True
1779220028,productpage,v1,Running,True
1779220028,productpage,v1,Running,True
1779220028,productpage,v1,Running,True
1779220028,productpage,v1,Running,True
1779220028,productpage,v1,Running,True
1779220028,productpage,v1,Running,True
1779220028,ratings,v1,Running,True
1779220028,reviews,v1,Running,True
1779220028,reviews,v2,Running,True
1779220028,reviews,v3,Running,True
1779220028,reviews,v3,Running,True
1779220029,details,v1,Running,True
1779220029,details,v1,Running,True
1779220029,details,v1,Running,True
1779220029,details,v1,Running,True
1779220029,productpage,v1,Running,True
1779220029,productpage,v1,Running,True
1779220029,productpage,v1,Running,True
1779220029,productpage,v1,Running,True
1779220029,productpage,v1,Running,True
1779220029,productpage,v1,Running,True
1779220029,productpage,v1,Running,True
1779220029,productpage,v1,Running,True
1779220029,productpage,v1,Running,True
1779220029,productpage,v1,Running,True
1779220029,productpage,v1,Running,True
1779220029,productpage,v1,Running,True
1779220029,productpage,v1,Running,True
1779220029,productpage,v1,Running,True
1779220029,productpage,v1,Running,True
1779220029,ratings,v1,Running,True
1779220029,reviews,v1,Running,True
1779220029,reviews,v2,Running,True
1779220029,reviews,v3,Running,True
1779220029,reviews,v3,Running,True
1779220030,details,v1,Running,True
1779220030,details,v1,Running,True
1779220030,details,v1,Running,True
1779220030,details,v1,Running,True
1779220030,productpage,v1,Running,True
1779220030,productpage,v1,Running,True
1779220030,productpage,v1,Running,True
1779220030,productpage,v1,Running,True
1779220030,productpage,v1,Running,True
1779220030,productpage,v1,Running,True
1779220030,productpage,v1,Running,True
1779220030,productpage,v1,Running,True
1779220030,productpage,v1,Running,True
1779220030,productpage,v1,Running,True
1779220030,productpage,v1,Running,True
1779220030,productpage,v1,Running,True
1779220030,productpage,v1,Running,True
1779220030,productpage,v1,Running,True
1779220030,productpage,v1,Running,True
1779220030,ratings,v1,Running,True
1779220030,reviews,v1,Running,True
1779220030,reviews,v2,Running,True
1779220030,reviews,v3,Running,True
1779220030,reviews,v3,Running,True
1779220031,details,v1,Running,True
1779220031,details,v1,Running,True
1779220031,details,v1,Running,True
1779220031,details,v1,Running,True
1779220031,productpage,v1,Running,True
1779220031,productpage,v1,Running,True
1779220031,productpage,v1,Running,True
1779220031,productpage,v1,Running,True
1779220031,productpage,v1,Running,True
1779220031,productpage,v1,Running,True
1779220031,productpage,v1,Running,True
1779220031,productpage,v1,Running,True
1779220031,productpage,v1,Running,True
1779220031,productpage,v1,Running,True
1779220031,productpage,v1,Running,True
1779220031,productpage,v1,Running,True
1779220031,productpage,v1,Running,True
1779220031,productpage,v1,Running,True
1779220031,productpage,v1,Running,True
1779220031,ratings,v1,Running,True
1779220031,reviews,v1,Running,True
1779220031,reviews,v2,Running,True
1779220031,reviews,v3,Running,True
1779220031,reviews,v3,Running,True
1779220032,details,v1,Running,True
1779220032,details,v1,Running,True
1779220032,details,v1,Running,True
1779220032,details,v1,Running,True
1779220032,productpage,v1,Running,True
1779220032,productpage,v1,Running,True
1779220032,productpage,v1,Running,True
1779220032,productpage,v1,Running,True
1779220032,productpage,v1,Running,True
1779220032,productpage,v1,Running,True
1779220032,productpage,v1,Running,True
1779220032,productpage,v1,Running,True
1779220032,productpage,v1,Running,True
1779220032,productpage,v1,Running,True
1779220032,productpage,v1,Running,True
1779220032,productpage,v1,Running,True
1779220032,productpage,v1,Running,True
1779220032,productpage,v1,Running,True
1779220032,productpage,v1,Running,True
1779220032,ratings,v1,Running,True
1779220032,reviews,v1,Running,True
1779220032,reviews,v2,Running,True
1779220032,reviews,v3,Running,True
1779220032,reviews,v3,Running,True
1779220033,details,v1,Running,True
1779220033,details,v1,Running,True
1779220033,details,v1,Running,True
1779220033,details,v1,Running,True
1779220033,productpage,v1,Running,True
1779220033,productpage,v1,Running,True
1779220033,productpage,v1,Running,True
1779220033,productpage,v1,Running,True
1779220033,productpage,v1,Running,True
1779220033,productpage,v1,Running,True
1779220033,productpage,v1,Running,True
1779220033,productpage,v1,Running,True
1779220033,productpage,v1,Running,True
1779220033,productpage,v1,Running,True
1779220033,productpage,v1,Running,True
1779220033,productpage,v1,Running,True
1779220033,productpage,v1,Running,True
1779220033,productpage,v1,Running,True
1779220033,productpage,v1,Running,True
1779220033,ratings,v1,Running,True
1779220033,reviews,v1,Running,True
1779220033,reviews,v2,Running,True
1779220033,reviews,v3,Running,True
1779220033,reviews,v3,Running,True
1779220034,details,v1,Running,True
1779220034,details,v1,Running,True
1779220034,details,v1,Running,True
1779220034,details,v1,Running,True
1779220034,productpage,v1,Running,True
1779220034,productpage,v1,Running,True
1779220034,productpage,v1,Running,True
1779220034,productpage,v1,Running,True
1779220034,productpage,v1,Running,True
1779220034,productpage,v1,Running,True
1779220034,productpage,v1,Running,True
1779220034,productpage,v1,Running,True
1779220034,productpage,v1,Running,True
1779220034,productpage,v1,Running,True
1779220034,productpage,v1,Running,True
1779220034,productpage,v1,Running,True
1779220034,productpage,v1,Running,True
1779220034,productpage,v1,Running,True
1779220034,productpage,v1,Running,True
1779220034,ratings,v1,Running,True
1779220034,reviews,v1,Running,True
1779220034,reviews,v2,Running,True
1779220034,reviews,v3,Running,True
1779220034,reviews,v3,Running,True
1779220035,details,v1,Running,True
1779220035,details,v1,Running,True
1779220035,details,v1,Running,True
1779220035,details,v1,Running,True
1779220035,productpage,v1,Running,True
1779220035,productpage,v1,Running,True
1779220035,productpage,v1,Running,True
1779220035,productpage,v1,Running,True
1779220035,productpage,v1,Running,True
1779220035,productpage,v1,Running,True
1779220035,productpage,v1,Running,True
1779220035,productpage,v1,Running,True
1779220035,productpage,v1,Running,True
1779220035,productpage,v1,Running,True
1779220035,productpage,v1,Running,True
1779220035,productpage,v1,Running,True
1779220035,productpage,v1,Running,True
1779220035,productpage,v1,Running,True
1779220035,productpage,v1,Running,True
1779220035,ratings,v1,Running,True
1779220035,reviews,v1,Running,True
1779220035,reviews,v2,Running,True
1779220035,reviews,v3,Running,True
1779220035,reviews,v3,Running,True
1779220037,details,v1,Running,True
1779220037,details,v1,Running,True
1779220037,details,v1,Running,True
1779220037,details,v1,Running,True
1779220037,productpage,v1,Running,True
1779220037,productpage,v1,Running,True
1779220037,productpage,v1,Running,True
1779220037,productpage,v1,Running,True
1779220037,productpage,v1,Running,True
1779220037,productpage,v1,Running,True
1779220037,productpage,v1,Running,True
1779220037,productpage,v1,Running,True
1779220037,productpage,v1,Running,True
1779220037,productpage,v1,Running,True
1779220037,productpage,v1,Running,True
1779220037,productpage,v1,Running,True
1779220037,productpage,v1,Running,True
1779220037,productpage,v1,Running,True
1779220037,productpage,v1,Running,True
1779220037,ratings,v1,Running,True
1779220037,reviews,v1,Running,True
1779220037,reviews,v2,Running,True
1779220037,reviews,v3,Running,True
1779220037,reviews,v3,Running,True
1779220038,details,v1,Running,True
1779220038,details,v1,Running,True
1779220038,details,v1,Running,True
1779220038,details,v1,Running,True
1779220038,productpage,v1,Running,True
1779220038,productpage,v1,Running,True
1779220038,productpage,v1,Running,True
1779220038,productpage,v1,Running,True
1779220038,productpage,v1,Running,True
1779220038,productpage,v1,Running,True
1779220038,productpage,v1,Running,True
1779220038,productpage,v1,Running,True
1779220038,productpage,v1,Running,True
1779220038,productpage,v1,Running,True
1779220038,productpage,v1,Running,True
1779220038,productpage,v1,Running,True
1779220038,productpage,v1,Running,True
1779220038,productpage,v1,Running,True
1779220038,productpage,v1,Running,True
1779220038,ratings,v1,Running,True
1779220038,reviews,v1,Running,True
1779220038,reviews,v2,Running,True
1779220038,reviews,v3,Running,True
1779220038,reviews,v3,Running,True
1779220039,details,v1,Running,True
1779220039,details,v1,Running,True
1779220039,details,v1,Running,True
1779220039,details,v1,Running,True
1779220039,productpage,v1,Running,True
1779220039,productpage,v1,Running,True
1779220039,productpage,v1,Running,True
1779220039,productpage,v1,Running,True
1779220039,productpage,v1,Running,True
1779220039,productpage,v1,Running,True
1779220039,productpage,v1,Running,True
1779220039,productpage,v1,Running,True
1779220039,productpage,v1,Running,True
1779220039,productpage,v1,Running,True
1779220039,productpage,v1,Running,True
1779220039,productpage,v1,Running,True
1779220039,productpage,v1,Running,True
1779220039,productpage,v1,Running,True
1779220039,productpage,v1,Running,True
1779220039,ratings,v1,Running,True
1779220039,reviews,v1,Running,True
1779220039,reviews,v2,Running,True
1779220039,reviews,v3,Running,True
1779220039,reviews,v3,Running,True
1779220040,details,v1,Running,True
1779220040,details,v1,Running,True
1779220040,details,v1,Running,True
1779220040,details,v1,Running,True
1779220040,productpage,v1,Running,True
1779220040,productpage,v1,Running,True
1779220040,productpage,v1,Running,True
1779220040,productpage,v1,Running,True
1779220040,productpage,v1,Running,True
1779220040,productpage,v1,Running,True
1779220040,productpage,v1,Running,True
1779220040,productpage,v1,Running,True
1779220040,productpage,v1,Running,True
1779220040,productpage,v1,Running,True
1779220040,productpage,v1,Running,True
1779220040,productpage,v1,Running,True
1779220040,productpage,v1,Running,True
1779220040,productpage,v1,Running,True
1779220040,productpage,v1,Running,True
1779220040,ratings,v1,Running,True
1779220040,reviews,v1,Running,True
1779220040,reviews,v2,Running,True
1779220040,reviews,v3,Running,True
1779220040,reviews,v3,Running,True
1779220041,details,v1,Running,True
1779220041,details,v1,Running,True
1779220041,details,v1,Running,True
1779220041,details,v1,Running,True
1779220041,productpage,v1,Running,True
1779220041,productpage,v1,Running,True
1779220041,productpage,v1,Running,True
1779220041,productpage,v1,Running,True
1779220041,productpage,v1,Running,True
1779220041,productpage,v1,Running,True
1779220041,productpage,v1,Running,True
1779220041,productpage,v1,Running,True
1779220041,productpage,v1,Running,True
1779220041,productpage,v1,Running,True
1779220041,productpage,v1,Running,True
1779220041,productpage,v1,Running,True
1779220041,productpage,v1,Running,True
1779220041,productpage,v1,Running,True
1779220041,productpage,v1,Running,True
1779220041,ratings,v1,Running,True
1779220041,reviews,v1,Running,True
1779220041,reviews,v2,Running,True
1779220041,reviews,v3,Running,True
1779220041,reviews,v3,Running,True
1779220042,details,v1,Running,True
1779220042,details,v1,Running,True
1779220042,details,v1,Running,True
1779220042,details,v1,Running,True
1779220042,productpage,v1,Running,True
1779220042,productpage,v1,Running,True
1779220042,productpage,v1,Running,True
1779220042,productpage,v1,Running,True
1779220042,productpage,v1,Running,True
1779220042,productpage,v1,Running,True
1779220042,productpage,v1,Running,True
1779220042,productpage,v1,Running,True
1779220042,productpage,v1,Running,True
1779220042,productpage,v1,Running,True
1779220042,productpage,v1,Running,True
1779220042,productpage,v1,Running,True
1779220042,productpage,v1,Running,True
1779220042,productpage,v1,Running,True
1779220042,productpage,v1,Running,True
1779220042,ratings,v1,Running,True
1779220042,reviews,v1,Running,True
1779220042,reviews,v2,Running,True
1779220042,reviews,v3,Running,True
1779220042,reviews,v3,Running,True
1779220043,details,v1,Running,True
1779220043,details,v1,Running,True
1779220043,details,v1,Running,True
1779220043,details,v1,Running,True
1779220043,productpage,v1,Running,True
1779220043,productpage,v1,Running,True
1779220043,productpage,v1,Running,True
1779220043,productpage,v1,Running,True
1779220043,productpage,v1,Running,True
1779220043,productpage,v1,Running,True
1779220043,productpage,v1,Running,True
1779220043,productpage,v1,Running,True
1779220043,productpage,v1,Running,True
1779220043,productpage,v1,Running,True
1779220043,productpage,v1,Running,True
1779220043,productpage,v1,Running,True
1779220043,productpage,v1,Running,True
1779220043,productpage,v1,Running,True
1779220043,productpage,v1,Running,True
1779220043,ratings,v1,Running,True
1779220043,reviews,v1,Running,True
1779220043,reviews,v2,Running,True
1779220043,reviews,v3,Running,True
1779220043,reviews,v3,Running,True
1779220044,details,v1,Running,True
1779220044,details,v1,Running,True
1779220044,details,v1,Running,True
1779220044,details,v1,Running,True
1779220044,productpage,v1,Running,True
1779220044,productpage,v1,Running,True
1779220044,productpage,v1,Running,True
1779220044,productpage,v1,Running,True
1779220044,productpage,v1,Running,True
1779220044,productpage,v1,Running,True
1779220044,productpage,v1,Running,True
1779220044,productpage,v1,Running,True
1779220044,productpage,v1,Running,True
1779220044,productpage,v1,Running,True
1779220044,productpage,v1,Running,True
1779220044,productpage,v1,Running,True
1779220044,productpage,v1,Running,True
1779220044,productpage,v1,Running,True
1779220044,productpage,v1,Running,True
1779220044,ratings,v1,Running,True
1779220044,reviews,v1,Running,True
1779220044,reviews,v2,Running,True
1779220044,reviews,v3,Running,True
1779220044,reviews,v3,Running,True
1779220045,details,v1,Running,True
1779220045,details,v1,Running,True
1779220045,details,v1,Running,True
1779220045,details,v1,Running,True
1779220045,productpage,v1,Running,True
1779220045,productpage,v1,Running,True
1779220045,productpage,v1,Running,True
1779220045,productpage,v1,Running,True
1779220045,productpage,v1,Running,True
1779220045,productpage,v1,Running,True
1779220045,productpage,v1,Running,True
1779220045,productpage,v1,Running,True
1779220045,productpage,v1,Running,True
1779220045,productpage,v1,Running,True
1779220045,productpage,v1,Running,True
1779220045,productpage,v1,Running,True
1779220045,productpage,v1,Running,True
1779220045,productpage,v1,Running,True
1779220045,productpage,v1,Running,True
1779220045,ratings,v1,Running,True
1779220045,reviews,v1,Running,True
1779220045,reviews,v2,Running,True
1779220045,reviews,v3,Running,True
1779220045,reviews,v3,Running,True
1779220046,details,v1,Running,True
1779220046,details,v1,Running,True
1779220046,details,v1,Running,True
1779220046,details,v1,Running,True
1779220046,productpage,v1,Running,True
1779220046,productpage,v1,Running,True
1779220046,productpage,v1,Running,True
1779220046,productpage,v1,Running,True
1779220046,productpage,v1,Running,True
1779220046,productpage,v1,Running,True
1779220046,productpage,v1,Running,True
1779220046,productpage,v1,Running,True
1779220046,productpage,v1,Running,True
1779220046,productpage,v1,Running,True
1779220046,productpage,v1,Running,True
1779220046,productpage,v1,Running,True
1779220046,productpage,v1,Running,True
1779220046,productpage,v1,Running,True
1779220046,productpage,v1,Running,True
1779220046,ratings,v1,Running,True
1779220046,reviews,v1,Running,True
1779220046,reviews,v2,Running,True
1779220046,reviews,v3,Running,True
1779220046,reviews,v3,Running,True
1779220047,details,v1,Running,True
1779220047,details,v1,Running,True
1779220047,details,v1,Running,True
1779220047,details,v1,Running,True
1779220047,productpage,v1,Running,True
1779220047,productpage,v1,Running,True
1779220047,productpage,v1,Running,True
1779220047,productpage,v1,Running,True
1779220047,productpage,v1,Running,True
1779220047,productpage,v1,Running,True
1779220047,productpage,v1,Running,True
1779220047,productpage,v1,Running,True
1779220047,productpage,v1,Running,True
1779220047,productpage,v1,Running,True
1779220047,productpage,v1,Running,True
1779220047,productpage,v1,Running,True
1779220047,productpage,v1,Running,True
1779220047,productpage,v1,Running,True
1779220047,productpage,v1,Running,True
1779220047,ratings,v1,Running,True
1779220047,reviews,v1,Running,True
1779220047,reviews,v2,Running,True
1779220047,reviews,v3,Running,True
1779220047,reviews,v3,Running,True
1779220048,details,v1,Running,True
1779220048,details,v1,Running,True
1779220048,details,v1,Running,True
1779220048,details,v1,Running,True
1779220048,productpage,v1,Running,True
1779220048,productpage,v1,Running,True
1779220048,productpage,v1,Running,True
1779220048,productpage,v1,Running,True
1779220048,productpage,v1,Running,True
1779220048,productpage,v1,Running,True
1779220048,productpage,v1,Running,True
1779220048,productpage,v1,Running,True
1779220048,productpage,v1,Running,True
1779220048,productpage,v1,Running,True
1779220048,productpage,v1,Running,True
1779220048,productpage,v1,Running,True
1779220048,productpage,v1,Running,True
1779220048,productpage,v1,Running,True
1779220048,productpage,v1,Running,True
1779220048,ratings,v1,Running,True
1779220048,reviews,v1,Running,True
1779220048,reviews,v2,Running,True
1779220048,reviews,v3,Running,True
1779220048,reviews,v3,Running,True
1779220049,details,v1,Running,True
1779220049,details,v1,Running,True
1779220049,details,v1,Running,True
1779220049,details,v1,Running,True
1779220049,productpage,v1,Running,True
1779220049,productpage,v1,Running,True
1779220049,productpage,v1,Running,True
1779220049,productpage,v1,Running,True
1779220049,productpage,v1,Running,True
1779220049,productpage,v1,Running,True
1779220049,productpage,v1,Running,True
1779220049,productpage,v1,Running,True
1779220049,productpage,v1,Running,True
1779220049,productpage,v1,Running,True
1779220049,productpage,v1,Running,True
1779220049,productpage,v1,Running,True
1779220049,productpage,v1,Running,True
1779220049,productpage,v1,Running,True
1779220049,productpage,v1,Running,True
1779220049,ratings,v1,Running,True
1779220049,reviews,v1,Running,True
1779220049,reviews,v2,Running,True
1779220049,reviews,v3,Running,True
1779220049,reviews,v3,Running,True
1779220050,details,v1,Running,True
1779220050,details,v1,Running,True
1779220050,details,v1,Running,True
1779220050,details,v1,Running,True
1779220050,productpage,v1,Running,True
1779220050,productpage,v1,Running,True
1779220050,productpage,v1,Running,True
1779220050,productpage,v1,Running,True
1779220050,productpage,v1,Running,True
1779220050,productpage,v1,Running,True
1779220050,productpage,v1,Running,True
1779220050,productpage,v1,Running,True
1779220050,productpage,v1,Running,True
1779220050,productpage,v1,Running,True
1779220050,productpage,v1,Running,True
1779220050,productpage,v1,Running,True
1779220050,productpage,v1,Running,True
1779220050,productpage,v1,Running,True
1779220050,productpage,v1,Running,True
1779220050,ratings,v1,Running,True
1779220050,reviews,v1,Running,True
1779220050,reviews,v2,Running,True
1779220050,reviews,v3,Running,True
1779220050,reviews,v3,Running,True
1779220051,details,v1,Running,True
1779220051,details,v1,Running,True
1779220051,details,v1,Running,True
1779220051,details,v1,Running,True
1779220051,productpage,v1,Running,True
1779220051,productpage,v1,Running,True
1779220051,productpage,v1,Running,True
1779220051,productpage,v1,Running,True
1779220051,productpage,v1,Running,True
1779220051,productpage,v1,Running,True
1779220051,productpage,v1,Running,True
1779220051,productpage,v1,Running,True
1779220051,productpage,v1,Running,True
1779220051,productpage,v1,Running,True
1779220051,productpage,v1,Running,True
1779220051,productpage,v1,Running,True
1779220051,productpage,v1,Running,True
1779220051,productpage,v1,Running,True
1779220051,productpage,v1,Running,True
1779220051,ratings,v1,Running,True
1779220051,reviews,v1,Running,True
1779220051,reviews,v2,Running,True
1779220051,reviews,v3,Running,True
1779220051,reviews,v3,Running,True
