timestamp,app,version,phase,ready
1779284662,details,v1,Running,True
1779284662,details,v1,Running,True
1779284662,details,v1,Running,True
1779284662,details,v1,Running,True
1779284662,details,v1,Running,True
1779284662,productpage,v1,Running,True
1779284662,productpage,v1,Running,True
1779284662,productpage,v1,Running,True
1779284662,productpage,v1,Running,True
1779284662,productpage,v1,Running,True
1779284662,productpage,v1,Running,True
1779284662,productpage,v1,Running,True
1779284662,productpage,v1,Running,True
1779284662,productpage,v1,Running,True
1779284662,productpage,v1,Running,True
1779284662,productpage,v1,Running,True
1779284662,productpage,v1,Running,True
1779284662,productpage,v1,Running,True
1779284662,productpage,v1,Running,True
1779284662,productpage,v1,Running,True
1779284662,productpage,v1,Running,True
1779284662,productpage,v1,Running,True
1779284662,productpage,v1,Running,True
1779284662,productpage,v1,Running,True
1779284662,productpage,v1,Running,True
1779284662,ratings,v1,Running,True
1779284662,reviews,v1,Running,True
1779284662,reviews,v2,Running,True
1779284662,reviews,v2,Running,True
1779284662,reviews,v2,Running,True
1779284662,reviews,v2,Running,True
1779284662,reviews,v3,Running,True
1779284663,details,v1,Running,True
1779284663,details,v1,Running,True
1779284663,details,v1,Running,True
1779284663,details,v1,Running,True
1779284663,details,v1,Running,True
1779284663,productpage,v1,Running,True
1779284663,productpage,v1,Running,True
1779284663,productpage,v1,Running,True
1779284663,productpage,v1,Running,True
1779284663,productpage,v1,Running,True
1779284663,productpage,v1,Running,True
1779284663,productpage,v1,Running,True
1779284663,productpage,v1,Running,True
1779284663,productpage,v1,Running,True
1779284663,productpage,v1,Running,True
1779284663,productpage,v1,Running,True
1779284663,productpage,v1,Running,True
1779284663,productpage,v1,Running,True
1779284663,productpage,v1,Running,True
1779284663,productpage,v1,Running,True
1779284663,productpage,v1,Running,True
1779284663,productpage,v1,Running,True
1779284663,productpage,v1,Running,True
1779284663,productpage,v1,Running,True
1779284663,productpage,v1,Running,True
1779284663,ratings,v1,Running,True
1779284663,reviews,v1,Running,True
1779284663,reviews,v2,Running,True
1779284663,reviews,v2,Running,True
1779284663,reviews,v2,Running,True
1779284663,reviews,v2,Running,True
1779284663,reviews,v3,Running,True
1779284664,details,v1,Running,True
1779284664,details,v1,Running,True
1779284664,details,v1,Running,True
1779284664,details,v1,Running,True
1779284664,details,v1,Running,True
1779284664,productpage,v1,Running,True
1779284664,productpage,v1,Running,True
1779284664,productpage,v1,Running,True
1779284664,productpage,v1,Running,True
1779284664,productpage,v1,Running,True
1779284664,productpage,v1,Running,True
1779284664,productpage,v1,Running,True
1779284664,productpage,v1,Running,True
1779284664,productpage,v1,Running,True
1779284664,productpage,v1,Running,True
1779284664,productpage,v1,Running,True
1779284664,productpage,v1,Running,True
1779284664,productpage,v1,Running,True
1779284664,productpage,v1,Running,True
1779284664,productpage,v1,Running,True
1779284664,productpage,v1,Running,True
1779284664,productpage,v1,Running,True
1779284664,productpage,v1,Running,True
1779284664,productpage,v1,Running,True
1779284664,productpage,v1,Running,True
1779284664,ratings,v1,Running,True
1779284664,reviews,v1,Running,True
1779284664,reviews,v2,Running,True
1779284664,reviews,v2,Running,True
1779284664,reviews,v2,Running,True
1779284664,reviews,v2,Running,True
1779284664,reviews,v3,Running,True
1779284665,details,v1,Running,True
1779284665,details,v1,Running,True
1779284665,details,v1,Running,True
1779284665,details,v1,Running,True
1779284665,details,v1,Running,True
1779284665,productpage,v1,Running,True
1779284665,productpage,v1,Running,True
1779284665,productpage,v1,Running,True
1779284665,productpage,v1,Running,True
1779284665,productpage,v1,Running,True
1779284665,productpage,v1,Running,True
1779284665,productpage,v1,Running,True
1779284665,productpage,v1,Running,True
1779284665,productpage,v1,Running,True
1779284665,productpage,v1,Running,True
1779284665,productpage,v1,Running,True
1779284665,productpage,v1,Running,True
1779284665,productpage,v1,Running,True
1779284665,productpage,v1,Running,True
1779284665,productpage,v1,Running,True
1779284665,productpage,v1,Running,True
1779284665,productpage,v1,Running,True
1779284665,productpage,v1,Running,True
1779284665,productpage,v1,Running,True
1779284665,productpage,v1,Running,True
1779284665,ratings,v1,Running,True
1779284665,reviews,v1,Running,True
1779284665,reviews,v2,Running,True
1779284665,reviews,v2,Running,True
1779284665,reviews,v2,Running,True
1779284665,reviews,v2,Running,True
1779284665,reviews,v3,Running,True
1779284666,details,v1,Running,True
1779284666,details,v1,Running,True
1779284666,details,v1,Running,True
1779284666,details,v1,Running,True
1779284666,details,v1,Running,True
1779284666,productpage,v1,Running,True
1779284666,productpage,v1,Running,True
1779284666,productpage,v1,Running,True
1779284666,productpage,v1,Running,True
1779284666,productpage,v1,Running,True
1779284666,productpage,v1,Running,True
1779284666,productpage,v1,Running,True
1779284666,productpage,v1,Running,True
1779284666,productpage,v1,Running,True
1779284666,productpage,v1,Running,True
1779284666,productpage,v1,Running,True
1779284666,productpage,v1,Running,True
1779284666,productpage,v1,Running,True
1779284666,productpage,v1,Running,True
1779284666,productpage,v1,Running,True
1779284666,productpage,v1,Running,True
1779284666,productpage,v1,Running,True
1779284666,productpage,v1,Running,True
1779284666,productpage,v1,Running,True
1779284666,productpage,v1,Running,True
1779284666,ratings,v1,Running,True
1779284666,reviews,v1,Running,True
1779284666,reviews,v2,Running,True
1779284666,reviews,v2,Running,True
1779284666,reviews,v2,Running,True
1779284666,reviews,v2,Running,True
1779284666,reviews,v3,Running,True
1779284667,details,v1,Running,True
1779284667,details,v1,Running,True
1779284667,details,v1,Running,True
1779284667,details,v1,Running,True
1779284667,details,v1,Running,True
1779284667,productpage,v1,Running,True
1779284667,productpage,v1,Running,True
1779284667,productpage,v1,Running,True
1779284667,productpage,v1,Running,True
1779284667,productpage,v1,Running,True
1779284667,productpage,v1,Running,True
1779284667,productpage,v1,Running,True
1779284667,productpage,v1,Running,True
1779284667,productpage,v1,Running,True
1779284667,productpage,v1,Running,True
1779284667,productpage,v1,Running,True
1779284667,productpage,v1,Running,True
1779284667,productpage,v1,Running,True
1779284667,productpage,v1,Running,True
1779284667,productpage,v1,Running,True
1779284667,productpage,v1,Running,True
1779284667,productpage,v1,Running,True
1779284667,productpage,v1,Running,True
1779284667,productpage,v1,Running,True
1779284667,productpage,v1,Running,True
1779284667,ratings,v1,Running,True
1779284667,reviews,v1,Running,True
1779284667,reviews,v2,Running,True
1779284667,reviews,v2,Running,True
1779284667,reviews,v2,Running,True
1779284667,reviews,v2,Running,True
1779284667,reviews,v3,Running,True
1779284668,details,v1,Running,True
1779284668,details,v1,Running,True
1779284668,details,v1,Running,True
1779284668,details,v1,Running,True
1779284668,details,v1,Running,True
1779284668,productpage,v1,Running,True
1779284668,productpage,v1,Running,True
1779284668,productpage,v1,Running,True
1779284668,productpage,v1,Running,True
1779284668,productpage,v1,Running,True
1779284668,productpage,v1,Running,True
1779284668,productpage,v1,Running,True
1779284668,productpage,v1,Running,True
1779284668,productpage,v1,Running,True
1779284668,productpage,v1,Running,True
1779284668,productpage,v1,Running,True
1779284668,productpage,v1,Running,True
1779284668,productpage,v1,Running,True
1779284668,productpage,v1,Running,True
1779284668,productpage,v1,Running,True
1779284668,productpage,v1,Running,True
1779284668,productpage,v1,Running,True
1779284668,productpage,v1,Running,True
1779284668,productpage,v1,Running,True
1779284668,productpage,v1,Running,True
1779284668,ratings,v1,Running,True
1779284668,reviews,v1,Running,True
1779284668,reviews,v2,Running,True
1779284668,reviews,v2,Running,True
1779284668,reviews,v2,Running,True
1779284668,reviews,v2,Running,True
1779284668,reviews,v3,Running,True
1779284669,details,v1,Running,True
1779284669,details,v1,Running,True
1779284669,details,v1,Running,True
1779284669,details,v1,Running,True
1779284669,details,v1,Running,True
1779284669,productpage,v1,Running,True
1779284669,productpage,v1,Running,True
1779284669,productpage,v1,Running,True
1779284669,productpage,v1,Running,True
1779284669,productpage,v1,Running,True
1779284669,productpage,v1,Running,True
1779284669,productpage,v1,Running,True
1779284669,productpage,v1,Running,True
1779284669,productpage,v1,Running,True
1779284669,productpage,v1,Running,True
1779284669,productpage,v1,Running,True
1779284669,productpage,v1,Running,True
1779284669,productpage,v1,Running,True
1779284669,productpage,v1,Running,True
1779284669,productpage,v1,Running,True
1779284669,productpage,v1,Running,True
1779284669,productpage,v1,Running,True
1779284669,productpage,v1,Running,True
1779284669,productpage,v1,Running,True
1779284669,productpage,v1,Running,True
1779284669,ratings,v1,Running,True
1779284669,reviews,v1,Running,True
1779284669,reviews,v2,Running,True
1779284669,reviews,v2,Running,True
1779284669,reviews,v2,Running,True
1779284669,reviews,v2,Running,True
1779284669,reviews,v3,Running,True
1779284670,details,v1,Running,True
1779284670,details,v1,Running,True
1779284670,details,v1,Running,True
1779284670,details,v1,Running,True
1779284670,details,v1,Running,True
1779284670,productpage,v1,Running,True
1779284670,productpage,v1,Running,True
1779284670,productpage,v1,Running,True
1779284670,productpage,v1,Running,True
1779284670,productpage,v1,Running,True
1779284670,productpage,v1,Running,True
1779284670,productpage,v1,Running,True
1779284670,productpage,v1,Running,True
1779284670,productpage,v1,Running,True
1779284670,productpage,v1,Running,True
1779284670,productpage,v1,Running,True
1779284670,productpage,v1,Running,True
1779284670,productpage,v1,Running,True
1779284670,productpage,v1,Running,True
1779284670,productpage,v1,Running,True
1779284670,productpage,v1,Running,True
1779284670,productpage,v1,Running,True
1779284670,productpage,v1,Running,True
1779284670,productpage,v1,Running,True
1779284670,productpage,v1,Running,True
1779284670,ratings,v1,Running,True
1779284670,reviews,v1,Running,True
1779284670,reviews,v2,Running,True
1779284670,reviews,v2,Running,True
1779284670,reviews,v2,Running,True
1779284670,reviews,v2,Running,True
1779284670,reviews,v3,Running,True
1779284671,details,v1,Running,True
1779284671,details,v1,Running,True
1779284671,details,v1,Running,True
1779284671,details,v1,Running,True
1779284671,details,v1,Running,True
1779284671,productpage,v1,Running,True
1779284671,productpage,v1,Running,True
1779284671,productpage,v1,Running,True
1779284671,productpage,v1,Running,True
1779284671,productpage,v1,Running,True
1779284671,productpage,v1,Running,True
1779284671,productpage,v1,Running,True
1779284671,productpage,v1,Running,True
1779284671,productpage,v1,Running,True
1779284671,productpage,v1,Running,True
1779284671,productpage,v1,Running,True
1779284671,productpage,v1,Running,True
1779284671,productpage,v1,Running,True
1779284671,productpage,v1,Running,True
1779284671,productpage,v1,Running,True
1779284671,productpage,v1,Running,True
1779284671,productpage,v1,Running,True
1779284671,productpage,v1,Running,True
1779284671,productpage,v1,Running,True
1779284671,productpage,v1,Running,True
1779284671,ratings,v1,Running,True
1779284671,reviews,v1,Running,True
1779284671,reviews,v2,Running,True
1779284671,reviews,v2,Running,True
1779284671,reviews,v2,Running,True
1779284671,reviews,v2,Running,True
1779284671,reviews,v3,Running,True
1779284672,details,v1,Running,True
1779284672,details,v1,Running,True
1779284672,details,v1,Running,True
1779284672,details,v1,Running,True
1779284672,details,v1,Running,True
1779284672,productpage,v1,Running,True
1779284672,productpage,v1,Running,True
1779284672,productpage,v1,Running,True
1779284672,productpage,v1,Running,True
1779284672,productpage,v1,Running,True
1779284672,productpage,v1,Running,True
1779284672,productpage,v1,Running,True
1779284672,productpage,v1,Running,True
1779284672,productpage,v1,Running,True
1779284672,productpage,v1,Running,True
1779284672,productpage,v1,Running,True
1779284672,productpage,v1,Running,True
1779284672,productpage,v1,Running,True
1779284672,productpage,v1,Running,True
1779284672,productpage,v1,Running,True
1779284672,productpage,v1,Running,True
1779284672,productpage,v1,Running,True
1779284672,productpage,v1,Running,True
1779284672,productpage,v1,Running,True
1779284672,productpage,v1,Running,True
1779284672,ratings,v1,Running,True
1779284672,reviews,v1,Running,True
1779284672,reviews,v2,Running,True
1779284672,reviews,v2,Running,True
1779284672,reviews,v2,Running,True
1779284672,reviews,v2,Running,True
1779284672,reviews,v3,Running,True
1779284673,details,v1,Running,True
1779284673,details,v1,Running,True
1779284673,details,v1,Running,True
1779284673,details,v1,Running,True
1779284673,details,v1,Running,True
1779284673,productpage,v1,Running,True
1779284673,productpage,v1,Running,True
1779284673,productpage,v1,Running,True
1779284673,productpage,v1,Running,True
1779284673,productpage,v1,Running,True
1779284673,productpage,v1,Running,True
1779284673,productpage,v1,Running,True
1779284673,productpage,v1,Running,True
1779284673,productpage,v1,Running,True
1779284673,productpage,v1,Running,True
1779284673,productpage,v1,Running,True
1779284673,productpage,v1,Running,True
1779284673,productpage,v1,Running,True
1779284673,productpage,v1,Running,True
1779284673,productpage,v1,Running,True
1779284673,productpage,v1,Running,True
1779284673,productpage,v1,Running,True
1779284673,productpage,v1,Running,True
1779284673,productpage,v1,Running,True
1779284673,productpage,v1,Running,True
1779284673,ratings,v1,Running,True
1779284673,reviews,v1,Running,True
1779284673,reviews,v2,Running,True
1779284673,reviews,v2,Running,True
1779284673,reviews,v2,Running,True
1779284673,reviews,v2,Running,True
1779284673,reviews,v3,Running,True
1779284674,details,v1,Running,True
1779284674,details,v1,Running,True
1779284674,details,v1,Running,True
1779284674,details,v1,Running,True
1779284674,details,v1,Running,True
1779284674,productpage,v1,Running,True
1779284674,productpage,v1,Running,True
1779284674,productpage,v1,Running,True
1779284674,productpage,v1,Running,True
1779284674,productpage,v1,Running,True
1779284674,productpage,v1,Running,True
1779284674,productpage,v1,Running,True
1779284674,productpage,v1,Running,True
1779284674,productpage,v1,Running,True
1779284674,productpage,v1,Running,True
1779284674,productpage,v1,Running,True
1779284674,productpage,v1,Running,True
1779284674,productpage,v1,Running,True
1779284674,productpage,v1,Running,True
1779284674,productpage,v1,Running,True
1779284674,productpage,v1,Running,True
1779284674,productpage,v1,Running,True
1779284674,productpage,v1,Running,True
1779284674,productpage,v1,Running,True
1779284674,productpage,v1,Running,True
1779284674,ratings,v1,Running,True
1779284674,reviews,v1,Running,True
1779284674,reviews,v2,Running,True
1779284674,reviews,v2,Running,True
1779284674,reviews,v2,Running,True
1779284674,reviews,v2,Running,True
1779284674,reviews,v3,Running,True
1779284675,details,v1,Running,True
1779284675,details,v1,Running,True
1779284675,details,v1,Running,True
1779284675,details,v1,Running,True
1779284675,details,v1,Running,True
1779284675,productpage,v1,Running,True
1779284675,productpage,v1,Running,True
1779284675,productpage,v1,Running,True
1779284675,productpage,v1,Running,True
1779284675,productpage,v1,Running,True
1779284675,productpage,v1,Running,True
1779284675,productpage,v1,Running,True
1779284675,productpage,v1,Running,True
1779284675,productpage,v1,Running,True
1779284675,productpage,v1,Running,True
1779284675,productpage,v1,Running,True
1779284675,productpage,v1,Running,True
1779284675,productpage,v1,Running,True
1779284675,productpage,v1,Running,True
1779284675,productpage,v1,Running,True
1779284675,productpage,v1,Running,True
1779284675,productpage,v1,Running,True
1779284675,productpage,v1,Running,True
1779284675,productpage,v1,Running,True
1779284675,productpage,v1,Running,True
1779284675,ratings,v1,Running,True
1779284675,reviews,v1,Running,True
1779284675,reviews,v2,Running,True
1779284675,reviews,v2,Running,True
1779284675,reviews,v2,Running,True
1779284675,reviews,v2,Running,True
1779284675,reviews,v3,Running,True
1779284676,details,v1,Running,True
1779284676,details,v1,Running,True
1779284676,details,v1,Running,True
1779284676,details,v1,Running,True
1779284676,details,v1,Running,True
1779284676,productpage,v1,Running,True
1779284676,productpage,v1,Running,True
1779284676,productpage,v1,Running,True
1779284676,productpage,v1,Running,True
1779284676,productpage,v1,Running,True
1779284676,productpage,v1,Running,True
1779284676,productpage,v1,Running,True
1779284676,productpage,v1,Running,True
1779284676,productpage,v1,Running,True
1779284676,productpage,v1,Running,True
1779284676,productpage,v1,Running,True
1779284676,productpage,v1,Running,True
1779284676,productpage,v1,Running,True
1779284676,productpage,v1,Running,True
1779284676,productpage,v1,Running,True
1779284676,productpage,v1,Running,True
1779284676,productpage,v1,Running,True
1779284676,productpage,v1,Running,True
1779284676,productpage,v1,Running,True
1779284676,productpage,v1,Running,True
1779284676,ratings,v1,Running,True
1779284676,reviews,v1,Running,True
1779284676,reviews,v2,Running,True
1779284676,reviews,v2,Running,True
1779284676,reviews,v2,Running,True
1779284676,reviews,v2,Running,True
1779284676,reviews,v3,Running,True
1779284677,details,v1,Running,True
1779284677,details,v1,Running,True
1779284677,details,v1,Running,True
1779284677,details,v1,Running,True
1779284677,details,v1,Running,True
1779284677,productpage,v1,Running,True
1779284677,productpage,v1,Running,True
1779284677,productpage,v1,Running,True
1779284677,productpage,v1,Running,True
1779284677,productpage,v1,Running,True
1779284677,productpage,v1,Running,True
1779284677,productpage,v1,Running,True
1779284677,productpage,v1,Running,True
1779284677,productpage,v1,Running,True
1779284677,productpage,v1,Running,True
1779284677,productpage,v1,Running,True
1779284677,productpage,v1,Running,True
1779284677,productpage,v1,Running,True
1779284677,productpage,v1,Running,True
1779284677,productpage,v1,Running,True
1779284677,productpage,v1,Running,True
1779284677,productpage,v1,Running,True
1779284677,productpage,v1,Running,True
1779284677,productpage,v1,Running,True
1779284677,productpage,v1,Running,True
1779284677,ratings,v1,Running,True
1779284677,reviews,v1,Running,True
1779284677,reviews,v2,Running,True
1779284677,reviews,v2,Running,True
1779284677,reviews,v2,Running,True
1779284677,reviews,v2,Running,True
1779284677,reviews,v3,Running,True
1779284678,details,v1,Running,True
1779284678,details,v1,Running,True
1779284678,details,v1,Running,True
1779284678,details,v1,Running,True
1779284678,details,v1,Running,True
1779284678,productpage,v1,Running,True
1779284678,productpage,v1,Running,True
1779284678,productpage,v1,Running,True
1779284678,productpage,v1,Running,True
1779284678,productpage,v1,Running,True
1779284678,productpage,v1,Running,True
1779284678,productpage,v1,Running,True
1779284678,productpage,v1,Running,True
1779284678,productpage,v1,Running,True
1779284678,productpage,v1,Running,True
1779284678,productpage,v1,Running,True
1779284678,productpage,v1,Running,True
1779284678,productpage,v1,Running,True
1779284678,productpage,v1,Running,True
1779284678,productpage,v1,Running,True
1779284678,productpage,v1,Running,True
1779284678,productpage,v1,Running,True
1779284678,productpage,v1,Running,True
1779284678,productpage,v1,Running,True
1779284678,productpage,v1,Running,True
1779284678,ratings,v1,Running,True
1779284678,reviews,v1,Running,True
1779284678,reviews,v2,Running,True
1779284678,reviews,v2,Running,True
1779284678,reviews,v2,Running,True
1779284678,reviews,v2,Running,True
1779284678,reviews,v3,Running,True
1779284679,details,v1,Running,True
1779284679,details,v1,Running,True
1779284679,details,v1,Running,True
1779284679,details,v1,Running,True
1779284679,details,v1,Running,True
1779284679,productpage,v1,Running,True
1779284679,productpage,v1,Running,True
1779284679,productpage,v1,Running,True
1779284679,productpage,v1,Running,True
1779284679,productpage,v1,Running,True
1779284679,productpage,v1,Running,True
1779284679,productpage,v1,Running,True
1779284679,productpage,v1,Running,True
1779284679,productpage,v1,Running,True
1779284679,productpage,v1,Running,True
1779284679,productpage,v1,Running,True
1779284679,productpage,v1,Running,True
1779284679,productpage,v1,Running,True
1779284679,productpage,v1,Running,True
1779284679,productpage,v1,Running,True
1779284679,productpage,v1,Running,True
1779284679,productpage,v1,Running,True
1779284679,productpage,v1,Running,True
1779284679,productpage,v1,Running,True
1779284679,productpage,v1,Running,True
1779284679,ratings,v1,Running,True
1779284679,reviews,v1,Running,True
1779284679,reviews,v2,Running,True
1779284679,reviews,v2,Running,True
1779284679,reviews,v2,Running,True
1779284679,reviews,v2,Running,True
1779284679,reviews,v3,Running,True
1779284680,details,v1,Running,True
1779284680,details,v1,Running,True
1779284680,details,v1,Running,True
1779284680,details,v1,Running,True
1779284680,details,v1,Running,True
1779284680,productpage,v1,Running,True
1779284680,productpage,v1,Running,True
1779284680,productpage,v1,Running,True
1779284680,productpage,v1,Running,True
1779284680,productpage,v1,Running,True
1779284680,productpage,v1,Running,True
1779284680,productpage,v1,Running,True
1779284680,productpage,v1,Running,True
1779284680,productpage,v1,Running,True
1779284680,productpage,v1,Running,True
1779284680,productpage,v1,Running,True
1779284680,productpage,v1,Running,True
1779284680,productpage,v1,Running,True
1779284680,productpage,v1,Running,True
1779284680,productpage,v1,Running,True
1779284680,productpage,v1,Running,True
1779284680,productpage,v1,Running,True
1779284680,productpage,v1,Running,True
1779284680,productpage,v1,Running,True
1779284680,productpage,v1,Running,True
1779284680,ratings,v1,Running,True
1779284680,reviews,v1,Running,True
1779284680,reviews,v2,Running,True
1779284680,reviews,v2,Running,True
1779284680,reviews,v2,Running,True
1779284680,reviews,v2,Running,True
1779284680,reviews,v3,Running,True
1779284681,details,v1,Running,True
1779284681,details,v1,Running,True
1779284681,details,v1,Running,True
1779284681,details,v1,Running,True
1779284681,details,v1,Running,True
1779284681,productpage,v1,Running,True
1779284681,productpage,v1,Running,True
1779284681,productpage,v1,Running,True
1779284681,productpage,v1,Running,True
1779284681,productpage,v1,Running,True
1779284681,productpage,v1,Running,True
1779284681,productpage,v1,Running,True
1779284681,productpage,v1,Running,True
1779284681,productpage,v1,Running,True
1779284681,productpage,v1,Running,True
1779284681,productpage,v1,Running,True
1779284681,productpage,v1,Running,True
1779284681,productpage,v1,Running,True
1779284681,productpage,v1,Running,True
1779284681,productpage,v1,Running,True
1779284681,productpage,v1,Running,True
1779284681,productpage,v1,Running,True
1779284681,productpage,v1,Running,True
1779284681,productpage,v1,Running,True
1779284681,productpage,v1,Running,True
1779284681,ratings,v1,Running,True
1779284681,reviews,v1,Running,True
1779284681,reviews,v2,Running,True
1779284681,reviews,v2,Running,True
1779284681,reviews,v2,Running,True
1779284681,reviews,v2,Running,True
1779284681,reviews,v3,Running,True
1779284682,details,v1,Running,True
1779284682,details,v1,Running,True
1779284682,details,v1,Running,True
1779284682,details,v1,Running,True
1779284682,details,v1,Running,True
1779284682,productpage,v1,Running,True
1779284682,productpage,v1,Running,True
1779284682,productpage,v1,Running,True
1779284682,productpage,v1,Running,True
1779284682,productpage,v1,Running,True
1779284682,productpage,v1,Running,True
1779284682,productpage,v1,Running,True
1779284682,productpage,v1,Running,True
1779284682,productpage,v1,Running,True
1779284682,productpage,v1,Running,True
1779284682,productpage,v1,Running,True
1779284682,productpage,v1,Running,True
1779284682,productpage,v1,Running,True
1779284682,productpage,v1,Running,True
1779284682,productpage,v1,Running,True
1779284682,productpage,v1,Running,True
1779284682,productpage,v1,Running,True
1779284682,productpage,v1,Running,True
1779284682,productpage,v1,Running,True
1779284682,productpage,v1,Running,True
1779284682,ratings,v1,Running,True
1779284682,reviews,v1,Running,True
1779284682,reviews,v2,Running,True
1779284682,reviews,v2,Running,True
1779284682,reviews,v2,Running,True
1779284682,reviews,v2,Running,True
1779284682,reviews,v3,Running,True
1779284683,details,v1,Running,True
1779284683,details,v1,Running,True
1779284683,details,v1,Running,True
1779284683,details,v1,Running,True
1779284683,details,v1,Running,True
1779284683,productpage,v1,Running,True
1779284683,productpage,v1,Running,True
1779284683,productpage,v1,Running,True
1779284683,productpage,v1,Running,True
1779284683,productpage,v1,Running,True
1779284683,productpage,v1,Running,True
1779284683,productpage,v1,Running,True
1779284683,productpage,v1,Running,True
1779284683,productpage,v1,Running,True
1779284683,productpage,v1,Running,True
1779284683,productpage,v1,Running,True
1779284683,productpage,v1,Running,True
1779284683,productpage,v1,Running,True
1779284683,productpage,v1,Running,True
1779284683,productpage,v1,Running,True
1779284683,productpage,v1,Running,True
1779284683,productpage,v1,Running,True
1779284683,productpage,v1,Running,True
1779284683,productpage,v1,Running,True
1779284683,productpage,v1,Running,True
1779284683,ratings,v1,Running,True
1779284683,reviews,v1,Running,True
1779284683,reviews,v2,Running,True
1779284683,reviews,v2,Running,True
1779284683,reviews,v2,Running,True
1779284683,reviews,v2,Running,True
1779284683,reviews,v3,Running,True
1779284684,details,v1,Running,True
1779284684,details,v1,Running,True
1779284684,details,v1,Running,True
1779284684,details,v1,Running,True
1779284684,details,v1,Running,True
1779284684,productpage,v1,Running,True
1779284684,productpage,v1,Running,True
1779284684,productpage,v1,Running,True
1779284684,productpage,v1,Running,True
1779284684,productpage,v1,Running,True
1779284684,productpage,v1,Running,True
1779284684,productpage,v1,Running,True
1779284684,productpage,v1,Running,True
1779284684,productpage,v1,Running,True
1779284684,productpage,v1,Running,True
1779284684,productpage,v1,Running,True
1779284684,productpage,v1,Running,True
1779284684,productpage,v1,Running,True
1779284684,productpage,v1,Running,True
1779284684,productpage,v1,Running,True
1779284684,productpage,v1,Running,True
1779284684,productpage,v1,Running,True
1779284684,productpage,v1,Running,True
1779284684,productpage,v1,Running,True
1779284684,productpage,v1,Running,True
1779284684,ratings,v1,Running,True
1779284684,reviews,v1,Running,True
1779284684,reviews,v2,Running,True
1779284684,reviews,v2,Running,True
1779284684,reviews,v2,Running,True
1779284684,reviews,v2,Running,True
1779284684,reviews,v3,Running,True
1779284685,details,v1,Running,True
1779284685,details,v1,Running,True
1779284685,details,v1,Running,True
1779284685,details,v1,Running,True
1779284685,details,v1,Running,True
1779284685,productpage,v1,Running,True
1779284685,productpage,v1,Running,True
1779284685,productpage,v1,Running,True
1779284685,productpage,v1,Running,True
1779284685,productpage,v1,Running,True
1779284685,productpage,v1,Running,True
1779284685,productpage,v1,Running,True
1779284685,productpage,v1,Running,True
1779284685,productpage,v1,Running,True
1779284685,productpage,v1,Running,True
1779284685,productpage,v1,Running,True
1779284685,productpage,v1,Running,True
1779284685,productpage,v1,Running,True
1779284685,productpage,v1,Running,True
1779284685,productpage,v1,Running,True
1779284685,productpage,v1,Running,True
1779284685,productpage,v1,Running,True
1779284685,productpage,v1,Running,True
1779284685,productpage,v1,Running,True
1779284685,productpage,v1,Running,True
1779284685,ratings,v1,Running,True
1779284685,reviews,v1,Running,True
1779284685,reviews,v2,Running,True
1779284685,reviews,v2,Running,True
1779284685,reviews,v2,Running,True
1779284685,reviews,v2,Running,True
1779284685,reviews,v3,Running,True
1779284686,details,v1,Running,True
1779284686,details,v1,Running,True
1779284686,details,v1,Running,True
1779284686,details,v1,Running,True
1779284686,details,v1,Running,True
1779284686,productpage,v1,Running,True
1779284686,productpage,v1,Running,True
1779284686,productpage,v1,Running,True
1779284686,productpage,v1,Running,True
1779284686,productpage,v1,Running,True
1779284686,productpage,v1,Running,True
1779284686,productpage,v1,Running,True
1779284686,productpage,v1,Running,True
1779284686,productpage,v1,Running,True
1779284686,productpage,v1,Running,True
1779284686,productpage,v1,Running,True
1779284686,productpage,v1,Running,True
1779284686,productpage,v1,Running,True
1779284686,productpage,v1,Running,True
1779284686,productpage,v1,Running,True
1779284686,productpage,v1,Running,True
1779284686,productpage,v1,Running,True
1779284686,productpage,v1,Running,True
1779284686,productpage,v1,Running,True
1779284686,productpage,v1,Running,True
1779284686,ratings,v1,Running,True
1779284686,reviews,v1,Running,True
1779284686,reviews,v2,Running,True
1779284686,reviews,v2,Running,True
1779284686,reviews,v2,Running,True
1779284686,reviews,v2,Running,True
1779284686,reviews,v3,Running,True
1779284687,details,v1,Running,True
1779284687,details,v1,Running,True
1779284687,details,v1,Running,True
1779284687,details,v1,Running,True
1779284687,details,v1,Running,True
1779284687,productpage,v1,Running,True
1779284687,productpage,v1,Running,True
1779284687,productpage,v1,Running,True
1779284687,productpage,v1,Running,True
1779284687,productpage,v1,Running,True
1779284687,productpage,v1,Running,True
1779284687,productpage,v1,Running,True
1779284687,productpage,v1,Running,True
1779284687,productpage,v1,Running,True
1779284687,productpage,v1,Running,True
1779284687,productpage,v1,Running,True
1779284687,productpage,v1,Running,True
1779284687,productpage,v1,Running,True
1779284687,productpage,v1,Running,True
1779284687,productpage,v1,Running,True
1779284687,productpage,v1,Running,True
1779284687,productpage,v1,Running,True
1779284687,productpage,v1,Running,True
1779284687,productpage,v1,Running,True
1779284687,productpage,v1,Running,True
1779284687,ratings,v1,Running,True
1779284687,reviews,v1,Running,True
1779284687,reviews,v2,Running,True
1779284687,reviews,v2,Running,True
1779284687,reviews,v2,Running,True
1779284687,reviews,v2,Running,True
1779284687,reviews,v3,Running,True
1779284688,details,v1,Running,True
1779284688,details,v1,Running,True
1779284688,details,v1,Running,True
1779284688,details,v1,Running,True
1779284688,details,v1,Running,True
1779284688,productpage,v1,Running,True
1779284688,productpage,v1,Running,True
1779284688,productpage,v1,Running,True
1779284688,productpage,v1,Running,True
1779284688,productpage,v1,Running,True
1779284688,productpage,v1,Running,True
1779284688,productpage,v1,Running,True
1779284688,productpage,v1,Running,True
1779284688,productpage,v1,Running,True
1779284688,productpage,v1,Running,True
1779284688,productpage,v1,Running,True
1779284688,productpage,v1,Running,True
1779284688,productpage,v1,Running,True
1779284688,productpage,v1,Running,True
1779284688,productpage,v1,Running,True
1779284688,productpage,v1,Running,True
1779284688,productpage,v1,Running,True
1779284688,productpage,v1,Running,True
1779284688,productpage,v1,Running,True
1779284688,productpage,v1,Running,True
1779284688,ratings,v1,Running,True
1779284688,reviews,v1,Running,True
1779284688,reviews,v2,Running,True
1779284688,reviews,v2,Running,True
1779284688,reviews,v2,Running,True
1779284688,reviews,v2,Running,True
1779284688,reviews,v3,Running,True
1779284689,details,v1,Running,True
1779284689,details,v1,Running,True
1779284689,details,v1,Running,True
1779284689,details,v1,Running,True
1779284689,details,v1,Running,True
1779284689,productpage,v1,Running,True
1779284689,productpage,v1,Running,True
1779284689,productpage,v1,Running,True
1779284689,productpage,v1,Running,True
1779284689,productpage,v1,Running,True
1779284689,productpage,v1,Running,True
1779284689,productpage,v1,Running,True
1779284689,productpage,v1,Running,True
1779284689,productpage,v1,Running,True
1779284689,productpage,v1,Running,True
1779284689,productpage,v1,Running,True
1779284689,productpage,v1,Running,True
1779284689,productpage,v1,Running,True
1779284689,productpage,v1,Running,True
1779284689,productpage,v1,Running,True
1779284689,productpage,v1,Running,True
1779284689,productpage,v1,Running,True
1779284689,productpage,v1,Running,True
1779284689,productpage,v1,Running,True
1779284689,productpage,v1,Running,True
1779284689,ratings,v1,Running,True
1779284689,reviews,v1,Running,True
1779284689,reviews,v2,Running,True
1779284689,reviews,v2,Running,True
1779284689,reviews,v2,Running,True
1779284689,reviews,v2,Running,True
1779284689,reviews,v3,Running,True
1779284690,details,v1,Running,True
1779284690,details,v1,Running,True
1779284690,details,v1,Running,True
1779284690,details,v1,Running,True
1779284690,details,v1,Running,True
1779284690,productpage,v1,Running,True
1779284690,productpage,v1,Running,True
1779284690,productpage,v1,Running,True
1779284690,productpage,v1,Running,True
1779284690,productpage,v1,Running,True
1779284690,productpage,v1,Running,True
1779284690,productpage,v1,Running,True
1779284690,productpage,v1,Running,True
1779284690,productpage,v1,Running,True
1779284690,productpage,v1,Running,True
1779284690,productpage,v1,Running,True
1779284690,productpage,v1,Running,True
1779284690,productpage,v1,Running,True
1779284690,productpage,v1,Running,True
1779284690,productpage,v1,Running,True
1779284690,productpage,v1,Running,True
1779284690,productpage,v1,Running,True
1779284690,productpage,v1,Running,True
1779284690,productpage,v1,Running,True
1779284690,productpage,v1,Running,True
1779284690,ratings,v1,Running,True
1779284690,reviews,v1,Running,True
1779284690,reviews,v2,Running,True
1779284690,reviews,v2,Running,True
1779284690,reviews,v2,Running,True
1779284690,reviews,v2,Running,True
1779284690,reviews,v3,Running,True
1779284691,details,v1,Running,True
1779284691,details,v1,Running,True
1779284691,details,v1,Running,True
1779284691,details,v1,Running,True
1779284691,details,v1,Running,True
1779284691,productpage,v1,Running,True
1779284691,productpage,v1,Running,True
1779284691,productpage,v1,Running,True
1779284691,productpage,v1,Running,True
1779284691,productpage,v1,Running,True
1779284691,productpage,v1,Running,True
1779284691,productpage,v1,Running,True
1779284691,productpage,v1,Running,True
1779284691,productpage,v1,Running,True
1779284691,productpage,v1,Running,True
1779284691,productpage,v1,Running,True
1779284691,productpage,v1,Running,True
1779284691,productpage,v1,Running,True
1779284691,productpage,v1,Running,True
1779284691,productpage,v1,Running,True
1779284691,productpage,v1,Running,True
1779284691,productpage,v1,Running,True
1779284691,productpage,v1,Running,True
1779284691,productpage,v1,Running,True
1779284691,productpage,v1,Running,True
1779284691,ratings,v1,Running,True
1779284691,reviews,v1,Running,True
1779284691,reviews,v2,Running,True
1779284691,reviews,v2,Running,True
1779284691,reviews,v2,Running,True
1779284691,reviews,v2,Running,True
1779284691,reviews,v3,Running,True
1779284692,details,v1,Running,True
1779284692,details,v1,Running,True
1779284692,details,v1,Running,True
1779284692,details,v1,Running,True
1779284692,details,v1,Running,True
1779284692,productpage,v1,Running,True
1779284692,productpage,v1,Running,True
1779284692,productpage,v1,Running,True
1779284692,productpage,v1,Running,True
1779284692,productpage,v1,Running,True
1779284692,productpage,v1,Running,True
1779284692,productpage,v1,Running,True
1779284692,productpage,v1,Running,True
1779284692,productpage,v1,Running,True
1779284692,productpage,v1,Running,True
1779284692,productpage,v1,Running,True
1779284692,productpage,v1,Running,True
1779284692,productpage,v1,Running,True
1779284692,productpage,v1,Running,True
1779284692,productpage,v1,Running,True
1779284692,productpage,v1,Running,True
1779284692,productpage,v1,Running,True
1779284692,productpage,v1,Running,True
1779284692,productpage,v1,Running,True
1779284692,productpage,v1,Running,True
1779284692,ratings,v1,Running,True
1779284692,reviews,v1,Running,True
1779284692,reviews,v2,Running,True
1779284692,reviews,v2,Running,True
1779284692,reviews,v2,Running,True
1779284692,reviews,v2,Running,True
1779284692,reviews,v3,Running,True
1779284693,details,v1,Running,True
1779284693,details,v1,Running,True
1779284693,details,v1,Running,True
1779284693,details,v1,Running,True
1779284693,details,v1,Running,True
1779284693,productpage,v1,Running,True
1779284693,productpage,v1,Running,True
1779284693,productpage,v1,Running,True
1779284693,productpage,v1,Running,True
1779284693,productpage,v1,Running,True
1779284693,productpage,v1,Running,True
1779284693,productpage,v1,Running,True
1779284693,productpage,v1,Running,True
1779284693,productpage,v1,Running,True
1779284693,productpage,v1,Running,True
1779284693,productpage,v1,Running,True
1779284693,productpage,v1,Running,True
1779284693,productpage,v1,Running,True
1779284693,productpage,v1,Running,True
1779284693,productpage,v1,Running,True
1779284693,productpage,v1,Running,True
1779284693,productpage,v1,Running,True
1779284693,productpage,v1,Running,True
1779284693,productpage,v1,Running,True
1779284693,productpage,v1,Running,True
1779284693,ratings,v1,Running,True
1779284693,reviews,v1,Running,True
1779284693,reviews,v2,Running,True
1779284693,reviews,v2,Running,True
1779284693,reviews,v2,Running,True
1779284693,reviews,v2,Running,True
1779284693,reviews,v3,Running,True
1779284694,details,v1,Running,True
1779284694,details,v1,Running,True
1779284694,details,v1,Running,True
1779284694,details,v1,Running,True
1779284694,details,v1,Running,True
1779284694,productpage,v1,Running,True
1779284694,productpage,v1,Running,True
1779284694,productpage,v1,Running,True
1779284694,productpage,v1,Running,True
1779284694,productpage,v1,Running,True
1779284694,productpage,v1,Running,True
1779284694,productpage,v1,Running,True
1779284694,productpage,v1,Running,True
1779284694,productpage,v1,Running,True
1779284694,productpage,v1,Running,True
1779284694,productpage,v1,Running,True
1779284694,productpage,v1,Running,True
1779284694,productpage,v1,Running,True
1779284694,productpage,v1,Running,True
1779284694,productpage,v1,Running,True
1779284694,productpage,v1,Running,True
1779284694,productpage,v1,Running,True
1779284694,productpage,v1,Running,True
1779284694,productpage,v1,Running,True
1779284694,productpage,v1,Running,True
1779284694,ratings,v1,Running,True
1779284694,reviews,v1,Running,True
1779284694,reviews,v2,Running,True
1779284694,reviews,v2,Running,True
1779284694,reviews,v2,Running,True
1779284694,reviews,v2,Running,True
1779284694,reviews,v3,Running,True
1779284695,details,v1,Running,True
1779284695,details,v1,Running,True
1779284695,details,v1,Running,True
1779284695,details,v1,Running,True
1779284695,details,v1,Running,True
1779284695,productpage,v1,Running,True
1779284695,productpage,v1,Running,True
1779284695,productpage,v1,Running,True
1779284695,productpage,v1,Running,True
1779284695,productpage,v1,Running,True
1779284695,productpage,v1,Running,True
1779284695,productpage,v1,Running,True
1779284695,productpage,v1,Running,True
1779284695,productpage,v1,Running,True
1779284695,productpage,v1,Running,True
1779284695,productpage,v1,Running,True
1779284695,productpage,v1,Running,True
1779284695,productpage,v1,Running,True
1779284695,productpage,v1,Running,True
1779284695,productpage,v1,Running,True
1779284695,productpage,v1,Running,True
1779284695,productpage,v1,Running,True
1779284695,productpage,v1,Running,True
1779284695,productpage,v1,Running,True
1779284695,productpage,v1,Running,True
1779284695,ratings,v1,Running,True
1779284695,reviews,v1,Running,True
1779284695,reviews,v2,Running,True
1779284695,reviews,v2,Running,True
1779284695,reviews,v2,Running,True
1779284695,reviews,v2,Running,True
1779284695,reviews,v3,Running,True
1779284696,details,v1,Running,True
1779284696,details,v1,Running,True
1779284696,details,v1,Running,True
1779284696,details,v1,Running,True
1779284696,details,v1,Running,True
1779284696,productpage,v1,Running,True
1779284696,productpage,v1,Running,True
1779284696,productpage,v1,Running,True
1779284696,productpage,v1,Running,True
1779284696,productpage,v1,Running,True
1779284696,productpage,v1,Running,True
1779284696,productpage,v1,Running,True
1779284696,productpage,v1,Running,True
1779284696,productpage,v1,Running,True
1779284696,productpage,v1,Running,True
1779284696,productpage,v1,Running,True
1779284696,productpage,v1,Running,True
1779284696,productpage,v1,Running,True
1779284696,productpage,v1,Running,True
1779284696,productpage,v1,Running,True
1779284696,productpage,v1,Running,True
1779284696,productpage,v1,Running,True
1779284696,productpage,v1,Running,True
1779284696,productpage,v1,Running,True
1779284696,productpage,v1,Running,True
1779284696,ratings,v1,Running,True
1779284696,reviews,v1,Running,True
1779284696,reviews,v2,Running,True
1779284696,reviews,v2,Running,True
1779284696,reviews,v2,Running,True
1779284696,reviews,v2,Running,True
1779284696,reviews,v3,Running,True
1779284697,details,v1,Running,True
1779284697,details,v1,Running,True
1779284697,details,v1,Running,True
1779284697,details,v1,Running,True
1779284697,details,v1,Running,True
1779284697,productpage,v1,Running,True
1779284697,productpage,v1,Running,True
1779284697,productpage,v1,Running,True
1779284697,productpage,v1,Running,True
1779284697,productpage,v1,Running,True
1779284697,productpage,v1,Running,True
1779284697,productpage,v1,Running,True
1779284697,productpage,v1,Running,True
1779284697,productpage,v1,Running,True
1779284697,productpage,v1,Running,True
1779284697,productpage,v1,Running,True
1779284697,productpage,v1,Running,True
1779284697,productpage,v1,Running,True
1779284697,productpage,v1,Running,True
1779284697,productpage,v1,Running,True
1779284697,productpage,v1,Running,True
1779284697,productpage,v1,Running,True
1779284697,productpage,v1,Running,True
1779284697,productpage,v1,Running,True
1779284697,productpage,v1,Running,True
1779284697,ratings,v1,Running,True
1779284697,reviews,v1,Running,True
1779284697,reviews,v2,Running,True
1779284697,reviews,v2,Running,True
1779284697,reviews,v2,Running,True
1779284697,reviews,v2,Running,True
1779284697,reviews,v3,Running,True
1779284698,details,v1,Running,True
1779284698,details,v1,Running,True
1779284698,details,v1,Running,True
1779284698,details,v1,Running,True
1779284698,details,v1,Running,True
1779284698,productpage,v1,Running,True
1779284698,productpage,v1,Running,True
1779284698,productpage,v1,Running,True
1779284698,productpage,v1,Running,True
1779284698,productpage,v1,Running,True
1779284698,productpage,v1,Running,True
1779284698,productpage,v1,Running,True
1779284698,productpage,v1,Running,True
1779284698,productpage,v1,Running,True
1779284698,productpage,v1,Running,True
1779284698,productpage,v1,Running,True
1779284698,productpage,v1,Running,True
1779284698,productpage,v1,Running,True
1779284698,productpage,v1,Running,True
1779284698,productpage,v1,Running,True
1779284698,productpage,v1,Running,True
1779284698,productpage,v1,Running,True
1779284698,productpage,v1,Running,True
1779284698,productpage,v1,Running,True
1779284698,productpage,v1,Running,True
1779284698,ratings,v1,Running,True
1779284698,reviews,v1,Running,True
1779284698,reviews,v2,Running,True
1779284698,reviews,v2,Running,True
1779284698,reviews,v2,Running,True
1779284698,reviews,v2,Running,True
1779284698,reviews,v3,Running,True
1779284699,details,v1,Running,True
1779284699,details,v1,Running,True
1779284699,details,v1,Running,True
1779284699,details,v1,Running,True
1779284699,details,v1,Running,True
1779284699,productpage,v1,Running,True
1779284699,productpage,v1,Running,True
1779284699,productpage,v1,Running,True
1779284699,productpage,v1,Running,True
1779284699,productpage,v1,Running,True
1779284699,productpage,v1,Running,True
1779284699,productpage,v1,Running,True
1779284699,productpage,v1,Running,True
1779284699,productpage,v1,Running,True
1779284699,productpage,v1,Running,True
1779284699,productpage,v1,Running,True
1779284699,productpage,v1,Running,True
1779284699,productpage,v1,Running,True
1779284699,productpage,v1,Running,True
1779284699,productpage,v1,Running,True
1779284699,productpage,v1,Running,True
1779284699,productpage,v1,Running,True
1779284699,productpage,v1,Running,True
1779284699,productpage,v1,Running,True
1779284699,productpage,v1,Running,True
1779284699,ratings,v1,Running,True
1779284699,reviews,v1,Running,True
1779284699,reviews,v2,Running,True
1779284699,reviews,v2,Running,True
1779284699,reviews,v2,Running,True
1779284699,reviews,v2,Running,True
1779284699,reviews,v3,Running,True
1779284700,details,v1,Running,True
1779284700,details,v1,Running,True
1779284700,details,v1,Running,True
1779284700,details,v1,Running,True
1779284700,details,v1,Running,True
1779284700,productpage,v1,Running,True
1779284700,productpage,v1,Running,True
1779284700,productpage,v1,Running,True
1779284700,productpage,v1,Running,True
1779284700,productpage,v1,Running,True
1779284700,productpage,v1,Running,True
1779284700,productpage,v1,Running,True
1779284700,productpage,v1,Running,True
1779284700,productpage,v1,Running,True
1779284700,productpage,v1,Running,True
1779284700,productpage,v1,Running,True
1779284700,productpage,v1,Running,True
1779284700,productpage,v1,Running,True
1779284700,productpage,v1,Running,True
1779284700,productpage,v1,Running,True
1779284700,productpage,v1,Running,True
1779284700,productpage,v1,Running,True
1779284700,productpage,v1,Running,True
1779284700,productpage,v1,Running,True
1779284700,productpage,v1,Running,True
1779284700,ratings,v1,Running,True
1779284700,reviews,v1,Running,True
1779284700,reviews,v2,Running,True
1779284700,reviews,v2,Running,True
1779284700,reviews,v2,Running,True
1779284700,reviews,v2,Running,True
1779284700,reviews,v3,Running,True
1779284701,details,v1,Running,True
1779284701,details,v1,Running,True
1779284701,details,v1,Running,True
1779284701,details,v1,Running,True
1779284701,details,v1,Running,True
1779284701,productpage,v1,Running,True
1779284701,productpage,v1,Running,True
1779284701,productpage,v1,Running,True
1779284701,productpage,v1,Running,True
1779284701,productpage,v1,Running,True
1779284701,productpage,v1,Running,True
1779284701,productpage,v1,Running,True
1779284701,productpage,v1,Running,True
1779284701,productpage,v1,Running,True
1779284701,productpage,v1,Running,True
1779284701,productpage,v1,Running,True
1779284701,productpage,v1,Running,True
1779284701,productpage,v1,Running,True
1779284701,productpage,v1,Running,True
1779284701,productpage,v1,Running,True
1779284701,productpage,v1,Running,True
1779284701,productpage,v1,Running,True
1779284701,productpage,v1,Running,True
1779284701,productpage,v1,Running,True
1779284701,productpage,v1,Running,True
1779284701,ratings,v1,Running,True
1779284701,reviews,v1,Running,True
1779284701,reviews,v2,Running,True
1779284701,reviews,v2,Running,True
1779284701,reviews,v2,Running,True
1779284701,reviews,v2,Running,True
1779284701,reviews,v3,Running,True
1779284702,details,v1,Running,True
1779284702,details,v1,Running,True
1779284702,details,v1,Running,True
1779284702,details,v1,Running,True
1779284702,details,v1,Running,True
1779284702,productpage,v1,Running,True
1779284702,productpage,v1,Running,True
1779284702,productpage,v1,Running,True
1779284702,productpage,v1,Running,True
1779284702,productpage,v1,Running,True
1779284702,productpage,v1,Running,True
1779284702,productpage,v1,Running,True
1779284702,productpage,v1,Running,True
1779284702,productpage,v1,Running,True
1779284702,productpage,v1,Running,True
1779284702,productpage,v1,Running,True
1779284702,productpage,v1,Running,True
1779284702,productpage,v1,Running,True
1779284702,productpage,v1,Running,True
1779284702,productpage,v1,Running,True
1779284702,productpage,v1,Running,True
1779284702,productpage,v1,Running,True
1779284702,productpage,v1,Running,True
1779284702,productpage,v1,Running,True
1779284702,productpage,v1,Running,True
1779284702,ratings,v1,Running,True
1779284702,reviews,v1,Running,True
1779284702,reviews,v2,Running,True
1779284702,reviews,v2,Running,True
1779284702,reviews,v2,Running,True
1779284702,reviews,v2,Running,True
1779284702,reviews,v3,Running,True
1779284703,details,v1,Running,True
1779284703,details,v1,Running,True
1779284703,details,v1,Running,True
1779284703,details,v1,Running,True
1779284703,details,v1,Running,True
1779284703,productpage,v1,Running,True
1779284703,productpage,v1,Running,True
1779284703,productpage,v1,Running,True
1779284703,productpage,v1,Running,True
1779284703,productpage,v1,Running,True
1779284703,productpage,v1,Running,True
1779284703,productpage,v1,Running,True
1779284703,productpage,v1,Running,True
1779284703,productpage,v1,Running,True
1779284703,productpage,v1,Running,True
1779284703,productpage,v1,Running,True
1779284703,productpage,v1,Running,True
1779284703,productpage,v1,Running,True
1779284703,productpage,v1,Running,True
1779284703,productpage,v1,Running,True
1779284703,productpage,v1,Running,True
1779284703,productpage,v1,Running,True
1779284703,productpage,v1,Running,True
1779284703,productpage,v1,Running,True
1779284703,productpage,v1,Running,True
1779284703,ratings,v1,Running,True
1779284703,reviews,v1,Running,True
1779284703,reviews,v2,Running,True
1779284703,reviews,v2,Running,True
1779284703,reviews,v2,Running,True
1779284703,reviews,v2,Running,True
1779284703,reviews,v3,Running,True
1779284704,details,v1,Running,True
1779284704,details,v1,Running,True
1779284704,details,v1,Running,True
1779284704,details,v1,Running,True
1779284704,details,v1,Running,True
1779284704,productpage,v1,Running,True
1779284704,productpage,v1,Running,True
1779284704,productpage,v1,Running,True
1779284704,productpage,v1,Running,True
1779284704,productpage,v1,Running,True
1779284704,productpage,v1,Running,True
1779284704,productpage,v1,Running,True
1779284704,productpage,v1,Running,True
1779284704,productpage,v1,Running,True
1779284704,productpage,v1,Running,True
1779284704,productpage,v1,Running,True
1779284704,productpage,v1,Running,True
1779284704,productpage,v1,Running,True
1779284704,productpage,v1,Running,True
1779284704,productpage,v1,Running,True
1779284704,productpage,v1,Running,True
1779284704,productpage,v1,Running,True
1779284704,productpage,v1,Running,True
1779284704,productpage,v1,Running,True
1779284704,productpage,v1,Running,True
1779284704,ratings,v1,Running,True
1779284704,reviews,v1,Running,True
1779284704,reviews,v2,Running,True
1779284704,reviews,v2,Running,True
1779284704,reviews,v2,Running,True
1779284704,reviews,v2,Running,True
1779284704,reviews,v3,Running,True
1779284705,details,v1,Running,True
1779284705,details,v1,Running,True
1779284705,details,v1,Running,True
1779284705,details,v1,Pending,False
1779284705,details,v1,Running,True
1779284705,details,v1,Running,True
1779284705,productpage,v1,Running,True
1779284705,productpage,v1,Running,True
1779284705,productpage,v1,Running,True
1779284705,productpage,v1,Running,True
1779284705,productpage,v1,Running,True
1779284705,productpage,v1,Running,True
1779284705,productpage,v1,Running,True
1779284705,productpage,v1,Running,True
1779284705,productpage,v1,Running,True
1779284705,productpage,v1,Running,True
1779284705,productpage,v1,Running,True
1779284705,productpage,v1,Running,True
1779284705,productpage,v1,Running,True
1779284705,productpage,v1,Running,True
1779284705,productpage,v1,Running,True
1779284705,productpage,v1,Running,True
1779284705,productpage,v1,Running,True
1779284705,productpage,v1,Running,True
1779284705,productpage,v1,Running,True
1779284705,productpage,v1,Running,True
1779284705,ratings,v1,Running,True
1779284705,reviews,v1,Running,True
1779284705,reviews,v2,Running,True
1779284705,reviews,v2,Running,True
1779284705,reviews,v2,Running,True
1779284705,reviews,v2,Running,True
1779284705,reviews,v3,Running,True
1779284706,details,v1,Running,True
1779284706,details,v1,Running,True
1779284706,details,v1,Running,True
1779284706,details,v1,Pending,False
1779284706,details,v1,Running,True
1779284706,details,v1,Running,True
1779284706,productpage,v1,Running,True
1779284706,productpage,v1,Running,True
1779284706,productpage,v1,Running,True
1779284706,productpage,v1,Running,True
1779284706,productpage,v1,Running,True
1779284706,productpage,v1,Running,True
1779284706,productpage,v1,Running,True
1779284706,productpage,v1,Running,True
1779284706,productpage,v1,Running,True
1779284706,productpage,v1,Running,True
1779284706,productpage,v1,Running,True
1779284706,productpage,v1,Running,True
1779284706,productpage,v1,Running,True
1779284706,productpage,v1,Running,True
1779284706,productpage,v1,Running,True
1779284706,productpage,v1,Running,True
1779284706,productpage,v1,Running,True
1779284706,productpage,v1,Running,True
1779284706,productpage,v1,Running,True
1779284706,productpage,v1,Running,True
1779284706,ratings,v1,Running,True
1779284706,reviews,v1,Running,True
1779284706,reviews,v2,Running,True
1779284706,reviews,v2,Running,True
1779284706,reviews,v2,Running,True
1779284706,reviews,v2,Running,True
1779284706,reviews,v3,Running,True
1779284707,details,v1,Running,True
1779284707,details,v1,Running,True
1779284707,details,v1,Running,True
1779284707,details,v1,Pending,False
1779284707,details,v1,Running,True
1779284707,details,v1,Running,True
1779284707,productpage,v1,Running,True
1779284707,productpage,v1,Running,True
1779284707,productpage,v1,Running,True
1779284707,productpage,v1,Running,True
1779284707,productpage,v1,Running,True
1779284707,productpage,v1,Running,True
1779284707,productpage,v1,Running,True
1779284707,productpage,v1,Running,True
1779284707,productpage,v1,Running,True
1779284707,productpage,v1,Running,True
1779284707,productpage,v1,Running,True
1779284707,productpage,v1,Running,True
1779284707,productpage,v1,Running,True
1779284707,productpage,v1,Running,True
1779284707,productpage,v1,Running,True
1779284707,productpage,v1,Running,True
1779284707,productpage,v1,Running,True
1779284707,productpage,v1,Running,True
1779284707,productpage,v1,Running,True
1779284707,productpage,v1,Running,True
1779284707,ratings,v1,Running,True
1779284707,reviews,v1,Running,True
1779284707,reviews,v2,Running,True
1779284707,reviews,v2,Running,True
1779284707,reviews,v2,Running,True
1779284707,reviews,v2,Running,True
1779284707,reviews,v3,Running,True
1779284708,details,v1,Running,True
1779284708,details,v1,Running,True
1779284708,details,v1,Running,True
1779284708,details,v1,Running,False
1779284708,details,v1,Running,True
1779284708,details,v1,Running,True
1779284708,productpage,v1,Running,True
1779284708,productpage,v1,Running,True
1779284708,productpage,v1,Running,True
1779284708,productpage,v1,Running,True
1779284708,productpage,v1,Running,True
1779284708,productpage,v1,Running,True
1779284708,productpage,v1,Running,True
1779284708,productpage,v1,Running,True
1779284708,productpage,v1,Running,True
1779284708,productpage,v1,Running,True
1779284708,productpage,v1,Running,True
1779284708,productpage,v1,Running,True
1779284708,productpage,v1,Running,True
1779284708,productpage,v1,Running,True
1779284708,productpage,v1,Running,True
1779284708,productpage,v1,Running,True
1779284708,productpage,v1,Running,True
1779284708,productpage,v1,Running,True
1779284708,productpage,v1,Running,True
1779284708,productpage,v1,Running,True
1779284708,ratings,v1,Running,True
1779284708,reviews,v1,Running,True
1779284708,reviews,v2,Running,True
1779284708,reviews,v2,Running,True
1779284708,reviews,v2,Running,True
1779284708,reviews,v2,Running,True
1779284708,reviews,v3,Running,True
1779284709,details,v1,Running,True
1779284709,details,v1,Running,True
1779284709,details,v1,Running,True
1779284709,details,v1,Running,True
1779284709,details,v1,Running,True
1779284709,details,v1,Running,True
1779284709,productpage,v1,Running,True
1779284709,productpage,v1,Running,True
1779284709,productpage,v1,Running,True
1779284709,productpage,v1,Running,True
1779284709,productpage,v1,Running,True
1779284709,productpage,v1,Running,True
1779284709,productpage,v1,Running,True
1779284709,productpage,v1,Running,True
1779284709,productpage,v1,Running,True
1779284709,productpage,v1,Running,True
1779284709,productpage,v1,Running,True
1779284709,productpage,v1,Running,True
1779284709,productpage,v1,Running,True
1779284709,productpage,v1,Running,True
1779284709,productpage,v1,Running,True
1779284709,productpage,v1,Running,True
1779284709,productpage,v1,Running,True
1779284709,productpage,v1,Running,True
1779284709,productpage,v1,Running,True
1779284709,productpage,v1,Running,True
1779284709,ratings,v1,Running,True
1779284709,reviews,v1,Running,True
1779284709,reviews,v2,Running,True
1779284709,reviews,v2,Running,True
1779284709,reviews,v2,Running,True
1779284709,reviews,v2,Running,True
1779284709,reviews,v3,Running,True
1779284710,details,v1,Running,True
1779284710,details,v1,Running,True
1779284710,details,v1,Running,True
1779284710,details,v1,Running,True
1779284710,details,v1,Running,True
1779284710,details,v1,Running,True
1779284710,productpage,v1,Running,True
1779284710,productpage,v1,Running,True
1779284710,productpage,v1,Running,True
1779284710,productpage,v1,Running,True
1779284710,productpage,v1,Running,True
1779284710,productpage,v1,Running,True
1779284710,productpage,v1,Running,True
1779284710,productpage,v1,Running,True
1779284710,productpage,v1,Running,True
1779284710,productpage,v1,Running,True
1779284710,productpage,v1,Running,True
1779284710,productpage,v1,Running,True
1779284710,productpage,v1,Running,True
1779284710,productpage,v1,Running,True
1779284710,productpage,v1,Running,True
1779284710,productpage,v1,Running,True
1779284710,productpage,v1,Running,True
1779284710,productpage,v1,Running,True
1779284710,productpage,v1,Running,True
1779284710,productpage,v1,Running,True
1779284710,ratings,v1,Running,True
1779284710,reviews,v1,Running,True
1779284710,reviews,v2,Running,True
1779284710,reviews,v2,Running,True
1779284710,reviews,v2,Running,True
1779284710,reviews,v2,Running,True
1779284710,reviews,v3,Running,True
1779284711,details,v1,Running,True
1779284711,details,v1,Running,True
1779284711,details,v1,Running,True
1779284711,details,v1,Running,True
1779284711,details,v1,Running,True
1779284711,details,v1,Running,True
1779284711,productpage,v1,Running,True
1779284711,productpage,v1,Running,True
1779284711,productpage,v1,Running,True
1779284711,productpage,v1,Running,True
1779284711,productpage,v1,Running,True
1779284711,productpage,v1,Running,True
1779284711,productpage,v1,Running,True
1779284711,productpage,v1,Running,True
1779284711,productpage,v1,Running,True
1779284711,productpage,v1,Running,True
1779284711,productpage,v1,Running,True
1779284711,productpage,v1,Running,True
1779284711,productpage,v1,Running,True
1779284711,productpage,v1,Running,True
1779284711,productpage,v1,Running,True
1779284711,productpage,v1,Running,True
1779284711,productpage,v1,Running,True
1779284711,productpage,v1,Running,True
1779284711,productpage,v1,Running,True
1779284711,productpage,v1,Running,True
1779284711,ratings,v1,Running,True
1779284711,reviews,v1,Running,True
1779284711,reviews,v2,Running,True
1779284711,reviews,v2,Running,True
1779284711,reviews,v2,Running,True
1779284711,reviews,v2,Running,True
1779284711,reviews,v3,Running,True
1779284712,details,v1,Running,True
1779284712,details,v1,Running,True
1779284712,details,v1,Running,True
1779284712,details,v1,Running,True
1779284712,details,v1,Running,True
1779284712,details,v1,Running,True
1779284712,productpage,v1,Running,True
1779284712,productpage,v1,Running,True
1779284712,productpage,v1,Running,True
1779284712,productpage,v1,Running,True
1779284712,productpage,v1,Running,True
1779284712,productpage,v1,Running,True
1779284712,productpage,v1,Running,True
1779284712,productpage,v1,Running,True
1779284712,productpage,v1,Running,True
1779284712,productpage,v1,Running,True
1779284712,productpage,v1,Running,True
1779284712,productpage,v1,Running,True
1779284712,productpage,v1,Running,True
1779284712,productpage,v1,Running,True
1779284712,productpage,v1,Running,True
1779284712,productpage,v1,Running,True
1779284712,productpage,v1,Running,True
1779284712,productpage,v1,Running,True
1779284712,productpage,v1,Running,True
1779284712,productpage,v1,Running,True
1779284712,ratings,v1,Running,True
1779284712,reviews,v1,Running,True
1779284712,reviews,v2,Running,True
1779284712,reviews,v2,Running,True
1779284712,reviews,v2,Running,True
1779284712,reviews,v2,Running,True
1779284712,reviews,v3,Running,True
1779284713,details,v1,Running,True
1779284713,details,v1,Running,True
1779284713,details,v1,Running,True
1779284713,details,v1,Running,True
1779284713,details,v1,Running,True
1779284713,details,v1,Running,True
1779284713,productpage,v1,Running,True
1779284713,productpage,v1,Running,True
1779284713,productpage,v1,Running,True
1779284713,productpage,v1,Running,True
1779284713,productpage,v1,Running,True
1779284713,productpage,v1,Running,True
1779284713,productpage,v1,Running,True
1779284713,productpage,v1,Running,True
1779284713,productpage,v1,Running,True
1779284713,productpage,v1,Running,True
1779284713,productpage,v1,Running,True
1779284713,productpage,v1,Running,True
1779284713,productpage,v1,Running,True
1779284713,productpage,v1,Running,True
1779284713,productpage,v1,Running,True
1779284713,productpage,v1,Running,True
1779284713,productpage,v1,Running,True
1779284713,productpage,v1,Running,True
1779284713,productpage,v1,Running,True
1779284713,productpage,v1,Running,True
1779284713,ratings,v1,Running,True
1779284713,reviews,v1,Running,True
1779284713,reviews,v2,Running,True
1779284713,reviews,v2,Running,True
1779284713,reviews,v2,Running,True
1779284713,reviews,v2,Running,True
1779284713,reviews,v3,Running,True
1779284714,details,v1,Running,True
1779284714,details,v1,Running,True
1779284714,details,v1,Running,True
1779284714,details,v1,Running,True
1779284714,details,v1,Running,True
1779284714,details,v1,Running,True
1779284714,productpage,v1,Running,True
1779284714,productpage,v1,Running,True
1779284714,productpage,v1,Running,True
1779284714,productpage,v1,Running,True
1779284714,productpage,v1,Running,True
1779284714,productpage,v1,Running,True
1779284714,productpage,v1,Running,True
1779284714,productpage,v1,Running,True
1779284714,productpage,v1,Running,True
1779284714,productpage,v1,Running,True
1779284714,productpage,v1,Running,True
1779284714,productpage,v1,Running,True
1779284714,productpage,v1,Running,True
1779284714,productpage,v1,Running,True
1779284714,productpage,v1,Running,True
1779284714,productpage,v1,Running,True
1779284714,productpage,v1,Running,True
1779284714,productpage,v1,Running,True
1779284714,productpage,v1,Running,True
1779284714,productpage,v1,Running,True
1779284714,ratings,v1,Running,True
1779284714,reviews,v1,Running,True
1779284714,reviews,v2,Running,True
1779284714,reviews,v2,Running,True
1779284714,reviews,v2,Running,True
1779284714,reviews,v2,Running,True
1779284714,reviews,v3,Running,True
1779284715,details,v1,Running,True
1779284715,details,v1,Running,True
1779284715,details,v1,Running,True
1779284715,details,v1,Running,True
1779284715,details,v1,Running,True
1779284715,details,v1,Running,True
1779284715,productpage,v1,Running,True
1779284715,productpage,v1,Running,True
1779284715,productpage,v1,Running,True
1779284715,productpage,v1,Running,True
1779284715,productpage,v1,Running,True
1779284715,productpage,v1,Running,True
1779284715,productpage,v1,Running,True
1779284715,productpage,v1,Running,True
1779284715,productpage,v1,Running,True
1779284715,productpage,v1,Running,True
1779284715,productpage,v1,Running,True
1779284715,productpage,v1,Running,True
1779284715,productpage,v1,Running,True
1779284715,productpage,v1,Running,True
1779284715,productpage,v1,Running,True
1779284715,productpage,v1,Running,True
1779284715,productpage,v1,Running,True
1779284715,productpage,v1,Running,True
1779284715,productpage,v1,Running,True
1779284715,productpage,v1,Running,True
1779284715,ratings,v1,Running,True
1779284715,reviews,v1,Running,True
1779284715,reviews,v2,Running,True
1779284715,reviews,v2,Running,True
1779284715,reviews,v2,Running,True
1779284715,reviews,v2,Running,True
1779284715,reviews,v3,Running,True
1779284716,details,v1,Running,True
1779284716,details,v1,Running,True
1779284716,details,v1,Running,True
1779284716,details,v1,Running,True
1779284716,details,v1,Running,True
1779284716,details,v1,Running,True
1779284716,productpage,v1,Running,True
1779284716,productpage,v1,Running,True
1779284716,productpage,v1,Running,True
1779284716,productpage,v1,Running,True
1779284716,productpage,v1,Running,True
1779284716,productpage,v1,Running,True
1779284716,productpage,v1,Running,True
1779284716,productpage,v1,Running,True
1779284716,productpage,v1,Running,True
1779284716,productpage,v1,Running,True
1779284716,productpage,v1,Running,True
1779284716,productpage,v1,Running,True
1779284716,productpage,v1,Running,True
1779284716,productpage,v1,Running,True
1779284716,productpage,v1,Running,True
1779284716,productpage,v1,Running,True
1779284716,productpage,v1,Running,True
1779284716,productpage,v1,Running,True
1779284716,productpage,v1,Running,True
1779284716,productpage,v1,Running,True
1779284716,ratings,v1,Running,True
1779284716,reviews,v1,Running,True
1779284716,reviews,v2,Running,True
1779284716,reviews,v2,Running,True
1779284716,reviews,v2,Running,True
1779284716,reviews,v2,Running,True
1779284716,reviews,v3,Running,True
1779284717,details,v1,Running,True
1779284717,details,v1,Running,True
1779284717,details,v1,Running,True
1779284717,details,v1,Running,True
1779284717,details,v1,Running,True
1779284717,details,v1,Running,True
1779284717,productpage,v1,Running,True
1779284717,productpage,v1,Running,True
1779284717,productpage,v1,Running,True
1779284717,productpage,v1,Running,True
1779284717,productpage,v1,Running,True
1779284717,productpage,v1,Running,True
1779284717,productpage,v1,Running,True
1779284717,productpage,v1,Running,True
1779284717,productpage,v1,Running,True
1779284717,productpage,v1,Running,True
1779284717,productpage,v1,Running,True
1779284717,productpage,v1,Running,True
1779284717,productpage,v1,Running,True
1779284717,productpage,v1,Running,True
1779284717,productpage,v1,Running,True
1779284717,productpage,v1,Running,True
1779284717,productpage,v1,Running,True
1779284717,productpage,v1,Running,True
1779284717,productpage,v1,Running,True
1779284717,productpage,v1,Running,True
1779284717,ratings,v1,Running,True
1779284717,reviews,v1,Running,True
1779284717,reviews,v2,Running,True
1779284717,reviews,v2,Running,True
1779284717,reviews,v2,Running,True
1779284717,reviews,v2,Running,True
1779284717,reviews,v3,Running,True
1779284718,details,v1,Running,True
1779284718,details,v1,Running,True
1779284718,details,v1,Running,True
1779284718,details,v1,Running,True
1779284718,details,v1,Running,True
1779284718,details,v1,Running,True
1779284718,productpage,v1,Running,True
1779284718,productpage,v1,Running,True
1779284718,productpage,v1,Running,True
1779284718,productpage,v1,Running,True
1779284718,productpage,v1,Running,True
1779284718,productpage,v1,Running,True
1779284718,productpage,v1,Running,True
1779284718,productpage,v1,Running,True
1779284718,productpage,v1,Running,True
1779284718,productpage,v1,Running,True
1779284718,productpage,v1,Running,True
1779284718,productpage,v1,Running,True
1779284718,productpage,v1,Running,True
1779284718,productpage,v1,Running,True
1779284718,productpage,v1,Running,True
1779284718,productpage,v1,Running,True
1779284718,productpage,v1,Running,True
1779284718,productpage,v1,Running,True
1779284718,productpage,v1,Running,True
1779284718,productpage,v1,Running,True
1779284718,ratings,v1,Running,True
1779284718,reviews,v1,Running,True
1779284718,reviews,v2,Running,True
1779284718,reviews,v2,Running,True
1779284718,reviews,v2,Running,True
1779284718,reviews,v2,Running,True
1779284718,reviews,v3,Running,True
1779284719,details,v1,Running,True
1779284719,details,v1,Running,True
1779284719,details,v1,Running,True
1779284719,details,v1,Running,True
1779284719,details,v1,Running,True
1779284719,details,v1,Running,True
1779284719,productpage,v1,Running,True
1779284719,productpage,v1,Running,True
1779284719,productpage,v1,Running,True
1779284719,productpage,v1,Running,True
1779284719,productpage,v1,Running,True
1779284719,productpage,v1,Running,True
1779284719,productpage,v1,Running,True
1779284719,productpage,v1,Running,True
1779284719,productpage,v1,Running,True
1779284719,productpage,v1,Running,True
1779284719,productpage,v1,Running,True
1779284719,productpage,v1,Running,True
1779284719,productpage,v1,Running,True
1779284719,productpage,v1,Running,True
1779284719,productpage,v1,Running,True
1779284719,productpage,v1,Running,True
1779284719,productpage,v1,Running,True
1779284719,productpage,v1,Running,True
1779284719,productpage,v1,Running,True
1779284719,productpage,v1,Running,True
1779284719,ratings,v1,Running,True
1779284719,reviews,v1,Running,True
1779284719,reviews,v2,Running,True
1779284719,reviews,v2,Running,True
1779284719,reviews,v2,Running,True
1779284719,reviews,v2,Running,True
1779284719,reviews,v3,Running,True
1779284720,details,v1,Running,True
1779284720,details,v1,Running,True
1779284720,details,v1,Running,True
1779284720,details,v1,Running,True
1779284720,details,v1,Running,True
1779284720,details,v1,Running,True
1779284720,productpage,v1,Running,True
1779284720,productpage,v1,Running,True
1779284720,productpage,v1,Running,True
1779284720,productpage,v1,Running,True
1779284720,productpage,v1,Running,True
1779284720,productpage,v1,Running,True
1779284720,productpage,v1,Running,True
1779284720,productpage,v1,Running,True
1779284720,productpage,v1,Running,True
1779284720,productpage,v1,Running,True
1779284720,productpage,v1,Running,True
1779284720,productpage,v1,Running,True
1779284720,productpage,v1,Running,True
1779284720,productpage,v1,Running,True
1779284720,productpage,v1,Running,True
1779284720,productpage,v1,Running,True
1779284720,productpage,v1,Running,True
1779284720,productpage,v1,Running,True
1779284720,productpage,v1,Running,True
1779284720,productpage,v1,Running,True
1779284720,ratings,v1,Running,True
1779284720,reviews,v1,Running,True
1779284720,reviews,v2,Running,True
1779284720,reviews,v2,Running,True
1779284720,reviews,v2,Running,True
1779284720,reviews,v2,Running,True
1779284720,reviews,v3,Running,True
1779284721,details,v1,Running,True
1779284721,details,v1,Running,True
1779284721,details,v1,Running,True
1779284721,details,v1,Running,True
1779284721,details,v1,Running,True
1779284721,details,v1,Running,True
1779284721,productpage,v1,Running,True
1779284721,productpage,v1,Running,True
1779284721,productpage,v1,Running,True
1779284721,productpage,v1,Running,True
1779284721,productpage,v1,Running,True
1779284721,productpage,v1,Running,True
1779284721,productpage,v1,Running,True
1779284721,productpage,v1,Running,True
1779284721,productpage,v1,Running,True
1779284721,productpage,v1,Running,True
1779284721,productpage,v1,Running,True
1779284721,productpage,v1,Running,True
1779284721,productpage,v1,Running,True
1779284721,productpage,v1,Running,True
1779284721,productpage,v1,Running,True
1779284721,productpage,v1,Running,True
1779284721,productpage,v1,Running,True
1779284721,productpage,v1,Running,True
1779284721,productpage,v1,Running,True
1779284721,productpage,v1,Running,True
1779284721,ratings,v1,Running,True
1779284721,reviews,v1,Running,True
1779284721,reviews,v2,Running,True
1779284721,reviews,v2,Running,True
1779284721,reviews,v2,Running,True
1779284721,reviews,v2,Running,True
1779284721,reviews,v3,Running,True
1779284722,details,v1,Running,True
1779284722,details,v1,Running,True
1779284722,details,v1,Running,True
1779284722,details,v1,Running,True
1779284722,details,v1,Running,True
1779284722,details,v1,Running,True
1779284722,productpage,v1,Running,True
1779284722,productpage,v1,Running,True
1779284722,productpage,v1,Running,True
1779284722,productpage,v1,Running,True
1779284722,productpage,v1,Running,True
1779284722,productpage,v1,Running,True
1779284722,productpage,v1,Running,True
1779284722,productpage,v1,Running,True
1779284722,productpage,v1,Running,True
1779284722,productpage,v1,Running,True
1779284722,productpage,v1,Running,True
1779284722,productpage,v1,Running,True
1779284722,productpage,v1,Running,True
1779284722,productpage,v1,Running,True
1779284722,productpage,v1,Running,True
1779284722,productpage,v1,Running,True
1779284722,productpage,v1,Running,True
1779284722,productpage,v1,Running,True
1779284722,productpage,v1,Running,True
1779284722,productpage,v1,Running,True
1779284722,ratings,v1,Running,True
1779284722,reviews,v1,Running,True
1779284722,reviews,v2,Running,True
1779284722,reviews,v2,Running,True
1779284722,reviews,v2,Running,True
1779284722,reviews,v2,Running,True
1779284722,reviews,v3,Running,True
1779284723,details,v1,Running,True
1779284723,details,v1,Running,True
1779284723,details,v1,Running,True
1779284723,details,v1,Running,True
1779284723,details,v1,Running,True
1779284723,details,v1,Running,True
1779284723,productpage,v1,Running,True
1779284723,productpage,v1,Running,True
1779284723,productpage,v1,Running,True
1779284723,productpage,v1,Running,True
1779284723,productpage,v1,Running,True
1779284723,productpage,v1,Running,True
1779284723,productpage,v1,Running,True
1779284723,productpage,v1,Running,True
1779284723,productpage,v1,Running,True
1779284723,productpage,v1,Running,True
1779284723,productpage,v1,Running,True
1779284723,productpage,v1,Running,True
1779284723,productpage,v1,Running,True
1779284723,productpage,v1,Running,True
1779284723,productpage,v1,Running,True
1779284723,productpage,v1,Running,True
1779284723,productpage,v1,Running,True
1779284723,productpage,v1,Running,True
1779284723,productpage,v1,Running,True
1779284723,productpage,v1,Running,True
1779284723,ratings,v1,Running,True
1779284723,reviews,v1,Running,True
1779284723,reviews,v2,Running,True
1779284723,reviews,v2,Running,True
1779284723,reviews,v2,Running,True
1779284723,reviews,v2,Running,True
1779284723,reviews,v3,Running,True
1779284724,details,v1,Running,True
1779284724,details,v1,Running,True
1779284724,details,v1,Running,True
1779284724,details,v1,Running,True
1779284724,details,v1,Running,True
1779284724,details,v1,Running,True
1779284724,productpage,v1,Running,True
1779284724,productpage,v1,Running,True
1779284724,productpage,v1,Running,True
1779284724,productpage,v1,Running,True
1779284724,productpage,v1,Running,True
1779284724,productpage,v1,Running,True
1779284724,productpage,v1,Running,True
1779284724,productpage,v1,Running,True
1779284724,productpage,v1,Running,True
1779284724,productpage,v1,Running,True
1779284724,productpage,v1,Running,True
1779284724,productpage,v1,Running,True
1779284724,productpage,v1,Running,True
1779284724,productpage,v1,Running,True
1779284724,productpage,v1,Running,True
1779284724,productpage,v1,Running,True
1779284724,productpage,v1,Running,True
1779284724,productpage,v1,Running,True
1779284724,productpage,v1,Running,True
1779284724,productpage,v1,Running,True
1779284724,ratings,v1,Running,True
1779284724,reviews,v1,Running,True
1779284724,reviews,v2,Running,True
1779284724,reviews,v2,Running,True
1779284724,reviews,v2,Running,True
1779284724,reviews,v2,Running,True
1779284724,reviews,v3,Running,True
1779284725,details,v1,Running,True
1779284725,details,v1,Running,True
1779284725,details,v1,Running,True
1779284725,details,v1,Running,True
1779284725,details,v1,Running,True
1779284725,details,v1,Running,True
1779284725,productpage,v1,Running,True
1779284725,productpage,v1,Running,True
1779284725,productpage,v1,Running,True
1779284725,productpage,v1,Running,True
1779284725,productpage,v1,Running,True
1779284725,productpage,v1,Running,True
1779284725,productpage,v1,Running,True
1779284725,productpage,v1,Running,True
1779284725,productpage,v1,Running,True
1779284725,productpage,v1,Running,True
1779284725,productpage,v1,Running,True
1779284725,productpage,v1,Running,True
1779284725,productpage,v1,Running,True
1779284725,productpage,v1,Running,True
1779284725,productpage,v1,Running,True
1779284725,productpage,v1,Running,True
1779284725,productpage,v1,Running,True
1779284725,productpage,v1,Running,True
1779284725,productpage,v1,Running,True
1779284725,productpage,v1,Running,True
1779284725,ratings,v1,Running,True
1779284725,reviews,v1,Running,True
1779284725,reviews,v2,Running,True
1779284725,reviews,v2,Running,True
1779284725,reviews,v2,Running,True
1779284725,reviews,v2,Running,True
1779284725,reviews,v3,Running,True
1779284726,details,v1,Running,True
1779284726,details,v1,Running,True
1779284726,details,v1,Running,True
1779284726,details,v1,Running,True
1779284726,details,v1,Running,True
1779284726,details,v1,Running,True
1779284726,productpage,v1,Running,True
1779284726,productpage,v1,Running,True
1779284726,productpage,v1,Running,True
1779284726,productpage,v1,Running,True
1779284726,productpage,v1,Running,True
1779284726,productpage,v1,Running,True
1779284726,productpage,v1,Running,True
1779284726,productpage,v1,Running,True
1779284726,productpage,v1,Running,True
1779284726,productpage,v1,Running,True
1779284726,productpage,v1,Running,True
1779284726,productpage,v1,Running,True
1779284726,productpage,v1,Running,True
1779284726,productpage,v1,Running,True
1779284726,productpage,v1,Running,True
1779284726,productpage,v1,Running,True
1779284726,productpage,v1,Running,True
1779284726,productpage,v1,Running,True
1779284726,productpage,v1,Running,True
1779284726,productpage,v1,Running,True
1779284726,ratings,v1,Running,True
1779284726,reviews,v1,Running,True
1779284726,reviews,v2,Running,True
1779284726,reviews,v2,Running,True
1779284726,reviews,v2,Running,True
1779284726,reviews,v2,Running,True
1779284726,reviews,v3,Running,True
1779284727,details,v1,Running,True
1779284727,details,v1,Running,True
1779284727,details,v1,Running,True
1779284727,details,v1,Running,True
1779284727,details,v1,Running,True
1779284727,details,v1,Running,True
1779284727,productpage,v1,Running,True
1779284727,productpage,v1,Running,True
1779284727,productpage,v1,Running,True
1779284727,productpage,v1,Running,True
1779284727,productpage,v1,Running,True
1779284727,productpage,v1,Running,True
1779284727,productpage,v1,Running,True
1779284727,productpage,v1,Running,True
1779284727,productpage,v1,Running,True
1779284727,productpage,v1,Running,True
1779284727,productpage,v1,Running,True
1779284727,productpage,v1,Running,True
1779284727,productpage,v1,Running,True
1779284727,productpage,v1,Running,True
1779284727,productpage,v1,Running,True
1779284727,productpage,v1,Running,True
1779284727,productpage,v1,Running,True
1779284727,productpage,v1,Running,True
1779284727,productpage,v1,Running,True
1779284727,productpage,v1,Running,True
1779284727,ratings,v1,Running,True
1779284727,reviews,v1,Running,True
1779284727,reviews,v2,Running,True
1779284727,reviews,v2,Running,True
1779284727,reviews,v2,Running,True
1779284727,reviews,v2,Running,True
1779284727,reviews,v3,Running,True
1779284728,details,v1,Running,True
1779284728,details,v1,Running,True
1779284728,details,v1,Running,True
1779284728,details,v1,Running,True
1779284728,details,v1,Running,True
1779284728,details,v1,Running,True
1779284728,productpage,v1,Running,True
1779284728,productpage,v1,Running,True
1779284728,productpage,v1,Running,True
1779284728,productpage,v1,Running,True
1779284728,productpage,v1,Running,True
1779284728,productpage,v1,Running,True
1779284728,productpage,v1,Running,True
1779284728,productpage,v1,Running,True
1779284728,productpage,v1,Running,True
1779284728,productpage,v1,Running,True
1779284728,productpage,v1,Running,True
1779284728,productpage,v1,Running,True
1779284728,productpage,v1,Running,True
1779284728,productpage,v1,Running,True
1779284728,productpage,v1,Running,True
1779284728,productpage,v1,Running,True
1779284728,productpage,v1,Running,True
1779284728,productpage,v1,Running,True
1779284728,productpage,v1,Running,True
1779284728,productpage,v1,Running,True
1779284728,ratings,v1,Running,True
1779284728,reviews,v1,Running,True
1779284728,reviews,v2,Running,True
1779284728,reviews,v2,Running,True
1779284728,reviews,v2,Running,True
1779284728,reviews,v2,Running,True
1779284728,reviews,v3,Running,True
1779284729,details,v1,Running,True
1779284729,details,v1,Running,True
1779284729,details,v1,Running,True
1779284729,details,v1,Running,True
1779284729,details,v1,Running,True
1779284729,details,v1,Running,True
1779284729,productpage,v1,Running,True
1779284729,productpage,v1,Running,True
1779284729,productpage,v1,Running,True
1779284729,productpage,v1,Running,True
1779284729,productpage,v1,Running,True
1779284729,productpage,v1,Running,True
1779284729,productpage,v1,Running,True
1779284729,productpage,v1,Running,True
1779284729,productpage,v1,Running,True
1779284729,productpage,v1,Running,True
1779284729,productpage,v1,Running,True
1779284729,productpage,v1,Running,True
1779284729,productpage,v1,Running,True
1779284729,productpage,v1,Running,True
1779284729,productpage,v1,Running,True
1779284729,productpage,v1,Running,True
1779284729,productpage,v1,Running,True
1779284729,productpage,v1,Running,True
1779284729,productpage,v1,Running,True
1779284729,productpage,v1,Running,True
1779284729,ratings,v1,Running,True
1779284729,reviews,v1,Running,True
1779284729,reviews,v2,Running,True
1779284729,reviews,v2,Running,True
1779284729,reviews,v2,Running,True
1779284729,reviews,v2,Running,True
1779284729,reviews,v3,Running,True
1779284730,details,v1,Running,True
1779284730,details,v1,Running,True
1779284730,details,v1,Running,True
1779284730,details,v1,Running,True
1779284730,details,v1,Running,True
1779284730,details,v1,Running,True
1779284730,productpage,v1,Running,True
1779284730,productpage,v1,Running,True
1779284730,productpage,v1,Running,True
1779284730,productpage,v1,Running,True
1779284730,productpage,v1,Running,True
1779284730,productpage,v1,Running,True
1779284730,productpage,v1,Running,True
1779284730,productpage,v1,Running,True
1779284730,productpage,v1,Running,True
1779284730,productpage,v1,Running,True
1779284730,productpage,v1,Running,True
1779284730,productpage,v1,Running,True
1779284730,productpage,v1,Running,True
1779284730,productpage,v1,Running,True
1779284730,productpage,v1,Running,True
1779284730,productpage,v1,Running,True
1779284730,productpage,v1,Running,True
1779284730,productpage,v1,Running,True
1779284730,productpage,v1,Running,True
1779284730,productpage,v1,Running,True
1779284730,ratings,v1,Running,True
1779284730,reviews,v1,Running,True
1779284730,reviews,v2,Running,True
1779284730,reviews,v2,Running,True
1779284730,reviews,v2,Running,True
1779284730,reviews,v2,Running,True
1779284730,reviews,v3,Running,True
1779284731,details,v1,Running,True
1779284731,details,v1,Running,True
1779284731,details,v1,Running,True
1779284731,details,v1,Running,True
1779284731,details,v1,Running,True
1779284731,details,v1,Running,True
1779284731,productpage,v1,Running,True
1779284731,productpage,v1,Running,True
1779284731,productpage,v1,Running,True
1779284731,productpage,v1,Running,True
1779284731,productpage,v1,Running,True
1779284731,productpage,v1,Running,True
1779284731,productpage,v1,Running,True
1779284731,productpage,v1,Running,True
1779284731,productpage,v1,Running,True
1779284731,productpage,v1,Running,True
1779284731,productpage,v1,Running,True
1779284731,productpage,v1,Running,True
1779284731,productpage,v1,Running,True
1779284731,productpage,v1,Running,True
1779284731,productpage,v1,Running,True
1779284731,productpage,v1,Running,True
1779284731,productpage,v1,Running,True
1779284731,productpage,v1,Running,True
1779284731,productpage,v1,Running,True
1779284731,productpage,v1,Running,True
1779284731,ratings,v1,Running,True
1779284731,reviews,v1,Running,True
1779284731,reviews,v2,Running,True
1779284731,reviews,v2,Running,True
1779284731,reviews,v2,Running,True
1779284731,reviews,v2,Running,True
1779284731,reviews,v3,Running,True
1779284732,details,v1,Running,True
1779284732,details,v1,Running,True
1779284732,details,v1,Running,True
1779284732,details,v1,Running,True
1779284732,details,v1,Running,True
1779284732,details,v1,Running,True
1779284732,productpage,v1,Running,True
1779284732,productpage,v1,Running,True
1779284732,productpage,v1,Running,True
1779284732,productpage,v1,Running,True
1779284732,productpage,v1,Running,True
1779284732,productpage,v1,Running,True
1779284732,productpage,v1,Running,True
1779284732,productpage,v1,Running,True
1779284732,productpage,v1,Running,True
1779284732,productpage,v1,Running,True
1779284732,productpage,v1,Running,True
1779284732,productpage,v1,Running,True
1779284732,productpage,v1,Running,True
1779284732,productpage,v1,Running,True
1779284732,productpage,v1,Running,True
1779284732,productpage,v1,Running,True
1779284732,productpage,v1,Running,True
1779284732,productpage,v1,Running,True
1779284732,productpage,v1,Running,True
1779284732,productpage,v1,Running,True
1779284732,ratings,v1,Running,True
1779284732,reviews,v1,Running,True
1779284732,reviews,v2,Running,True
1779284732,reviews,v2,Running,True
1779284732,reviews,v2,Running,True
1779284732,reviews,v2,Running,True
1779284732,reviews,v3,Running,True
1779284733,details,v1,Running,True
1779284733,details,v1,Running,True
1779284733,details,v1,Running,True
1779284733,details,v1,Running,True
1779284733,details,v1,Running,True
1779284733,details,v1,Running,True
1779284733,productpage,v1,Running,True
1779284733,productpage,v1,Running,True
1779284733,productpage,v1,Running,True
1779284733,productpage,v1,Running,True
1779284733,productpage,v1,Running,True
1779284733,productpage,v1,Running,True
1779284733,productpage,v1,Running,True
1779284733,productpage,v1,Running,True
1779284733,productpage,v1,Running,True
1779284733,productpage,v1,Running,True
1779284733,productpage,v1,Running,True
1779284733,productpage,v1,Running,True
1779284733,productpage,v1,Running,True
1779284733,productpage,v1,Running,True
1779284733,productpage,v1,Running,True
1779284733,productpage,v1,Running,True
1779284733,productpage,v1,Running,True
1779284733,productpage,v1,Running,True
1779284733,productpage,v1,Running,True
1779284733,productpage,v1,Running,True
1779284733,ratings,v1,Running,True
1779284733,reviews,v1,Running,True
1779284733,reviews,v2,Running,True
1779284733,reviews,v2,Running,True
1779284733,reviews,v2,Running,True
1779284733,reviews,v2,Running,True
1779284733,reviews,v3,Running,True
1779284735,details,v1,Running,True
1779284735,details,v1,Running,True
1779284735,details,v1,Running,True
1779284735,details,v1,Running,True
1779284735,details,v1,Running,True
1779284735,details,v1,Running,True
1779284735,productpage,v1,Running,True
1779284735,productpage,v1,Running,True
1779284735,productpage,v1,Running,True
1779284735,productpage,v1,Running,True
1779284735,productpage,v1,Running,True
1779284735,productpage,v1,Running,True
1779284735,productpage,v1,Running,True
1779284735,productpage,v1,Running,True
1779284735,productpage,v1,Running,True
1779284735,productpage,v1,Running,True
1779284735,productpage,v1,Running,True
1779284735,productpage,v1,Running,True
1779284735,productpage,v1,Running,True
1779284735,productpage,v1,Running,True
1779284735,productpage,v1,Running,True
1779284735,productpage,v1,Running,True
1779284735,productpage,v1,Running,True
1779284735,productpage,v1,Running,True
1779284735,productpage,v1,Running,True
1779284735,productpage,v1,Running,True
1779284735,ratings,v1,Running,True
1779284735,reviews,v1,Running,True
1779284735,reviews,v2,Running,True
1779284735,reviews,v2,Running,True
1779284735,reviews,v2,Running,True
1779284735,reviews,v2,Running,True
1779284735,reviews,v3,Running,True
1779284736,details,v1,Running,True
1779284736,details,v1,Running,True
1779284736,details,v1,Running,True
1779284736,details,v1,Running,True
1779284736,details,v1,Running,True
1779284736,details,v1,Running,True
1779284736,productpage,v1,Running,True
1779284736,productpage,v1,Running,True
1779284736,productpage,v1,Running,True
1779284736,productpage,v1,Running,True
1779284736,productpage,v1,Running,True
1779284736,productpage,v1,Running,True
1779284736,productpage,v1,Running,True
1779284736,productpage,v1,Running,True
1779284736,productpage,v1,Running,True
1779284736,productpage,v1,Running,True
1779284736,productpage,v1,Running,True
1779284736,productpage,v1,Running,True
1779284736,productpage,v1,Running,True
1779284736,productpage,v1,Running,True
1779284736,productpage,v1,Running,True
1779284736,productpage,v1,Running,True
1779284736,productpage,v1,Running,True
1779284736,productpage,v1,Running,True
1779284736,productpage,v1,Running,True
1779284736,productpage,v1,Running,True
1779284736,ratings,v1,Running,True
1779284736,reviews,v1,Running,True
1779284736,reviews,v2,Running,True
1779284736,reviews,v2,Running,True
1779284736,reviews,v2,Running,True
1779284736,reviews,v2,Running,True
1779284736,reviews,v3,Running,True
1779284737,details,v1,Running,True
1779284737,details,v1,Running,True
1779284737,details,v1,Running,True
1779284737,details,v1,Running,True
1779284737,details,v1,Running,True
1779284737,details,v1,Running,True
1779284737,productpage,v1,Running,True
1779284737,productpage,v1,Running,True
1779284737,productpage,v1,Running,True
1779284737,productpage,v1,Running,True
1779284737,productpage,v1,Running,True
1779284737,productpage,v1,Running,True
1779284737,productpage,v1,Running,True
1779284737,productpage,v1,Running,True
1779284737,productpage,v1,Running,True
1779284737,productpage,v1,Running,True
1779284737,productpage,v1,Running,True
1779284737,productpage,v1,Running,True
1779284737,productpage,v1,Running,True
1779284737,productpage,v1,Running,True
1779284737,productpage,v1,Running,True
1779284737,productpage,v1,Running,True
1779284737,productpage,v1,Running,True
1779284737,productpage,v1,Running,True
1779284737,productpage,v1,Running,True
1779284737,productpage,v1,Running,True
1779284737,ratings,v1,Running,True
1779284737,reviews,v1,Running,True
1779284737,reviews,v2,Running,True
1779284737,reviews,v2,Running,True
1779284737,reviews,v2,Running,True
1779284737,reviews,v2,Running,True
1779284737,reviews,v3,Running,True
1779284738,details,v1,Running,True
1779284738,details,v1,Running,True
1779284738,details,v1,Running,True
1779284738,details,v1,Running,True
1779284738,details,v1,Running,True
1779284738,details,v1,Running,True
1779284738,productpage,v1,Running,True
1779284738,productpage,v1,Running,True
1779284738,productpage,v1,Running,True
1779284738,productpage,v1,Running,True
1779284738,productpage,v1,Running,True
1779284738,productpage,v1,Running,True
1779284738,productpage,v1,Running,True
1779284738,productpage,v1,Running,True
1779284738,productpage,v1,Running,True
1779284738,productpage,v1,Running,True
1779284738,productpage,v1,Running,True
1779284738,productpage,v1,Running,True
1779284738,productpage,v1,Running,True
1779284738,productpage,v1,Running,True
1779284738,productpage,v1,Running,True
1779284738,productpage,v1,Running,True
1779284738,productpage,v1,Running,True
1779284738,productpage,v1,Running,True
1779284738,productpage,v1,Running,True
1779284738,productpage,v1,Running,True
1779284738,ratings,v1,Running,True
1779284738,reviews,v1,Running,True
1779284738,reviews,v2,Running,True
1779284738,reviews,v2,Running,True
1779284738,reviews,v2,Running,True
1779284738,reviews,v2,Running,True
1779284738,reviews,v3,Running,True
1779284739,details,v1,Running,True
1779284739,details,v1,Running,True
1779284739,details,v1,Running,True
1779284739,details,v1,Running,True
1779284739,details,v1,Running,True
1779284739,details,v1,Running,True
1779284739,productpage,v1,Running,True
1779284739,productpage,v1,Running,True
1779284739,productpage,v1,Running,True
1779284739,productpage,v1,Running,True
1779284739,productpage,v1,Running,True
1779284739,productpage,v1,Running,True
1779284739,productpage,v1,Running,True
1779284739,productpage,v1,Running,True
1779284739,productpage,v1,Running,True
1779284739,productpage,v1,Running,True
1779284739,productpage,v1,Running,True
1779284739,productpage,v1,Running,True
1779284739,productpage,v1,Running,True
1779284739,productpage,v1,Running,True
1779284739,productpage,v1,Running,True
1779284739,productpage,v1,Running,True
1779284739,productpage,v1,Running,True
1779284739,productpage,v1,Running,True
1779284739,productpage,v1,Running,True
1779284739,productpage,v1,Running,True
1779284739,ratings,v1,Running,True
1779284739,reviews,v1,Running,True
1779284739,reviews,v2,Running,True
1779284739,reviews,v2,Running,True
1779284739,reviews,v2,Running,True
1779284739,reviews,v2,Running,True
1779284739,reviews,v3,Running,True
1779284740,details,v1,Running,True
1779284740,details,v1,Running,True
1779284740,details,v1,Running,True
1779284740,details,v1,Running,True
1779284740,details,v1,Running,True
1779284740,details,v1,Running,True
1779284740,productpage,v1,Running,True
1779284740,productpage,v1,Running,True
1779284740,productpage,v1,Running,True
1779284740,productpage,v1,Running,True
1779284740,productpage,v1,Running,True
1779284740,productpage,v1,Running,True
1779284740,productpage,v1,Running,True
1779284740,productpage,v1,Running,True
1779284740,productpage,v1,Running,True
1779284740,productpage,v1,Running,True
1779284740,productpage,v1,Running,True
1779284740,productpage,v1,Running,True
1779284740,productpage,v1,Running,True
1779284740,productpage,v1,Running,True
1779284740,productpage,v1,Running,True
1779284740,productpage,v1,Running,True
1779284740,productpage,v1,Running,True
1779284740,productpage,v1,Running,True
1779284740,productpage,v1,Running,True
1779284740,productpage,v1,Running,True
1779284740,ratings,v1,Running,True
1779284740,reviews,v1,Running,True
1779284740,reviews,v2,Running,True
1779284740,reviews,v2,Running,True
1779284740,reviews,v2,Running,True
1779284740,reviews,v2,Running,True
1779284740,reviews,v3,Running,True
1779284741,details,v1,Running,True
1779284741,details,v1,Running,True
1779284741,details,v1,Running,True
1779284741,details,v1,Running,True
1779284741,details,v1,Running,True
1779284741,details,v1,Running,True
1779284741,productpage,v1,Running,True
1779284741,productpage,v1,Running,True
1779284741,productpage,v1,Running,True
1779284741,productpage,v1,Running,True
1779284741,productpage,v1,Running,True
1779284741,productpage,v1,Running,True
1779284741,productpage,v1,Running,True
1779284741,productpage,v1,Running,True
1779284741,productpage,v1,Running,True
1779284741,productpage,v1,Running,True
1779284741,productpage,v1,Running,True
1779284741,productpage,v1,Running,True
1779284741,productpage,v1,Running,True
1779284741,productpage,v1,Running,True
1779284741,productpage,v1,Running,True
1779284741,productpage,v1,Running,True
1779284741,productpage,v1,Running,True
1779284741,productpage,v1,Running,True
1779284741,productpage,v1,Running,True
1779284741,productpage,v1,Running,True
1779284741,ratings,v1,Running,True
1779284741,reviews,v1,Running,True
1779284741,reviews,v2,Running,True
1779284741,reviews,v2,Running,True
1779284741,reviews,v2,Running,True
1779284741,reviews,v2,Running,True
1779284741,reviews,v3,Running,True
1779284742,details,v1,Running,True
1779284742,details,v1,Running,True
1779284742,details,v1,Running,True
1779284742,details,v1,Running,True
1779284742,details,v1,Running,True
1779284742,details,v1,Running,True
1779284742,productpage,v1,Running,True
1779284742,productpage,v1,Running,True
1779284742,productpage,v1,Running,True
1779284742,productpage,v1,Running,True
1779284742,productpage,v1,Running,True
1779284742,productpage,v1,Running,True
1779284742,productpage,v1,Running,True
1779284742,productpage,v1,Running,True
1779284742,productpage,v1,Running,True
1779284742,productpage,v1,Running,True
1779284742,productpage,v1,Running,True
1779284742,productpage,v1,Running,True
1779284742,productpage,v1,Running,True
1779284742,productpage,v1,Running,True
1779284742,productpage,v1,Running,True
1779284742,productpage,v1,Running,True
1779284742,productpage,v1,Running,True
1779284742,productpage,v1,Running,True
1779284742,productpage,v1,Running,True
1779284742,productpage,v1,Running,True
1779284742,ratings,v1,Running,True
1779284742,reviews,v1,Running,True
1779284742,reviews,v2,Running,True
1779284742,reviews,v2,Running,True
1779284742,reviews,v2,Running,True
1779284742,reviews,v2,Running,True
1779284742,reviews,v3,Running,True
1779284743,details,v1,Running,True
1779284743,details,v1,Running,True
1779284743,details,v1,Running,True
1779284743,details,v1,Running,True
1779284743,details,v1,Running,True
1779284743,details,v1,Running,True
1779284743,productpage,v1,Running,True
1779284743,productpage,v1,Running,True
1779284743,productpage,v1,Running,True
1779284743,productpage,v1,Running,True
1779284743,productpage,v1,Running,True
1779284743,productpage,v1,Running,True
1779284743,productpage,v1,Running,True
1779284743,productpage,v1,Running,True
1779284743,productpage,v1,Running,True
1779284743,productpage,v1,Running,True
1779284743,productpage,v1,Running,True
1779284743,productpage,v1,Running,True
1779284743,productpage,v1,Running,True
1779284743,productpage,v1,Running,True
1779284743,productpage,v1,Running,True
1779284743,productpage,v1,Running,True
1779284743,productpage,v1,Running,True
1779284743,productpage,v1,Running,True
1779284743,productpage,v1,Running,True
1779284743,productpage,v1,Running,True
1779284743,ratings,v1,Running,True
1779284743,reviews,v1,Running,True
1779284743,reviews,v2,Running,True
1779284743,reviews,v2,Running,True
1779284743,reviews,v2,Running,True
1779284743,reviews,v2,Running,True
1779284743,reviews,v3,Running,True
1779284744,details,v1,Running,True
1779284744,details,v1,Running,True
1779284744,details,v1,Running,True
1779284744,details,v1,Running,True
1779284744,details,v1,Running,True
1779284744,details,v1,Running,True
1779284744,productpage,v1,Running,True
1779284744,productpage,v1,Running,True
1779284744,productpage,v1,Running,True
1779284744,productpage,v1,Running,True
1779284744,productpage,v1,Running,True
1779284744,productpage,v1,Running,True
1779284744,productpage,v1,Running,True
1779284744,productpage,v1,Running,True
1779284744,productpage,v1,Running,True
1779284744,productpage,v1,Running,True
1779284744,productpage,v1,Running,True
1779284744,productpage,v1,Running,True
1779284744,productpage,v1,Running,True
1779284744,productpage,v1,Running,True
1779284744,productpage,v1,Running,True
1779284744,productpage,v1,Running,True
1779284744,productpage,v1,Running,True
1779284744,productpage,v1,Running,True
1779284744,productpage,v1,Running,True
1779284744,productpage,v1,Running,True
1779284744,ratings,v1,Running,True
1779284744,reviews,v1,Running,True
1779284744,reviews,v2,Running,True
1779284744,reviews,v2,Running,True
1779284744,reviews,v2,Running,True
1779284744,reviews,v2,Running,True
1779284744,reviews,v3,Running,True
1779284745,details,v1,Running,True
1779284745,details,v1,Running,True
1779284745,details,v1,Running,True
1779284745,details,v1,Running,True
1779284745,details,v1,Running,True
1779284745,details,v1,Running,True
1779284745,productpage,v1,Running,True
1779284745,productpage,v1,Running,True
1779284745,productpage,v1,Running,True
1779284745,productpage,v1,Running,True
1779284745,productpage,v1,Running,True
1779284745,productpage,v1,Running,True
1779284745,productpage,v1,Running,True
1779284745,productpage,v1,Running,True
1779284745,productpage,v1,Running,True
1779284745,productpage,v1,Running,True
1779284745,productpage,v1,Running,True
1779284745,productpage,v1,Running,True
1779284745,productpage,v1,Running,True
1779284745,productpage,v1,Running,True
1779284745,productpage,v1,Running,True
1779284745,productpage,v1,Running,True
1779284745,productpage,v1,Running,True
1779284745,productpage,v1,Running,True
1779284745,productpage,v1,Running,True
1779284745,productpage,v1,Running,True
1779284745,ratings,v1,Running,True
1779284745,reviews,v1,Running,True
1779284745,reviews,v2,Running,True
1779284745,reviews,v2,Running,True
1779284745,reviews,v2,Running,True
1779284745,reviews,v2,Running,True
1779284745,reviews,v3,Running,True
1779284746,details,v1,Running,True
1779284746,details,v1,Running,True
1779284746,details,v1,Running,True
1779284746,details,v1,Running,True
1779284746,details,v1,Running,True
1779284746,details,v1,Running,True
1779284746,productpage,v1,Running,True
1779284746,productpage,v1,Running,True
1779284746,productpage,v1,Running,True
1779284746,productpage,v1,Running,True
1779284746,productpage,v1,Running,True
1779284746,productpage,v1,Running,True
1779284746,productpage,v1,Running,True
1779284746,productpage,v1,Running,True
1779284746,productpage,v1,Running,True
1779284746,productpage,v1,Running,True
1779284746,productpage,v1,Running,True
1779284746,productpage,v1,Running,True
1779284746,productpage,v1,Running,True
1779284746,productpage,v1,Running,True
1779284746,productpage,v1,Running,True
1779284746,productpage,v1,Running,True
1779284746,productpage,v1,Running,True
1779284746,productpage,v1,Running,True
1779284746,productpage,v1,Running,True
1779284746,productpage,v1,Running,True
1779284746,ratings,v1,Running,True
1779284746,reviews,v1,Running,True
1779284746,reviews,v2,Running,True
1779284746,reviews,v2,Running,True
1779284746,reviews,v2,Running,True
1779284746,reviews,v2,Running,True
1779284746,reviews,v3,Running,True
1779284747,details,v1,Running,True
1779284747,details,v1,Running,True
1779284747,details,v1,Running,True
1779284747,details,v1,Running,True
1779284747,details,v1,Running,True
1779284747,details,v1,Running,True
1779284747,productpage,v1,Running,True
1779284747,productpage,v1,Running,True
1779284747,productpage,v1,Running,True
1779284747,productpage,v1,Running,True
1779284747,productpage,v1,Running,True
1779284747,productpage,v1,Running,True
1779284747,productpage,v1,Running,True
1779284747,productpage,v1,Running,True
1779284747,productpage,v1,Running,True
1779284747,productpage,v1,Running,True
1779284747,productpage,v1,Running,True
1779284747,productpage,v1,Running,True
1779284747,productpage,v1,Running,True
1779284747,productpage,v1,Running,True
1779284747,productpage,v1,Running,True
1779284747,productpage,v1,Running,True
1779284747,productpage,v1,Running,True
1779284747,productpage,v1,Running,True
1779284747,productpage,v1,Running,True
1779284747,productpage,v1,Running,True
1779284747,ratings,v1,Running,True
1779284747,reviews,v1,Running,True
1779284747,reviews,v2,Running,True
1779284747,reviews,v2,Running,True
1779284747,reviews,v2,Running,True
1779284747,reviews,v2,Running,True
1779284747,reviews,v3,Running,True
1779284748,details,v1,Running,True
1779284748,details,v1,Running,True
1779284748,details,v1,Running,True
1779284748,details,v1,Running,True
1779284748,details,v1,Running,True
1779284748,details,v1,Running,True
1779284748,productpage,v1,Running,True
1779284748,productpage,v1,Running,True
1779284748,productpage,v1,Running,True
1779284748,productpage,v1,Running,True
1779284748,productpage,v1,Running,True
1779284748,productpage,v1,Running,True
1779284748,productpage,v1,Running,True
1779284748,productpage,v1,Running,True
1779284748,productpage,v1,Running,True
1779284748,productpage,v1,Running,True
1779284748,productpage,v1,Running,True
1779284748,productpage,v1,Running,True
1779284748,productpage,v1,Running,True
1779284748,productpage,v1,Running,True
1779284748,productpage,v1,Running,True
1779284748,productpage,v1,Running,True
1779284748,productpage,v1,Running,True
1779284748,productpage,v1,Running,True
1779284748,productpage,v1,Running,True
1779284748,productpage,v1,Running,True
1779284748,ratings,v1,Running,True
1779284748,reviews,v1,Running,True
1779284748,reviews,v2,Running,True
1779284748,reviews,v2,Running,True
1779284748,reviews,v2,Running,True
1779284748,reviews,v2,Running,True
1779284748,reviews,v3,Running,True
1779284749,details,v1,Running,True
1779284749,details,v1,Running,True
1779284749,details,v1,Running,True
1779284749,details,v1,Running,True
1779284749,details,v1,Running,True
1779284749,details,v1,Running,True
1779284749,productpage,v1,Running,True
1779284749,productpage,v1,Running,True
1779284749,productpage,v1,Running,True
1779284749,productpage,v1,Running,True
1779284749,productpage,v1,Running,True
1779284749,productpage,v1,Running,True
1779284749,productpage,v1,Running,True
1779284749,productpage,v1,Running,True
1779284749,productpage,v1,Running,True
1779284749,productpage,v1,Running,True
1779284749,productpage,v1,Running,True
1779284749,productpage,v1,Running,True
1779284749,productpage,v1,Running,True
1779284749,productpage,v1,Running,True
1779284749,productpage,v1,Running,True
1779284749,productpage,v1,Running,True
1779284749,productpage,v1,Running,True
1779284749,productpage,v1,Running,True
1779284749,productpage,v1,Running,True
1779284749,productpage,v1,Running,True
1779284749,ratings,v1,Running,True
1779284749,reviews,v1,Running,True
1779284749,reviews,v2,Running,True
1779284749,reviews,v2,Running,True
1779284749,reviews,v2,Running,True
1779284749,reviews,v2,Running,True
1779284749,reviews,v3,Running,True
1779284750,details,v1,Running,True
1779284750,details,v1,Running,True
1779284750,details,v1,Running,True
1779284750,details,v1,Running,True
1779284750,details,v1,Running,True
1779284750,details,v1,Running,True
1779284750,productpage,v1,Running,True
1779284750,productpage,v1,Running,True
1779284750,productpage,v1,Running,True
1779284750,productpage,v1,Running,True
1779284750,productpage,v1,Running,True
1779284750,productpage,v1,Running,True
1779284750,productpage,v1,Running,True
1779284750,productpage,v1,Running,True
1779284750,productpage,v1,Running,True
1779284750,productpage,v1,Running,True
1779284750,productpage,v1,Running,True
1779284750,productpage,v1,Running,True
1779284750,productpage,v1,Running,True
1779284750,productpage,v1,Running,True
1779284750,productpage,v1,Running,True
1779284750,productpage,v1,Running,True
1779284750,productpage,v1,Running,True
1779284750,productpage,v1,Running,True
1779284750,productpage,v1,Running,True
1779284750,productpage,v1,Running,True
1779284750,ratings,v1,Running,True
1779284750,reviews,v1,Running,True
1779284750,reviews,v2,Running,True
1779284750,reviews,v2,Running,True
1779284750,reviews,v2,Running,True
1779284750,reviews,v2,Running,True
1779284750,reviews,v3,Running,True
1779284751,details,v1,Running,True
1779284751,details,v1,Running,True
1779284751,details,v1,Running,True
1779284751,details,v1,Running,True
1779284751,details,v1,Running,True
1779284751,details,v1,Running,True
1779284751,productpage,v1,Running,True
1779284751,productpage,v1,Running,True
1779284751,productpage,v1,Running,True
1779284751,productpage,v1,Running,True
1779284751,productpage,v1,Running,True
1779284751,productpage,v1,Running,True
1779284751,productpage,v1,Running,True
1779284751,productpage,v1,Running,True
1779284751,productpage,v1,Running,True
1779284751,productpage,v1,Running,True
1779284751,productpage,v1,Running,True
1779284751,productpage,v1,Running,True
1779284751,productpage,v1,Running,True
1779284751,productpage,v1,Running,True
1779284751,productpage,v1,Running,True
1779284751,productpage,v1,Running,True
1779284751,productpage,v1,Running,True
1779284751,productpage,v1,Running,True
1779284751,productpage,v1,Running,True
1779284751,productpage,v1,Running,True
1779284751,ratings,v1,Running,True
1779284751,reviews,v1,Running,True
1779284751,reviews,v2,Running,True
1779284751,reviews,v2,Running,True
1779284751,reviews,v2,Running,True
1779284751,reviews,v2,Running,True
1779284751,reviews,v3,Running,True
1779284752,details,v1,Running,True
1779284752,details,v1,Running,True
1779284752,details,v1,Running,True
1779284752,details,v1,Running,True
1779284752,details,v1,Running,True
1779284752,details,v1,Running,True
1779284752,productpage,v1,Running,True
1779284752,productpage,v1,Running,True
1779284752,productpage,v1,Running,True
1779284752,productpage,v1,Running,True
1779284752,productpage,v1,Running,True
1779284752,productpage,v1,Running,True
1779284752,productpage,v1,Running,True
1779284752,productpage,v1,Running,True
1779284752,productpage,v1,Running,True
1779284752,productpage,v1,Running,True
1779284752,productpage,v1,Running,True
1779284752,productpage,v1,Running,True
1779284752,productpage,v1,Running,True
1779284752,productpage,v1,Running,True
1779284752,productpage,v1,Running,True
1779284752,productpage,v1,Running,True
1779284752,productpage,v1,Running,True
1779284752,productpage,v1,Running,True
1779284752,productpage,v1,Running,True
1779284752,productpage,v1,Running,True
1779284752,ratings,v1,Running,True
1779284752,reviews,v1,Running,True
1779284752,reviews,v2,Running,True
1779284752,reviews,v2,Running,True
1779284752,reviews,v2,Running,True
1779284752,reviews,v2,Running,True
1779284752,reviews,v3,Running,True
1779284753,details,v1,Running,True
1779284753,details,v1,Running,True
1779284753,details,v1,Running,True
1779284753,details,v1,Running,True
1779284753,details,v1,Running,True
1779284753,details,v1,Running,True
1779284753,productpage,v1,Running,True
1779284753,productpage,v1,Running,True
1779284753,productpage,v1,Running,True
1779284753,productpage,v1,Running,True
1779284753,productpage,v1,Running,True
1779284753,productpage,v1,Running,True
1779284753,productpage,v1,Running,True
1779284753,productpage,v1,Running,True
1779284753,productpage,v1,Running,True
1779284753,productpage,v1,Running,True
1779284753,productpage,v1,Running,True
1779284753,productpage,v1,Running,True
1779284753,productpage,v1,Running,True
1779284753,productpage,v1,Running,True
1779284753,productpage,v1,Running,True
1779284753,productpage,v1,Running,True
1779284753,productpage,v1,Running,True
1779284753,productpage,v1,Running,True
1779284753,productpage,v1,Running,True
1779284753,productpage,v1,Running,True
1779284753,ratings,v1,Running,True
1779284753,reviews,v1,Running,True
1779284753,reviews,v2,Running,True
1779284753,reviews,v2,Running,True
1779284753,reviews,v2,Running,True
1779284753,reviews,v2,Running,True
1779284753,reviews,v3,Running,True
1779284754,details,v1,Running,True
1779284754,details,v1,Running,True
1779284754,details,v1,Running,True
1779284754,details,v1,Running,True
1779284754,details,v1,Running,True
1779284754,details,v1,Running,True
1779284754,productpage,v1,Running,True
1779284754,productpage,v1,Running,True
1779284754,productpage,v1,Running,True
1779284754,productpage,v1,Running,True
1779284754,productpage,v1,Running,True
1779284754,productpage,v1,Running,True
1779284754,productpage,v1,Running,True
1779284754,productpage,v1,Running,True
1779284754,productpage,v1,Running,True
1779284754,productpage,v1,Running,True
1779284754,productpage,v1,Running,True
1779284754,productpage,v1,Running,True
1779284754,productpage,v1,Running,True
1779284754,productpage,v1,Running,True
1779284754,productpage,v1,Running,True
1779284754,productpage,v1,Running,True
1779284754,productpage,v1,Running,True
1779284754,productpage,v1,Running,True
1779284754,productpage,v1,Running,True
1779284754,productpage,v1,Running,True
1779284754,ratings,v1,Running,True
1779284754,reviews,v1,Running,True
1779284754,reviews,v2,Running,True
1779284754,reviews,v2,Running,True
1779284754,reviews,v2,Running,True
1779284754,reviews,v2,Running,True
1779284754,reviews,v3,Running,True
1779284755,details,v1,Running,True
1779284755,details,v1,Running,True
1779284755,details,v1,Running,True
1779284755,details,v1,Running,True
1779284755,details,v1,Running,True
1779284755,details,v1,Running,True
1779284755,productpage,v1,Running,True
1779284755,productpage,v1,Running,True
1779284755,productpage,v1,Running,True
1779284755,productpage,v1,Running,True
1779284755,productpage,v1,Running,True
1779284755,productpage,v1,Running,True
1779284755,productpage,v1,Running,True
1779284755,productpage,v1,Running,True
1779284755,productpage,v1,Running,True
1779284755,productpage,v1,Running,True
1779284755,productpage,v1,Running,True
1779284755,productpage,v1,Running,True
1779284755,productpage,v1,Running,True
1779284755,productpage,v1,Running,True
1779284755,productpage,v1,Running,True
1779284755,productpage,v1,Running,True
1779284755,productpage,v1,Running,True
1779284755,productpage,v1,Running,True
1779284755,productpage,v1,Running,True
1779284755,productpage,v1,Running,True
1779284755,ratings,v1,Running,True
1779284755,reviews,v1,Running,True
1779284755,reviews,v2,Running,True
1779284755,reviews,v2,Running,True
1779284755,reviews,v2,Running,True
1779284755,reviews,v2,Running,True
1779284755,reviews,v3,Running,True
1779284756,details,v1,Running,True
1779284756,details,v1,Running,True
1779284756,details,v1,Running,True
1779284756,details,v1,Running,True
1779284756,details,v1,Running,True
1779284756,details,v1,Running,True
1779284756,productpage,v1,Running,True
1779284756,productpage,v1,Running,True
1779284756,productpage,v1,Running,True
1779284756,productpage,v1,Running,True
1779284756,productpage,v1,Running,True
1779284756,productpage,v1,Running,True
1779284756,productpage,v1,Running,True
1779284756,productpage,v1,Running,True
1779284756,productpage,v1,Running,True
1779284756,productpage,v1,Running,True
1779284756,productpage,v1,Running,True
1779284756,productpage,v1,Running,True
1779284756,productpage,v1,Running,True
1779284756,productpage,v1,Running,True
1779284756,productpage,v1,Running,True
1779284756,productpage,v1,Running,True
1779284756,productpage,v1,Running,True
1779284756,productpage,v1,Running,True
1779284756,productpage,v1,Running,True
1779284756,productpage,v1,Running,True
1779284756,ratings,v1,Running,True
1779284756,reviews,v1,Running,True
1779284756,reviews,v2,Running,True
1779284756,reviews,v2,Running,True
1779284756,reviews,v2,Running,True
1779284756,reviews,v2,Running,True
1779284756,reviews,v3,Running,True
1779284757,details,v1,Running,True
1779284757,details,v1,Running,True
1779284757,details,v1,Running,True
1779284757,details,v1,Running,True
1779284757,details,v1,Running,True
1779284757,details,v1,Running,True
1779284757,productpage,v1,Running,True
1779284757,productpage,v1,Running,True
1779284757,productpage,v1,Running,True
1779284757,productpage,v1,Running,True
1779284757,productpage,v1,Running,True
1779284757,productpage,v1,Running,True
1779284757,productpage,v1,Running,True
1779284757,productpage,v1,Running,True
1779284757,productpage,v1,Running,True
1779284757,productpage,v1,Running,True
1779284757,productpage,v1,Running,True
1779284757,productpage,v1,Running,True
1779284757,productpage,v1,Running,True
1779284757,productpage,v1,Running,True
1779284757,productpage,v1,Running,True
1779284757,productpage,v1,Running,True
1779284757,productpage,v1,Running,True
1779284757,productpage,v1,Running,True
1779284757,productpage,v1,Running,True
1779284757,productpage,v1,Running,True
1779284757,ratings,v1,Running,True
1779284757,reviews,v1,Running,True
1779284757,reviews,v2,Running,True
1779284757,reviews,v2,Running,True
1779284757,reviews,v2,Running,True
1779284757,reviews,v2,Running,True
1779284757,reviews,v3,Running,True
1779284758,details,v1,Running,True
1779284758,details,v1,Running,True
1779284758,details,v1,Running,True
1779284758,details,v1,Running,True
1779284758,details,v1,Running,True
1779284758,details,v1,Running,True
1779284758,productpage,v1,Running,True
1779284758,productpage,v1,Running,True
1779284758,productpage,v1,Running,True
1779284758,productpage,v1,Running,True
1779284758,productpage,v1,Running,True
1779284758,productpage,v1,Running,True
1779284758,productpage,v1,Running,True
1779284758,productpage,v1,Running,True
1779284758,productpage,v1,Running,True
1779284758,productpage,v1,Running,True
1779284758,productpage,v1,Running,True
1779284758,productpage,v1,Running,True
1779284758,productpage,v1,Running,True
1779284758,productpage,v1,Running,True
1779284758,productpage,v1,Running,True
1779284758,productpage,v1,Running,True
1779284758,productpage,v1,Running,True
1779284758,productpage,v1,Running,True
1779284758,productpage,v1,Running,True
1779284758,productpage,v1,Running,True
1779284758,ratings,v1,Running,True
1779284758,reviews,v1,Running,True
1779284758,reviews,v2,Running,True
1779284758,reviews,v2,Running,True
1779284758,reviews,v2,Running,True
1779284758,reviews,v2,Running,True
1779284758,reviews,v3,Running,True
1779284759,details,v1,Running,True
1779284759,details,v1,Running,True
1779284759,details,v1,Running,True
1779284759,details,v1,Running,True
1779284759,details,v1,Running,True
1779284759,details,v1,Running,True
1779284759,productpage,v1,Running,True
1779284759,productpage,v1,Running,True
1779284759,productpage,v1,Running,True
1779284759,productpage,v1,Running,True
1779284759,productpage,v1,Running,True
1779284759,productpage,v1,Running,True
1779284759,productpage,v1,Running,True
1779284759,productpage,v1,Running,True
1779284759,productpage,v1,Running,True
1779284759,productpage,v1,Running,True
1779284759,productpage,v1,Running,True
1779284759,productpage,v1,Running,True
1779284759,productpage,v1,Running,True
1779284759,productpage,v1,Running,True
1779284759,productpage,v1,Running,True
1779284759,productpage,v1,Running,True
1779284759,productpage,v1,Running,True
1779284759,productpage,v1,Running,True
1779284759,productpage,v1,Running,True
1779284759,productpage,v1,Running,True
1779284759,ratings,v1,Running,True
1779284759,reviews,v1,Running,True
1779284759,reviews,v2,Running,True
1779284759,reviews,v2,Running,True
1779284759,reviews,v2,Running,True
1779284759,reviews,v2,Running,True
1779284759,reviews,v3,Running,True
1779284760,details,v1,Running,True
1779284760,details,v1,Running,True
1779284760,details,v1,Running,True
1779284760,details,v1,Running,True
1779284760,details,v1,Running,True
1779284760,details,v1,Running,True
1779284760,productpage,v1,Running,True
1779284760,productpage,v1,Running,True
1779284760,productpage,v1,Running,True
1779284760,productpage,v1,Running,True
1779284760,productpage,v1,Running,True
1779284760,productpage,v1,Running,True
1779284760,productpage,v1,Running,True
1779284760,productpage,v1,Running,True
1779284760,productpage,v1,Running,True
1779284760,productpage,v1,Running,True
1779284760,productpage,v1,Running,True
1779284760,productpage,v1,Running,True
1779284760,productpage,v1,Running,True
1779284760,productpage,v1,Running,True
1779284760,productpage,v1,Running,True
1779284760,productpage,v1,Running,True
1779284760,productpage,v1,Running,True
1779284760,productpage,v1,Running,True
1779284760,productpage,v1,Running,True
1779284760,productpage,v1,Running,True
1779284760,ratings,v1,Running,True
1779284760,reviews,v1,Running,True
1779284760,reviews,v2,Running,True
1779284760,reviews,v2,Running,True
1779284760,reviews,v2,Running,True
1779284760,reviews,v2,Running,True
1779284760,reviews,v3,Running,True
1779284761,details,v1,Running,True
1779284761,details,v1,Running,True
1779284761,details,v1,Running,True
1779284761,details,v1,Running,True
1779284761,details,v1,Running,True
1779284761,details,v1,Running,True
1779284761,productpage,v1,Running,True
1779284761,productpage,v1,Running,True
1779284761,productpage,v1,Running,True
1779284761,productpage,v1,Running,True
1779284761,productpage,v1,Running,True
1779284761,productpage,v1,Running,True
1779284761,productpage,v1,Running,True
1779284761,productpage,v1,Running,True
1779284761,productpage,v1,Running,True
1779284761,productpage,v1,Running,True
1779284761,productpage,v1,Running,True
1779284761,productpage,v1,Running,True
1779284761,productpage,v1,Running,True
1779284761,productpage,v1,Running,True
1779284761,productpage,v1,Running,True
1779284761,productpage,v1,Running,True
1779284761,productpage,v1,Running,True
1779284761,productpage,v1,Running,True
1779284761,productpage,v1,Running,True
1779284761,productpage,v1,Running,True
1779284761,ratings,v1,Running,True
1779284761,reviews,v1,Running,True
1779284761,reviews,v2,Running,True
1779284761,reviews,v2,Running,True
1779284761,reviews,v2,Running,True
1779284761,reviews,v2,Running,True
1779284761,reviews,v3,Running,True
1779284762,details,v1,Running,True
1779284762,details,v1,Running,True
1779284762,details,v1,Running,True
1779284762,details,v1,Running,True
1779284762,details,v1,Running,True
1779284762,details,v1,Running,True
1779284762,productpage,v1,Running,True
1779284762,productpage,v1,Running,True
1779284762,productpage,v1,Running,True
1779284762,productpage,v1,Running,True
1779284762,productpage,v1,Running,True
1779284762,productpage,v1,Running,True
1779284762,productpage,v1,Running,True
1779284762,productpage,v1,Running,True
1779284762,productpage,v1,Running,True
1779284762,productpage,v1,Running,True
1779284762,productpage,v1,Running,True
1779284762,productpage,v1,Running,True
1779284762,productpage,v1,Running,True
1779284762,productpage,v1,Running,True
1779284762,productpage,v1,Running,True
1779284762,productpage,v1,Running,True
1779284762,productpage,v1,Running,True
1779284762,productpage,v1,Running,True
1779284762,productpage,v1,Running,True
1779284762,productpage,v1,Running,True
1779284762,ratings,v1,Running,True
1779284762,reviews,v1,Running,True
1779284762,reviews,v2,Running,True
1779284762,reviews,v2,Running,True
1779284762,reviews,v2,Running,True
1779284762,reviews,v2,Running,True
1779284762,reviews,v3,Running,True
1779284763,details,v1,Running,True
1779284763,details,v1,Running,True
1779284763,details,v1,Running,True
1779284763,details,v1,Running,True
1779284763,details,v1,Running,True
1779284763,details,v1,Running,True
1779284763,productpage,v1,Running,True
1779284763,productpage,v1,Running,True
1779284763,productpage,v1,Running,True
1779284763,productpage,v1,Running,True
1779284763,productpage,v1,Running,True
1779284763,productpage,v1,Running,True
1779284763,productpage,v1,Running,True
1779284763,productpage,v1,Running,True
1779284763,productpage,v1,Running,True
1779284763,productpage,v1,Running,True
1779284763,productpage,v1,Running,True
1779284763,productpage,v1,Running,True
1779284763,productpage,v1,Running,True
1779284763,productpage,v1,Running,True
1779284763,productpage,v1,Running,True
1779284763,productpage,v1,Running,True
1779284763,productpage,v1,Running,True
1779284763,productpage,v1,Running,True
1779284763,productpage,v1,Running,True
1779284763,productpage,v1,Running,True
1779284763,ratings,v1,Running,True
1779284763,reviews,v1,Running,True
1779284763,reviews,v2,Running,True
1779284763,reviews,v2,Running,True
1779284763,reviews,v2,Running,True
1779284763,reviews,v2,Running,True
1779284763,reviews,v3,Running,True
1779284764,details,v1,Running,True
1779284764,details,v1,Running,True
1779284764,details,v1,Running,True
1779284764,details,v1,Running,True
1779284764,details,v1,Running,True
1779284764,details,v1,Running,True
1779284764,productpage,v1,Running,True
1779284764,productpage,v1,Running,True
1779284764,productpage,v1,Running,True
1779284764,productpage,v1,Running,True
1779284764,productpage,v1,Running,True
1779284764,productpage,v1,Running,True
1779284764,productpage,v1,Running,True
1779284764,productpage,v1,Running,True
1779284764,productpage,v1,Running,True
1779284764,productpage,v1,Running,True
1779284764,productpage,v1,Running,True
1779284764,productpage,v1,Running,True
1779284764,productpage,v1,Running,True
1779284764,productpage,v1,Running,True
1779284764,productpage,v1,Running,True
1779284764,productpage,v1,Running,True
1779284764,productpage,v1,Running,True
1779284764,productpage,v1,Running,True
1779284764,productpage,v1,Running,True
1779284764,productpage,v1,Running,True
1779284764,ratings,v1,Running,True
1779284764,reviews,v1,Running,True
1779284764,reviews,v2,Running,True
1779284764,reviews,v2,Running,True
1779284764,reviews,v2,Running,True
1779284764,reviews,v2,Running,True
1779284764,reviews,v3,Running,True
1779284765,details,v1,Running,True
1779284765,details,v1,Running,True
1779284765,details,v1,Running,True
1779284765,details,v1,Running,True
1779284765,details,v1,Running,True
1779284765,details,v1,Running,True
1779284765,productpage,v1,Running,True
1779284765,productpage,v1,Running,True
1779284765,productpage,v1,Running,True
1779284765,productpage,v1,Running,True
1779284765,productpage,v1,Running,True
1779284765,productpage,v1,Running,True
1779284765,productpage,v1,Running,True
1779284765,productpage,v1,Running,True
1779284765,productpage,v1,Running,True
1779284765,productpage,v1,Running,True
1779284765,productpage,v1,Running,True
1779284765,productpage,v1,Running,True
1779284765,productpage,v1,Running,True
1779284765,productpage,v1,Running,True
1779284765,productpage,v1,Running,True
1779284765,productpage,v1,Running,True
1779284765,productpage,v1,Running,True
1779284765,productpage,v1,Running,True
1779284765,productpage,v1,Running,True
1779284765,productpage,v1,Running,True
1779284765,ratings,v1,Running,True
1779284765,reviews,v1,Running,True
1779284765,reviews,v2,Running,True
1779284765,reviews,v2,Running,True
1779284765,reviews,v2,Running,True
1779284765,reviews,v2,Running,True
1779284765,reviews,v3,Running,True
1779284766,details,v1,Running,True
1779284766,details,v1,Running,True
1779284766,details,v1,Running,True
1779284766,details,v1,Running,True
1779284766,details,v1,Running,True
1779284766,details,v1,Running,True
1779284766,productpage,v1,Running,True
1779284766,productpage,v1,Running,True
1779284766,productpage,v1,Running,True
1779284766,productpage,v1,Running,True
1779284766,productpage,v1,Running,True
1779284766,productpage,v1,Running,True
1779284766,productpage,v1,Running,True
1779284766,productpage,v1,Running,True
1779284766,productpage,v1,Running,True
1779284766,productpage,v1,Running,True
1779284766,productpage,v1,Running,True
1779284766,productpage,v1,Running,True
1779284766,productpage,v1,Running,True
1779284766,productpage,v1,Running,True
1779284766,productpage,v1,Running,True
1779284766,productpage,v1,Running,True
1779284766,productpage,v1,Running,True
1779284766,productpage,v1,Running,True
1779284766,productpage,v1,Running,True
1779284766,productpage,v1,Running,True
1779284766,ratings,v1,Running,True
1779284766,reviews,v1,Running,True
1779284766,reviews,v2,Running,True
1779284766,reviews,v2,Running,True
1779284766,reviews,v2,Running,True
1779284766,reviews,v2,Running,True
1779284766,reviews,v3,Running,True
1779284767,details,v1,Running,True
1779284767,details,v1,Running,True
1779284767,details,v1,Running,True
1779284767,details,v1,Running,True
1779284767,details,v1,Running,True
1779284767,details,v1,Running,True
1779284767,productpage,v1,Running,True
1779284767,productpage,v1,Running,True
1779284767,productpage,v1,Running,True
1779284767,productpage,v1,Running,True
1779284767,productpage,v1,Running,True
1779284767,productpage,v1,Running,True
1779284767,productpage,v1,Running,True
1779284767,productpage,v1,Running,True
1779284767,productpage,v1,Running,True
1779284767,productpage,v1,Running,True
1779284767,productpage,v1,Running,True
1779284767,productpage,v1,Running,True
1779284767,productpage,v1,Running,True
1779284767,productpage,v1,Running,True
1779284767,productpage,v1,Running,True
1779284767,productpage,v1,Running,True
1779284767,productpage,v1,Running,True
1779284767,productpage,v1,Running,True
1779284767,productpage,v1,Running,True
1779284767,productpage,v1,Running,True
1779284767,ratings,v1,Running,True
1779284767,reviews,v1,Running,True
1779284767,reviews,v2,Running,True
1779284767,reviews,v2,Running,True
1779284767,reviews,v2,Running,True
1779284767,reviews,v2,Running,True
1779284767,reviews,v3,Running,True
1779284768,details,v1,Running,True
1779284768,details,v1,Running,True
1779284768,details,v1,Running,True
1779284768,details,v1,Running,True
1779284768,details,v1,Running,True
1779284768,details,v1,Running,True
1779284768,productpage,v1,Running,True
1779284768,productpage,v1,Running,True
1779284768,productpage,v1,Running,True
1779284768,productpage,v1,Running,True
1779284768,productpage,v1,Running,True
1779284768,productpage,v1,Running,True
1779284768,productpage,v1,Running,True
1779284768,productpage,v1,Running,True
1779284768,productpage,v1,Running,True
1779284768,productpage,v1,Running,True
1779284768,productpage,v1,Running,True
1779284768,productpage,v1,Running,True
1779284768,productpage,v1,Running,True
1779284768,productpage,v1,Running,True
1779284768,productpage,v1,Running,True
1779284768,productpage,v1,Running,True
1779284768,productpage,v1,Running,True
1779284768,productpage,v1,Running,True
1779284768,productpage,v1,Running,True
1779284768,productpage,v1,Running,True
1779284768,ratings,v1,Running,True
1779284768,reviews,v1,Running,True
1779284768,reviews,v2,Running,True
1779284768,reviews,v2,Running,True
1779284768,reviews,v2,Running,True
1779284768,reviews,v2,Running,True
1779284768,reviews,v3,Running,True
1779284769,details,v1,Running,True
1779284769,details,v1,Running,True
1779284769,details,v1,Running,True
1779284769,details,v1,Running,True
1779284769,details,v1,Running,True
1779284769,details,v1,Running,True
1779284769,productpage,v1,Running,True
1779284769,productpage,v1,Running,True
1779284769,productpage,v1,Running,True
1779284769,productpage,v1,Running,True
1779284769,productpage,v1,Running,True
1779284769,productpage,v1,Running,True
1779284769,productpage,v1,Running,True
1779284769,productpage,v1,Running,True
1779284769,productpage,v1,Running,True
1779284769,productpage,v1,Running,True
1779284769,productpage,v1,Running,True
1779284769,productpage,v1,Running,True
1779284769,productpage,v1,Running,True
1779284769,productpage,v1,Running,True
1779284769,productpage,v1,Running,True
1779284769,productpage,v1,Running,True
1779284769,productpage,v1,Running,True
1779284769,productpage,v1,Running,True
1779284769,productpage,v1,Running,True
1779284769,productpage,v1,Running,True
1779284769,ratings,v1,Running,True
1779284769,reviews,v1,Running,True
1779284769,reviews,v2,Running,True
1779284769,reviews,v2,Running,True
1779284769,reviews,v2,Running,True
1779284769,reviews,v2,Running,True
1779284769,reviews,v3,Running,True
1779284770,details,v1,Running,True
1779284770,details,v1,Running,True
1779284770,details,v1,Running,True
1779284770,details,v1,Running,True
1779284770,details,v1,Running,True
1779284770,details,v1,Running,True
1779284770,productpage,v1,Running,True
1779284770,productpage,v1,Running,True
1779284770,productpage,v1,Running,True
1779284770,productpage,v1,Running,True
1779284770,productpage,v1,Running,True
1779284770,productpage,v1,Running,True
1779284770,productpage,v1,Running,True
1779284770,productpage,v1,Running,True
1779284770,productpage,v1,Running,True
1779284770,productpage,v1,Running,True
1779284770,productpage,v1,Running,True
1779284770,productpage,v1,Running,True
1779284770,productpage,v1,Running,True
1779284770,productpage,v1,Running,True
1779284770,productpage,v1,Running,True
1779284770,productpage,v1,Running,True
1779284770,productpage,v1,Running,True
1779284770,productpage,v1,Running,True
1779284770,productpage,v1,Running,True
1779284770,productpage,v1,Running,True
1779284770,ratings,v1,Running,True
1779284770,reviews,v1,Running,True
1779284770,reviews,v2,Running,True
1779284770,reviews,v2,Running,True
1779284770,reviews,v2,Running,True
1779284770,reviews,v2,Running,True
1779284770,reviews,v3,Running,True
1779284771,details,v1,Running,True
1779284771,details,v1,Running,True
1779284771,details,v1,Running,True
1779284771,details,v1,Running,True
1779284771,details,v1,Running,True
1779284771,details,v1,Running,True
1779284771,productpage,v1,Running,True
1779284771,productpage,v1,Running,True
1779284771,productpage,v1,Running,True
1779284771,productpage,v1,Running,True
1779284771,productpage,v1,Running,True
1779284771,productpage,v1,Running,True
1779284771,productpage,v1,Running,True
1779284771,productpage,v1,Running,True
1779284771,productpage,v1,Running,True
1779284771,productpage,v1,Running,True
1779284771,productpage,v1,Running,True
1779284771,productpage,v1,Running,True
1779284771,productpage,v1,Running,True
1779284771,productpage,v1,Running,True
1779284771,productpage,v1,Running,True
1779284771,productpage,v1,Running,True
1779284771,productpage,v1,Running,True
1779284771,productpage,v1,Running,True
1779284771,productpage,v1,Running,True
1779284771,productpage,v1,Running,True
1779284771,ratings,v1,Running,True
1779284771,reviews,v1,Running,True
1779284771,reviews,v2,Running,True
1779284771,reviews,v2,Running,True
1779284771,reviews,v2,Running,True
1779284771,reviews,v2,Running,True
1779284771,reviews,v3,Running,True
1779284772,details,v1,Running,True
1779284772,details,v1,Running,True
1779284772,details,v1,Running,True
1779284772,details,v1,Running,True
1779284772,details,v1,Running,True
1779284772,details,v1,Running,True
1779284772,productpage,v1,Running,True
1779284772,productpage,v1,Running,True
1779284772,productpage,v1,Running,True
1779284772,productpage,v1,Running,True
1779284772,productpage,v1,Running,True
1779284772,productpage,v1,Running,True
1779284772,productpage,v1,Running,True
1779284772,productpage,v1,Running,True
1779284772,productpage,v1,Running,True
1779284772,productpage,v1,Running,True
1779284772,productpage,v1,Running,True
1779284772,productpage,v1,Running,True
1779284772,productpage,v1,Running,True
1779284772,productpage,v1,Running,True
1779284772,productpage,v1,Running,True
1779284772,productpage,v1,Running,True
1779284772,productpage,v1,Running,True
1779284772,productpage,v1,Running,True
1779284772,productpage,v1,Running,True
1779284772,productpage,v1,Running,True
1779284772,ratings,v1,Running,True
1779284772,reviews,v1,Running,True
1779284772,reviews,v2,Running,True
1779284772,reviews,v2,Running,True
1779284772,reviews,v2,Running,True
1779284772,reviews,v2,Running,True
1779284772,reviews,v3,Running,True
1779284773,details,v1,Running,True
1779284773,details,v1,Running,True
1779284773,details,v1,Running,True
1779284773,details,v1,Running,True
1779284773,details,v1,Running,True
1779284773,details,v1,Running,True
1779284773,productpage,v1,Running,True
1779284773,productpage,v1,Running,True
1779284773,productpage,v1,Running,True
1779284773,productpage,v1,Running,True
1779284773,productpage,v1,Running,True
1779284773,productpage,v1,Running,True
1779284773,productpage,v1,Running,True
1779284773,productpage,v1,Running,True
1779284773,productpage,v1,Running,True
1779284773,productpage,v1,Running,True
1779284773,productpage,v1,Running,True
1779284773,productpage,v1,Running,True
1779284773,productpage,v1,Running,True
1779284773,productpage,v1,Running,True
1779284773,productpage,v1,Running,True
1779284773,productpage,v1,Running,True
1779284773,productpage,v1,Running,True
1779284773,productpage,v1,Running,True
1779284773,productpage,v1,Running,True
1779284773,productpage,v1,Running,True
1779284773,ratings,v1,Running,True
1779284773,reviews,v1,Running,True
1779284773,reviews,v2,Running,True
1779284773,reviews,v2,Running,True
1779284773,reviews,v2,Running,True
1779284773,reviews,v2,Running,True
1779284773,reviews,v3,Running,True
1779284774,details,v1,Running,True
1779284774,details,v1,Running,True
1779284774,details,v1,Running,True
1779284774,details,v1,Running,True
1779284774,details,v1,Running,True
1779284774,details,v1,Running,True
1779284774,productpage,v1,Running,True
1779284774,productpage,v1,Running,True
1779284774,productpage,v1,Running,True
1779284774,productpage,v1,Running,True
1779284774,productpage,v1,Running,True
1779284774,productpage,v1,Running,True
1779284774,productpage,v1,Running,True
1779284774,productpage,v1,Running,True
1779284774,productpage,v1,Running,True
1779284774,productpage,v1,Running,True
1779284774,productpage,v1,Running,True
1779284774,productpage,v1,Running,True
1779284774,productpage,v1,Running,True
1779284774,productpage,v1,Running,True
1779284774,productpage,v1,Running,True
1779284774,productpage,v1,Running,True
1779284774,productpage,v1,Running,True
1779284774,productpage,v1,Running,True
1779284774,productpage,v1,Running,True
1779284774,productpage,v1,Running,True
1779284774,ratings,v1,Running,True
1779284774,reviews,v1,Running,True
1779284774,reviews,v2,Running,True
1779284774,reviews,v2,Running,True
1779284774,reviews,v2,Running,True
1779284774,reviews,v2,Running,True
1779284774,reviews,v3,Running,True
1779284775,details,v1,Running,True
1779284775,details,v1,Running,True
1779284775,details,v1,Running,True
1779284775,details,v1,Running,True
1779284775,details,v1,Running,True
1779284775,details,v1,Running,True
1779284775,productpage,v1,Running,True
1779284775,productpage,v1,Running,True
1779284775,productpage,v1,Running,True
1779284775,productpage,v1,Running,True
1779284775,productpage,v1,Running,True
1779284775,productpage,v1,Running,True
1779284775,productpage,v1,Running,True
1779284775,productpage,v1,Running,True
1779284775,productpage,v1,Running,True
1779284775,productpage,v1,Running,True
1779284775,productpage,v1,Running,True
1779284775,productpage,v1,Running,True
1779284775,productpage,v1,Running,True
1779284775,productpage,v1,Running,True
1779284775,productpage,v1,Running,True
1779284775,productpage,v1,Running,True
1779284775,productpage,v1,Running,True
1779284775,productpage,v1,Running,True
1779284775,productpage,v1,Running,True
1779284775,productpage,v1,Running,True
1779284775,ratings,v1,Running,True
1779284775,reviews,v1,Running,True
1779284775,reviews,v2,Running,True
1779284775,reviews,v2,Running,True
1779284775,reviews,v2,Running,True
1779284775,reviews,v2,Running,True
1779284775,reviews,v3,Running,True
1779284776,details,v1,Running,True
1779284776,details,v1,Running,True
1779284776,details,v1,Running,True
1779284776,details,v1,Running,True
1779284776,details,v1,Running,True
1779284776,details,v1,Running,True
1779284776,productpage,v1,Running,True
1779284776,productpage,v1,Running,True
1779284776,productpage,v1,Running,True
1779284776,productpage,v1,Running,True
1779284776,productpage,v1,Running,True
1779284776,productpage,v1,Running,True
1779284776,productpage,v1,Running,True
1779284776,productpage,v1,Running,True
1779284776,productpage,v1,Running,True
1779284776,productpage,v1,Running,True
1779284776,productpage,v1,Running,True
1779284776,productpage,v1,Running,True
1779284776,productpage,v1,Running,True
1779284776,productpage,v1,Running,True
1779284776,productpage,v1,Running,True
1779284776,productpage,v1,Running,True
1779284776,productpage,v1,Running,True
1779284776,productpage,v1,Running,True
1779284776,productpage,v1,Running,True
1779284776,productpage,v1,Running,True
1779284776,ratings,v1,Running,True
1779284776,reviews,v1,Running,True
1779284776,reviews,v2,Running,True
1779284776,reviews,v2,Running,True
1779284776,reviews,v2,Running,True
1779284776,reviews,v2,Running,True
1779284776,reviews,v3,Running,True
1779284777,details,v1,Running,True
1779284777,details,v1,Running,True
1779284777,details,v1,Running,True
1779284777,details,v1,Running,True
1779284777,details,v1,Running,True
1779284777,details,v1,Running,True
1779284777,productpage,v1,Running,True
1779284777,productpage,v1,Running,True
1779284777,productpage,v1,Running,True
1779284777,productpage,v1,Running,True
1779284777,productpage,v1,Running,True
1779284777,productpage,v1,Running,True
1779284777,productpage,v1,Running,True
1779284777,productpage,v1,Running,True
1779284777,productpage,v1,Running,True
1779284777,productpage,v1,Running,True
1779284777,productpage,v1,Running,True
1779284777,productpage,v1,Running,True
1779284777,productpage,v1,Running,True
1779284777,productpage,v1,Running,True
1779284777,productpage,v1,Running,True
1779284777,productpage,v1,Running,True
1779284777,productpage,v1,Running,True
1779284777,productpage,v1,Running,True
1779284777,productpage,v1,Running,True
1779284777,productpage,v1,Running,True
1779284777,ratings,v1,Running,True
1779284777,reviews,v1,Running,True
1779284777,reviews,v2,Running,True
1779284777,reviews,v2,Running,True
1779284777,reviews,v2,Running,True
1779284777,reviews,v2,Running,True
1779284777,reviews,v3,Running,True
1779284778,details,v1,Running,True
1779284778,details,v1,Running,True
1779284778,details,v1,Running,True
1779284778,details,v1,Running,True
1779284778,details,v1,Running,True
1779284778,details,v1,Running,True
1779284778,productpage,v1,Running,True
1779284778,productpage,v1,Running,True
1779284778,productpage,v1,Running,True
1779284778,productpage,v1,Running,True
1779284778,productpage,v1,Running,True
1779284778,productpage,v1,Running,True
1779284778,productpage,v1,Running,True
1779284778,productpage,v1,Running,True
1779284778,productpage,v1,Running,True
1779284778,productpage,v1,Running,True
1779284778,productpage,v1,Running,True
1779284778,productpage,v1,Running,True
1779284778,productpage,v1,Running,True
1779284778,productpage,v1,Running,True
1779284778,productpage,v1,Running,True
1779284778,productpage,v1,Running,True
1779284778,productpage,v1,Running,True
1779284778,productpage,v1,Running,True
1779284778,productpage,v1,Running,True
1779284778,productpage,v1,Running,True
1779284778,ratings,v1,Running,True
1779284778,reviews,v1,Running,True
1779284778,reviews,v2,Running,True
1779284778,reviews,v2,Running,True
1779284778,reviews,v2,Running,True
1779284778,reviews,v2,Running,True
1779284778,reviews,v3,Running,True
1779284779,details,v1,Running,True
1779284779,details,v1,Running,True
1779284779,details,v1,Running,True
1779284779,details,v1,Running,True
1779284779,details,v1,Running,True
1779284779,details,v1,Running,True
1779284779,productpage,v1,Running,True
1779284779,productpage,v1,Running,True
1779284779,productpage,v1,Running,True
1779284779,productpage,v1,Running,True
1779284779,productpage,v1,Running,True
1779284779,productpage,v1,Running,True
1779284779,productpage,v1,Running,True
1779284779,productpage,v1,Running,True
1779284779,productpage,v1,Running,True
1779284779,productpage,v1,Running,True
1779284779,productpage,v1,Running,True
1779284779,productpage,v1,Running,True
1779284779,productpage,v1,Running,True
1779284779,productpage,v1,Running,True
1779284779,productpage,v1,Running,True
1779284779,productpage,v1,Running,True
1779284779,productpage,v1,Running,True
1779284779,productpage,v1,Running,True
1779284779,productpage,v1,Running,True
1779284779,productpage,v1,Running,True
1779284779,ratings,v1,Running,True
1779284779,reviews,v1,Running,True
1779284779,reviews,v2,Running,True
1779284779,reviews,v2,Running,True
1779284779,reviews,v2,Running,True
1779284779,reviews,v2,Running,True
1779284779,reviews,v3,Running,True
1779284780,details,v1,Running,True
1779284780,details,v1,Running,True
1779284780,details,v1,Running,True
1779284780,details,v1,Running,True
1779284780,details,v1,Running,True
1779284780,details,v1,Running,True
1779284780,productpage,v1,Running,True
1779284780,productpage,v1,Running,True
1779284780,productpage,v1,Running,True
1779284780,productpage,v1,Running,True
1779284780,productpage,v1,Running,True
1779284780,productpage,v1,Running,True
1779284780,productpage,v1,Running,True
1779284780,productpage,v1,Running,True
1779284780,productpage,v1,Running,True
1779284780,productpage,v1,Running,True
1779284780,productpage,v1,Running,True
1779284780,productpage,v1,Running,True
1779284780,productpage,v1,Running,True
1779284780,productpage,v1,Running,True
1779284780,productpage,v1,Running,True
1779284780,productpage,v1,Running,True
1779284780,productpage,v1,Running,True
1779284780,productpage,v1,Running,True
1779284780,productpage,v1,Running,True
1779284780,productpage,v1,Running,True
1779284780,ratings,v1,Running,True
1779284780,reviews,v1,Running,True
1779284780,reviews,v2,Running,True
1779284780,reviews,v2,Running,True
1779284780,reviews,v2,Running,True
1779284780,reviews,v2,Running,True
1779284780,reviews,v3,Running,True
1779284781,details,v1,Running,True
1779284781,details,v1,Running,True
1779284781,details,v1,Running,True
1779284781,details,v1,Running,True
1779284781,details,v1,Running,True
1779284781,details,v1,Running,True
1779284781,productpage,v1,Running,True
1779284781,productpage,v1,Running,True
1779284781,productpage,v1,Running,True
1779284781,productpage,v1,Running,True
1779284781,productpage,v1,Running,True
1779284781,productpage,v1,Running,True
1779284781,productpage,v1,Running,True
1779284781,productpage,v1,Running,True
1779284781,productpage,v1,Running,True
1779284781,productpage,v1,Running,True
1779284781,productpage,v1,Running,True
1779284781,productpage,v1,Running,True
1779284781,productpage,v1,Running,True
1779284781,productpage,v1,Running,True
1779284781,productpage,v1,Running,True
1779284781,productpage,v1,Running,True
1779284781,productpage,v1,Running,True
1779284781,productpage,v1,Running,True
1779284781,productpage,v1,Running,True
1779284781,productpage,v1,Running,True
1779284781,ratings,v1,Running,True
1779284781,reviews,v1,Running,True
1779284781,reviews,v2,Running,True
1779284781,reviews,v2,Running,True
1779284781,reviews,v2,Running,True
1779284781,reviews,v2,Running,True
1779284781,reviews,v3,Running,True
1779284782,details,v1,Running,True
1779284782,details,v1,Running,True
1779284782,details,v1,Running,True
1779284782,details,v1,Running,True
1779284782,details,v1,Running,True
1779284782,details,v1,Running,True
1779284782,productpage,v1,Running,True
1779284782,productpage,v1,Running,True
1779284782,productpage,v1,Running,True
1779284782,productpage,v1,Running,True
1779284782,productpage,v1,Running,True
1779284782,productpage,v1,Running,True
1779284782,productpage,v1,Running,True
1779284782,productpage,v1,Running,True
1779284782,productpage,v1,Running,True
1779284782,productpage,v1,Running,True
1779284782,productpage,v1,Running,True
1779284782,productpage,v1,Running,True
1779284782,productpage,v1,Running,True
1779284782,productpage,v1,Running,True
1779284782,productpage,v1,Running,True
1779284782,productpage,v1,Running,True
1779284782,productpage,v1,Running,True
1779284782,productpage,v1,Running,True
1779284782,productpage,v1,Running,True
1779284782,productpage,v1,Running,True
1779284782,ratings,v1,Running,True
1779284782,reviews,v1,Running,True
1779284782,reviews,v2,Running,True
1779284782,reviews,v2,Running,True
1779284782,reviews,v2,Running,True
1779284782,reviews,v2,Running,True
1779284782,reviews,v3,Running,True
