timestamp,app,version,phase,ready
1779283941,details,v1,Running,True
1779283941,details,v1,Running,True
1779283941,details,v1,Running,True
1779283941,productpage,v1,Running,True
1779283941,productpage,v1,Running,True
1779283941,productpage,v1,Running,True
1779283941,productpage,v1,Running,True
1779283941,productpage,v1,Running,True
1779283941,productpage,v1,Running,True
1779283941,productpage,v1,Running,True
1779283941,productpage,v1,Running,True
1779283941,productpage,v1,Running,True
1779283941,productpage,v1,Running,True
1779283941,productpage,v1,Running,True
1779283941,productpage,v1,Running,True
1779283941,productpage,v1,Running,True
1779283941,productpage,v1,Running,True
1779283941,productpage,v1,Running,True
1779283941,productpage,v1,Running,True
1779283941,productpage,v1,Running,True
1779283941,productpage,v1,Running,True
1779283941,productpage,v1,Running,True
1779283941,productpage,v1,Running,True
1779283941,ratings,v1,Running,True
1779283941,reviews,v1,Running,True
1779283941,reviews,v2,Running,False
1779283941,reviews,v2,Running,True
1779283941,reviews,v3,Running,True
1779283942,details,v1,Running,True
1779283942,details,v1,Running,True
1779283942,details,v1,Running,True
1779283942,productpage,v1,Running,True
1779283942,productpage,v1,Running,True
1779283942,productpage,v1,Running,True
1779283942,productpage,v1,Running,True
1779283942,productpage,v1,Running,True
1779283942,productpage,v1,Running,True
1779283942,productpage,v1,Running,True
1779283942,productpage,v1,Running,True
1779283942,productpage,v1,Running,True
1779283942,productpage,v1,Running,True
1779283942,productpage,v1,Running,True
1779283942,productpage,v1,Running,True
1779283942,productpage,v1,Running,True
1779283942,productpage,v1,Running,True
1779283942,productpage,v1,Running,True
1779283942,productpage,v1,Running,True
1779283942,productpage,v1,Running,True
1779283942,productpage,v1,Running,True
1779283942,productpage,v1,Running,True
1779283942,productpage,v1,Running,True
1779283942,ratings,v1,Running,True
1779283942,reviews,v1,Running,True
1779283942,reviews,v2,Running,True
1779283942,reviews,v2,Running,True
1779283942,reviews,v3,Running,True
1779283943,details,v1,Running,True
1779283943,details,v1,Running,True
1779283943,details,v1,Running,True
1779283943,productpage,v1,Running,True
1779283943,productpage,v1,Running,True
1779283943,productpage,v1,Running,True
1779283943,productpage,v1,Running,True
1779283943,productpage,v1,Running,True
1779283943,productpage,v1,Running,True
1779283943,productpage,v1,Running,True
1779283943,productpage,v1,Running,True
1779283943,productpage,v1,Running,True
1779283943,productpage,v1,Running,True
1779283943,productpage,v1,Running,True
1779283943,productpage,v1,Running,True
1779283943,productpage,v1,Running,True
1779283943,productpage,v1,Running,True
1779283943,productpage,v1,Running,True
1779283943,productpage,v1,Running,True
1779283943,productpage,v1,Running,True
1779283943,productpage,v1,Running,True
1779283943,productpage,v1,Running,True
1779283943,productpage,v1,Running,True
1779283943,ratings,v1,Running,True
1779283943,reviews,v1,Running,True
1779283943,reviews,v2,Running,True
1779283943,reviews,v2,Running,True
1779283943,reviews,v3,Running,True
1779283944,details,v1,Running,True
1779283944,details,v1,Running,True
1779283944,details,v1,Running,True
1779283944,productpage,v1,Running,True
1779283944,productpage,v1,Running,True
1779283944,productpage,v1,Running,True
1779283944,productpage,v1,Running,True
1779283944,productpage,v1,Running,True
1779283944,productpage,v1,Running,True
1779283944,productpage,v1,Running,True
1779283944,productpage,v1,Running,True
1779283944,productpage,v1,Running,True
1779283944,productpage,v1,Running,True
1779283944,productpage,v1,Running,True
1779283944,productpage,v1,Running,True
1779283944,productpage,v1,Running,True
1779283944,productpage,v1,Running,True
1779283944,productpage,v1,Running,True
1779283944,productpage,v1,Running,True
1779283944,productpage,v1,Running,True
1779283944,productpage,v1,Running,True
1779283944,productpage,v1,Running,True
1779283944,productpage,v1,Running,True
1779283944,ratings,v1,Running,True
1779283944,reviews,v1,Running,True
1779283944,reviews,v2,Running,True
1779283944,reviews,v2,Running,True
1779283944,reviews,v3,Running,True
1779283945,details,v1,Running,True
1779283945,details,v1,Running,True
1779283945,details,v1,Running,True
1779283945,productpage,v1,Running,True
1779283945,productpage,v1,Running,True
1779283945,productpage,v1,Running,True
1779283945,productpage,v1,Running,True
1779283945,productpage,v1,Running,True
1779283945,productpage,v1,Running,True
1779283945,productpage,v1,Running,True
1779283945,productpage,v1,Running,True
1779283945,productpage,v1,Running,True
1779283945,productpage,v1,Running,True
1779283945,productpage,v1,Running,True
1779283945,productpage,v1,Running,True
1779283945,productpage,v1,Running,True
1779283945,productpage,v1,Running,True
1779283945,productpage,v1,Running,True
1779283945,productpage,v1,Running,True
1779283945,productpage,v1,Running,True
1779283945,productpage,v1,Running,True
1779283945,productpage,v1,Running,True
1779283945,productpage,v1,Running,True
1779283945,ratings,v1,Running,True
1779283945,reviews,v1,Running,True
1779283945,reviews,v2,Running,True
1779283945,reviews,v2,Running,True
1779283945,reviews,v3,Running,True
1779283946,details,v1,Running,True
1779283946,details,v1,Running,True
1779283946,details,v1,Running,True
1779283946,productpage,v1,Running,True
1779283946,productpage,v1,Running,True
1779283946,productpage,v1,Running,True
1779283946,productpage,v1,Running,True
1779283946,productpage,v1,Running,True
1779283946,productpage,v1,Running,True
1779283946,productpage,v1,Running,True
1779283946,productpage,v1,Running,True
1779283946,productpage,v1,Running,True
1779283946,productpage,v1,Running,True
1779283946,productpage,v1,Running,True
1779283946,productpage,v1,Running,True
1779283946,productpage,v1,Running,True
1779283946,productpage,v1,Running,True
1779283946,productpage,v1,Running,True
1779283946,productpage,v1,Running,True
1779283946,productpage,v1,Running,True
1779283946,productpage,v1,Running,True
1779283946,productpage,v1,Running,True
1779283946,productpage,v1,Running,True
1779283946,ratings,v1,Running,True
1779283946,reviews,v1,Running,True
1779283946,reviews,v2,Running,True
1779283946,reviews,v2,Running,True
1779283946,reviews,v3,Running,True
1779283947,details,v1,Running,True
1779283947,details,v1,Running,True
1779283947,details,v1,Running,True
1779283947,productpage,v1,Running,True
1779283947,productpage,v1,Running,True
1779283947,productpage,v1,Running,True
1779283947,productpage,v1,Running,True
1779283947,productpage,v1,Running,True
1779283947,productpage,v1,Running,True
1779283947,productpage,v1,Running,True
1779283947,productpage,v1,Running,True
1779283947,productpage,v1,Running,True
1779283947,productpage,v1,Running,True
1779283947,productpage,v1,Running,True
1779283947,productpage,v1,Running,True
1779283947,productpage,v1,Running,True
1779283947,productpage,v1,Running,True
1779283947,productpage,v1,Running,True
1779283947,productpage,v1,Running,True
1779283947,productpage,v1,Running,True
1779283947,productpage,v1,Running,True
1779283947,productpage,v1,Running,True
1779283947,productpage,v1,Running,True
1779283947,ratings,v1,Running,True
1779283947,reviews,v1,Running,True
1779283947,reviews,v2,Running,True
1779283947,reviews,v2,Running,True
1779283947,reviews,v3,Running,True
1779283948,details,v1,Running,True
1779283948,details,v1,Running,True
1779283948,details,v1,Running,True
1779283948,productpage,v1,Running,True
1779283948,productpage,v1,Running,True
1779283948,productpage,v1,Running,True
1779283948,productpage,v1,Running,True
1779283948,productpage,v1,Running,True
1779283948,productpage,v1,Running,True
1779283948,productpage,v1,Running,True
1779283948,productpage,v1,Running,True
1779283948,productpage,v1,Running,True
1779283948,productpage,v1,Running,True
1779283948,productpage,v1,Running,True
1779283948,productpage,v1,Running,True
1779283948,productpage,v1,Running,True
1779283948,productpage,v1,Running,True
1779283948,productpage,v1,Running,True
1779283948,productpage,v1,Running,True
1779283948,productpage,v1,Running,True
1779283948,productpage,v1,Running,True
1779283948,productpage,v1,Running,True
1779283948,productpage,v1,Running,True
1779283948,ratings,v1,Running,True
1779283948,reviews,v1,Running,True
1779283948,reviews,v2,Running,True
1779283948,reviews,v2,Running,True
1779283948,reviews,v3,Running,True
1779283949,details,v1,Running,True
1779283949,details,v1,Running,True
1779283949,details,v1,Running,True
1779283949,productpage,v1,Running,True
1779283949,productpage,v1,Running,True
1779283949,productpage,v1,Running,True
1779283949,productpage,v1,Running,True
1779283949,productpage,v1,Running,True
1779283949,productpage,v1,Running,True
1779283949,productpage,v1,Running,True
1779283949,productpage,v1,Running,True
1779283949,productpage,v1,Running,True
1779283949,productpage,v1,Running,True
1779283949,productpage,v1,Running,True
1779283949,productpage,v1,Running,True
1779283949,productpage,v1,Running,True
1779283949,productpage,v1,Running,True
1779283949,productpage,v1,Running,True
1779283949,productpage,v1,Running,True
1779283949,productpage,v1,Running,True
1779283949,productpage,v1,Running,True
1779283949,productpage,v1,Running,True
1779283949,productpage,v1,Running,True
1779283949,ratings,v1,Running,True
1779283949,reviews,v1,Running,True
1779283949,reviews,v2,Running,True
1779283949,reviews,v2,Running,True
1779283949,reviews,v3,Running,True
1779283950,details,v1,Running,True
1779283950,details,v1,Running,True
1779283950,details,v1,Running,True
1779283950,productpage,v1,Running,True
1779283950,productpage,v1,Running,True
1779283950,productpage,v1,Running,True
1779283950,productpage,v1,Running,True
1779283950,productpage,v1,Running,True
1779283950,productpage,v1,Running,True
1779283950,productpage,v1,Running,True
1779283950,productpage,v1,Running,True
1779283950,productpage,v1,Running,True
1779283950,productpage,v1,Running,True
1779283950,productpage,v1,Running,True
1779283950,productpage,v1,Running,True
1779283950,productpage,v1,Running,True
1779283950,productpage,v1,Running,True
1779283950,productpage,v1,Running,True
1779283950,productpage,v1,Running,True
1779283950,productpage,v1,Running,True
1779283950,productpage,v1,Running,True
1779283950,productpage,v1,Running,True
1779283950,productpage,v1,Running,True
1779283950,ratings,v1,Running,True
1779283950,reviews,v1,Running,True
1779283950,reviews,v2,Running,True
1779283950,reviews,v2,Running,True
1779283950,reviews,v3,Running,True
1779283951,details,v1,Running,True
1779283951,details,v1,Running,True
1779283951,details,v1,Running,True
1779283951,productpage,v1,Running,True
1779283951,productpage,v1,Running,True
1779283951,productpage,v1,Running,True
1779283951,productpage,v1,Running,True
1779283951,productpage,v1,Running,True
1779283951,productpage,v1,Running,True
1779283951,productpage,v1,Running,True
1779283951,productpage,v1,Running,True
1779283951,productpage,v1,Running,True
1779283951,productpage,v1,Running,True
1779283951,productpage,v1,Running,True
1779283951,productpage,v1,Running,True
1779283951,productpage,v1,Running,True
1779283951,productpage,v1,Running,True
1779283951,productpage,v1,Running,True
1779283951,productpage,v1,Running,True
1779283951,productpage,v1,Running,True
1779283951,productpage,v1,Running,True
1779283951,productpage,v1,Running,True
1779283951,productpage,v1,Running,True
1779283951,ratings,v1,Running,True
1779283951,reviews,v1,Running,True
1779283951,reviews,v2,Running,True
1779283951,reviews,v2,Running,True
1779283951,reviews,v3,Running,True
1779283952,details,v1,Running,True
1779283952,details,v1,Running,True
1779283952,details,v1,Running,True
1779283952,productpage,v1,Running,True
1779283952,productpage,v1,Running,True
1779283952,productpage,v1,Running,True
1779283952,productpage,v1,Running,True
1779283952,productpage,v1,Running,True
1779283952,productpage,v1,Running,True
1779283952,productpage,v1,Running,True
1779283952,productpage,v1,Running,True
1779283952,productpage,v1,Running,True
1779283952,productpage,v1,Running,True
1779283952,productpage,v1,Running,True
1779283952,productpage,v1,Running,True
1779283952,productpage,v1,Running,True
1779283952,productpage,v1,Running,True
1779283952,productpage,v1,Running,True
1779283952,productpage,v1,Running,True
1779283952,productpage,v1,Running,True
1779283952,productpage,v1,Running,True
1779283952,productpage,v1,Running,True
1779283952,productpage,v1,Running,True
1779283952,ratings,v1,Running,True
1779283952,reviews,v1,Running,True
1779283952,reviews,v2,Running,True
1779283952,reviews,v2,Running,True
1779283952,reviews,v3,Running,True
1779283953,details,v1,Running,True
1779283953,details,v1,Running,True
1779283953,details,v1,Running,True
1779283953,productpage,v1,Running,True
1779283953,productpage,v1,Running,True
1779283953,productpage,v1,Running,True
1779283953,productpage,v1,Running,True
1779283953,productpage,v1,Running,True
1779283953,productpage,v1,Running,True
1779283953,productpage,v1,Running,True
1779283953,productpage,v1,Running,True
1779283953,productpage,v1,Running,True
1779283953,productpage,v1,Running,True
1779283953,productpage,v1,Running,True
1779283953,productpage,v1,Running,True
1779283953,productpage,v1,Running,True
1779283953,productpage,v1,Running,True
1779283953,productpage,v1,Running,True
1779283953,productpage,v1,Running,True
1779283953,productpage,v1,Running,True
1779283953,productpage,v1,Running,True
1779283953,productpage,v1,Running,True
1779283953,productpage,v1,Running,True
1779283953,ratings,v1,Running,True
1779283953,reviews,v1,Running,True
1779283953,reviews,v2,Running,True
1779283953,reviews,v2,Running,True
1779283953,reviews,v3,Running,True
1779283954,details,v1,Running,True
1779283954,details,v1,Running,True
1779283954,details,v1,Running,True
1779283954,productpage,v1,Running,True
1779283954,productpage,v1,Running,True
1779283954,productpage,v1,Running,True
1779283954,productpage,v1,Running,True
1779283954,productpage,v1,Running,True
1779283954,productpage,v1,Running,True
1779283954,productpage,v1,Running,True
1779283954,productpage,v1,Running,True
1779283954,productpage,v1,Running,True
1779283954,productpage,v1,Running,True
1779283954,productpage,v1,Running,True
1779283954,productpage,v1,Running,True
1779283954,productpage,v1,Running,True
1779283954,productpage,v1,Running,True
1779283954,productpage,v1,Running,True
1779283954,productpage,v1,Running,True
1779283954,productpage,v1,Running,True
1779283954,productpage,v1,Running,True
1779283954,productpage,v1,Running,True
1779283954,productpage,v1,Running,True
1779283954,ratings,v1,Running,True
1779283954,reviews,v1,Running,True
1779283954,reviews,v2,Running,True
1779283954,reviews,v2,Running,True
1779283954,reviews,v3,Running,True
1779283955,details,v1,Running,True
1779283955,details,v1,Running,True
1779283955,details,v1,Running,True
1779283955,productpage,v1,Running,True
1779283955,productpage,v1,Running,True
1779283955,productpage,v1,Running,True
1779283955,productpage,v1,Running,True
1779283955,productpage,v1,Running,True
1779283955,productpage,v1,Running,True
1779283955,productpage,v1,Running,True
1779283955,productpage,v1,Running,True
1779283955,productpage,v1,Running,True
1779283955,productpage,v1,Running,True
1779283955,productpage,v1,Running,True
1779283955,productpage,v1,Running,True
1779283955,productpage,v1,Running,True
1779283955,productpage,v1,Running,True
1779283955,productpage,v1,Running,True
1779283955,productpage,v1,Running,True
1779283955,productpage,v1,Running,True
1779283955,productpage,v1,Running,True
1779283955,productpage,v1,Running,True
1779283955,productpage,v1,Running,True
1779283955,ratings,v1,Running,True
1779283955,reviews,v1,Running,True
1779283955,reviews,v2,Running,True
1779283955,reviews,v2,Running,True
1779283955,reviews,v3,Running,True
1779283956,details,v1,Running,True
1779283956,details,v1,Running,True
1779283956,details,v1,Running,True
1779283956,productpage,v1,Running,True
1779283956,productpage,v1,Running,True
1779283956,productpage,v1,Running,True
1779283956,productpage,v1,Running,True
1779283956,productpage,v1,Running,True
1779283956,productpage,v1,Running,True
1779283956,productpage,v1,Running,True
1779283956,productpage,v1,Running,True
1779283956,productpage,v1,Running,True
1779283956,productpage,v1,Running,True
1779283956,productpage,v1,Running,True
1779283956,productpage,v1,Running,True
1779283956,productpage,v1,Running,True
1779283956,productpage,v1,Running,True
1779283956,productpage,v1,Running,True
1779283956,productpage,v1,Running,True
1779283956,productpage,v1,Running,True
1779283956,productpage,v1,Running,True
1779283956,productpage,v1,Running,True
1779283956,productpage,v1,Running,True
1779283956,ratings,v1,Running,True
1779283956,reviews,v1,Running,True
1779283956,reviews,v2,Running,True
1779283956,reviews,v2,Running,True
1779283956,reviews,v3,Running,True
1779283957,details,v1,Running,True
1779283957,details,v1,Running,True
1779283957,details,v1,Running,True
1779283957,productpage,v1,Running,True
1779283957,productpage,v1,Running,True
1779283957,productpage,v1,Running,True
1779283957,productpage,v1,Running,True
1779283957,productpage,v1,Running,True
1779283957,productpage,v1,Running,True
1779283957,productpage,v1,Running,True
1779283957,productpage,v1,Running,True
1779283957,productpage,v1,Running,True
1779283957,productpage,v1,Running,True
1779283957,productpage,v1,Running,True
1779283957,productpage,v1,Running,True
1779283957,productpage,v1,Running,True
1779283957,productpage,v1,Running,True
1779283957,productpage,v1,Running,True
1779283957,productpage,v1,Running,True
1779283957,productpage,v1,Running,True
1779283957,productpage,v1,Running,True
1779283957,productpage,v1,Running,True
1779283957,productpage,v1,Running,True
1779283957,ratings,v1,Running,True
1779283957,reviews,v1,Running,True
1779283957,reviews,v2,Running,True
1779283957,reviews,v2,Running,True
1779283957,reviews,v3,Running,True
1779283958,details,v1,Running,True
1779283958,details,v1,Running,True
1779283958,details,v1,Running,True
1779283958,productpage,v1,Running,True
1779283958,productpage,v1,Running,True
1779283958,productpage,v1,Running,True
1779283958,productpage,v1,Running,True
1779283958,productpage,v1,Running,True
1779283958,productpage,v1,Running,True
1779283958,productpage,v1,Running,True
1779283958,productpage,v1,Running,True
1779283958,productpage,v1,Running,True
1779283958,productpage,v1,Running,True
1779283958,productpage,v1,Running,True
1779283958,productpage,v1,Running,True
1779283958,productpage,v1,Running,True
1779283958,productpage,v1,Running,True
1779283958,productpage,v1,Running,True
1779283958,productpage,v1,Running,True
1779283958,productpage,v1,Running,True
1779283958,productpage,v1,Running,True
1779283958,productpage,v1,Running,True
1779283958,productpage,v1,Running,True
1779283958,ratings,v1,Running,True
1779283958,reviews,v1,Running,True
1779283958,reviews,v2,Running,True
1779283958,reviews,v2,Running,True
1779283958,reviews,v3,Running,True
1779283959,details,v1,Running,True
1779283959,details,v1,Running,True
1779283959,details,v1,Running,True
1779283959,productpage,v1,Running,True
1779283959,productpage,v1,Running,True
1779283959,productpage,v1,Running,True
1779283959,productpage,v1,Running,True
1779283959,productpage,v1,Running,True
1779283959,productpage,v1,Running,True
1779283959,productpage,v1,Running,True
1779283959,productpage,v1,Running,True
1779283959,productpage,v1,Running,True
1779283959,productpage,v1,Running,True
1779283959,productpage,v1,Running,True
1779283959,productpage,v1,Running,True
1779283959,productpage,v1,Running,True
1779283959,productpage,v1,Running,True
1779283959,productpage,v1,Running,True
1779283959,productpage,v1,Running,True
1779283959,productpage,v1,Running,True
1779283959,productpage,v1,Running,True
1779283959,productpage,v1,Running,True
1779283959,productpage,v1,Running,True
1779283959,ratings,v1,Running,True
1779283959,reviews,v1,Running,True
1779283959,reviews,v2,Running,True
1779283959,reviews,v2,Running,True
1779283959,reviews,v3,Running,True
1779283960,details,v1,Running,True
1779283960,details,v1,Running,True
1779283960,details,v1,Running,True
1779283960,productpage,v1,Running,True
1779283960,productpage,v1,Running,True
1779283960,productpage,v1,Running,True
1779283960,productpage,v1,Running,True
1779283960,productpage,v1,Running,True
1779283960,productpage,v1,Running,True
1779283960,productpage,v1,Running,True
1779283960,productpage,v1,Running,True
1779283960,productpage,v1,Running,True
1779283960,productpage,v1,Running,True
1779283960,productpage,v1,Running,True
1779283960,productpage,v1,Running,True
1779283960,productpage,v1,Running,True
1779283960,productpage,v1,Running,True
1779283960,productpage,v1,Running,True
1779283960,productpage,v1,Running,True
1779283960,productpage,v1,Running,True
1779283960,productpage,v1,Running,True
1779283960,productpage,v1,Running,True
1779283960,productpage,v1,Running,True
1779283960,ratings,v1,Running,True
1779283960,reviews,v1,Running,True
1779283960,reviews,v2,Running,True
1779283960,reviews,v2,Running,True
1779283960,reviews,v3,Running,True
1779283961,details,v1,Running,True
1779283961,details,v1,Running,True
1779283961,details,v1,Running,True
1779283961,productpage,v1,Running,True
1779283961,productpage,v1,Running,True
1779283961,productpage,v1,Running,True
1779283961,productpage,v1,Running,True
1779283961,productpage,v1,Running,True
1779283961,productpage,v1,Running,True
1779283961,productpage,v1,Running,True
1779283961,productpage,v1,Running,True
1779283961,productpage,v1,Running,True
1779283961,productpage,v1,Running,True
1779283961,productpage,v1,Running,True
1779283961,productpage,v1,Running,True
1779283961,productpage,v1,Running,True
1779283961,productpage,v1,Running,True
1779283961,productpage,v1,Running,True
1779283961,productpage,v1,Running,True
1779283961,productpage,v1,Running,True
1779283961,productpage,v1,Running,True
1779283961,productpage,v1,Running,True
1779283961,productpage,v1,Running,True
1779283961,ratings,v1,Running,True
1779283961,reviews,v1,Running,True
1779283961,reviews,v2,Running,True
1779283961,reviews,v2,Running,True
1779283961,reviews,v3,Running,True
1779283962,details,v1,Running,True
1779283962,details,v1,Running,True
1779283962,details,v1,Running,True
1779283962,productpage,v1,Running,True
1779283962,productpage,v1,Running,True
1779283962,productpage,v1,Running,True
1779283962,productpage,v1,Running,True
1779283962,productpage,v1,Running,True
1779283962,productpage,v1,Running,True
1779283962,productpage,v1,Running,True
1779283962,productpage,v1,Running,True
1779283962,productpage,v1,Running,True
1779283962,productpage,v1,Running,True
1779283962,productpage,v1,Running,True
1779283962,productpage,v1,Running,True
1779283962,productpage,v1,Running,True
1779283962,productpage,v1,Running,True
1779283962,productpage,v1,Running,True
1779283962,productpage,v1,Running,True
1779283962,productpage,v1,Running,True
1779283962,productpage,v1,Running,True
1779283962,productpage,v1,Running,True
1779283962,productpage,v1,Running,True
1779283962,ratings,v1,Running,True
1779283962,reviews,v1,Running,True
1779283962,reviews,v2,Running,True
1779283962,reviews,v2,Running,True
1779283962,reviews,v3,Running,True
1779283963,details,v1,Running,True
1779283963,details,v1,Running,True
1779283963,details,v1,Running,True
1779283963,productpage,v1,Running,True
1779283963,productpage,v1,Running,True
1779283963,productpage,v1,Running,True
1779283963,productpage,v1,Running,True
1779283963,productpage,v1,Running,True
1779283963,productpage,v1,Running,True
1779283963,productpage,v1,Running,True
1779283963,productpage,v1,Running,True
1779283963,productpage,v1,Running,True
1779283963,productpage,v1,Running,True
1779283963,productpage,v1,Running,True
1779283963,productpage,v1,Running,True
1779283963,productpage,v1,Running,True
1779283963,productpage,v1,Running,True
1779283963,productpage,v1,Running,True
1779283963,productpage,v1,Running,True
1779283963,productpage,v1,Running,True
1779283963,productpage,v1,Running,True
1779283963,productpage,v1,Running,True
1779283963,productpage,v1,Running,True
1779283963,ratings,v1,Running,True
1779283963,reviews,v1,Running,True
1779283963,reviews,v2,Running,True
1779283963,reviews,v2,Running,True
1779283963,reviews,v3,Running,True
1779283964,details,v1,Running,True
1779283964,details,v1,Running,True
1779283964,details,v1,Running,True
1779283964,productpage,v1,Running,True
1779283964,productpage,v1,Running,True
1779283964,productpage,v1,Running,True
1779283964,productpage,v1,Running,True
1779283964,productpage,v1,Running,True
1779283964,productpage,v1,Running,True
1779283964,productpage,v1,Running,True
1779283964,productpage,v1,Running,True
1779283964,productpage,v1,Running,True
1779283964,productpage,v1,Running,True
1779283964,productpage,v1,Running,True
1779283964,productpage,v1,Running,True
1779283964,productpage,v1,Running,True
1779283964,productpage,v1,Running,True
1779283964,productpage,v1,Running,True
1779283964,productpage,v1,Running,True
1779283964,productpage,v1,Running,True
1779283964,productpage,v1,Running,True
1779283964,productpage,v1,Running,True
1779283964,productpage,v1,Running,True
1779283964,ratings,v1,Running,True
1779283964,reviews,v1,Running,True
1779283964,reviews,v2,Running,True
1779283964,reviews,v2,Running,True
1779283964,reviews,v3,Running,True
1779283965,details,v1,Running,True
1779283965,details,v1,Running,True
1779283965,details,v1,Running,True
1779283965,productpage,v1,Running,True
1779283965,productpage,v1,Running,True
1779283965,productpage,v1,Running,True
1779283965,productpage,v1,Running,True
1779283965,productpage,v1,Running,True
1779283965,productpage,v1,Running,True
1779283965,productpage,v1,Running,True
1779283965,productpage,v1,Running,True
1779283965,productpage,v1,Running,True
1779283965,productpage,v1,Running,True
1779283965,productpage,v1,Running,True
1779283965,productpage,v1,Running,True
1779283965,productpage,v1,Running,True
1779283965,productpage,v1,Running,True
1779283965,productpage,v1,Running,True
1779283965,productpage,v1,Running,True
1779283965,productpage,v1,Running,True
1779283965,productpage,v1,Running,True
1779283965,productpage,v1,Running,True
1779283965,productpage,v1,Running,True
1779283965,ratings,v1,Running,True
1779283965,reviews,v1,Running,True
1779283965,reviews,v2,Running,True
1779283965,reviews,v2,Running,True
1779283965,reviews,v3,Running,True
1779283966,details,v1,Running,True
1779283966,details,v1,Running,True
1779283966,details,v1,Running,True
1779283966,productpage,v1,Running,True
1779283966,productpage,v1,Running,True
1779283966,productpage,v1,Running,True
1779283966,productpage,v1,Running,True
1779283966,productpage,v1,Running,True
1779283966,productpage,v1,Running,True
1779283966,productpage,v1,Running,True
1779283966,productpage,v1,Running,True
1779283966,productpage,v1,Running,True
1779283966,productpage,v1,Running,True
1779283966,productpage,v1,Running,True
1779283966,productpage,v1,Running,True
1779283966,productpage,v1,Running,True
1779283966,productpage,v1,Running,True
1779283966,productpage,v1,Running,True
1779283966,productpage,v1,Running,True
1779283966,productpage,v1,Running,True
1779283966,productpage,v1,Running,True
1779283966,productpage,v1,Running,True
1779283966,productpage,v1,Running,True
1779283966,ratings,v1,Running,True
1779283966,reviews,v1,Running,True
1779283966,reviews,v2,Running,True
1779283966,reviews,v2,Running,True
1779283966,reviews,v3,Running,True
1779283967,details,v1,Running,True
1779283967,details,v1,Running,True
1779283967,details,v1,Running,True
1779283967,productpage,v1,Running,True
1779283967,productpage,v1,Running,True
1779283967,productpage,v1,Running,True
1779283967,productpage,v1,Running,True
1779283967,productpage,v1,Running,True
1779283967,productpage,v1,Running,True
1779283967,productpage,v1,Running,True
1779283967,productpage,v1,Running,True
1779283967,productpage,v1,Running,True
1779283967,productpage,v1,Running,True
1779283967,productpage,v1,Running,True
1779283967,productpage,v1,Running,True
1779283967,productpage,v1,Running,True
1779283967,productpage,v1,Running,True
1779283967,productpage,v1,Running,True
1779283967,productpage,v1,Running,True
1779283967,productpage,v1,Running,True
1779283967,productpage,v1,Running,True
1779283967,productpage,v1,Running,True
1779283967,productpage,v1,Running,True
1779283967,ratings,v1,Running,True
1779283967,reviews,v1,Running,True
1779283967,reviews,v2,Running,True
1779283967,reviews,v2,Running,True
1779283967,reviews,v3,Running,True
1779283968,details,v1,Running,True
1779283968,details,v1,Running,True
1779283968,details,v1,Running,True
1779283968,productpage,v1,Running,True
1779283968,productpage,v1,Running,True
1779283968,productpage,v1,Running,True
1779283968,productpage,v1,Running,True
1779283968,productpage,v1,Running,True
1779283968,productpage,v1,Running,True
1779283968,productpage,v1,Running,True
1779283968,productpage,v1,Running,True
1779283968,productpage,v1,Running,True
1779283968,productpage,v1,Running,True
1779283968,productpage,v1,Running,True
1779283968,productpage,v1,Running,True
1779283968,productpage,v1,Running,True
1779283968,productpage,v1,Running,True
1779283968,productpage,v1,Running,True
1779283968,productpage,v1,Running,True
1779283968,productpage,v1,Running,True
1779283968,productpage,v1,Running,True
1779283968,productpage,v1,Running,True
1779283968,productpage,v1,Running,True
1779283968,ratings,v1,Running,True
1779283968,reviews,v1,Running,True
1779283968,reviews,v2,Running,True
1779283968,reviews,v2,Running,True
1779283968,reviews,v3,Running,True
1779283969,details,v1,Running,True
1779283969,details,v1,Running,True
1779283969,details,v1,Running,True
1779283969,productpage,v1,Running,True
1779283969,productpage,v1,Running,True
1779283969,productpage,v1,Running,True
1779283969,productpage,v1,Running,True
1779283969,productpage,v1,Running,True
1779283969,productpage,v1,Running,True
1779283969,productpage,v1,Running,True
1779283969,productpage,v1,Running,True
1779283969,productpage,v1,Running,True
1779283969,productpage,v1,Running,True
1779283969,productpage,v1,Running,True
1779283969,productpage,v1,Running,True
1779283969,productpage,v1,Running,True
1779283969,productpage,v1,Running,True
1779283969,productpage,v1,Running,True
1779283969,productpage,v1,Running,True
1779283969,productpage,v1,Running,True
1779283969,productpage,v1,Running,True
1779283969,productpage,v1,Running,True
1779283969,productpage,v1,Running,True
1779283969,ratings,v1,Running,True
1779283969,reviews,v1,Running,True
1779283969,reviews,v2,Running,True
1779283969,reviews,v2,Running,True
1779283969,reviews,v3,Running,True
1779283970,details,v1,Running,True
1779283970,details,v1,Running,True
1779283970,details,v1,Running,True
1779283970,productpage,v1,Running,True
1779283970,productpage,v1,Running,True
1779283970,productpage,v1,Running,True
1779283970,productpage,v1,Running,True
1779283970,productpage,v1,Running,True
1779283970,productpage,v1,Running,True
1779283970,productpage,v1,Running,True
1779283970,productpage,v1,Running,True
1779283970,productpage,v1,Running,True
1779283970,productpage,v1,Running,True
1779283970,productpage,v1,Running,True
1779283970,productpage,v1,Running,True
1779283970,productpage,v1,Running,True
1779283970,productpage,v1,Running,True
1779283970,productpage,v1,Running,True
1779283970,productpage,v1,Running,True
1779283970,productpage,v1,Running,True
1779283970,productpage,v1,Running,True
1779283970,productpage,v1,Running,True
1779283970,productpage,v1,Running,True
1779283970,ratings,v1,Running,True
1779283970,reviews,v1,Running,True
1779283970,reviews,v2,Running,True
1779283970,reviews,v2,Running,True
1779283970,reviews,v3,Running,True
1779283971,details,v1,Running,True
1779283971,details,v1,Running,True
1779283971,details,v1,Running,True
1779283971,productpage,v1,Running,True
1779283971,productpage,v1,Running,True
1779283971,productpage,v1,Running,True
1779283971,productpage,v1,Running,True
1779283971,productpage,v1,Running,True
1779283971,productpage,v1,Running,True
1779283971,productpage,v1,Running,True
1779283971,productpage,v1,Running,True
1779283971,productpage,v1,Running,True
1779283971,productpage,v1,Running,True
1779283971,productpage,v1,Running,True
1779283971,productpage,v1,Running,True
1779283971,productpage,v1,Running,True
1779283971,productpage,v1,Running,True
1779283971,productpage,v1,Running,True
1779283971,productpage,v1,Running,True
1779283971,productpage,v1,Running,True
1779283971,productpage,v1,Running,True
1779283971,productpage,v1,Running,True
1779283971,productpage,v1,Running,True
1779283971,ratings,v1,Running,True
1779283971,reviews,v1,Running,True
1779283971,reviews,v2,Running,True
1779283971,reviews,v2,Running,True
1779283971,reviews,v3,Running,True
1779283972,details,v1,Running,True
1779283972,details,v1,Running,True
1779283972,details,v1,Running,True
1779283972,productpage,v1,Running,True
1779283972,productpage,v1,Running,True
1779283972,productpage,v1,Running,True
1779283972,productpage,v1,Running,True
1779283972,productpage,v1,Running,True
1779283972,productpage,v1,Running,True
1779283972,productpage,v1,Running,True
1779283972,productpage,v1,Running,True
1779283972,productpage,v1,Running,True
1779283972,productpage,v1,Running,True
1779283972,productpage,v1,Running,True
1779283972,productpage,v1,Running,True
1779283972,productpage,v1,Running,True
1779283972,productpage,v1,Running,True
1779283972,productpage,v1,Running,True
1779283972,productpage,v1,Running,True
1779283972,productpage,v1,Running,True
1779283972,productpage,v1,Running,True
1779283972,productpage,v1,Running,True
1779283972,productpage,v1,Running,True
1779283972,ratings,v1,Running,True
1779283972,reviews,v1,Running,True
1779283972,reviews,v2,Running,True
1779283972,reviews,v2,Running,True
1779283972,reviews,v3,Running,True
1779283973,details,v1,Running,True
1779283973,details,v1,Running,True
1779283973,details,v1,Running,True
1779283973,productpage,v1,Running,True
1779283973,productpage,v1,Running,True
1779283973,productpage,v1,Running,True
1779283973,productpage,v1,Running,True
1779283973,productpage,v1,Running,True
1779283973,productpage,v1,Running,True
1779283973,productpage,v1,Running,True
1779283973,productpage,v1,Running,True
1779283973,productpage,v1,Running,True
1779283973,productpage,v1,Running,True
1779283973,productpage,v1,Running,True
1779283973,productpage,v1,Running,True
1779283973,productpage,v1,Running,True
1779283973,productpage,v1,Running,True
1779283973,productpage,v1,Running,True
1779283973,productpage,v1,Running,True
1779283973,productpage,v1,Running,True
1779283973,productpage,v1,Running,True
1779283973,productpage,v1,Running,True
1779283973,productpage,v1,Running,True
1779283973,ratings,v1,Running,True
1779283973,reviews,v1,Running,True
1779283973,reviews,v2,Running,True
1779283973,reviews,v2,Running,True
1779283973,reviews,v3,Running,True
1779283974,details,v1,Running,True
1779283974,details,v1,Running,True
1779283974,details,v1,Running,True
1779283974,productpage,v1,Running,True
1779283974,productpage,v1,Running,True
1779283974,productpage,v1,Running,True
1779283974,productpage,v1,Running,True
1779283974,productpage,v1,Running,True
1779283974,productpage,v1,Running,True
1779283974,productpage,v1,Running,True
1779283974,productpage,v1,Running,True
1779283974,productpage,v1,Running,True
1779283974,productpage,v1,Running,True
1779283974,productpage,v1,Running,True
1779283974,productpage,v1,Running,True
1779283974,productpage,v1,Running,True
1779283974,productpage,v1,Running,True
1779283974,productpage,v1,Running,True
1779283974,productpage,v1,Running,True
1779283974,productpage,v1,Running,True
1779283974,productpage,v1,Running,True
1779283974,productpage,v1,Running,True
1779283974,productpage,v1,Running,True
1779283974,ratings,v1,Running,True
1779283974,reviews,v1,Running,True
1779283974,reviews,v2,Running,True
1779283974,reviews,v2,Running,True
1779283974,reviews,v3,Running,True
1779283975,details,v1,Running,True
1779283975,details,v1,Running,True
1779283975,details,v1,Running,True
1779283975,productpage,v1,Running,True
1779283975,productpage,v1,Running,True
1779283975,productpage,v1,Running,True
1779283975,productpage,v1,Running,True
1779283975,productpage,v1,Running,True
1779283975,productpage,v1,Running,True
1779283975,productpage,v1,Running,True
1779283975,productpage,v1,Running,True
1779283975,productpage,v1,Running,True
1779283975,productpage,v1,Running,True
1779283975,productpage,v1,Running,True
1779283975,productpage,v1,Running,True
1779283975,productpage,v1,Running,True
1779283975,productpage,v1,Running,True
1779283975,productpage,v1,Running,True
1779283975,productpage,v1,Running,True
1779283975,productpage,v1,Running,True
1779283975,productpage,v1,Running,True
1779283975,productpage,v1,Running,True
1779283975,productpage,v1,Running,True
1779283975,ratings,v1,Running,True
1779283975,reviews,v1,Running,True
1779283975,reviews,v2,Running,True
1779283975,reviews,v2,Running,True
1779283975,reviews,v3,Running,True
1779283976,details,v1,Running,True
1779283976,details,v1,Running,True
1779283976,details,v1,Running,True
1779283976,productpage,v1,Running,True
1779283976,productpage,v1,Running,True
1779283976,productpage,v1,Running,True
1779283976,productpage,v1,Running,True
1779283976,productpage,v1,Running,True
1779283976,productpage,v1,Running,True
1779283976,productpage,v1,Running,True
1779283976,productpage,v1,Running,True
1779283976,productpage,v1,Running,True
1779283976,productpage,v1,Running,True
1779283976,productpage,v1,Running,True
1779283976,productpage,v1,Running,True
1779283976,productpage,v1,Running,True
1779283976,productpage,v1,Running,True
1779283976,productpage,v1,Running,True
1779283976,productpage,v1,Running,True
1779283976,productpage,v1,Running,True
1779283976,productpage,v1,Running,True
1779283976,productpage,v1,Running,True
1779283976,productpage,v1,Running,True
1779283976,ratings,v1,Running,True
1779283976,reviews,v1,Running,True
1779283976,reviews,v2,Running,True
1779283976,reviews,v2,Running,True
1779283976,reviews,v3,Running,True
1779283977,details,v1,Running,True
1779283977,details,v1,Running,True
1779283977,details,v1,Running,True
1779283977,productpage,v1,Running,True
1779283977,productpage,v1,Running,True
1779283977,productpage,v1,Running,True
1779283977,productpage,v1,Running,True
1779283977,productpage,v1,Running,True
1779283977,productpage,v1,Running,True
1779283977,productpage,v1,Running,True
1779283977,productpage,v1,Running,True
1779283977,productpage,v1,Running,True
1779283977,productpage,v1,Running,True
1779283977,productpage,v1,Running,True
1779283977,productpage,v1,Running,True
1779283977,productpage,v1,Running,True
1779283977,productpage,v1,Running,True
1779283977,productpage,v1,Running,True
1779283977,productpage,v1,Running,True
1779283977,productpage,v1,Running,True
1779283977,productpage,v1,Running,True
1779283977,productpage,v1,Running,True
1779283977,productpage,v1,Running,True
1779283977,ratings,v1,Running,True
1779283977,reviews,v1,Running,True
1779283977,reviews,v2,Running,True
1779283977,reviews,v2,Running,True
1779283977,reviews,v3,Running,True
1779283978,details,v1,Running,True
1779283978,details,v1,Running,True
1779283978,details,v1,Running,True
1779283978,productpage,v1,Running,True
1779283978,productpage,v1,Running,True
1779283978,productpage,v1,Running,True
1779283978,productpage,v1,Running,True
1779283978,productpage,v1,Running,True
1779283978,productpage,v1,Running,True
1779283978,productpage,v1,Running,True
1779283978,productpage,v1,Running,True
1779283978,productpage,v1,Running,True
1779283978,productpage,v1,Running,True
1779283978,productpage,v1,Running,True
1779283978,productpage,v1,Running,True
1779283978,productpage,v1,Running,True
1779283978,productpage,v1,Running,True
1779283978,productpage,v1,Running,True
1779283978,productpage,v1,Running,True
1779283978,productpage,v1,Running,True
1779283978,productpage,v1,Running,True
1779283978,productpage,v1,Running,True
1779283978,productpage,v1,Running,True
1779283978,ratings,v1,Running,True
1779283978,reviews,v1,Running,True
1779283978,reviews,v2,Running,True
1779283978,reviews,v2,Running,True
1779283978,reviews,v3,Running,True
1779283979,details,v1,Running,True
1779283979,details,v1,Running,True
1779283979,details,v1,Running,True
1779283979,productpage,v1,Running,True
1779283979,productpage,v1,Running,True
1779283979,productpage,v1,Running,True
1779283979,productpage,v1,Running,True
1779283979,productpage,v1,Running,True
1779283979,productpage,v1,Running,True
1779283979,productpage,v1,Running,True
1779283979,productpage,v1,Running,True
1779283979,productpage,v1,Running,True
1779283979,productpage,v1,Running,True
1779283979,productpage,v1,Running,True
1779283979,productpage,v1,Running,True
1779283979,productpage,v1,Running,True
1779283979,productpage,v1,Running,True
1779283979,productpage,v1,Running,True
1779283979,productpage,v1,Running,True
1779283979,productpage,v1,Running,True
1779283979,productpage,v1,Running,True
1779283979,productpage,v1,Running,True
1779283979,productpage,v1,Running,True
1779283979,ratings,v1,Running,True
1779283979,reviews,v1,Running,True
1779283979,reviews,v2,Running,True
1779283979,reviews,v2,Running,True
1779283979,reviews,v3,Running,True
1779283980,details,v1,Running,True
1779283980,details,v1,Running,True
1779283980,details,v1,Running,True
1779283980,productpage,v1,Running,True
1779283980,productpage,v1,Running,True
1779283980,productpage,v1,Running,True
1779283980,productpage,v1,Running,True
1779283980,productpage,v1,Running,True
1779283980,productpage,v1,Running,True
1779283980,productpage,v1,Running,True
1779283980,productpage,v1,Running,True
1779283980,productpage,v1,Running,True
1779283980,productpage,v1,Running,True
1779283980,productpage,v1,Running,True
1779283980,productpage,v1,Running,True
1779283980,productpage,v1,Running,True
1779283980,productpage,v1,Running,True
1779283980,productpage,v1,Running,True
1779283980,productpage,v1,Running,True
1779283980,productpage,v1,Running,True
1779283980,productpage,v1,Running,True
1779283980,productpage,v1,Running,True
1779283980,productpage,v1,Running,True
1779283980,ratings,v1,Running,True
1779283980,reviews,v1,Running,True
1779283980,reviews,v2,Running,True
1779283980,reviews,v2,Running,True
1779283980,reviews,v3,Running,True
1779283981,details,v1,Running,True
1779283981,details,v1,Running,True
1779283981,details,v1,Running,True
1779283981,productpage,v1,Running,True
1779283981,productpage,v1,Running,True
1779283981,productpage,v1,Running,True
1779283981,productpage,v1,Running,True
1779283981,productpage,v1,Running,True
1779283981,productpage,v1,Running,True
1779283981,productpage,v1,Running,True
1779283981,productpage,v1,Running,True
1779283981,productpage,v1,Running,True
1779283981,productpage,v1,Running,True
1779283981,productpage,v1,Running,True
1779283981,productpage,v1,Running,True
1779283981,productpage,v1,Running,True
1779283981,productpage,v1,Running,True
1779283981,productpage,v1,Running,True
1779283981,productpage,v1,Running,True
1779283981,productpage,v1,Running,True
1779283981,productpage,v1,Running,True
1779283981,productpage,v1,Running,True
1779283981,productpage,v1,Running,True
1779283981,ratings,v1,Running,True
1779283981,reviews,v1,Running,True
1779283981,reviews,v2,Running,True
1779283981,reviews,v2,Running,True
1779283981,reviews,v3,Running,True
1779283982,details,v1,Running,True
1779283982,details,v1,Running,True
1779283982,details,v1,Running,True
1779283982,productpage,v1,Running,True
1779283982,productpage,v1,Running,True
1779283982,productpage,v1,Running,True
1779283982,productpage,v1,Running,True
1779283982,productpage,v1,Running,True
1779283982,productpage,v1,Running,True
1779283982,productpage,v1,Running,True
1779283982,productpage,v1,Running,True
1779283982,productpage,v1,Running,True
1779283982,productpage,v1,Running,True
1779283982,productpage,v1,Running,True
1779283982,productpage,v1,Running,True
1779283982,productpage,v1,Running,True
1779283982,productpage,v1,Running,True
1779283982,productpage,v1,Running,True
1779283982,productpage,v1,Running,True
1779283982,productpage,v1,Running,True
1779283982,productpage,v1,Running,True
1779283982,productpage,v1,Running,True
1779283982,productpage,v1,Running,True
1779283982,ratings,v1,Running,True
1779283982,reviews,v1,Running,True
1779283982,reviews,v2,Running,True
1779283982,reviews,v2,Running,True
1779283982,reviews,v3,Running,True
1779283983,details,v1,Running,True
1779283983,details,v1,Running,True
1779283983,details,v1,Running,True
1779283983,productpage,v1,Running,True
1779283983,productpage,v1,Running,True
1779283983,productpage,v1,Running,True
1779283983,productpage,v1,Running,True
1779283983,productpage,v1,Running,True
1779283983,productpage,v1,Running,True
1779283983,productpage,v1,Running,True
1779283983,productpage,v1,Running,True
1779283983,productpage,v1,Running,True
1779283983,productpage,v1,Running,True
1779283983,productpage,v1,Running,True
1779283983,productpage,v1,Running,True
1779283983,productpage,v1,Running,True
1779283983,productpage,v1,Running,True
1779283983,productpage,v1,Running,True
1779283983,productpage,v1,Running,True
1779283983,productpage,v1,Running,True
1779283983,productpage,v1,Running,True
1779283983,productpage,v1,Running,True
1779283983,productpage,v1,Running,True
1779283983,ratings,v1,Running,True
1779283983,reviews,v1,Running,True
1779283983,reviews,v2,Running,True
1779283983,reviews,v2,Running,True
1779283983,reviews,v3,Running,True
1779283984,details,v1,Running,True
1779283984,details,v1,Running,True
1779283984,details,v1,Running,True
1779283984,productpage,v1,Running,True
1779283984,productpage,v1,Running,True
1779283984,productpage,v1,Running,True
1779283984,productpage,v1,Running,True
1779283984,productpage,v1,Running,True
1779283984,productpage,v1,Running,True
1779283984,productpage,v1,Running,True
1779283984,productpage,v1,Running,True
1779283984,productpage,v1,Running,True
1779283984,productpage,v1,Running,True
1779283984,productpage,v1,Running,True
1779283984,productpage,v1,Running,True
1779283984,productpage,v1,Running,True
1779283984,productpage,v1,Running,True
1779283984,productpage,v1,Running,True
1779283984,productpage,v1,Running,True
1779283984,productpage,v1,Running,True
1779283984,productpage,v1,Running,True
1779283984,productpage,v1,Running,True
1779283984,productpage,v1,Running,True
1779283984,ratings,v1,Running,True
1779283984,reviews,v1,Running,True
1779283984,reviews,v2,Running,True
1779283984,reviews,v2,Pending,False
1779283984,reviews,v2,Pending,False
1779283984,reviews,v2,Running,True
1779283984,reviews,v3,Running,True
1779283985,details,v1,Running,True
1779283985,details,v1,Running,True
1779283985,details,v1,Running,True
1779283985,productpage,v1,Running,True
1779283985,productpage,v1,Running,True
1779283985,productpage,v1,Running,True
1779283985,productpage,v1,Running,True
1779283985,productpage,v1,Running,True
1779283985,productpage,v1,Running,True
1779283985,productpage,v1,Running,True
1779283985,productpage,v1,Running,True
1779283985,productpage,v1,Running,True
1779283985,productpage,v1,Running,True
1779283985,productpage,v1,Running,True
1779283985,productpage,v1,Running,True
1779283985,productpage,v1,Running,True
1779283985,productpage,v1,Running,True
1779283985,productpage,v1,Running,True
1779283985,productpage,v1,Running,True
1779283985,productpage,v1,Running,True
1779283985,productpage,v1,Running,True
1779283985,productpage,v1,Running,True
1779283985,productpage,v1,Running,True
1779283985,ratings,v1,Running,True
1779283985,reviews,v1,Running,True
1779283985,reviews,v2,Running,True
1779283985,reviews,v2,Pending,False
1779283985,reviews,v2,Pending,False
1779283985,reviews,v2,Running,True
1779283985,reviews,v3,Running,True
1779283986,details,v1,Running,True
1779283986,details,v1,Running,True
1779283986,details,v1,Running,True
1779283986,productpage,v1,Running,True
1779283986,productpage,v1,Running,True
1779283986,productpage,v1,Running,True
1779283986,productpage,v1,Running,True
1779283986,productpage,v1,Running,True
1779283986,productpage,v1,Running,True
1779283986,productpage,v1,Running,True
1779283986,productpage,v1,Running,True
1779283986,productpage,v1,Running,True
1779283986,productpage,v1,Running,True
1779283986,productpage,v1,Running,True
1779283986,productpage,v1,Running,True
1779283986,productpage,v1,Running,True
1779283986,productpage,v1,Running,True
1779283986,productpage,v1,Running,True
1779283986,productpage,v1,Running,True
1779283986,productpage,v1,Running,True
1779283986,productpage,v1,Running,True
1779283986,productpage,v1,Running,True
1779283986,productpage,v1,Running,True
1779283986,ratings,v1,Running,True
1779283986,reviews,v1,Running,True
1779283986,reviews,v2,Running,True
1779283986,reviews,v2,Running,False
1779283986,reviews,v2,Running,False
1779283986,reviews,v2,Running,True
1779283986,reviews,v3,Running,True
1779283987,details,v1,Running,True
1779283987,details,v1,Running,True
1779283987,details,v1,Running,True
1779283987,productpage,v1,Running,True
1779283987,productpage,v1,Running,True
1779283987,productpage,v1,Running,True
1779283987,productpage,v1,Running,True
1779283987,productpage,v1,Running,True
1779283987,productpage,v1,Running,True
1779283987,productpage,v1,Running,True
1779283987,productpage,v1,Running,True
1779283987,productpage,v1,Running,True
1779283987,productpage,v1,Running,True
1779283987,productpage,v1,Running,True
1779283987,productpage,v1,Running,True
1779283987,productpage,v1,Running,True
1779283987,productpage,v1,Running,True
1779283987,productpage,v1,Running,True
1779283987,productpage,v1,Running,True
1779283987,productpage,v1,Running,True
1779283987,productpage,v1,Running,True
1779283987,productpage,v1,Running,True
1779283987,productpage,v1,Running,True
1779283987,ratings,v1,Running,True
1779283987,reviews,v1,Running,True
1779283987,reviews,v2,Running,True
1779283987,reviews,v2,Running,True
1779283987,reviews,v2,Running,True
1779283987,reviews,v2,Running,True
1779283987,reviews,v3,Running,True
1779283988,details,v1,Running,True
1779283988,details,v1,Running,True
1779283988,details,v1,Running,True
1779283988,productpage,v1,Running,True
1779283988,productpage,v1,Running,True
1779283988,productpage,v1,Running,True
1779283988,productpage,v1,Running,True
1779283988,productpage,v1,Running,True
1779283988,productpage,v1,Running,True
1779283988,productpage,v1,Running,True
1779283988,productpage,v1,Running,True
1779283988,productpage,v1,Running,True
1779283988,productpage,v1,Running,True
1779283988,productpage,v1,Running,True
1779283988,productpage,v1,Running,True
1779283988,productpage,v1,Running,True
1779283988,productpage,v1,Running,True
1779283988,productpage,v1,Running,True
1779283988,productpage,v1,Running,True
1779283988,productpage,v1,Running,True
1779283988,productpage,v1,Running,True
1779283988,productpage,v1,Running,True
1779283988,productpage,v1,Running,True
1779283988,ratings,v1,Running,True
1779283988,reviews,v1,Running,True
1779283988,reviews,v2,Running,True
1779283988,reviews,v2,Running,True
1779283988,reviews,v2,Running,True
1779283988,reviews,v2,Running,True
1779283988,reviews,v3,Running,True
1779283989,details,v1,Running,True
1779283989,details,v1,Running,True
1779283989,details,v1,Running,True
1779283989,productpage,v1,Running,True
1779283989,productpage,v1,Running,True
1779283989,productpage,v1,Running,True
1779283989,productpage,v1,Running,True
1779283989,productpage,v1,Running,True
1779283989,productpage,v1,Running,True
1779283989,productpage,v1,Running,True
1779283989,productpage,v1,Running,True
1779283989,productpage,v1,Running,True
1779283989,productpage,v1,Running,True
1779283989,productpage,v1,Running,True
1779283989,productpage,v1,Running,True
1779283989,productpage,v1,Running,True
1779283989,productpage,v1,Running,True
1779283989,productpage,v1,Running,True
1779283989,productpage,v1,Running,True
1779283989,productpage,v1,Running,True
1779283989,productpage,v1,Running,True
1779283989,productpage,v1,Running,True
1779283989,productpage,v1,Running,True
1779283989,ratings,v1,Running,True
1779283989,reviews,v1,Running,True
1779283989,reviews,v2,Running,True
1779283989,reviews,v2,Running,True
1779283989,reviews,v2,Running,True
1779283989,reviews,v2,Running,True
1779283989,reviews,v3,Running,True
1779283990,details,v1,Running,True
1779283990,details,v1,Running,True
1779283990,details,v1,Running,True
1779283990,productpage,v1,Running,True
1779283990,productpage,v1,Running,True
1779283990,productpage,v1,Running,True
1779283990,productpage,v1,Running,True
1779283990,productpage,v1,Running,True
1779283990,productpage,v1,Running,True
1779283990,productpage,v1,Running,True
1779283990,productpage,v1,Running,True
1779283990,productpage,v1,Running,True
1779283990,productpage,v1,Running,True
1779283990,productpage,v1,Running,True
1779283990,productpage,v1,Running,True
1779283990,productpage,v1,Running,True
1779283990,productpage,v1,Running,True
1779283990,productpage,v1,Running,True
1779283990,productpage,v1,Running,True
1779283990,productpage,v1,Running,True
1779283990,productpage,v1,Running,True
1779283990,productpage,v1,Running,True
1779283990,productpage,v1,Running,True
1779283990,ratings,v1,Running,True
1779283990,reviews,v1,Running,True
1779283990,reviews,v2,Running,True
1779283990,reviews,v2,Running,True
1779283990,reviews,v2,Running,True
1779283990,reviews,v2,Running,True
1779283990,reviews,v3,Running,True
1779283991,details,v1,Running,True
1779283991,details,v1,Running,True
1779283991,details,v1,Running,True
1779283991,productpage,v1,Running,True
1779283991,productpage,v1,Running,True
1779283991,productpage,v1,Running,True
1779283991,productpage,v1,Running,True
1779283991,productpage,v1,Running,True
1779283991,productpage,v1,Running,True
1779283991,productpage,v1,Running,True
1779283991,productpage,v1,Running,True
1779283991,productpage,v1,Running,True
1779283991,productpage,v1,Running,True
1779283991,productpage,v1,Running,True
1779283991,productpage,v1,Running,True
1779283991,productpage,v1,Running,True
1779283991,productpage,v1,Running,True
1779283991,productpage,v1,Running,True
1779283991,productpage,v1,Running,True
1779283991,productpage,v1,Running,True
1779283991,productpage,v1,Running,True
1779283991,productpage,v1,Running,True
1779283991,productpage,v1,Running,True
1779283991,ratings,v1,Running,True
1779283991,reviews,v1,Running,True
1779283991,reviews,v2,Running,True
1779283991,reviews,v2,Running,True
1779283991,reviews,v2,Running,True
1779283991,reviews,v2,Running,True
1779283991,reviews,v3,Running,True
1779283992,details,v1,Running,True
1779283992,details,v1,Running,True
1779283992,details,v1,Running,True
1779283992,productpage,v1,Running,True
1779283992,productpage,v1,Running,True
1779283992,productpage,v1,Running,True
1779283992,productpage,v1,Running,True
1779283992,productpage,v1,Running,True
1779283992,productpage,v1,Running,True
1779283992,productpage,v1,Running,True
1779283992,productpage,v1,Running,True
1779283992,productpage,v1,Running,True
1779283992,productpage,v1,Running,True
1779283992,productpage,v1,Running,True
1779283992,productpage,v1,Running,True
1779283992,productpage,v1,Running,True
1779283992,productpage,v1,Running,True
1779283992,productpage,v1,Running,True
1779283992,productpage,v1,Running,True
1779283992,productpage,v1,Running,True
1779283992,productpage,v1,Running,True
1779283992,productpage,v1,Running,True
1779283992,productpage,v1,Running,True
1779283992,ratings,v1,Running,True
1779283992,reviews,v1,Running,True
1779283992,reviews,v2,Running,True
1779283992,reviews,v2,Running,True
1779283992,reviews,v2,Running,True
1779283992,reviews,v2,Running,True
1779283992,reviews,v3,Running,True
1779283993,details,v1,Running,True
1779283993,details,v1,Running,True
1779283993,details,v1,Running,True
1779283993,productpage,v1,Running,True
1779283993,productpage,v1,Running,True
1779283993,productpage,v1,Running,True
1779283993,productpage,v1,Running,True
1779283993,productpage,v1,Running,True
1779283993,productpage,v1,Running,True
1779283993,productpage,v1,Running,True
1779283993,productpage,v1,Running,True
1779283993,productpage,v1,Running,True
1779283993,productpage,v1,Running,True
1779283993,productpage,v1,Running,True
1779283993,productpage,v1,Running,True
1779283993,productpage,v1,Running,True
1779283993,productpage,v1,Running,True
1779283993,productpage,v1,Running,True
1779283993,productpage,v1,Running,True
1779283993,productpage,v1,Running,True
1779283993,productpage,v1,Running,True
1779283993,productpage,v1,Running,True
1779283993,productpage,v1,Running,True
1779283993,ratings,v1,Running,True
1779283993,reviews,v1,Running,True
1779283993,reviews,v2,Running,True
1779283993,reviews,v2,Running,True
1779283993,reviews,v2,Running,True
1779283993,reviews,v2,Running,True
1779283993,reviews,v3,Running,True
1779283994,details,v1,Running,True
1779283994,details,v1,Running,True
1779283994,details,v1,Running,True
1779283994,productpage,v1,Running,True
1779283994,productpage,v1,Running,True
1779283994,productpage,v1,Running,True
1779283994,productpage,v1,Running,True
1779283994,productpage,v1,Running,True
1779283994,productpage,v1,Running,True
1779283994,productpage,v1,Running,True
1779283994,productpage,v1,Running,True
1779283994,productpage,v1,Running,True
1779283994,productpage,v1,Running,True
1779283994,productpage,v1,Running,True
1779283994,productpage,v1,Running,True
1779283994,productpage,v1,Running,True
1779283994,productpage,v1,Running,True
1779283994,productpage,v1,Running,True
1779283994,productpage,v1,Running,True
1779283994,productpage,v1,Running,True
1779283994,productpage,v1,Running,True
1779283994,productpage,v1,Running,True
1779283994,productpage,v1,Running,True
1779283994,ratings,v1,Running,True
1779283994,reviews,v1,Running,True
1779283994,reviews,v2,Running,True
1779283994,reviews,v2,Running,True
1779283994,reviews,v2,Running,True
1779283994,reviews,v2,Running,True
1779283994,reviews,v3,Running,True
1779283995,details,v1,Running,True
1779283995,details,v1,Running,True
1779283995,details,v1,Running,True
1779283995,productpage,v1,Running,True
1779283995,productpage,v1,Running,True
1779283995,productpage,v1,Running,True
1779283995,productpage,v1,Running,True
1779283995,productpage,v1,Running,True
1779283995,productpage,v1,Running,True
1779283995,productpage,v1,Running,True
1779283995,productpage,v1,Running,True
1779283995,productpage,v1,Running,True
1779283995,productpage,v1,Running,True
1779283995,productpage,v1,Running,True
1779283995,productpage,v1,Running,True
1779283995,productpage,v1,Running,True
1779283995,productpage,v1,Running,True
1779283995,productpage,v1,Running,True
1779283995,productpage,v1,Running,True
1779283995,productpage,v1,Running,True
1779283995,productpage,v1,Running,True
1779283995,productpage,v1,Running,True
1779283995,productpage,v1,Running,True
1779283995,ratings,v1,Running,True
1779283995,reviews,v1,Running,True
1779283995,reviews,v2,Running,True
1779283995,reviews,v2,Running,True
1779283995,reviews,v2,Running,True
1779283995,reviews,v2,Running,True
1779283995,reviews,v3,Running,True
1779283996,details,v1,Running,True
1779283996,details,v1,Running,True
1779283996,details,v1,Running,True
1779283996,productpage,v1,Running,True
1779283996,productpage,v1,Running,True
1779283996,productpage,v1,Running,True
1779283996,productpage,v1,Running,True
1779283996,productpage,v1,Running,True
1779283996,productpage,v1,Running,True
1779283996,productpage,v1,Running,True
1779283996,productpage,v1,Running,True
1779283996,productpage,v1,Running,True
1779283996,productpage,v1,Running,True
1779283996,productpage,v1,Running,True
1779283996,productpage,v1,Running,True
1779283996,productpage,v1,Running,True
1779283996,productpage,v1,Running,True
1779283996,productpage,v1,Running,True
1779283996,productpage,v1,Running,True
1779283996,productpage,v1,Running,True
1779283996,productpage,v1,Running,True
1779283996,productpage,v1,Running,True
1779283996,productpage,v1,Running,True
1779283996,ratings,v1,Running,True
1779283996,reviews,v1,Running,True
1779283996,reviews,v2,Running,True
1779283996,reviews,v2,Running,True
1779283996,reviews,v2,Running,True
1779283996,reviews,v2,Running,True
1779283996,reviews,v3,Running,True
1779283997,details,v1,Running,True
1779283997,details,v1,Running,True
1779283997,details,v1,Running,True
1779283997,productpage,v1,Running,True
1779283997,productpage,v1,Running,True
1779283997,productpage,v1,Running,True
1779283997,productpage,v1,Running,True
1779283997,productpage,v1,Running,True
1779283997,productpage,v1,Running,True
1779283997,productpage,v1,Running,True
1779283997,productpage,v1,Running,True
1779283997,productpage,v1,Running,True
1779283997,productpage,v1,Running,True
1779283997,productpage,v1,Running,True
1779283997,productpage,v1,Running,True
1779283997,productpage,v1,Running,True
1779283997,productpage,v1,Running,True
1779283997,productpage,v1,Running,True
1779283997,productpage,v1,Running,True
1779283997,productpage,v1,Running,True
1779283997,productpage,v1,Running,True
1779283997,productpage,v1,Running,True
1779283997,productpage,v1,Running,True
1779283997,ratings,v1,Running,True
1779283997,reviews,v1,Running,True
1779283997,reviews,v2,Running,True
1779283997,reviews,v2,Running,True
1779283997,reviews,v2,Running,True
1779283997,reviews,v2,Running,True
1779283997,reviews,v3,Running,True
1779283998,details,v1,Running,True
1779283998,details,v1,Running,True
1779283998,details,v1,Running,True
1779283998,productpage,v1,Running,True
1779283998,productpage,v1,Running,True
1779283998,productpage,v1,Running,True
1779283998,productpage,v1,Running,True
1779283998,productpage,v1,Running,True
1779283998,productpage,v1,Running,True
1779283998,productpage,v1,Running,True
1779283998,productpage,v1,Running,True
1779283998,productpage,v1,Running,True
1779283998,productpage,v1,Running,True
1779283998,productpage,v1,Running,True
1779283998,productpage,v1,Running,True
1779283998,productpage,v1,Running,True
1779283998,productpage,v1,Running,True
1779283998,productpage,v1,Running,True
1779283998,productpage,v1,Running,True
1779283998,productpage,v1,Running,True
1779283998,productpage,v1,Running,True
1779283998,productpage,v1,Running,True
1779283998,productpage,v1,Running,True
1779283998,ratings,v1,Running,True
1779283998,reviews,v1,Running,True
1779283998,reviews,v2,Running,True
1779283998,reviews,v2,Running,True
1779283998,reviews,v2,Running,True
1779283998,reviews,v2,Running,True
1779283998,reviews,v3,Running,True
1779283999,details,v1,Running,True
1779283999,details,v1,Running,True
1779283999,details,v1,Running,True
1779283999,productpage,v1,Running,True
1779283999,productpage,v1,Running,True
1779283999,productpage,v1,Running,True
1779283999,productpage,v1,Running,True
1779283999,productpage,v1,Running,True
1779283999,productpage,v1,Running,True
1779283999,productpage,v1,Running,True
1779283999,productpage,v1,Running,True
1779283999,productpage,v1,Running,True
1779283999,productpage,v1,Running,True
1779283999,productpage,v1,Running,True
1779283999,productpage,v1,Running,True
1779283999,productpage,v1,Running,True
1779283999,productpage,v1,Running,True
1779283999,productpage,v1,Running,True
1779283999,productpage,v1,Running,True
1779283999,productpage,v1,Running,True
1779283999,productpage,v1,Running,True
1779283999,productpage,v1,Running,True
1779283999,productpage,v1,Running,True
1779283999,ratings,v1,Running,True
1779283999,reviews,v1,Running,True
1779283999,reviews,v2,Running,True
1779283999,reviews,v2,Running,True
1779283999,reviews,v2,Running,True
1779283999,reviews,v2,Running,True
1779283999,reviews,v3,Running,True
1779284000,details,v1,Running,True
1779284000,details,v1,Running,True
1779284000,details,v1,Running,True
1779284000,productpage,v1,Running,True
1779284000,productpage,v1,Running,True
1779284000,productpage,v1,Running,True
1779284000,productpage,v1,Running,True
1779284000,productpage,v1,Running,True
1779284000,productpage,v1,Running,True
1779284000,productpage,v1,Running,True
1779284000,productpage,v1,Running,True
1779284000,productpage,v1,Running,True
1779284000,productpage,v1,Running,True
1779284000,productpage,v1,Running,True
1779284000,productpage,v1,Running,True
1779284000,productpage,v1,Running,True
1779284000,productpage,v1,Running,True
1779284000,productpage,v1,Running,True
1779284000,productpage,v1,Running,True
1779284000,productpage,v1,Running,True
1779284000,productpage,v1,Running,True
1779284000,productpage,v1,Running,True
1779284000,productpage,v1,Running,True
1779284000,ratings,v1,Running,True
1779284000,reviews,v1,Running,True
1779284000,reviews,v2,Running,True
1779284000,reviews,v2,Running,True
1779284000,reviews,v2,Running,True
1779284000,reviews,v2,Running,True
1779284000,reviews,v3,Running,True
1779284001,details,v1,Running,True
1779284001,details,v1,Running,True
1779284001,details,v1,Running,True
1779284001,productpage,v1,Running,True
1779284001,productpage,v1,Running,True
1779284001,productpage,v1,Running,True
1779284001,productpage,v1,Running,True
1779284001,productpage,v1,Running,True
1779284001,productpage,v1,Running,True
1779284001,productpage,v1,Running,True
1779284001,productpage,v1,Running,True
1779284001,productpage,v1,Running,True
1779284001,productpage,v1,Running,True
1779284001,productpage,v1,Running,True
1779284001,productpage,v1,Running,True
1779284001,productpage,v1,Running,True
1779284001,productpage,v1,Running,True
1779284001,productpage,v1,Running,True
1779284001,productpage,v1,Running,True
1779284001,productpage,v1,Running,True
1779284001,productpage,v1,Running,True
1779284001,productpage,v1,Running,True
1779284001,productpage,v1,Running,True
1779284001,ratings,v1,Running,True
1779284001,reviews,v1,Running,True
1779284001,reviews,v2,Running,True
1779284001,reviews,v2,Running,True
1779284001,reviews,v2,Running,True
1779284001,reviews,v2,Running,True
1779284001,reviews,v3,Running,True
1779284002,details,v1,Running,True
1779284002,details,v1,Running,True
1779284002,details,v1,Running,True
1779284002,productpage,v1,Running,True
1779284002,productpage,v1,Running,True
1779284002,productpage,v1,Running,True
1779284002,productpage,v1,Running,True
1779284002,productpage,v1,Running,True
1779284002,productpage,v1,Running,True
1779284002,productpage,v1,Running,True
1779284002,productpage,v1,Running,True
1779284002,productpage,v1,Running,True
1779284002,productpage,v1,Running,True
1779284002,productpage,v1,Running,True
1779284002,productpage,v1,Running,True
1779284002,productpage,v1,Running,True
1779284002,productpage,v1,Running,True
1779284002,productpage,v1,Running,True
1779284002,productpage,v1,Running,True
1779284002,productpage,v1,Running,True
1779284002,productpage,v1,Running,True
1779284002,productpage,v1,Running,True
1779284002,productpage,v1,Running,True
1779284002,ratings,v1,Running,True
1779284002,reviews,v1,Running,True
1779284002,reviews,v2,Running,True
1779284002,reviews,v2,Running,True
1779284002,reviews,v2,Running,True
1779284002,reviews,v2,Running,True
1779284002,reviews,v3,Running,True
1779284003,details,v1,Running,True
1779284003,details,v1,Running,True
1779284003,details,v1,Running,True
1779284003,productpage,v1,Running,True
1779284003,productpage,v1,Running,True
1779284003,productpage,v1,Running,True
1779284003,productpage,v1,Running,True
1779284003,productpage,v1,Running,True
1779284003,productpage,v1,Running,True
1779284003,productpage,v1,Running,True
1779284003,productpage,v1,Running,True
1779284003,productpage,v1,Running,True
1779284003,productpage,v1,Running,True
1779284003,productpage,v1,Running,True
1779284003,productpage,v1,Running,True
1779284003,productpage,v1,Running,True
1779284003,productpage,v1,Running,True
1779284003,productpage,v1,Running,True
1779284003,productpage,v1,Running,True
1779284003,productpage,v1,Running,True
1779284003,productpage,v1,Running,True
1779284003,productpage,v1,Running,True
1779284003,productpage,v1,Running,True
1779284003,ratings,v1,Running,True
1779284003,reviews,v1,Running,True
1779284003,reviews,v2,Running,True
1779284003,reviews,v2,Running,True
1779284003,reviews,v2,Running,True
1779284003,reviews,v2,Running,True
1779284003,reviews,v3,Running,True
1779284004,details,v1,Running,True
1779284004,details,v1,Running,True
1779284004,details,v1,Running,True
1779284004,productpage,v1,Running,True
1779284004,productpage,v1,Running,True
1779284004,productpage,v1,Running,True
1779284004,productpage,v1,Running,True
1779284004,productpage,v1,Running,True
1779284004,productpage,v1,Running,True
1779284004,productpage,v1,Running,True
1779284004,productpage,v1,Running,True
1779284004,productpage,v1,Running,True
1779284004,productpage,v1,Running,True
1779284004,productpage,v1,Running,True
1779284004,productpage,v1,Running,True
1779284004,productpage,v1,Running,True
1779284004,productpage,v1,Running,True
1779284004,productpage,v1,Running,True
1779284004,productpage,v1,Running,True
1779284004,productpage,v1,Running,True
1779284004,productpage,v1,Running,True
1779284004,productpage,v1,Running,True
1779284004,productpage,v1,Running,True
1779284004,ratings,v1,Running,True
1779284004,reviews,v1,Running,True
1779284004,reviews,v2,Running,True
1779284004,reviews,v2,Running,True
1779284004,reviews,v2,Running,True
1779284004,reviews,v2,Running,True
1779284004,reviews,v3,Running,True
1779284005,details,v1,Running,True
1779284005,details,v1,Running,True
1779284005,details,v1,Running,True
1779284005,productpage,v1,Running,True
1779284005,productpage,v1,Running,True
1779284005,productpage,v1,Running,True
1779284005,productpage,v1,Running,True
1779284005,productpage,v1,Running,True
1779284005,productpage,v1,Running,True
1779284005,productpage,v1,Running,True
1779284005,productpage,v1,Running,True
1779284005,productpage,v1,Running,True
1779284005,productpage,v1,Running,True
1779284005,productpage,v1,Running,True
1779284005,productpage,v1,Running,True
1779284005,productpage,v1,Running,True
1779284005,productpage,v1,Running,True
1779284005,productpage,v1,Running,True
1779284005,productpage,v1,Running,True
1779284005,productpage,v1,Running,True
1779284005,productpage,v1,Running,True
1779284005,productpage,v1,Running,True
1779284005,productpage,v1,Running,True
1779284005,ratings,v1,Running,True
1779284005,reviews,v1,Running,True
1779284005,reviews,v2,Running,True
1779284005,reviews,v2,Running,True
1779284005,reviews,v2,Running,True
1779284005,reviews,v2,Running,True
1779284005,reviews,v3,Running,True
1779284006,details,v1,Running,True
1779284006,details,v1,Running,True
1779284006,details,v1,Running,True
1779284006,productpage,v1,Running,True
1779284006,productpage,v1,Running,True
1779284006,productpage,v1,Running,True
1779284006,productpage,v1,Running,True
1779284006,productpage,v1,Running,True
1779284006,productpage,v1,Running,True
1779284006,productpage,v1,Running,True
1779284006,productpage,v1,Running,True
1779284006,productpage,v1,Running,True
1779284006,productpage,v1,Running,True
1779284006,productpage,v1,Running,True
1779284006,productpage,v1,Running,True
1779284006,productpage,v1,Running,True
1779284006,productpage,v1,Running,True
1779284006,productpage,v1,Running,True
1779284006,productpage,v1,Running,True
1779284006,productpage,v1,Running,True
1779284006,productpage,v1,Running,True
1779284006,productpage,v1,Running,True
1779284006,productpage,v1,Running,True
1779284006,ratings,v1,Running,True
1779284006,reviews,v1,Running,True
1779284006,reviews,v2,Running,True
1779284006,reviews,v2,Running,True
1779284006,reviews,v2,Running,True
1779284006,reviews,v2,Running,True
1779284006,reviews,v3,Running,True
1779284008,details,v1,Running,True
1779284008,details,v1,Running,True
1779284008,details,v1,Running,True
1779284008,productpage,v1,Running,True
1779284008,productpage,v1,Running,True
1779284008,productpage,v1,Running,True
1779284008,productpage,v1,Running,True
1779284008,productpage,v1,Running,True
1779284008,productpage,v1,Running,True
1779284008,productpage,v1,Running,True
1779284008,productpage,v1,Running,True
1779284008,productpage,v1,Running,True
1779284008,productpage,v1,Running,True
1779284008,productpage,v1,Running,True
1779284008,productpage,v1,Running,True
1779284008,productpage,v1,Running,True
1779284008,productpage,v1,Running,True
1779284008,productpage,v1,Running,True
1779284008,productpage,v1,Running,True
1779284008,productpage,v1,Running,True
1779284008,productpage,v1,Running,True
1779284008,productpage,v1,Running,True
1779284008,productpage,v1,Running,True
1779284008,ratings,v1,Running,True
1779284008,reviews,v1,Running,True
1779284008,reviews,v2,Running,True
1779284008,reviews,v2,Running,True
1779284008,reviews,v2,Running,True
1779284008,reviews,v2,Running,True
1779284008,reviews,v3,Running,True
1779284009,details,v1,Running,True
1779284009,details,v1,Running,True
1779284009,details,v1,Running,True
1779284009,productpage,v1,Running,True
1779284009,productpage,v1,Running,True
1779284009,productpage,v1,Running,True
1779284009,productpage,v1,Running,True
1779284009,productpage,v1,Running,True
1779284009,productpage,v1,Running,True
1779284009,productpage,v1,Running,True
1779284009,productpage,v1,Running,True
1779284009,productpage,v1,Running,True
1779284009,productpage,v1,Running,True
1779284009,productpage,v1,Running,True
1779284009,productpage,v1,Running,True
1779284009,productpage,v1,Running,True
1779284009,productpage,v1,Running,True
1779284009,productpage,v1,Running,True
1779284009,productpage,v1,Running,True
1779284009,productpage,v1,Running,True
1779284009,productpage,v1,Running,True
1779284009,productpage,v1,Running,True
1779284009,productpage,v1,Running,True
1779284009,ratings,v1,Running,True
1779284009,reviews,v1,Running,True
1779284009,reviews,v2,Running,True
1779284009,reviews,v2,Running,True
1779284009,reviews,v2,Running,True
1779284009,reviews,v2,Running,True
1779284009,reviews,v3,Running,True
1779284010,details,v1,Running,True
1779284010,details,v1,Running,True
1779284010,details,v1,Running,True
1779284010,productpage,v1,Running,True
1779284010,productpage,v1,Running,True
1779284010,productpage,v1,Running,True
1779284010,productpage,v1,Running,True
1779284010,productpage,v1,Running,True
1779284010,productpage,v1,Running,True
1779284010,productpage,v1,Running,True
1779284010,productpage,v1,Running,True
1779284010,productpage,v1,Running,True
1779284010,productpage,v1,Running,True
1779284010,productpage,v1,Running,True
1779284010,productpage,v1,Running,True
1779284010,productpage,v1,Running,True
1779284010,productpage,v1,Running,True
1779284010,productpage,v1,Running,True
1779284010,productpage,v1,Running,True
1779284010,productpage,v1,Running,True
1779284010,productpage,v1,Running,True
1779284010,productpage,v1,Running,True
1779284010,productpage,v1,Running,True
1779284010,ratings,v1,Running,True
1779284010,reviews,v1,Running,True
1779284010,reviews,v2,Running,True
1779284010,reviews,v2,Running,True
1779284010,reviews,v2,Running,True
1779284010,reviews,v2,Running,True
1779284010,reviews,v3,Running,True
1779284011,details,v1,Running,True
1779284011,details,v1,Running,True
1779284011,details,v1,Running,True
1779284011,productpage,v1,Running,True
1779284011,productpage,v1,Running,True
1779284011,productpage,v1,Running,True
1779284011,productpage,v1,Running,True
1779284011,productpage,v1,Running,True
1779284011,productpage,v1,Running,True
1779284011,productpage,v1,Running,True
1779284011,productpage,v1,Running,True
1779284011,productpage,v1,Running,True
1779284011,productpage,v1,Running,True
1779284011,productpage,v1,Running,True
1779284011,productpage,v1,Running,True
1779284011,productpage,v1,Running,True
1779284011,productpage,v1,Running,True
1779284011,productpage,v1,Running,True
1779284011,productpage,v1,Running,True
1779284011,productpage,v1,Running,True
1779284011,productpage,v1,Running,True
1779284011,productpage,v1,Running,True
1779284011,productpage,v1,Running,True
1779284011,ratings,v1,Running,True
1779284011,reviews,v1,Running,True
1779284011,reviews,v2,Running,True
1779284011,reviews,v2,Running,True
1779284011,reviews,v2,Running,True
1779284011,reviews,v2,Running,True
1779284011,reviews,v3,Running,True
1779284012,details,v1,Running,True
1779284012,details,v1,Running,True
1779284012,details,v1,Running,True
1779284012,productpage,v1,Running,True
1779284012,productpage,v1,Running,True
1779284012,productpage,v1,Running,True
1779284012,productpage,v1,Running,True
1779284012,productpage,v1,Running,True
1779284012,productpage,v1,Running,True
1779284012,productpage,v1,Running,True
1779284012,productpage,v1,Running,True
1779284012,productpage,v1,Running,True
1779284012,productpage,v1,Running,True
1779284012,productpage,v1,Running,True
1779284012,productpage,v1,Running,True
1779284012,productpage,v1,Running,True
1779284012,productpage,v1,Running,True
1779284012,productpage,v1,Running,True
1779284012,productpage,v1,Running,True
1779284012,productpage,v1,Running,True
1779284012,productpage,v1,Running,True
1779284012,productpage,v1,Running,True
1779284012,productpage,v1,Running,True
1779284012,ratings,v1,Running,True
1779284012,reviews,v1,Running,True
1779284012,reviews,v2,Running,True
1779284012,reviews,v2,Running,True
1779284012,reviews,v2,Running,True
1779284012,reviews,v2,Running,True
1779284012,reviews,v3,Running,True
1779284013,details,v1,Running,True
1779284013,details,v1,Running,True
1779284013,details,v1,Running,True
1779284013,productpage,v1,Running,True
1779284013,productpage,v1,Running,True
1779284013,productpage,v1,Running,True
1779284013,productpage,v1,Running,True
1779284013,productpage,v1,Running,True
1779284013,productpage,v1,Running,True
1779284013,productpage,v1,Running,True
1779284013,productpage,v1,Running,True
1779284013,productpage,v1,Running,True
1779284013,productpage,v1,Running,True
1779284013,productpage,v1,Running,True
1779284013,productpage,v1,Running,True
1779284013,productpage,v1,Running,True
1779284013,productpage,v1,Running,True
1779284013,productpage,v1,Running,True
1779284013,productpage,v1,Running,True
1779284013,productpage,v1,Running,True
1779284013,productpage,v1,Running,True
1779284013,productpage,v1,Running,True
1779284013,productpage,v1,Running,True
1779284013,ratings,v1,Running,True
1779284013,reviews,v1,Running,True
1779284013,reviews,v2,Running,True
1779284013,reviews,v2,Running,True
1779284013,reviews,v2,Running,True
1779284013,reviews,v2,Running,True
1779284013,reviews,v3,Running,True
1779284014,details,v1,Running,True
1779284014,details,v1,Running,True
1779284014,details,v1,Running,True
1779284014,productpage,v1,Running,True
1779284014,productpage,v1,Running,True
1779284014,productpage,v1,Running,True
1779284014,productpage,v1,Running,True
1779284014,productpage,v1,Running,True
1779284014,productpage,v1,Running,True
1779284014,productpage,v1,Running,True
1779284014,productpage,v1,Running,True
1779284014,productpage,v1,Running,True
1779284014,productpage,v1,Running,True
1779284014,productpage,v1,Running,True
1779284014,productpage,v1,Running,True
1779284014,productpage,v1,Running,True
1779284014,productpage,v1,Running,True
1779284014,productpage,v1,Running,True
1779284014,productpage,v1,Running,True
1779284014,productpage,v1,Running,True
1779284014,productpage,v1,Running,True
1779284014,productpage,v1,Running,True
1779284014,productpage,v1,Running,True
1779284014,ratings,v1,Running,True
1779284014,reviews,v1,Running,True
1779284014,reviews,v2,Running,True
1779284014,reviews,v2,Running,True
1779284014,reviews,v2,Running,True
1779284014,reviews,v2,Running,True
1779284014,reviews,v3,Running,True
1779284015,details,v1,Running,True
1779284015,details,v1,Running,True
1779284015,details,v1,Running,True
1779284015,productpage,v1,Running,True
1779284015,productpage,v1,Running,True
1779284015,productpage,v1,Running,True
1779284015,productpage,v1,Running,True
1779284015,productpage,v1,Running,True
1779284015,productpage,v1,Running,True
1779284015,productpage,v1,Running,True
1779284015,productpage,v1,Running,True
1779284015,productpage,v1,Running,True
1779284015,productpage,v1,Running,True
1779284015,productpage,v1,Running,True
1779284015,productpage,v1,Running,True
1779284015,productpage,v1,Running,True
1779284015,productpage,v1,Running,True
1779284015,productpage,v1,Running,True
1779284015,productpage,v1,Running,True
1779284015,productpage,v1,Running,True
1779284015,productpage,v1,Running,True
1779284015,productpage,v1,Running,True
1779284015,productpage,v1,Running,True
1779284015,ratings,v1,Running,True
1779284015,reviews,v1,Running,True
1779284015,reviews,v2,Running,True
1779284015,reviews,v2,Running,True
1779284015,reviews,v2,Running,True
1779284015,reviews,v2,Running,True
1779284015,reviews,v3,Running,True
1779284016,details,v1,Running,True
1779284016,details,v1,Running,True
1779284016,details,v1,Running,True
1779284016,productpage,v1,Running,True
1779284016,productpage,v1,Running,True
1779284016,productpage,v1,Running,True
1779284016,productpage,v1,Running,True
1779284016,productpage,v1,Running,True
1779284016,productpage,v1,Running,True
1779284016,productpage,v1,Running,True
1779284016,productpage,v1,Running,True
1779284016,productpage,v1,Running,True
1779284016,productpage,v1,Running,True
1779284016,productpage,v1,Running,True
1779284016,productpage,v1,Running,True
1779284016,productpage,v1,Running,True
1779284016,productpage,v1,Running,True
1779284016,productpage,v1,Running,True
1779284016,productpage,v1,Running,True
1779284016,productpage,v1,Running,True
1779284016,productpage,v1,Running,True
1779284016,productpage,v1,Running,True
1779284016,productpage,v1,Running,True
1779284016,ratings,v1,Running,True
1779284016,reviews,v1,Running,True
1779284016,reviews,v2,Running,True
1779284016,reviews,v2,Running,True
1779284016,reviews,v2,Running,True
1779284016,reviews,v2,Running,True
1779284016,reviews,v3,Running,True
1779284017,details,v1,Running,True
1779284017,details,v1,Running,True
1779284017,details,v1,Running,True
1779284017,productpage,v1,Running,True
1779284017,productpage,v1,Running,True
1779284017,productpage,v1,Running,True
1779284017,productpage,v1,Running,True
1779284017,productpage,v1,Running,True
1779284017,productpage,v1,Running,True
1779284017,productpage,v1,Running,True
1779284017,productpage,v1,Running,True
1779284017,productpage,v1,Running,True
1779284017,productpage,v1,Running,True
1779284017,productpage,v1,Running,True
1779284017,productpage,v1,Running,True
1779284017,productpage,v1,Running,True
1779284017,productpage,v1,Running,True
1779284017,productpage,v1,Running,True
1779284017,productpage,v1,Running,True
1779284017,productpage,v1,Running,True
1779284017,productpage,v1,Running,True
1779284017,productpage,v1,Running,True
1779284017,productpage,v1,Running,True
1779284017,ratings,v1,Running,True
1779284017,reviews,v1,Running,True
1779284017,reviews,v2,Running,True
1779284017,reviews,v2,Running,True
1779284017,reviews,v2,Running,True
1779284017,reviews,v2,Running,True
1779284017,reviews,v3,Running,True
1779284018,details,v1,Running,True
1779284018,details,v1,Running,True
1779284018,details,v1,Running,True
1779284018,productpage,v1,Running,True
1779284018,productpage,v1,Running,True
1779284018,productpage,v1,Running,True
1779284018,productpage,v1,Running,True
1779284018,productpage,v1,Running,True
1779284018,productpage,v1,Running,True
1779284018,productpage,v1,Running,True
1779284018,productpage,v1,Running,True
1779284018,productpage,v1,Running,True
1779284018,productpage,v1,Running,True
1779284018,productpage,v1,Running,True
1779284018,productpage,v1,Running,True
1779284018,productpage,v1,Running,True
1779284018,productpage,v1,Running,True
1779284018,productpage,v1,Running,True
1779284018,productpage,v1,Running,True
1779284018,productpage,v1,Running,True
1779284018,productpage,v1,Running,True
1779284018,productpage,v1,Running,True
1779284018,productpage,v1,Running,True
1779284018,ratings,v1,Running,True
1779284018,reviews,v1,Running,True
1779284018,reviews,v2,Running,True
1779284018,reviews,v2,Running,True
1779284018,reviews,v2,Running,True
1779284018,reviews,v2,Running,True
1779284018,reviews,v3,Running,True
1779284019,details,v1,Running,True
1779284019,details,v1,Running,True
1779284019,details,v1,Running,True
1779284019,productpage,v1,Running,True
1779284019,productpage,v1,Running,True
1779284019,productpage,v1,Running,True
1779284019,productpage,v1,Running,True
1779284019,productpage,v1,Running,True
1779284019,productpage,v1,Running,True
1779284019,productpage,v1,Running,True
1779284019,productpage,v1,Running,True
1779284019,productpage,v1,Running,True
1779284019,productpage,v1,Running,True
1779284019,productpage,v1,Running,True
1779284019,productpage,v1,Running,True
1779284019,productpage,v1,Running,True
1779284019,productpage,v1,Running,True
1779284019,productpage,v1,Running,True
1779284019,productpage,v1,Running,True
1779284019,productpage,v1,Running,True
1779284019,productpage,v1,Running,True
1779284019,productpage,v1,Running,True
1779284019,productpage,v1,Running,True
1779284019,ratings,v1,Running,True
1779284019,reviews,v1,Running,True
1779284019,reviews,v2,Running,True
1779284019,reviews,v2,Running,True
1779284019,reviews,v2,Running,True
1779284019,reviews,v2,Running,True
1779284019,reviews,v3,Running,True
1779284020,details,v1,Running,True
1779284020,details,v1,Running,True
1779284020,details,v1,Running,True
1779284020,productpage,v1,Running,True
1779284020,productpage,v1,Running,True
1779284020,productpage,v1,Running,True
1779284020,productpage,v1,Running,True
1779284020,productpage,v1,Running,True
1779284020,productpage,v1,Running,True
1779284020,productpage,v1,Running,True
1779284020,productpage,v1,Running,True
1779284020,productpage,v1,Running,True
1779284020,productpage,v1,Running,True
1779284020,productpage,v1,Running,True
1779284020,productpage,v1,Running,True
1779284020,productpage,v1,Running,True
1779284020,productpage,v1,Running,True
1779284020,productpage,v1,Running,True
1779284020,productpage,v1,Running,True
1779284020,productpage,v1,Running,True
1779284020,productpage,v1,Running,True
1779284020,productpage,v1,Running,True
1779284020,productpage,v1,Running,True
1779284020,ratings,v1,Running,True
1779284020,reviews,v1,Running,True
1779284020,reviews,v2,Running,True
1779284020,reviews,v2,Running,True
1779284020,reviews,v2,Running,True
1779284020,reviews,v2,Running,True
1779284020,reviews,v3,Running,True
1779284021,details,v1,Running,True
1779284021,details,v1,Running,True
1779284021,details,v1,Running,True
1779284021,productpage,v1,Running,True
1779284021,productpage,v1,Running,True
1779284021,productpage,v1,Running,True
1779284021,productpage,v1,Running,True
1779284021,productpage,v1,Running,True
1779284021,productpage,v1,Running,True
1779284021,productpage,v1,Running,True
1779284021,productpage,v1,Running,True
1779284021,productpage,v1,Running,True
1779284021,productpage,v1,Running,True
1779284021,productpage,v1,Running,True
1779284021,productpage,v1,Running,True
1779284021,productpage,v1,Running,True
1779284021,productpage,v1,Running,True
1779284021,productpage,v1,Running,True
1779284021,productpage,v1,Running,True
1779284021,productpage,v1,Running,True
1779284021,productpage,v1,Running,True
1779284021,productpage,v1,Running,True
1779284021,productpage,v1,Running,True
1779284021,ratings,v1,Running,True
1779284021,reviews,v1,Running,True
1779284021,reviews,v2,Running,True
1779284021,reviews,v2,Running,True
1779284021,reviews,v2,Running,True
1779284021,reviews,v2,Running,True
1779284021,reviews,v3,Running,True
1779284022,details,v1,Running,True
1779284022,details,v1,Running,True
1779284022,details,v1,Running,True
1779284022,productpage,v1,Running,True
1779284022,productpage,v1,Running,True
1779284022,productpage,v1,Running,True
1779284022,productpage,v1,Running,True
1779284022,productpage,v1,Running,True
1779284022,productpage,v1,Running,True
1779284022,productpage,v1,Running,True
1779284022,productpage,v1,Running,True
1779284022,productpage,v1,Running,True
1779284022,productpage,v1,Running,True
1779284022,productpage,v1,Running,True
1779284022,productpage,v1,Running,True
1779284022,productpage,v1,Running,True
1779284022,productpage,v1,Running,True
1779284022,productpage,v1,Running,True
1779284022,productpage,v1,Running,True
1779284022,productpage,v1,Running,True
1779284022,productpage,v1,Running,True
1779284022,productpage,v1,Running,True
1779284022,productpage,v1,Running,True
1779284022,ratings,v1,Running,True
1779284022,reviews,v1,Running,True
1779284022,reviews,v2,Running,True
1779284022,reviews,v2,Running,True
1779284022,reviews,v2,Running,True
1779284022,reviews,v2,Running,True
1779284022,reviews,v3,Running,True
1779284023,details,v1,Running,True
1779284023,details,v1,Running,True
1779284023,details,v1,Running,True
1779284023,productpage,v1,Running,True
1779284023,productpage,v1,Running,True
1779284023,productpage,v1,Running,True
1779284023,productpage,v1,Running,True
1779284023,productpage,v1,Running,True
1779284023,productpage,v1,Running,True
1779284023,productpage,v1,Running,True
1779284023,productpage,v1,Running,True
1779284023,productpage,v1,Running,True
1779284023,productpage,v1,Running,True
1779284023,productpage,v1,Running,True
1779284023,productpage,v1,Running,True
1779284023,productpage,v1,Running,True
1779284023,productpage,v1,Running,True
1779284023,productpage,v1,Running,True
1779284023,productpage,v1,Running,True
1779284023,productpage,v1,Running,True
1779284023,productpage,v1,Running,True
1779284023,productpage,v1,Running,True
1779284023,productpage,v1,Running,True
1779284023,ratings,v1,Running,True
1779284023,reviews,v1,Running,True
1779284023,reviews,v2,Running,True
1779284023,reviews,v2,Running,True
1779284023,reviews,v2,Running,True
1779284023,reviews,v2,Running,True
1779284023,reviews,v3,Running,True
1779284024,details,v1,Running,True
1779284024,details,v1,Running,True
1779284024,details,v1,Running,True
1779284024,productpage,v1,Running,True
1779284024,productpage,v1,Running,True
1779284024,productpage,v1,Running,True
1779284024,productpage,v1,Running,True
1779284024,productpage,v1,Running,True
1779284024,productpage,v1,Running,True
1779284024,productpage,v1,Running,True
1779284024,productpage,v1,Running,True
1779284024,productpage,v1,Running,True
1779284024,productpage,v1,Running,True
1779284024,productpage,v1,Running,True
1779284024,productpage,v1,Running,True
1779284024,productpage,v1,Running,True
1779284024,productpage,v1,Running,True
1779284024,productpage,v1,Running,True
1779284024,productpage,v1,Running,True
1779284024,productpage,v1,Running,True
1779284024,productpage,v1,Running,True
1779284024,productpage,v1,Running,True
1779284024,productpage,v1,Running,True
1779284024,ratings,v1,Running,True
1779284024,reviews,v1,Running,True
1779284024,reviews,v2,Running,True
1779284024,reviews,v2,Running,True
1779284024,reviews,v2,Running,True
1779284024,reviews,v2,Running,True
1779284024,reviews,v3,Running,True
1779284025,details,v1,Running,True
1779284025,details,v1,Running,True
1779284025,details,v1,Running,True
1779284025,productpage,v1,Running,True
1779284025,productpage,v1,Running,True
1779284025,productpage,v1,Running,True
1779284025,productpage,v1,Running,True
1779284025,productpage,v1,Running,True
1779284025,productpage,v1,Running,True
1779284025,productpage,v1,Running,True
1779284025,productpage,v1,Running,True
1779284025,productpage,v1,Running,True
1779284025,productpage,v1,Running,True
1779284025,productpage,v1,Running,True
1779284025,productpage,v1,Running,True
1779284025,productpage,v1,Running,True
1779284025,productpage,v1,Running,True
1779284025,productpage,v1,Running,True
1779284025,productpage,v1,Running,True
1779284025,productpage,v1,Running,True
1779284025,productpage,v1,Running,True
1779284025,productpage,v1,Running,True
1779284025,productpage,v1,Running,True
1779284025,ratings,v1,Running,True
1779284025,reviews,v1,Running,True
1779284025,reviews,v2,Running,True
1779284025,reviews,v2,Running,True
1779284025,reviews,v2,Running,True
1779284025,reviews,v2,Running,True
1779284025,reviews,v3,Running,True
1779284026,details,v1,Running,True
1779284026,details,v1,Running,True
1779284026,details,v1,Running,True
1779284026,productpage,v1,Running,True
1779284026,productpage,v1,Running,True
1779284026,productpage,v1,Running,True
1779284026,productpage,v1,Running,True
1779284026,productpage,v1,Running,True
1779284026,productpage,v1,Running,True
1779284026,productpage,v1,Running,True
1779284026,productpage,v1,Running,True
1779284026,productpage,v1,Running,True
1779284026,productpage,v1,Running,True
1779284026,productpage,v1,Running,True
1779284026,productpage,v1,Running,True
1779284026,productpage,v1,Running,True
1779284026,productpage,v1,Running,True
1779284026,productpage,v1,Running,True
1779284026,productpage,v1,Running,True
1779284026,productpage,v1,Running,True
1779284026,productpage,v1,Running,True
1779284026,productpage,v1,Running,True
1779284026,productpage,v1,Running,True
1779284026,ratings,v1,Running,True
1779284026,reviews,v1,Running,True
1779284026,reviews,v2,Running,True
1779284026,reviews,v2,Running,True
1779284026,reviews,v2,Running,True
1779284026,reviews,v2,Running,True
1779284026,reviews,v3,Running,True
1779284027,details,v1,Running,True
1779284027,details,v1,Running,True
1779284027,details,v1,Running,True
1779284027,productpage,v1,Running,True
1779284027,productpage,v1,Running,True
1779284027,productpage,v1,Running,True
1779284027,productpage,v1,Running,True
1779284027,productpage,v1,Running,True
1779284027,productpage,v1,Running,True
1779284027,productpage,v1,Running,True
1779284027,productpage,v1,Running,True
1779284027,productpage,v1,Running,True
1779284027,productpage,v1,Running,True
1779284027,productpage,v1,Running,True
1779284027,productpage,v1,Running,True
1779284027,productpage,v1,Running,True
1779284027,productpage,v1,Running,True
1779284027,productpage,v1,Running,True
1779284027,productpage,v1,Running,True
1779284027,productpage,v1,Running,True
1779284027,productpage,v1,Running,True
1779284027,productpage,v1,Running,True
1779284027,productpage,v1,Running,True
1779284027,ratings,v1,Running,True
1779284027,reviews,v1,Running,True
1779284027,reviews,v2,Running,True
1779284027,reviews,v2,Running,True
1779284027,reviews,v2,Running,True
1779284027,reviews,v2,Running,True
1779284027,reviews,v3,Running,True
1779284028,details,v1,Running,True
1779284028,details,v1,Running,True
1779284028,details,v1,Running,True
1779284028,productpage,v1,Running,True
1779284028,productpage,v1,Running,True
1779284028,productpage,v1,Running,True
1779284028,productpage,v1,Running,True
1779284028,productpage,v1,Running,True
1779284028,productpage,v1,Running,True
1779284028,productpage,v1,Running,True
1779284028,productpage,v1,Running,True
1779284028,productpage,v1,Running,True
1779284028,productpage,v1,Running,True
1779284028,productpage,v1,Running,True
1779284028,productpage,v1,Running,True
1779284028,productpage,v1,Running,True
1779284028,productpage,v1,Running,True
1779284028,productpage,v1,Running,True
1779284028,productpage,v1,Running,True
1779284028,productpage,v1,Running,True
1779284028,productpage,v1,Running,True
1779284028,productpage,v1,Running,True
1779284028,productpage,v1,Running,True
1779284028,ratings,v1,Running,True
1779284028,reviews,v1,Running,True
1779284028,reviews,v2,Running,True
1779284028,reviews,v2,Running,True
1779284028,reviews,v2,Running,True
1779284028,reviews,v2,Running,True
1779284028,reviews,v3,Running,True
1779284029,details,v1,Running,True
1779284029,details,v1,Running,True
1779284029,details,v1,Running,True
1779284029,productpage,v1,Running,True
1779284029,productpage,v1,Running,True
1779284029,productpage,v1,Running,True
1779284029,productpage,v1,Running,True
1779284029,productpage,v1,Running,True
1779284029,productpage,v1,Running,True
1779284029,productpage,v1,Running,True
1779284029,productpage,v1,Running,True
1779284029,productpage,v1,Running,True
1779284029,productpage,v1,Running,True
1779284029,productpage,v1,Running,True
1779284029,productpage,v1,Running,True
1779284029,productpage,v1,Running,True
1779284029,productpage,v1,Running,True
1779284029,productpage,v1,Running,True
1779284029,productpage,v1,Running,True
1779284029,productpage,v1,Running,True
1779284029,productpage,v1,Running,True
1779284029,productpage,v1,Running,True
1779284029,productpage,v1,Running,True
1779284029,ratings,v1,Running,True
1779284029,reviews,v1,Running,True
1779284029,reviews,v2,Running,True
1779284029,reviews,v2,Running,True
1779284029,reviews,v2,Running,True
1779284029,reviews,v2,Running,True
1779284029,reviews,v3,Running,True
1779284030,details,v1,Running,True
1779284030,details,v1,Running,True
1779284030,details,v1,Running,True
1779284030,productpage,v1,Running,True
1779284030,productpage,v1,Running,True
1779284030,productpage,v1,Running,True
1779284030,productpage,v1,Running,True
1779284030,productpage,v1,Running,True
1779284030,productpage,v1,Running,True
1779284030,productpage,v1,Running,True
1779284030,productpage,v1,Running,True
1779284030,productpage,v1,Running,True
1779284030,productpage,v1,Running,True
1779284030,productpage,v1,Running,True
1779284030,productpage,v1,Running,True
1779284030,productpage,v1,Running,True
1779284030,productpage,v1,Running,True
1779284030,productpage,v1,Running,True
1779284030,productpage,v1,Running,True
1779284030,productpage,v1,Running,True
1779284030,productpage,v1,Running,True
1779284030,productpage,v1,Running,True
1779284030,productpage,v1,Running,True
1779284030,ratings,v1,Running,True
1779284030,reviews,v1,Running,True
1779284030,reviews,v2,Running,True
1779284030,reviews,v2,Running,True
1779284030,reviews,v2,Running,True
1779284030,reviews,v2,Running,True
1779284030,reviews,v2,Pending,False
1779284030,reviews,v2,Pending,False
1779284030,reviews,v3,Running,True
1779284031,details,v1,Running,True
1779284031,details,v1,Running,True
1779284031,details,v1,Running,True
1779284031,productpage,v1,Running,True
1779284031,productpage,v1,Running,True
1779284031,productpage,v1,Running,True
1779284031,productpage,v1,Running,True
1779284031,productpage,v1,Running,True
1779284031,productpage,v1,Running,True
1779284031,productpage,v1,Running,True
1779284031,productpage,v1,Running,True
1779284031,productpage,v1,Running,True
1779284031,productpage,v1,Running,True
1779284031,productpage,v1,Running,True
1779284031,productpage,v1,Running,True
1779284031,productpage,v1,Running,True
1779284031,productpage,v1,Running,True
1779284031,productpage,v1,Running,True
1779284031,productpage,v1,Running,True
1779284031,productpage,v1,Running,True
1779284031,productpage,v1,Running,True
1779284031,productpage,v1,Running,True
1779284031,productpage,v1,Running,True
1779284031,ratings,v1,Running,True
1779284031,reviews,v1,Running,True
1779284031,reviews,v2,Running,True
1779284031,reviews,v2,Running,True
1779284031,reviews,v2,Running,True
1779284031,reviews,v2,Running,True
1779284031,reviews,v2,Pending,False
1779284031,reviews,v2,Pending,False
1779284031,reviews,v3,Running,True
1779284032,details,v1,Running,True
1779284032,details,v1,Running,True
1779284032,details,v1,Running,True
1779284032,productpage,v1,Running,True
1779284032,productpage,v1,Running,True
1779284032,productpage,v1,Running,True
1779284032,productpage,v1,Running,True
1779284032,productpage,v1,Running,True
1779284032,productpage,v1,Running,True
1779284032,productpage,v1,Running,True
1779284032,productpage,v1,Running,True
1779284032,productpage,v1,Running,True
1779284032,productpage,v1,Running,True
1779284032,productpage,v1,Running,True
1779284032,productpage,v1,Running,True
1779284032,productpage,v1,Running,True
1779284032,productpage,v1,Running,True
1779284032,productpage,v1,Running,True
1779284032,productpage,v1,Running,True
1779284032,productpage,v1,Running,True
1779284032,productpage,v1,Running,True
1779284032,productpage,v1,Running,True
1779284032,productpage,v1,Running,True
1779284032,ratings,v1,Running,True
1779284032,reviews,v1,Running,True
1779284032,reviews,v2,Running,True
1779284032,reviews,v2,Running,True
1779284032,reviews,v2,Running,True
1779284032,reviews,v2,Running,True
1779284032,reviews,v2,Running,False
1779284032,reviews,v2,Running,False
1779284032,reviews,v3,Running,True
1779284033,details,v1,Running,True
1779284033,details,v1,Running,True
1779284033,details,v1,Running,True
1779284033,productpage,v1,Running,True
1779284033,productpage,v1,Running,True
1779284033,productpage,v1,Running,True
1779284033,productpage,v1,Running,True
1779284033,productpage,v1,Running,True
1779284033,productpage,v1,Running,True
1779284033,productpage,v1,Running,True
1779284033,productpage,v1,Running,True
1779284033,productpage,v1,Running,True
1779284033,productpage,v1,Running,True
1779284033,productpage,v1,Running,True
1779284033,productpage,v1,Running,True
1779284033,productpage,v1,Running,True
1779284033,productpage,v1,Running,True
1779284033,productpage,v1,Running,True
1779284033,productpage,v1,Running,True
1779284033,productpage,v1,Running,True
1779284033,productpage,v1,Running,True
1779284033,productpage,v1,Running,True
1779284033,productpage,v1,Running,True
1779284033,ratings,v1,Running,True
1779284033,reviews,v1,Running,True
1779284033,reviews,v2,Running,True
1779284033,reviews,v2,Running,True
1779284033,reviews,v2,Running,True
1779284033,reviews,v2,Running,True
1779284033,reviews,v2,Running,False
1779284033,reviews,v2,Running,True
1779284033,reviews,v3,Running,True
1779284034,details,v1,Running,True
1779284034,details,v1,Running,True
1779284034,details,v1,Running,True
1779284034,productpage,v1,Running,True
1779284034,productpage,v1,Running,True
1779284034,productpage,v1,Running,True
1779284034,productpage,v1,Running,True
1779284034,productpage,v1,Running,True
1779284034,productpage,v1,Running,True
1779284034,productpage,v1,Running,True
1779284034,productpage,v1,Running,True
1779284034,productpage,v1,Running,True
1779284034,productpage,v1,Running,True
1779284034,productpage,v1,Running,True
1779284034,productpage,v1,Running,True
1779284034,productpage,v1,Running,True
1779284034,productpage,v1,Running,True
1779284034,productpage,v1,Running,True
1779284034,productpage,v1,Running,True
1779284034,productpage,v1,Running,True
1779284034,productpage,v1,Running,True
1779284034,productpage,v1,Running,True
1779284034,productpage,v1,Running,True
1779284034,ratings,v1,Running,True
1779284034,reviews,v1,Running,True
1779284034,reviews,v2,Running,True
1779284034,reviews,v2,Running,True
1779284034,reviews,v2,Running,True
1779284034,reviews,v2,Running,True
1779284034,reviews,v2,Running,True
1779284034,reviews,v2,Running,True
1779284034,reviews,v3,Running,True
1779284035,details,v1,Running,True
1779284035,details,v1,Running,True
1779284035,details,v1,Running,True
1779284035,productpage,v1,Running,True
1779284035,productpage,v1,Running,True
1779284035,productpage,v1,Running,True
1779284035,productpage,v1,Running,True
1779284035,productpage,v1,Running,True
1779284035,productpage,v1,Running,True
1779284035,productpage,v1,Running,True
1779284035,productpage,v1,Running,True
1779284035,productpage,v1,Running,True
1779284035,productpage,v1,Running,True
1779284035,productpage,v1,Running,True
1779284035,productpage,v1,Running,True
1779284035,productpage,v1,Running,True
1779284035,productpage,v1,Running,True
1779284035,productpage,v1,Running,True
1779284035,productpage,v1,Running,True
1779284035,productpage,v1,Running,True
1779284035,productpage,v1,Running,True
1779284035,productpage,v1,Running,True
1779284035,productpage,v1,Running,True
1779284035,ratings,v1,Running,True
1779284035,reviews,v1,Running,True
1779284035,reviews,v2,Running,True
1779284035,reviews,v2,Running,True
1779284035,reviews,v2,Running,True
1779284035,reviews,v2,Running,True
1779284035,reviews,v2,Running,True
1779284035,reviews,v2,Running,True
1779284035,reviews,v3,Running,True
1779284036,details,v1,Running,True
1779284036,details,v1,Running,True
1779284036,details,v1,Running,True
1779284036,productpage,v1,Running,True
1779284036,productpage,v1,Running,True
1779284036,productpage,v1,Running,True
1779284036,productpage,v1,Running,True
1779284036,productpage,v1,Running,True
1779284036,productpage,v1,Running,True
1779284036,productpage,v1,Running,True
1779284036,productpage,v1,Running,True
1779284036,productpage,v1,Running,True
1779284036,productpage,v1,Running,True
1779284036,productpage,v1,Running,True
1779284036,productpage,v1,Running,True
1779284036,productpage,v1,Running,True
1779284036,productpage,v1,Running,True
1779284036,productpage,v1,Running,True
1779284036,productpage,v1,Running,True
1779284036,productpage,v1,Running,True
1779284036,productpage,v1,Running,True
1779284036,productpage,v1,Running,True
1779284036,productpage,v1,Running,True
1779284036,ratings,v1,Running,True
1779284036,reviews,v1,Running,True
1779284036,reviews,v2,Running,True
1779284036,reviews,v2,Running,True
1779284036,reviews,v2,Running,True
1779284036,reviews,v2,Running,True
1779284036,reviews,v2,Running,True
1779284036,reviews,v2,Running,True
1779284036,reviews,v3,Running,True
1779284037,details,v1,Running,True
1779284037,details,v1,Running,True
1779284037,details,v1,Running,True
1779284037,productpage,v1,Running,True
1779284037,productpage,v1,Running,True
1779284037,productpage,v1,Running,True
1779284037,productpage,v1,Running,True
1779284037,productpage,v1,Running,True
1779284037,productpage,v1,Running,True
1779284037,productpage,v1,Running,True
1779284037,productpage,v1,Running,True
1779284037,productpage,v1,Running,True
1779284037,productpage,v1,Running,True
1779284037,productpage,v1,Running,True
1779284037,productpage,v1,Running,True
1779284037,productpage,v1,Running,True
1779284037,productpage,v1,Running,True
1779284037,productpage,v1,Running,True
1779284037,productpage,v1,Running,True
1779284037,productpage,v1,Running,True
1779284037,productpage,v1,Running,True
1779284037,productpage,v1,Running,True
1779284037,productpage,v1,Running,True
1779284037,ratings,v1,Running,True
1779284037,reviews,v1,Running,True
1779284037,reviews,v2,Running,True
1779284037,reviews,v2,Running,True
1779284037,reviews,v2,Running,True
1779284037,reviews,v2,Running,True
1779284037,reviews,v2,Running,True
1779284037,reviews,v2,Running,True
1779284037,reviews,v3,Running,True
1779284038,details,v1,Running,True
1779284038,details,v1,Running,True
1779284038,details,v1,Running,True
1779284038,productpage,v1,Running,True
1779284038,productpage,v1,Running,True
1779284038,productpage,v1,Running,True
1779284038,productpage,v1,Running,True
1779284038,productpage,v1,Running,True
1779284038,productpage,v1,Running,True
1779284038,productpage,v1,Running,True
1779284038,productpage,v1,Running,True
1779284038,productpage,v1,Running,True
1779284038,productpage,v1,Running,True
1779284038,productpage,v1,Running,True
1779284038,productpage,v1,Running,True
1779284038,productpage,v1,Running,True
1779284038,productpage,v1,Running,True
1779284038,productpage,v1,Running,True
1779284038,productpage,v1,Running,True
1779284038,productpage,v1,Running,True
1779284038,productpage,v1,Running,True
1779284038,productpage,v1,Running,True
1779284038,productpage,v1,Running,True
1779284038,ratings,v1,Running,True
1779284038,reviews,v1,Running,True
1779284038,reviews,v2,Running,True
1779284038,reviews,v2,Running,True
1779284038,reviews,v2,Running,True
1779284038,reviews,v2,Running,True
1779284038,reviews,v2,Running,True
1779284038,reviews,v2,Running,True
1779284038,reviews,v3,Running,True
1779284039,details,v1,Running,True
1779284039,details,v1,Running,True
1779284039,details,v1,Running,True
1779284039,productpage,v1,Running,True
1779284039,productpage,v1,Running,True
1779284039,productpage,v1,Running,True
1779284039,productpage,v1,Running,True
1779284039,productpage,v1,Running,True
1779284039,productpage,v1,Running,True
1779284039,productpage,v1,Running,True
1779284039,productpage,v1,Running,True
1779284039,productpage,v1,Running,True
1779284039,productpage,v1,Running,True
1779284039,productpage,v1,Running,True
1779284039,productpage,v1,Running,True
1779284039,productpage,v1,Running,True
1779284039,productpage,v1,Running,True
1779284039,productpage,v1,Running,True
1779284039,productpage,v1,Running,True
1779284039,productpage,v1,Running,True
1779284039,productpage,v1,Running,True
1779284039,productpage,v1,Running,True
1779284039,productpage,v1,Running,True
1779284039,ratings,v1,Running,True
1779284039,reviews,v1,Running,True
1779284039,reviews,v2,Running,True
1779284039,reviews,v2,Running,True
1779284039,reviews,v2,Running,True
1779284039,reviews,v2,Running,True
1779284039,reviews,v2,Running,True
1779284039,reviews,v2,Running,True
1779284039,reviews,v3,Running,True
1779284040,details,v1,Running,True
1779284040,details,v1,Running,True
1779284040,details,v1,Running,True
1779284040,productpage,v1,Running,True
1779284040,productpage,v1,Running,True
1779284040,productpage,v1,Running,True
1779284040,productpage,v1,Running,True
1779284040,productpage,v1,Running,True
1779284040,productpage,v1,Running,True
1779284040,productpage,v1,Running,True
1779284040,productpage,v1,Running,True
1779284040,productpage,v1,Running,True
1779284040,productpage,v1,Running,True
1779284040,productpage,v1,Running,True
1779284040,productpage,v1,Running,True
1779284040,productpage,v1,Running,True
1779284040,productpage,v1,Running,True
1779284040,productpage,v1,Running,True
1779284040,productpage,v1,Running,True
1779284040,productpage,v1,Running,True
1779284040,productpage,v1,Running,True
1779284040,productpage,v1,Running,True
1779284040,productpage,v1,Running,True
1779284040,ratings,v1,Running,True
1779284040,reviews,v1,Running,True
1779284040,reviews,v2,Running,True
1779284040,reviews,v2,Running,True
1779284040,reviews,v2,Running,True
1779284040,reviews,v2,Running,True
1779284040,reviews,v2,Running,True
1779284040,reviews,v2,Running,True
1779284040,reviews,v3,Running,True
1779284041,details,v1,Running,True
1779284041,details,v1,Running,True
1779284041,details,v1,Running,True
1779284041,productpage,v1,Running,True
1779284041,productpage,v1,Running,True
1779284041,productpage,v1,Running,True
1779284041,productpage,v1,Running,True
1779284041,productpage,v1,Running,True
1779284041,productpage,v1,Running,True
1779284041,productpage,v1,Running,True
1779284041,productpage,v1,Running,True
1779284041,productpage,v1,Running,True
1779284041,productpage,v1,Running,True
1779284041,productpage,v1,Running,True
1779284041,productpage,v1,Running,True
1779284041,productpage,v1,Running,True
1779284041,productpage,v1,Running,True
1779284041,productpage,v1,Running,True
1779284041,productpage,v1,Running,True
1779284041,productpage,v1,Running,True
1779284041,productpage,v1,Running,True
1779284041,productpage,v1,Running,True
1779284041,productpage,v1,Running,True
1779284041,ratings,v1,Running,True
1779284041,reviews,v1,Running,True
1779284041,reviews,v2,Running,True
1779284041,reviews,v2,Running,True
1779284041,reviews,v2,Running,True
1779284041,reviews,v2,Running,True
1779284041,reviews,v2,Running,True
1779284041,reviews,v2,Running,True
1779284041,reviews,v3,Running,True
1779284042,details,v1,Running,True
1779284042,details,v1,Running,True
1779284042,details,v1,Running,True
1779284042,productpage,v1,Running,True
1779284042,productpage,v1,Running,True
1779284042,productpage,v1,Running,True
1779284042,productpage,v1,Running,True
1779284042,productpage,v1,Running,True
1779284042,productpage,v1,Running,True
1779284042,productpage,v1,Running,True
1779284042,productpage,v1,Running,True
1779284042,productpage,v1,Running,True
1779284042,productpage,v1,Running,True
1779284042,productpage,v1,Running,True
1779284042,productpage,v1,Running,True
1779284042,productpage,v1,Running,True
1779284042,productpage,v1,Running,True
1779284042,productpage,v1,Running,True
1779284042,productpage,v1,Running,True
1779284042,productpage,v1,Running,True
1779284042,productpage,v1,Running,True
1779284042,productpage,v1,Running,True
1779284042,productpage,v1,Running,True
1779284042,ratings,v1,Running,True
1779284042,reviews,v1,Running,True
1779284042,reviews,v2,Running,True
1779284042,reviews,v2,Running,True
1779284042,reviews,v2,Running,True
1779284042,reviews,v2,Running,True
1779284042,reviews,v2,Running,True
1779284042,reviews,v2,Running,True
1779284042,reviews,v3,Running,True
1779284043,details,v1,Running,True
1779284043,details,v1,Running,True
1779284043,details,v1,Running,True
1779284043,productpage,v1,Running,True
1779284043,productpage,v1,Running,True
1779284043,productpage,v1,Running,True
1779284043,productpage,v1,Running,True
1779284043,productpage,v1,Running,True
1779284043,productpage,v1,Running,True
1779284043,productpage,v1,Running,True
1779284043,productpage,v1,Running,True
1779284043,productpage,v1,Running,True
1779284043,productpage,v1,Running,True
1779284043,productpage,v1,Running,True
1779284043,productpage,v1,Running,True
1779284043,productpage,v1,Running,True
1779284043,productpage,v1,Running,True
1779284043,productpage,v1,Running,True
1779284043,productpage,v1,Running,True
1779284043,productpage,v1,Running,True
1779284043,productpage,v1,Running,True
1779284043,productpage,v1,Running,True
1779284043,productpage,v1,Running,True
1779284043,ratings,v1,Running,True
1779284043,reviews,v1,Running,True
1779284043,reviews,v2,Running,True
1779284043,reviews,v2,Running,True
1779284043,reviews,v2,Running,True
1779284043,reviews,v2,Running,True
1779284043,reviews,v2,Running,True
1779284043,reviews,v2,Running,True
1779284043,reviews,v3,Running,True
1779284044,details,v1,Running,True
1779284044,details,v1,Running,True
1779284044,details,v1,Running,True
1779284044,productpage,v1,Running,True
1779284044,productpage,v1,Running,True
1779284044,productpage,v1,Running,True
1779284044,productpage,v1,Running,True
1779284044,productpage,v1,Running,True
1779284044,productpage,v1,Running,True
1779284044,productpage,v1,Running,True
1779284044,productpage,v1,Running,True
1779284044,productpage,v1,Running,True
1779284044,productpage,v1,Running,True
1779284044,productpage,v1,Running,True
1779284044,productpage,v1,Running,True
1779284044,productpage,v1,Running,True
1779284044,productpage,v1,Running,True
1779284044,productpage,v1,Running,True
1779284044,productpage,v1,Running,True
1779284044,productpage,v1,Running,True
1779284044,productpage,v1,Running,True
1779284044,productpage,v1,Running,True
1779284044,productpage,v1,Running,True
1779284044,ratings,v1,Running,True
1779284044,reviews,v1,Running,True
1779284044,reviews,v2,Running,True
1779284044,reviews,v2,Running,True
1779284044,reviews,v2,Running,True
1779284044,reviews,v2,Running,True
1779284044,reviews,v2,Running,True
1779284044,reviews,v2,Running,True
1779284044,reviews,v3,Running,True
1779284045,details,v1,Running,True
1779284045,details,v1,Running,True
1779284045,details,v1,Running,True
1779284045,productpage,v1,Running,True
1779284045,productpage,v1,Running,True
1779284045,productpage,v1,Running,True
1779284045,productpage,v1,Running,True
1779284045,productpage,v1,Running,True
1779284045,productpage,v1,Running,True
1779284045,productpage,v1,Running,True
1779284045,productpage,v1,Running,True
1779284045,productpage,v1,Running,True
1779284045,productpage,v1,Running,True
1779284045,productpage,v1,Running,True
1779284045,productpage,v1,Running,True
1779284045,productpage,v1,Running,True
1779284045,productpage,v1,Running,True
1779284045,productpage,v1,Running,True
1779284045,productpage,v1,Running,True
1779284045,productpage,v1,Running,True
1779284045,productpage,v1,Running,True
1779284045,productpage,v1,Running,True
1779284045,productpage,v1,Running,True
1779284045,ratings,v1,Running,True
1779284045,reviews,v1,Running,True
1779284045,reviews,v2,Running,True
1779284045,reviews,v2,Running,True
1779284045,reviews,v2,Running,True
1779284045,reviews,v2,Running,True
1779284045,reviews,v2,Running,True
1779284045,reviews,v2,Running,True
1779284045,reviews,v3,Running,True
1779284046,details,v1,Running,True
1779284046,details,v1,Running,True
1779284046,details,v1,Running,True
1779284046,productpage,v1,Running,True
1779284046,productpage,v1,Running,True
1779284046,productpage,v1,Running,True
1779284046,productpage,v1,Running,True
1779284046,productpage,v1,Running,True
1779284046,productpage,v1,Running,True
1779284046,productpage,v1,Running,True
1779284046,productpage,v1,Running,True
1779284046,productpage,v1,Running,True
1779284046,productpage,v1,Running,True
1779284046,productpage,v1,Running,True
1779284046,productpage,v1,Running,True
1779284046,productpage,v1,Running,True
1779284046,productpage,v1,Running,True
1779284046,productpage,v1,Running,True
1779284046,productpage,v1,Running,True
1779284046,productpage,v1,Running,True
1779284046,productpage,v1,Running,True
1779284046,productpage,v1,Running,True
1779284046,productpage,v1,Running,True
1779284046,ratings,v1,Running,True
1779284046,reviews,v1,Running,True
1779284046,reviews,v2,Running,True
1779284046,reviews,v2,Running,True
1779284046,reviews,v2,Running,True
1779284046,reviews,v2,Running,True
1779284046,reviews,v2,Running,True
1779284046,reviews,v2,Running,True
1779284046,reviews,v3,Running,True
1779284047,details,v1,Running,True
1779284047,details,v1,Running,True
1779284047,details,v1,Running,True
1779284047,productpage,v1,Running,True
1779284047,productpage,v1,Running,True
1779284047,productpage,v1,Running,True
1779284047,productpage,v1,Running,True
1779284047,productpage,v1,Running,True
1779284047,productpage,v1,Running,True
1779284047,productpage,v1,Running,True
1779284047,productpage,v1,Running,True
1779284047,productpage,v1,Running,True
1779284047,productpage,v1,Running,True
1779284047,productpage,v1,Running,True
1779284047,productpage,v1,Running,True
1779284047,productpage,v1,Running,True
1779284047,productpage,v1,Running,True
1779284047,productpage,v1,Running,True
1779284047,productpage,v1,Running,True
1779284047,productpage,v1,Running,True
1779284047,productpage,v1,Running,True
1779284047,productpage,v1,Running,True
1779284047,productpage,v1,Running,True
1779284047,ratings,v1,Running,True
1779284047,reviews,v1,Running,True
1779284047,reviews,v2,Running,True
1779284047,reviews,v2,Running,True
1779284047,reviews,v2,Running,True
1779284047,reviews,v2,Running,True
1779284047,reviews,v2,Running,True
1779284047,reviews,v2,Running,True
1779284047,reviews,v3,Running,True
1779284048,details,v1,Running,True
1779284048,details,v1,Running,True
1779284048,details,v1,Running,True
1779284048,productpage,v1,Running,True
1779284048,productpage,v1,Running,True
1779284048,productpage,v1,Running,True
1779284048,productpage,v1,Running,True
1779284048,productpage,v1,Running,True
1779284048,productpage,v1,Running,True
1779284048,productpage,v1,Running,True
1779284048,productpage,v1,Running,True
1779284048,productpage,v1,Running,True
1779284048,productpage,v1,Running,True
1779284048,productpage,v1,Running,True
1779284048,productpage,v1,Running,True
1779284048,productpage,v1,Running,True
1779284048,productpage,v1,Running,True
1779284048,productpage,v1,Running,True
1779284048,productpage,v1,Running,True
1779284048,productpage,v1,Running,True
1779284048,productpage,v1,Running,True
1779284048,productpage,v1,Running,True
1779284048,productpage,v1,Running,True
1779284048,ratings,v1,Running,True
1779284048,reviews,v1,Running,True
1779284048,reviews,v2,Running,True
1779284048,reviews,v2,Running,True
1779284048,reviews,v2,Running,True
1779284048,reviews,v2,Running,True
1779284048,reviews,v2,Running,True
1779284048,reviews,v2,Running,True
1779284048,reviews,v3,Running,True
1779284049,details,v1,Running,True
1779284049,details,v1,Running,True
1779284049,details,v1,Running,True
1779284049,productpage,v1,Running,True
1779284049,productpage,v1,Running,True
1779284049,productpage,v1,Running,True
1779284049,productpage,v1,Running,True
1779284049,productpage,v1,Running,True
1779284049,productpage,v1,Running,True
1779284049,productpage,v1,Running,True
1779284049,productpage,v1,Running,True
1779284049,productpage,v1,Running,True
1779284049,productpage,v1,Running,True
1779284049,productpage,v1,Running,True
1779284049,productpage,v1,Running,True
1779284049,productpage,v1,Running,True
1779284049,productpage,v1,Running,True
1779284049,productpage,v1,Running,True
1779284049,productpage,v1,Running,True
1779284049,productpage,v1,Running,True
1779284049,productpage,v1,Running,True
1779284049,productpage,v1,Running,True
1779284049,productpage,v1,Running,True
1779284049,ratings,v1,Running,True
1779284049,reviews,v1,Running,True
1779284049,reviews,v2,Running,True
1779284049,reviews,v2,Running,True
1779284049,reviews,v2,Running,True
1779284049,reviews,v2,Running,True
1779284049,reviews,v2,Running,True
1779284049,reviews,v2,Running,True
1779284049,reviews,v3,Running,True
1779284050,details,v1,Running,True
1779284050,details,v1,Running,True
1779284050,details,v1,Running,True
1779284050,productpage,v1,Running,True
1779284050,productpage,v1,Running,True
1779284050,productpage,v1,Running,True
1779284050,productpage,v1,Running,True
1779284050,productpage,v1,Running,True
1779284050,productpage,v1,Running,True
1779284050,productpage,v1,Running,True
1779284050,productpage,v1,Running,True
1779284050,productpage,v1,Running,True
1779284050,productpage,v1,Running,True
1779284050,productpage,v1,Running,True
1779284050,productpage,v1,Running,True
1779284050,productpage,v1,Running,True
1779284050,productpage,v1,Running,True
1779284050,productpage,v1,Running,True
1779284050,productpage,v1,Running,True
1779284050,productpage,v1,Running,True
1779284050,productpage,v1,Running,True
1779284050,productpage,v1,Running,True
1779284050,productpage,v1,Running,True
1779284050,ratings,v1,Running,True
1779284050,reviews,v1,Running,True
1779284050,reviews,v2,Running,True
1779284050,reviews,v2,Running,True
1779284050,reviews,v2,Running,True
1779284050,reviews,v2,Running,True
1779284050,reviews,v2,Running,True
1779284050,reviews,v2,Running,True
1779284050,reviews,v3,Running,True
1779284051,details,v1,Running,True
1779284051,details,v1,Running,True
1779284051,details,v1,Running,True
1779284051,productpage,v1,Running,True
1779284051,productpage,v1,Running,True
1779284051,productpage,v1,Running,True
1779284051,productpage,v1,Running,True
1779284051,productpage,v1,Running,True
1779284051,productpage,v1,Running,True
1779284051,productpage,v1,Running,True
1779284051,productpage,v1,Running,True
1779284051,productpage,v1,Running,True
1779284051,productpage,v1,Running,True
1779284051,productpage,v1,Running,True
1779284051,productpage,v1,Running,True
1779284051,productpage,v1,Running,True
1779284051,productpage,v1,Running,True
1779284051,productpage,v1,Running,True
1779284051,productpage,v1,Running,True
1779284051,productpage,v1,Running,True
1779284051,productpage,v1,Running,True
1779284051,productpage,v1,Running,True
1779284051,productpage,v1,Running,True
1779284051,ratings,v1,Running,True
1779284051,reviews,v1,Running,True
1779284051,reviews,v2,Running,True
1779284051,reviews,v2,Running,True
1779284051,reviews,v2,Running,True
1779284051,reviews,v2,Running,True
1779284051,reviews,v2,Running,True
1779284051,reviews,v2,Running,True
1779284051,reviews,v3,Running,True
1779284052,details,v1,Running,True
1779284052,details,v1,Running,True
1779284052,details,v1,Running,True
1779284052,productpage,v1,Running,True
1779284052,productpage,v1,Running,True
1779284052,productpage,v1,Running,True
1779284052,productpage,v1,Running,True
1779284052,productpage,v1,Running,True
1779284052,productpage,v1,Running,True
1779284052,productpage,v1,Running,True
1779284052,productpage,v1,Running,True
1779284052,productpage,v1,Running,True
1779284052,productpage,v1,Running,True
1779284052,productpage,v1,Running,True
1779284052,productpage,v1,Running,True
1779284052,productpage,v1,Running,True
1779284052,productpage,v1,Running,True
1779284052,productpage,v1,Running,True
1779284052,productpage,v1,Running,True
1779284052,productpage,v1,Running,True
1779284052,productpage,v1,Running,True
1779284052,productpage,v1,Running,True
1779284052,productpage,v1,Running,True
1779284052,ratings,v1,Running,True
1779284052,reviews,v1,Running,True
1779284052,reviews,v2,Running,True
1779284052,reviews,v2,Running,True
1779284052,reviews,v2,Running,True
1779284052,reviews,v2,Running,True
1779284052,reviews,v2,Running,True
1779284052,reviews,v2,Running,True
1779284052,reviews,v3,Running,True
1779284053,details,v1,Running,True
1779284053,details,v1,Running,True
1779284053,details,v1,Running,True
1779284053,productpage,v1,Running,True
1779284053,productpage,v1,Running,True
1779284053,productpage,v1,Running,True
1779284053,productpage,v1,Running,True
1779284053,productpage,v1,Running,True
1779284053,productpage,v1,Running,True
1779284053,productpage,v1,Running,True
1779284053,productpage,v1,Running,True
1779284053,productpage,v1,Running,True
1779284053,productpage,v1,Running,True
1779284053,productpage,v1,Running,True
1779284053,productpage,v1,Running,True
1779284053,productpage,v1,Running,True
1779284053,productpage,v1,Running,True
1779284053,productpage,v1,Running,True
1779284053,productpage,v1,Running,True
1779284053,productpage,v1,Running,True
1779284053,productpage,v1,Running,True
1779284053,productpage,v1,Running,True
1779284053,productpage,v1,Running,True
1779284053,ratings,v1,Running,True
1779284053,reviews,v1,Running,True
1779284053,reviews,v2,Running,True
1779284053,reviews,v2,Running,True
1779284053,reviews,v2,Running,True
1779284053,reviews,v2,Running,True
1779284053,reviews,v2,Running,True
1779284053,reviews,v2,Running,True
1779284053,reviews,v3,Running,True
1779284054,details,v1,Running,True
1779284054,details,v1,Running,True
1779284054,details,v1,Running,True
1779284054,productpage,v1,Running,True
1779284054,productpage,v1,Running,True
1779284054,productpage,v1,Running,True
1779284054,productpage,v1,Running,True
1779284054,productpage,v1,Running,True
1779284054,productpage,v1,Running,True
1779284054,productpage,v1,Running,True
1779284054,productpage,v1,Running,True
1779284054,productpage,v1,Running,True
1779284054,productpage,v1,Running,True
1779284054,productpage,v1,Running,True
1779284054,productpage,v1,Running,True
1779284054,productpage,v1,Running,True
1779284054,productpage,v1,Running,True
1779284054,productpage,v1,Running,True
1779284054,productpage,v1,Running,True
1779284054,productpage,v1,Running,True
1779284054,productpage,v1,Running,True
1779284054,productpage,v1,Running,True
1779284054,productpage,v1,Running,True
1779284054,ratings,v1,Running,True
1779284054,reviews,v1,Running,True
1779284054,reviews,v2,Running,True
1779284054,reviews,v2,Running,True
1779284054,reviews,v2,Running,True
1779284054,reviews,v2,Running,True
1779284054,reviews,v2,Running,True
1779284054,reviews,v2,Running,True
1779284054,reviews,v3,Running,True
1779284055,details,v1,Running,True
1779284055,details,v1,Running,True
1779284055,details,v1,Running,True
1779284055,productpage,v1,Running,True
1779284055,productpage,v1,Running,True
1779284055,productpage,v1,Running,True
1779284055,productpage,v1,Running,True
1779284055,productpage,v1,Running,True
1779284055,productpage,v1,Running,True
1779284055,productpage,v1,Running,True
1779284055,productpage,v1,Running,True
1779284055,productpage,v1,Running,True
1779284055,productpage,v1,Running,True
1779284055,productpage,v1,Running,True
1779284055,productpage,v1,Running,True
1779284055,productpage,v1,Running,True
1779284055,productpage,v1,Running,True
1779284055,productpage,v1,Running,True
1779284055,productpage,v1,Running,True
1779284055,productpage,v1,Running,True
1779284055,productpage,v1,Running,True
1779284055,productpage,v1,Running,True
1779284055,productpage,v1,Running,True
1779284055,ratings,v1,Running,True
1779284055,reviews,v1,Running,True
1779284055,reviews,v2,Running,True
1779284055,reviews,v2,Running,True
1779284055,reviews,v2,Running,True
1779284055,reviews,v2,Running,True
1779284055,reviews,v2,Running,True
1779284055,reviews,v2,Running,True
1779284055,reviews,v3,Running,True
1779284056,details,v1,Running,True
1779284056,details,v1,Running,True
1779284056,details,v1,Running,True
1779284056,productpage,v1,Running,True
1779284056,productpage,v1,Running,True
1779284056,productpage,v1,Running,True
1779284056,productpage,v1,Running,True
1779284056,productpage,v1,Running,True
1779284056,productpage,v1,Running,True
1779284056,productpage,v1,Running,True
1779284056,productpage,v1,Running,True
1779284056,productpage,v1,Running,True
1779284056,productpage,v1,Running,True
1779284056,productpage,v1,Running,True
1779284056,productpage,v1,Running,True
1779284056,productpage,v1,Running,True
1779284056,productpage,v1,Running,True
1779284056,productpage,v1,Running,True
1779284056,productpage,v1,Running,True
1779284056,productpage,v1,Running,True
1779284056,productpage,v1,Running,True
1779284056,productpage,v1,Running,True
1779284056,productpage,v1,Running,True
1779284056,ratings,v1,Running,True
1779284056,reviews,v1,Running,True
1779284056,reviews,v2,Running,True
1779284056,reviews,v2,Running,True
1779284056,reviews,v2,Running,True
1779284056,reviews,v2,Running,True
1779284056,reviews,v2,Running,True
1779284056,reviews,v2,Running,True
1779284056,reviews,v3,Running,True
1779284057,details,v1,Running,True
1779284057,details,v1,Running,True
1779284057,details,v1,Running,True
1779284057,productpage,v1,Running,True
1779284057,productpage,v1,Running,True
1779284057,productpage,v1,Running,True
1779284057,productpage,v1,Running,True
1779284057,productpage,v1,Running,True
1779284057,productpage,v1,Running,True
1779284057,productpage,v1,Running,True
1779284057,productpage,v1,Running,True
1779284057,productpage,v1,Running,True
1779284057,productpage,v1,Running,True
1779284057,productpage,v1,Running,True
1779284057,productpage,v1,Running,True
1779284057,productpage,v1,Running,True
1779284057,productpage,v1,Running,True
1779284057,productpage,v1,Running,True
1779284057,productpage,v1,Running,True
1779284057,productpage,v1,Running,True
1779284057,productpage,v1,Running,True
1779284057,productpage,v1,Running,True
1779284057,productpage,v1,Running,True
1779284057,ratings,v1,Running,True
1779284057,reviews,v1,Running,True
1779284057,reviews,v2,Running,True
1779284057,reviews,v2,Running,True
1779284057,reviews,v2,Running,True
1779284057,reviews,v2,Running,True
1779284057,reviews,v2,Running,True
1779284057,reviews,v2,Running,True
1779284057,reviews,v3,Running,True
1779284058,details,v1,Running,True
1779284058,details,v1,Running,True
1779284058,details,v1,Running,True
1779284058,productpage,v1,Running,True
1779284058,productpage,v1,Running,True
1779284058,productpage,v1,Running,True
1779284058,productpage,v1,Running,True
1779284058,productpage,v1,Running,True
1779284058,productpage,v1,Running,True
1779284058,productpage,v1,Running,True
1779284058,productpage,v1,Running,True
1779284058,productpage,v1,Running,True
1779284058,productpage,v1,Running,True
1779284058,productpage,v1,Running,True
1779284058,productpage,v1,Running,True
1779284058,productpage,v1,Running,True
1779284058,productpage,v1,Running,True
1779284058,productpage,v1,Running,True
1779284058,productpage,v1,Running,True
1779284058,productpage,v1,Running,True
1779284058,productpage,v1,Running,True
1779284058,productpage,v1,Running,True
1779284058,productpage,v1,Running,True
1779284058,ratings,v1,Running,True
1779284058,reviews,v1,Running,True
1779284058,reviews,v2,Running,True
1779284058,reviews,v2,Running,True
1779284058,reviews,v2,Running,True
1779284058,reviews,v2,Running,True
1779284058,reviews,v2,Running,True
1779284058,reviews,v2,Running,True
1779284058,reviews,v3,Running,True
1779284059,details,v1,Running,True
1779284059,details,v1,Running,True
1779284059,details,v1,Running,True
1779284059,productpage,v1,Running,True
1779284059,productpage,v1,Running,True
1779284059,productpage,v1,Running,True
1779284059,productpage,v1,Running,True
1779284059,productpage,v1,Running,True
1779284059,productpage,v1,Running,True
1779284059,productpage,v1,Running,True
1779284059,productpage,v1,Running,True
1779284059,productpage,v1,Running,True
1779284059,productpage,v1,Running,True
1779284059,productpage,v1,Running,True
1779284059,productpage,v1,Running,True
1779284059,productpage,v1,Running,True
1779284059,productpage,v1,Running,True
1779284059,productpage,v1,Running,True
1779284059,productpage,v1,Running,True
1779284059,productpage,v1,Running,True
1779284059,productpage,v1,Running,True
1779284059,productpage,v1,Running,True
1779284059,productpage,v1,Running,True
1779284059,ratings,v1,Running,True
1779284059,reviews,v1,Running,True
1779284059,reviews,v2,Running,True
1779284059,reviews,v2,Running,True
1779284059,reviews,v2,Running,True
1779284059,reviews,v2,Running,True
1779284059,reviews,v2,Running,True
1779284059,reviews,v2,Running,True
1779284059,reviews,v3,Running,True
1779284060,details,v1,Running,True
1779284060,details,v1,Running,True
1779284060,details,v1,Running,True
1779284060,productpage,v1,Running,True
1779284060,productpage,v1,Running,True
1779284060,productpage,v1,Running,True
1779284060,productpage,v1,Running,True
1779284060,productpage,v1,Running,True
1779284060,productpage,v1,Running,True
1779284060,productpage,v1,Running,True
1779284060,productpage,v1,Running,True
1779284060,productpage,v1,Running,True
1779284060,productpage,v1,Running,True
1779284060,productpage,v1,Running,True
1779284060,productpage,v1,Running,True
1779284060,productpage,v1,Running,True
1779284060,productpage,v1,Running,True
1779284060,productpage,v1,Running,True
1779284060,productpage,v1,Running,True
1779284060,productpage,v1,Running,True
1779284060,productpage,v1,Running,True
1779284060,productpage,v1,Running,True
1779284060,productpage,v1,Running,True
1779284060,ratings,v1,Running,True
1779284060,reviews,v1,Running,True
1779284060,reviews,v2,Running,True
1779284060,reviews,v2,Running,True
1779284060,reviews,v2,Running,True
1779284060,reviews,v2,Running,True
1779284060,reviews,v2,Running,True
1779284060,reviews,v2,Running,True
1779284060,reviews,v3,Running,True
