timestamp,app,version,phase,ready
1779255779,details,v1,Running,True
1779255779,details,v1,Running,True
1779255779,details,v1,Running,True
1779255779,details,v1,Running,True
1779255779,productpage,v1,Running,True
1779255779,productpage,v1,Running,True
1779255779,productpage,v1,Running,True
1779255779,productpage,v1,Running,True
1779255779,productpage,v1,Running,True
1779255779,productpage,v1,Running,True
1779255779,productpage,v1,Running,True
1779255779,productpage,v1,Running,True
1779255779,productpage,v1,Running,True
1779255779,productpage,v1,Running,True
1779255779,productpage,v1,Running,True
1779255779,productpage,v1,Running,True
1779255779,productpage,v1,Running,True
1779255779,productpage,v1,Running,True
1779255779,productpage,v1,Running,True
1779255779,productpage,v1,Running,True
1779255779,productpage,v1,Running,True
1779255779,productpage,v1,Running,True
1779255779,productpage,v1,Running,True
1779255779,productpage,v1,Running,True
1779255779,ratings,v1,Running,True
1779255779,reviews,v1,Running,True
1779255779,reviews,v2,Running,True
1779255779,reviews,v2,Running,True
1779255779,reviews,v2,Running,True
1779255779,reviews,v2,Running,True
1779255779,reviews,v3,Running,True
1779255779,reviews,v3,Running,True
1779255779,reviews,v3,Running,True
1779255779,reviews,v3,Running,True
1779255780,details,v1,Running,True
1779255780,details,v1,Running,True
1779255780,details,v1,Running,True
1779255780,details,v1,Running,True
1779255780,productpage,v1,Running,True
1779255780,productpage,v1,Running,True
1779255780,productpage,v1,Running,True
1779255780,productpage,v1,Running,True
1779255780,productpage,v1,Running,True
1779255780,productpage,v1,Running,True
1779255780,productpage,v1,Running,True
1779255780,productpage,v1,Running,True
1779255780,productpage,v1,Running,True
1779255780,productpage,v1,Running,True
1779255780,productpage,v1,Running,True
1779255780,productpage,v1,Running,True
1779255780,productpage,v1,Running,True
1779255780,productpage,v1,Running,True
1779255780,productpage,v1,Running,True
1779255780,productpage,v1,Running,True
1779255780,productpage,v1,Running,True
1779255780,productpage,v1,Running,True
1779255780,productpage,v1,Running,True
1779255780,productpage,v1,Running,True
1779255780,ratings,v1,Running,True
1779255780,reviews,v1,Running,True
1779255780,reviews,v2,Running,True
1779255780,reviews,v2,Running,True
1779255780,reviews,v2,Running,True
1779255780,reviews,v2,Running,True
1779255780,reviews,v3,Running,True
1779255780,reviews,v3,Running,True
1779255780,reviews,v3,Running,True
1779255780,reviews,v3,Running,True
1779255781,details,v1,Running,True
1779255781,details,v1,Running,True
1779255781,details,v1,Running,True
1779255781,details,v1,Running,True
1779255781,productpage,v1,Running,True
1779255781,productpage,v1,Running,True
1779255781,productpage,v1,Running,True
1779255781,productpage,v1,Running,True
1779255781,productpage,v1,Running,True
1779255781,productpage,v1,Running,True
1779255781,productpage,v1,Running,True
1779255781,productpage,v1,Running,True
1779255781,productpage,v1,Running,True
1779255781,productpage,v1,Running,True
1779255781,productpage,v1,Running,True
1779255781,productpage,v1,Running,True
1779255781,productpage,v1,Running,True
1779255781,productpage,v1,Running,True
1779255781,productpage,v1,Running,True
1779255781,productpage,v1,Running,True
1779255781,productpage,v1,Running,True
1779255781,productpage,v1,Running,True
1779255781,productpage,v1,Running,True
1779255781,productpage,v1,Running,True
1779255781,ratings,v1,Running,True
1779255781,reviews,v1,Running,True
1779255781,reviews,v2,Running,True
1779255781,reviews,v2,Running,True
1779255781,reviews,v2,Running,True
1779255781,reviews,v2,Running,True
1779255781,reviews,v3,Running,True
1779255781,reviews,v3,Running,True
1779255781,reviews,v3,Running,True
1779255781,reviews,v3,Running,True
1779255782,details,v1,Running,True
1779255782,details,v1,Running,True
1779255782,details,v1,Running,True
1779255782,details,v1,Running,True
1779255782,productpage,v1,Running,True
1779255782,productpage,v1,Running,True
1779255782,productpage,v1,Running,True
1779255782,productpage,v1,Running,True
1779255782,productpage,v1,Running,True
1779255782,productpage,v1,Running,True
1779255782,productpage,v1,Running,True
1779255782,productpage,v1,Running,True
1779255782,productpage,v1,Running,True
1779255782,productpage,v1,Running,True
1779255782,productpage,v1,Running,True
1779255782,productpage,v1,Running,True
1779255782,productpage,v1,Running,True
1779255782,productpage,v1,Running,True
1779255782,productpage,v1,Running,True
1779255782,productpage,v1,Running,True
1779255782,productpage,v1,Running,True
1779255782,productpage,v1,Running,True
1779255782,productpage,v1,Running,True
1779255782,productpage,v1,Running,True
1779255782,ratings,v1,Running,True
1779255782,reviews,v1,Running,True
1779255782,reviews,v2,Running,True
1779255782,reviews,v2,Running,True
1779255782,reviews,v2,Running,True
1779255782,reviews,v2,Running,True
1779255782,reviews,v3,Running,True
1779255782,reviews,v3,Running,True
1779255782,reviews,v3,Running,True
1779255782,reviews,v3,Running,True
1779255783,details,v1,Running,True
1779255783,details,v1,Running,True
1779255783,details,v1,Running,True
1779255783,details,v1,Running,True
1779255783,productpage,v1,Running,True
1779255783,productpage,v1,Running,True
1779255783,productpage,v1,Running,True
1779255783,productpage,v1,Running,True
1779255783,productpage,v1,Running,True
1779255783,productpage,v1,Running,True
1779255783,productpage,v1,Running,True
1779255783,productpage,v1,Running,True
1779255783,productpage,v1,Running,True
1779255783,productpage,v1,Running,True
1779255783,productpage,v1,Running,True
1779255783,productpage,v1,Running,True
1779255783,productpage,v1,Running,True
1779255783,productpage,v1,Running,True
1779255783,productpage,v1,Running,True
1779255783,productpage,v1,Running,True
1779255783,productpage,v1,Running,True
1779255783,productpage,v1,Running,True
1779255783,productpage,v1,Running,True
1779255783,productpage,v1,Running,True
1779255783,ratings,v1,Running,True
1779255783,reviews,v1,Running,True
1779255783,reviews,v2,Running,True
1779255783,reviews,v2,Running,True
1779255783,reviews,v2,Running,True
1779255783,reviews,v2,Running,True
1779255783,reviews,v3,Running,True
1779255783,reviews,v3,Running,True
1779255783,reviews,v3,Running,True
1779255783,reviews,v3,Running,True
1779255784,details,v1,Running,True
1779255784,details,v1,Running,True
1779255784,details,v1,Running,True
1779255784,details,v1,Running,True
1779255784,productpage,v1,Running,True
1779255784,productpage,v1,Running,True
1779255784,productpage,v1,Running,True
1779255784,productpage,v1,Running,True
1779255784,productpage,v1,Running,True
1779255784,productpage,v1,Running,True
1779255784,productpage,v1,Running,True
1779255784,productpage,v1,Running,True
1779255784,productpage,v1,Running,True
1779255784,productpage,v1,Running,True
1779255784,productpage,v1,Running,True
1779255784,productpage,v1,Running,True
1779255784,productpage,v1,Running,True
1779255784,productpage,v1,Running,True
1779255784,productpage,v1,Running,True
1779255784,productpage,v1,Running,True
1779255784,productpage,v1,Running,True
1779255784,productpage,v1,Running,True
1779255784,productpage,v1,Running,True
1779255784,productpage,v1,Running,True
1779255784,ratings,v1,Running,True
1779255784,reviews,v1,Running,True
1779255784,reviews,v2,Running,True
1779255784,reviews,v2,Running,True
1779255784,reviews,v2,Running,True
1779255784,reviews,v2,Running,True
1779255784,reviews,v3,Running,True
1779255784,reviews,v3,Running,True
1779255784,reviews,v3,Running,True
1779255784,reviews,v3,Running,True
1779255785,details,v1,Running,True
1779255785,details,v1,Running,True
1779255785,details,v1,Running,True
1779255785,details,v1,Running,True
1779255785,productpage,v1,Running,True
1779255785,productpage,v1,Running,True
1779255785,productpage,v1,Running,True
1779255785,productpage,v1,Running,True
1779255785,productpage,v1,Running,True
1779255785,productpage,v1,Running,True
1779255785,productpage,v1,Running,True
1779255785,productpage,v1,Running,True
1779255785,productpage,v1,Running,True
1779255785,productpage,v1,Running,True
1779255785,productpage,v1,Running,True
1779255785,productpage,v1,Running,True
1779255785,productpage,v1,Running,True
1779255785,productpage,v1,Running,True
1779255785,productpage,v1,Running,True
1779255785,productpage,v1,Running,True
1779255785,productpage,v1,Running,True
1779255785,productpage,v1,Running,True
1779255785,productpage,v1,Running,True
1779255785,productpage,v1,Running,True
1779255785,ratings,v1,Running,True
1779255785,reviews,v1,Running,True
1779255785,reviews,v2,Running,True
1779255785,reviews,v2,Running,True
1779255785,reviews,v2,Running,True
1779255785,reviews,v2,Running,True
1779255785,reviews,v3,Running,True
1779255785,reviews,v3,Running,True
1779255785,reviews,v3,Running,True
1779255785,reviews,v3,Running,True
1779255786,details,v1,Running,True
1779255786,details,v1,Running,True
1779255786,details,v1,Running,True
1779255786,details,v1,Running,True
1779255786,productpage,v1,Running,True
1779255786,productpage,v1,Running,True
1779255786,productpage,v1,Running,True
1779255786,productpage,v1,Running,True
1779255786,productpage,v1,Running,True
1779255786,productpage,v1,Running,True
1779255786,productpage,v1,Running,True
1779255786,productpage,v1,Running,True
1779255786,productpage,v1,Running,True
1779255786,productpage,v1,Running,True
1779255786,productpage,v1,Running,True
1779255786,productpage,v1,Running,True
1779255786,productpage,v1,Running,True
1779255786,productpage,v1,Running,True
1779255786,productpage,v1,Running,True
1779255786,productpage,v1,Running,True
1779255786,productpage,v1,Running,True
1779255786,productpage,v1,Running,True
1779255786,productpage,v1,Running,True
1779255786,productpage,v1,Running,True
1779255786,ratings,v1,Running,True
1779255786,reviews,v1,Running,True
1779255786,reviews,v2,Running,True
1779255786,reviews,v2,Running,True
1779255786,reviews,v2,Running,True
1779255786,reviews,v2,Running,True
1779255786,reviews,v3,Running,True
1779255786,reviews,v3,Running,True
1779255786,reviews,v3,Running,True
1779255786,reviews,v3,Running,True
1779255787,details,v1,Running,True
1779255787,details,v1,Running,True
1779255787,details,v1,Running,True
1779255787,details,v1,Running,True
1779255787,productpage,v1,Running,True
1779255787,productpage,v1,Running,True
1779255787,productpage,v1,Running,True
1779255787,productpage,v1,Running,True
1779255787,productpage,v1,Running,True
1779255787,productpage,v1,Running,True
1779255787,productpage,v1,Running,True
1779255787,productpage,v1,Running,True
1779255787,productpage,v1,Running,True
1779255787,productpage,v1,Running,True
1779255787,productpage,v1,Running,True
1779255787,productpage,v1,Running,True
1779255787,productpage,v1,Running,True
1779255787,productpage,v1,Running,True
1779255787,productpage,v1,Running,True
1779255787,productpage,v1,Running,True
1779255787,productpage,v1,Running,True
1779255787,productpage,v1,Running,True
1779255787,productpage,v1,Running,True
1779255787,productpage,v1,Running,True
1779255787,ratings,v1,Running,True
1779255787,reviews,v1,Running,True
1779255787,reviews,v2,Running,True
1779255787,reviews,v2,Running,True
1779255787,reviews,v2,Running,True
1779255787,reviews,v2,Running,True
1779255787,reviews,v3,Running,True
1779255787,reviews,v3,Running,True
1779255787,reviews,v3,Running,True
1779255787,reviews,v3,Running,True
1779255788,details,v1,Running,True
1779255788,details,v1,Running,True
1779255788,details,v1,Running,True
1779255788,details,v1,Running,True
1779255788,productpage,v1,Running,True
1779255788,productpage,v1,Running,True
1779255788,productpage,v1,Running,True
1779255788,productpage,v1,Running,True
1779255788,productpage,v1,Running,True
1779255788,productpage,v1,Running,True
1779255788,productpage,v1,Running,True
1779255788,productpage,v1,Running,True
1779255788,productpage,v1,Running,True
1779255788,productpage,v1,Running,True
1779255788,productpage,v1,Running,True
1779255788,productpage,v1,Running,True
1779255788,productpage,v1,Running,True
1779255788,productpage,v1,Running,True
1779255788,productpage,v1,Running,True
1779255788,productpage,v1,Running,True
1779255788,productpage,v1,Running,True
1779255788,productpage,v1,Running,True
1779255788,productpage,v1,Running,True
1779255788,productpage,v1,Running,True
1779255788,ratings,v1,Running,True
1779255788,reviews,v1,Running,True
1779255788,reviews,v2,Running,True
1779255788,reviews,v2,Running,True
1779255788,reviews,v2,Running,True
1779255788,reviews,v2,Running,True
1779255788,reviews,v3,Running,True
1779255788,reviews,v3,Running,True
1779255788,reviews,v3,Running,True
1779255788,reviews,v3,Running,True
1779255789,details,v1,Running,True
1779255789,details,v1,Running,True
1779255789,details,v1,Running,True
1779255789,details,v1,Running,True
1779255789,productpage,v1,Running,True
1779255789,productpage,v1,Running,True
1779255789,productpage,v1,Running,True
1779255789,productpage,v1,Running,True
1779255789,productpage,v1,Running,True
1779255789,productpage,v1,Running,True
1779255789,productpage,v1,Running,True
1779255789,productpage,v1,Running,True
1779255789,productpage,v1,Running,True
1779255789,productpage,v1,Running,True
1779255789,productpage,v1,Running,True
1779255789,productpage,v1,Running,True
1779255789,productpage,v1,Running,True
1779255789,productpage,v1,Running,True
1779255789,productpage,v1,Running,True
1779255789,productpage,v1,Running,True
1779255789,productpage,v1,Running,True
1779255789,productpage,v1,Running,True
1779255789,productpage,v1,Running,True
1779255789,productpage,v1,Running,True
1779255789,ratings,v1,Running,True
1779255789,reviews,v1,Running,True
1779255789,reviews,v2,Running,True
1779255789,reviews,v2,Running,True
1779255789,reviews,v2,Running,True
1779255789,reviews,v2,Running,True
1779255789,reviews,v3,Running,True
1779255789,reviews,v3,Running,True
1779255789,reviews,v3,Running,True
1779255789,reviews,v3,Running,True
1779255790,details,v1,Running,True
1779255790,details,v1,Running,True
1779255790,details,v1,Running,True
1779255790,details,v1,Running,True
1779255790,productpage,v1,Running,True
1779255790,productpage,v1,Running,True
1779255790,productpage,v1,Running,True
1779255790,productpage,v1,Running,True
1779255790,productpage,v1,Running,True
1779255790,productpage,v1,Running,True
1779255790,productpage,v1,Running,True
1779255790,productpage,v1,Running,True
1779255790,productpage,v1,Running,True
1779255790,productpage,v1,Running,True
1779255790,productpage,v1,Running,True
1779255790,productpage,v1,Running,True
1779255790,productpage,v1,Running,True
1779255790,productpage,v1,Running,True
1779255790,productpage,v1,Running,True
1779255790,productpage,v1,Running,True
1779255790,productpage,v1,Running,True
1779255790,productpage,v1,Running,True
1779255790,productpage,v1,Running,True
1779255790,productpage,v1,Running,True
1779255790,ratings,v1,Running,True
1779255790,reviews,v1,Running,True
1779255790,reviews,v2,Running,True
1779255790,reviews,v2,Running,True
1779255790,reviews,v2,Running,True
1779255790,reviews,v2,Running,True
1779255790,reviews,v3,Running,True
1779255790,reviews,v3,Running,True
1779255790,reviews,v3,Running,True
1779255790,reviews,v3,Running,True
1779255791,details,v1,Running,True
1779255791,details,v1,Running,True
1779255791,details,v1,Running,True
1779255791,details,v1,Running,True
1779255791,productpage,v1,Running,True
1779255791,productpage,v1,Running,True
1779255791,productpage,v1,Running,True
1779255791,productpage,v1,Running,True
1779255791,productpage,v1,Running,True
1779255791,productpage,v1,Running,True
1779255791,productpage,v1,Running,True
1779255791,productpage,v1,Running,True
1779255791,productpage,v1,Running,True
1779255791,productpage,v1,Running,True
1779255791,productpage,v1,Running,True
1779255791,productpage,v1,Running,True
1779255791,productpage,v1,Running,True
1779255791,productpage,v1,Running,True
1779255791,productpage,v1,Running,True
1779255791,productpage,v1,Running,True
1779255791,productpage,v1,Running,True
1779255791,productpage,v1,Running,True
1779255791,productpage,v1,Running,True
1779255791,productpage,v1,Running,True
1779255791,ratings,v1,Running,True
1779255791,reviews,v1,Running,True
1779255791,reviews,v2,Running,True
1779255791,reviews,v2,Running,True
1779255791,reviews,v2,Running,True
1779255791,reviews,v2,Running,True
1779255791,reviews,v3,Running,True
1779255791,reviews,v3,Running,True
1779255791,reviews,v3,Running,True
1779255791,reviews,v3,Running,True
1779255792,details,v1,Running,True
1779255792,details,v1,Running,True
1779255792,details,v1,Running,True
1779255792,details,v1,Running,True
1779255792,productpage,v1,Running,True
1779255792,productpage,v1,Running,True
1779255792,productpage,v1,Running,True
1779255792,productpage,v1,Running,True
1779255792,productpage,v1,Running,True
1779255792,productpage,v1,Running,True
1779255792,productpage,v1,Running,True
1779255792,productpage,v1,Running,True
1779255792,productpage,v1,Running,True
1779255792,productpage,v1,Running,True
1779255792,productpage,v1,Running,True
1779255792,productpage,v1,Running,True
1779255792,productpage,v1,Running,True
1779255792,productpage,v1,Running,True
1779255792,productpage,v1,Running,True
1779255792,productpage,v1,Running,True
1779255792,productpage,v1,Running,True
1779255792,productpage,v1,Running,True
1779255792,productpage,v1,Running,True
1779255792,productpage,v1,Running,True
1779255792,ratings,v1,Running,True
1779255792,reviews,v1,Running,True
1779255792,reviews,v2,Running,True
1779255792,reviews,v2,Running,True
1779255792,reviews,v2,Running,True
1779255792,reviews,v2,Running,True
1779255792,reviews,v3,Running,True
1779255792,reviews,v3,Running,True
1779255792,reviews,v3,Running,True
1779255792,reviews,v3,Running,True
1779255793,details,v1,Running,True
1779255793,details,v1,Running,True
1779255793,details,v1,Running,True
1779255793,details,v1,Running,True
1779255793,productpage,v1,Running,True
1779255793,productpage,v1,Running,True
1779255793,productpage,v1,Running,True
1779255793,productpage,v1,Running,True
1779255793,productpage,v1,Running,True
1779255793,productpage,v1,Running,True
1779255793,productpage,v1,Running,True
1779255793,productpage,v1,Running,True
1779255793,productpage,v1,Running,True
1779255793,productpage,v1,Running,True
1779255793,productpage,v1,Running,True
1779255793,productpage,v1,Running,True
1779255793,productpage,v1,Running,True
1779255793,productpage,v1,Running,True
1779255793,productpage,v1,Running,True
1779255793,productpage,v1,Running,True
1779255793,productpage,v1,Running,True
1779255793,productpage,v1,Running,True
1779255793,productpage,v1,Running,True
1779255793,productpage,v1,Running,True
1779255793,ratings,v1,Running,True
1779255793,reviews,v1,Running,True
1779255793,reviews,v2,Running,True
1779255793,reviews,v2,Running,True
1779255793,reviews,v2,Running,True
1779255793,reviews,v2,Running,True
1779255793,reviews,v3,Running,True
1779255793,reviews,v3,Running,True
1779255793,reviews,v3,Running,True
1779255793,reviews,v3,Running,True
1779255794,details,v1,Running,True
1779255794,details,v1,Running,True
1779255794,details,v1,Running,True
1779255794,details,v1,Running,True
1779255794,productpage,v1,Running,True
1779255794,productpage,v1,Running,True
1779255794,productpage,v1,Running,True
1779255794,productpage,v1,Running,True
1779255794,productpage,v1,Running,True
1779255794,productpage,v1,Running,True
1779255794,productpage,v1,Running,True
1779255794,productpage,v1,Running,True
1779255794,productpage,v1,Running,True
1779255794,productpage,v1,Running,True
1779255794,productpage,v1,Running,True
1779255794,productpage,v1,Running,True
1779255794,productpage,v1,Running,True
1779255794,productpage,v1,Running,True
1779255794,productpage,v1,Running,True
1779255794,productpage,v1,Running,True
1779255794,productpage,v1,Running,True
1779255794,productpage,v1,Running,True
1779255794,productpage,v1,Running,True
1779255794,productpage,v1,Running,True
1779255794,ratings,v1,Running,True
1779255794,reviews,v1,Running,True
1779255794,reviews,v2,Running,True
1779255794,reviews,v2,Running,True
1779255794,reviews,v2,Running,True
1779255794,reviews,v2,Running,True
1779255794,reviews,v3,Running,True
1779255794,reviews,v3,Running,True
1779255794,reviews,v3,Running,True
1779255794,reviews,v3,Running,True
1779255795,details,v1,Running,True
1779255795,details,v1,Running,True
1779255795,details,v1,Running,True
1779255795,details,v1,Running,True
1779255795,productpage,v1,Running,True
1779255795,productpage,v1,Running,True
1779255795,productpage,v1,Running,True
1779255795,productpage,v1,Running,True
1779255795,productpage,v1,Running,True
1779255795,productpage,v1,Running,True
1779255795,productpage,v1,Running,True
1779255795,productpage,v1,Running,True
1779255795,productpage,v1,Running,True
1779255795,productpage,v1,Running,True
1779255795,productpage,v1,Running,True
1779255795,productpage,v1,Running,True
1779255795,productpage,v1,Running,True
1779255795,productpage,v1,Running,True
1779255795,productpage,v1,Running,True
1779255795,productpage,v1,Running,True
1779255795,productpage,v1,Running,True
1779255795,productpage,v1,Running,True
1779255795,productpage,v1,Running,True
1779255795,productpage,v1,Running,True
1779255795,ratings,v1,Running,True
1779255795,reviews,v1,Running,True
1779255795,reviews,v2,Running,True
1779255795,reviews,v2,Running,True
1779255795,reviews,v2,Running,True
1779255795,reviews,v2,Running,True
1779255795,reviews,v3,Running,True
1779255795,reviews,v3,Running,True
1779255795,reviews,v3,Running,True
1779255795,reviews,v3,Running,True
1779255796,details,v1,Running,True
1779255796,details,v1,Running,True
1779255796,details,v1,Running,True
1779255796,details,v1,Running,True
1779255796,productpage,v1,Running,True
1779255796,productpage,v1,Running,True
1779255796,productpage,v1,Running,True
1779255796,productpage,v1,Running,True
1779255796,productpage,v1,Running,True
1779255796,productpage,v1,Running,True
1779255796,productpage,v1,Running,True
1779255796,productpage,v1,Running,True
1779255796,productpage,v1,Running,True
1779255796,productpage,v1,Running,True
1779255796,productpage,v1,Running,True
1779255796,productpage,v1,Running,True
1779255796,productpage,v1,Running,True
1779255796,productpage,v1,Running,True
1779255796,productpage,v1,Running,True
1779255796,productpage,v1,Running,True
1779255796,productpage,v1,Running,True
1779255796,productpage,v1,Running,True
1779255796,productpage,v1,Running,True
1779255796,productpage,v1,Running,True
1779255796,ratings,v1,Running,True
1779255796,reviews,v1,Running,True
1779255796,reviews,v2,Running,True
1779255796,reviews,v2,Running,True
1779255796,reviews,v2,Running,True
1779255796,reviews,v2,Running,True
1779255796,reviews,v3,Running,True
1779255796,reviews,v3,Running,True
1779255796,reviews,v3,Running,True
1779255796,reviews,v3,Running,True
1779255797,details,v1,Running,True
1779255797,details,v1,Running,True
1779255797,details,v1,Running,True
1779255797,details,v1,Running,True
1779255797,productpage,v1,Running,True
1779255797,productpage,v1,Running,True
1779255797,productpage,v1,Running,True
1779255797,productpage,v1,Running,True
1779255797,productpage,v1,Running,True
1779255797,productpage,v1,Running,True
1779255797,productpage,v1,Running,True
1779255797,productpage,v1,Running,True
1779255797,productpage,v1,Running,True
1779255797,productpage,v1,Running,True
1779255797,productpage,v1,Running,True
1779255797,productpage,v1,Running,True
1779255797,productpage,v1,Running,True
1779255797,productpage,v1,Running,True
1779255797,productpage,v1,Running,True
1779255797,productpage,v1,Running,True
1779255797,productpage,v1,Running,True
1779255797,productpage,v1,Running,True
1779255797,productpage,v1,Running,True
1779255797,productpage,v1,Running,True
1779255797,ratings,v1,Running,True
1779255797,reviews,v1,Running,True
1779255797,reviews,v2,Running,True
1779255797,reviews,v2,Running,True
1779255797,reviews,v2,Running,True
1779255797,reviews,v2,Running,True
1779255797,reviews,v3,Running,True
1779255797,reviews,v3,Running,True
1779255797,reviews,v3,Running,True
1779255797,reviews,v3,Running,True
1779255798,details,v1,Running,True
1779255798,details,v1,Running,True
1779255798,details,v1,Running,True
1779255798,details,v1,Running,True
1779255798,productpage,v1,Running,True
1779255798,productpage,v1,Running,True
1779255798,productpage,v1,Running,True
1779255798,productpage,v1,Running,True
1779255798,productpage,v1,Running,True
1779255798,productpage,v1,Running,True
1779255798,productpage,v1,Running,True
1779255798,productpage,v1,Running,True
1779255798,productpage,v1,Running,True
1779255798,productpage,v1,Running,True
1779255798,productpage,v1,Running,True
1779255798,productpage,v1,Running,True
1779255798,productpage,v1,Running,True
1779255798,productpage,v1,Running,True
1779255798,productpage,v1,Running,True
1779255798,productpage,v1,Running,True
1779255798,productpage,v1,Running,True
1779255798,productpage,v1,Running,True
1779255798,productpage,v1,Running,True
1779255798,productpage,v1,Running,True
1779255798,ratings,v1,Running,True
1779255798,reviews,v1,Running,True
1779255798,reviews,v2,Running,True
1779255798,reviews,v2,Running,True
1779255798,reviews,v2,Running,True
1779255798,reviews,v2,Running,True
1779255798,reviews,v3,Running,True
1779255798,reviews,v3,Running,True
1779255798,reviews,v3,Running,True
1779255798,reviews,v3,Running,True
1779255799,details,v1,Running,True
1779255799,details,v1,Running,True
1779255799,details,v1,Running,True
1779255799,details,v1,Running,True
1779255799,productpage,v1,Running,True
1779255799,productpage,v1,Running,True
1779255799,productpage,v1,Running,True
1779255799,productpage,v1,Running,True
1779255799,productpage,v1,Running,True
1779255799,productpage,v1,Running,True
1779255799,productpage,v1,Running,True
1779255799,productpage,v1,Running,True
1779255799,productpage,v1,Running,True
1779255799,productpage,v1,Running,True
1779255799,productpage,v1,Running,True
1779255799,productpage,v1,Running,True
1779255799,productpage,v1,Running,True
1779255799,productpage,v1,Running,True
1779255799,productpage,v1,Running,True
1779255799,productpage,v1,Running,True
1779255799,productpage,v1,Running,True
1779255799,productpage,v1,Running,True
1779255799,productpage,v1,Running,True
1779255799,productpage,v1,Running,True
1779255799,ratings,v1,Running,True
1779255799,reviews,v1,Running,True
1779255799,reviews,v2,Running,True
1779255799,reviews,v2,Running,True
1779255799,reviews,v2,Running,True
1779255799,reviews,v2,Running,True
1779255799,reviews,v3,Running,True
1779255799,reviews,v3,Running,True
1779255799,reviews,v3,Running,True
1779255799,reviews,v3,Running,True
1779255800,details,v1,Running,True
1779255800,details,v1,Running,True
1779255800,details,v1,Running,True
1779255800,details,v1,Running,True
1779255800,productpage,v1,Running,True
1779255800,productpage,v1,Running,True
1779255800,productpage,v1,Running,True
1779255800,productpage,v1,Running,True
1779255800,productpage,v1,Running,True
1779255800,productpage,v1,Running,True
1779255800,productpage,v1,Running,True
1779255800,productpage,v1,Running,True
1779255800,productpage,v1,Running,True
1779255800,productpage,v1,Running,True
1779255800,productpage,v1,Running,True
1779255800,productpage,v1,Running,True
1779255800,productpage,v1,Running,True
1779255800,productpage,v1,Running,True
1779255800,productpage,v1,Running,True
1779255800,productpage,v1,Running,True
1779255800,productpage,v1,Running,True
1779255800,productpage,v1,Running,True
1779255800,productpage,v1,Running,True
1779255800,productpage,v1,Running,True
1779255800,ratings,v1,Running,True
1779255800,reviews,v1,Running,True
1779255800,reviews,v2,Running,True
1779255800,reviews,v2,Running,True
1779255800,reviews,v2,Running,True
1779255800,reviews,v2,Running,True
1779255800,reviews,v3,Running,True
1779255800,reviews,v3,Running,True
1779255800,reviews,v3,Running,True
1779255800,reviews,v3,Running,True
1779255801,details,v1,Running,True
1779255801,details,v1,Running,True
1779255801,details,v1,Running,True
1779255801,details,v1,Running,True
1779255801,productpage,v1,Running,True
1779255801,productpage,v1,Running,True
1779255801,productpage,v1,Running,True
1779255801,productpage,v1,Running,True
1779255801,productpage,v1,Running,True
1779255801,productpage,v1,Running,True
1779255801,productpage,v1,Running,True
1779255801,productpage,v1,Running,True
1779255801,productpage,v1,Running,True
1779255801,productpage,v1,Running,True
1779255801,productpage,v1,Running,True
1779255801,productpage,v1,Running,True
1779255801,productpage,v1,Running,True
1779255801,productpage,v1,Running,True
1779255801,productpage,v1,Running,True
1779255801,productpage,v1,Running,True
1779255801,productpage,v1,Running,True
1779255801,productpage,v1,Running,True
1779255801,productpage,v1,Running,True
1779255801,productpage,v1,Running,True
1779255801,ratings,v1,Running,True
1779255801,reviews,v1,Running,True
1779255801,reviews,v2,Running,True
1779255801,reviews,v2,Running,True
1779255801,reviews,v2,Running,True
1779255801,reviews,v2,Running,True
1779255801,reviews,v3,Running,True
1779255801,reviews,v3,Running,True
1779255801,reviews,v3,Running,True
1779255801,reviews,v3,Running,True
1779255802,details,v1,Running,True
1779255802,details,v1,Running,True
1779255802,details,v1,Running,True
1779255802,details,v1,Running,True
1779255802,productpage,v1,Running,True
1779255802,productpage,v1,Running,True
1779255802,productpage,v1,Running,True
1779255802,productpage,v1,Running,True
1779255802,productpage,v1,Running,True
1779255802,productpage,v1,Running,True
1779255802,productpage,v1,Running,True
1779255802,productpage,v1,Running,True
1779255802,productpage,v1,Running,True
1779255802,productpage,v1,Running,True
1779255802,productpage,v1,Running,True
1779255802,productpage,v1,Running,True
1779255802,productpage,v1,Running,True
1779255802,productpage,v1,Running,True
1779255802,productpage,v1,Running,True
1779255802,productpage,v1,Running,True
1779255802,productpage,v1,Running,True
1779255802,productpage,v1,Running,True
1779255802,productpage,v1,Running,True
1779255802,productpage,v1,Running,True
1779255802,ratings,v1,Running,True
1779255802,reviews,v1,Running,True
1779255802,reviews,v2,Running,True
1779255802,reviews,v2,Running,True
1779255802,reviews,v2,Running,True
1779255802,reviews,v2,Running,True
1779255802,reviews,v3,Running,True
1779255802,reviews,v3,Running,True
1779255802,reviews,v3,Running,True
1779255802,reviews,v3,Running,True
1779255803,details,v1,Running,True
1779255803,details,v1,Running,True
1779255803,details,v1,Running,True
1779255803,details,v1,Running,True
1779255803,productpage,v1,Running,True
1779255803,productpage,v1,Running,True
1779255803,productpage,v1,Running,True
1779255803,productpage,v1,Running,True
1779255803,productpage,v1,Running,True
1779255803,productpage,v1,Running,True
1779255803,productpage,v1,Running,True
1779255803,productpage,v1,Running,True
1779255803,productpage,v1,Running,True
1779255803,productpage,v1,Running,True
1779255803,productpage,v1,Running,True
1779255803,productpage,v1,Running,True
1779255803,productpage,v1,Running,True
1779255803,productpage,v1,Running,True
1779255803,productpage,v1,Running,True
1779255803,productpage,v1,Running,True
1779255803,productpage,v1,Running,True
1779255803,productpage,v1,Running,True
1779255803,productpage,v1,Running,True
1779255803,productpage,v1,Running,True
1779255803,ratings,v1,Running,True
1779255803,reviews,v1,Running,True
1779255803,reviews,v2,Running,True
1779255803,reviews,v2,Running,True
1779255803,reviews,v2,Running,True
1779255803,reviews,v2,Running,True
1779255803,reviews,v3,Running,True
1779255803,reviews,v3,Running,True
1779255803,reviews,v3,Running,True
1779255803,reviews,v3,Running,True
1779255804,details,v1,Running,True
1779255804,details,v1,Running,True
1779255804,details,v1,Running,True
1779255804,details,v1,Running,True
1779255804,productpage,v1,Running,True
1779255804,productpage,v1,Running,True
1779255804,productpage,v1,Running,True
1779255804,productpage,v1,Running,True
1779255804,productpage,v1,Running,True
1779255804,productpage,v1,Running,True
1779255804,productpage,v1,Running,True
1779255804,productpage,v1,Running,True
1779255804,productpage,v1,Running,True
1779255804,productpage,v1,Running,True
1779255804,productpage,v1,Running,True
1779255804,productpage,v1,Running,True
1779255804,productpage,v1,Running,True
1779255804,productpage,v1,Running,True
1779255804,productpage,v1,Running,True
1779255804,productpage,v1,Running,True
1779255804,productpage,v1,Running,True
1779255804,productpage,v1,Running,True
1779255804,productpage,v1,Running,True
1779255804,productpage,v1,Running,True
1779255804,ratings,v1,Running,True
1779255804,reviews,v1,Running,True
1779255804,reviews,v2,Running,True
1779255804,reviews,v2,Running,True
1779255804,reviews,v2,Running,True
1779255804,reviews,v2,Running,True
1779255804,reviews,v3,Running,True
1779255804,reviews,v3,Running,True
1779255804,reviews,v3,Running,True
1779255804,reviews,v3,Running,True
1779255805,details,v1,Running,True
1779255805,details,v1,Running,True
1779255805,details,v1,Running,True
1779255805,details,v1,Running,True
1779255805,productpage,v1,Running,True
1779255805,productpage,v1,Running,True
1779255805,productpage,v1,Running,True
1779255805,productpage,v1,Running,True
1779255805,productpage,v1,Running,True
1779255805,productpage,v1,Running,True
1779255805,productpage,v1,Running,True
1779255805,productpage,v1,Running,True
1779255805,productpage,v1,Running,True
1779255805,productpage,v1,Running,True
1779255805,productpage,v1,Running,True
1779255805,productpage,v1,Running,True
1779255805,productpage,v1,Running,True
1779255805,productpage,v1,Running,True
1779255805,productpage,v1,Running,True
1779255805,productpage,v1,Running,True
1779255805,productpage,v1,Running,True
1779255805,productpage,v1,Running,True
1779255805,productpage,v1,Running,True
1779255805,productpage,v1,Running,True
1779255805,ratings,v1,Running,True
1779255805,reviews,v1,Running,True
1779255805,reviews,v2,Running,True
1779255805,reviews,v2,Running,True
1779255805,reviews,v2,Running,True
1779255805,reviews,v2,Running,True
1779255805,reviews,v3,Running,True
1779255805,reviews,v3,Running,True
1779255805,reviews,v3,Running,True
1779255805,reviews,v3,Running,True
1779255806,details,v1,Running,True
1779255806,details,v1,Running,True
1779255806,details,v1,Running,True
1779255806,details,v1,Running,True
1779255806,productpage,v1,Running,True
1779255806,productpage,v1,Running,True
1779255806,productpage,v1,Running,True
1779255806,productpage,v1,Running,True
1779255806,productpage,v1,Running,True
1779255806,productpage,v1,Running,True
1779255806,productpage,v1,Running,True
1779255806,productpage,v1,Running,True
1779255806,productpage,v1,Running,True
1779255806,productpage,v1,Running,True
1779255806,productpage,v1,Running,True
1779255806,productpage,v1,Running,True
1779255806,productpage,v1,Running,True
1779255806,productpage,v1,Running,True
1779255806,productpage,v1,Running,True
1779255806,productpage,v1,Running,True
1779255806,productpage,v1,Running,True
1779255806,productpage,v1,Running,True
1779255806,productpage,v1,Running,True
1779255806,productpage,v1,Running,True
1779255806,ratings,v1,Running,True
1779255806,reviews,v1,Running,True
1779255806,reviews,v2,Running,True
1779255806,reviews,v2,Running,True
1779255806,reviews,v2,Running,True
1779255806,reviews,v2,Running,True
1779255806,reviews,v2,Pending,False
1779255806,reviews,v3,Running,True
1779255806,reviews,v3,Running,True
1779255806,reviews,v3,Pending,False
1779255806,reviews,v3,Running,True
1779255806,reviews,v3,Running,True
1779255807,details,v1,Running,True
1779255807,details,v1,Running,True
1779255807,details,v1,Running,True
1779255807,details,v1,Running,True
1779255807,productpage,v1,Running,True
1779255807,productpage,v1,Running,True
1779255807,productpage,v1,Running,True
1779255807,productpage,v1,Running,True
1779255807,productpage,v1,Running,True
1779255807,productpage,v1,Running,True
1779255807,productpage,v1,Running,True
1779255807,productpage,v1,Running,True
1779255807,productpage,v1,Running,True
1779255807,productpage,v1,Running,True
1779255807,productpage,v1,Running,True
1779255807,productpage,v1,Running,True
1779255807,productpage,v1,Running,True
1779255807,productpage,v1,Running,True
1779255807,productpage,v1,Running,True
1779255807,productpage,v1,Running,True
1779255807,productpage,v1,Running,True
1779255807,productpage,v1,Running,True
1779255807,productpage,v1,Running,True
1779255807,productpage,v1,Running,True
1779255807,ratings,v1,Running,True
1779255807,reviews,v1,Running,True
1779255807,reviews,v2,Running,True
1779255807,reviews,v2,Running,True
1779255807,reviews,v2,Running,True
1779255807,reviews,v2,Running,True
1779255807,reviews,v2,Pending,False
1779255807,reviews,v3,Running,True
1779255807,reviews,v3,Running,True
1779255807,reviews,v3,Pending,False
1779255807,reviews,v3,Running,True
1779255807,reviews,v3,Running,True
1779255808,details,v1,Running,True
1779255808,details,v1,Running,True
1779255808,details,v1,Running,True
1779255808,details,v1,Running,True
1779255808,productpage,v1,Running,True
1779255808,productpage,v1,Running,True
1779255808,productpage,v1,Running,True
1779255808,productpage,v1,Running,True
1779255808,productpage,v1,Running,True
1779255808,productpage,v1,Running,True
1779255808,productpage,v1,Running,True
1779255808,productpage,v1,Running,True
1779255808,productpage,v1,Running,True
1779255808,productpage,v1,Running,True
1779255808,productpage,v1,Running,True
1779255808,productpage,v1,Running,True
1779255808,productpage,v1,Running,True
1779255808,productpage,v1,Running,True
1779255808,productpage,v1,Running,True
1779255808,productpage,v1,Running,True
1779255808,productpage,v1,Running,True
1779255808,productpage,v1,Running,True
1779255808,productpage,v1,Running,True
1779255808,productpage,v1,Running,True
1779255808,ratings,v1,Running,True
1779255808,reviews,v1,Running,True
1779255808,reviews,v2,Running,True
1779255808,reviews,v2,Running,True
1779255808,reviews,v2,Running,True
1779255808,reviews,v2,Running,True
1779255808,reviews,v2,Pending,False
1779255808,reviews,v3,Running,True
1779255808,reviews,v3,Running,True
1779255808,reviews,v3,Pending,False
1779255808,reviews,v3,Running,True
1779255808,reviews,v3,Running,True
1779255809,details,v1,Running,True
1779255809,details,v1,Running,True
1779255809,details,v1,Running,True
1779255809,details,v1,Running,True
1779255809,productpage,v1,Running,True
1779255809,productpage,v1,Running,True
1779255809,productpage,v1,Running,True
1779255809,productpage,v1,Running,True
1779255809,productpage,v1,Running,True
1779255809,productpage,v1,Running,True
1779255809,productpage,v1,Running,True
1779255809,productpage,v1,Running,True
1779255809,productpage,v1,Running,True
1779255809,productpage,v1,Running,True
1779255809,productpage,v1,Running,True
1779255809,productpage,v1,Running,True
1779255809,productpage,v1,Running,True
1779255809,productpage,v1,Running,True
1779255809,productpage,v1,Running,True
1779255809,productpage,v1,Running,True
1779255809,productpage,v1,Running,True
1779255809,productpage,v1,Running,True
1779255809,productpage,v1,Running,True
1779255809,productpage,v1,Running,True
1779255809,ratings,v1,Running,True
1779255809,reviews,v1,Running,True
1779255809,reviews,v2,Running,True
1779255809,reviews,v2,Running,True
1779255809,reviews,v2,Running,True
1779255809,reviews,v2,Running,True
1779255809,reviews,v2,Running,False
1779255809,reviews,v3,Running,True
1779255809,reviews,v3,Running,True
1779255809,reviews,v3,Running,False
1779255809,reviews,v3,Running,True
1779255809,reviews,v3,Running,True
1779255810,details,v1,Running,True
1779255810,details,v1,Running,True
1779255810,details,v1,Running,True
1779255810,details,v1,Running,True
1779255810,productpage,v1,Running,True
1779255810,productpage,v1,Running,True
1779255810,productpage,v1,Running,True
1779255810,productpage,v1,Running,True
1779255810,productpage,v1,Running,True
1779255810,productpage,v1,Running,True
1779255810,productpage,v1,Running,True
1779255810,productpage,v1,Running,True
1779255810,productpage,v1,Running,True
1779255810,productpage,v1,Running,True
1779255810,productpage,v1,Running,True
1779255810,productpage,v1,Running,True
1779255810,productpage,v1,Running,True
1779255810,productpage,v1,Running,True
1779255810,productpage,v1,Running,True
1779255810,productpage,v1,Running,True
1779255810,productpage,v1,Running,True
1779255810,productpage,v1,Running,True
1779255810,productpage,v1,Running,True
1779255810,productpage,v1,Running,True
1779255810,ratings,v1,Running,True
1779255810,reviews,v1,Running,True
1779255810,reviews,v2,Running,True
1779255810,reviews,v2,Running,True
1779255810,reviews,v2,Running,True
1779255810,reviews,v2,Running,True
1779255810,reviews,v2,Running,False
1779255810,reviews,v3,Running,True
1779255810,reviews,v3,Running,True
1779255810,reviews,v3,Running,False
1779255810,reviews,v3,Running,True
1779255810,reviews,v3,Running,True
1779255811,details,v1,Running,True
1779255811,details,v1,Running,True
1779255811,details,v1,Running,True
1779255811,details,v1,Running,True
1779255811,productpage,v1,Running,True
1779255811,productpage,v1,Running,True
1779255811,productpage,v1,Running,True
1779255811,productpage,v1,Running,True
1779255811,productpage,v1,Running,True
1779255811,productpage,v1,Running,True
1779255811,productpage,v1,Running,True
1779255811,productpage,v1,Running,True
1779255811,productpage,v1,Running,True
1779255811,productpage,v1,Running,True
1779255811,productpage,v1,Running,True
1779255811,productpage,v1,Running,True
1779255811,productpage,v1,Running,True
1779255811,productpage,v1,Running,True
1779255811,productpage,v1,Running,True
1779255811,productpage,v1,Running,True
1779255811,productpage,v1,Running,True
1779255811,productpage,v1,Running,True
1779255811,productpage,v1,Running,True
1779255811,productpage,v1,Running,True
1779255811,ratings,v1,Running,True
1779255811,reviews,v1,Running,True
1779255811,reviews,v2,Running,True
1779255811,reviews,v2,Running,True
1779255811,reviews,v2,Running,True
1779255811,reviews,v2,Running,True
1779255811,reviews,v2,Running,True
1779255811,reviews,v3,Running,True
1779255811,reviews,v3,Running,True
1779255811,reviews,v3,Running,True
1779255811,reviews,v3,Running,True
1779255811,reviews,v3,Running,True
1779255812,details,v1,Running,True
1779255812,details,v1,Running,True
1779255812,details,v1,Running,True
1779255812,details,v1,Running,True
1779255812,productpage,v1,Running,True
1779255812,productpage,v1,Running,True
1779255812,productpage,v1,Running,True
1779255812,productpage,v1,Running,True
1779255812,productpage,v1,Running,True
1779255812,productpage,v1,Running,True
1779255812,productpage,v1,Running,True
1779255812,productpage,v1,Running,True
1779255812,productpage,v1,Running,True
1779255812,productpage,v1,Running,True
1779255812,productpage,v1,Running,True
1779255812,productpage,v1,Running,True
1779255812,productpage,v1,Running,True
1779255812,productpage,v1,Running,True
1779255812,productpage,v1,Running,True
1779255812,productpage,v1,Running,True
1779255812,productpage,v1,Running,True
1779255812,productpage,v1,Running,True
1779255812,productpage,v1,Running,True
1779255812,productpage,v1,Running,True
1779255812,ratings,v1,Running,True
1779255812,reviews,v1,Running,True
1779255812,reviews,v2,Running,True
1779255812,reviews,v2,Running,True
1779255812,reviews,v2,Running,True
1779255812,reviews,v2,Running,True
1779255812,reviews,v2,Running,True
1779255812,reviews,v3,Running,True
1779255812,reviews,v3,Running,True
1779255812,reviews,v3,Running,True
1779255812,reviews,v3,Running,True
1779255812,reviews,v3,Running,True
1779255813,details,v1,Running,True
1779255813,details,v1,Running,True
1779255813,details,v1,Running,True
1779255813,details,v1,Running,True
1779255813,productpage,v1,Running,True
1779255813,productpage,v1,Running,True
1779255813,productpage,v1,Running,True
1779255813,productpage,v1,Running,True
1779255813,productpage,v1,Running,True
1779255813,productpage,v1,Running,True
1779255813,productpage,v1,Running,True
1779255813,productpage,v1,Running,True
1779255813,productpage,v1,Running,True
1779255813,productpage,v1,Running,True
1779255813,productpage,v1,Running,True
1779255813,productpage,v1,Running,True
1779255813,productpage,v1,Running,True
1779255813,productpage,v1,Running,True
1779255813,productpage,v1,Running,True
1779255813,productpage,v1,Running,True
1779255813,productpage,v1,Running,True
1779255813,productpage,v1,Running,True
1779255813,productpage,v1,Running,True
1779255813,productpage,v1,Running,True
1779255813,ratings,v1,Running,True
1779255813,reviews,v1,Running,True
1779255813,reviews,v2,Running,True
1779255813,reviews,v2,Running,True
1779255813,reviews,v2,Running,True
1779255813,reviews,v2,Running,True
1779255813,reviews,v2,Running,True
1779255813,reviews,v3,Running,True
1779255813,reviews,v3,Running,True
1779255813,reviews,v3,Running,True
1779255813,reviews,v3,Running,True
1779255813,reviews,v3,Running,True
1779255814,details,v1,Running,True
1779255814,details,v1,Running,True
1779255814,details,v1,Running,True
1779255814,details,v1,Running,True
1779255814,productpage,v1,Running,True
1779255814,productpage,v1,Running,True
1779255814,productpage,v1,Running,True
1779255814,productpage,v1,Running,True
1779255814,productpage,v1,Running,True
1779255814,productpage,v1,Running,True
1779255814,productpage,v1,Running,True
1779255814,productpage,v1,Running,True
1779255814,productpage,v1,Running,True
1779255814,productpage,v1,Running,True
1779255814,productpage,v1,Running,True
1779255814,productpage,v1,Running,True
1779255814,productpage,v1,Running,True
1779255814,productpage,v1,Running,True
1779255814,productpage,v1,Running,True
1779255814,productpage,v1,Running,True
1779255814,productpage,v1,Running,True
1779255814,productpage,v1,Running,True
1779255814,productpage,v1,Running,True
1779255814,productpage,v1,Running,True
1779255814,ratings,v1,Running,True
1779255814,reviews,v1,Running,True
1779255814,reviews,v2,Running,True
1779255814,reviews,v2,Running,True
1779255814,reviews,v2,Running,True
1779255814,reviews,v2,Running,True
1779255814,reviews,v2,Running,True
1779255814,reviews,v3,Running,True
1779255814,reviews,v3,Running,True
1779255814,reviews,v3,Running,True
1779255814,reviews,v3,Running,True
1779255814,reviews,v3,Running,True
1779255815,details,v1,Running,True
1779255815,details,v1,Running,True
1779255815,details,v1,Running,True
1779255815,details,v1,Running,True
1779255815,productpage,v1,Running,True
1779255815,productpage,v1,Running,True
1779255815,productpage,v1,Running,True
1779255815,productpage,v1,Running,True
1779255815,productpage,v1,Running,True
1779255815,productpage,v1,Running,True
1779255815,productpage,v1,Running,True
1779255815,productpage,v1,Running,True
1779255815,productpage,v1,Running,True
1779255815,productpage,v1,Running,True
1779255815,productpage,v1,Running,True
1779255815,productpage,v1,Running,True
1779255815,productpage,v1,Running,True
1779255815,productpage,v1,Running,True
1779255815,productpage,v1,Running,True
1779255815,productpage,v1,Running,True
1779255815,productpage,v1,Running,True
1779255815,productpage,v1,Running,True
1779255815,productpage,v1,Running,True
1779255815,productpage,v1,Running,True
1779255815,ratings,v1,Running,True
1779255815,reviews,v1,Running,True
1779255815,reviews,v2,Running,True
1779255815,reviews,v2,Running,True
1779255815,reviews,v2,Running,True
1779255815,reviews,v2,Running,True
1779255815,reviews,v2,Running,True
1779255815,reviews,v3,Running,True
1779255815,reviews,v3,Running,True
1779255815,reviews,v3,Running,True
1779255815,reviews,v3,Running,True
1779255815,reviews,v3,Running,True
1779255816,details,v1,Running,True
1779255816,details,v1,Running,True
1779255816,details,v1,Running,True
1779255816,details,v1,Running,True
1779255816,productpage,v1,Running,True
1779255816,productpage,v1,Running,True
1779255816,productpage,v1,Running,True
1779255816,productpage,v1,Running,True
1779255816,productpage,v1,Running,True
1779255816,productpage,v1,Running,True
1779255816,productpage,v1,Running,True
1779255816,productpage,v1,Running,True
1779255816,productpage,v1,Running,True
1779255816,productpage,v1,Running,True
1779255816,productpage,v1,Running,True
1779255816,productpage,v1,Running,True
1779255816,productpage,v1,Running,True
1779255816,productpage,v1,Running,True
1779255816,productpage,v1,Running,True
1779255816,productpage,v1,Running,True
1779255816,productpage,v1,Running,True
1779255816,productpage,v1,Running,True
1779255816,productpage,v1,Running,True
1779255816,productpage,v1,Running,True
1779255816,ratings,v1,Running,True
1779255816,reviews,v1,Running,True
1779255816,reviews,v2,Running,True
1779255816,reviews,v2,Running,True
1779255816,reviews,v2,Running,True
1779255816,reviews,v2,Running,True
1779255816,reviews,v2,Running,True
1779255816,reviews,v3,Running,True
1779255816,reviews,v3,Running,True
1779255816,reviews,v3,Running,True
1779255816,reviews,v3,Running,True
1779255816,reviews,v3,Running,True
1779255817,details,v1,Running,True
1779255817,details,v1,Running,True
1779255817,details,v1,Running,True
1779255817,details,v1,Running,True
1779255817,productpage,v1,Running,True
1779255817,productpage,v1,Running,True
1779255817,productpage,v1,Running,True
1779255817,productpage,v1,Running,True
1779255817,productpage,v1,Running,True
1779255817,productpage,v1,Running,True
1779255817,productpage,v1,Running,True
1779255817,productpage,v1,Running,True
1779255817,productpage,v1,Running,True
1779255817,productpage,v1,Running,True
1779255817,productpage,v1,Running,True
1779255817,productpage,v1,Running,True
1779255817,productpage,v1,Running,True
1779255817,productpage,v1,Running,True
1779255817,productpage,v1,Running,True
1779255817,productpage,v1,Running,True
1779255817,productpage,v1,Running,True
1779255817,productpage,v1,Running,True
1779255817,productpage,v1,Running,True
1779255817,productpage,v1,Running,True
1779255817,ratings,v1,Running,True
1779255817,reviews,v1,Running,True
1779255817,reviews,v2,Running,True
1779255817,reviews,v2,Running,True
1779255817,reviews,v2,Running,True
1779255817,reviews,v2,Running,True
1779255817,reviews,v2,Running,True
1779255817,reviews,v3,Running,True
1779255817,reviews,v3,Running,True
1779255817,reviews,v3,Running,True
1779255817,reviews,v3,Running,True
1779255817,reviews,v3,Running,True
1779255818,details,v1,Running,True
1779255818,details,v1,Running,True
1779255818,details,v1,Running,True
1779255818,details,v1,Running,True
1779255818,productpage,v1,Running,True
1779255818,productpage,v1,Running,True
1779255818,productpage,v1,Running,True
1779255818,productpage,v1,Running,True
1779255818,productpage,v1,Running,True
1779255818,productpage,v1,Running,True
1779255818,productpage,v1,Running,True
1779255818,productpage,v1,Running,True
1779255818,productpage,v1,Running,True
1779255818,productpage,v1,Running,True
1779255818,productpage,v1,Running,True
1779255818,productpage,v1,Running,True
1779255818,productpage,v1,Running,True
1779255818,productpage,v1,Running,True
1779255818,productpage,v1,Running,True
1779255818,productpage,v1,Running,True
1779255818,productpage,v1,Running,True
1779255818,productpage,v1,Running,True
1779255818,productpage,v1,Running,True
1779255818,productpage,v1,Running,True
1779255818,ratings,v1,Running,True
1779255818,reviews,v1,Running,True
1779255818,reviews,v2,Running,True
1779255818,reviews,v2,Running,True
1779255818,reviews,v2,Running,True
1779255818,reviews,v2,Running,True
1779255818,reviews,v2,Running,True
1779255818,reviews,v3,Running,True
1779255818,reviews,v3,Running,True
1779255818,reviews,v3,Running,True
1779255818,reviews,v3,Running,True
1779255818,reviews,v3,Running,True
1779255819,details,v1,Running,True
1779255819,details,v1,Running,True
1779255819,details,v1,Running,True
1779255819,details,v1,Running,True
1779255819,productpage,v1,Running,True
1779255819,productpage,v1,Running,True
1779255819,productpage,v1,Running,True
1779255819,productpage,v1,Running,True
1779255819,productpage,v1,Running,True
1779255819,productpage,v1,Running,True
1779255819,productpage,v1,Running,True
1779255819,productpage,v1,Running,True
1779255819,productpage,v1,Running,True
1779255819,productpage,v1,Running,True
1779255819,productpage,v1,Running,True
1779255819,productpage,v1,Running,True
1779255819,productpage,v1,Running,True
1779255819,productpage,v1,Running,True
1779255819,productpage,v1,Running,True
1779255819,productpage,v1,Running,True
1779255819,productpage,v1,Running,True
1779255819,productpage,v1,Running,True
1779255819,productpage,v1,Running,True
1779255819,productpage,v1,Running,True
1779255819,ratings,v1,Running,True
1779255819,reviews,v1,Running,True
1779255819,reviews,v2,Running,True
1779255819,reviews,v2,Running,True
1779255819,reviews,v2,Running,True
1779255819,reviews,v2,Running,True
1779255819,reviews,v2,Running,True
1779255819,reviews,v3,Running,True
1779255819,reviews,v3,Running,True
1779255819,reviews,v3,Running,True
1779255819,reviews,v3,Running,True
1779255819,reviews,v3,Running,True
1779255820,details,v1,Running,True
1779255820,details,v1,Running,True
1779255820,details,v1,Running,True
1779255820,details,v1,Running,True
1779255820,productpage,v1,Running,True
1779255820,productpage,v1,Running,True
1779255820,productpage,v1,Running,True
1779255820,productpage,v1,Running,True
1779255820,productpage,v1,Running,True
1779255820,productpage,v1,Running,True
1779255820,productpage,v1,Running,True
1779255820,productpage,v1,Running,True
1779255820,productpage,v1,Running,True
1779255820,productpage,v1,Running,True
1779255820,productpage,v1,Running,True
1779255820,productpage,v1,Running,True
1779255820,productpage,v1,Running,True
1779255820,productpage,v1,Running,True
1779255820,productpage,v1,Running,True
1779255820,productpage,v1,Running,True
1779255820,productpage,v1,Running,True
1779255820,productpage,v1,Running,True
1779255820,productpage,v1,Running,True
1779255820,productpage,v1,Running,True
1779255820,ratings,v1,Running,True
1779255820,reviews,v1,Running,True
1779255820,reviews,v2,Running,True
1779255820,reviews,v2,Running,True
1779255820,reviews,v2,Running,True
1779255820,reviews,v2,Running,True
1779255820,reviews,v2,Running,True
1779255820,reviews,v3,Running,True
1779255820,reviews,v3,Running,True
1779255820,reviews,v3,Running,True
1779255820,reviews,v3,Running,True
1779255820,reviews,v3,Running,True
1779255821,details,v1,Running,True
1779255821,details,v1,Running,True
1779255821,details,v1,Running,True
1779255821,details,v1,Running,True
1779255821,productpage,v1,Running,True
1779255821,productpage,v1,Running,True
1779255821,productpage,v1,Running,True
1779255821,productpage,v1,Running,True
1779255821,productpage,v1,Running,True
1779255821,productpage,v1,Running,True
1779255821,productpage,v1,Running,True
1779255821,productpage,v1,Running,True
1779255821,productpage,v1,Running,True
1779255821,productpage,v1,Running,True
1779255821,productpage,v1,Running,True
1779255821,productpage,v1,Running,True
1779255821,productpage,v1,Running,True
1779255821,productpage,v1,Running,True
1779255821,productpage,v1,Running,True
1779255821,productpage,v1,Running,True
1779255821,productpage,v1,Running,True
1779255821,productpage,v1,Running,True
1779255821,productpage,v1,Running,True
1779255821,productpage,v1,Running,True
1779255821,ratings,v1,Running,True
1779255821,reviews,v1,Running,True
1779255821,reviews,v2,Running,True
1779255821,reviews,v2,Running,True
1779255821,reviews,v2,Running,True
1779255821,reviews,v2,Running,True
1779255821,reviews,v2,Running,True
1779255821,reviews,v3,Running,True
1779255821,reviews,v3,Running,True
1779255821,reviews,v3,Running,True
1779255821,reviews,v3,Running,True
1779255821,reviews,v3,Running,True
1779255822,details,v1,Running,True
1779255822,details,v1,Running,True
1779255822,details,v1,Running,True
1779255822,details,v1,Running,True
1779255822,productpage,v1,Running,True
1779255822,productpage,v1,Running,True
1779255822,productpage,v1,Running,True
1779255822,productpage,v1,Running,True
1779255822,productpage,v1,Running,True
1779255822,productpage,v1,Running,True
1779255822,productpage,v1,Running,True
1779255822,productpage,v1,Running,True
1779255822,productpage,v1,Running,True
1779255822,productpage,v1,Running,True
1779255822,productpage,v1,Running,True
1779255822,productpage,v1,Running,True
1779255822,productpage,v1,Running,True
1779255822,productpage,v1,Running,True
1779255822,productpage,v1,Running,True
1779255822,productpage,v1,Running,True
1779255822,productpage,v1,Running,True
1779255822,productpage,v1,Running,True
1779255822,productpage,v1,Running,True
1779255822,productpage,v1,Running,True
1779255822,ratings,v1,Running,True
1779255822,reviews,v1,Running,True
1779255822,reviews,v2,Running,True
1779255822,reviews,v2,Running,True
1779255822,reviews,v2,Running,True
1779255822,reviews,v2,Running,True
1779255822,reviews,v2,Running,True
1779255822,reviews,v3,Running,True
1779255822,reviews,v3,Running,True
1779255822,reviews,v3,Running,True
1779255822,reviews,v3,Running,True
1779255822,reviews,v3,Running,True
1779255823,details,v1,Running,True
1779255823,details,v1,Running,True
1779255823,details,v1,Running,True
1779255823,details,v1,Running,True
1779255823,productpage,v1,Running,True
1779255823,productpage,v1,Running,True
1779255823,productpage,v1,Running,True
1779255823,productpage,v1,Running,True
1779255823,productpage,v1,Running,True
1779255823,productpage,v1,Running,True
1779255823,productpage,v1,Running,True
1779255823,productpage,v1,Running,True
1779255823,productpage,v1,Running,True
1779255823,productpage,v1,Running,True
1779255823,productpage,v1,Running,True
1779255823,productpage,v1,Running,True
1779255823,productpage,v1,Running,True
1779255823,productpage,v1,Running,True
1779255823,productpage,v1,Running,True
1779255823,productpage,v1,Running,True
1779255823,productpage,v1,Running,True
1779255823,productpage,v1,Running,True
1779255823,productpage,v1,Running,True
1779255823,productpage,v1,Running,True
1779255823,ratings,v1,Running,True
1779255823,reviews,v1,Running,True
1779255823,reviews,v2,Running,True
1779255823,reviews,v2,Running,True
1779255823,reviews,v2,Running,True
1779255823,reviews,v2,Running,True
1779255823,reviews,v2,Running,True
1779255823,reviews,v3,Running,True
1779255823,reviews,v3,Running,True
1779255823,reviews,v3,Running,True
1779255823,reviews,v3,Running,True
1779255823,reviews,v3,Running,True
1779255824,details,v1,Running,True
1779255824,details,v1,Running,True
1779255824,details,v1,Running,True
1779255824,details,v1,Running,True
1779255824,productpage,v1,Running,True
1779255824,productpage,v1,Running,True
1779255824,productpage,v1,Running,True
1779255824,productpage,v1,Running,True
1779255824,productpage,v1,Running,True
1779255824,productpage,v1,Running,True
1779255824,productpage,v1,Running,True
1779255824,productpage,v1,Running,True
1779255824,productpage,v1,Running,True
1779255824,productpage,v1,Running,True
1779255824,productpage,v1,Running,True
1779255824,productpage,v1,Running,True
1779255824,productpage,v1,Running,True
1779255824,productpage,v1,Running,True
1779255824,productpage,v1,Running,True
1779255824,productpage,v1,Running,True
1779255824,productpage,v1,Running,True
1779255824,productpage,v1,Running,True
1779255824,productpage,v1,Running,True
1779255824,productpage,v1,Running,True
1779255824,ratings,v1,Running,True
1779255824,reviews,v1,Running,True
1779255824,reviews,v2,Running,True
1779255824,reviews,v2,Running,True
1779255824,reviews,v2,Running,True
1779255824,reviews,v2,Running,True
1779255824,reviews,v2,Running,True
1779255824,reviews,v3,Running,True
1779255824,reviews,v3,Running,True
1779255824,reviews,v3,Running,True
1779255824,reviews,v3,Running,True
1779255824,reviews,v3,Running,True
1779255825,details,v1,Running,True
1779255825,details,v1,Running,True
1779255825,details,v1,Running,True
1779255825,details,v1,Running,True
1779255825,productpage,v1,Running,True
1779255825,productpage,v1,Running,True
1779255825,productpage,v1,Running,True
1779255825,productpage,v1,Running,True
1779255825,productpage,v1,Running,True
1779255825,productpage,v1,Running,True
1779255825,productpage,v1,Running,True
1779255825,productpage,v1,Running,True
1779255825,productpage,v1,Running,True
1779255825,productpage,v1,Running,True
1779255825,productpage,v1,Running,True
1779255825,productpage,v1,Running,True
1779255825,productpage,v1,Running,True
1779255825,productpage,v1,Running,True
1779255825,productpage,v1,Running,True
1779255825,productpage,v1,Running,True
1779255825,productpage,v1,Running,True
1779255825,productpage,v1,Running,True
1779255825,productpage,v1,Running,True
1779255825,productpage,v1,Running,True
1779255825,ratings,v1,Running,True
1779255825,reviews,v1,Running,True
1779255825,reviews,v2,Running,True
1779255825,reviews,v2,Running,True
1779255825,reviews,v2,Running,True
1779255825,reviews,v2,Running,True
1779255825,reviews,v2,Running,True
1779255825,reviews,v3,Running,True
1779255825,reviews,v3,Running,True
1779255825,reviews,v3,Running,True
1779255825,reviews,v3,Running,True
1779255825,reviews,v3,Running,True
1779255826,details,v1,Running,True
1779255826,details,v1,Running,True
1779255826,details,v1,Running,True
1779255826,details,v1,Running,True
1779255826,productpage,v1,Running,True
1779255826,productpage,v1,Running,True
1779255826,productpage,v1,Running,True
1779255826,productpage,v1,Running,True
1779255826,productpage,v1,Running,True
1779255826,productpage,v1,Running,True
1779255826,productpage,v1,Running,True
1779255826,productpage,v1,Running,True
1779255826,productpage,v1,Running,True
1779255826,productpage,v1,Running,True
1779255826,productpage,v1,Running,True
1779255826,productpage,v1,Running,True
1779255826,productpage,v1,Running,True
1779255826,productpage,v1,Running,True
1779255826,productpage,v1,Running,True
1779255826,productpage,v1,Running,True
1779255826,productpage,v1,Running,True
1779255826,productpage,v1,Running,True
1779255826,productpage,v1,Running,True
1779255826,productpage,v1,Running,True
1779255826,ratings,v1,Running,True
1779255826,reviews,v1,Running,True
1779255826,reviews,v2,Running,True
1779255826,reviews,v2,Running,True
1779255826,reviews,v2,Running,True
1779255826,reviews,v2,Running,True
1779255826,reviews,v2,Running,True
1779255826,reviews,v3,Running,True
1779255826,reviews,v3,Running,True
1779255826,reviews,v3,Running,True
1779255826,reviews,v3,Running,True
1779255826,reviews,v3,Running,True
1779255827,details,v1,Running,True
1779255827,details,v1,Running,True
1779255827,details,v1,Running,True
1779255827,details,v1,Running,True
1779255827,productpage,v1,Running,True
1779255827,productpage,v1,Running,True
1779255827,productpage,v1,Running,True
1779255827,productpage,v1,Running,True
1779255827,productpage,v1,Running,True
1779255827,productpage,v1,Running,True
1779255827,productpage,v1,Running,True
1779255827,productpage,v1,Running,True
1779255827,productpage,v1,Running,True
1779255827,productpage,v1,Running,True
1779255827,productpage,v1,Running,True
1779255827,productpage,v1,Running,True
1779255827,productpage,v1,Running,True
1779255827,productpage,v1,Running,True
1779255827,productpage,v1,Running,True
1779255827,productpage,v1,Running,True
1779255827,productpage,v1,Running,True
1779255827,productpage,v1,Running,True
1779255827,productpage,v1,Running,True
1779255827,productpage,v1,Running,True
1779255827,ratings,v1,Running,True
1779255827,reviews,v1,Running,True
1779255827,reviews,v2,Running,True
1779255827,reviews,v2,Running,True
1779255827,reviews,v2,Running,True
1779255827,reviews,v2,Running,True
1779255827,reviews,v2,Running,True
1779255827,reviews,v3,Running,True
1779255827,reviews,v3,Running,True
1779255827,reviews,v3,Running,True
1779255827,reviews,v3,Running,True
1779255827,reviews,v3,Running,True
1779255828,details,v1,Running,True
1779255828,details,v1,Running,True
1779255828,details,v1,Running,True
1779255828,details,v1,Running,True
1779255828,productpage,v1,Running,True
1779255828,productpage,v1,Running,True
1779255828,productpage,v1,Running,True
1779255828,productpage,v1,Running,True
1779255828,productpage,v1,Running,True
1779255828,productpage,v1,Running,True
1779255828,productpage,v1,Running,True
1779255828,productpage,v1,Running,True
1779255828,productpage,v1,Running,True
1779255828,productpage,v1,Running,True
1779255828,productpage,v1,Running,True
1779255828,productpage,v1,Running,True
1779255828,productpage,v1,Running,True
1779255828,productpage,v1,Running,True
1779255828,productpage,v1,Running,True
1779255828,productpage,v1,Running,True
1779255828,productpage,v1,Running,True
1779255828,productpage,v1,Running,True
1779255828,productpage,v1,Running,True
1779255828,productpage,v1,Running,True
1779255828,ratings,v1,Running,True
1779255828,reviews,v1,Running,True
1779255828,reviews,v2,Running,True
1779255828,reviews,v2,Running,True
1779255828,reviews,v2,Running,True
1779255828,reviews,v2,Running,True
1779255828,reviews,v2,Running,True
1779255828,reviews,v3,Running,True
1779255828,reviews,v3,Running,True
1779255828,reviews,v3,Running,True
1779255828,reviews,v3,Running,True
1779255828,reviews,v3,Running,True
1779255829,details,v1,Running,True
1779255829,details,v1,Running,True
1779255829,details,v1,Running,True
1779255829,details,v1,Running,True
1779255829,productpage,v1,Running,True
1779255829,productpage,v1,Running,True
1779255829,productpage,v1,Running,True
1779255829,productpage,v1,Running,True
1779255829,productpage,v1,Running,True
1779255829,productpage,v1,Running,True
1779255829,productpage,v1,Running,True
1779255829,productpage,v1,Running,True
1779255829,productpage,v1,Running,True
1779255829,productpage,v1,Running,True
1779255829,productpage,v1,Running,True
1779255829,productpage,v1,Running,True
1779255829,productpage,v1,Running,True
1779255829,productpage,v1,Running,True
1779255829,productpage,v1,Running,True
1779255829,productpage,v1,Running,True
1779255829,productpage,v1,Running,True
1779255829,productpage,v1,Running,True
1779255829,productpage,v1,Running,True
1779255829,productpage,v1,Running,True
1779255829,ratings,v1,Running,True
1779255829,reviews,v1,Running,True
1779255829,reviews,v2,Running,True
1779255829,reviews,v2,Running,True
1779255829,reviews,v2,Running,True
1779255829,reviews,v2,Running,True
1779255829,reviews,v2,Running,True
1779255829,reviews,v3,Running,True
1779255829,reviews,v3,Running,True
1779255829,reviews,v3,Running,True
1779255829,reviews,v3,Running,True
1779255829,reviews,v3,Running,True
1779255830,details,v1,Running,True
1779255830,details,v1,Running,True
1779255830,details,v1,Running,True
1779255830,details,v1,Running,True
1779255830,productpage,v1,Running,True
1779255830,productpage,v1,Running,True
1779255830,productpage,v1,Running,True
1779255830,productpage,v1,Running,True
1779255830,productpage,v1,Running,True
1779255830,productpage,v1,Running,True
1779255830,productpage,v1,Running,True
1779255830,productpage,v1,Running,True
1779255830,productpage,v1,Running,True
1779255830,productpage,v1,Running,True
1779255830,productpage,v1,Running,True
1779255830,productpage,v1,Running,True
1779255830,productpage,v1,Running,True
1779255830,productpage,v1,Running,True
1779255830,productpage,v1,Running,True
1779255830,productpage,v1,Running,True
1779255830,productpage,v1,Running,True
1779255830,productpage,v1,Running,True
1779255830,productpage,v1,Running,True
1779255830,productpage,v1,Running,True
1779255830,ratings,v1,Running,True
1779255830,reviews,v1,Running,True
1779255830,reviews,v2,Running,True
1779255830,reviews,v2,Running,True
1779255830,reviews,v2,Running,True
1779255830,reviews,v2,Running,True
1779255830,reviews,v2,Running,True
1779255830,reviews,v3,Running,True
1779255830,reviews,v3,Running,True
1779255830,reviews,v3,Running,True
1779255830,reviews,v3,Running,True
1779255830,reviews,v3,Running,True
1779255831,details,v1,Running,True
1779255831,details,v1,Running,True
1779255831,details,v1,Running,True
1779255831,details,v1,Running,True
1779255831,productpage,v1,Running,True
1779255831,productpage,v1,Running,True
1779255831,productpage,v1,Running,True
1779255831,productpage,v1,Running,True
1779255831,productpage,v1,Running,True
1779255831,productpage,v1,Running,True
1779255831,productpage,v1,Running,True
1779255831,productpage,v1,Running,True
1779255831,productpage,v1,Running,True
1779255831,productpage,v1,Running,True
1779255831,productpage,v1,Running,True
1779255831,productpage,v1,Running,True
1779255831,productpage,v1,Running,True
1779255831,productpage,v1,Running,True
1779255831,productpage,v1,Running,True
1779255831,productpage,v1,Running,True
1779255831,productpage,v1,Running,True
1779255831,productpage,v1,Running,True
1779255831,productpage,v1,Running,True
1779255831,productpage,v1,Running,True
1779255831,ratings,v1,Running,True
1779255831,reviews,v1,Running,True
1779255831,reviews,v2,Running,True
1779255831,reviews,v2,Running,True
1779255831,reviews,v2,Running,True
1779255831,reviews,v2,Running,True
1779255831,reviews,v2,Running,True
1779255831,reviews,v3,Running,True
1779255831,reviews,v3,Running,True
1779255831,reviews,v3,Running,True
1779255831,reviews,v3,Running,True
1779255831,reviews,v3,Running,True
1779255832,details,v1,Running,True
1779255832,details,v1,Running,True
1779255832,details,v1,Running,True
1779255832,details,v1,Running,True
1779255832,productpage,v1,Running,True
1779255832,productpage,v1,Running,True
1779255832,productpage,v1,Running,True
1779255832,productpage,v1,Running,True
1779255832,productpage,v1,Running,True
1779255832,productpage,v1,Running,True
1779255832,productpage,v1,Running,True
1779255832,productpage,v1,Running,True
1779255832,productpage,v1,Running,True
1779255832,productpage,v1,Running,True
1779255832,productpage,v1,Running,True
1779255832,productpage,v1,Running,True
1779255832,productpage,v1,Running,True
1779255832,productpage,v1,Running,True
1779255832,productpage,v1,Running,True
1779255832,productpage,v1,Running,True
1779255832,productpage,v1,Running,True
1779255832,productpage,v1,Running,True
1779255832,productpage,v1,Running,True
1779255832,productpage,v1,Running,True
1779255832,ratings,v1,Running,True
1779255832,reviews,v1,Running,True
1779255832,reviews,v2,Running,True
1779255832,reviews,v2,Running,True
1779255832,reviews,v2,Running,True
1779255832,reviews,v2,Running,True
1779255832,reviews,v2,Running,True
1779255832,reviews,v3,Running,True
1779255832,reviews,v3,Running,True
1779255832,reviews,v3,Running,True
1779255832,reviews,v3,Running,True
1779255832,reviews,v3,Running,True
1779255833,details,v1,Running,True
1779255833,details,v1,Running,True
1779255833,details,v1,Running,True
1779255833,details,v1,Running,True
1779255833,productpage,v1,Running,True
1779255833,productpage,v1,Running,True
1779255833,productpage,v1,Running,True
1779255833,productpage,v1,Running,True
1779255833,productpage,v1,Running,True
1779255833,productpage,v1,Running,True
1779255833,productpage,v1,Running,True
1779255833,productpage,v1,Running,True
1779255833,productpage,v1,Running,True
1779255833,productpage,v1,Running,True
1779255833,productpage,v1,Running,True
1779255833,productpage,v1,Running,True
1779255833,productpage,v1,Running,True
1779255833,productpage,v1,Running,True
1779255833,productpage,v1,Running,True
1779255833,productpage,v1,Running,True
1779255833,productpage,v1,Running,True
1779255833,productpage,v1,Running,True
1779255833,productpage,v1,Running,True
1779255833,productpage,v1,Running,True
1779255833,ratings,v1,Running,True
1779255833,reviews,v1,Running,True
1779255833,reviews,v2,Running,True
1779255833,reviews,v2,Running,True
1779255833,reviews,v2,Running,True
1779255833,reviews,v2,Running,True
1779255833,reviews,v2,Running,True
1779255833,reviews,v3,Running,True
1779255833,reviews,v3,Running,True
1779255833,reviews,v3,Running,True
1779255833,reviews,v3,Running,True
1779255833,reviews,v3,Running,True
1779255834,details,v1,Running,True
1779255834,details,v1,Running,True
1779255834,details,v1,Running,True
1779255834,details,v1,Running,True
1779255834,productpage,v1,Running,True
1779255834,productpage,v1,Running,True
1779255834,productpage,v1,Running,True
1779255834,productpage,v1,Running,True
1779255834,productpage,v1,Running,True
1779255834,productpage,v1,Running,True
1779255834,productpage,v1,Running,True
1779255834,productpage,v1,Running,True
1779255834,productpage,v1,Running,True
1779255834,productpage,v1,Running,True
1779255834,productpage,v1,Running,True
1779255834,productpage,v1,Running,True
1779255834,productpage,v1,Running,True
1779255834,productpage,v1,Running,True
1779255834,productpage,v1,Running,True
1779255834,productpage,v1,Running,True
1779255834,productpage,v1,Running,True
1779255834,productpage,v1,Running,True
1779255834,productpage,v1,Running,True
1779255834,productpage,v1,Running,True
1779255834,ratings,v1,Running,True
1779255834,reviews,v1,Running,True
1779255834,reviews,v2,Running,True
1779255834,reviews,v2,Running,True
1779255834,reviews,v2,Running,True
1779255834,reviews,v2,Running,True
1779255834,reviews,v2,Running,True
1779255834,reviews,v3,Running,True
1779255834,reviews,v3,Running,True
1779255834,reviews,v3,Running,True
1779255834,reviews,v3,Running,True
1779255834,reviews,v3,Running,True
1779255835,details,v1,Running,True
1779255835,details,v1,Running,True
1779255835,details,v1,Running,True
1779255835,details,v1,Running,True
1779255835,productpage,v1,Running,True
1779255835,productpage,v1,Running,True
1779255835,productpage,v1,Running,True
1779255835,productpage,v1,Running,True
1779255835,productpage,v1,Running,True
1779255835,productpage,v1,Running,True
1779255835,productpage,v1,Running,True
1779255835,productpage,v1,Running,True
1779255835,productpage,v1,Running,True
1779255835,productpage,v1,Running,True
1779255835,productpage,v1,Running,True
1779255835,productpage,v1,Running,True
1779255835,productpage,v1,Running,True
1779255835,productpage,v1,Running,True
1779255835,productpage,v1,Running,True
1779255835,productpage,v1,Running,True
1779255835,productpage,v1,Running,True
1779255835,productpage,v1,Running,True
1779255835,productpage,v1,Running,True
1779255835,productpage,v1,Running,True
1779255835,ratings,v1,Running,True
1779255835,reviews,v1,Running,True
1779255835,reviews,v2,Running,True
1779255835,reviews,v2,Running,True
1779255835,reviews,v2,Running,True
1779255835,reviews,v2,Running,True
1779255835,reviews,v2,Running,True
1779255835,reviews,v3,Running,True
1779255835,reviews,v3,Running,True
1779255835,reviews,v3,Running,True
1779255835,reviews,v3,Running,True
1779255835,reviews,v3,Running,True
1779255836,details,v1,Running,True
1779255836,details,v1,Running,True
1779255836,details,v1,Running,True
1779255836,details,v1,Running,True
1779255836,productpage,v1,Running,True
1779255836,productpage,v1,Running,True
1779255836,productpage,v1,Running,True
1779255836,productpage,v1,Running,True
1779255836,productpage,v1,Running,True
1779255836,productpage,v1,Running,True
1779255836,productpage,v1,Running,True
1779255836,productpage,v1,Running,True
1779255836,productpage,v1,Running,True
1779255836,productpage,v1,Running,True
1779255836,productpage,v1,Running,True
1779255836,productpage,v1,Running,True
1779255836,productpage,v1,Running,True
1779255836,productpage,v1,Running,True
1779255836,productpage,v1,Running,True
1779255836,productpage,v1,Running,True
1779255836,productpage,v1,Running,True
1779255836,productpage,v1,Running,True
1779255836,productpage,v1,Running,True
1779255836,productpage,v1,Running,True
1779255836,ratings,v1,Running,True
1779255836,reviews,v1,Running,True
1779255836,reviews,v2,Running,True
1779255836,reviews,v2,Running,True
1779255836,reviews,v2,Running,True
1779255836,reviews,v2,Running,True
1779255836,reviews,v2,Running,True
1779255836,reviews,v3,Running,True
1779255836,reviews,v3,Running,True
1779255836,reviews,v3,Running,True
1779255836,reviews,v3,Running,True
1779255836,reviews,v3,Running,True
1779255837,details,v1,Running,True
1779255837,details,v1,Running,True
1779255837,details,v1,Running,True
1779255837,details,v1,Running,True
1779255837,productpage,v1,Running,True
1779255837,productpage,v1,Running,True
1779255837,productpage,v1,Running,True
1779255837,productpage,v1,Running,True
1779255837,productpage,v1,Running,True
1779255837,productpage,v1,Running,True
1779255837,productpage,v1,Running,True
1779255837,productpage,v1,Running,True
1779255837,productpage,v1,Running,True
1779255837,productpage,v1,Running,True
1779255837,productpage,v1,Running,True
1779255837,productpage,v1,Running,True
1779255837,productpage,v1,Running,True
1779255837,productpage,v1,Running,True
1779255837,productpage,v1,Running,True
1779255837,productpage,v1,Running,True
1779255837,productpage,v1,Running,True
1779255837,productpage,v1,Running,True
1779255837,productpage,v1,Running,True
1779255837,productpage,v1,Running,True
1779255837,ratings,v1,Running,True
1779255837,reviews,v1,Running,True
1779255837,reviews,v2,Running,True
1779255837,reviews,v2,Running,True
1779255837,reviews,v2,Running,True
1779255837,reviews,v2,Running,True
1779255837,reviews,v2,Running,True
1779255837,reviews,v3,Running,True
1779255837,reviews,v3,Running,True
1779255837,reviews,v3,Running,True
1779255837,reviews,v3,Running,True
1779255837,reviews,v3,Running,True
1779255838,details,v1,Running,True
1779255838,details,v1,Running,True
1779255838,details,v1,Running,True
1779255838,details,v1,Running,True
1779255838,productpage,v1,Running,True
1779255838,productpage,v1,Running,True
1779255838,productpage,v1,Running,True
1779255838,productpage,v1,Running,True
1779255838,productpage,v1,Running,True
1779255838,productpage,v1,Running,True
1779255838,productpage,v1,Running,True
1779255838,productpage,v1,Running,True
1779255838,productpage,v1,Running,True
1779255838,productpage,v1,Running,True
1779255838,productpage,v1,Running,True
1779255838,productpage,v1,Running,True
1779255838,productpage,v1,Running,True
1779255838,productpage,v1,Running,True
1779255838,productpage,v1,Running,True
1779255838,productpage,v1,Running,True
1779255838,productpage,v1,Running,True
1779255838,productpage,v1,Running,True
1779255838,productpage,v1,Running,True
1779255838,productpage,v1,Running,True
1779255838,ratings,v1,Running,True
1779255838,reviews,v1,Running,True
1779255838,reviews,v2,Running,True
1779255838,reviews,v2,Running,True
1779255838,reviews,v2,Running,True
1779255838,reviews,v2,Running,True
1779255838,reviews,v2,Running,True
1779255838,reviews,v3,Running,True
1779255838,reviews,v3,Running,True
1779255838,reviews,v3,Running,True
1779255838,reviews,v3,Running,True
1779255838,reviews,v3,Running,True
1779255839,details,v1,Running,True
1779255839,details,v1,Running,True
1779255839,details,v1,Running,True
1779255839,details,v1,Running,True
1779255839,productpage,v1,Running,True
1779255839,productpage,v1,Running,True
1779255839,productpage,v1,Running,True
1779255839,productpage,v1,Running,True
1779255839,productpage,v1,Running,True
1779255839,productpage,v1,Running,True
1779255839,productpage,v1,Running,True
1779255839,productpage,v1,Running,True
1779255839,productpage,v1,Running,True
1779255839,productpage,v1,Running,True
1779255839,productpage,v1,Running,True
1779255839,productpage,v1,Running,True
1779255839,productpage,v1,Running,True
1779255839,productpage,v1,Running,True
1779255839,productpage,v1,Running,True
1779255839,productpage,v1,Running,True
1779255839,productpage,v1,Running,True
1779255839,productpage,v1,Running,True
1779255839,productpage,v1,Running,True
1779255839,productpage,v1,Running,True
1779255839,ratings,v1,Running,True
1779255839,reviews,v1,Running,True
1779255839,reviews,v2,Running,True
1779255839,reviews,v2,Running,True
1779255839,reviews,v2,Running,True
1779255839,reviews,v2,Running,True
1779255839,reviews,v2,Running,True
1779255839,reviews,v3,Running,True
1779255839,reviews,v3,Running,True
1779255839,reviews,v3,Running,True
1779255839,reviews,v3,Running,True
1779255839,reviews,v3,Running,True
1779255840,details,v1,Running,True
1779255840,details,v1,Running,True
1779255840,details,v1,Running,True
1779255840,details,v1,Running,True
1779255840,productpage,v1,Running,True
1779255840,productpage,v1,Running,True
1779255840,productpage,v1,Running,True
1779255840,productpage,v1,Running,True
1779255840,productpage,v1,Running,True
1779255840,productpage,v1,Running,True
1779255840,productpage,v1,Running,True
1779255840,productpage,v1,Running,True
1779255840,productpage,v1,Running,True
1779255840,productpage,v1,Running,True
1779255840,productpage,v1,Running,True
1779255840,productpage,v1,Running,True
1779255840,productpage,v1,Running,True
1779255840,productpage,v1,Running,True
1779255840,productpage,v1,Running,True
1779255840,productpage,v1,Running,True
1779255840,productpage,v1,Running,True
1779255840,productpage,v1,Running,True
1779255840,productpage,v1,Running,True
1779255840,productpage,v1,Running,True
1779255840,ratings,v1,Running,True
1779255840,reviews,v1,Running,True
1779255840,reviews,v2,Running,True
1779255840,reviews,v2,Running,True
1779255840,reviews,v2,Running,True
1779255840,reviews,v2,Running,True
1779255840,reviews,v2,Running,True
1779255840,reviews,v3,Running,True
1779255840,reviews,v3,Running,True
1779255840,reviews,v3,Running,True
1779255840,reviews,v3,Running,True
1779255840,reviews,v3,Running,True
1779255841,details,v1,Running,True
1779255841,details,v1,Running,True
1779255841,details,v1,Running,True
1779255841,details,v1,Running,True
1779255841,productpage,v1,Running,True
1779255841,productpage,v1,Running,True
1779255841,productpage,v1,Running,True
1779255841,productpage,v1,Running,True
1779255841,productpage,v1,Running,True
1779255841,productpage,v1,Running,True
1779255841,productpage,v1,Running,True
1779255841,productpage,v1,Running,True
1779255841,productpage,v1,Running,True
1779255841,productpage,v1,Running,True
1779255841,productpage,v1,Running,True
1779255841,productpage,v1,Running,True
1779255841,productpage,v1,Running,True
1779255841,productpage,v1,Running,True
1779255841,productpage,v1,Running,True
1779255841,productpage,v1,Running,True
1779255841,productpage,v1,Running,True
1779255841,productpage,v1,Running,True
1779255841,productpage,v1,Running,True
1779255841,productpage,v1,Running,True
1779255841,ratings,v1,Running,True
1779255841,reviews,v1,Running,True
1779255841,reviews,v2,Running,True
1779255841,reviews,v2,Running,True
1779255841,reviews,v2,Running,True
1779255841,reviews,v2,Running,True
1779255841,reviews,v2,Running,True
1779255841,reviews,v3,Running,True
1779255841,reviews,v3,Running,True
1779255841,reviews,v3,Running,True
1779255841,reviews,v3,Running,True
1779255841,reviews,v3,Running,True
1779255842,details,v1,Running,True
1779255842,details,v1,Running,True
1779255842,details,v1,Running,True
1779255842,details,v1,Running,True
1779255842,productpage,v1,Running,True
1779255842,productpage,v1,Running,True
1779255842,productpage,v1,Running,True
1779255842,productpage,v1,Running,True
1779255842,productpage,v1,Running,True
1779255842,productpage,v1,Running,True
1779255842,productpage,v1,Running,True
1779255842,productpage,v1,Running,True
1779255842,productpage,v1,Running,True
1779255842,productpage,v1,Running,True
1779255842,productpage,v1,Running,True
1779255842,productpage,v1,Running,True
1779255842,productpage,v1,Running,True
1779255842,productpage,v1,Running,True
1779255842,productpage,v1,Running,True
1779255842,productpage,v1,Running,True
1779255842,productpage,v1,Running,True
1779255842,productpage,v1,Running,True
1779255842,productpage,v1,Running,True
1779255842,productpage,v1,Running,True
1779255842,ratings,v1,Running,True
1779255842,reviews,v1,Running,True
1779255842,reviews,v2,Running,True
1779255842,reviews,v2,Running,True
1779255842,reviews,v2,Running,True
1779255842,reviews,v2,Running,True
1779255842,reviews,v2,Running,True
1779255842,reviews,v3,Running,True
1779255842,reviews,v3,Running,True
1779255842,reviews,v3,Running,True
1779255842,reviews,v3,Running,True
1779255842,reviews,v3,Running,True
1779255843,details,v1,Running,True
1779255843,details,v1,Running,True
1779255843,details,v1,Running,True
1779255843,details,v1,Running,True
1779255843,productpage,v1,Running,True
1779255843,productpage,v1,Running,True
1779255843,productpage,v1,Running,True
1779255843,productpage,v1,Running,True
1779255843,productpage,v1,Running,True
1779255843,productpage,v1,Running,True
1779255843,productpage,v1,Running,True
1779255843,productpage,v1,Running,True
1779255843,productpage,v1,Running,True
1779255843,productpage,v1,Running,True
1779255843,productpage,v1,Running,True
1779255843,productpage,v1,Running,True
1779255843,productpage,v1,Running,True
1779255843,productpage,v1,Running,True
1779255843,productpage,v1,Running,True
1779255843,productpage,v1,Running,True
1779255843,productpage,v1,Running,True
1779255843,productpage,v1,Running,True
1779255843,productpage,v1,Running,True
1779255843,productpage,v1,Running,True
1779255843,ratings,v1,Running,True
1779255843,reviews,v1,Running,True
1779255843,reviews,v2,Running,True
1779255843,reviews,v2,Running,True
1779255843,reviews,v2,Running,True
1779255843,reviews,v2,Running,True
1779255843,reviews,v2,Running,True
1779255843,reviews,v3,Running,True
1779255843,reviews,v3,Running,True
1779255843,reviews,v3,Running,True
1779255843,reviews,v3,Running,True
1779255843,reviews,v3,Running,True
1779255844,details,v1,Running,True
1779255844,details,v1,Running,True
1779255844,details,v1,Running,True
1779255844,details,v1,Running,True
1779255844,productpage,v1,Running,True
1779255844,productpage,v1,Running,True
1779255844,productpage,v1,Running,True
1779255844,productpage,v1,Running,True
1779255844,productpage,v1,Running,True
1779255844,productpage,v1,Running,True
1779255844,productpage,v1,Running,True
1779255844,productpage,v1,Running,True
1779255844,productpage,v1,Running,True
1779255844,productpage,v1,Running,True
1779255844,productpage,v1,Running,True
1779255844,productpage,v1,Running,True
1779255844,productpage,v1,Running,True
1779255844,productpage,v1,Running,True
1779255844,productpage,v1,Running,True
1779255844,productpage,v1,Running,True
1779255844,productpage,v1,Running,True
1779255844,productpage,v1,Running,True
1779255844,productpage,v1,Running,True
1779255844,productpage,v1,Running,True
1779255844,ratings,v1,Running,True
1779255844,reviews,v1,Running,True
1779255844,reviews,v2,Running,True
1779255844,reviews,v2,Running,True
1779255844,reviews,v2,Running,True
1779255844,reviews,v2,Running,True
1779255844,reviews,v2,Running,True
1779255844,reviews,v3,Running,True
1779255844,reviews,v3,Running,True
1779255844,reviews,v3,Running,True
1779255844,reviews,v3,Running,True
1779255844,reviews,v3,Running,True
1779255845,details,v1,Running,True
1779255845,details,v1,Running,True
1779255845,details,v1,Running,True
1779255845,details,v1,Running,True
1779255845,productpage,v1,Running,True
1779255845,productpage,v1,Running,True
1779255845,productpage,v1,Running,True
1779255845,productpage,v1,Running,True
1779255845,productpage,v1,Running,True
1779255845,productpage,v1,Running,True
1779255845,productpage,v1,Running,True
1779255845,productpage,v1,Running,True
1779255845,productpage,v1,Running,True
1779255845,productpage,v1,Running,True
1779255845,productpage,v1,Running,True
1779255845,productpage,v1,Running,True
1779255845,productpage,v1,Running,True
1779255845,productpage,v1,Running,True
1779255845,productpage,v1,Running,True
1779255845,productpage,v1,Running,True
1779255845,productpage,v1,Running,True
1779255845,productpage,v1,Running,True
1779255845,productpage,v1,Running,True
1779255845,productpage,v1,Running,True
1779255845,ratings,v1,Running,True
1779255845,reviews,v1,Running,True
1779255845,reviews,v2,Running,True
1779255845,reviews,v2,Running,True
1779255845,reviews,v2,Running,True
1779255845,reviews,v2,Running,True
1779255845,reviews,v2,Running,True
1779255845,reviews,v3,Running,True
1779255845,reviews,v3,Running,True
1779255845,reviews,v3,Running,True
1779255845,reviews,v3,Running,True
1779255845,reviews,v3,Running,True
1779255846,details,v1,Running,True
1779255846,details,v1,Running,True
1779255846,details,v1,Running,True
1779255846,details,v1,Running,True
1779255846,productpage,v1,Running,True
1779255846,productpage,v1,Running,True
1779255846,productpage,v1,Running,True
1779255846,productpage,v1,Running,True
1779255846,productpage,v1,Running,True
1779255846,productpage,v1,Running,True
1779255846,productpage,v1,Running,True
1779255846,productpage,v1,Running,True
1779255846,productpage,v1,Running,True
1779255846,productpage,v1,Running,True
1779255846,productpage,v1,Running,True
1779255846,productpage,v1,Running,True
1779255846,productpage,v1,Running,True
1779255846,productpage,v1,Running,True
1779255846,productpage,v1,Running,True
1779255846,productpage,v1,Running,True
1779255846,productpage,v1,Running,True
1779255846,productpage,v1,Running,True
1779255846,productpage,v1,Running,True
1779255846,productpage,v1,Running,True
1779255846,ratings,v1,Running,True
1779255846,reviews,v1,Running,True
1779255846,reviews,v2,Running,True
1779255846,reviews,v2,Running,True
1779255846,reviews,v2,Running,True
1779255846,reviews,v2,Running,True
1779255846,reviews,v2,Running,True
1779255846,reviews,v3,Running,True
1779255846,reviews,v3,Running,True
1779255846,reviews,v3,Running,True
1779255846,reviews,v3,Running,True
1779255846,reviews,v3,Running,True
1779255847,details,v1,Running,True
1779255847,details,v1,Running,True
1779255847,details,v1,Running,True
1779255847,details,v1,Running,True
1779255847,productpage,v1,Running,True
1779255847,productpage,v1,Running,True
1779255847,productpage,v1,Running,True
1779255847,productpage,v1,Running,True
1779255847,productpage,v1,Running,True
1779255847,productpage,v1,Running,True
1779255847,productpage,v1,Running,True
1779255847,productpage,v1,Running,True
1779255847,productpage,v1,Running,True
1779255847,productpage,v1,Running,True
1779255847,productpage,v1,Running,True
1779255847,productpage,v1,Running,True
1779255847,productpage,v1,Running,True
1779255847,productpage,v1,Running,True
1779255847,productpage,v1,Running,True
1779255847,productpage,v1,Running,True
1779255847,productpage,v1,Running,True
1779255847,productpage,v1,Running,True
1779255847,productpage,v1,Running,True
1779255847,productpage,v1,Running,True
1779255847,ratings,v1,Running,True
1779255847,reviews,v1,Running,True
1779255847,reviews,v2,Running,True
1779255847,reviews,v2,Running,True
1779255847,reviews,v2,Running,True
1779255847,reviews,v2,Running,True
1779255847,reviews,v2,Running,True
1779255847,reviews,v3,Running,True
1779255847,reviews,v3,Running,True
1779255847,reviews,v3,Running,True
1779255847,reviews,v3,Running,True
1779255847,reviews,v3,Running,True
1779255848,details,v1,Running,True
1779255848,details,v1,Running,True
1779255848,details,v1,Running,True
1779255848,details,v1,Running,True
1779255848,productpage,v1,Running,True
1779255848,productpage,v1,Running,True
1779255848,productpage,v1,Running,True
1779255848,productpage,v1,Running,True
1779255848,productpage,v1,Running,True
1779255848,productpage,v1,Running,True
1779255848,productpage,v1,Running,True
1779255848,productpage,v1,Running,True
1779255848,productpage,v1,Running,True
1779255848,productpage,v1,Running,True
1779255848,productpage,v1,Running,True
1779255848,productpage,v1,Running,True
1779255848,productpage,v1,Running,True
1779255848,productpage,v1,Running,True
1779255848,productpage,v1,Running,True
1779255848,productpage,v1,Running,True
1779255848,productpage,v1,Running,True
1779255848,productpage,v1,Running,True
1779255848,productpage,v1,Running,True
1779255848,productpage,v1,Running,True
1779255848,ratings,v1,Running,True
1779255848,reviews,v1,Running,True
1779255848,reviews,v2,Running,True
1779255848,reviews,v2,Running,True
1779255848,reviews,v2,Running,True
1779255848,reviews,v2,Running,True
1779255848,reviews,v2,Running,True
1779255848,reviews,v3,Running,True
1779255848,reviews,v3,Running,True
1779255848,reviews,v3,Running,True
1779255848,reviews,v3,Running,True
1779255848,reviews,v3,Running,True
1779255849,details,v1,Running,True
1779255849,details,v1,Running,True
1779255849,details,v1,Running,True
1779255849,details,v1,Running,True
1779255849,productpage,v1,Running,True
1779255849,productpage,v1,Running,True
1779255849,productpage,v1,Running,True
1779255849,productpage,v1,Running,True
1779255849,productpage,v1,Running,True
1779255849,productpage,v1,Running,True
1779255849,productpage,v1,Running,True
1779255849,productpage,v1,Running,True
1779255849,productpage,v1,Running,True
1779255849,productpage,v1,Running,True
1779255849,productpage,v1,Running,True
1779255849,productpage,v1,Running,True
1779255849,productpage,v1,Running,True
1779255849,productpage,v1,Running,True
1779255849,productpage,v1,Running,True
1779255849,productpage,v1,Running,True
1779255849,productpage,v1,Running,True
1779255849,productpage,v1,Running,True
1779255849,productpage,v1,Running,True
1779255849,productpage,v1,Running,True
1779255849,ratings,v1,Running,True
1779255849,reviews,v1,Running,True
1779255849,reviews,v2,Running,True
1779255849,reviews,v2,Running,True
1779255849,reviews,v2,Running,True
1779255849,reviews,v2,Running,True
1779255849,reviews,v2,Running,True
1779255849,reviews,v3,Running,True
1779255849,reviews,v3,Running,True
1779255849,reviews,v3,Running,True
1779255849,reviews,v3,Running,True
1779255849,reviews,v3,Running,True
1779255850,details,v1,Running,True
1779255850,details,v1,Running,True
1779255850,details,v1,Running,True
1779255850,details,v1,Running,True
1779255850,productpage,v1,Running,True
1779255850,productpage,v1,Running,True
1779255850,productpage,v1,Running,True
1779255850,productpage,v1,Running,True
1779255850,productpage,v1,Running,True
1779255850,productpage,v1,Running,True
1779255850,productpage,v1,Running,True
1779255850,productpage,v1,Running,True
1779255850,productpage,v1,Running,True
1779255850,productpage,v1,Running,True
1779255850,productpage,v1,Running,True
1779255850,productpage,v1,Running,True
1779255850,productpage,v1,Running,True
1779255850,productpage,v1,Running,True
1779255850,productpage,v1,Running,True
1779255850,productpage,v1,Running,True
1779255850,productpage,v1,Running,True
1779255850,productpage,v1,Running,True
1779255850,productpage,v1,Running,True
1779255850,productpage,v1,Running,True
1779255850,ratings,v1,Running,True
1779255850,reviews,v1,Running,True
1779255850,reviews,v2,Running,True
1779255850,reviews,v2,Running,True
1779255850,reviews,v2,Running,True
1779255850,reviews,v2,Running,True
1779255850,reviews,v2,Running,True
1779255850,reviews,v3,Running,True
1779255850,reviews,v3,Running,True
1779255850,reviews,v3,Running,True
1779255850,reviews,v3,Running,True
1779255850,reviews,v3,Running,True
1779255851,details,v1,Running,True
1779255851,details,v1,Running,True
1779255851,details,v1,Running,True
1779255851,details,v1,Running,True
1779255851,productpage,v1,Running,True
1779255851,productpage,v1,Running,True
1779255851,productpage,v1,Running,True
1779255851,productpage,v1,Running,True
1779255851,productpage,v1,Running,True
1779255851,productpage,v1,Running,True
1779255851,productpage,v1,Running,True
1779255851,productpage,v1,Running,True
1779255851,productpage,v1,Running,True
1779255851,productpage,v1,Running,True
1779255851,productpage,v1,Running,True
1779255851,productpage,v1,Running,True
1779255851,productpage,v1,Running,True
1779255851,productpage,v1,Running,True
1779255851,productpage,v1,Running,True
1779255851,productpage,v1,Running,True
1779255851,productpage,v1,Running,True
1779255851,productpage,v1,Running,True
1779255851,productpage,v1,Running,True
1779255851,productpage,v1,Running,True
1779255851,ratings,v1,Running,True
1779255851,reviews,v1,Running,True
1779255851,reviews,v2,Running,True
1779255851,reviews,v2,Running,True
1779255851,reviews,v2,Running,True
1779255851,reviews,v2,Running,True
1779255851,reviews,v2,Running,True
1779255851,reviews,v3,Running,True
1779255851,reviews,v3,Running,True
1779255851,reviews,v3,Running,True
1779255851,reviews,v3,Running,True
1779255851,reviews,v3,Running,True
1779255852,details,v1,Running,True
1779255852,details,v1,Running,True
1779255852,details,v1,Running,True
1779255852,details,v1,Running,True
1779255852,productpage,v1,Running,True
1779255852,productpage,v1,Running,True
1779255852,productpage,v1,Running,True
1779255852,productpage,v1,Running,True
1779255852,productpage,v1,Running,True
1779255852,productpage,v1,Running,True
1779255852,productpage,v1,Running,True
1779255852,productpage,v1,Running,True
1779255852,productpage,v1,Running,True
1779255852,productpage,v1,Running,True
1779255852,productpage,v1,Running,True
1779255852,productpage,v1,Running,True
1779255852,productpage,v1,Running,True
1779255852,productpage,v1,Running,True
1779255852,productpage,v1,Running,True
1779255852,productpage,v1,Running,True
1779255852,productpage,v1,Running,True
1779255852,productpage,v1,Running,True
1779255852,productpage,v1,Running,True
1779255852,productpage,v1,Running,True
1779255852,ratings,v1,Running,True
1779255852,reviews,v1,Running,True
1779255852,reviews,v2,Running,True
1779255852,reviews,v2,Running,True
1779255852,reviews,v2,Running,True
1779255852,reviews,v2,Running,True
1779255852,reviews,v2,Running,True
1779255852,reviews,v3,Running,True
1779255852,reviews,v3,Running,True
1779255852,reviews,v3,Running,True
1779255852,reviews,v3,Running,True
1779255852,reviews,v3,Running,True
1779255853,details,v1,Running,True
1779255853,details,v1,Running,True
1779255853,details,v1,Running,True
1779255853,details,v1,Running,True
1779255853,productpage,v1,Running,True
1779255853,productpage,v1,Running,True
1779255853,productpage,v1,Running,True
1779255853,productpage,v1,Running,True
1779255853,productpage,v1,Running,True
1779255853,productpage,v1,Running,True
1779255853,productpage,v1,Running,True
1779255853,productpage,v1,Running,True
1779255853,productpage,v1,Running,True
1779255853,productpage,v1,Running,True
1779255853,productpage,v1,Running,True
1779255853,productpage,v1,Running,True
1779255853,productpage,v1,Running,True
1779255853,productpage,v1,Running,True
1779255853,productpage,v1,Running,True
1779255853,productpage,v1,Running,True
1779255853,productpage,v1,Running,True
1779255853,productpage,v1,Running,True
1779255853,productpage,v1,Running,True
1779255853,productpage,v1,Running,True
1779255853,ratings,v1,Running,True
1779255853,reviews,v1,Running,True
1779255853,reviews,v2,Running,True
1779255853,reviews,v2,Running,True
1779255853,reviews,v2,Running,True
1779255853,reviews,v2,Running,True
1779255853,reviews,v2,Running,True
1779255853,reviews,v3,Running,True
1779255853,reviews,v3,Running,True
1779255853,reviews,v3,Running,True
1779255853,reviews,v3,Running,True
1779255853,reviews,v3,Running,True
1779255854,details,v1,Running,True
1779255854,details,v1,Running,True
1779255854,details,v1,Running,True
1779255854,details,v1,Running,True
1779255854,productpage,v1,Running,True
1779255854,productpage,v1,Running,True
1779255854,productpage,v1,Running,True
1779255854,productpage,v1,Running,True
1779255854,productpage,v1,Running,True
1779255854,productpage,v1,Running,True
1779255854,productpage,v1,Running,True
1779255854,productpage,v1,Running,True
1779255854,productpage,v1,Running,True
1779255854,productpage,v1,Running,True
1779255854,productpage,v1,Running,True
1779255854,productpage,v1,Running,True
1779255854,productpage,v1,Running,True
1779255854,productpage,v1,Running,True
1779255854,productpage,v1,Running,True
1779255854,productpage,v1,Running,True
1779255854,productpage,v1,Running,True
1779255854,productpage,v1,Running,True
1779255854,productpage,v1,Running,True
1779255854,productpage,v1,Running,True
1779255854,ratings,v1,Running,True
1779255854,reviews,v1,Running,True
1779255854,reviews,v2,Running,True
1779255854,reviews,v2,Running,True
1779255854,reviews,v2,Running,True
1779255854,reviews,v2,Running,True
1779255854,reviews,v2,Running,True
1779255854,reviews,v3,Running,True
1779255854,reviews,v3,Running,True
1779255854,reviews,v3,Running,True
1779255854,reviews,v3,Running,True
1779255854,reviews,v3,Running,True
1779255855,details,v1,Running,True
1779255855,details,v1,Running,True
1779255855,details,v1,Running,True
1779255855,details,v1,Running,True
1779255855,productpage,v1,Running,True
1779255855,productpage,v1,Running,True
1779255855,productpage,v1,Running,True
1779255855,productpage,v1,Running,True
1779255855,productpage,v1,Running,True
1779255855,productpage,v1,Running,True
1779255855,productpage,v1,Running,True
1779255855,productpage,v1,Running,True
1779255855,productpage,v1,Running,True
1779255855,productpage,v1,Running,True
1779255855,productpage,v1,Running,True
1779255855,productpage,v1,Running,True
1779255855,productpage,v1,Running,True
1779255855,productpage,v1,Running,True
1779255855,productpage,v1,Running,True
1779255855,productpage,v1,Running,True
1779255855,productpage,v1,Running,True
1779255855,productpage,v1,Running,True
1779255855,productpage,v1,Running,True
1779255855,productpage,v1,Running,True
1779255855,ratings,v1,Running,True
1779255855,reviews,v1,Running,True
1779255855,reviews,v2,Running,True
1779255855,reviews,v2,Running,True
1779255855,reviews,v2,Running,True
1779255855,reviews,v2,Running,True
1779255855,reviews,v2,Running,True
1779255855,reviews,v3,Running,True
1779255855,reviews,v3,Running,True
1779255855,reviews,v3,Running,True
1779255855,reviews,v3,Running,True
1779255855,reviews,v3,Running,True
1779255856,details,v1,Running,True
1779255856,details,v1,Running,True
1779255856,details,v1,Running,True
1779255856,details,v1,Running,True
1779255856,productpage,v1,Running,True
1779255856,productpage,v1,Running,True
1779255856,productpage,v1,Running,True
1779255856,productpage,v1,Running,True
1779255856,productpage,v1,Running,True
1779255856,productpage,v1,Running,True
1779255856,productpage,v1,Running,True
1779255856,productpage,v1,Running,True
1779255856,productpage,v1,Running,True
1779255856,productpage,v1,Running,True
1779255856,productpage,v1,Running,True
1779255856,productpage,v1,Running,True
1779255856,productpage,v1,Running,True
1779255856,productpage,v1,Running,True
1779255856,productpage,v1,Running,True
1779255856,productpage,v1,Running,True
1779255856,productpage,v1,Running,True
1779255856,productpage,v1,Running,True
1779255856,productpage,v1,Running,True
1779255856,productpage,v1,Running,True
1779255856,ratings,v1,Running,True
1779255856,reviews,v1,Running,True
1779255856,reviews,v2,Running,True
1779255856,reviews,v2,Running,True
1779255856,reviews,v2,Running,True
1779255856,reviews,v2,Running,True
1779255856,reviews,v2,Running,True
1779255856,reviews,v3,Running,True
1779255856,reviews,v3,Running,True
1779255856,reviews,v3,Running,True
1779255856,reviews,v3,Running,True
1779255856,reviews,v3,Running,True
1779255857,details,v1,Running,True
1779255857,details,v1,Running,True
1779255857,details,v1,Running,True
1779255857,details,v1,Running,True
1779255857,productpage,v1,Running,True
1779255857,productpage,v1,Running,True
1779255857,productpage,v1,Running,True
1779255857,productpage,v1,Running,True
1779255857,productpage,v1,Running,True
1779255857,productpage,v1,Running,True
1779255857,productpage,v1,Running,True
1779255857,productpage,v1,Running,True
1779255857,productpage,v1,Running,True
1779255857,productpage,v1,Running,True
1779255857,productpage,v1,Running,True
1779255857,productpage,v1,Running,True
1779255857,productpage,v1,Running,True
1779255857,productpage,v1,Running,True
1779255857,productpage,v1,Running,True
1779255857,productpage,v1,Running,True
1779255857,productpage,v1,Running,True
1779255857,productpage,v1,Running,True
1779255857,productpage,v1,Running,True
1779255857,productpage,v1,Running,True
1779255857,ratings,v1,Running,True
1779255857,reviews,v1,Running,True
1779255857,reviews,v2,Running,True
1779255857,reviews,v2,Running,True
1779255857,reviews,v2,Running,True
1779255857,reviews,v2,Running,True
1779255857,reviews,v2,Running,True
1779255857,reviews,v3,Running,True
1779255857,reviews,v3,Running,True
1779255857,reviews,v3,Running,True
1779255857,reviews,v3,Running,True
1779255857,reviews,v3,Running,True
1779255858,details,v1,Running,True
1779255858,details,v1,Running,True
1779255858,details,v1,Running,True
1779255858,details,v1,Running,True
1779255858,productpage,v1,Running,True
1779255858,productpage,v1,Running,True
1779255858,productpage,v1,Running,True
1779255858,productpage,v1,Running,True
1779255858,productpage,v1,Running,True
1779255858,productpage,v1,Running,True
1779255858,productpage,v1,Running,True
1779255858,productpage,v1,Running,True
1779255858,productpage,v1,Running,True
1779255858,productpage,v1,Running,True
1779255858,productpage,v1,Running,True
1779255858,productpage,v1,Running,True
1779255858,productpage,v1,Running,True
1779255858,productpage,v1,Running,True
1779255858,productpage,v1,Running,True
1779255858,productpage,v1,Running,True
1779255858,productpage,v1,Running,True
1779255858,productpage,v1,Running,True
1779255858,productpage,v1,Running,True
1779255858,productpage,v1,Running,True
1779255858,ratings,v1,Running,True
1779255858,reviews,v1,Running,True
1779255858,reviews,v2,Running,True
1779255858,reviews,v2,Running,True
1779255858,reviews,v2,Running,True
1779255858,reviews,v2,Running,True
1779255858,reviews,v2,Running,True
1779255858,reviews,v3,Running,True
1779255858,reviews,v3,Running,True
1779255858,reviews,v3,Running,True
1779255858,reviews,v3,Running,True
1779255858,reviews,v3,Running,True
1779255859,details,v1,Running,True
1779255859,details,v1,Running,True
1779255859,details,v1,Running,True
1779255859,details,v1,Running,True
1779255859,productpage,v1,Running,True
1779255859,productpage,v1,Running,True
1779255859,productpage,v1,Running,True
1779255859,productpage,v1,Running,True
1779255859,productpage,v1,Running,True
1779255859,productpage,v1,Running,True
1779255859,productpage,v1,Running,True
1779255859,productpage,v1,Running,True
1779255859,productpage,v1,Running,True
1779255859,productpage,v1,Running,True
1779255859,productpage,v1,Running,True
1779255859,productpage,v1,Running,True
1779255859,productpage,v1,Running,True
1779255859,productpage,v1,Running,True
1779255859,productpage,v1,Running,True
1779255859,productpage,v1,Running,True
1779255859,productpage,v1,Running,True
1779255859,productpage,v1,Running,True
1779255859,productpage,v1,Running,True
1779255859,productpage,v1,Running,True
1779255859,ratings,v1,Running,True
1779255859,reviews,v1,Running,True
1779255859,reviews,v2,Running,True
1779255859,reviews,v2,Running,True
1779255859,reviews,v2,Running,True
1779255859,reviews,v2,Running,True
1779255859,reviews,v2,Running,True
1779255859,reviews,v3,Running,True
1779255859,reviews,v3,Running,True
1779255859,reviews,v3,Running,True
1779255859,reviews,v3,Running,True
1779255859,reviews,v3,Running,True
1779255860,details,v1,Running,True
1779255860,details,v1,Running,True
1779255860,details,v1,Running,True
1779255860,details,v1,Running,True
1779255860,productpage,v1,Running,True
1779255860,productpage,v1,Running,True
1779255860,productpage,v1,Running,True
1779255860,productpage,v1,Running,True
1779255860,productpage,v1,Running,True
1779255860,productpage,v1,Running,True
1779255860,productpage,v1,Running,True
1779255860,productpage,v1,Running,True
1779255860,productpage,v1,Running,True
1779255860,productpage,v1,Running,True
1779255860,productpage,v1,Running,True
1779255860,productpage,v1,Running,True
1779255860,productpage,v1,Running,True
1779255860,productpage,v1,Running,True
1779255860,productpage,v1,Running,True
1779255860,productpage,v1,Running,True
1779255860,productpage,v1,Running,True
1779255860,productpage,v1,Running,True
1779255860,productpage,v1,Running,True
1779255860,productpage,v1,Running,True
1779255860,ratings,v1,Running,True
1779255860,reviews,v1,Running,True
1779255860,reviews,v2,Running,True
1779255860,reviews,v2,Running,True
1779255860,reviews,v2,Running,True
1779255860,reviews,v2,Running,True
1779255860,reviews,v2,Running,True
1779255860,reviews,v3,Running,True
1779255860,reviews,v3,Running,True
1779255860,reviews,v3,Running,True
1779255860,reviews,v3,Running,True
1779255860,reviews,v3,Running,True
1779255861,details,v1,Running,True
1779255861,details,v1,Running,True
1779255861,details,v1,Running,True
1779255861,details,v1,Running,True
1779255861,productpage,v1,Running,True
1779255861,productpage,v1,Running,True
1779255861,productpage,v1,Running,True
1779255861,productpage,v1,Running,True
1779255861,productpage,v1,Running,True
1779255861,productpage,v1,Running,True
1779255861,productpage,v1,Running,True
1779255861,productpage,v1,Running,True
1779255861,productpage,v1,Running,True
1779255861,productpage,v1,Running,True
1779255861,productpage,v1,Running,True
1779255861,productpage,v1,Running,True
1779255861,productpage,v1,Running,True
1779255861,productpage,v1,Running,True
1779255861,productpage,v1,Running,True
1779255861,productpage,v1,Running,True
1779255861,productpage,v1,Running,True
1779255861,productpage,v1,Running,True
1779255861,productpage,v1,Running,True
1779255861,productpage,v1,Running,True
1779255861,ratings,v1,Running,True
1779255861,reviews,v1,Running,True
1779255861,reviews,v2,Running,True
1779255861,reviews,v2,Running,True
1779255861,reviews,v2,Running,True
1779255861,reviews,v2,Running,True
1779255861,reviews,v2,Running,True
1779255861,reviews,v3,Running,True
1779255861,reviews,v3,Running,True
1779255861,reviews,v3,Running,True
1779255861,reviews,v3,Running,True
1779255861,reviews,v3,Running,True
1779255862,details,v1,Running,True
1779255862,details,v1,Running,True
1779255862,details,v1,Running,True
1779255862,details,v1,Running,True
1779255862,productpage,v1,Running,True
1779255862,productpage,v1,Running,True
1779255862,productpage,v1,Running,True
1779255862,productpage,v1,Running,True
1779255862,productpage,v1,Running,True
1779255862,productpage,v1,Running,True
1779255862,productpage,v1,Running,True
1779255862,productpage,v1,Running,True
1779255862,productpage,v1,Running,True
1779255862,productpage,v1,Running,True
1779255862,productpage,v1,Running,True
1779255862,productpage,v1,Running,True
1779255862,productpage,v1,Running,True
1779255862,productpage,v1,Running,True
1779255862,productpage,v1,Running,True
1779255862,productpage,v1,Running,True
1779255862,productpage,v1,Running,True
1779255862,productpage,v1,Running,True
1779255862,productpage,v1,Running,True
1779255862,productpage,v1,Running,True
1779255862,ratings,v1,Running,True
1779255862,reviews,v1,Running,True
1779255862,reviews,v2,Running,True
1779255862,reviews,v2,Running,True
1779255862,reviews,v2,Running,True
1779255862,reviews,v2,Running,True
1779255862,reviews,v2,Running,True
1779255862,reviews,v3,Running,True
1779255862,reviews,v3,Running,True
1779255862,reviews,v3,Running,True
1779255862,reviews,v3,Running,True
1779255862,reviews,v3,Running,True
1779255863,details,v1,Running,True
1779255863,details,v1,Running,True
1779255863,details,v1,Running,True
1779255863,details,v1,Running,True
1779255863,productpage,v1,Running,True
1779255863,productpage,v1,Running,True
1779255863,productpage,v1,Running,True
1779255863,productpage,v1,Running,True
1779255863,productpage,v1,Running,True
1779255863,productpage,v1,Running,True
1779255863,productpage,v1,Running,True
1779255863,productpage,v1,Running,True
1779255863,productpage,v1,Running,True
1779255863,productpage,v1,Running,True
1779255863,productpage,v1,Running,True
1779255863,productpage,v1,Running,True
1779255863,productpage,v1,Running,True
1779255863,productpage,v1,Running,True
1779255863,productpage,v1,Running,True
1779255863,productpage,v1,Running,True
1779255863,productpage,v1,Running,True
1779255863,productpage,v1,Running,True
1779255863,productpage,v1,Running,True
1779255863,productpage,v1,Running,True
1779255863,ratings,v1,Running,True
1779255863,reviews,v1,Running,True
1779255863,reviews,v2,Running,True
1779255863,reviews,v2,Running,True
1779255863,reviews,v2,Running,True
1779255863,reviews,v2,Running,True
1779255863,reviews,v2,Running,True
1779255863,reviews,v3,Running,True
1779255863,reviews,v3,Running,True
1779255863,reviews,v3,Running,True
1779255863,reviews,v3,Running,True
1779255863,reviews,v3,Running,True
1779255864,details,v1,Running,True
1779255864,details,v1,Running,True
1779255864,details,v1,Running,True
1779255864,details,v1,Running,True
1779255864,productpage,v1,Running,True
1779255864,productpage,v1,Running,True
1779255864,productpage,v1,Running,True
1779255864,productpage,v1,Running,True
1779255864,productpage,v1,Running,True
1779255864,productpage,v1,Running,True
1779255864,productpage,v1,Running,True
1779255864,productpage,v1,Running,True
1779255864,productpage,v1,Running,True
1779255864,productpage,v1,Running,True
1779255864,productpage,v1,Running,True
1779255864,productpage,v1,Running,True
1779255864,productpage,v1,Running,True
1779255864,productpage,v1,Running,True
1779255864,productpage,v1,Running,True
1779255864,productpage,v1,Running,True
1779255864,productpage,v1,Running,True
1779255864,productpage,v1,Running,True
1779255864,productpage,v1,Running,True
1779255864,productpage,v1,Running,True
1779255864,ratings,v1,Running,True
1779255864,reviews,v1,Running,True
1779255864,reviews,v2,Running,True
1779255864,reviews,v2,Running,True
1779255864,reviews,v2,Running,True
1779255864,reviews,v2,Running,True
1779255864,reviews,v2,Running,True
1779255864,reviews,v3,Running,True
1779255864,reviews,v3,Running,True
1779255864,reviews,v3,Running,True
1779255864,reviews,v3,Running,True
1779255864,reviews,v3,Running,True
1779255865,details,v1,Running,True
1779255865,details,v1,Running,True
1779255865,details,v1,Running,True
1779255865,details,v1,Running,True
1779255865,productpage,v1,Running,True
1779255865,productpage,v1,Running,True
1779255865,productpage,v1,Running,True
1779255865,productpage,v1,Running,True
1779255865,productpage,v1,Running,True
1779255865,productpage,v1,Running,True
1779255865,productpage,v1,Running,True
1779255865,productpage,v1,Running,True
1779255865,productpage,v1,Running,True
1779255865,productpage,v1,Running,True
1779255865,productpage,v1,Running,True
1779255865,productpage,v1,Running,True
1779255865,productpage,v1,Running,True
1779255865,productpage,v1,Running,True
1779255865,productpage,v1,Running,True
1779255865,productpage,v1,Running,True
1779255865,productpage,v1,Running,True
1779255865,productpage,v1,Running,True
1779255865,productpage,v1,Running,True
1779255865,productpage,v1,Running,True
1779255865,ratings,v1,Running,True
1779255865,reviews,v1,Running,True
1779255865,reviews,v2,Running,True
1779255865,reviews,v2,Running,True
1779255865,reviews,v2,Running,True
1779255865,reviews,v2,Running,True
1779255865,reviews,v2,Running,True
1779255865,reviews,v3,Running,True
1779255865,reviews,v3,Running,True
1779255865,reviews,v3,Running,True
1779255865,reviews,v3,Running,True
1779255865,reviews,v3,Running,True
1779255866,details,v1,Running,True
1779255866,details,v1,Running,True
1779255866,details,v1,Running,True
1779255866,details,v1,Running,True
1779255866,productpage,v1,Running,True
1779255866,productpage,v1,Running,True
1779255866,productpage,v1,Running,True
1779255866,productpage,v1,Running,True
1779255866,productpage,v1,Running,True
1779255866,productpage,v1,Running,True
1779255866,productpage,v1,Running,True
1779255866,productpage,v1,Running,True
1779255866,productpage,v1,Running,True
1779255866,productpage,v1,Running,True
1779255866,productpage,v1,Running,True
1779255866,productpage,v1,Running,True
1779255866,productpage,v1,Running,True
1779255866,productpage,v1,Running,True
1779255866,productpage,v1,Running,True
1779255866,productpage,v1,Running,True
1779255866,productpage,v1,Running,True
1779255866,productpage,v1,Running,True
1779255866,productpage,v1,Running,True
1779255866,productpage,v1,Running,True
1779255866,ratings,v1,Running,True
1779255866,reviews,v1,Running,True
1779255866,reviews,v2,Running,True
1779255866,reviews,v2,Running,True
1779255866,reviews,v2,Running,True
1779255866,reviews,v2,Running,True
1779255866,reviews,v2,Running,True
1779255866,reviews,v3,Running,True
1779255866,reviews,v3,Running,True
1779255866,reviews,v3,Running,True
1779255866,reviews,v3,Running,True
1779255866,reviews,v3,Running,True
1779255867,details,v1,Running,True
1779255867,details,v1,Running,True
1779255867,details,v1,Running,True
1779255867,details,v1,Running,True
1779255867,productpage,v1,Running,True
1779255867,productpage,v1,Running,True
1779255867,productpage,v1,Running,True
1779255867,productpage,v1,Running,True
1779255867,productpage,v1,Running,True
1779255867,productpage,v1,Running,True
1779255867,productpage,v1,Running,True
1779255867,productpage,v1,Running,True
1779255867,productpage,v1,Running,True
1779255867,productpage,v1,Running,True
1779255867,productpage,v1,Running,True
1779255867,productpage,v1,Running,True
1779255867,productpage,v1,Running,True
1779255867,productpage,v1,Running,True
1779255867,productpage,v1,Running,True
1779255867,productpage,v1,Running,True
1779255867,productpage,v1,Running,True
1779255867,productpage,v1,Running,True
1779255867,productpage,v1,Running,True
1779255867,productpage,v1,Running,True
1779255867,ratings,v1,Running,True
1779255867,reviews,v1,Running,True
1779255867,reviews,v2,Running,True
1779255867,reviews,v2,Running,True
1779255867,reviews,v2,Running,True
1779255867,reviews,v2,Running,True
1779255867,reviews,v2,Running,True
1779255867,reviews,v3,Running,True
1779255867,reviews,v3,Running,True
1779255867,reviews,v3,Running,True
1779255867,reviews,v3,Running,True
1779255867,reviews,v3,Running,True
1779255868,details,v1,Running,True
1779255868,details,v1,Running,True
1779255868,details,v1,Running,True
1779255868,details,v1,Running,True
1779255868,productpage,v1,Running,True
1779255868,productpage,v1,Running,True
1779255868,productpage,v1,Running,True
1779255868,productpage,v1,Running,True
1779255868,productpage,v1,Running,True
1779255868,productpage,v1,Running,True
1779255868,productpage,v1,Running,True
1779255868,productpage,v1,Running,True
1779255868,productpage,v1,Running,True
1779255868,productpage,v1,Running,True
1779255868,productpage,v1,Running,True
1779255868,productpage,v1,Running,True
1779255868,productpage,v1,Running,True
1779255868,productpage,v1,Running,True
1779255868,productpage,v1,Running,True
1779255868,productpage,v1,Running,True
1779255868,productpage,v1,Running,True
1779255868,productpage,v1,Running,True
1779255868,productpage,v1,Running,True
1779255868,productpage,v1,Running,True
1779255868,ratings,v1,Running,True
1779255868,reviews,v1,Running,True
1779255868,reviews,v2,Running,True
1779255868,reviews,v2,Running,True
1779255868,reviews,v2,Running,True
1779255868,reviews,v2,Running,True
1779255868,reviews,v2,Running,True
1779255868,reviews,v3,Running,True
1779255868,reviews,v3,Running,True
1779255868,reviews,v3,Running,True
1779255868,reviews,v3,Running,True
1779255868,reviews,v3,Running,True
1779255869,details,v1,Running,True
1779255869,details,v1,Running,True
1779255869,details,v1,Running,True
1779255869,details,v1,Running,True
1779255869,productpage,v1,Running,True
1779255869,productpage,v1,Running,True
1779255869,productpage,v1,Running,True
1779255869,productpage,v1,Running,True
1779255869,productpage,v1,Running,True
1779255869,productpage,v1,Running,True
1779255869,productpage,v1,Running,True
1779255869,productpage,v1,Running,True
1779255869,productpage,v1,Running,True
1779255869,productpage,v1,Running,True
1779255869,productpage,v1,Running,True
1779255869,productpage,v1,Running,True
1779255869,productpage,v1,Running,True
1779255869,productpage,v1,Running,True
1779255869,productpage,v1,Running,True
1779255869,productpage,v1,Running,True
1779255869,productpage,v1,Running,True
1779255869,productpage,v1,Running,True
1779255869,productpage,v1,Running,True
1779255869,productpage,v1,Running,True
1779255869,ratings,v1,Running,True
1779255869,reviews,v1,Running,True
1779255869,reviews,v2,Running,True
1779255869,reviews,v2,Running,True
1779255869,reviews,v2,Running,True
1779255869,reviews,v2,Running,True
1779255869,reviews,v2,Running,True
1779255869,reviews,v3,Running,True
1779255869,reviews,v3,Running,True
1779255869,reviews,v3,Running,True
1779255869,reviews,v3,Running,True
1779255869,reviews,v3,Running,True
1779255870,details,v1,Running,True
1779255870,details,v1,Running,True
1779255870,details,v1,Running,True
1779255870,details,v1,Running,True
1779255870,productpage,v1,Running,True
1779255870,productpage,v1,Running,True
1779255870,productpage,v1,Running,True
1779255870,productpage,v1,Running,True
1779255870,productpage,v1,Running,True
1779255870,productpage,v1,Running,True
1779255870,productpage,v1,Running,True
1779255870,productpage,v1,Running,True
1779255870,productpage,v1,Running,True
1779255870,productpage,v1,Running,True
1779255870,productpage,v1,Running,True
1779255870,productpage,v1,Running,True
1779255870,productpage,v1,Running,True
1779255870,productpage,v1,Running,True
1779255870,productpage,v1,Running,True
1779255870,productpage,v1,Running,True
1779255870,productpage,v1,Running,True
1779255870,productpage,v1,Running,True
1779255870,productpage,v1,Running,True
1779255870,productpage,v1,Running,True
1779255870,ratings,v1,Running,True
1779255870,reviews,v1,Running,True
1779255870,reviews,v2,Running,True
1779255870,reviews,v2,Running,True
1779255870,reviews,v2,Running,True
1779255870,reviews,v2,Running,True
1779255870,reviews,v2,Running,True
1779255870,reviews,v3,Running,True
1779255870,reviews,v3,Running,True
1779255870,reviews,v3,Running,True
1779255870,reviews,v3,Running,True
1779255870,reviews,v3,Running,True
1779255871,details,v1,Running,True
1779255871,details,v1,Running,True
1779255871,details,v1,Running,True
1779255871,details,v1,Running,True
1779255871,productpage,v1,Running,True
1779255871,productpage,v1,Running,True
1779255871,productpage,v1,Running,True
1779255871,productpage,v1,Running,True
1779255871,productpage,v1,Running,True
1779255871,productpage,v1,Running,True
1779255871,productpage,v1,Running,True
1779255871,productpage,v1,Running,True
1779255871,productpage,v1,Running,True
1779255871,productpage,v1,Running,True
1779255871,productpage,v1,Running,True
1779255871,productpage,v1,Running,True
1779255871,productpage,v1,Running,True
1779255871,productpage,v1,Running,True
1779255871,productpage,v1,Running,True
1779255871,productpage,v1,Running,True
1779255871,productpage,v1,Running,True
1779255871,productpage,v1,Running,True
1779255871,productpage,v1,Running,True
1779255871,productpage,v1,Running,True
1779255871,ratings,v1,Running,True
1779255871,reviews,v1,Running,True
1779255871,reviews,v2,Running,True
1779255871,reviews,v2,Running,True
1779255871,reviews,v2,Running,True
1779255871,reviews,v2,Running,True
1779255871,reviews,v2,Running,True
1779255871,reviews,v3,Running,True
1779255871,reviews,v3,Running,True
1779255871,reviews,v3,Running,True
1779255871,reviews,v3,Running,True
1779255871,reviews,v3,Running,True
1779255872,details,v1,Running,True
1779255872,details,v1,Running,True
1779255872,details,v1,Running,True
1779255872,details,v1,Running,True
1779255872,productpage,v1,Running,True
1779255872,productpage,v1,Running,True
1779255872,productpage,v1,Running,True
1779255872,productpage,v1,Running,True
1779255872,productpage,v1,Running,True
1779255872,productpage,v1,Running,True
1779255872,productpage,v1,Running,True
1779255872,productpage,v1,Running,True
1779255872,productpage,v1,Running,True
1779255872,productpage,v1,Running,True
1779255872,productpage,v1,Running,True
1779255872,productpage,v1,Running,True
1779255872,productpage,v1,Running,True
1779255872,productpage,v1,Running,True
1779255872,productpage,v1,Running,True
1779255872,productpage,v1,Running,True
1779255872,productpage,v1,Running,True
1779255872,productpage,v1,Running,True
1779255872,productpage,v1,Running,True
1779255872,productpage,v1,Running,True
1779255872,ratings,v1,Running,True
1779255872,reviews,v1,Running,True
1779255872,reviews,v2,Running,True
1779255872,reviews,v2,Running,True
1779255872,reviews,v2,Running,True
1779255872,reviews,v2,Running,True
1779255872,reviews,v2,Running,True
1779255872,reviews,v3,Running,True
1779255872,reviews,v3,Running,True
1779255872,reviews,v3,Running,True
1779255872,reviews,v3,Running,True
1779255872,reviews,v3,Running,True
1779255873,details,v1,Running,True
1779255873,details,v1,Running,True
1779255873,details,v1,Running,True
1779255873,details,v1,Running,True
1779255873,productpage,v1,Running,True
1779255873,productpage,v1,Running,True
1779255873,productpage,v1,Running,True
1779255873,productpage,v1,Running,True
1779255873,productpage,v1,Running,True
1779255873,productpage,v1,Running,True
1779255873,productpage,v1,Running,True
1779255873,productpage,v1,Running,True
1779255873,productpage,v1,Running,True
1779255873,productpage,v1,Running,True
1779255873,productpage,v1,Running,True
1779255873,productpage,v1,Running,True
1779255873,productpage,v1,Running,True
1779255873,productpage,v1,Running,True
1779255873,productpage,v1,Running,True
1779255873,productpage,v1,Running,True
1779255873,productpage,v1,Running,True
1779255873,productpage,v1,Running,True
1779255873,productpage,v1,Running,True
1779255873,productpage,v1,Running,True
1779255873,ratings,v1,Running,True
1779255873,reviews,v1,Running,True
1779255873,reviews,v2,Running,True
1779255873,reviews,v2,Running,True
1779255873,reviews,v2,Running,True
1779255873,reviews,v2,Running,True
1779255873,reviews,v2,Running,True
1779255873,reviews,v3,Running,True
1779255873,reviews,v3,Running,True
1779255873,reviews,v3,Running,True
1779255873,reviews,v3,Running,True
1779255873,reviews,v3,Running,True
1779255874,details,v1,Running,True
1779255874,details,v1,Running,True
1779255874,details,v1,Running,True
1779255874,details,v1,Running,True
1779255874,productpage,v1,Running,True
1779255874,productpage,v1,Running,True
1779255874,productpage,v1,Running,True
1779255874,productpage,v1,Running,True
1779255874,productpage,v1,Running,True
1779255874,productpage,v1,Running,True
1779255874,productpage,v1,Running,True
1779255874,productpage,v1,Running,True
1779255874,productpage,v1,Running,True
1779255874,productpage,v1,Running,True
1779255874,productpage,v1,Running,True
1779255874,productpage,v1,Running,True
1779255874,productpage,v1,Running,True
1779255874,productpage,v1,Running,True
1779255874,productpage,v1,Running,True
1779255874,productpage,v1,Running,True
1779255874,productpage,v1,Running,True
1779255874,productpage,v1,Running,True
1779255874,productpage,v1,Running,True
1779255874,productpage,v1,Running,True
1779255874,ratings,v1,Running,True
1779255874,reviews,v1,Running,True
1779255874,reviews,v2,Running,True
1779255874,reviews,v2,Running,True
1779255874,reviews,v2,Running,True
1779255874,reviews,v2,Running,True
1779255874,reviews,v2,Running,True
1779255874,reviews,v3,Running,True
1779255874,reviews,v3,Running,True
1779255874,reviews,v3,Running,True
1779255874,reviews,v3,Running,True
1779255874,reviews,v3,Running,True
1779255875,details,v1,Running,True
1779255875,details,v1,Running,True
1779255875,details,v1,Running,True
1779255875,details,v1,Running,True
1779255875,productpage,v1,Running,True
1779255875,productpage,v1,Running,True
1779255875,productpage,v1,Running,True
1779255875,productpage,v1,Running,True
1779255875,productpage,v1,Running,True
1779255875,productpage,v1,Running,True
1779255875,productpage,v1,Running,True
1779255875,productpage,v1,Running,True
1779255875,productpage,v1,Running,True
1779255875,productpage,v1,Running,True
1779255875,productpage,v1,Running,True
1779255875,productpage,v1,Running,True
1779255875,productpage,v1,Running,True
1779255875,productpage,v1,Running,True
1779255875,productpage,v1,Running,True
1779255875,productpage,v1,Running,True
1779255875,productpage,v1,Running,True
1779255875,productpage,v1,Running,True
1779255875,productpage,v1,Running,True
1779255875,productpage,v1,Running,True
1779255875,ratings,v1,Running,True
1779255875,reviews,v1,Running,True
1779255875,reviews,v2,Running,True
1779255875,reviews,v2,Running,True
1779255875,reviews,v2,Running,True
1779255875,reviews,v2,Running,True
1779255875,reviews,v2,Running,True
1779255875,reviews,v3,Running,True
1779255875,reviews,v3,Running,True
1779255875,reviews,v3,Running,True
1779255875,reviews,v3,Running,True
1779255875,reviews,v3,Running,True
1779255876,details,v1,Running,True
1779255876,details,v1,Running,True
1779255876,details,v1,Running,True
1779255876,details,v1,Running,True
1779255876,productpage,v1,Running,True
1779255876,productpage,v1,Running,True
1779255876,productpage,v1,Running,True
1779255876,productpage,v1,Running,True
1779255876,productpage,v1,Running,True
1779255876,productpage,v1,Running,True
1779255876,productpage,v1,Running,True
1779255876,productpage,v1,Running,True
1779255876,productpage,v1,Running,True
1779255876,productpage,v1,Running,True
1779255876,productpage,v1,Running,True
1779255876,productpage,v1,Running,True
1779255876,productpage,v1,Running,True
1779255876,productpage,v1,Running,True
1779255876,productpage,v1,Running,True
1779255876,productpage,v1,Running,True
1779255876,productpage,v1,Running,True
1779255876,productpage,v1,Running,True
1779255876,productpage,v1,Running,True
1779255876,productpage,v1,Running,True
1779255876,ratings,v1,Running,True
1779255876,reviews,v1,Running,True
1779255876,reviews,v2,Running,True
1779255876,reviews,v2,Running,True
1779255876,reviews,v2,Running,True
1779255876,reviews,v2,Running,True
1779255876,reviews,v2,Running,True
1779255876,reviews,v3,Running,True
1779255876,reviews,v3,Running,True
1779255876,reviews,v3,Running,True
1779255876,reviews,v3,Running,True
1779255876,reviews,v3,Running,True
1779255877,details,v1,Running,True
1779255877,details,v1,Running,True
1779255877,details,v1,Running,True
1779255877,details,v1,Running,True
1779255877,productpage,v1,Running,True
1779255877,productpage,v1,Running,True
1779255877,productpage,v1,Running,True
1779255877,productpage,v1,Running,True
1779255877,productpage,v1,Running,True
1779255877,productpage,v1,Running,True
1779255877,productpage,v1,Running,True
1779255877,productpage,v1,Running,True
1779255877,productpage,v1,Running,True
1779255877,productpage,v1,Running,True
1779255877,productpage,v1,Running,True
1779255877,productpage,v1,Running,True
1779255877,productpage,v1,Running,True
1779255877,productpage,v1,Running,True
1779255877,productpage,v1,Running,True
1779255877,productpage,v1,Running,True
1779255877,productpage,v1,Running,True
1779255877,productpage,v1,Running,True
1779255877,productpage,v1,Running,True
1779255877,productpage,v1,Running,True
1779255877,ratings,v1,Running,True
1779255877,reviews,v1,Running,True
1779255877,reviews,v2,Running,True
1779255877,reviews,v2,Running,True
1779255877,reviews,v2,Running,True
1779255877,reviews,v2,Running,True
1779255877,reviews,v2,Running,True
1779255877,reviews,v3,Running,True
1779255877,reviews,v3,Running,True
1779255877,reviews,v3,Running,True
1779255877,reviews,v3,Running,True
1779255877,reviews,v3,Running,True
1779255878,details,v1,Running,True
1779255878,details,v1,Running,True
1779255878,details,v1,Running,True
1779255878,details,v1,Running,True
1779255878,productpage,v1,Running,True
1779255878,productpage,v1,Running,True
1779255878,productpage,v1,Running,True
1779255878,productpage,v1,Running,True
1779255878,productpage,v1,Running,True
1779255878,productpage,v1,Running,True
1779255878,productpage,v1,Running,True
1779255878,productpage,v1,Running,True
1779255878,productpage,v1,Running,True
1779255878,productpage,v1,Running,True
1779255878,productpage,v1,Running,True
1779255878,productpage,v1,Running,True
1779255878,productpage,v1,Running,True
1779255878,productpage,v1,Running,True
1779255878,productpage,v1,Running,True
1779255878,productpage,v1,Running,True
1779255878,productpage,v1,Running,True
1779255878,productpage,v1,Running,True
1779255878,productpage,v1,Running,True
1779255878,productpage,v1,Running,True
1779255878,ratings,v1,Running,True
1779255878,reviews,v1,Running,True
1779255878,reviews,v2,Running,True
1779255878,reviews,v2,Running,True
1779255878,reviews,v2,Running,True
1779255878,reviews,v2,Running,True
1779255878,reviews,v2,Running,True
1779255878,reviews,v3,Running,True
1779255878,reviews,v3,Running,True
1779255878,reviews,v3,Running,True
1779255878,reviews,v3,Running,True
1779255878,reviews,v3,Running,True
1779255879,details,v1,Running,True
1779255879,details,v1,Running,True
1779255879,details,v1,Running,True
1779255879,details,v1,Running,True
1779255879,productpage,v1,Running,True
1779255879,productpage,v1,Running,True
1779255879,productpage,v1,Running,True
1779255879,productpage,v1,Running,True
1779255879,productpage,v1,Running,True
1779255879,productpage,v1,Running,True
1779255879,productpage,v1,Running,True
1779255879,productpage,v1,Running,True
1779255879,productpage,v1,Running,True
1779255879,productpage,v1,Running,True
1779255879,productpage,v1,Running,True
1779255879,productpage,v1,Running,True
1779255879,productpage,v1,Running,True
1779255879,productpage,v1,Running,True
1779255879,productpage,v1,Running,True
1779255879,productpage,v1,Running,True
1779255879,productpage,v1,Running,True
1779255879,productpage,v1,Running,True
1779255879,productpage,v1,Running,True
1779255879,productpage,v1,Running,True
1779255879,ratings,v1,Running,True
1779255879,reviews,v1,Running,True
1779255879,reviews,v2,Running,True
1779255879,reviews,v2,Running,True
1779255879,reviews,v2,Running,True
1779255879,reviews,v2,Running,True
1779255879,reviews,v2,Running,True
1779255879,reviews,v3,Running,True
1779255879,reviews,v3,Running,True
1779255879,reviews,v3,Running,True
1779255879,reviews,v3,Running,True
1779255879,reviews,v3,Running,True
1779255880,details,v1,Running,True
1779255880,details,v1,Running,True
1779255880,details,v1,Running,True
1779255880,details,v1,Running,True
1779255880,productpage,v1,Running,True
1779255880,productpage,v1,Running,True
1779255880,productpage,v1,Running,True
1779255880,productpage,v1,Running,True
1779255880,productpage,v1,Running,True
1779255880,productpage,v1,Running,True
1779255880,productpage,v1,Running,True
1779255880,productpage,v1,Running,True
1779255880,productpage,v1,Running,True
1779255880,productpage,v1,Running,True
1779255880,productpage,v1,Running,True
1779255880,productpage,v1,Running,True
1779255880,productpage,v1,Running,True
1779255880,productpage,v1,Running,True
1779255880,productpage,v1,Running,True
1779255880,productpage,v1,Running,True
1779255880,productpage,v1,Running,True
1779255880,productpage,v1,Running,True
1779255880,productpage,v1,Running,True
1779255880,productpage,v1,Running,True
1779255880,ratings,v1,Running,True
1779255880,reviews,v1,Running,True
1779255880,reviews,v2,Running,True
1779255880,reviews,v2,Running,True
1779255880,reviews,v2,Running,True
1779255880,reviews,v2,Running,True
1779255880,reviews,v2,Running,True
1779255880,reviews,v3,Running,True
1779255880,reviews,v3,Running,True
1779255880,reviews,v3,Running,True
1779255880,reviews,v3,Running,True
1779255880,reviews,v3,Running,True
1779255881,details,v1,Running,True
1779255881,details,v1,Running,True
1779255881,details,v1,Running,True
1779255881,details,v1,Running,True
1779255881,productpage,v1,Running,True
1779255881,productpage,v1,Running,True
1779255881,productpage,v1,Running,True
1779255881,productpage,v1,Running,True
1779255881,productpage,v1,Running,True
1779255881,productpage,v1,Running,True
1779255881,productpage,v1,Running,True
1779255881,productpage,v1,Running,True
1779255881,productpage,v1,Running,True
1779255881,productpage,v1,Running,True
1779255881,productpage,v1,Running,True
1779255881,productpage,v1,Running,True
1779255881,productpage,v1,Running,True
1779255881,productpage,v1,Running,True
1779255881,productpage,v1,Running,True
1779255881,productpage,v1,Running,True
1779255881,productpage,v1,Running,True
1779255881,productpage,v1,Running,True
1779255881,productpage,v1,Running,True
1779255881,productpage,v1,Running,True
1779255881,ratings,v1,Running,True
1779255881,reviews,v1,Running,True
1779255881,reviews,v2,Running,True
1779255881,reviews,v2,Running,True
1779255881,reviews,v2,Running,True
1779255881,reviews,v2,Running,True
1779255881,reviews,v2,Running,True
1779255881,reviews,v3,Running,True
1779255881,reviews,v3,Running,True
1779255881,reviews,v3,Running,True
1779255881,reviews,v3,Running,True
1779255881,reviews,v3,Running,True
1779255882,details,v1,Running,True
1779255882,details,v1,Running,True
1779255882,details,v1,Running,True
1779255882,details,v1,Running,True
1779255882,productpage,v1,Running,True
1779255882,productpage,v1,Running,True
1779255882,productpage,v1,Running,True
1779255882,productpage,v1,Running,True
1779255882,productpage,v1,Running,True
1779255882,productpage,v1,Running,True
1779255882,productpage,v1,Running,True
1779255882,productpage,v1,Running,True
1779255882,productpage,v1,Running,True
1779255882,productpage,v1,Running,True
1779255882,productpage,v1,Running,True
1779255882,productpage,v1,Running,True
1779255882,productpage,v1,Running,True
1779255882,productpage,v1,Running,True
1779255882,productpage,v1,Running,True
1779255882,productpage,v1,Running,True
1779255882,productpage,v1,Running,True
1779255882,productpage,v1,Running,True
1779255882,productpage,v1,Running,True
1779255882,productpage,v1,Running,True
1779255882,ratings,v1,Running,True
1779255882,reviews,v1,Running,True
1779255882,reviews,v2,Running,True
1779255882,reviews,v2,Running,True
1779255882,reviews,v2,Running,True
1779255882,reviews,v2,Running,True
1779255882,reviews,v2,Running,True
1779255882,reviews,v3,Running,True
1779255882,reviews,v3,Running,True
1779255882,reviews,v3,Running,True
1779255882,reviews,v3,Running,True
1779255882,reviews,v3,Running,True
1779255883,details,v1,Running,True
1779255883,details,v1,Running,True
1779255883,details,v1,Running,True
1779255883,details,v1,Running,True
1779255883,productpage,v1,Running,True
1779255883,productpage,v1,Running,True
1779255883,productpage,v1,Running,True
1779255883,productpage,v1,Running,True
1779255883,productpage,v1,Running,True
1779255883,productpage,v1,Running,True
1779255883,productpage,v1,Running,True
1779255883,productpage,v1,Running,True
1779255883,productpage,v1,Running,True
1779255883,productpage,v1,Running,True
1779255883,productpage,v1,Running,True
1779255883,productpage,v1,Running,True
1779255883,productpage,v1,Running,True
1779255883,productpage,v1,Running,True
1779255883,productpage,v1,Running,True
1779255883,productpage,v1,Running,True
1779255883,productpage,v1,Running,True
1779255883,productpage,v1,Running,True
1779255883,productpage,v1,Running,True
1779255883,productpage,v1,Running,True
1779255883,ratings,v1,Running,True
1779255883,reviews,v1,Running,True
1779255883,reviews,v2,Running,True
1779255883,reviews,v2,Running,True
1779255883,reviews,v2,Running,True
1779255883,reviews,v2,Running,True
1779255883,reviews,v2,Running,True
1779255883,reviews,v3,Running,True
1779255883,reviews,v3,Running,True
1779255883,reviews,v3,Running,True
1779255883,reviews,v3,Running,True
1779255883,reviews,v3,Running,True
1779255884,details,v1,Running,True
1779255884,details,v1,Running,True
1779255884,details,v1,Running,True
1779255884,details,v1,Running,True
1779255884,productpage,v1,Running,True
1779255884,productpage,v1,Running,True
1779255884,productpage,v1,Running,True
1779255884,productpage,v1,Running,True
1779255884,productpage,v1,Running,True
1779255884,productpage,v1,Running,True
1779255884,productpage,v1,Running,True
1779255884,productpage,v1,Running,True
1779255884,productpage,v1,Running,True
1779255884,productpage,v1,Running,True
1779255884,productpage,v1,Running,True
1779255884,productpage,v1,Running,True
1779255884,productpage,v1,Running,True
1779255884,productpage,v1,Running,True
1779255884,productpage,v1,Running,True
1779255884,productpage,v1,Running,True
1779255884,productpage,v1,Running,True
1779255884,productpage,v1,Running,True
1779255884,productpage,v1,Running,True
1779255884,productpage,v1,Running,True
1779255884,ratings,v1,Running,True
1779255884,reviews,v1,Running,True
1779255884,reviews,v2,Running,True
1779255884,reviews,v2,Running,True
1779255884,reviews,v2,Running,True
1779255884,reviews,v2,Running,True
1779255884,reviews,v2,Running,True
1779255884,reviews,v3,Running,True
1779255884,reviews,v3,Running,True
1779255884,reviews,v3,Running,True
1779255884,reviews,v3,Running,True
1779255884,reviews,v3,Running,True
1779255885,details,v1,Running,True
1779255885,details,v1,Running,True
1779255885,details,v1,Running,True
1779255885,details,v1,Running,True
1779255885,productpage,v1,Running,True
1779255885,productpage,v1,Running,True
1779255885,productpage,v1,Running,True
1779255885,productpage,v1,Running,True
1779255885,productpage,v1,Running,True
1779255885,productpage,v1,Running,True
1779255885,productpage,v1,Running,True
1779255885,productpage,v1,Running,True
1779255885,productpage,v1,Running,True
1779255885,productpage,v1,Running,True
1779255885,productpage,v1,Running,True
1779255885,productpage,v1,Running,True
1779255885,productpage,v1,Running,True
1779255885,productpage,v1,Running,True
1779255885,productpage,v1,Running,True
1779255885,productpage,v1,Running,True
1779255885,productpage,v1,Running,True
1779255885,productpage,v1,Running,True
1779255885,productpage,v1,Running,True
1779255885,productpage,v1,Running,True
1779255885,ratings,v1,Running,True
1779255885,reviews,v1,Running,True
1779255885,reviews,v2,Running,True
1779255885,reviews,v2,Running,True
1779255885,reviews,v2,Running,True
1779255885,reviews,v2,Running,True
1779255885,reviews,v2,Running,True
1779255885,reviews,v3,Running,True
1779255885,reviews,v3,Running,True
1779255885,reviews,v3,Running,True
1779255885,reviews,v3,Running,True
1779255885,reviews,v3,Running,True
1779255886,details,v1,Running,True
1779255886,details,v1,Running,True
1779255886,details,v1,Running,True
1779255886,details,v1,Running,True
1779255886,productpage,v1,Running,True
1779255886,productpage,v1,Running,True
1779255886,productpage,v1,Running,True
1779255886,productpage,v1,Running,True
1779255886,productpage,v1,Running,True
1779255886,productpage,v1,Running,True
1779255886,productpage,v1,Running,True
1779255886,productpage,v1,Running,True
1779255886,productpage,v1,Running,True
1779255886,productpage,v1,Running,True
1779255886,productpage,v1,Running,True
1779255886,productpage,v1,Running,True
1779255886,productpage,v1,Running,True
1779255886,productpage,v1,Running,True
1779255886,productpage,v1,Running,True
1779255886,productpage,v1,Running,True
1779255886,productpage,v1,Running,True
1779255886,productpage,v1,Running,True
1779255886,productpage,v1,Running,True
1779255886,productpage,v1,Running,True
1779255886,ratings,v1,Running,True
1779255886,reviews,v1,Running,True
1779255886,reviews,v2,Running,True
1779255886,reviews,v2,Running,True
1779255886,reviews,v2,Running,True
1779255886,reviews,v2,Running,True
1779255886,reviews,v2,Running,True
1779255886,reviews,v3,Running,True
1779255886,reviews,v3,Running,True
1779255886,reviews,v3,Running,True
1779255886,reviews,v3,Running,True
1779255886,reviews,v3,Running,True
1779255887,details,v1,Running,True
1779255887,details,v1,Running,True
1779255887,details,v1,Running,True
1779255887,details,v1,Running,True
1779255887,productpage,v1,Running,True
1779255887,productpage,v1,Running,True
1779255887,productpage,v1,Running,True
1779255887,productpage,v1,Running,True
1779255887,productpage,v1,Running,True
1779255887,productpage,v1,Running,True
1779255887,productpage,v1,Running,True
1779255887,productpage,v1,Running,True
1779255887,productpage,v1,Running,True
1779255887,productpage,v1,Running,True
1779255887,productpage,v1,Running,True
1779255887,productpage,v1,Running,True
1779255887,productpage,v1,Running,True
1779255887,productpage,v1,Running,True
1779255887,productpage,v1,Running,True
1779255887,productpage,v1,Running,True
1779255887,productpage,v1,Running,True
1779255887,productpage,v1,Running,True
1779255887,productpage,v1,Running,True
1779255887,productpage,v1,Running,True
1779255887,ratings,v1,Running,True
1779255887,reviews,v1,Running,True
1779255887,reviews,v2,Running,True
1779255887,reviews,v2,Running,True
1779255887,reviews,v2,Running,True
1779255887,reviews,v2,Running,True
1779255887,reviews,v2,Running,True
1779255887,reviews,v3,Running,True
1779255887,reviews,v3,Running,True
1779255887,reviews,v3,Running,True
1779255887,reviews,v3,Running,True
1779255887,reviews,v3,Running,True
1779255888,details,v1,Running,True
1779255888,details,v1,Running,True
1779255888,details,v1,Running,True
1779255888,details,v1,Running,True
1779255888,productpage,v1,Running,True
1779255888,productpage,v1,Running,True
1779255888,productpage,v1,Running,True
1779255888,productpage,v1,Running,True
1779255888,productpage,v1,Running,True
1779255888,productpage,v1,Running,True
1779255888,productpage,v1,Running,True
1779255888,productpage,v1,Running,True
1779255888,productpage,v1,Running,True
1779255888,productpage,v1,Running,True
1779255888,productpage,v1,Running,True
1779255888,productpage,v1,Running,True
1779255888,productpage,v1,Running,True
1779255888,productpage,v1,Running,True
1779255888,productpage,v1,Running,True
1779255888,productpage,v1,Running,True
1779255888,productpage,v1,Running,True
1779255888,productpage,v1,Running,True
1779255888,productpage,v1,Running,True
1779255888,productpage,v1,Running,True
1779255888,ratings,v1,Running,True
1779255888,reviews,v1,Running,True
1779255888,reviews,v2,Running,True
1779255888,reviews,v2,Running,True
1779255888,reviews,v2,Running,True
1779255888,reviews,v2,Running,True
1779255888,reviews,v2,Running,True
1779255888,reviews,v3,Running,True
1779255888,reviews,v3,Running,True
1779255888,reviews,v3,Running,True
1779255888,reviews,v3,Running,True
1779255888,reviews,v3,Running,True
1779255889,details,v1,Running,True
1779255889,details,v1,Running,True
1779255889,details,v1,Running,True
1779255889,details,v1,Running,True
1779255889,productpage,v1,Running,True
1779255889,productpage,v1,Running,True
1779255889,productpage,v1,Running,True
1779255889,productpage,v1,Running,True
1779255889,productpage,v1,Running,True
1779255889,productpage,v1,Running,True
1779255889,productpage,v1,Running,True
1779255889,productpage,v1,Running,True
1779255889,productpage,v1,Running,True
1779255889,productpage,v1,Running,True
1779255889,productpage,v1,Running,True
1779255889,productpage,v1,Running,True
1779255889,productpage,v1,Running,True
1779255889,productpage,v1,Running,True
1779255889,productpage,v1,Running,True
1779255889,productpage,v1,Running,True
1779255889,productpage,v1,Running,True
1779255889,productpage,v1,Running,True
1779255889,productpage,v1,Running,True
1779255889,productpage,v1,Running,True
1779255889,ratings,v1,Running,True
1779255889,reviews,v1,Running,True
1779255889,reviews,v2,Running,True
1779255889,reviews,v2,Running,True
1779255889,reviews,v2,Running,True
1779255889,reviews,v2,Running,True
1779255889,reviews,v2,Running,True
1779255889,reviews,v3,Running,True
1779255889,reviews,v3,Running,True
1779255889,reviews,v3,Running,True
1779255889,reviews,v3,Running,True
1779255889,reviews,v3,Running,True
1779255890,details,v1,Running,True
1779255890,details,v1,Running,True
1779255890,details,v1,Running,True
1779255890,details,v1,Running,True
1779255890,productpage,v1,Running,True
1779255890,productpage,v1,Running,True
1779255890,productpage,v1,Running,True
1779255890,productpage,v1,Running,True
1779255890,productpage,v1,Running,True
1779255890,productpage,v1,Running,True
1779255890,productpage,v1,Running,True
1779255890,productpage,v1,Running,True
1779255890,productpage,v1,Running,True
1779255890,productpage,v1,Running,True
1779255890,productpage,v1,Running,True
1779255890,productpage,v1,Running,True
1779255890,productpage,v1,Running,True
1779255890,productpage,v1,Running,True
1779255890,productpage,v1,Running,True
1779255890,productpage,v1,Running,True
1779255890,productpage,v1,Running,True
1779255890,productpage,v1,Running,True
1779255890,productpage,v1,Running,True
1779255890,productpage,v1,Running,True
1779255890,ratings,v1,Running,True
1779255890,reviews,v1,Running,True
1779255890,reviews,v2,Running,True
1779255890,reviews,v2,Running,True
1779255890,reviews,v2,Running,True
1779255890,reviews,v2,Running,True
1779255890,reviews,v2,Running,True
1779255890,reviews,v3,Running,True
1779255890,reviews,v3,Running,True
1779255890,reviews,v3,Running,True
1779255890,reviews,v3,Running,True
1779255890,reviews,v3,Running,True
1779255891,details,v1,Running,True
1779255891,details,v1,Running,True
1779255891,details,v1,Running,True
1779255891,details,v1,Running,True
1779255891,productpage,v1,Running,True
1779255891,productpage,v1,Running,True
1779255891,productpage,v1,Running,True
1779255891,productpage,v1,Running,True
1779255891,productpage,v1,Running,True
1779255891,productpage,v1,Running,True
1779255891,productpage,v1,Running,True
1779255891,productpage,v1,Running,True
1779255891,productpage,v1,Running,True
1779255891,productpage,v1,Running,True
1779255891,productpage,v1,Running,True
1779255891,productpage,v1,Running,True
1779255891,productpage,v1,Running,True
1779255891,productpage,v1,Running,True
1779255891,productpage,v1,Running,True
1779255891,productpage,v1,Running,True
1779255891,productpage,v1,Running,True
1779255891,productpage,v1,Running,True
1779255891,productpage,v1,Running,True
1779255891,productpage,v1,Running,True
1779255891,ratings,v1,Running,True
1779255891,reviews,v1,Running,True
1779255891,reviews,v2,Running,True
1779255891,reviews,v2,Running,True
1779255891,reviews,v2,Running,True
1779255891,reviews,v2,Running,True
1779255891,reviews,v2,Running,True
1779255891,reviews,v3,Running,True
1779255891,reviews,v3,Running,True
1779255891,reviews,v3,Running,True
1779255891,reviews,v3,Running,True
1779255891,reviews,v3,Running,True
1779255892,details,v1,Running,True
1779255892,details,v1,Running,True
1779255892,details,v1,Running,True
1779255892,details,v1,Running,True
1779255892,productpage,v1,Running,True
1779255892,productpage,v1,Running,True
1779255892,productpage,v1,Running,True
1779255892,productpage,v1,Running,True
1779255892,productpage,v1,Running,True
1779255892,productpage,v1,Running,True
1779255892,productpage,v1,Running,True
1779255892,productpage,v1,Running,True
1779255892,productpage,v1,Running,True
1779255892,productpage,v1,Running,True
1779255892,productpage,v1,Running,True
1779255892,productpage,v1,Running,True
1779255892,productpage,v1,Running,True
1779255892,productpage,v1,Running,True
1779255892,productpage,v1,Running,True
1779255892,productpage,v1,Running,True
1779255892,productpage,v1,Running,True
1779255892,productpage,v1,Running,True
1779255892,productpage,v1,Running,True
1779255892,productpage,v1,Running,True
1779255892,ratings,v1,Running,True
1779255892,reviews,v1,Running,True
1779255892,reviews,v2,Running,True
1779255892,reviews,v2,Running,True
1779255892,reviews,v2,Running,True
1779255892,reviews,v2,Running,True
1779255892,reviews,v2,Running,True
1779255892,reviews,v3,Running,True
1779255892,reviews,v3,Running,True
1779255892,reviews,v3,Running,True
1779255892,reviews,v3,Running,True
1779255892,reviews,v3,Running,True
1779255893,details,v1,Running,True
1779255893,details,v1,Running,True
1779255893,details,v1,Running,True
1779255893,details,v1,Running,True
1779255893,productpage,v1,Running,True
1779255893,productpage,v1,Running,True
1779255893,productpage,v1,Running,True
1779255893,productpage,v1,Running,True
1779255893,productpage,v1,Running,True
1779255893,productpage,v1,Running,True
1779255893,productpage,v1,Running,True
1779255893,productpage,v1,Running,True
1779255893,productpage,v1,Running,True
1779255893,productpage,v1,Running,True
1779255893,productpage,v1,Running,True
1779255893,productpage,v1,Running,True
1779255893,productpage,v1,Running,True
1779255893,productpage,v1,Running,True
1779255893,productpage,v1,Running,True
1779255893,productpage,v1,Running,True
1779255893,productpage,v1,Running,True
1779255893,productpage,v1,Running,True
1779255893,productpage,v1,Running,True
1779255893,productpage,v1,Running,True
1779255893,ratings,v1,Running,True
1779255893,reviews,v1,Running,True
1779255893,reviews,v2,Running,True
1779255893,reviews,v2,Running,True
1779255893,reviews,v2,Running,True
1779255893,reviews,v2,Running,True
1779255893,reviews,v2,Running,True
1779255893,reviews,v3,Running,True
1779255893,reviews,v3,Running,True
1779255893,reviews,v3,Running,True
1779255893,reviews,v3,Running,True
1779255893,reviews,v3,Running,True
1779255894,details,v1,Running,True
1779255894,details,v1,Running,True
1779255894,details,v1,Running,True
1779255894,details,v1,Running,True
1779255894,productpage,v1,Running,True
1779255894,productpage,v1,Running,True
1779255894,productpage,v1,Running,True
1779255894,productpage,v1,Running,True
1779255894,productpage,v1,Running,True
1779255894,productpage,v1,Running,True
1779255894,productpage,v1,Running,True
1779255894,productpage,v1,Running,True
1779255894,productpage,v1,Running,True
1779255894,productpage,v1,Running,True
1779255894,productpage,v1,Running,True
1779255894,productpage,v1,Running,True
1779255894,productpage,v1,Running,True
1779255894,productpage,v1,Running,True
1779255894,productpage,v1,Running,True
1779255894,productpage,v1,Running,True
1779255894,productpage,v1,Running,True
1779255894,productpage,v1,Running,True
1779255894,productpage,v1,Running,True
1779255894,productpage,v1,Running,True
1779255894,ratings,v1,Running,True
1779255894,reviews,v1,Running,True
1779255894,reviews,v2,Running,True
1779255894,reviews,v2,Running,True
1779255894,reviews,v2,Running,True
1779255894,reviews,v2,Running,True
1779255894,reviews,v2,Running,True
1779255894,reviews,v3,Running,True
1779255894,reviews,v3,Running,True
1779255894,reviews,v3,Running,True
1779255894,reviews,v3,Running,True
1779255894,reviews,v3,Running,True
1779255895,details,v1,Running,True
1779255895,details,v1,Running,True
1779255895,details,v1,Running,True
1779255895,details,v1,Running,True
1779255895,productpage,v1,Running,True
1779255895,productpage,v1,Running,True
1779255895,productpage,v1,Running,True
1779255895,productpage,v1,Running,True
1779255895,productpage,v1,Running,True
1779255895,productpage,v1,Running,True
1779255895,productpage,v1,Running,True
1779255895,productpage,v1,Running,True
1779255895,productpage,v1,Running,True
1779255895,productpage,v1,Running,True
1779255895,productpage,v1,Running,True
1779255895,productpage,v1,Running,True
1779255895,productpage,v1,Running,True
1779255895,productpage,v1,Running,True
1779255895,productpage,v1,Running,True
1779255895,productpage,v1,Running,True
1779255895,productpage,v1,Running,True
1779255895,productpage,v1,Running,True
1779255895,productpage,v1,Running,True
1779255895,productpage,v1,Running,True
1779255895,ratings,v1,Running,True
1779255895,reviews,v1,Running,True
1779255895,reviews,v2,Running,True
1779255895,reviews,v2,Running,True
1779255895,reviews,v2,Running,True
1779255895,reviews,v2,Running,True
1779255895,reviews,v2,Running,True
1779255895,reviews,v3,Running,True
1779255895,reviews,v3,Running,True
1779255895,reviews,v3,Running,True
1779255895,reviews,v3,Running,True
1779255895,reviews,v3,Running,True
1779255896,details,v1,Running,True
1779255896,details,v1,Running,True
1779255896,details,v1,Running,True
1779255896,details,v1,Running,True
1779255896,productpage,v1,Running,True
1779255896,productpage,v1,Running,True
1779255896,productpage,v1,Running,True
1779255896,productpage,v1,Running,True
1779255896,productpage,v1,Running,True
1779255896,productpage,v1,Running,True
1779255896,productpage,v1,Running,True
1779255896,productpage,v1,Running,True
1779255896,productpage,v1,Running,True
1779255896,productpage,v1,Running,True
1779255896,productpage,v1,Running,True
1779255896,productpage,v1,Running,True
1779255896,productpage,v1,Running,True
1779255896,productpage,v1,Running,True
1779255896,productpage,v1,Running,True
1779255896,productpage,v1,Running,True
1779255896,productpage,v1,Running,True
1779255896,productpage,v1,Running,True
1779255896,productpage,v1,Running,True
1779255896,productpage,v1,Running,True
1779255896,ratings,v1,Running,True
1779255896,reviews,v1,Running,True
1779255896,reviews,v2,Running,True
1779255896,reviews,v2,Running,True
1779255896,reviews,v2,Running,True
1779255896,reviews,v2,Running,True
1779255896,reviews,v2,Running,True
1779255896,reviews,v3,Running,True
1779255896,reviews,v3,Running,True
1779255896,reviews,v3,Running,True
1779255896,reviews,v3,Running,True
1779255896,reviews,v3,Running,True
1779255897,details,v1,Running,True
1779255897,details,v1,Running,True
1779255897,details,v1,Running,True
1779255897,details,v1,Running,True
1779255897,productpage,v1,Running,True
1779255897,productpage,v1,Running,True
1779255897,productpage,v1,Running,True
1779255897,productpage,v1,Running,True
1779255897,productpage,v1,Running,True
1779255897,productpage,v1,Running,True
1779255897,productpage,v1,Running,True
1779255897,productpage,v1,Running,True
1779255897,productpage,v1,Running,True
1779255897,productpage,v1,Running,True
1779255897,productpage,v1,Running,True
1779255897,productpage,v1,Running,True
1779255897,productpage,v1,Running,True
1779255897,productpage,v1,Running,True
1779255897,productpage,v1,Running,True
1779255897,productpage,v1,Running,True
1779255897,productpage,v1,Running,True
1779255897,productpage,v1,Running,True
1779255897,productpage,v1,Running,True
1779255897,productpage,v1,Running,True
1779255897,ratings,v1,Running,True
1779255897,reviews,v1,Running,True
1779255897,reviews,v2,Running,True
1779255897,reviews,v2,Running,True
1779255897,reviews,v2,Running,True
1779255897,reviews,v2,Running,True
1779255897,reviews,v2,Running,True
1779255897,reviews,v3,Running,True
1779255897,reviews,v3,Running,True
1779255897,reviews,v3,Running,True
1779255897,reviews,v3,Running,True
1779255897,reviews,v3,Running,True
1779255898,details,v1,Running,True
1779255898,details,v1,Running,True
1779255898,details,v1,Running,True
1779255898,details,v1,Running,True
1779255898,productpage,v1,Running,True
1779255898,productpage,v1,Running,True
1779255898,productpage,v1,Running,True
1779255898,productpage,v1,Running,True
1779255898,productpage,v1,Running,True
1779255898,productpage,v1,Running,True
1779255898,productpage,v1,Running,True
1779255898,productpage,v1,Running,True
1779255898,productpage,v1,Running,True
1779255898,productpage,v1,Running,True
1779255898,productpage,v1,Running,True
1779255898,productpage,v1,Running,True
1779255898,productpage,v1,Running,True
1779255898,productpage,v1,Running,True
1779255898,productpage,v1,Running,True
1779255898,productpage,v1,Running,True
1779255898,productpage,v1,Running,True
1779255898,productpage,v1,Running,True
1779255898,productpage,v1,Running,True
1779255898,productpage,v1,Running,True
1779255898,ratings,v1,Running,True
1779255898,reviews,v1,Running,True
1779255898,reviews,v2,Running,True
1779255898,reviews,v2,Running,True
1779255898,reviews,v2,Running,True
1779255898,reviews,v2,Running,True
1779255898,reviews,v2,Running,True
1779255898,reviews,v3,Running,True
1779255898,reviews,v3,Running,True
1779255898,reviews,v3,Running,True
1779255898,reviews,v3,Running,True
1779255898,reviews,v3,Running,True
