timestamp,app,version,phase,ready
1779256139,details,v1,Running,True
1779256139,details,v1,Running,True
1779256139,details,v1,Running,True
1779256139,details,v1,Running,True
1779256139,productpage,v1,Running,True
1779256139,productpage,v1,Running,True
1779256139,productpage,v1,Running,True
1779256139,productpage,v1,Running,True
1779256139,productpage,v1,Running,True
1779256139,productpage,v1,Running,True
1779256139,productpage,v1,Running,True
1779256139,productpage,v1,Running,True
1779256139,productpage,v1,Running,True
1779256139,productpage,v1,Running,True
1779256139,productpage,v1,Running,True
1779256139,productpage,v1,Running,True
1779256139,productpage,v1,Running,True
1779256139,productpage,v1,Running,True
1779256139,productpage,v1,Running,True
1779256139,productpage,v1,Running,True
1779256139,productpage,v1,Running,True
1779256139,productpage,v1,Running,True
1779256139,productpage,v1,Running,True
1779256139,productpage,v1,Running,True
1779256139,ratings,v1,Running,True
1779256139,reviews,v1,Running,True
1779256139,reviews,v2,Running,True
1779256139,reviews,v2,Running,True
1779256139,reviews,v2,Running,True
1779256139,reviews,v2,Running,True
1779256139,reviews,v2,Running,True
1779256139,reviews,v3,Running,True
1779256139,reviews,v3,Running,True
1779256139,reviews,v3,Running,True
1779256139,reviews,v3,Running,True
1779256140,details,v1,Running,True
1779256140,details,v1,Running,True
1779256140,details,v1,Running,True
1779256140,details,v1,Running,True
1779256140,productpage,v1,Running,True
1779256140,productpage,v1,Running,True
1779256140,productpage,v1,Running,True
1779256140,productpage,v1,Running,True
1779256140,productpage,v1,Running,True
1779256140,productpage,v1,Running,True
1779256140,productpage,v1,Running,True
1779256140,productpage,v1,Running,True
1779256140,productpage,v1,Running,True
1779256140,productpage,v1,Running,True
1779256140,productpage,v1,Running,True
1779256140,productpage,v1,Running,True
1779256140,productpage,v1,Running,True
1779256140,productpage,v1,Running,True
1779256140,productpage,v1,Running,True
1779256140,productpage,v1,Running,True
1779256140,productpage,v1,Running,True
1779256140,productpage,v1,Running,True
1779256140,productpage,v1,Running,True
1779256140,productpage,v1,Running,True
1779256140,ratings,v1,Running,True
1779256140,reviews,v1,Running,True
1779256140,reviews,v2,Running,True
1779256140,reviews,v2,Running,True
1779256140,reviews,v2,Running,True
1779256140,reviews,v2,Running,True
1779256140,reviews,v2,Running,True
1779256140,reviews,v3,Running,True
1779256140,reviews,v3,Running,True
1779256140,reviews,v3,Running,True
1779256140,reviews,v3,Running,True
1779256141,details,v1,Running,True
1779256141,details,v1,Running,True
1779256141,details,v1,Running,True
1779256141,details,v1,Running,True
1779256141,productpage,v1,Running,True
1779256141,productpage,v1,Running,True
1779256141,productpage,v1,Running,True
1779256141,productpage,v1,Running,True
1779256141,productpage,v1,Running,True
1779256141,productpage,v1,Running,True
1779256141,productpage,v1,Running,True
1779256141,productpage,v1,Running,True
1779256141,productpage,v1,Running,True
1779256141,productpage,v1,Running,True
1779256141,productpage,v1,Running,True
1779256141,productpage,v1,Running,True
1779256141,productpage,v1,Running,True
1779256141,productpage,v1,Running,True
1779256141,productpage,v1,Running,True
1779256141,productpage,v1,Running,True
1779256141,productpage,v1,Running,True
1779256141,productpage,v1,Running,True
1779256141,productpage,v1,Running,True
1779256141,productpage,v1,Running,True
1779256141,ratings,v1,Running,True
1779256141,reviews,v1,Running,True
1779256141,reviews,v2,Running,True
1779256141,reviews,v2,Running,True
1779256141,reviews,v2,Running,True
1779256141,reviews,v2,Running,True
1779256141,reviews,v2,Running,True
1779256141,reviews,v3,Running,True
1779256141,reviews,v3,Running,True
1779256141,reviews,v3,Running,True
1779256141,reviews,v3,Running,True
1779256142,details,v1,Running,True
1779256142,details,v1,Running,True
1779256142,details,v1,Running,True
1779256142,details,v1,Running,True
1779256142,productpage,v1,Running,True
1779256142,productpage,v1,Running,True
1779256142,productpage,v1,Running,True
1779256142,productpage,v1,Running,True
1779256142,productpage,v1,Running,True
1779256142,productpage,v1,Running,True
1779256142,productpage,v1,Running,True
1779256142,productpage,v1,Running,True
1779256142,productpage,v1,Running,True
1779256142,productpage,v1,Running,True
1779256142,productpage,v1,Running,True
1779256142,productpage,v1,Running,True
1779256142,productpage,v1,Running,True
1779256142,productpage,v1,Running,True
1779256142,productpage,v1,Running,True
1779256142,productpage,v1,Running,True
1779256142,productpage,v1,Running,True
1779256142,productpage,v1,Running,True
1779256142,productpage,v1,Running,True
1779256142,productpage,v1,Running,True
1779256142,ratings,v1,Running,True
1779256142,reviews,v1,Running,True
1779256142,reviews,v2,Running,True
1779256142,reviews,v2,Running,True
1779256142,reviews,v2,Running,True
1779256142,reviews,v2,Running,True
1779256142,reviews,v2,Failed,False
1779256142,reviews,v3,Running,True
1779256142,reviews,v3,Running,True
1779256142,reviews,v3,Running,True
1779256142,reviews,v3,Running,True
1779256143,details,v1,Running,True
1779256143,details,v1,Running,True
1779256143,details,v1,Running,True
1779256143,details,v1,Running,True
1779256143,productpage,v1,Running,True
1779256143,productpage,v1,Running,True
1779256143,productpage,v1,Running,True
1779256143,productpage,v1,Running,True
1779256143,productpage,v1,Running,True
1779256143,productpage,v1,Running,True
1779256143,productpage,v1,Running,True
1779256143,productpage,v1,Running,True
1779256143,productpage,v1,Running,True
1779256143,productpage,v1,Running,True
1779256143,productpage,v1,Running,True
1779256143,productpage,v1,Running,True
1779256143,productpage,v1,Running,True
1779256143,productpage,v1,Running,True
1779256143,productpage,v1,Running,True
1779256143,productpage,v1,Running,True
1779256143,productpage,v1,Running,True
1779256143,productpage,v1,Running,True
1779256143,productpage,v1,Running,True
1779256143,productpage,v1,Running,True
1779256143,ratings,v1,Running,True
1779256143,reviews,v1,Running,True
1779256143,reviews,v2,Running,True
1779256143,reviews,v2,Running,True
1779256143,reviews,v2,Running,True
1779256143,reviews,v2,Running,True
1779256143,reviews,v3,Running,True
1779256143,reviews,v3,Running,True
1779256143,reviews,v3,Running,True
1779256143,reviews,v3,Running,True
1779256144,details,v1,Running,True
1779256144,details,v1,Running,True
1779256144,details,v1,Running,True
1779256144,details,v1,Running,True
1779256144,productpage,v1,Running,True
1779256144,productpage,v1,Running,True
1779256144,productpage,v1,Running,True
1779256144,productpage,v1,Running,True
1779256144,productpage,v1,Running,True
1779256144,productpage,v1,Running,True
1779256144,productpage,v1,Running,True
1779256144,productpage,v1,Running,True
1779256144,productpage,v1,Running,True
1779256144,productpage,v1,Running,True
1779256144,productpage,v1,Running,True
1779256144,productpage,v1,Running,True
1779256144,productpage,v1,Running,True
1779256144,productpage,v1,Running,True
1779256144,productpage,v1,Running,True
1779256144,productpage,v1,Running,True
1779256144,productpage,v1,Running,True
1779256144,productpage,v1,Running,True
1779256144,productpage,v1,Running,True
1779256144,productpage,v1,Running,True
1779256144,ratings,v1,Running,True
1779256144,reviews,v1,Running,True
1779256144,reviews,v2,Running,True
1779256144,reviews,v2,Running,True
1779256144,reviews,v2,Running,True
1779256144,reviews,v2,Running,True
1779256144,reviews,v3,Running,True
1779256144,reviews,v3,Running,True
1779256144,reviews,v3,Running,True
1779256144,reviews,v3,Running,True
1779256145,details,v1,Running,True
1779256145,details,v1,Running,True
1779256145,details,v1,Running,True
1779256145,details,v1,Running,True
1779256145,productpage,v1,Running,True
1779256145,productpage,v1,Running,True
1779256145,productpage,v1,Running,True
1779256145,productpage,v1,Running,True
1779256145,productpage,v1,Running,True
1779256145,productpage,v1,Running,True
1779256145,productpage,v1,Running,True
1779256145,productpage,v1,Running,True
1779256145,productpage,v1,Running,True
1779256145,productpage,v1,Running,True
1779256145,productpage,v1,Running,True
1779256145,productpage,v1,Running,True
1779256145,productpage,v1,Running,True
1779256145,productpage,v1,Running,True
1779256145,productpage,v1,Running,True
1779256145,productpage,v1,Running,True
1779256145,productpage,v1,Running,True
1779256145,productpage,v1,Running,True
1779256145,productpage,v1,Running,True
1779256145,productpage,v1,Running,True
1779256145,ratings,v1,Running,True
1779256145,reviews,v1,Running,True
1779256145,reviews,v2,Running,True
1779256145,reviews,v2,Running,True
1779256145,reviews,v2,Running,True
1779256145,reviews,v2,Running,True
1779256145,reviews,v3,Running,True
1779256145,reviews,v3,Running,True
1779256145,reviews,v3,Running,True
1779256145,reviews,v3,Running,True
1779256146,details,v1,Running,True
1779256146,details,v1,Running,True
1779256146,details,v1,Running,True
1779256146,details,v1,Running,True
1779256146,productpage,v1,Running,True
1779256146,productpage,v1,Running,True
1779256146,productpage,v1,Running,True
1779256146,productpage,v1,Running,True
1779256146,productpage,v1,Running,True
1779256146,productpage,v1,Running,True
1779256146,productpage,v1,Running,True
1779256146,productpage,v1,Running,True
1779256146,productpage,v1,Running,True
1779256146,productpage,v1,Running,True
1779256146,productpage,v1,Running,True
1779256146,productpage,v1,Running,True
1779256146,productpage,v1,Running,True
1779256146,productpage,v1,Running,True
1779256146,productpage,v1,Running,True
1779256146,productpage,v1,Running,True
1779256146,productpage,v1,Running,True
1779256146,productpage,v1,Running,True
1779256146,productpage,v1,Running,True
1779256146,productpage,v1,Running,True
1779256146,ratings,v1,Running,True
1779256146,reviews,v1,Running,True
1779256146,reviews,v2,Running,True
1779256146,reviews,v2,Running,True
1779256146,reviews,v2,Running,True
1779256146,reviews,v2,Running,True
1779256146,reviews,v3,Running,True
1779256146,reviews,v3,Running,True
1779256146,reviews,v3,Running,True
1779256146,reviews,v3,Running,True
1779256147,details,v1,Running,True
1779256147,details,v1,Running,True
1779256147,details,v1,Running,True
1779256147,details,v1,Running,True
1779256147,productpage,v1,Running,True
1779256147,productpage,v1,Running,True
1779256147,productpage,v1,Running,True
1779256147,productpage,v1,Running,True
1779256147,productpage,v1,Running,True
1779256147,productpage,v1,Running,True
1779256147,productpage,v1,Running,True
1779256147,productpage,v1,Running,True
1779256147,productpage,v1,Running,True
1779256147,productpage,v1,Running,True
1779256147,productpage,v1,Running,True
1779256147,productpage,v1,Running,True
1779256147,productpage,v1,Running,True
1779256147,productpage,v1,Running,True
1779256147,productpage,v1,Running,True
1779256147,productpage,v1,Running,True
1779256147,productpage,v1,Running,True
1779256147,productpage,v1,Running,True
1779256147,productpage,v1,Running,True
1779256147,productpage,v1,Running,True
1779256147,ratings,v1,Running,True
1779256147,reviews,v1,Running,True
1779256147,reviews,v2,Running,True
1779256147,reviews,v2,Running,True
1779256147,reviews,v2,Running,True
1779256147,reviews,v2,Running,True
1779256147,reviews,v3,Running,True
1779256147,reviews,v3,Running,True
1779256147,reviews,v3,Running,True
1779256147,reviews,v3,Running,True
1779256148,details,v1,Running,True
1779256148,details,v1,Running,True
1779256148,details,v1,Running,True
1779256148,details,v1,Running,True
1779256148,productpage,v1,Running,True
1779256148,productpage,v1,Running,True
1779256148,productpage,v1,Running,True
1779256148,productpage,v1,Running,True
1779256148,productpage,v1,Running,True
1779256148,productpage,v1,Running,True
1779256148,productpage,v1,Running,True
1779256148,productpage,v1,Running,True
1779256148,productpage,v1,Running,True
1779256148,productpage,v1,Running,True
1779256148,productpage,v1,Running,True
1779256148,productpage,v1,Running,True
1779256148,productpage,v1,Running,True
1779256148,productpage,v1,Running,True
1779256148,productpage,v1,Running,True
1779256148,productpage,v1,Running,True
1779256148,productpage,v1,Running,True
1779256148,productpage,v1,Running,True
1779256148,productpage,v1,Running,True
1779256148,productpage,v1,Running,True
1779256148,ratings,v1,Running,True
1779256148,reviews,v1,Running,True
1779256148,reviews,v2,Running,True
1779256148,reviews,v2,Running,True
1779256148,reviews,v2,Running,True
1779256148,reviews,v2,Running,True
1779256148,reviews,v3,Running,True
1779256148,reviews,v3,Running,True
1779256148,reviews,v3,Running,True
1779256148,reviews,v3,Running,True
1779256149,details,v1,Running,True
1779256149,details,v1,Running,True
1779256149,details,v1,Running,True
1779256149,details,v1,Running,True
1779256149,productpage,v1,Running,True
1779256149,productpage,v1,Running,True
1779256149,productpage,v1,Running,True
1779256149,productpage,v1,Running,True
1779256149,productpage,v1,Running,True
1779256149,productpage,v1,Running,True
1779256149,productpage,v1,Running,True
1779256149,productpage,v1,Running,True
1779256149,productpage,v1,Running,True
1779256149,productpage,v1,Running,True
1779256149,productpage,v1,Running,True
1779256149,productpage,v1,Running,True
1779256149,productpage,v1,Running,True
1779256149,productpage,v1,Running,True
1779256149,productpage,v1,Running,True
1779256149,productpage,v1,Running,True
1779256149,productpage,v1,Running,True
1779256149,productpage,v1,Running,True
1779256149,productpage,v1,Running,True
1779256149,productpage,v1,Running,True
1779256149,ratings,v1,Running,True
1779256149,reviews,v1,Running,True
1779256149,reviews,v2,Running,True
1779256149,reviews,v2,Running,True
1779256149,reviews,v2,Running,True
1779256149,reviews,v2,Running,True
1779256149,reviews,v3,Running,True
1779256149,reviews,v3,Running,True
1779256149,reviews,v3,Running,True
1779256149,reviews,v3,Running,True
1779256150,details,v1,Running,True
1779256150,details,v1,Running,True
1779256150,details,v1,Running,True
1779256150,details,v1,Running,True
1779256150,productpage,v1,Running,True
1779256150,productpage,v1,Running,True
1779256150,productpage,v1,Running,True
1779256150,productpage,v1,Running,True
1779256150,productpage,v1,Running,True
1779256150,productpage,v1,Running,True
1779256150,productpage,v1,Running,True
1779256150,productpage,v1,Running,True
1779256150,productpage,v1,Running,True
1779256150,productpage,v1,Running,True
1779256150,productpage,v1,Running,True
1779256150,productpage,v1,Running,True
1779256150,productpage,v1,Running,True
1779256150,productpage,v1,Running,True
1779256150,productpage,v1,Running,True
1779256150,productpage,v1,Running,True
1779256150,productpage,v1,Running,True
1779256150,productpage,v1,Running,True
1779256150,productpage,v1,Running,True
1779256150,productpage,v1,Running,True
1779256150,ratings,v1,Running,True
1779256150,reviews,v1,Running,True
1779256150,reviews,v2,Running,True
1779256150,reviews,v2,Running,True
1779256150,reviews,v2,Running,True
1779256150,reviews,v2,Running,True
1779256150,reviews,v3,Running,True
1779256150,reviews,v3,Running,True
1779256150,reviews,v3,Running,True
1779256150,reviews,v3,Running,True
1779256151,details,v1,Running,True
1779256151,details,v1,Running,True
1779256151,details,v1,Running,True
1779256151,details,v1,Running,True
1779256151,productpage,v1,Running,True
1779256151,productpage,v1,Running,True
1779256151,productpage,v1,Running,True
1779256151,productpage,v1,Running,True
1779256151,productpage,v1,Running,True
1779256151,productpage,v1,Running,True
1779256151,productpage,v1,Running,True
1779256151,productpage,v1,Running,True
1779256151,productpage,v1,Running,True
1779256151,productpage,v1,Running,True
1779256151,productpage,v1,Running,True
1779256151,productpage,v1,Running,True
1779256151,productpage,v1,Running,True
1779256151,productpage,v1,Running,True
1779256151,productpage,v1,Running,True
1779256151,productpage,v1,Running,True
1779256151,productpage,v1,Running,True
1779256151,productpage,v1,Running,True
1779256151,productpage,v1,Running,True
1779256151,productpage,v1,Running,True
1779256151,ratings,v1,Running,True
1779256151,reviews,v1,Running,True
1779256151,reviews,v2,Running,True
1779256151,reviews,v2,Running,True
1779256151,reviews,v2,Running,True
1779256151,reviews,v2,Running,True
1779256151,reviews,v3,Running,True
1779256151,reviews,v3,Running,True
1779256151,reviews,v3,Running,True
1779256151,reviews,v3,Running,True
1779256152,details,v1,Running,True
1779256152,details,v1,Running,True
1779256152,details,v1,Running,True
1779256152,details,v1,Running,True
1779256152,productpage,v1,Running,True
1779256152,productpage,v1,Running,True
1779256152,productpage,v1,Running,True
1779256152,productpage,v1,Running,True
1779256152,productpage,v1,Running,True
1779256152,productpage,v1,Running,True
1779256152,productpage,v1,Running,True
1779256152,productpage,v1,Running,True
1779256152,productpage,v1,Running,True
1779256152,productpage,v1,Running,True
1779256152,productpage,v1,Running,True
1779256152,productpage,v1,Running,True
1779256152,productpage,v1,Running,True
1779256152,productpage,v1,Running,True
1779256152,productpage,v1,Running,True
1779256152,productpage,v1,Running,True
1779256152,productpage,v1,Running,True
1779256152,productpage,v1,Running,True
1779256152,productpage,v1,Running,True
1779256152,productpage,v1,Running,True
1779256152,ratings,v1,Running,True
1779256152,reviews,v1,Running,True
1779256152,reviews,v2,Running,True
1779256152,reviews,v2,Running,True
1779256152,reviews,v2,Running,True
1779256152,reviews,v2,Running,True
1779256152,reviews,v3,Running,True
1779256152,reviews,v3,Running,True
1779256152,reviews,v3,Running,True
1779256152,reviews,v3,Running,True
1779256153,details,v1,Running,True
1779256153,details,v1,Running,True
1779256153,details,v1,Running,True
1779256153,details,v1,Running,True
1779256153,productpage,v1,Running,True
1779256153,productpage,v1,Running,True
1779256153,productpage,v1,Running,True
1779256153,productpage,v1,Running,True
1779256153,productpage,v1,Running,True
1779256153,productpage,v1,Running,True
1779256153,productpage,v1,Running,True
1779256153,productpage,v1,Running,True
1779256153,productpage,v1,Running,True
1779256153,productpage,v1,Running,True
1779256153,productpage,v1,Running,True
1779256153,productpage,v1,Running,True
1779256153,productpage,v1,Running,True
1779256153,productpage,v1,Running,True
1779256153,productpage,v1,Running,True
1779256153,productpage,v1,Running,True
1779256153,productpage,v1,Running,True
1779256153,productpage,v1,Running,True
1779256153,productpage,v1,Running,True
1779256153,productpage,v1,Running,True
1779256153,ratings,v1,Running,True
1779256153,reviews,v1,Running,True
1779256153,reviews,v2,Running,True
1779256153,reviews,v2,Running,True
1779256153,reviews,v2,Running,True
1779256153,reviews,v2,Running,True
1779256153,reviews,v3,Running,True
1779256153,reviews,v3,Running,True
1779256153,reviews,v3,Running,True
1779256153,reviews,v3,Running,True
1779256154,details,v1,Running,True
1779256154,details,v1,Running,True
1779256154,details,v1,Running,True
1779256154,details,v1,Running,True
1779256154,productpage,v1,Running,True
1779256154,productpage,v1,Running,True
1779256154,productpage,v1,Running,True
1779256154,productpage,v1,Running,True
1779256154,productpage,v1,Running,True
1779256154,productpage,v1,Running,True
1779256154,productpage,v1,Running,True
1779256154,productpage,v1,Running,True
1779256154,productpage,v1,Running,True
1779256154,productpage,v1,Running,True
1779256154,productpage,v1,Running,True
1779256154,productpage,v1,Running,True
1779256154,productpage,v1,Running,True
1779256154,productpage,v1,Running,True
1779256154,productpage,v1,Running,True
1779256154,productpage,v1,Running,True
1779256154,productpage,v1,Running,True
1779256154,productpage,v1,Running,True
1779256154,productpage,v1,Running,True
1779256154,productpage,v1,Running,True
1779256154,ratings,v1,Running,True
1779256154,reviews,v1,Running,True
1779256154,reviews,v2,Running,True
1779256154,reviews,v2,Running,True
1779256154,reviews,v2,Running,True
1779256154,reviews,v2,Running,True
1779256154,reviews,v3,Running,True
1779256154,reviews,v3,Running,True
1779256154,reviews,v3,Running,True
1779256154,reviews,v3,Running,True
1779256155,details,v1,Running,True
1779256155,details,v1,Running,True
1779256155,details,v1,Running,True
1779256155,details,v1,Running,True
1779256155,productpage,v1,Running,True
1779256155,productpage,v1,Running,True
1779256155,productpage,v1,Running,True
1779256155,productpage,v1,Running,True
1779256155,productpage,v1,Running,True
1779256155,productpage,v1,Running,True
1779256155,productpage,v1,Running,True
1779256155,productpage,v1,Running,True
1779256155,productpage,v1,Running,True
1779256155,productpage,v1,Running,True
1779256155,productpage,v1,Running,True
1779256155,productpage,v1,Running,True
1779256155,productpage,v1,Running,True
1779256155,productpage,v1,Running,True
1779256155,productpage,v1,Running,True
1779256155,productpage,v1,Running,True
1779256155,productpage,v1,Running,True
1779256155,productpage,v1,Running,True
1779256155,productpage,v1,Running,True
1779256155,productpage,v1,Running,True
1779256155,ratings,v1,Running,True
1779256155,reviews,v1,Running,True
1779256155,reviews,v2,Running,True
1779256155,reviews,v2,Running,True
1779256155,reviews,v2,Running,True
1779256155,reviews,v2,Running,True
1779256155,reviews,v3,Running,True
1779256155,reviews,v3,Running,True
1779256155,reviews,v3,Running,True
1779256155,reviews,v3,Running,True
1779256156,details,v1,Running,True
1779256156,details,v1,Running,True
1779256156,details,v1,Running,True
1779256156,details,v1,Running,True
1779256156,productpage,v1,Running,True
1779256156,productpage,v1,Running,True
1779256156,productpage,v1,Running,True
1779256156,productpage,v1,Running,True
1779256156,productpage,v1,Running,True
1779256156,productpage,v1,Running,True
1779256156,productpage,v1,Running,True
1779256156,productpage,v1,Running,True
1779256156,productpage,v1,Running,True
1779256156,productpage,v1,Running,True
1779256156,productpage,v1,Running,True
1779256156,productpage,v1,Running,True
1779256156,productpage,v1,Running,True
1779256156,productpage,v1,Running,True
1779256156,productpage,v1,Running,True
1779256156,productpage,v1,Running,True
1779256156,productpage,v1,Running,True
1779256156,productpage,v1,Running,True
1779256156,productpage,v1,Running,True
1779256156,productpage,v1,Running,True
1779256156,ratings,v1,Running,True
1779256156,reviews,v1,Running,True
1779256156,reviews,v2,Running,True
1779256156,reviews,v2,Running,True
1779256156,reviews,v2,Running,True
1779256156,reviews,v2,Running,True
1779256156,reviews,v3,Running,True
1779256156,reviews,v3,Running,True
1779256156,reviews,v3,Running,True
1779256156,reviews,v3,Running,True
1779256157,details,v1,Running,True
1779256157,details,v1,Running,True
1779256157,details,v1,Running,True
1779256157,details,v1,Running,True
1779256157,productpage,v1,Running,True
1779256157,productpage,v1,Running,True
1779256157,productpage,v1,Running,True
1779256157,productpage,v1,Running,True
1779256157,productpage,v1,Running,True
1779256157,productpage,v1,Running,True
1779256157,productpage,v1,Running,True
1779256157,productpage,v1,Running,True
1779256157,productpage,v1,Running,True
1779256157,productpage,v1,Running,True
1779256157,productpage,v1,Running,True
1779256157,productpage,v1,Running,True
1779256157,productpage,v1,Running,True
1779256157,productpage,v1,Running,True
1779256157,productpage,v1,Running,True
1779256157,productpage,v1,Running,True
1779256157,productpage,v1,Running,True
1779256157,productpage,v1,Running,True
1779256157,productpage,v1,Running,True
1779256157,productpage,v1,Running,True
1779256157,ratings,v1,Running,True
1779256157,reviews,v1,Running,True
1779256157,reviews,v2,Running,True
1779256157,reviews,v2,Running,True
1779256157,reviews,v2,Running,True
1779256157,reviews,v2,Running,True
1779256157,reviews,v3,Running,True
1779256157,reviews,v3,Running,True
1779256157,reviews,v3,Running,True
1779256157,reviews,v3,Running,True
1779256158,details,v1,Running,True
1779256158,details,v1,Running,True
1779256158,details,v1,Running,True
1779256158,details,v1,Running,True
1779256158,productpage,v1,Running,True
1779256158,productpage,v1,Running,True
1779256158,productpage,v1,Running,True
1779256158,productpage,v1,Running,True
1779256158,productpage,v1,Running,True
1779256158,productpage,v1,Running,True
1779256158,productpage,v1,Running,True
1779256158,productpage,v1,Running,True
1779256158,productpage,v1,Running,True
1779256158,productpage,v1,Running,True
1779256158,productpage,v1,Running,True
1779256158,productpage,v1,Running,True
1779256158,productpage,v1,Running,True
1779256158,productpage,v1,Running,True
1779256158,productpage,v1,Running,True
1779256158,productpage,v1,Running,True
1779256158,productpage,v1,Running,True
1779256158,productpage,v1,Running,True
1779256158,productpage,v1,Running,True
1779256158,productpage,v1,Running,True
1779256158,ratings,v1,Running,True
1779256158,reviews,v1,Running,True
1779256158,reviews,v2,Running,True
1779256158,reviews,v2,Running,True
1779256158,reviews,v2,Running,True
1779256158,reviews,v2,Running,True
1779256158,reviews,v3,Running,True
1779256158,reviews,v3,Running,True
1779256158,reviews,v3,Running,True
1779256158,reviews,v3,Running,True
1779256159,details,v1,Running,True
1779256159,details,v1,Running,True
1779256159,details,v1,Running,True
1779256159,details,v1,Running,True
1779256159,productpage,v1,Running,True
1779256159,productpage,v1,Running,True
1779256159,productpage,v1,Running,True
1779256159,productpage,v1,Running,True
1779256159,productpage,v1,Running,True
1779256159,productpage,v1,Running,True
1779256159,productpage,v1,Running,True
1779256159,productpage,v1,Running,True
1779256159,productpage,v1,Running,True
1779256159,productpage,v1,Running,True
1779256159,productpage,v1,Running,True
1779256159,productpage,v1,Running,True
1779256159,productpage,v1,Running,True
1779256159,productpage,v1,Running,True
1779256159,productpage,v1,Running,True
1779256159,productpage,v1,Running,True
1779256159,productpage,v1,Running,True
1779256159,productpage,v1,Running,True
1779256159,productpage,v1,Running,True
1779256159,productpage,v1,Running,True
1779256159,ratings,v1,Running,True
1779256159,reviews,v1,Running,True
1779256159,reviews,v2,Running,True
1779256159,reviews,v2,Running,True
1779256159,reviews,v2,Running,True
1779256159,reviews,v2,Running,True
1779256159,reviews,v3,Running,True
1779256159,reviews,v3,Running,True
1779256159,reviews,v3,Running,True
1779256159,reviews,v3,Running,True
1779256160,details,v1,Running,True
1779256160,details,v1,Running,True
1779256160,details,v1,Running,True
1779256160,details,v1,Running,True
1779256160,productpage,v1,Running,True
1779256160,productpage,v1,Running,True
1779256160,productpage,v1,Running,True
1779256160,productpage,v1,Running,True
1779256160,productpage,v1,Running,True
1779256160,productpage,v1,Running,True
1779256160,productpage,v1,Running,True
1779256160,productpage,v1,Running,True
1779256160,productpage,v1,Running,True
1779256160,productpage,v1,Running,True
1779256160,productpage,v1,Running,True
1779256160,productpage,v1,Running,True
1779256160,productpage,v1,Running,True
1779256160,productpage,v1,Running,True
1779256160,productpage,v1,Running,True
1779256160,productpage,v1,Running,True
1779256160,productpage,v1,Running,True
1779256160,productpage,v1,Running,True
1779256160,productpage,v1,Running,True
1779256160,productpage,v1,Running,True
1779256160,ratings,v1,Running,True
1779256160,reviews,v1,Running,True
1779256160,reviews,v2,Running,True
1779256160,reviews,v2,Running,True
1779256160,reviews,v2,Running,True
1779256160,reviews,v2,Running,True
1779256160,reviews,v3,Running,True
1779256160,reviews,v3,Running,True
1779256160,reviews,v3,Running,True
1779256160,reviews,v3,Running,True
1779256161,details,v1,Running,True
1779256161,details,v1,Running,True
1779256161,details,v1,Running,True
1779256161,details,v1,Running,True
1779256161,productpage,v1,Running,True
1779256161,productpage,v1,Running,True
1779256161,productpage,v1,Running,True
1779256161,productpage,v1,Running,True
1779256161,productpage,v1,Running,True
1779256161,productpage,v1,Running,True
1779256161,productpage,v1,Running,True
1779256161,productpage,v1,Running,True
1779256161,productpage,v1,Running,True
1779256161,productpage,v1,Running,True
1779256161,productpage,v1,Running,True
1779256161,productpage,v1,Running,True
1779256161,productpage,v1,Running,True
1779256161,productpage,v1,Running,True
1779256161,productpage,v1,Running,True
1779256161,productpage,v1,Running,True
1779256161,productpage,v1,Running,True
1779256161,productpage,v1,Running,True
1779256161,productpage,v1,Running,True
1779256161,productpage,v1,Running,True
1779256161,ratings,v1,Running,True
1779256161,reviews,v1,Running,True
1779256161,reviews,v2,Running,True
1779256161,reviews,v2,Running,True
1779256161,reviews,v2,Running,True
1779256161,reviews,v2,Running,True
1779256161,reviews,v3,Running,True
1779256161,reviews,v3,Running,True
1779256161,reviews,v3,Running,True
1779256161,reviews,v3,Running,True
1779256162,details,v1,Running,True
1779256162,details,v1,Running,True
1779256162,details,v1,Running,True
1779256162,details,v1,Running,True
1779256162,productpage,v1,Running,True
1779256162,productpage,v1,Running,True
1779256162,productpage,v1,Running,True
1779256162,productpage,v1,Running,True
1779256162,productpage,v1,Running,True
1779256162,productpage,v1,Running,True
1779256162,productpage,v1,Running,True
1779256162,productpage,v1,Running,True
1779256162,productpage,v1,Running,True
1779256162,productpage,v1,Running,True
1779256162,productpage,v1,Running,True
1779256162,productpage,v1,Running,True
1779256162,productpage,v1,Running,True
1779256162,productpage,v1,Running,True
1779256162,productpage,v1,Running,True
1779256162,productpage,v1,Running,True
1779256162,productpage,v1,Running,True
1779256162,productpage,v1,Running,True
1779256162,productpage,v1,Running,True
1779256162,productpage,v1,Running,True
1779256162,ratings,v1,Running,True
1779256162,reviews,v1,Running,True
1779256162,reviews,v2,Running,True
1779256162,reviews,v2,Running,True
1779256162,reviews,v2,Running,True
1779256162,reviews,v2,Running,True
1779256162,reviews,v3,Running,True
1779256162,reviews,v3,Running,True
1779256162,reviews,v3,Running,True
1779256162,reviews,v3,Running,True
1779256163,details,v1,Running,True
1779256163,details,v1,Running,True
1779256163,details,v1,Running,True
1779256163,details,v1,Running,True
1779256163,productpage,v1,Running,True
1779256163,productpage,v1,Running,True
1779256163,productpage,v1,Running,True
1779256163,productpage,v1,Running,True
1779256163,productpage,v1,Running,True
1779256163,productpage,v1,Running,True
1779256163,productpage,v1,Running,True
1779256163,productpage,v1,Running,True
1779256163,productpage,v1,Running,True
1779256163,productpage,v1,Running,True
1779256163,productpage,v1,Running,True
1779256163,productpage,v1,Running,True
1779256163,productpage,v1,Running,True
1779256163,productpage,v1,Running,True
1779256163,productpage,v1,Running,True
1779256163,productpage,v1,Running,True
1779256163,productpage,v1,Running,True
1779256163,productpage,v1,Running,True
1779256163,productpage,v1,Running,True
1779256163,productpage,v1,Running,True
1779256163,ratings,v1,Running,True
1779256163,reviews,v1,Running,True
1779256163,reviews,v2,Running,True
1779256163,reviews,v2,Running,True
1779256163,reviews,v2,Running,True
1779256163,reviews,v2,Running,True
1779256163,reviews,v3,Running,True
1779256163,reviews,v3,Running,True
1779256163,reviews,v3,Running,True
1779256163,reviews,v3,Running,True
1779256164,details,v1,Running,True
1779256164,details,v1,Running,True
1779256164,details,v1,Running,True
1779256164,details,v1,Running,True
1779256164,productpage,v1,Running,True
1779256164,productpage,v1,Running,True
1779256164,productpage,v1,Running,True
1779256164,productpage,v1,Running,True
1779256164,productpage,v1,Running,True
1779256164,productpage,v1,Running,True
1779256164,productpage,v1,Running,True
1779256164,productpage,v1,Running,True
1779256164,productpage,v1,Running,True
1779256164,productpage,v1,Running,True
1779256164,productpage,v1,Running,True
1779256164,productpage,v1,Running,True
1779256164,productpage,v1,Running,True
1779256164,productpage,v1,Running,True
1779256164,productpage,v1,Running,True
1779256164,productpage,v1,Running,True
1779256164,productpage,v1,Running,True
1779256164,productpage,v1,Running,True
1779256164,productpage,v1,Running,True
1779256164,productpage,v1,Running,True
1779256164,ratings,v1,Running,True
1779256164,reviews,v1,Running,True
1779256164,reviews,v2,Running,True
1779256164,reviews,v2,Running,True
1779256164,reviews,v2,Running,True
1779256164,reviews,v2,Running,True
1779256164,reviews,v3,Running,True
1779256164,reviews,v3,Running,True
1779256164,reviews,v3,Running,True
1779256164,reviews,v3,Running,True
1779256165,details,v1,Running,True
1779256165,details,v1,Running,True
1779256165,details,v1,Running,True
1779256165,details,v1,Running,True
1779256165,productpage,v1,Running,True
1779256165,productpage,v1,Running,True
1779256165,productpage,v1,Running,True
1779256165,productpage,v1,Running,True
1779256165,productpage,v1,Running,True
1779256165,productpage,v1,Running,True
1779256165,productpage,v1,Running,True
1779256165,productpage,v1,Running,True
1779256165,productpage,v1,Running,True
1779256165,productpage,v1,Running,True
1779256165,productpage,v1,Running,True
1779256165,productpage,v1,Running,True
1779256165,productpage,v1,Running,True
1779256165,productpage,v1,Running,True
1779256165,productpage,v1,Running,True
1779256165,productpage,v1,Running,True
1779256165,productpage,v1,Running,True
1779256165,productpage,v1,Running,True
1779256165,productpage,v1,Running,True
1779256165,productpage,v1,Running,True
1779256165,ratings,v1,Running,True
1779256165,reviews,v1,Running,True
1779256165,reviews,v2,Running,True
1779256165,reviews,v2,Running,True
1779256165,reviews,v2,Running,True
1779256165,reviews,v2,Running,True
1779256165,reviews,v3,Running,True
1779256165,reviews,v3,Running,True
1779256165,reviews,v3,Running,True
1779256165,reviews,v3,Running,True
1779256166,details,v1,Running,True
1779256166,details,v1,Running,True
1779256166,details,v1,Running,True
1779256166,details,v1,Running,True
1779256166,productpage,v1,Running,True
1779256166,productpage,v1,Running,True
1779256166,productpage,v1,Running,True
1779256166,productpage,v1,Running,True
1779256166,productpage,v1,Running,True
1779256166,productpage,v1,Running,True
1779256166,productpage,v1,Running,True
1779256166,productpage,v1,Running,True
1779256166,productpage,v1,Running,True
1779256166,productpage,v1,Running,True
1779256166,productpage,v1,Running,True
1779256166,productpage,v1,Running,True
1779256166,productpage,v1,Running,True
1779256166,productpage,v1,Running,True
1779256166,productpage,v1,Running,True
1779256166,productpage,v1,Running,True
1779256166,productpage,v1,Running,True
1779256166,productpage,v1,Running,True
1779256166,productpage,v1,Running,True
1779256166,productpage,v1,Running,True
1779256166,ratings,v1,Running,True
1779256166,reviews,v1,Running,True
1779256166,reviews,v2,Running,True
1779256166,reviews,v2,Running,True
1779256166,reviews,v2,Running,True
1779256166,reviews,v2,Running,True
1779256166,reviews,v3,Running,True
1779256166,reviews,v3,Running,True
1779256166,reviews,v3,Running,True
1779256166,reviews,v3,Running,True
1779256167,details,v1,Running,True
1779256167,details,v1,Running,True
1779256167,details,v1,Running,True
1779256167,details,v1,Running,True
1779256167,productpage,v1,Running,True
1779256167,productpage,v1,Running,True
1779256167,productpage,v1,Running,True
1779256167,productpage,v1,Running,True
1779256167,productpage,v1,Running,True
1779256167,productpage,v1,Running,True
1779256167,productpage,v1,Running,True
1779256167,productpage,v1,Running,True
1779256167,productpage,v1,Running,True
1779256167,productpage,v1,Running,True
1779256167,productpage,v1,Running,True
1779256167,productpage,v1,Running,True
1779256167,productpage,v1,Running,True
1779256167,productpage,v1,Running,True
1779256167,productpage,v1,Running,True
1779256167,productpage,v1,Running,True
1779256167,productpage,v1,Running,True
1779256167,productpage,v1,Running,True
1779256167,productpage,v1,Running,True
1779256167,productpage,v1,Running,True
1779256167,ratings,v1,Running,True
1779256167,reviews,v1,Running,True
1779256167,reviews,v2,Running,True
1779256167,reviews,v2,Running,True
1779256167,reviews,v2,Running,True
1779256167,reviews,v2,Running,True
1779256167,reviews,v3,Running,True
1779256167,reviews,v3,Running,True
1779256167,reviews,v3,Running,True
1779256167,reviews,v3,Running,True
1779256168,details,v1,Running,True
1779256168,details,v1,Running,True
1779256168,details,v1,Running,True
1779256168,details,v1,Running,True
1779256168,productpage,v1,Running,True
1779256168,productpage,v1,Running,True
1779256168,productpage,v1,Running,True
1779256168,productpage,v1,Running,True
1779256168,productpage,v1,Running,True
1779256168,productpage,v1,Running,True
1779256168,productpage,v1,Running,True
1779256168,productpage,v1,Running,True
1779256168,productpage,v1,Running,True
1779256168,productpage,v1,Running,True
1779256168,productpage,v1,Running,True
1779256168,productpage,v1,Running,True
1779256168,productpage,v1,Running,True
1779256168,productpage,v1,Running,True
1779256168,productpage,v1,Running,True
1779256168,productpage,v1,Running,True
1779256168,productpage,v1,Running,True
1779256168,productpage,v1,Running,True
1779256168,productpage,v1,Running,True
1779256168,productpage,v1,Running,True
1779256168,ratings,v1,Running,True
1779256168,reviews,v1,Running,True
1779256168,reviews,v2,Running,True
1779256168,reviews,v2,Running,True
1779256168,reviews,v2,Running,True
1779256168,reviews,v2,Running,True
1779256168,reviews,v3,Running,True
1779256168,reviews,v3,Running,True
1779256168,reviews,v3,Running,True
1779256168,reviews,v3,Running,True
1779256169,details,v1,Running,True
1779256169,details,v1,Running,True
1779256169,details,v1,Running,True
1779256169,details,v1,Running,True
1779256169,productpage,v1,Running,True
1779256169,productpage,v1,Running,True
1779256169,productpage,v1,Running,True
1779256169,productpage,v1,Running,True
1779256169,productpage,v1,Running,True
1779256169,productpage,v1,Running,True
1779256169,productpage,v1,Running,True
1779256169,productpage,v1,Running,True
1779256169,productpage,v1,Running,True
1779256169,productpage,v1,Running,True
1779256169,productpage,v1,Running,True
1779256169,productpage,v1,Running,True
1779256169,productpage,v1,Running,True
1779256169,productpage,v1,Running,True
1779256169,productpage,v1,Running,True
1779256169,productpage,v1,Running,True
1779256169,productpage,v1,Running,True
1779256169,productpage,v1,Running,True
1779256169,productpage,v1,Running,True
1779256169,productpage,v1,Running,True
1779256169,ratings,v1,Running,True
1779256169,reviews,v1,Running,True
1779256169,reviews,v2,Running,True
1779256169,reviews,v2,Running,True
1779256169,reviews,v2,Running,True
1779256169,reviews,v2,Running,True
1779256169,reviews,v3,Running,True
1779256169,reviews,v3,Running,True
1779256169,reviews,v3,Running,True
1779256169,reviews,v3,Running,True
1779256170,details,v1,Running,True
1779256170,details,v1,Running,True
1779256170,details,v1,Running,True
1779256170,details,v1,Running,True
1779256170,productpage,v1,Running,True
1779256170,productpage,v1,Running,True
1779256170,productpage,v1,Running,True
1779256170,productpage,v1,Running,True
1779256170,productpage,v1,Running,True
1779256170,productpage,v1,Running,True
1779256170,productpage,v1,Running,True
1779256170,productpage,v1,Running,True
1779256170,productpage,v1,Running,True
1779256170,productpage,v1,Running,True
1779256170,productpage,v1,Running,True
1779256170,productpage,v1,Running,True
1779256170,productpage,v1,Running,True
1779256170,productpage,v1,Running,True
1779256170,productpage,v1,Running,True
1779256170,productpage,v1,Running,True
1779256170,productpage,v1,Running,True
1779256170,productpage,v1,Running,True
1779256170,productpage,v1,Running,True
1779256170,productpage,v1,Running,True
1779256170,ratings,v1,Running,True
1779256170,reviews,v1,Running,True
1779256170,reviews,v2,Running,True
1779256170,reviews,v2,Running,True
1779256170,reviews,v2,Running,True
1779256170,reviews,v2,Running,True
1779256170,reviews,v3,Running,True
1779256170,reviews,v3,Running,True
1779256170,reviews,v3,Running,True
1779256170,reviews,v3,Running,True
1779256171,details,v1,Running,True
1779256171,details,v1,Running,True
1779256171,details,v1,Running,True
1779256171,details,v1,Running,True
1779256171,productpage,v1,Running,True
1779256171,productpage,v1,Running,True
1779256171,productpage,v1,Running,True
1779256171,productpage,v1,Running,True
1779256171,productpage,v1,Running,True
1779256171,productpage,v1,Running,True
1779256171,productpage,v1,Running,True
1779256171,productpage,v1,Running,True
1779256171,productpage,v1,Running,True
1779256171,productpage,v1,Running,True
1779256171,productpage,v1,Running,True
1779256171,productpage,v1,Running,True
1779256171,productpage,v1,Running,True
1779256171,productpage,v1,Running,True
1779256171,productpage,v1,Running,True
1779256171,productpage,v1,Running,True
1779256171,productpage,v1,Running,True
1779256171,productpage,v1,Running,True
1779256171,productpage,v1,Running,True
1779256171,productpage,v1,Running,True
1779256171,ratings,v1,Running,True
1779256171,reviews,v1,Running,True
1779256171,reviews,v2,Running,True
1779256171,reviews,v2,Running,True
1779256171,reviews,v2,Running,True
1779256171,reviews,v2,Running,True
1779256171,reviews,v3,Running,True
1779256171,reviews,v3,Running,True
1779256171,reviews,v3,Running,True
1779256171,reviews,v3,Running,True
1779256172,details,v1,Running,True
1779256172,details,v1,Running,True
1779256172,details,v1,Running,True
1779256172,details,v1,Running,True
1779256172,productpage,v1,Running,True
1779256172,productpage,v1,Running,True
1779256172,productpage,v1,Running,True
1779256172,productpage,v1,Running,True
1779256172,productpage,v1,Running,True
1779256172,productpage,v1,Running,True
1779256172,productpage,v1,Running,True
1779256172,productpage,v1,Running,True
1779256172,productpage,v1,Running,True
1779256172,productpage,v1,Running,True
1779256172,productpage,v1,Running,True
1779256172,productpage,v1,Running,True
1779256172,productpage,v1,Running,True
1779256172,productpage,v1,Running,True
1779256172,productpage,v1,Running,True
1779256172,productpage,v1,Running,True
1779256172,productpage,v1,Running,True
1779256172,productpage,v1,Running,True
1779256172,productpage,v1,Running,True
1779256172,productpage,v1,Running,True
1779256172,ratings,v1,Running,True
1779256172,reviews,v1,Running,True
1779256172,reviews,v2,Running,True
1779256172,reviews,v2,Running,True
1779256172,reviews,v2,Running,True
1779256172,reviews,v2,Running,True
1779256172,reviews,v3,Running,True
1779256172,reviews,v3,Running,True
1779256172,reviews,v3,Running,True
1779256172,reviews,v3,Running,True
1779256173,details,v1,Running,True
1779256173,details,v1,Running,True
1779256173,details,v1,Running,True
1779256173,details,v1,Running,True
1779256173,productpage,v1,Running,True
1779256173,productpage,v1,Running,True
1779256173,productpage,v1,Running,True
1779256173,productpage,v1,Running,True
1779256173,productpage,v1,Running,True
1779256173,productpage,v1,Running,True
1779256173,productpage,v1,Running,True
1779256173,productpage,v1,Running,True
1779256173,productpage,v1,Running,True
1779256173,productpage,v1,Running,True
1779256173,productpage,v1,Running,True
1779256173,productpage,v1,Running,True
1779256173,productpage,v1,Running,True
1779256173,productpage,v1,Running,True
1779256173,productpage,v1,Running,True
1779256173,productpage,v1,Running,True
1779256173,productpage,v1,Running,True
1779256173,productpage,v1,Running,True
1779256173,productpage,v1,Running,True
1779256173,productpage,v1,Running,True
1779256173,ratings,v1,Running,True
1779256173,reviews,v1,Running,True
1779256173,reviews,v2,Running,True
1779256173,reviews,v2,Running,True
1779256173,reviews,v2,Running,True
1779256173,reviews,v2,Running,True
1779256173,reviews,v3,Running,True
1779256173,reviews,v3,Running,True
1779256173,reviews,v3,Running,True
1779256173,reviews,v3,Running,True
1779256174,details,v1,Running,True
1779256174,details,v1,Running,True
1779256174,details,v1,Running,True
1779256174,details,v1,Running,True
1779256174,productpage,v1,Running,True
1779256174,productpage,v1,Running,True
1779256174,productpage,v1,Running,True
1779256174,productpage,v1,Running,True
1779256174,productpage,v1,Running,True
1779256174,productpage,v1,Running,True
1779256174,productpage,v1,Running,True
1779256174,productpage,v1,Running,True
1779256174,productpage,v1,Running,True
1779256174,productpage,v1,Running,True
1779256174,productpage,v1,Running,True
1779256174,productpage,v1,Running,True
1779256174,productpage,v1,Running,True
1779256174,productpage,v1,Running,True
1779256174,productpage,v1,Running,True
1779256174,productpage,v1,Running,True
1779256174,productpage,v1,Running,True
1779256174,productpage,v1,Running,True
1779256174,productpage,v1,Running,True
1779256174,productpage,v1,Running,True
1779256174,ratings,v1,Running,True
1779256174,reviews,v1,Running,True
1779256174,reviews,v2,Running,True
1779256174,reviews,v2,Running,True
1779256174,reviews,v2,Running,True
1779256174,reviews,v2,Running,True
1779256174,reviews,v3,Running,True
1779256174,reviews,v3,Running,True
1779256174,reviews,v3,Running,True
1779256174,reviews,v3,Running,True
1779256175,details,v1,Running,True
1779256175,details,v1,Running,True
1779256175,details,v1,Running,True
1779256175,details,v1,Running,True
1779256175,productpage,v1,Running,True
1779256175,productpage,v1,Running,True
1779256175,productpage,v1,Running,True
1779256175,productpage,v1,Running,True
1779256175,productpage,v1,Running,True
1779256175,productpage,v1,Running,True
1779256175,productpage,v1,Running,True
1779256175,productpage,v1,Running,True
1779256175,productpage,v1,Running,True
1779256175,productpage,v1,Running,True
1779256175,productpage,v1,Running,True
1779256175,productpage,v1,Running,True
1779256175,productpage,v1,Running,True
1779256175,productpage,v1,Running,True
1779256175,productpage,v1,Running,True
1779256175,productpage,v1,Running,True
1779256175,productpage,v1,Running,True
1779256175,productpage,v1,Running,True
1779256175,productpage,v1,Running,True
1779256175,productpage,v1,Running,True
1779256175,ratings,v1,Running,True
1779256175,reviews,v1,Running,True
1779256175,reviews,v2,Running,True
1779256175,reviews,v2,Running,True
1779256175,reviews,v2,Running,True
1779256175,reviews,v2,Running,True
1779256175,reviews,v3,Running,True
1779256175,reviews,v3,Running,True
1779256175,reviews,v3,Running,True
1779256175,reviews,v3,Running,True
1779256176,details,v1,Running,True
1779256176,details,v1,Running,True
1779256176,details,v1,Running,True
1779256176,details,v1,Running,True
1779256176,productpage,v1,Running,True
1779256176,productpage,v1,Running,True
1779256176,productpage,v1,Running,True
1779256176,productpage,v1,Running,True
1779256176,productpage,v1,Running,True
1779256176,productpage,v1,Running,True
1779256176,productpage,v1,Running,True
1779256176,productpage,v1,Running,True
1779256176,productpage,v1,Running,True
1779256176,productpage,v1,Running,True
1779256176,productpage,v1,Running,True
1779256176,productpage,v1,Running,True
1779256176,productpage,v1,Running,True
1779256176,productpage,v1,Running,True
1779256176,productpage,v1,Running,True
1779256176,productpage,v1,Running,True
1779256176,productpage,v1,Running,True
1779256176,productpage,v1,Running,True
1779256176,productpage,v1,Running,True
1779256176,productpage,v1,Running,True
1779256176,ratings,v1,Running,True
1779256176,reviews,v1,Running,True
1779256176,reviews,v2,Running,True
1779256176,reviews,v2,Running,True
1779256176,reviews,v2,Running,True
1779256176,reviews,v2,Running,True
1779256176,reviews,v3,Running,True
1779256176,reviews,v3,Running,True
1779256176,reviews,v3,Running,True
1779256176,reviews,v3,Running,True
1779256177,details,v1,Running,True
1779256177,details,v1,Running,True
1779256177,details,v1,Running,True
1779256177,details,v1,Running,True
1779256177,productpage,v1,Running,True
1779256177,productpage,v1,Running,True
1779256177,productpage,v1,Running,True
1779256177,productpage,v1,Running,True
1779256177,productpage,v1,Running,True
1779256177,productpage,v1,Running,True
1779256177,productpage,v1,Running,True
1779256177,productpage,v1,Running,True
1779256177,productpage,v1,Running,True
1779256177,productpage,v1,Running,True
1779256177,productpage,v1,Running,True
1779256177,productpage,v1,Running,True
1779256177,productpage,v1,Running,True
1779256177,productpage,v1,Running,True
1779256177,productpage,v1,Running,True
1779256177,productpage,v1,Running,True
1779256177,productpage,v1,Running,True
1779256177,productpage,v1,Running,True
1779256177,productpage,v1,Running,True
1779256177,productpage,v1,Running,True
1779256177,ratings,v1,Running,True
1779256177,reviews,v1,Running,True
1779256177,reviews,v2,Running,True
1779256177,reviews,v2,Running,True
1779256177,reviews,v2,Running,True
1779256177,reviews,v2,Running,True
1779256177,reviews,v3,Running,True
1779256177,reviews,v3,Running,True
1779256177,reviews,v3,Running,True
1779256177,reviews,v3,Running,True
1779256178,details,v1,Running,True
1779256178,details,v1,Running,True
1779256178,details,v1,Running,True
1779256178,details,v1,Running,True
1779256178,productpage,v1,Running,True
1779256178,productpage,v1,Running,True
1779256178,productpage,v1,Running,True
1779256178,productpage,v1,Running,True
1779256178,productpage,v1,Running,True
1779256178,productpage,v1,Running,True
1779256178,productpage,v1,Running,True
1779256178,productpage,v1,Running,True
1779256178,productpage,v1,Running,True
1779256178,productpage,v1,Running,True
1779256178,productpage,v1,Running,True
1779256178,productpage,v1,Running,True
1779256178,productpage,v1,Running,True
1779256178,productpage,v1,Running,True
1779256178,productpage,v1,Running,True
1779256178,productpage,v1,Running,True
1779256178,productpage,v1,Running,True
1779256178,productpage,v1,Running,True
1779256178,productpage,v1,Running,True
1779256178,productpage,v1,Running,True
1779256178,ratings,v1,Running,True
1779256178,reviews,v1,Running,True
1779256178,reviews,v2,Running,True
1779256178,reviews,v2,Running,True
1779256178,reviews,v2,Running,True
1779256178,reviews,v2,Running,True
1779256178,reviews,v3,Running,True
1779256178,reviews,v3,Running,True
1779256178,reviews,v3,Running,True
1779256178,reviews,v3,Running,True
1779256179,details,v1,Running,True
1779256179,details,v1,Running,True
1779256179,details,v1,Running,True
1779256179,details,v1,Running,True
1779256179,productpage,v1,Running,True
1779256179,productpage,v1,Running,True
1779256179,productpage,v1,Running,True
1779256179,productpage,v1,Running,True
1779256179,productpage,v1,Running,True
1779256179,productpage,v1,Running,True
1779256179,productpage,v1,Running,True
1779256179,productpage,v1,Running,True
1779256179,productpage,v1,Running,True
1779256179,productpage,v1,Running,True
1779256179,productpage,v1,Running,True
1779256179,productpage,v1,Running,True
1779256179,productpage,v1,Running,True
1779256179,productpage,v1,Running,True
1779256179,productpage,v1,Running,True
1779256179,productpage,v1,Running,True
1779256179,productpage,v1,Running,True
1779256179,productpage,v1,Running,True
1779256179,productpage,v1,Running,True
1779256179,productpage,v1,Running,True
1779256179,ratings,v1,Running,True
1779256179,reviews,v1,Running,True
1779256179,reviews,v2,Running,True
1779256179,reviews,v2,Running,True
1779256179,reviews,v2,Running,True
1779256179,reviews,v2,Running,True
1779256179,reviews,v3,Running,True
1779256179,reviews,v3,Running,True
1779256179,reviews,v3,Running,True
1779256179,reviews,v3,Running,True
1779256180,details,v1,Running,True
1779256180,details,v1,Running,True
1779256180,details,v1,Running,True
1779256180,details,v1,Running,True
1779256180,productpage,v1,Running,True
1779256180,productpage,v1,Running,True
1779256180,productpage,v1,Running,True
1779256180,productpage,v1,Running,True
1779256180,productpage,v1,Running,True
1779256180,productpage,v1,Running,True
1779256180,productpage,v1,Running,True
1779256180,productpage,v1,Running,True
1779256180,productpage,v1,Running,True
1779256180,productpage,v1,Running,True
1779256180,productpage,v1,Running,True
1779256180,productpage,v1,Running,True
1779256180,productpage,v1,Running,True
1779256180,productpage,v1,Running,True
1779256180,productpage,v1,Running,True
1779256180,productpage,v1,Running,True
1779256180,productpage,v1,Running,True
1779256180,productpage,v1,Running,True
1779256180,productpage,v1,Running,True
1779256180,productpage,v1,Running,True
1779256180,ratings,v1,Running,True
1779256180,reviews,v1,Running,True
1779256180,reviews,v2,Running,True
1779256180,reviews,v2,Running,True
1779256180,reviews,v2,Running,True
1779256180,reviews,v2,Running,True
1779256180,reviews,v3,Running,True
1779256180,reviews,v3,Running,True
1779256180,reviews,v3,Running,True
1779256180,reviews,v3,Running,True
1779256181,details,v1,Pending,False
1779256181,details,v1,Running,True
1779256181,details,v1,Running,True
1779256181,details,v1,Running,True
1779256181,details,v1,Running,True
1779256181,productpage,v1,Running,True
1779256181,productpage,v1,Running,True
1779256181,productpage,v1,Running,True
1779256181,productpage,v1,Running,True
1779256181,productpage,v1,Running,True
1779256181,productpage,v1,Running,True
1779256181,productpage,v1,Running,True
1779256181,productpage,v1,Running,True
1779256181,productpage,v1,Running,True
1779256181,productpage,v1,Running,True
1779256181,productpage,v1,Running,True
1779256181,productpage,v1,Running,True
1779256181,productpage,v1,Running,True
1779256181,productpage,v1,Running,True
1779256181,productpage,v1,Running,True
1779256181,productpage,v1,Running,True
1779256181,productpage,v1,Running,True
1779256181,productpage,v1,Running,True
1779256181,productpage,v1,Running,True
1779256181,productpage,v1,Running,True
1779256181,ratings,v1,Running,True
1779256181,reviews,v1,Running,True
1779256181,reviews,v2,Running,True
1779256181,reviews,v2,Running,True
1779256181,reviews,v2,Running,True
1779256181,reviews,v2,Running,True
1779256181,reviews,v3,Running,True
1779256181,reviews,v3,Running,True
1779256181,reviews,v3,Running,True
1779256181,reviews,v3,Running,True
1779256182,details,v1,Pending,False
1779256182,details,v1,Running,True
1779256182,details,v1,Running,True
1779256182,details,v1,Running,True
1779256182,details,v1,Running,True
1779256182,productpage,v1,Running,True
1779256182,productpage,v1,Running,True
1779256182,productpage,v1,Running,True
1779256182,productpage,v1,Running,True
1779256182,productpage,v1,Running,True
1779256182,productpage,v1,Running,True
1779256182,productpage,v1,Running,True
1779256182,productpage,v1,Running,True
1779256182,productpage,v1,Running,True
1779256182,productpage,v1,Running,True
1779256182,productpage,v1,Running,True
1779256182,productpage,v1,Running,True
1779256182,productpage,v1,Running,True
1779256182,productpage,v1,Running,True
1779256182,productpage,v1,Running,True
1779256182,productpage,v1,Running,True
1779256182,productpage,v1,Running,True
1779256182,productpage,v1,Running,True
1779256182,productpage,v1,Running,True
1779256182,productpage,v1,Running,True
1779256182,ratings,v1,Running,True
1779256182,reviews,v1,Running,True
1779256182,reviews,v2,Running,True
1779256182,reviews,v2,Running,True
1779256182,reviews,v2,Running,True
1779256182,reviews,v2,Running,True
1779256182,reviews,v3,Running,True
1779256182,reviews,v3,Running,True
1779256182,reviews,v3,Running,True
1779256182,reviews,v3,Running,True
1779256183,details,v1,Pending,False
1779256183,details,v1,Running,True
1779256183,details,v1,Running,True
1779256183,details,v1,Running,True
1779256183,details,v1,Running,True
1779256183,productpage,v1,Running,True
1779256183,productpage,v1,Running,True
1779256183,productpage,v1,Running,True
1779256183,productpage,v1,Running,True
1779256183,productpage,v1,Running,True
1779256183,productpage,v1,Running,True
1779256183,productpage,v1,Running,True
1779256183,productpage,v1,Running,True
1779256183,productpage,v1,Running,True
1779256183,productpage,v1,Running,True
1779256183,productpage,v1,Running,True
1779256183,productpage,v1,Running,True
1779256183,productpage,v1,Running,True
1779256183,productpage,v1,Running,True
1779256183,productpage,v1,Running,True
1779256183,productpage,v1,Running,True
1779256183,productpage,v1,Running,True
1779256183,productpage,v1,Running,True
1779256183,productpage,v1,Running,True
1779256183,productpage,v1,Running,True
1779256183,ratings,v1,Running,True
1779256183,reviews,v1,Running,True
1779256183,reviews,v2,Running,True
1779256183,reviews,v2,Running,True
1779256183,reviews,v2,Running,True
1779256183,reviews,v2,Running,True
1779256183,reviews,v3,Running,True
1779256183,reviews,v3,Running,True
1779256183,reviews,v3,Running,True
1779256183,reviews,v3,Running,True
1779256184,details,v1,Running,False
1779256184,details,v1,Running,True
1779256184,details,v1,Running,True
1779256184,details,v1,Running,True
1779256184,details,v1,Running,True
1779256184,productpage,v1,Running,True
1779256184,productpage,v1,Running,True
1779256184,productpage,v1,Running,True
1779256184,productpage,v1,Running,True
1779256184,productpage,v1,Running,True
1779256184,productpage,v1,Running,True
1779256184,productpage,v1,Running,True
1779256184,productpage,v1,Running,True
1779256184,productpage,v1,Running,True
1779256184,productpage,v1,Running,True
1779256184,productpage,v1,Running,True
1779256184,productpage,v1,Running,True
1779256184,productpage,v1,Running,True
1779256184,productpage,v1,Running,True
1779256184,productpage,v1,Running,True
1779256184,productpage,v1,Running,True
1779256184,productpage,v1,Running,True
1779256184,productpage,v1,Running,True
1779256184,productpage,v1,Running,True
1779256184,productpage,v1,Running,True
1779256184,ratings,v1,Running,True
1779256184,reviews,v1,Running,True
1779256184,reviews,v2,Running,True
1779256184,reviews,v2,Running,True
1779256184,reviews,v2,Running,True
1779256184,reviews,v2,Running,True
1779256184,reviews,v3,Running,True
1779256184,reviews,v3,Running,True
1779256184,reviews,v3,Running,True
1779256184,reviews,v3,Running,True
1779256185,details,v1,Running,False
1779256185,details,v1,Running,True
1779256185,details,v1,Running,True
1779256185,details,v1,Running,True
1779256185,details,v1,Running,True
1779256185,productpage,v1,Running,True
1779256185,productpage,v1,Running,True
1779256185,productpage,v1,Running,True
1779256185,productpage,v1,Running,True
1779256185,productpage,v1,Running,True
1779256185,productpage,v1,Running,True
1779256185,productpage,v1,Running,True
1779256185,productpage,v1,Running,True
1779256185,productpage,v1,Running,True
1779256185,productpage,v1,Running,True
1779256185,productpage,v1,Running,True
1779256185,productpage,v1,Running,True
1779256185,productpage,v1,Running,True
1779256185,productpage,v1,Running,True
1779256185,productpage,v1,Running,True
1779256185,productpage,v1,Running,True
1779256185,productpage,v1,Running,True
1779256185,productpage,v1,Running,True
1779256185,productpage,v1,Running,True
1779256185,productpage,v1,Running,True
1779256185,ratings,v1,Running,True
1779256185,reviews,v1,Running,True
1779256185,reviews,v2,Running,True
1779256185,reviews,v2,Running,True
1779256185,reviews,v2,Running,True
1779256185,reviews,v2,Running,True
1779256185,reviews,v3,Running,True
1779256185,reviews,v3,Running,True
1779256185,reviews,v3,Running,True
1779256185,reviews,v3,Running,True
1779256186,details,v1,Running,True
1779256186,details,v1,Running,True
1779256186,details,v1,Running,True
1779256186,details,v1,Running,True
1779256186,details,v1,Running,True
1779256186,productpage,v1,Running,True
1779256186,productpage,v1,Running,True
1779256186,productpage,v1,Running,True
1779256186,productpage,v1,Running,True
1779256186,productpage,v1,Running,True
1779256186,productpage,v1,Running,True
1779256186,productpage,v1,Running,True
1779256186,productpage,v1,Running,True
1779256186,productpage,v1,Running,True
1779256186,productpage,v1,Running,True
1779256186,productpage,v1,Running,True
1779256186,productpage,v1,Running,True
1779256186,productpage,v1,Running,True
1779256186,productpage,v1,Running,True
1779256186,productpage,v1,Running,True
1779256186,productpage,v1,Running,True
1779256186,productpage,v1,Running,True
1779256186,productpage,v1,Running,True
1779256186,productpage,v1,Running,True
1779256186,productpage,v1,Running,True
1779256186,ratings,v1,Running,True
1779256186,reviews,v1,Running,True
1779256186,reviews,v2,Running,True
1779256186,reviews,v2,Running,True
1779256186,reviews,v2,Running,True
1779256186,reviews,v2,Running,True
1779256186,reviews,v3,Running,True
1779256186,reviews,v3,Running,True
1779256186,reviews,v3,Running,True
1779256186,reviews,v3,Running,True
1779256187,details,v1,Running,True
1779256187,details,v1,Running,True
1779256187,details,v1,Running,True
1779256187,details,v1,Running,True
1779256187,details,v1,Running,True
1779256187,productpage,v1,Running,True
1779256187,productpage,v1,Running,True
1779256187,productpage,v1,Running,True
1779256187,productpage,v1,Running,True
1779256187,productpage,v1,Running,True
1779256187,productpage,v1,Running,True
1779256187,productpage,v1,Running,True
1779256187,productpage,v1,Running,True
1779256187,productpage,v1,Running,True
1779256187,productpage,v1,Running,True
1779256187,productpage,v1,Running,True
1779256187,productpage,v1,Running,True
1779256187,productpage,v1,Running,True
1779256187,productpage,v1,Running,True
1779256187,productpage,v1,Running,True
1779256187,productpage,v1,Running,True
1779256187,productpage,v1,Running,True
1779256187,productpage,v1,Running,True
1779256187,productpage,v1,Running,True
1779256187,productpage,v1,Running,True
1779256187,ratings,v1,Running,True
1779256187,reviews,v1,Running,True
1779256187,reviews,v2,Running,True
1779256187,reviews,v2,Failed,False
1779256187,reviews,v2,Running,True
1779256187,reviews,v2,Running,True
1779256187,reviews,v3,Running,True
1779256187,reviews,v3,Running,True
1779256187,reviews,v3,Running,True
1779256187,reviews,v3,Running,True
1779256188,details,v1,Running,True
1779256188,details,v1,Running,True
1779256188,details,v1,Running,True
1779256188,details,v1,Running,True
1779256188,details,v1,Running,True
1779256188,productpage,v1,Running,True
1779256188,productpage,v1,Running,True
1779256188,productpage,v1,Running,True
1779256188,productpage,v1,Running,True
1779256188,productpage,v1,Running,True
1779256188,productpage,v1,Running,True
1779256188,productpage,v1,Running,True
1779256188,productpage,v1,Running,True
1779256188,productpage,v1,Running,True
1779256188,productpage,v1,Running,True
1779256188,productpage,v1,Running,True
1779256188,productpage,v1,Running,True
1779256188,productpage,v1,Running,True
1779256188,productpage,v1,Running,True
1779256188,productpage,v1,Running,True
1779256188,productpage,v1,Running,True
1779256188,productpage,v1,Running,True
1779256188,productpage,v1,Running,True
1779256188,productpage,v1,Running,True
1779256188,productpage,v1,Running,True
1779256188,ratings,v1,Running,True
1779256188,reviews,v1,Running,True
1779256188,reviews,v2,Running,True
1779256188,reviews,v2,Running,True
1779256188,reviews,v2,Running,True
1779256188,reviews,v3,Running,True
1779256188,reviews,v3,Running,True
1779256188,reviews,v3,Running,True
1779256188,reviews,v3,Running,True
1779256189,details,v1,Running,True
1779256189,details,v1,Running,True
1779256189,details,v1,Running,True
1779256189,details,v1,Running,True
1779256189,details,v1,Running,True
1779256189,productpage,v1,Running,True
1779256189,productpage,v1,Running,True
1779256189,productpage,v1,Running,True
1779256189,productpage,v1,Running,True
1779256189,productpage,v1,Running,True
1779256189,productpage,v1,Running,True
1779256189,productpage,v1,Running,True
1779256189,productpage,v1,Running,True
1779256189,productpage,v1,Running,True
1779256189,productpage,v1,Running,True
1779256189,productpage,v1,Running,True
1779256189,productpage,v1,Running,True
1779256189,productpage,v1,Running,True
1779256189,productpage,v1,Running,True
1779256189,productpage,v1,Running,True
1779256189,productpage,v1,Running,True
1779256189,productpage,v1,Running,True
1779256189,productpage,v1,Running,True
1779256189,productpage,v1,Running,True
1779256189,productpage,v1,Running,True
1779256189,ratings,v1,Running,True
1779256189,reviews,v1,Running,True
1779256189,reviews,v2,Running,True
1779256189,reviews,v2,Running,True
1779256189,reviews,v2,Running,True
1779256189,reviews,v3,Running,True
1779256189,reviews,v3,Running,True
1779256189,reviews,v3,Running,True
1779256189,reviews,v3,Running,True
1779256190,details,v1,Running,True
1779256190,details,v1,Running,True
1779256190,details,v1,Running,True
1779256190,details,v1,Running,True
1779256190,details,v1,Running,True
1779256190,productpage,v1,Running,True
1779256190,productpage,v1,Running,True
1779256190,productpage,v1,Running,True
1779256190,productpage,v1,Running,True
1779256190,productpage,v1,Running,True
1779256190,productpage,v1,Running,True
1779256190,productpage,v1,Running,True
1779256190,productpage,v1,Running,True
1779256190,productpage,v1,Running,True
1779256190,productpage,v1,Running,True
1779256190,productpage,v1,Running,True
1779256190,productpage,v1,Running,True
1779256190,productpage,v1,Running,True
1779256190,productpage,v1,Running,True
1779256190,productpage,v1,Running,True
1779256190,productpage,v1,Running,True
1779256190,productpage,v1,Running,True
1779256190,productpage,v1,Running,True
1779256190,productpage,v1,Running,True
1779256190,productpage,v1,Running,True
1779256190,ratings,v1,Running,True
1779256190,reviews,v1,Running,True
1779256190,reviews,v2,Running,True
1779256190,reviews,v2,Running,True
1779256190,reviews,v2,Running,True
1779256190,reviews,v3,Running,True
1779256190,reviews,v3,Running,True
1779256190,reviews,v3,Running,True
1779256190,reviews,v3,Running,True
1779256191,details,v1,Running,True
1779256191,details,v1,Running,True
1779256191,details,v1,Running,True
1779256191,details,v1,Running,True
1779256191,details,v1,Running,True
1779256191,productpage,v1,Running,True
1779256191,productpage,v1,Running,True
1779256191,productpage,v1,Running,True
1779256191,productpage,v1,Running,True
1779256191,productpage,v1,Running,True
1779256191,productpage,v1,Running,True
1779256191,productpage,v1,Running,True
1779256191,productpage,v1,Running,True
1779256191,productpage,v1,Running,True
1779256191,productpage,v1,Running,True
1779256191,productpage,v1,Running,True
1779256191,productpage,v1,Running,True
1779256191,productpage,v1,Running,True
1779256191,productpage,v1,Running,True
1779256191,productpage,v1,Running,True
1779256191,productpage,v1,Running,True
1779256191,productpage,v1,Running,True
1779256191,productpage,v1,Running,True
1779256191,productpage,v1,Running,True
1779256191,productpage,v1,Running,True
1779256191,ratings,v1,Running,True
1779256191,reviews,v1,Running,True
1779256191,reviews,v2,Running,True
1779256191,reviews,v2,Running,True
1779256191,reviews,v2,Running,True
1779256191,reviews,v3,Running,True
1779256191,reviews,v3,Running,True
1779256191,reviews,v3,Running,True
1779256191,reviews,v3,Running,True
1779256192,details,v1,Running,True
1779256192,details,v1,Running,True
1779256192,details,v1,Running,True
1779256192,details,v1,Running,True
1779256192,details,v1,Running,True
1779256192,productpage,v1,Running,True
1779256192,productpage,v1,Running,True
1779256192,productpage,v1,Running,True
1779256192,productpage,v1,Running,True
1779256192,productpage,v1,Running,True
1779256192,productpage,v1,Running,True
1779256192,productpage,v1,Running,True
1779256192,productpage,v1,Running,True
1779256192,productpage,v1,Running,True
1779256192,productpage,v1,Running,True
1779256192,productpage,v1,Running,True
1779256192,productpage,v1,Running,True
1779256192,productpage,v1,Running,True
1779256192,productpage,v1,Running,True
1779256192,productpage,v1,Running,True
1779256192,productpage,v1,Running,True
1779256192,productpage,v1,Running,True
1779256192,productpage,v1,Running,True
1779256192,productpage,v1,Running,True
1779256192,productpage,v1,Running,True
1779256192,ratings,v1,Running,True
1779256192,reviews,v1,Running,True
1779256192,reviews,v2,Running,True
1779256192,reviews,v2,Running,True
1779256192,reviews,v2,Running,True
1779256192,reviews,v3,Running,True
1779256192,reviews,v3,Running,True
1779256192,reviews,v3,Running,True
1779256192,reviews,v3,Running,True
1779256193,details,v1,Running,True
1779256193,details,v1,Running,True
1779256193,details,v1,Running,True
1779256193,details,v1,Running,True
1779256193,details,v1,Running,True
1779256193,productpage,v1,Running,True
1779256193,productpage,v1,Running,True
1779256193,productpage,v1,Running,True
1779256193,productpage,v1,Running,True
1779256193,productpage,v1,Running,True
1779256193,productpage,v1,Running,True
1779256193,productpage,v1,Running,True
1779256193,productpage,v1,Running,True
1779256193,productpage,v1,Running,True
1779256193,productpage,v1,Running,True
1779256193,productpage,v1,Running,True
1779256193,productpage,v1,Running,True
1779256193,productpage,v1,Running,True
1779256193,productpage,v1,Running,True
1779256193,productpage,v1,Running,True
1779256193,productpage,v1,Running,True
1779256193,productpage,v1,Running,True
1779256193,productpage,v1,Running,True
1779256193,productpage,v1,Running,True
1779256193,productpage,v1,Running,True
1779256193,ratings,v1,Running,True
1779256193,reviews,v1,Running,True
1779256193,reviews,v2,Running,True
1779256193,reviews,v2,Running,True
1779256193,reviews,v2,Running,True
1779256193,reviews,v3,Running,True
1779256193,reviews,v3,Running,True
1779256193,reviews,v3,Running,True
1779256193,reviews,v3,Running,True
1779256195,details,v1,Running,True
1779256195,details,v1,Running,True
1779256195,details,v1,Running,True
1779256195,details,v1,Running,True
1779256195,details,v1,Running,True
1779256195,productpage,v1,Running,True
1779256195,productpage,v1,Running,True
1779256195,productpage,v1,Running,True
1779256195,productpage,v1,Running,True
1779256195,productpage,v1,Running,True
1779256195,productpage,v1,Running,True
1779256195,productpage,v1,Running,True
1779256195,productpage,v1,Running,True
1779256195,productpage,v1,Running,True
1779256195,productpage,v1,Running,True
1779256195,productpage,v1,Running,True
1779256195,productpage,v1,Running,True
1779256195,productpage,v1,Running,True
1779256195,productpage,v1,Running,True
1779256195,productpage,v1,Running,True
1779256195,productpage,v1,Running,True
1779256195,productpage,v1,Running,True
1779256195,productpage,v1,Running,True
1779256195,productpage,v1,Running,True
1779256195,productpage,v1,Running,True
1779256195,ratings,v1,Running,True
1779256195,reviews,v1,Running,True
1779256195,reviews,v2,Running,True
1779256195,reviews,v2,Running,True
1779256195,reviews,v2,Running,True
1779256195,reviews,v3,Running,True
1779256195,reviews,v3,Running,True
1779256195,reviews,v3,Running,True
1779256195,reviews,v3,Running,True
1779256196,details,v1,Running,True
1779256196,details,v1,Running,True
1779256196,details,v1,Running,True
1779256196,details,v1,Running,True
1779256196,details,v1,Running,True
1779256196,productpage,v1,Running,True
1779256196,productpage,v1,Running,True
1779256196,productpage,v1,Running,True
1779256196,productpage,v1,Running,True
1779256196,productpage,v1,Running,True
1779256196,productpage,v1,Running,True
1779256196,productpage,v1,Running,True
1779256196,productpage,v1,Running,True
1779256196,productpage,v1,Running,True
1779256196,productpage,v1,Running,True
1779256196,productpage,v1,Running,True
1779256196,productpage,v1,Running,True
1779256196,productpage,v1,Running,True
1779256196,productpage,v1,Running,True
1779256196,productpage,v1,Running,True
1779256196,productpage,v1,Running,True
1779256196,productpage,v1,Running,True
1779256196,productpage,v1,Running,True
1779256196,productpage,v1,Running,True
1779256196,productpage,v1,Running,True
1779256196,ratings,v1,Running,True
1779256196,reviews,v1,Running,True
1779256196,reviews,v2,Running,True
1779256196,reviews,v2,Running,True
1779256196,reviews,v2,Running,True
1779256196,reviews,v3,Running,True
1779256196,reviews,v3,Running,True
1779256196,reviews,v3,Running,True
1779256196,reviews,v3,Running,True
1779256197,details,v1,Running,True
1779256197,details,v1,Running,True
1779256197,details,v1,Running,True
1779256197,details,v1,Running,True
1779256197,details,v1,Running,True
1779256197,productpage,v1,Running,True
1779256197,productpage,v1,Running,True
1779256197,productpage,v1,Running,True
1779256197,productpage,v1,Running,True
1779256197,productpage,v1,Running,True
1779256197,productpage,v1,Running,True
1779256197,productpage,v1,Running,True
1779256197,productpage,v1,Running,True
1779256197,productpage,v1,Running,True
1779256197,productpage,v1,Running,True
1779256197,productpage,v1,Running,True
1779256197,productpage,v1,Running,True
1779256197,productpage,v1,Running,True
1779256197,productpage,v1,Running,True
1779256197,productpage,v1,Running,True
1779256197,productpage,v1,Running,True
1779256197,productpage,v1,Running,True
1779256197,productpage,v1,Running,True
1779256197,productpage,v1,Running,True
1779256197,productpage,v1,Running,True
1779256197,ratings,v1,Running,True
1779256197,reviews,v1,Running,True
1779256197,reviews,v2,Running,True
1779256197,reviews,v2,Running,True
1779256197,reviews,v2,Running,True
1779256197,reviews,v3,Running,True
1779256197,reviews,v3,Running,True
1779256197,reviews,v3,Running,True
1779256197,reviews,v3,Running,True
1779256198,details,v1,Running,True
1779256198,details,v1,Running,True
1779256198,details,v1,Running,True
1779256198,details,v1,Running,True
1779256198,details,v1,Running,True
1779256198,productpage,v1,Running,True
1779256198,productpage,v1,Running,True
1779256198,productpage,v1,Running,True
1779256198,productpage,v1,Running,True
1779256198,productpage,v1,Running,True
1779256198,productpage,v1,Running,True
1779256198,productpage,v1,Running,True
1779256198,productpage,v1,Running,True
1779256198,productpage,v1,Running,True
1779256198,productpage,v1,Running,True
1779256198,productpage,v1,Running,True
1779256198,productpage,v1,Running,True
1779256198,productpage,v1,Running,True
1779256198,productpage,v1,Running,True
1779256198,productpage,v1,Running,True
1779256198,productpage,v1,Running,True
1779256198,productpage,v1,Running,True
1779256198,productpage,v1,Running,True
1779256198,productpage,v1,Running,True
1779256198,productpage,v1,Running,True
1779256198,ratings,v1,Running,True
1779256198,reviews,v1,Running,True
1779256198,reviews,v2,Running,True
1779256198,reviews,v2,Running,True
1779256198,reviews,v2,Running,True
1779256198,reviews,v3,Running,True
1779256198,reviews,v3,Running,True
1779256198,reviews,v3,Running,True
1779256198,reviews,v3,Running,True
1779256199,details,v1,Running,True
1779256199,details,v1,Running,True
1779256199,details,v1,Running,True
1779256199,details,v1,Running,True
1779256199,details,v1,Running,True
1779256199,productpage,v1,Running,True
1779256199,productpage,v1,Running,True
1779256199,productpage,v1,Running,True
1779256199,productpage,v1,Running,True
1779256199,productpage,v1,Running,True
1779256199,productpage,v1,Running,True
1779256199,productpage,v1,Running,True
1779256199,productpage,v1,Running,True
1779256199,productpage,v1,Running,True
1779256199,productpage,v1,Running,True
1779256199,productpage,v1,Running,True
1779256199,productpage,v1,Running,True
1779256199,productpage,v1,Running,True
1779256199,productpage,v1,Running,True
1779256199,productpage,v1,Running,True
1779256199,productpage,v1,Running,True
1779256199,productpage,v1,Running,True
1779256199,productpage,v1,Running,True
1779256199,productpage,v1,Running,True
1779256199,productpage,v1,Running,True
1779256199,ratings,v1,Running,True
1779256199,reviews,v1,Running,True
1779256199,reviews,v2,Running,True
1779256199,reviews,v2,Running,True
1779256199,reviews,v2,Running,True
1779256199,reviews,v3,Running,True
1779256199,reviews,v3,Running,True
1779256199,reviews,v3,Running,True
1779256199,reviews,v3,Running,True
1779256200,details,v1,Running,True
1779256200,details,v1,Running,True
1779256200,details,v1,Running,True
1779256200,details,v1,Running,True
1779256200,details,v1,Running,True
1779256200,productpage,v1,Running,True
1779256200,productpage,v1,Running,True
1779256200,productpage,v1,Running,True
1779256200,productpage,v1,Running,True
1779256200,productpage,v1,Running,True
1779256200,productpage,v1,Running,True
1779256200,productpage,v1,Running,True
1779256200,productpage,v1,Running,True
1779256200,productpage,v1,Running,True
1779256200,productpage,v1,Running,True
1779256200,productpage,v1,Running,True
1779256200,productpage,v1,Running,True
1779256200,productpage,v1,Running,True
1779256200,productpage,v1,Running,True
1779256200,productpage,v1,Running,True
1779256200,productpage,v1,Running,True
1779256200,productpage,v1,Running,True
1779256200,productpage,v1,Running,True
1779256200,productpage,v1,Running,True
1779256200,productpage,v1,Running,True
1779256200,ratings,v1,Running,True
1779256200,reviews,v1,Running,True
1779256200,reviews,v2,Running,True
1779256200,reviews,v2,Running,True
1779256200,reviews,v2,Running,True
1779256200,reviews,v3,Running,True
1779256200,reviews,v3,Running,True
1779256200,reviews,v3,Running,True
1779256200,reviews,v3,Running,True
1779256201,details,v1,Running,True
1779256201,details,v1,Running,True
1779256201,details,v1,Running,True
1779256201,details,v1,Running,True
1779256201,details,v1,Running,True
1779256201,productpage,v1,Running,True
1779256201,productpage,v1,Running,True
1779256201,productpage,v1,Running,True
1779256201,productpage,v1,Running,True
1779256201,productpage,v1,Running,True
1779256201,productpage,v1,Running,True
1779256201,productpage,v1,Running,True
1779256201,productpage,v1,Running,True
1779256201,productpage,v1,Running,True
1779256201,productpage,v1,Running,True
1779256201,productpage,v1,Running,True
1779256201,productpage,v1,Running,True
1779256201,productpage,v1,Running,True
1779256201,productpage,v1,Running,True
1779256201,productpage,v1,Running,True
1779256201,productpage,v1,Running,True
1779256201,productpage,v1,Running,True
1779256201,productpage,v1,Running,True
1779256201,productpage,v1,Running,True
1779256201,productpage,v1,Running,True
1779256201,ratings,v1,Running,True
1779256201,reviews,v1,Running,True
1779256201,reviews,v2,Running,True
1779256201,reviews,v2,Running,True
1779256201,reviews,v2,Running,True
1779256201,reviews,v3,Running,True
1779256201,reviews,v3,Running,True
1779256201,reviews,v3,Running,True
1779256201,reviews,v3,Running,True
1779256202,details,v1,Running,True
1779256202,details,v1,Running,True
1779256202,details,v1,Running,True
1779256202,details,v1,Running,True
1779256202,details,v1,Running,True
1779256202,productpage,v1,Running,True
1779256202,productpage,v1,Running,True
1779256202,productpage,v1,Running,True
1779256202,productpage,v1,Running,True
1779256202,productpage,v1,Running,True
1779256202,productpage,v1,Running,True
1779256202,productpage,v1,Running,True
1779256202,productpage,v1,Running,True
1779256202,productpage,v1,Running,True
1779256202,productpage,v1,Running,True
1779256202,productpage,v1,Running,True
1779256202,productpage,v1,Running,True
1779256202,productpage,v1,Running,True
1779256202,productpage,v1,Running,True
1779256202,productpage,v1,Running,True
1779256202,productpage,v1,Running,True
1779256202,productpage,v1,Running,True
1779256202,productpage,v1,Running,True
1779256202,productpage,v1,Running,True
1779256202,productpage,v1,Running,True
1779256202,ratings,v1,Running,True
1779256202,reviews,v1,Running,True
1779256202,reviews,v2,Running,True
1779256202,reviews,v2,Running,True
1779256202,reviews,v2,Running,True
1779256202,reviews,v3,Running,True
1779256202,reviews,v3,Running,True
1779256202,reviews,v3,Running,True
1779256202,reviews,v3,Running,True
1779256203,details,v1,Running,True
1779256203,details,v1,Running,True
1779256203,details,v1,Running,True
1779256203,details,v1,Running,True
1779256203,details,v1,Running,True
1779256203,productpage,v1,Running,True
1779256203,productpage,v1,Running,True
1779256203,productpage,v1,Running,True
1779256203,productpage,v1,Running,True
1779256203,productpage,v1,Running,True
1779256203,productpage,v1,Running,True
1779256203,productpage,v1,Running,True
1779256203,productpage,v1,Running,True
1779256203,productpage,v1,Running,True
1779256203,productpage,v1,Running,True
1779256203,productpage,v1,Running,True
1779256203,productpage,v1,Running,True
1779256203,productpage,v1,Running,True
1779256203,productpage,v1,Running,True
1779256203,productpage,v1,Running,True
1779256203,productpage,v1,Running,True
1779256203,productpage,v1,Running,True
1779256203,productpage,v1,Running,True
1779256203,productpage,v1,Running,True
1779256203,productpage,v1,Running,True
1779256203,ratings,v1,Running,True
1779256203,reviews,v1,Running,True
1779256203,reviews,v2,Running,True
1779256203,reviews,v2,Running,True
1779256203,reviews,v2,Running,True
1779256203,reviews,v3,Failed,False
1779256203,reviews,v3,Running,True
1779256203,reviews,v3,Running,True
1779256203,reviews,v3,Running,True
1779256204,details,v1,Running,True
1779256204,details,v1,Running,True
1779256204,details,v1,Running,True
1779256204,details,v1,Running,True
1779256204,details,v1,Running,True
1779256204,productpage,v1,Running,True
1779256204,productpage,v1,Running,True
1779256204,productpage,v1,Running,True
1779256204,productpage,v1,Running,True
1779256204,productpage,v1,Running,True
1779256204,productpage,v1,Running,True
1779256204,productpage,v1,Running,True
1779256204,productpage,v1,Running,True
1779256204,productpage,v1,Running,True
1779256204,productpage,v1,Running,True
1779256204,productpage,v1,Running,True
1779256204,productpage,v1,Running,True
1779256204,productpage,v1,Running,True
1779256204,productpage,v1,Running,True
1779256204,productpage,v1,Running,True
1779256204,productpage,v1,Running,True
1779256204,productpage,v1,Running,True
1779256204,productpage,v1,Running,True
1779256204,productpage,v1,Running,True
1779256204,productpage,v1,Running,True
1779256204,ratings,v1,Running,True
1779256204,reviews,v1,Running,True
1779256204,reviews,v2,Running,True
1779256204,reviews,v2,Running,True
1779256204,reviews,v2,Running,True
1779256204,reviews,v3,Running,True
1779256204,reviews,v3,Running,True
1779256204,reviews,v3,Running,True
1779256205,details,v1,Running,True
1779256205,details,v1,Running,True
1779256205,details,v1,Running,True
1779256205,details,v1,Running,True
1779256205,details,v1,Running,True
1779256205,productpage,v1,Running,True
1779256205,productpage,v1,Running,True
1779256205,productpage,v1,Running,True
1779256205,productpage,v1,Running,True
1779256205,productpage,v1,Running,True
1779256205,productpage,v1,Running,True
1779256205,productpage,v1,Running,True
1779256205,productpage,v1,Running,True
1779256205,productpage,v1,Running,True
1779256205,productpage,v1,Running,True
1779256205,productpage,v1,Running,True
1779256205,productpage,v1,Running,True
1779256205,productpage,v1,Running,True
1779256205,productpage,v1,Running,True
1779256205,productpage,v1,Running,True
1779256205,productpage,v1,Running,True
1779256205,productpage,v1,Running,True
1779256205,productpage,v1,Running,True
1779256205,productpage,v1,Running,True
1779256205,productpage,v1,Running,True
1779256205,ratings,v1,Running,True
1779256205,reviews,v1,Running,True
1779256205,reviews,v2,Running,True
1779256205,reviews,v2,Running,True
1779256205,reviews,v2,Running,True
1779256205,reviews,v3,Running,True
1779256205,reviews,v3,Running,True
1779256205,reviews,v3,Running,True
1779256206,details,v1,Running,True
1779256206,details,v1,Running,True
1779256206,details,v1,Running,True
1779256206,details,v1,Running,True
1779256206,details,v1,Running,True
1779256206,productpage,v1,Running,True
1779256206,productpage,v1,Running,True
1779256206,productpage,v1,Running,True
1779256206,productpage,v1,Running,True
1779256206,productpage,v1,Running,True
1779256206,productpage,v1,Running,True
1779256206,productpage,v1,Running,True
1779256206,productpage,v1,Running,True
1779256206,productpage,v1,Running,True
1779256206,productpage,v1,Running,True
1779256206,productpage,v1,Running,True
1779256206,productpage,v1,Running,True
1779256206,productpage,v1,Running,True
1779256206,productpage,v1,Running,True
1779256206,productpage,v1,Running,True
1779256206,productpage,v1,Running,True
1779256206,productpage,v1,Running,True
1779256206,productpage,v1,Running,True
1779256206,productpage,v1,Running,True
1779256206,productpage,v1,Running,True
1779256206,ratings,v1,Running,True
1779256206,reviews,v1,Running,True
1779256206,reviews,v2,Running,True
1779256206,reviews,v2,Running,True
1779256206,reviews,v2,Running,True
1779256206,reviews,v3,Running,True
1779256206,reviews,v3,Running,True
1779256206,reviews,v3,Running,True
1779256207,details,v1,Running,True
1779256207,details,v1,Running,True
1779256207,details,v1,Running,True
1779256207,details,v1,Running,True
1779256207,details,v1,Running,True
1779256207,productpage,v1,Running,True
1779256207,productpage,v1,Running,True
1779256207,productpage,v1,Running,True
1779256207,productpage,v1,Running,True
1779256207,productpage,v1,Running,True
1779256207,productpage,v1,Running,True
1779256207,productpage,v1,Running,True
1779256207,productpage,v1,Running,True
1779256207,productpage,v1,Running,True
1779256207,productpage,v1,Running,True
1779256207,productpage,v1,Running,True
1779256207,productpage,v1,Running,True
1779256207,productpage,v1,Running,True
1779256207,productpage,v1,Running,True
1779256207,productpage,v1,Running,True
1779256207,productpage,v1,Running,True
1779256207,productpage,v1,Running,True
1779256207,productpage,v1,Running,True
1779256207,productpage,v1,Running,True
1779256207,productpage,v1,Running,True
1779256207,ratings,v1,Running,True
1779256207,reviews,v1,Running,True
1779256207,reviews,v2,Running,True
1779256207,reviews,v2,Running,True
1779256207,reviews,v2,Running,True
1779256207,reviews,v3,Running,True
1779256207,reviews,v3,Running,True
1779256207,reviews,v3,Running,True
1779256208,details,v1,Running,True
1779256208,details,v1,Running,True
1779256208,details,v1,Running,True
1779256208,details,v1,Running,True
1779256208,details,v1,Running,True
1779256208,productpage,v1,Running,True
1779256208,productpage,v1,Running,True
1779256208,productpage,v1,Running,True
1779256208,productpage,v1,Running,True
1779256208,productpage,v1,Running,True
1779256208,productpage,v1,Running,True
1779256208,productpage,v1,Running,True
1779256208,productpage,v1,Running,True
1779256208,productpage,v1,Running,True
1779256208,productpage,v1,Running,True
1779256208,productpage,v1,Running,True
1779256208,productpage,v1,Running,True
1779256208,productpage,v1,Running,True
1779256208,productpage,v1,Running,True
1779256208,productpage,v1,Running,True
1779256208,productpage,v1,Running,True
1779256208,productpage,v1,Running,True
1779256208,productpage,v1,Running,True
1779256208,productpage,v1,Running,True
1779256208,productpage,v1,Running,True
1779256208,ratings,v1,Running,True
1779256208,reviews,v1,Running,True
1779256208,reviews,v2,Running,True
1779256208,reviews,v2,Running,True
1779256208,reviews,v2,Running,True
1779256208,reviews,v3,Running,True
1779256208,reviews,v3,Running,True
1779256208,reviews,v3,Running,True
1779256209,details,v1,Running,True
1779256209,details,v1,Running,True
1779256209,details,v1,Running,True
1779256209,details,v1,Running,True
1779256209,details,v1,Running,True
1779256209,productpage,v1,Running,True
1779256209,productpage,v1,Running,True
1779256209,productpage,v1,Running,True
1779256209,productpage,v1,Running,True
1779256209,productpage,v1,Running,True
1779256209,productpage,v1,Running,True
1779256209,productpage,v1,Running,True
1779256209,productpage,v1,Running,True
1779256209,productpage,v1,Running,True
1779256209,productpage,v1,Running,True
1779256209,productpage,v1,Running,True
1779256209,productpage,v1,Running,True
1779256209,productpage,v1,Running,True
1779256209,productpage,v1,Running,True
1779256209,productpage,v1,Running,True
1779256209,productpage,v1,Running,True
1779256209,productpage,v1,Running,True
1779256209,productpage,v1,Running,True
1779256209,productpage,v1,Running,True
1779256209,productpage,v1,Running,True
1779256209,ratings,v1,Running,True
1779256209,reviews,v1,Running,True
1779256209,reviews,v2,Running,True
1779256209,reviews,v2,Running,True
1779256209,reviews,v2,Running,True
1779256209,reviews,v3,Running,True
1779256209,reviews,v3,Running,True
1779256209,reviews,v3,Running,True
1779256210,details,v1,Running,True
1779256210,details,v1,Running,True
1779256210,details,v1,Running,True
1779256210,details,v1,Running,True
1779256210,details,v1,Running,True
1779256210,productpage,v1,Running,True
1779256210,productpage,v1,Running,True
1779256210,productpage,v1,Running,True
1779256210,productpage,v1,Running,True
1779256210,productpage,v1,Running,True
1779256210,productpage,v1,Running,True
1779256210,productpage,v1,Running,True
1779256210,productpage,v1,Running,True
1779256210,productpage,v1,Running,True
1779256210,productpage,v1,Running,True
1779256210,productpage,v1,Running,True
1779256210,productpage,v1,Running,True
1779256210,productpage,v1,Running,True
1779256210,productpage,v1,Running,True
1779256210,productpage,v1,Running,True
1779256210,productpage,v1,Running,True
1779256210,productpage,v1,Running,True
1779256210,productpage,v1,Running,True
1779256210,productpage,v1,Running,True
1779256210,productpage,v1,Running,True
1779256210,ratings,v1,Running,True
1779256210,reviews,v1,Running,True
1779256210,reviews,v2,Running,True
1779256210,reviews,v2,Running,True
1779256210,reviews,v2,Running,True
1779256210,reviews,v3,Running,True
1779256210,reviews,v3,Running,True
1779256210,reviews,v3,Running,True
1779256211,details,v1,Running,True
1779256211,details,v1,Running,True
1779256211,details,v1,Running,True
1779256211,details,v1,Running,True
1779256211,details,v1,Running,True
1779256211,productpage,v1,Running,True
1779256211,productpage,v1,Running,True
1779256211,productpage,v1,Running,True
1779256211,productpage,v1,Running,True
1779256211,productpage,v1,Running,True
1779256211,productpage,v1,Running,True
1779256211,productpage,v1,Running,True
1779256211,productpage,v1,Running,True
1779256211,productpage,v1,Running,True
1779256211,productpage,v1,Running,True
1779256211,productpage,v1,Running,True
1779256211,productpage,v1,Running,True
1779256211,productpage,v1,Running,True
1779256211,productpage,v1,Running,True
1779256211,productpage,v1,Running,True
1779256211,productpage,v1,Running,True
1779256211,productpage,v1,Running,True
1779256211,productpage,v1,Running,True
1779256211,productpage,v1,Running,True
1779256211,productpage,v1,Running,True
1779256211,ratings,v1,Running,True
1779256211,reviews,v1,Running,True
1779256211,reviews,v2,Running,True
1779256211,reviews,v2,Running,True
1779256211,reviews,v2,Running,True
1779256211,reviews,v3,Running,True
1779256211,reviews,v3,Running,True
1779256211,reviews,v3,Running,True
1779256212,details,v1,Running,True
1779256212,details,v1,Running,True
1779256212,details,v1,Running,True
1779256212,details,v1,Running,True
1779256212,details,v1,Running,True
1779256212,productpage,v1,Running,True
1779256212,productpage,v1,Running,True
1779256212,productpage,v1,Running,True
1779256212,productpage,v1,Running,True
1779256212,productpage,v1,Running,True
1779256212,productpage,v1,Running,True
1779256212,productpage,v1,Running,True
1779256212,productpage,v1,Running,True
1779256212,productpage,v1,Running,True
1779256212,productpage,v1,Running,True
1779256212,productpage,v1,Running,True
1779256212,productpage,v1,Running,True
1779256212,productpage,v1,Running,True
1779256212,productpage,v1,Running,True
1779256212,productpage,v1,Running,True
1779256212,productpage,v1,Running,True
1779256212,productpage,v1,Running,True
1779256212,productpage,v1,Running,True
1779256212,productpage,v1,Running,True
1779256212,productpage,v1,Running,True
1779256212,ratings,v1,Running,True
1779256212,reviews,v1,Running,True
1779256212,reviews,v2,Running,True
1779256212,reviews,v2,Running,True
1779256212,reviews,v2,Running,True
1779256212,reviews,v3,Running,True
1779256212,reviews,v3,Running,True
1779256212,reviews,v3,Running,True
1779256213,details,v1,Running,True
1779256213,details,v1,Running,True
1779256213,details,v1,Running,True
1779256213,details,v1,Running,True
1779256213,details,v1,Running,True
1779256213,productpage,v1,Running,True
1779256213,productpage,v1,Running,True
1779256213,productpage,v1,Running,True
1779256213,productpage,v1,Running,True
1779256213,productpage,v1,Running,True
1779256213,productpage,v1,Running,True
1779256213,productpage,v1,Running,True
1779256213,productpage,v1,Running,True
1779256213,productpage,v1,Running,True
1779256213,productpage,v1,Running,True
1779256213,productpage,v1,Running,True
1779256213,productpage,v1,Running,True
1779256213,productpage,v1,Running,True
1779256213,productpage,v1,Running,True
1779256213,productpage,v1,Running,True
1779256213,productpage,v1,Running,True
1779256213,productpage,v1,Running,True
1779256213,productpage,v1,Running,True
1779256213,productpage,v1,Running,True
1779256213,productpage,v1,Running,True
1779256213,ratings,v1,Running,True
1779256213,reviews,v1,Running,True
1779256213,reviews,v2,Running,True
1779256213,reviews,v2,Running,True
1779256213,reviews,v2,Running,True
1779256213,reviews,v3,Running,True
1779256213,reviews,v3,Running,True
1779256213,reviews,v3,Running,True
1779256214,details,v1,Running,True
1779256214,details,v1,Running,True
1779256214,details,v1,Running,True
1779256214,details,v1,Running,True
1779256214,details,v1,Running,True
1779256214,productpage,v1,Running,True
1779256214,productpage,v1,Running,True
1779256214,productpage,v1,Running,True
1779256214,productpage,v1,Running,True
1779256214,productpage,v1,Running,True
1779256214,productpage,v1,Running,True
1779256214,productpage,v1,Running,True
1779256214,productpage,v1,Running,True
1779256214,productpage,v1,Running,True
1779256214,productpage,v1,Running,True
1779256214,productpage,v1,Running,True
1779256214,productpage,v1,Running,True
1779256214,productpage,v1,Running,True
1779256214,productpage,v1,Running,True
1779256214,productpage,v1,Running,True
1779256214,productpage,v1,Running,True
1779256214,productpage,v1,Running,True
1779256214,productpage,v1,Running,True
1779256214,productpage,v1,Running,True
1779256214,productpage,v1,Running,True
1779256214,ratings,v1,Running,True
1779256214,reviews,v1,Running,True
1779256214,reviews,v2,Running,True
1779256214,reviews,v2,Running,True
1779256214,reviews,v2,Running,True
1779256214,reviews,v3,Running,True
1779256214,reviews,v3,Running,True
1779256214,reviews,v3,Running,True
1779256215,details,v1,Running,True
1779256215,details,v1,Running,True
1779256215,details,v1,Running,True
1779256215,details,v1,Running,True
1779256215,details,v1,Running,True
1779256215,productpage,v1,Running,True
1779256215,productpage,v1,Running,True
1779256215,productpage,v1,Running,True
1779256215,productpage,v1,Running,True
1779256215,productpage,v1,Running,True
1779256215,productpage,v1,Running,True
1779256215,productpage,v1,Running,True
1779256215,productpage,v1,Running,True
1779256215,productpage,v1,Running,True
1779256215,productpage,v1,Running,True
1779256215,productpage,v1,Running,True
1779256215,productpage,v1,Running,True
1779256215,productpage,v1,Running,True
1779256215,productpage,v1,Running,True
1779256215,productpage,v1,Running,True
1779256215,productpage,v1,Running,True
1779256215,productpage,v1,Running,True
1779256215,productpage,v1,Running,True
1779256215,productpage,v1,Running,True
1779256215,productpage,v1,Running,True
1779256215,ratings,v1,Running,True
1779256215,reviews,v1,Running,True
1779256215,reviews,v2,Running,True
1779256215,reviews,v2,Running,True
1779256215,reviews,v2,Running,True
1779256215,reviews,v3,Running,True
1779256215,reviews,v3,Running,True
1779256215,reviews,v3,Running,True
1779256216,details,v1,Running,True
1779256216,details,v1,Running,True
1779256216,details,v1,Running,True
1779256216,details,v1,Running,True
1779256216,details,v1,Running,True
1779256216,productpage,v1,Running,True
1779256216,productpage,v1,Running,True
1779256216,productpage,v1,Running,True
1779256216,productpage,v1,Running,True
1779256216,productpage,v1,Running,True
1779256216,productpage,v1,Running,True
1779256216,productpage,v1,Running,True
1779256216,productpage,v1,Running,True
1779256216,productpage,v1,Running,True
1779256216,productpage,v1,Running,True
1779256216,productpage,v1,Running,True
1779256216,productpage,v1,Running,True
1779256216,productpage,v1,Running,True
1779256216,productpage,v1,Running,True
1779256216,productpage,v1,Running,True
1779256216,productpage,v1,Running,True
1779256216,productpage,v1,Running,True
1779256216,productpage,v1,Running,True
1779256216,productpage,v1,Running,True
1779256216,productpage,v1,Running,True
1779256216,ratings,v1,Running,True
1779256216,reviews,v1,Running,True
1779256216,reviews,v2,Running,True
1779256216,reviews,v2,Running,True
1779256216,reviews,v2,Running,True
1779256216,reviews,v3,Running,True
1779256216,reviews,v3,Running,True
1779256216,reviews,v3,Running,True
1779256217,details,v1,Running,True
1779256217,details,v1,Running,True
1779256217,details,v1,Running,True
1779256217,details,v1,Running,True
1779256217,details,v1,Running,True
1779256217,productpage,v1,Running,True
1779256217,productpage,v1,Running,True
1779256217,productpage,v1,Running,True
1779256217,productpage,v1,Running,True
1779256217,productpage,v1,Running,True
1779256217,productpage,v1,Running,True
1779256217,productpage,v1,Running,True
1779256217,productpage,v1,Running,True
1779256217,productpage,v1,Running,True
1779256217,productpage,v1,Running,True
1779256217,productpage,v1,Running,True
1779256217,productpage,v1,Running,True
1779256217,productpage,v1,Running,True
1779256217,productpage,v1,Running,True
1779256217,productpage,v1,Running,True
1779256217,productpage,v1,Running,True
1779256217,productpage,v1,Running,True
1779256217,productpage,v1,Running,True
1779256217,productpage,v1,Running,True
1779256217,productpage,v1,Running,True
1779256217,ratings,v1,Running,True
1779256217,reviews,v1,Running,True
1779256217,reviews,v2,Running,True
1779256217,reviews,v2,Running,True
1779256217,reviews,v2,Running,True
1779256217,reviews,v3,Running,True
1779256217,reviews,v3,Running,True
1779256217,reviews,v3,Running,True
1779256218,details,v1,Running,True
1779256218,details,v1,Running,True
1779256218,details,v1,Running,True
1779256218,details,v1,Running,True
1779256218,details,v1,Running,True
1779256218,productpage,v1,Running,True
1779256218,productpage,v1,Running,True
1779256218,productpage,v1,Running,True
1779256218,productpage,v1,Running,True
1779256218,productpage,v1,Running,True
1779256218,productpage,v1,Running,True
1779256218,productpage,v1,Running,True
1779256218,productpage,v1,Running,True
1779256218,productpage,v1,Running,True
1779256218,productpage,v1,Running,True
1779256218,productpage,v1,Running,True
1779256218,productpage,v1,Running,True
1779256218,productpage,v1,Running,True
1779256218,productpage,v1,Running,True
1779256218,productpage,v1,Running,True
1779256218,productpage,v1,Running,True
1779256218,productpage,v1,Running,True
1779256218,productpage,v1,Running,True
1779256218,productpage,v1,Running,True
1779256218,productpage,v1,Running,True
1779256218,ratings,v1,Running,True
1779256218,reviews,v1,Running,True
1779256218,reviews,v2,Running,True
1779256218,reviews,v2,Running,True
1779256218,reviews,v2,Running,True
1779256218,reviews,v3,Running,True
1779256218,reviews,v3,Running,True
1779256218,reviews,v3,Running,True
1779256219,details,v1,Running,True
1779256219,details,v1,Running,True
1779256219,details,v1,Running,True
1779256219,details,v1,Running,True
1779256219,details,v1,Running,True
1779256219,productpage,v1,Running,True
1779256219,productpage,v1,Running,True
1779256219,productpage,v1,Running,True
1779256219,productpage,v1,Running,True
1779256219,productpage,v1,Running,True
1779256219,productpage,v1,Running,True
1779256219,productpage,v1,Running,True
1779256219,productpage,v1,Running,True
1779256219,productpage,v1,Running,True
1779256219,productpage,v1,Running,True
1779256219,productpage,v1,Running,True
1779256219,productpage,v1,Running,True
1779256219,productpage,v1,Running,True
1779256219,productpage,v1,Running,True
1779256219,productpage,v1,Running,True
1779256219,productpage,v1,Running,True
1779256219,productpage,v1,Running,True
1779256219,productpage,v1,Running,True
1779256219,productpage,v1,Running,True
1779256219,productpage,v1,Running,True
1779256219,ratings,v1,Running,True
1779256219,reviews,v1,Running,True
1779256219,reviews,v2,Running,True
1779256219,reviews,v2,Running,True
1779256219,reviews,v2,Running,True
1779256219,reviews,v3,Running,True
1779256219,reviews,v3,Running,True
1779256219,reviews,v3,Running,True
1779256220,details,v1,Running,True
1779256220,details,v1,Running,True
1779256220,details,v1,Running,True
1779256220,details,v1,Running,True
1779256220,details,v1,Running,True
1779256220,productpage,v1,Running,True
1779256220,productpage,v1,Running,True
1779256220,productpage,v1,Running,True
1779256220,productpage,v1,Running,True
1779256220,productpage,v1,Running,True
1779256220,productpage,v1,Running,True
1779256220,productpage,v1,Running,True
1779256220,productpage,v1,Running,True
1779256220,productpage,v1,Running,True
1779256220,productpage,v1,Running,True
1779256220,productpage,v1,Running,True
1779256220,productpage,v1,Running,True
1779256220,productpage,v1,Running,True
1779256220,productpage,v1,Running,True
1779256220,productpage,v1,Running,True
1779256220,productpage,v1,Running,True
1779256220,productpage,v1,Running,True
1779256220,productpage,v1,Running,True
1779256220,productpage,v1,Running,True
1779256220,productpage,v1,Running,True
1779256220,ratings,v1,Running,True
1779256220,reviews,v1,Running,True
1779256220,reviews,v2,Running,True
1779256220,reviews,v2,Running,True
1779256220,reviews,v2,Running,True
1779256220,reviews,v3,Running,True
1779256220,reviews,v3,Running,True
1779256220,reviews,v3,Running,True
1779256221,details,v1,Running,True
1779256221,details,v1,Running,True
1779256221,details,v1,Running,True
1779256221,details,v1,Running,True
1779256221,details,v1,Running,True
1779256221,productpage,v1,Running,True
1779256221,productpage,v1,Running,True
1779256221,productpage,v1,Running,True
1779256221,productpage,v1,Running,True
1779256221,productpage,v1,Running,True
1779256221,productpage,v1,Running,True
1779256221,productpage,v1,Running,True
1779256221,productpage,v1,Running,True
1779256221,productpage,v1,Running,True
1779256221,productpage,v1,Running,True
1779256221,productpage,v1,Running,True
1779256221,productpage,v1,Running,True
1779256221,productpage,v1,Running,True
1779256221,productpage,v1,Running,True
1779256221,productpage,v1,Running,True
1779256221,productpage,v1,Running,True
1779256221,productpage,v1,Running,True
1779256221,productpage,v1,Running,True
1779256221,productpage,v1,Running,True
1779256221,productpage,v1,Running,True
1779256221,ratings,v1,Running,True
1779256221,reviews,v1,Running,True
1779256221,reviews,v2,Running,True
1779256221,reviews,v2,Running,True
1779256221,reviews,v2,Running,True
1779256221,reviews,v3,Running,True
1779256221,reviews,v3,Running,True
1779256221,reviews,v3,Running,True
1779256222,details,v1,Running,True
1779256222,details,v1,Running,True
1779256222,details,v1,Running,True
1779256222,details,v1,Running,True
1779256222,details,v1,Running,True
1779256222,productpage,v1,Running,True
1779256222,productpage,v1,Running,True
1779256222,productpage,v1,Running,True
1779256222,productpage,v1,Running,True
1779256222,productpage,v1,Running,True
1779256222,productpage,v1,Running,True
1779256222,productpage,v1,Running,True
1779256222,productpage,v1,Running,True
1779256222,productpage,v1,Running,True
1779256222,productpage,v1,Running,True
1779256222,productpage,v1,Running,True
1779256222,productpage,v1,Running,True
1779256222,productpage,v1,Running,True
1779256222,productpage,v1,Running,True
1779256222,productpage,v1,Running,True
1779256222,productpage,v1,Running,True
1779256222,productpage,v1,Running,True
1779256222,productpage,v1,Running,True
1779256222,productpage,v1,Running,True
1779256222,productpage,v1,Running,True
1779256222,ratings,v1,Running,True
1779256222,reviews,v1,Running,True
1779256222,reviews,v2,Running,True
1779256222,reviews,v2,Running,True
1779256222,reviews,v2,Running,True
1779256222,reviews,v3,Running,True
1779256222,reviews,v3,Running,True
1779256222,reviews,v3,Running,True
1779256223,details,v1,Running,True
1779256223,details,v1,Running,True
1779256223,details,v1,Running,True
1779256223,details,v1,Running,True
1779256223,details,v1,Running,True
1779256223,productpage,v1,Running,True
1779256223,productpage,v1,Running,True
1779256223,productpage,v1,Running,True
1779256223,productpage,v1,Running,True
1779256223,productpage,v1,Running,True
1779256223,productpage,v1,Running,True
1779256223,productpage,v1,Running,True
1779256223,productpage,v1,Running,True
1779256223,productpage,v1,Running,True
1779256223,productpage,v1,Running,True
1779256223,productpage,v1,Running,True
1779256223,productpage,v1,Running,True
1779256223,productpage,v1,Running,True
1779256223,productpage,v1,Running,True
1779256223,productpage,v1,Running,True
1779256223,productpage,v1,Running,True
1779256223,productpage,v1,Running,True
1779256223,productpage,v1,Running,True
1779256223,productpage,v1,Running,True
1779256223,productpage,v1,Running,True
1779256223,ratings,v1,Running,True
1779256223,reviews,v1,Running,True
1779256223,reviews,v2,Running,True
1779256223,reviews,v2,Running,True
1779256223,reviews,v2,Running,True
1779256223,reviews,v3,Running,True
1779256223,reviews,v3,Running,True
1779256223,reviews,v3,Running,True
1779256224,details,v1,Running,True
1779256224,details,v1,Running,True
1779256224,details,v1,Running,True
1779256224,details,v1,Running,True
1779256224,details,v1,Running,True
1779256224,productpage,v1,Running,True
1779256224,productpage,v1,Running,True
1779256224,productpage,v1,Running,True
1779256224,productpage,v1,Running,True
1779256224,productpage,v1,Running,True
1779256224,productpage,v1,Running,True
1779256224,productpage,v1,Running,True
1779256224,productpage,v1,Running,True
1779256224,productpage,v1,Running,True
1779256224,productpage,v1,Running,True
1779256224,productpage,v1,Running,True
1779256224,productpage,v1,Running,True
1779256224,productpage,v1,Running,True
1779256224,productpage,v1,Running,True
1779256224,productpage,v1,Running,True
1779256224,productpage,v1,Running,True
1779256224,productpage,v1,Running,True
1779256224,productpage,v1,Running,True
1779256224,productpage,v1,Running,True
1779256224,productpage,v1,Running,True
1779256224,ratings,v1,Running,True
1779256224,reviews,v1,Running,True
1779256224,reviews,v2,Running,True
1779256224,reviews,v2,Running,True
1779256224,reviews,v2,Running,True
1779256224,reviews,v3,Running,True
1779256224,reviews,v3,Running,True
1779256224,reviews,v3,Running,True
1779256225,details,v1,Running,True
1779256225,details,v1,Running,True
1779256225,details,v1,Running,True
1779256225,details,v1,Running,True
1779256225,details,v1,Running,True
1779256225,productpage,v1,Running,True
1779256225,productpage,v1,Running,True
1779256225,productpage,v1,Running,True
1779256225,productpage,v1,Running,True
1779256225,productpage,v1,Running,True
1779256225,productpage,v1,Running,True
1779256225,productpage,v1,Running,True
1779256225,productpage,v1,Running,True
1779256225,productpage,v1,Running,True
1779256225,productpage,v1,Running,True
1779256225,productpage,v1,Running,True
1779256225,productpage,v1,Running,True
1779256225,productpage,v1,Running,True
1779256225,productpage,v1,Running,True
1779256225,productpage,v1,Running,True
1779256225,productpage,v1,Running,True
1779256225,productpage,v1,Running,True
1779256225,productpage,v1,Running,True
1779256225,productpage,v1,Running,True
1779256225,productpage,v1,Running,True
1779256225,ratings,v1,Running,True
1779256225,reviews,v1,Running,True
1779256225,reviews,v2,Running,True
1779256225,reviews,v2,Running,True
1779256225,reviews,v2,Running,True
1779256225,reviews,v3,Running,True
1779256225,reviews,v3,Running,True
1779256225,reviews,v3,Running,True
1779256226,details,v1,Running,True
1779256226,details,v1,Pending,False
1779256226,details,v1,Running,True
1779256226,details,v1,Running,True
1779256226,details,v1,Running,True
1779256226,details,v1,Running,True
1779256226,productpage,v1,Running,True
1779256226,productpage,v1,Running,True
1779256226,productpage,v1,Running,True
1779256226,productpage,v1,Running,True
1779256226,productpage,v1,Running,True
1779256226,productpage,v1,Running,True
1779256226,productpage,v1,Running,True
1779256226,productpage,v1,Running,True
1779256226,productpage,v1,Running,True
1779256226,productpage,v1,Running,True
1779256226,productpage,v1,Running,True
1779256226,productpage,v1,Running,True
1779256226,productpage,v1,Running,True
1779256226,productpage,v1,Running,True
1779256226,productpage,v1,Running,True
1779256226,productpage,v1,Running,True
1779256226,productpage,v1,Running,True
1779256226,productpage,v1,Running,True
1779256226,productpage,v1,Running,True
1779256226,productpage,v1,Running,True
1779256226,ratings,v1,Running,True
1779256226,reviews,v1,Running,True
1779256226,reviews,v2,Running,True
1779256226,reviews,v2,Running,True
1779256226,reviews,v2,Running,True
1779256226,reviews,v3,Running,True
1779256226,reviews,v3,Running,True
1779256226,reviews,v3,Running,True
1779256227,details,v1,Running,True
1779256227,details,v1,Pending,False
1779256227,details,v1,Running,True
1779256227,details,v1,Running,True
1779256227,details,v1,Running,True
1779256227,details,v1,Running,True
1779256227,productpage,v1,Running,True
1779256227,productpage,v1,Running,True
1779256227,productpage,v1,Running,True
1779256227,productpage,v1,Running,True
1779256227,productpage,v1,Running,True
1779256227,productpage,v1,Running,True
1779256227,productpage,v1,Running,True
1779256227,productpage,v1,Running,True
1779256227,productpage,v1,Running,True
1779256227,productpage,v1,Running,True
1779256227,productpage,v1,Running,True
1779256227,productpage,v1,Running,True
1779256227,productpage,v1,Running,True
1779256227,productpage,v1,Running,True
1779256227,productpage,v1,Running,True
1779256227,productpage,v1,Running,True
1779256227,productpage,v1,Running,True
1779256227,productpage,v1,Running,True
1779256227,productpage,v1,Running,True
1779256227,productpage,v1,Running,True
1779256227,ratings,v1,Running,True
1779256227,reviews,v1,Running,True
1779256227,reviews,v2,Running,True
1779256227,reviews,v2,Running,True
1779256227,reviews,v2,Running,True
1779256227,reviews,v3,Running,True
1779256227,reviews,v3,Running,True
1779256227,reviews,v3,Running,True
1779256228,details,v1,Running,True
1779256228,details,v1,Pending,False
1779256228,details,v1,Running,True
1779256228,details,v1,Running,True
1779256228,details,v1,Running,True
1779256228,details,v1,Running,True
1779256228,productpage,v1,Running,True
1779256228,productpage,v1,Running,True
1779256228,productpage,v1,Running,True
1779256228,productpage,v1,Running,True
1779256228,productpage,v1,Running,True
1779256228,productpage,v1,Running,True
1779256228,productpage,v1,Running,True
1779256228,productpage,v1,Running,True
1779256228,productpage,v1,Running,True
1779256228,productpage,v1,Running,True
1779256228,productpage,v1,Running,True
1779256228,productpage,v1,Running,True
1779256228,productpage,v1,Running,True
1779256228,productpage,v1,Running,True
1779256228,productpage,v1,Running,True
1779256228,productpage,v1,Running,True
1779256228,productpage,v1,Running,True
1779256228,productpage,v1,Running,True
1779256228,productpage,v1,Running,True
1779256228,productpage,v1,Running,True
1779256228,ratings,v1,Running,True
1779256228,reviews,v1,Running,True
1779256228,reviews,v2,Running,True
1779256228,reviews,v2,Running,True
1779256228,reviews,v2,Running,True
1779256228,reviews,v3,Running,True
1779256228,reviews,v3,Running,True
1779256228,reviews,v3,Running,True
1779256229,details,v1,Running,True
1779256229,details,v1,Running,False
1779256229,details,v1,Running,True
1779256229,details,v1,Running,True
1779256229,details,v1,Running,True
1779256229,details,v1,Running,True
1779256229,productpage,v1,Running,True
1779256229,productpage,v1,Running,True
1779256229,productpage,v1,Running,True
1779256229,productpage,v1,Running,True
1779256229,productpage,v1,Running,True
1779256229,productpage,v1,Running,True
1779256229,productpage,v1,Running,True
1779256229,productpage,v1,Running,True
1779256229,productpage,v1,Running,True
1779256229,productpage,v1,Running,True
1779256229,productpage,v1,Running,True
1779256229,productpage,v1,Running,True
1779256229,productpage,v1,Running,True
1779256229,productpage,v1,Running,True
1779256229,productpage,v1,Running,True
1779256229,productpage,v1,Running,True
1779256229,productpage,v1,Running,True
1779256229,productpage,v1,Running,True
1779256229,productpage,v1,Running,True
1779256229,productpage,v1,Running,True
1779256229,ratings,v1,Running,True
1779256229,reviews,v1,Running,True
1779256229,reviews,v2,Running,True
1779256229,reviews,v2,Running,True
1779256229,reviews,v2,Running,True
1779256229,reviews,v3,Running,True
1779256229,reviews,v3,Running,True
1779256229,reviews,v3,Running,True
1779256230,details,v1,Running,True
1779256230,details,v1,Running,False
1779256230,details,v1,Running,True
1779256230,details,v1,Running,True
1779256230,details,v1,Running,True
1779256230,details,v1,Running,True
1779256230,productpage,v1,Running,True
1779256230,productpage,v1,Running,True
1779256230,productpage,v1,Running,True
1779256230,productpage,v1,Running,True
1779256230,productpage,v1,Running,True
1779256230,productpage,v1,Running,True
1779256230,productpage,v1,Running,True
1779256230,productpage,v1,Running,True
1779256230,productpage,v1,Running,True
1779256230,productpage,v1,Running,True
1779256230,productpage,v1,Running,True
1779256230,productpage,v1,Running,True
1779256230,productpage,v1,Running,True
1779256230,productpage,v1,Running,True
1779256230,productpage,v1,Running,True
1779256230,productpage,v1,Running,True
1779256230,productpage,v1,Running,True
1779256230,productpage,v1,Running,True
1779256230,productpage,v1,Running,True
1779256230,productpage,v1,Running,True
1779256230,ratings,v1,Running,True
1779256230,reviews,v1,Running,True
1779256230,reviews,v2,Running,True
1779256230,reviews,v2,Running,True
1779256230,reviews,v2,Running,True
1779256230,reviews,v3,Running,True
1779256230,reviews,v3,Running,True
1779256230,reviews,v3,Running,True
1779256231,details,v1,Running,True
1779256231,details,v1,Running,True
1779256231,details,v1,Running,True
1779256231,details,v1,Running,True
1779256231,details,v1,Running,True
1779256231,details,v1,Running,True
1779256231,productpage,v1,Running,True
1779256231,productpage,v1,Running,True
1779256231,productpage,v1,Running,True
1779256231,productpage,v1,Running,True
1779256231,productpage,v1,Running,True
1779256231,productpage,v1,Running,True
1779256231,productpage,v1,Running,True
1779256231,productpage,v1,Running,True
1779256231,productpage,v1,Running,True
1779256231,productpage,v1,Running,True
1779256231,productpage,v1,Running,True
1779256231,productpage,v1,Running,True
1779256231,productpage,v1,Running,True
1779256231,productpage,v1,Running,True
1779256231,productpage,v1,Running,True
1779256231,productpage,v1,Running,True
1779256231,productpage,v1,Running,True
1779256231,productpage,v1,Running,True
1779256231,productpage,v1,Running,True
1779256231,productpage,v1,Running,True
1779256231,ratings,v1,Running,True
1779256231,reviews,v1,Running,True
1779256231,reviews,v2,Running,True
1779256231,reviews,v2,Running,True
1779256231,reviews,v2,Running,True
1779256231,reviews,v3,Running,True
1779256231,reviews,v3,Running,True
1779256231,reviews,v3,Running,True
1779256232,details,v1,Running,True
1779256232,details,v1,Running,True
1779256232,details,v1,Running,True
1779256232,details,v1,Running,True
1779256232,details,v1,Running,True
1779256232,details,v1,Running,True
1779256232,productpage,v1,Running,True
1779256232,productpage,v1,Running,True
1779256232,productpage,v1,Running,True
1779256232,productpage,v1,Running,True
1779256232,productpage,v1,Running,True
1779256232,productpage,v1,Running,True
1779256232,productpage,v1,Running,True
1779256232,productpage,v1,Running,True
1779256232,productpage,v1,Running,True
1779256232,productpage,v1,Running,True
1779256232,productpage,v1,Running,True
1779256232,productpage,v1,Running,True
1779256232,productpage,v1,Running,True
1779256232,productpage,v1,Running,True
1779256232,productpage,v1,Running,True
1779256232,productpage,v1,Running,True
1779256232,productpage,v1,Running,True
1779256232,productpage,v1,Running,True
1779256232,productpage,v1,Running,True
1779256232,productpage,v1,Running,True
1779256232,ratings,v1,Running,True
1779256232,reviews,v1,Running,True
1779256232,reviews,v2,Running,True
1779256232,reviews,v2,Running,True
1779256232,reviews,v2,Running,True
1779256232,reviews,v3,Running,True
1779256232,reviews,v3,Running,True
1779256232,reviews,v3,Running,True
1779256233,details,v1,Running,True
1779256233,details,v1,Running,True
1779256233,details,v1,Running,True
1779256233,details,v1,Running,True
1779256233,details,v1,Running,True
1779256233,details,v1,Running,True
1779256233,productpage,v1,Running,True
1779256233,productpage,v1,Running,True
1779256233,productpage,v1,Running,True
1779256233,productpage,v1,Running,True
1779256233,productpage,v1,Running,True
1779256233,productpage,v1,Running,True
1779256233,productpage,v1,Running,True
1779256233,productpage,v1,Running,True
1779256233,productpage,v1,Running,True
1779256233,productpage,v1,Running,True
1779256233,productpage,v1,Running,True
1779256233,productpage,v1,Running,True
1779256233,productpage,v1,Running,True
1779256233,productpage,v1,Running,True
1779256233,productpage,v1,Running,True
1779256233,productpage,v1,Running,True
1779256233,productpage,v1,Running,True
1779256233,productpage,v1,Running,True
1779256233,productpage,v1,Running,True
1779256233,productpage,v1,Running,True
1779256233,ratings,v1,Running,True
1779256233,reviews,v1,Running,True
1779256233,reviews,v2,Running,True
1779256233,reviews,v2,Running,True
1779256233,reviews,v2,Running,True
1779256233,reviews,v3,Running,True
1779256233,reviews,v3,Running,True
1779256233,reviews,v3,Running,True
1779256234,details,v1,Running,True
1779256234,details,v1,Running,True
1779256234,details,v1,Running,True
1779256234,details,v1,Running,True
1779256234,details,v1,Running,True
1779256234,details,v1,Running,True
1779256234,productpage,v1,Running,True
1779256234,productpage,v1,Running,True
1779256234,productpage,v1,Running,True
1779256234,productpage,v1,Running,True
1779256234,productpage,v1,Running,True
1779256234,productpage,v1,Running,True
1779256234,productpage,v1,Running,True
1779256234,productpage,v1,Running,True
1779256234,productpage,v1,Running,True
1779256234,productpage,v1,Running,True
1779256234,productpage,v1,Running,True
1779256234,productpage,v1,Running,True
1779256234,productpage,v1,Running,True
1779256234,productpage,v1,Running,True
1779256234,productpage,v1,Running,True
1779256234,productpage,v1,Running,True
1779256234,productpage,v1,Running,True
1779256234,productpage,v1,Running,True
1779256234,productpage,v1,Running,True
1779256234,productpage,v1,Running,True
1779256234,ratings,v1,Running,True
1779256234,reviews,v1,Running,True
1779256234,reviews,v2,Running,True
1779256234,reviews,v2,Running,True
1779256234,reviews,v2,Running,True
1779256234,reviews,v3,Running,True
1779256234,reviews,v3,Running,True
1779256234,reviews,v3,Running,True
1779256235,details,v1,Running,True
1779256235,details,v1,Running,True
1779256235,details,v1,Running,True
1779256235,details,v1,Running,True
1779256235,details,v1,Running,True
1779256235,details,v1,Running,True
1779256235,productpage,v1,Running,True
1779256235,productpage,v1,Running,True
1779256235,productpage,v1,Running,True
1779256235,productpage,v1,Running,True
1779256235,productpage,v1,Running,True
1779256235,productpage,v1,Running,True
1779256235,productpage,v1,Running,True
1779256235,productpage,v1,Running,True
1779256235,productpage,v1,Running,True
1779256235,productpage,v1,Running,True
1779256235,productpage,v1,Running,True
1779256235,productpage,v1,Running,True
1779256235,productpage,v1,Running,True
1779256235,productpage,v1,Running,True
1779256235,productpage,v1,Running,True
1779256235,productpage,v1,Running,True
1779256235,productpage,v1,Running,True
1779256235,productpage,v1,Running,True
1779256235,productpage,v1,Running,True
1779256235,productpage,v1,Running,True
1779256235,ratings,v1,Running,True
1779256235,reviews,v1,Running,True
1779256235,reviews,v2,Running,True
1779256235,reviews,v2,Running,True
1779256235,reviews,v2,Running,True
1779256235,reviews,v3,Running,True
1779256235,reviews,v3,Running,True
1779256235,reviews,v3,Running,True
1779256236,details,v1,Running,True
1779256236,details,v1,Running,True
1779256236,details,v1,Running,True
1779256236,details,v1,Running,True
1779256236,details,v1,Running,True
1779256236,details,v1,Running,True
1779256236,productpage,v1,Running,True
1779256236,productpage,v1,Running,True
1779256236,productpage,v1,Running,True
1779256236,productpage,v1,Running,True
1779256236,productpage,v1,Running,True
1779256236,productpage,v1,Running,True
1779256236,productpage,v1,Running,True
1779256236,productpage,v1,Running,True
1779256236,productpage,v1,Running,True
1779256236,productpage,v1,Running,True
1779256236,productpage,v1,Running,True
1779256236,productpage,v1,Running,True
1779256236,productpage,v1,Running,True
1779256236,productpage,v1,Running,True
1779256236,productpage,v1,Running,True
1779256236,productpage,v1,Running,True
1779256236,productpage,v1,Running,True
1779256236,productpage,v1,Running,True
1779256236,productpage,v1,Running,True
1779256236,productpage,v1,Running,True
1779256236,ratings,v1,Running,True
1779256236,reviews,v1,Running,True
1779256236,reviews,v2,Running,True
1779256236,reviews,v2,Running,True
1779256236,reviews,v2,Running,True
1779256236,reviews,v3,Running,True
1779256236,reviews,v3,Running,True
1779256236,reviews,v3,Running,True
1779256237,details,v1,Running,True
1779256237,details,v1,Running,True
1779256237,details,v1,Running,True
1779256237,details,v1,Running,True
1779256237,details,v1,Running,True
1779256237,details,v1,Running,True
1779256237,productpage,v1,Running,True
1779256237,productpage,v1,Running,True
1779256237,productpage,v1,Running,True
1779256237,productpage,v1,Running,True
1779256237,productpage,v1,Running,True
1779256237,productpage,v1,Running,True
1779256237,productpage,v1,Running,True
1779256237,productpage,v1,Running,True
1779256237,productpage,v1,Running,True
1779256237,productpage,v1,Running,True
1779256237,productpage,v1,Running,True
1779256237,productpage,v1,Running,True
1779256237,productpage,v1,Running,True
1779256237,productpage,v1,Running,True
1779256237,productpage,v1,Running,True
1779256237,productpage,v1,Running,True
1779256237,productpage,v1,Running,True
1779256237,productpage,v1,Running,True
1779256237,productpage,v1,Running,True
1779256237,productpage,v1,Running,True
1779256237,ratings,v1,Running,True
1779256237,reviews,v1,Running,True
1779256237,reviews,v2,Running,True
1779256237,reviews,v2,Running,True
1779256237,reviews,v2,Running,True
1779256237,reviews,v3,Running,True
1779256237,reviews,v3,Running,True
1779256237,reviews,v3,Running,True
1779256238,details,v1,Running,True
1779256238,details,v1,Running,True
1779256238,details,v1,Running,True
1779256238,details,v1,Running,True
1779256238,details,v1,Running,True
1779256238,details,v1,Running,True
1779256238,productpage,v1,Running,True
1779256238,productpage,v1,Running,True
1779256238,productpage,v1,Running,True
1779256238,productpage,v1,Running,True
1779256238,productpage,v1,Running,True
1779256238,productpage,v1,Running,True
1779256238,productpage,v1,Running,True
1779256238,productpage,v1,Running,True
1779256238,productpage,v1,Running,True
1779256238,productpage,v1,Running,True
1779256238,productpage,v1,Running,True
1779256238,productpage,v1,Running,True
1779256238,productpage,v1,Running,True
1779256238,productpage,v1,Running,True
1779256238,productpage,v1,Running,True
1779256238,productpage,v1,Running,True
1779256238,productpage,v1,Running,True
1779256238,productpage,v1,Running,True
1779256238,productpage,v1,Running,True
1779256238,productpage,v1,Running,True
1779256238,ratings,v1,Running,True
1779256238,reviews,v1,Running,True
1779256238,reviews,v2,Running,True
1779256238,reviews,v2,Running,True
1779256238,reviews,v2,Running,True
1779256238,reviews,v3,Running,True
1779256238,reviews,v3,Running,True
1779256238,reviews,v3,Running,True
1779256239,details,v1,Running,True
1779256239,details,v1,Running,True
1779256239,details,v1,Running,True
1779256239,details,v1,Running,True
1779256239,details,v1,Running,True
1779256239,details,v1,Running,True
1779256239,productpage,v1,Running,True
1779256239,productpage,v1,Running,True
1779256239,productpage,v1,Running,True
1779256239,productpage,v1,Running,True
1779256239,productpage,v1,Running,True
1779256239,productpage,v1,Running,True
1779256239,productpage,v1,Running,True
1779256239,productpage,v1,Running,True
1779256239,productpage,v1,Running,True
1779256239,productpage,v1,Running,True
1779256239,productpage,v1,Running,True
1779256239,productpage,v1,Running,True
1779256239,productpage,v1,Running,True
1779256239,productpage,v1,Running,True
1779256239,productpage,v1,Running,True
1779256239,productpage,v1,Running,True
1779256239,productpage,v1,Running,True
1779256239,productpage,v1,Running,True
1779256239,productpage,v1,Running,True
1779256239,productpage,v1,Running,True
1779256239,ratings,v1,Running,True
1779256239,reviews,v1,Running,True
1779256239,reviews,v2,Running,True
1779256239,reviews,v2,Running,True
1779256239,reviews,v2,Running,True
1779256239,reviews,v3,Running,True
1779256239,reviews,v3,Running,True
1779256239,reviews,v3,Running,True
1779256240,details,v1,Running,True
1779256240,details,v1,Running,True
1779256240,details,v1,Running,True
1779256240,details,v1,Running,True
1779256240,details,v1,Running,True
1779256240,details,v1,Running,True
1779256240,productpage,v1,Running,True
1779256240,productpage,v1,Running,True
1779256240,productpage,v1,Running,True
1779256240,productpage,v1,Running,True
1779256240,productpage,v1,Running,True
1779256240,productpage,v1,Running,True
1779256240,productpage,v1,Running,True
1779256240,productpage,v1,Running,True
1779256240,productpage,v1,Running,True
1779256240,productpage,v1,Running,True
1779256240,productpage,v1,Running,True
1779256240,productpage,v1,Running,True
1779256240,productpage,v1,Running,True
1779256240,productpage,v1,Running,True
1779256240,productpage,v1,Running,True
1779256240,productpage,v1,Running,True
1779256240,productpage,v1,Running,True
1779256240,productpage,v1,Running,True
1779256240,productpage,v1,Running,True
1779256240,productpage,v1,Running,True
1779256240,ratings,v1,Running,True
1779256240,reviews,v1,Running,True
1779256240,reviews,v2,Running,True
1779256240,reviews,v2,Running,True
1779256240,reviews,v2,Running,True
1779256240,reviews,v3,Running,True
1779256240,reviews,v3,Running,True
1779256240,reviews,v3,Running,True
1779256241,details,v1,Running,True
1779256241,details,v1,Running,True
1779256241,details,v1,Running,True
1779256241,details,v1,Running,True
1779256241,details,v1,Running,True
1779256241,details,v1,Running,True
1779256241,productpage,v1,Running,True
1779256241,productpage,v1,Running,True
1779256241,productpage,v1,Running,True
1779256241,productpage,v1,Running,True
1779256241,productpage,v1,Running,True
1779256241,productpage,v1,Running,True
1779256241,productpage,v1,Running,True
1779256241,productpage,v1,Running,True
1779256241,productpage,v1,Running,True
1779256241,productpage,v1,Running,True
1779256241,productpage,v1,Running,True
1779256241,productpage,v1,Running,True
1779256241,productpage,v1,Running,True
1779256241,productpage,v1,Running,True
1779256241,productpage,v1,Running,True
1779256241,productpage,v1,Running,True
1779256241,productpage,v1,Running,True
1779256241,productpage,v1,Running,True
1779256241,productpage,v1,Running,True
1779256241,productpage,v1,Running,True
1779256241,ratings,v1,Running,True
1779256241,reviews,v1,Running,True
1779256241,reviews,v2,Running,True
1779256241,reviews,v2,Running,True
1779256241,reviews,v2,Running,True
1779256241,reviews,v3,Running,True
1779256241,reviews,v3,Running,True
1779256241,reviews,v3,Running,True
1779256242,details,v1,Running,True
1779256242,details,v1,Running,True
1779256242,details,v1,Running,True
1779256242,details,v1,Running,True
1779256242,details,v1,Running,True
1779256242,details,v1,Running,True
1779256242,productpage,v1,Running,True
1779256242,productpage,v1,Running,True
1779256242,productpage,v1,Running,True
1779256242,productpage,v1,Running,True
1779256242,productpage,v1,Running,True
1779256242,productpage,v1,Running,True
1779256242,productpage,v1,Running,True
1779256242,productpage,v1,Running,True
1779256242,productpage,v1,Running,True
1779256242,productpage,v1,Running,True
1779256242,productpage,v1,Running,True
1779256242,productpage,v1,Running,True
1779256242,productpage,v1,Running,True
1779256242,productpage,v1,Running,True
1779256242,productpage,v1,Running,True
1779256242,productpage,v1,Running,True
1779256242,productpage,v1,Running,True
1779256242,productpage,v1,Running,True
1779256242,productpage,v1,Running,True
1779256242,productpage,v1,Running,True
1779256242,ratings,v1,Running,True
1779256242,reviews,v1,Running,True
1779256242,reviews,v2,Running,True
1779256242,reviews,v2,Running,True
1779256242,reviews,v2,Running,True
1779256242,reviews,v3,Running,True
1779256242,reviews,v3,Running,True
1779256242,reviews,v3,Running,True
1779256243,details,v1,Running,True
1779256243,details,v1,Running,True
1779256243,details,v1,Running,True
1779256243,details,v1,Running,True
1779256243,details,v1,Running,True
1779256243,details,v1,Running,True
1779256243,productpage,v1,Running,True
1779256243,productpage,v1,Running,True
1779256243,productpage,v1,Running,True
1779256243,productpage,v1,Running,True
1779256243,productpage,v1,Running,True
1779256243,productpage,v1,Running,True
1779256243,productpage,v1,Running,True
1779256243,productpage,v1,Running,True
1779256243,productpage,v1,Running,True
1779256243,productpage,v1,Running,True
1779256243,productpage,v1,Running,True
1779256243,productpage,v1,Running,True
1779256243,productpage,v1,Running,True
1779256243,productpage,v1,Running,True
1779256243,productpage,v1,Running,True
1779256243,productpage,v1,Running,True
1779256243,productpage,v1,Running,True
1779256243,productpage,v1,Running,True
1779256243,productpage,v1,Running,True
1779256243,productpage,v1,Running,True
1779256243,ratings,v1,Running,True
1779256243,reviews,v1,Running,True
1779256243,reviews,v2,Running,True
1779256243,reviews,v2,Running,True
1779256243,reviews,v2,Running,True
1779256243,reviews,v3,Running,True
1779256243,reviews,v3,Running,True
1779256243,reviews,v3,Running,True
1779256244,details,v1,Running,True
1779256244,details,v1,Running,True
1779256244,details,v1,Running,True
1779256244,details,v1,Running,True
1779256244,details,v1,Running,True
1779256244,details,v1,Running,True
1779256244,productpage,v1,Running,True
1779256244,productpage,v1,Running,True
1779256244,productpage,v1,Running,True
1779256244,productpage,v1,Running,True
1779256244,productpage,v1,Running,True
1779256244,productpage,v1,Running,True
1779256244,productpage,v1,Running,True
1779256244,productpage,v1,Running,True
1779256244,productpage,v1,Running,True
1779256244,productpage,v1,Running,True
1779256244,productpage,v1,Running,True
1779256244,productpage,v1,Running,True
1779256244,productpage,v1,Running,True
1779256244,productpage,v1,Running,True
1779256244,productpage,v1,Running,True
1779256244,productpage,v1,Running,True
1779256244,productpage,v1,Running,True
1779256244,productpage,v1,Running,True
1779256244,productpage,v1,Running,True
1779256244,productpage,v1,Running,True
1779256244,ratings,v1,Running,True
1779256244,reviews,v1,Running,True
1779256244,reviews,v2,Running,True
1779256244,reviews,v2,Running,True
1779256244,reviews,v2,Running,True
1779256244,reviews,v3,Running,True
1779256244,reviews,v3,Running,True
1779256244,reviews,v3,Running,True
1779256245,details,v1,Running,True
1779256245,details,v1,Running,True
1779256245,details,v1,Running,True
1779256245,details,v1,Running,True
1779256245,details,v1,Running,True
1779256245,details,v1,Running,True
1779256245,productpage,v1,Running,True
1779256245,productpage,v1,Running,True
1779256245,productpage,v1,Running,True
1779256245,productpage,v1,Running,True
1779256245,productpage,v1,Running,True
1779256245,productpage,v1,Running,True
1779256245,productpage,v1,Running,True
1779256245,productpage,v1,Running,True
1779256245,productpage,v1,Running,True
1779256245,productpage,v1,Running,True
1779256245,productpage,v1,Running,True
1779256245,productpage,v1,Running,True
1779256245,productpage,v1,Running,True
1779256245,productpage,v1,Running,True
1779256245,productpage,v1,Running,True
1779256245,productpage,v1,Running,True
1779256245,productpage,v1,Running,True
1779256245,productpage,v1,Running,True
1779256245,productpage,v1,Running,True
1779256245,productpage,v1,Running,True
1779256245,ratings,v1,Running,True
1779256245,reviews,v1,Running,True
1779256245,reviews,v2,Running,True
1779256245,reviews,v2,Running,True
1779256245,reviews,v2,Running,True
1779256245,reviews,v3,Running,True
1779256245,reviews,v3,Running,True
1779256245,reviews,v3,Running,True
1779256246,details,v1,Running,True
1779256246,details,v1,Running,True
1779256246,details,v1,Running,True
1779256246,details,v1,Running,True
1779256246,details,v1,Running,True
1779256246,details,v1,Running,True
1779256246,productpage,v1,Running,True
1779256246,productpage,v1,Running,True
1779256246,productpage,v1,Running,True
1779256246,productpage,v1,Running,True
1779256246,productpage,v1,Running,True
1779256246,productpage,v1,Running,True
1779256246,productpage,v1,Running,True
1779256246,productpage,v1,Running,True
1779256246,productpage,v1,Running,True
1779256246,productpage,v1,Running,True
1779256246,productpage,v1,Running,True
1779256246,productpage,v1,Running,True
1779256246,productpage,v1,Running,True
1779256246,productpage,v1,Running,True
1779256246,productpage,v1,Running,True
1779256246,productpage,v1,Running,True
1779256246,productpage,v1,Running,True
1779256246,productpage,v1,Running,True
1779256246,productpage,v1,Running,True
1779256246,productpage,v1,Running,True
1779256246,ratings,v1,Running,True
1779256246,reviews,v1,Running,True
1779256246,reviews,v2,Running,True
1779256246,reviews,v2,Running,True
1779256246,reviews,v2,Running,True
1779256246,reviews,v3,Running,True
1779256246,reviews,v3,Running,True
1779256246,reviews,v3,Running,True
1779256247,details,v1,Running,True
1779256247,details,v1,Running,True
1779256247,details,v1,Running,True
1779256247,details,v1,Running,True
1779256247,details,v1,Running,True
1779256247,details,v1,Running,True
1779256247,productpage,v1,Running,True
1779256247,productpage,v1,Running,True
1779256247,productpage,v1,Running,True
1779256247,productpage,v1,Running,True
1779256247,productpage,v1,Running,True
1779256247,productpage,v1,Running,True
1779256247,productpage,v1,Running,True
1779256247,productpage,v1,Running,True
1779256247,productpage,v1,Running,True
1779256247,productpage,v1,Running,True
1779256247,productpage,v1,Running,True
1779256247,productpage,v1,Running,True
1779256247,productpage,v1,Running,True
1779256247,productpage,v1,Running,True
1779256247,productpage,v1,Running,True
1779256247,productpage,v1,Running,True
1779256247,productpage,v1,Running,True
1779256247,productpage,v1,Running,True
1779256247,productpage,v1,Running,True
1779256247,productpage,v1,Running,True
1779256247,ratings,v1,Running,True
1779256247,reviews,v1,Running,True
1779256247,reviews,v2,Running,True
1779256247,reviews,v2,Running,True
1779256247,reviews,v2,Running,True
1779256247,reviews,v3,Running,True
1779256247,reviews,v3,Running,True
1779256247,reviews,v3,Running,True
1779256248,details,v1,Running,True
1779256248,details,v1,Running,True
1779256248,details,v1,Running,True
1779256248,details,v1,Running,True
1779256248,details,v1,Running,True
1779256248,details,v1,Running,True
1779256248,productpage,v1,Running,True
1779256248,productpage,v1,Running,True
1779256248,productpage,v1,Running,True
1779256248,productpage,v1,Running,True
1779256248,productpage,v1,Running,True
1779256248,productpage,v1,Running,True
1779256248,productpage,v1,Running,True
1779256248,productpage,v1,Running,True
1779256248,productpage,v1,Running,True
1779256248,productpage,v1,Running,True
1779256248,productpage,v1,Running,True
1779256248,productpage,v1,Running,True
1779256248,productpage,v1,Running,True
1779256248,productpage,v1,Running,True
1779256248,productpage,v1,Running,True
1779256248,productpage,v1,Running,True
1779256248,productpage,v1,Running,True
1779256248,productpage,v1,Running,True
1779256248,productpage,v1,Running,True
1779256248,productpage,v1,Running,True
1779256248,ratings,v1,Running,True
1779256248,reviews,v1,Running,True
1779256248,reviews,v2,Running,True
1779256248,reviews,v2,Running,True
1779256248,reviews,v2,Running,True
1779256248,reviews,v3,Running,True
1779256248,reviews,v3,Running,True
1779256248,reviews,v3,Running,True
1779256249,details,v1,Running,True
1779256249,details,v1,Running,True
1779256249,details,v1,Running,True
1779256249,details,v1,Running,True
1779256249,details,v1,Running,True
1779256249,details,v1,Running,True
1779256249,productpage,v1,Running,True
1779256249,productpage,v1,Running,True
1779256249,productpage,v1,Running,True
1779256249,productpage,v1,Running,True
1779256249,productpage,v1,Running,True
1779256249,productpage,v1,Running,True
1779256249,productpage,v1,Running,True
1779256249,productpage,v1,Running,True
1779256249,productpage,v1,Running,True
1779256249,productpage,v1,Running,True
1779256249,productpage,v1,Running,True
1779256249,productpage,v1,Running,True
1779256249,productpage,v1,Running,True
1779256249,productpage,v1,Running,True
1779256249,productpage,v1,Running,True
1779256249,productpage,v1,Running,True
1779256249,productpage,v1,Running,True
1779256249,productpage,v1,Running,True
1779256249,productpage,v1,Running,True
1779256249,productpage,v1,Running,True
1779256249,ratings,v1,Running,True
1779256249,reviews,v1,Running,True
1779256249,reviews,v2,Running,True
1779256249,reviews,v2,Running,True
1779256249,reviews,v2,Running,True
1779256249,reviews,v3,Running,True
1779256249,reviews,v3,Running,True
1779256249,reviews,v3,Running,True
1779256250,details,v1,Running,True
1779256250,details,v1,Running,True
1779256250,details,v1,Running,True
1779256250,details,v1,Running,True
1779256250,details,v1,Running,True
1779256250,details,v1,Running,True
1779256250,productpage,v1,Running,True
1779256250,productpage,v1,Running,True
1779256250,productpage,v1,Running,True
1779256250,productpage,v1,Running,True
1779256250,productpage,v1,Running,True
1779256250,productpage,v1,Running,True
1779256250,productpage,v1,Running,True
1779256250,productpage,v1,Running,True
1779256250,productpage,v1,Running,True
1779256250,productpage,v1,Running,True
1779256250,productpage,v1,Running,True
1779256250,productpage,v1,Running,True
1779256250,productpage,v1,Running,True
1779256250,productpage,v1,Running,True
1779256250,productpage,v1,Running,True
1779256250,productpage,v1,Running,True
1779256250,productpage,v1,Running,True
1779256250,productpage,v1,Running,True
1779256250,productpage,v1,Running,True
1779256250,productpage,v1,Running,True
1779256250,ratings,v1,Running,True
1779256250,reviews,v1,Running,True
1779256250,reviews,v2,Running,True
1779256250,reviews,v2,Running,True
1779256250,reviews,v2,Running,True
1779256250,reviews,v3,Running,True
1779256250,reviews,v3,Running,True
1779256250,reviews,v3,Running,True
1779256251,details,v1,Running,True
1779256251,details,v1,Running,True
1779256251,details,v1,Running,True
1779256251,details,v1,Running,True
1779256251,details,v1,Running,True
1779256251,details,v1,Running,True
1779256251,productpage,v1,Running,True
1779256251,productpage,v1,Running,True
1779256251,productpage,v1,Running,True
1779256251,productpage,v1,Running,True
1779256251,productpage,v1,Running,True
1779256251,productpage,v1,Running,True
1779256251,productpage,v1,Running,True
1779256251,productpage,v1,Running,True
1779256251,productpage,v1,Running,True
1779256251,productpage,v1,Running,True
1779256251,productpage,v1,Running,True
1779256251,productpage,v1,Running,True
1779256251,productpage,v1,Running,True
1779256251,productpage,v1,Running,True
1779256251,productpage,v1,Running,True
1779256251,productpage,v1,Running,True
1779256251,productpage,v1,Running,True
1779256251,productpage,v1,Running,True
1779256251,productpage,v1,Running,True
1779256251,productpage,v1,Running,True
1779256251,ratings,v1,Running,True
1779256251,reviews,v1,Running,True
1779256251,reviews,v2,Running,True
1779256251,reviews,v2,Running,True
1779256251,reviews,v2,Running,True
1779256251,reviews,v3,Running,True
1779256251,reviews,v3,Running,True
1779256251,reviews,v3,Running,True
1779256252,details,v1,Running,True
1779256252,details,v1,Running,True
1779256252,details,v1,Running,True
1779256252,details,v1,Running,True
1779256252,details,v1,Running,True
1779256252,details,v1,Running,True
1779256252,productpage,v1,Running,True
1779256252,productpage,v1,Running,True
1779256252,productpage,v1,Running,True
1779256252,productpage,v1,Running,True
1779256252,productpage,v1,Running,True
1779256252,productpage,v1,Running,True
1779256252,productpage,v1,Running,True
1779256252,productpage,v1,Running,True
1779256252,productpage,v1,Running,True
1779256252,productpage,v1,Running,True
1779256252,productpage,v1,Running,True
1779256252,productpage,v1,Running,True
1779256252,productpage,v1,Running,True
1779256252,productpage,v1,Running,True
1779256252,productpage,v1,Running,True
1779256252,productpage,v1,Running,True
1779256252,productpage,v1,Running,True
1779256252,productpage,v1,Running,True
1779256252,productpage,v1,Running,True
1779256252,productpage,v1,Running,True
1779256252,ratings,v1,Running,True
1779256252,reviews,v1,Running,True
1779256252,reviews,v2,Running,True
1779256252,reviews,v2,Running,True
1779256252,reviews,v2,Running,True
1779256252,reviews,v3,Running,True
1779256252,reviews,v3,Running,True
1779256252,reviews,v3,Running,True
1779256253,details,v1,Running,True
1779256253,details,v1,Running,True
1779256253,details,v1,Running,True
1779256253,details,v1,Running,True
1779256253,details,v1,Running,True
1779256253,details,v1,Running,True
1779256253,productpage,v1,Running,True
1779256253,productpage,v1,Running,True
1779256253,productpage,v1,Running,True
1779256253,productpage,v1,Running,True
1779256253,productpage,v1,Running,True
1779256253,productpage,v1,Running,True
1779256253,productpage,v1,Running,True
1779256253,productpage,v1,Running,True
1779256253,productpage,v1,Running,True
1779256253,productpage,v1,Running,True
1779256253,productpage,v1,Running,True
1779256253,productpage,v1,Running,True
1779256253,productpage,v1,Running,True
1779256253,productpage,v1,Running,True
1779256253,productpage,v1,Running,True
1779256253,productpage,v1,Running,True
1779256253,productpage,v1,Running,True
1779256253,productpage,v1,Running,True
1779256253,productpage,v1,Running,True
1779256253,productpage,v1,Running,True
1779256253,ratings,v1,Running,True
1779256253,reviews,v1,Running,True
1779256253,reviews,v2,Running,True
1779256253,reviews,v2,Running,True
1779256253,reviews,v2,Running,True
1779256253,reviews,v3,Running,True
1779256253,reviews,v3,Running,True
1779256253,reviews,v3,Running,True
1779256254,details,v1,Running,True
1779256254,details,v1,Running,True
1779256254,details,v1,Running,True
1779256254,details,v1,Running,True
1779256254,details,v1,Running,True
1779256254,details,v1,Running,True
1779256254,productpage,v1,Running,True
1779256254,productpage,v1,Running,True
1779256254,productpage,v1,Running,True
1779256254,productpage,v1,Running,True
1779256254,productpage,v1,Running,True
1779256254,productpage,v1,Running,True
1779256254,productpage,v1,Running,True
1779256254,productpage,v1,Running,True
1779256254,productpage,v1,Running,True
1779256254,productpage,v1,Running,True
1779256254,productpage,v1,Running,True
1779256254,productpage,v1,Running,True
1779256254,productpage,v1,Running,True
1779256254,productpage,v1,Running,True
1779256254,productpage,v1,Running,True
1779256254,productpage,v1,Running,True
1779256254,productpage,v1,Running,True
1779256254,productpage,v1,Running,True
1779256254,productpage,v1,Running,True
1779256254,productpage,v1,Running,True
1779256254,ratings,v1,Running,True
1779256254,reviews,v1,Running,True
1779256254,reviews,v2,Running,True
1779256254,reviews,v2,Running,True
1779256254,reviews,v2,Running,True
1779256254,reviews,v3,Running,True
1779256254,reviews,v3,Running,True
1779256254,reviews,v3,Running,True
1779256255,details,v1,Running,True
1779256255,details,v1,Running,True
1779256255,details,v1,Running,True
1779256255,details,v1,Running,True
1779256255,details,v1,Running,True
1779256255,details,v1,Running,True
1779256255,productpage,v1,Running,True
1779256255,productpage,v1,Running,True
1779256255,productpage,v1,Running,True
1779256255,productpage,v1,Running,True
1779256255,productpage,v1,Running,True
1779256255,productpage,v1,Running,True
1779256255,productpage,v1,Running,True
1779256255,productpage,v1,Running,True
1779256255,productpage,v1,Running,True
1779256255,productpage,v1,Running,True
1779256255,productpage,v1,Running,True
1779256255,productpage,v1,Running,True
1779256255,productpage,v1,Running,True
1779256255,productpage,v1,Running,True
1779256255,productpage,v1,Running,True
1779256255,productpage,v1,Running,True
1779256255,productpage,v1,Running,True
1779256255,productpage,v1,Running,True
1779256255,productpage,v1,Running,True
1779256255,productpage,v1,Running,True
1779256255,ratings,v1,Running,True
1779256255,reviews,v1,Running,True
1779256255,reviews,v2,Running,True
1779256255,reviews,v2,Running,True
1779256255,reviews,v2,Running,True
1779256255,reviews,v3,Running,True
1779256255,reviews,v3,Running,True
1779256255,reviews,v3,Running,True
1779256256,details,v1,Running,True
1779256256,details,v1,Running,True
1779256256,details,v1,Running,True
1779256256,details,v1,Running,True
1779256256,details,v1,Running,True
1779256256,details,v1,Running,True
1779256256,productpage,v1,Running,True
1779256256,productpage,v1,Running,True
1779256256,productpage,v1,Running,True
1779256256,productpage,v1,Running,True
1779256256,productpage,v1,Running,True
1779256256,productpage,v1,Running,True
1779256256,productpage,v1,Running,True
1779256256,productpage,v1,Running,True
1779256256,productpage,v1,Running,True
1779256256,productpage,v1,Running,True
1779256256,productpage,v1,Running,True
1779256256,productpage,v1,Running,True
1779256256,productpage,v1,Running,True
1779256256,productpage,v1,Running,True
1779256256,productpage,v1,Running,True
1779256256,productpage,v1,Running,True
1779256256,productpage,v1,Running,True
1779256256,productpage,v1,Running,True
1779256256,productpage,v1,Running,True
1779256256,productpage,v1,Running,True
1779256256,ratings,v1,Running,True
1779256256,reviews,v1,Running,True
1779256256,reviews,v2,Running,True
1779256256,reviews,v2,Running,True
1779256256,reviews,v2,Running,True
1779256256,reviews,v3,Running,True
1779256256,reviews,v3,Running,True
1779256256,reviews,v3,Running,True
1779256257,details,v1,Running,True
1779256257,details,v1,Running,True
1779256257,details,v1,Running,True
1779256257,details,v1,Running,True
1779256257,details,v1,Running,True
1779256257,details,v1,Running,True
1779256257,productpage,v1,Running,True
1779256257,productpage,v1,Running,True
1779256257,productpage,v1,Running,True
1779256257,productpage,v1,Running,True
1779256257,productpage,v1,Running,True
1779256257,productpage,v1,Running,True
1779256257,productpage,v1,Running,True
1779256257,productpage,v1,Running,True
1779256257,productpage,v1,Running,True
1779256257,productpage,v1,Running,True
1779256257,productpage,v1,Running,True
1779256257,productpage,v1,Running,True
1779256257,productpage,v1,Running,True
1779256257,productpage,v1,Running,True
1779256257,productpage,v1,Running,True
1779256257,productpage,v1,Running,True
1779256257,productpage,v1,Running,True
1779256257,productpage,v1,Running,True
1779256257,productpage,v1,Running,True
1779256257,productpage,v1,Running,True
1779256257,ratings,v1,Running,True
1779256257,reviews,v1,Running,True
1779256257,reviews,v2,Running,True
1779256257,reviews,v2,Running,True
1779256257,reviews,v2,Running,True
1779256257,reviews,v3,Running,True
1779256257,reviews,v3,Running,True
1779256257,reviews,v3,Running,True
1779256258,details,v1,Running,True
1779256258,details,v1,Running,True
1779256258,details,v1,Running,True
1779256258,details,v1,Running,True
1779256258,details,v1,Running,True
1779256258,details,v1,Running,True
1779256258,productpage,v1,Running,True
1779256258,productpage,v1,Running,True
1779256258,productpage,v1,Running,True
1779256258,productpage,v1,Running,True
1779256258,productpage,v1,Running,True
1779256258,productpage,v1,Running,True
1779256258,productpage,v1,Running,True
1779256258,productpage,v1,Running,True
1779256258,productpage,v1,Running,True
1779256258,productpage,v1,Running,True
1779256258,productpage,v1,Running,True
1779256258,productpage,v1,Running,True
1779256258,productpage,v1,Running,True
1779256258,productpage,v1,Running,True
1779256258,productpage,v1,Running,True
1779256258,productpage,v1,Running,True
1779256258,productpage,v1,Running,True
1779256258,productpage,v1,Running,True
1779256258,productpage,v1,Running,True
1779256258,productpage,v1,Running,True
1779256258,ratings,v1,Running,True
1779256258,reviews,v1,Running,True
1779256258,reviews,v2,Running,True
1779256258,reviews,v2,Running,True
1779256258,reviews,v2,Running,True
1779256258,reviews,v3,Running,True
1779256258,reviews,v3,Running,True
1779256258,reviews,v3,Running,True
1779256259,details,v1,Running,True
1779256259,details,v1,Running,True
1779256259,details,v1,Running,True
1779256259,details,v1,Running,True
1779256259,details,v1,Running,True
1779256259,details,v1,Running,True
1779256259,productpage,v1,Running,True
1779256259,productpage,v1,Running,True
1779256259,productpage,v1,Running,True
1779256259,productpage,v1,Running,True
1779256259,productpage,v1,Running,True
1779256259,productpage,v1,Running,True
1779256259,productpage,v1,Running,True
1779256259,productpage,v1,Running,True
1779256259,productpage,v1,Running,True
1779256259,productpage,v1,Running,True
1779256259,productpage,v1,Running,True
1779256259,productpage,v1,Running,True
1779256259,productpage,v1,Running,True
1779256259,productpage,v1,Running,True
1779256259,productpage,v1,Running,True
1779256259,productpage,v1,Running,True
1779256259,productpage,v1,Running,True
1779256259,productpage,v1,Running,True
1779256259,productpage,v1,Running,True
1779256259,productpage,v1,Running,True
1779256259,ratings,v1,Running,True
1779256259,reviews,v1,Running,True
1779256259,reviews,v2,Running,True
1779256259,reviews,v2,Running,True
1779256259,reviews,v2,Running,True
1779256259,reviews,v3,Running,True
1779256259,reviews,v3,Running,True
1779256259,reviews,v3,Running,True
