timestamp,app,version,phase,ready
1779256740,details,v1,Running,True
1779256740,details,v1,Running,True
1779256740,details,v1,Running,True
1779256740,details,v1,Running,True
1779256740,details,v1,Running,True
1779256740,details,v1,Running,True
1779256740,details,v1,Running,True
1779256740,productpage,v1,Running,True
1779256740,productpage,v1,Running,True
1779256740,productpage,v1,Running,True
1779256740,productpage,v1,Running,True
1779256740,productpage,v1,Running,True
1779256740,productpage,v1,Running,True
1779256740,productpage,v1,Running,True
1779256740,productpage,v1,Running,True
1779256740,productpage,v1,Running,True
1779256740,productpage,v1,Running,True
1779256740,productpage,v1,Running,True
1779256740,productpage,v1,Running,True
1779256740,productpage,v1,Running,True
1779256740,productpage,v1,Running,True
1779256740,productpage,v1,Running,True
1779256740,productpage,v1,Running,True
1779256740,productpage,v1,Running,True
1779256740,productpage,v1,Running,True
1779256740,productpage,v1,Running,True
1779256740,productpage,v1,Running,True
1779256740,ratings,v1,Running,True
1779256740,reviews,v1,Running,True
1779256740,reviews,v2,Running,True
1779256740,reviews,v2,Running,True
1779256740,reviews,v2,Running,True
1779256740,reviews,v3,Pending,False
1779256740,reviews,v3,Running,True
1779256740,reviews,v3,Running,True
1779256740,reviews,v3,Pending,False
1779256740,reviews,v3,Running,True
1779256740,reviews,v3,Running,True
1779256740,reviews,v3,Running,True
1779256740,reviews,v3,Running,True
1779256741,details,v1,Running,True
1779256741,details,v1,Running,True
1779256741,details,v1,Running,True
1779256741,details,v1,Running,True
1779256741,details,v1,Running,True
1779256741,details,v1,Running,True
1779256741,details,v1,Running,True
1779256741,productpage,v1,Running,True
1779256741,productpage,v1,Running,True
1779256741,productpage,v1,Running,True
1779256741,productpage,v1,Running,True
1779256741,productpage,v1,Running,True
1779256741,productpage,v1,Running,True
1779256741,productpage,v1,Running,True
1779256741,productpage,v1,Running,True
1779256741,productpage,v1,Running,True
1779256741,productpage,v1,Running,True
1779256741,productpage,v1,Running,True
1779256741,productpage,v1,Running,True
1779256741,productpage,v1,Running,True
1779256741,productpage,v1,Running,True
1779256741,productpage,v1,Running,True
1779256741,productpage,v1,Running,True
1779256741,productpage,v1,Running,True
1779256741,productpage,v1,Running,True
1779256741,productpage,v1,Running,True
1779256741,productpage,v1,Running,True
1779256741,ratings,v1,Running,True
1779256741,reviews,v1,Running,True
1779256741,reviews,v2,Running,True
1779256741,reviews,v2,Running,True
1779256741,reviews,v2,Running,True
1779256741,reviews,v3,Running,False
1779256741,reviews,v3,Running,True
1779256741,reviews,v3,Running,True
1779256741,reviews,v3,Running,False
1779256741,reviews,v3,Running,True
1779256741,reviews,v3,Running,True
1779256741,reviews,v3,Running,True
1779256741,reviews,v3,Running,True
1779256742,details,v1,Running,True
1779256742,details,v1,Running,True
1779256742,details,v1,Running,True
1779256742,details,v1,Running,True
1779256742,details,v1,Running,True
1779256742,details,v1,Running,True
1779256742,details,v1,Running,True
1779256742,productpage,v1,Running,True
1779256742,productpage,v1,Running,True
1779256742,productpage,v1,Running,True
1779256742,productpage,v1,Running,True
1779256742,productpage,v1,Running,True
1779256742,productpage,v1,Running,True
1779256742,productpage,v1,Running,True
1779256742,productpage,v1,Running,True
1779256742,productpage,v1,Running,True
1779256742,productpage,v1,Running,True
1779256742,productpage,v1,Running,True
1779256742,productpage,v1,Running,True
1779256742,productpage,v1,Running,True
1779256742,productpage,v1,Running,True
1779256742,productpage,v1,Running,True
1779256742,productpage,v1,Running,True
1779256742,productpage,v1,Running,True
1779256742,productpage,v1,Running,True
1779256742,productpage,v1,Running,True
1779256742,productpage,v1,Running,True
1779256742,ratings,v1,Running,True
1779256742,reviews,v1,Running,True
1779256742,reviews,v2,Running,True
1779256742,reviews,v2,Running,True
1779256742,reviews,v2,Running,True
1779256742,reviews,v3,Running,False
1779256742,reviews,v3,Running,True
1779256742,reviews,v3,Running,True
1779256742,reviews,v3,Running,False
1779256742,reviews,v3,Running,True
1779256742,reviews,v3,Running,True
1779256742,reviews,v3,Running,True
1779256742,reviews,v3,Running,True
1779256743,details,v1,Running,True
1779256743,details,v1,Running,True
1779256743,details,v1,Running,True
1779256743,details,v1,Running,True
1779256743,details,v1,Running,True
1779256743,details,v1,Running,True
1779256743,details,v1,Running,True
1779256743,productpage,v1,Running,True
1779256743,productpage,v1,Running,True
1779256743,productpage,v1,Running,True
1779256743,productpage,v1,Running,True
1779256743,productpage,v1,Running,True
1779256743,productpage,v1,Running,True
1779256743,productpage,v1,Running,True
1779256743,productpage,v1,Running,True
1779256743,productpage,v1,Running,True
1779256743,productpage,v1,Running,True
1779256743,productpage,v1,Running,True
1779256743,productpage,v1,Running,True
1779256743,productpage,v1,Running,True
1779256743,productpage,v1,Running,True
1779256743,productpage,v1,Running,True
1779256743,productpage,v1,Running,True
1779256743,productpage,v1,Running,True
1779256743,productpage,v1,Running,True
1779256743,productpage,v1,Running,True
1779256743,productpage,v1,Running,True
1779256743,ratings,v1,Running,True
1779256743,reviews,v1,Running,True
1779256743,reviews,v2,Running,True
1779256743,reviews,v2,Running,True
1779256743,reviews,v2,Running,True
1779256743,reviews,v3,Running,True
1779256743,reviews,v3,Running,True
1779256743,reviews,v3,Running,True
1779256743,reviews,v3,Running,True
1779256743,reviews,v3,Running,True
1779256743,reviews,v3,Running,True
1779256743,reviews,v3,Running,True
1779256743,reviews,v3,Running,True
1779256744,details,v1,Running,True
1779256744,details,v1,Running,True
1779256744,details,v1,Running,True
1779256744,details,v1,Running,True
1779256744,details,v1,Running,True
1779256744,details,v1,Running,True
1779256744,details,v1,Running,True
1779256744,productpage,v1,Running,True
1779256744,productpage,v1,Running,True
1779256744,productpage,v1,Running,True
1779256744,productpage,v1,Running,True
1779256744,productpage,v1,Running,True
1779256744,productpage,v1,Running,True
1779256744,productpage,v1,Running,True
1779256744,productpage,v1,Running,True
1779256744,productpage,v1,Running,True
1779256744,productpage,v1,Running,True
1779256744,productpage,v1,Running,True
1779256744,productpage,v1,Running,True
1779256744,productpage,v1,Running,True
1779256744,productpage,v1,Running,True
1779256744,productpage,v1,Running,True
1779256744,productpage,v1,Running,True
1779256744,productpage,v1,Running,True
1779256744,productpage,v1,Running,True
1779256744,productpage,v1,Running,True
1779256744,productpage,v1,Running,True
1779256744,ratings,v1,Running,True
1779256744,reviews,v1,Running,True
1779256744,reviews,v2,Running,True
1779256744,reviews,v2,Running,True
1779256744,reviews,v2,Running,True
1779256744,reviews,v3,Running,True
1779256744,reviews,v3,Running,True
1779256744,reviews,v3,Running,True
1779256744,reviews,v3,Running,True
1779256744,reviews,v3,Running,True
1779256744,reviews,v3,Running,True
1779256744,reviews,v3,Running,True
1779256744,reviews,v3,Running,True
1779256745,details,v1,Running,True
1779256745,details,v1,Running,True
1779256745,details,v1,Running,True
1779256745,details,v1,Running,True
1779256745,details,v1,Running,True
1779256745,details,v1,Running,True
1779256745,details,v1,Running,True
1779256745,productpage,v1,Running,True
1779256745,productpage,v1,Running,True
1779256745,productpage,v1,Running,True
1779256745,productpage,v1,Running,True
1779256745,productpage,v1,Running,True
1779256745,productpage,v1,Running,True
1779256745,productpage,v1,Running,True
1779256745,productpage,v1,Running,True
1779256745,productpage,v1,Running,True
1779256745,productpage,v1,Running,True
1779256745,productpage,v1,Running,True
1779256745,productpage,v1,Running,True
1779256745,productpage,v1,Running,True
1779256745,productpage,v1,Running,True
1779256745,productpage,v1,Running,True
1779256745,productpage,v1,Running,True
1779256745,productpage,v1,Running,True
1779256745,productpage,v1,Running,True
1779256745,productpage,v1,Running,True
1779256745,productpage,v1,Running,True
1779256745,ratings,v1,Running,True
1779256745,reviews,v1,Running,True
1779256745,reviews,v2,Running,True
1779256745,reviews,v2,Running,True
1779256745,reviews,v2,Running,True
1779256745,reviews,v3,Running,True
1779256745,reviews,v3,Running,True
1779256745,reviews,v3,Running,True
1779256745,reviews,v3,Running,True
1779256745,reviews,v3,Running,True
1779256745,reviews,v3,Running,True
1779256745,reviews,v3,Running,True
1779256745,reviews,v3,Running,True
1779256746,details,v1,Running,True
1779256746,details,v1,Running,True
1779256746,details,v1,Running,True
1779256746,details,v1,Running,True
1779256746,details,v1,Running,True
1779256746,details,v1,Running,True
1779256746,details,v1,Running,True
1779256746,productpage,v1,Running,True
1779256746,productpage,v1,Running,True
1779256746,productpage,v1,Running,True
1779256746,productpage,v1,Running,True
1779256746,productpage,v1,Running,True
1779256746,productpage,v1,Running,True
1779256746,productpage,v1,Running,True
1779256746,productpage,v1,Running,True
1779256746,productpage,v1,Running,True
1779256746,productpage,v1,Running,True
1779256746,productpage,v1,Running,True
1779256746,productpage,v1,Running,True
1779256746,productpage,v1,Running,True
1779256746,productpage,v1,Running,True
1779256746,productpage,v1,Running,True
1779256746,productpage,v1,Running,True
1779256746,productpage,v1,Running,True
1779256746,productpage,v1,Running,True
1779256746,productpage,v1,Running,True
1779256746,productpage,v1,Running,True
1779256746,ratings,v1,Running,True
1779256746,reviews,v1,Running,True
1779256746,reviews,v2,Running,True
1779256746,reviews,v2,Running,True
1779256746,reviews,v2,Running,True
1779256746,reviews,v3,Running,True
1779256746,reviews,v3,Running,True
1779256746,reviews,v3,Running,True
1779256746,reviews,v3,Running,True
1779256746,reviews,v3,Running,True
1779256746,reviews,v3,Running,True
1779256746,reviews,v3,Running,True
1779256746,reviews,v3,Running,True
1779256747,details,v1,Running,True
1779256747,details,v1,Running,True
1779256747,details,v1,Running,True
1779256747,details,v1,Running,True
1779256747,details,v1,Running,True
1779256747,details,v1,Running,True
1779256747,details,v1,Running,True
1779256747,productpage,v1,Running,True
1779256747,productpage,v1,Running,True
1779256747,productpage,v1,Running,True
1779256747,productpage,v1,Running,True
1779256747,productpage,v1,Running,True
1779256747,productpage,v1,Running,True
1779256747,productpage,v1,Running,True
1779256747,productpage,v1,Running,True
1779256747,productpage,v1,Running,True
1779256747,productpage,v1,Running,True
1779256747,productpage,v1,Running,True
1779256747,productpage,v1,Running,True
1779256747,productpage,v1,Running,True
1779256747,productpage,v1,Running,True
1779256747,productpage,v1,Running,True
1779256747,productpage,v1,Running,True
1779256747,productpage,v1,Running,True
1779256747,productpage,v1,Running,True
1779256747,productpage,v1,Running,True
1779256747,productpage,v1,Running,True
1779256747,ratings,v1,Running,True
1779256747,reviews,v1,Running,True
1779256747,reviews,v2,Running,True
1779256747,reviews,v2,Running,True
1779256747,reviews,v2,Running,True
1779256747,reviews,v3,Running,True
1779256747,reviews,v3,Running,True
1779256747,reviews,v3,Running,True
1779256747,reviews,v3,Running,True
1779256747,reviews,v3,Running,True
1779256747,reviews,v3,Running,True
1779256747,reviews,v3,Running,True
1779256747,reviews,v3,Running,True
1779256748,details,v1,Running,True
1779256748,details,v1,Running,True
1779256748,details,v1,Running,True
1779256748,details,v1,Running,True
1779256748,details,v1,Running,True
1779256748,details,v1,Running,True
1779256748,details,v1,Running,True
1779256748,productpage,v1,Running,True
1779256748,productpage,v1,Running,True
1779256748,productpage,v1,Running,True
1779256748,productpage,v1,Running,True
1779256748,productpage,v1,Running,True
1779256748,productpage,v1,Running,True
1779256748,productpage,v1,Running,True
1779256748,productpage,v1,Running,True
1779256748,productpage,v1,Running,True
1779256748,productpage,v1,Running,True
1779256748,productpage,v1,Running,True
1779256748,productpage,v1,Running,True
1779256748,productpage,v1,Running,True
1779256748,productpage,v1,Running,True
1779256748,productpage,v1,Running,True
1779256748,productpage,v1,Running,True
1779256748,productpage,v1,Running,True
1779256748,productpage,v1,Running,True
1779256748,productpage,v1,Running,True
1779256748,productpage,v1,Running,True
1779256748,ratings,v1,Running,True
1779256748,reviews,v1,Running,True
1779256748,reviews,v2,Running,True
1779256748,reviews,v2,Running,True
1779256748,reviews,v2,Running,True
1779256748,reviews,v3,Running,True
1779256748,reviews,v3,Running,True
1779256748,reviews,v3,Running,True
1779256748,reviews,v3,Running,True
1779256748,reviews,v3,Running,True
1779256748,reviews,v3,Running,True
1779256748,reviews,v3,Running,True
1779256748,reviews,v3,Running,True
1779256749,details,v1,Running,True
1779256749,details,v1,Running,True
1779256749,details,v1,Running,True
1779256749,details,v1,Running,True
1779256749,details,v1,Running,True
1779256749,details,v1,Running,True
1779256749,details,v1,Running,True
1779256749,productpage,v1,Running,True
1779256749,productpage,v1,Running,True
1779256749,productpage,v1,Running,True
1779256749,productpage,v1,Running,True
1779256749,productpage,v1,Running,True
1779256749,productpage,v1,Running,True
1779256749,productpage,v1,Running,True
1779256749,productpage,v1,Running,True
1779256749,productpage,v1,Running,True
1779256749,productpage,v1,Running,True
1779256749,productpage,v1,Running,True
1779256749,productpage,v1,Running,True
1779256749,productpage,v1,Running,True
1779256749,productpage,v1,Running,True
1779256749,productpage,v1,Running,True
1779256749,productpage,v1,Running,True
1779256749,productpage,v1,Running,True
1779256749,productpage,v1,Running,True
1779256749,productpage,v1,Running,True
1779256749,productpage,v1,Running,True
1779256749,ratings,v1,Running,True
1779256749,reviews,v1,Running,True
1779256749,reviews,v2,Running,True
1779256749,reviews,v2,Running,True
1779256749,reviews,v2,Running,True
1779256749,reviews,v3,Running,True
1779256749,reviews,v3,Running,True
1779256749,reviews,v3,Running,True
1779256749,reviews,v3,Running,True
1779256749,reviews,v3,Running,True
1779256749,reviews,v3,Running,True
1779256749,reviews,v3,Running,True
1779256749,reviews,v3,Running,True
1779256750,details,v1,Running,True
1779256750,details,v1,Running,True
1779256750,details,v1,Running,True
1779256750,details,v1,Running,True
1779256750,details,v1,Running,True
1779256750,details,v1,Running,True
1779256750,details,v1,Running,True
1779256750,productpage,v1,Running,True
1779256750,productpage,v1,Running,True
1779256750,productpage,v1,Running,True
1779256750,productpage,v1,Running,True
1779256750,productpage,v1,Running,True
1779256750,productpage,v1,Running,True
1779256750,productpage,v1,Running,True
1779256750,productpage,v1,Running,True
1779256750,productpage,v1,Running,True
1779256750,productpage,v1,Running,True
1779256750,productpage,v1,Running,True
1779256750,productpage,v1,Running,True
1779256750,productpage,v1,Running,True
1779256750,productpage,v1,Running,True
1779256750,productpage,v1,Running,True
1779256750,productpage,v1,Running,True
1779256750,productpage,v1,Running,True
1779256750,productpage,v1,Running,True
1779256750,productpage,v1,Running,True
1779256750,productpage,v1,Running,True
1779256750,ratings,v1,Running,True
1779256750,reviews,v1,Running,True
1779256750,reviews,v2,Running,True
1779256750,reviews,v2,Running,True
1779256750,reviews,v2,Running,True
1779256750,reviews,v3,Running,True
1779256750,reviews,v3,Running,True
1779256750,reviews,v3,Running,True
1779256750,reviews,v3,Running,True
1779256750,reviews,v3,Running,True
1779256750,reviews,v3,Running,True
1779256750,reviews,v3,Running,True
1779256750,reviews,v3,Running,True
1779256751,details,v1,Running,True
1779256751,details,v1,Running,True
1779256751,details,v1,Running,True
1779256751,details,v1,Running,True
1779256751,details,v1,Running,True
1779256751,details,v1,Running,True
1779256751,details,v1,Running,True
1779256751,productpage,v1,Running,True
1779256751,productpage,v1,Running,True
1779256751,productpage,v1,Running,True
1779256751,productpage,v1,Running,True
1779256751,productpage,v1,Running,True
1779256751,productpage,v1,Running,True
1779256751,productpage,v1,Running,True
1779256751,productpage,v1,Running,True
1779256751,productpage,v1,Running,True
1779256751,productpage,v1,Running,True
1779256751,productpage,v1,Running,True
1779256751,productpage,v1,Running,True
1779256751,productpage,v1,Running,True
1779256751,productpage,v1,Running,True
1779256751,productpage,v1,Running,True
1779256751,productpage,v1,Running,True
1779256751,productpage,v1,Running,True
1779256751,productpage,v1,Running,True
1779256751,productpage,v1,Running,True
1779256751,productpage,v1,Running,True
1779256751,ratings,v1,Running,True
1779256751,reviews,v1,Running,True
1779256751,reviews,v2,Running,True
1779256751,reviews,v2,Running,True
1779256751,reviews,v2,Running,True
1779256751,reviews,v3,Running,True
1779256751,reviews,v3,Running,True
1779256751,reviews,v3,Running,True
1779256751,reviews,v3,Running,True
1779256751,reviews,v3,Running,True
1779256751,reviews,v3,Running,True
1779256751,reviews,v3,Running,True
1779256751,reviews,v3,Running,True
1779256752,details,v1,Running,True
1779256752,details,v1,Running,True
1779256752,details,v1,Running,True
1779256752,details,v1,Running,True
1779256752,details,v1,Running,True
1779256752,details,v1,Running,True
1779256752,details,v1,Running,True
1779256752,productpage,v1,Running,True
1779256752,productpage,v1,Running,True
1779256752,productpage,v1,Running,True
1779256752,productpage,v1,Running,True
1779256752,productpage,v1,Running,True
1779256752,productpage,v1,Running,True
1779256752,productpage,v1,Running,True
1779256752,productpage,v1,Running,True
1779256752,productpage,v1,Running,True
1779256752,productpage,v1,Running,True
1779256752,productpage,v1,Running,True
1779256752,productpage,v1,Running,True
1779256752,productpage,v1,Running,True
1779256752,productpage,v1,Running,True
1779256752,productpage,v1,Running,True
1779256752,productpage,v1,Running,True
1779256752,productpage,v1,Running,True
1779256752,productpage,v1,Running,True
1779256752,productpage,v1,Running,True
1779256752,productpage,v1,Running,True
1779256752,ratings,v1,Running,True
1779256752,reviews,v1,Running,True
1779256752,reviews,v2,Running,True
1779256752,reviews,v2,Running,True
1779256752,reviews,v2,Running,True
1779256752,reviews,v3,Running,True
1779256752,reviews,v3,Running,True
1779256752,reviews,v3,Running,True
1779256752,reviews,v3,Running,True
1779256752,reviews,v3,Running,True
1779256752,reviews,v3,Running,True
1779256752,reviews,v3,Running,True
1779256752,reviews,v3,Running,True
1779256753,details,v1,Running,True
1779256753,details,v1,Running,True
1779256753,details,v1,Running,True
1779256753,details,v1,Running,True
1779256753,details,v1,Running,True
1779256753,details,v1,Running,True
1779256753,details,v1,Running,True
1779256753,productpage,v1,Running,True
1779256753,productpage,v1,Running,True
1779256753,productpage,v1,Running,True
1779256753,productpage,v1,Running,True
1779256753,productpage,v1,Running,True
1779256753,productpage,v1,Running,True
1779256753,productpage,v1,Running,True
1779256753,productpage,v1,Running,True
1779256753,productpage,v1,Running,True
1779256753,productpage,v1,Running,True
1779256753,productpage,v1,Running,True
1779256753,productpage,v1,Running,True
1779256753,productpage,v1,Running,True
1779256753,productpage,v1,Running,True
1779256753,productpage,v1,Running,True
1779256753,productpage,v1,Running,True
1779256753,productpage,v1,Running,True
1779256753,productpage,v1,Running,True
1779256753,productpage,v1,Running,True
1779256753,productpage,v1,Running,True
1779256753,ratings,v1,Running,True
1779256753,reviews,v1,Running,True
1779256753,reviews,v2,Running,True
1779256753,reviews,v2,Running,True
1779256753,reviews,v2,Running,True
1779256753,reviews,v3,Running,True
1779256753,reviews,v3,Pending,
1779256753,reviews,v3,Running,True
1779256753,reviews,v3,Pending,
1779256753,reviews,v3,Running,True
1779256753,reviews,v3,Running,True
1779256753,reviews,v3,Running,True
1779256753,reviews,v3,Running,True
1779256753,reviews,v3,Running,True
1779256753,reviews,v3,Running,True
1779256754,details,v1,Running,True
1779256754,details,v1,Running,True
1779256754,details,v1,Running,True
1779256754,details,v1,Running,True
1779256754,details,v1,Running,True
1779256754,details,v1,Running,True
1779256754,details,v1,Running,True
1779256754,productpage,v1,Running,True
1779256754,productpage,v1,Running,True
1779256754,productpage,v1,Running,True
1779256754,productpage,v1,Running,True
1779256754,productpage,v1,Running,True
1779256754,productpage,v1,Running,True
1779256754,productpage,v1,Running,True
1779256754,productpage,v1,Running,True
1779256754,productpage,v1,Running,True
1779256754,productpage,v1,Running,True
1779256754,productpage,v1,Running,True
1779256754,productpage,v1,Running,True
1779256754,productpage,v1,Running,True
1779256754,productpage,v1,Running,True
1779256754,productpage,v1,Running,True
1779256754,productpage,v1,Running,True
1779256754,productpage,v1,Running,True
1779256754,productpage,v1,Running,True
1779256754,productpage,v1,Running,True
1779256754,productpage,v1,Running,True
1779256754,ratings,v1,Running,True
1779256754,reviews,v1,Running,True
1779256754,reviews,v2,Running,True
1779256754,reviews,v2,Running,True
1779256754,reviews,v2,Running,True
1779256754,reviews,v3,Running,True
1779256754,reviews,v3,Pending,
1779256754,reviews,v3,Running,True
1779256754,reviews,v3,Pending,
1779256754,reviews,v3,Running,True
1779256754,reviews,v3,Running,True
1779256754,reviews,v3,Running,True
1779256754,reviews,v3,Running,True
1779256754,reviews,v3,Running,True
1779256754,reviews,v3,Running,True
1779256755,details,v1,Running,True
1779256755,details,v1,Running,True
1779256755,details,v1,Running,True
1779256755,details,v1,Running,True
1779256755,details,v1,Running,True
1779256755,details,v1,Running,True
1779256755,details,v1,Running,True
1779256755,productpage,v1,Running,True
1779256755,productpage,v1,Running,True
1779256755,productpage,v1,Running,True
1779256755,productpage,v1,Running,True
1779256755,productpage,v1,Running,True
1779256755,productpage,v1,Running,True
1779256755,productpage,v1,Running,True
1779256755,productpage,v1,Running,True
1779256755,productpage,v1,Running,True
1779256755,productpage,v1,Running,True
1779256755,productpage,v1,Running,True
1779256755,productpage,v1,Running,True
1779256755,productpage,v1,Running,True
1779256755,productpage,v1,Running,True
1779256755,productpage,v1,Running,True
1779256755,productpage,v1,Running,True
1779256755,productpage,v1,Running,True
1779256755,productpage,v1,Running,True
1779256755,productpage,v1,Running,True
1779256755,productpage,v1,Running,True
1779256755,ratings,v1,Running,True
1779256755,reviews,v1,Running,True
1779256755,reviews,v2,Running,True
1779256755,reviews,v2,Running,True
1779256755,reviews,v2,Running,True
1779256755,reviews,v3,Running,True
1779256755,reviews,v3,Pending,
1779256755,reviews,v3,Running,True
1779256755,reviews,v3,Pending,
1779256755,reviews,v3,Running,True
1779256755,reviews,v3,Running,True
1779256755,reviews,v3,Running,True
1779256755,reviews,v3,Running,True
1779256755,reviews,v3,Running,True
1779256755,reviews,v3,Running,True
1779256756,details,v1,Running,True
1779256756,details,v1,Running,True
1779256756,details,v1,Running,True
1779256756,details,v1,Running,True
1779256756,details,v1,Running,True
1779256756,details,v1,Running,True
1779256756,details,v1,Running,True
1779256756,productpage,v1,Running,True
1779256756,productpage,v1,Running,True
1779256756,productpage,v1,Running,True
1779256756,productpage,v1,Running,True
1779256756,productpage,v1,Running,True
1779256756,productpage,v1,Running,True
1779256756,productpage,v1,Running,True
1779256756,productpage,v1,Running,True
1779256756,productpage,v1,Running,True
1779256756,productpage,v1,Running,True
1779256756,productpage,v1,Running,True
1779256756,productpage,v1,Running,True
1779256756,productpage,v1,Running,True
1779256756,productpage,v1,Running,True
1779256756,productpage,v1,Running,True
1779256756,productpage,v1,Running,True
1779256756,productpage,v1,Running,True
1779256756,productpage,v1,Running,True
1779256756,productpage,v1,Running,True
1779256756,productpage,v1,Running,True
1779256756,ratings,v1,Running,True
1779256756,reviews,v1,Running,True
1779256756,reviews,v2,Running,True
1779256756,reviews,v2,Running,True
1779256756,reviews,v2,Running,True
1779256756,reviews,v3,Running,True
1779256756,reviews,v3,Pending,
1779256756,reviews,v3,Running,True
1779256756,reviews,v3,Pending,
1779256756,reviews,v3,Running,True
1779256756,reviews,v3,Running,True
1779256756,reviews,v3,Running,True
1779256756,reviews,v3,Running,True
1779256756,reviews,v3,Running,True
1779256756,reviews,v3,Running,True
1779256757,details,v1,Running,True
1779256757,details,v1,Running,True
1779256757,details,v1,Running,True
1779256757,details,v1,Running,True
1779256757,details,v1,Running,True
1779256757,details,v1,Running,True
1779256757,details,v1,Running,True
1779256757,productpage,v1,Running,True
1779256757,productpage,v1,Running,True
1779256757,productpage,v1,Running,True
1779256757,productpage,v1,Running,True
1779256757,productpage,v1,Running,True
1779256757,productpage,v1,Running,True
1779256757,productpage,v1,Running,True
1779256757,productpage,v1,Running,True
1779256757,productpage,v1,Running,True
1779256757,productpage,v1,Running,True
1779256757,productpage,v1,Running,True
1779256757,productpage,v1,Running,True
1779256757,productpage,v1,Running,True
1779256757,productpage,v1,Running,True
1779256757,productpage,v1,Running,True
1779256757,productpage,v1,Running,True
1779256757,productpage,v1,Running,True
1779256757,productpage,v1,Running,True
1779256757,productpage,v1,Running,True
1779256757,productpage,v1,Running,True
1779256757,ratings,v1,Running,True
1779256757,reviews,v1,Running,True
1779256757,reviews,v2,Running,True
1779256757,reviews,v2,Running,True
1779256757,reviews,v2,Running,True
1779256757,reviews,v3,Running,True
1779256757,reviews,v3,Pending,
1779256757,reviews,v3,Running,True
1779256757,reviews,v3,Pending,
1779256757,reviews,v3,Running,True
1779256757,reviews,v3,Running,True
1779256757,reviews,v3,Running,True
1779256757,reviews,v3,Running,True
1779256757,reviews,v3,Running,True
1779256757,reviews,v3,Running,True
1779256758,details,v1,Running,True
1779256758,details,v1,Running,True
1779256758,details,v1,Running,True
1779256758,details,v1,Running,True
1779256758,details,v1,Running,True
1779256758,details,v1,Running,True
1779256758,details,v1,Running,True
1779256758,productpage,v1,Running,True
1779256758,productpage,v1,Running,True
1779256758,productpage,v1,Running,True
1779256758,productpage,v1,Running,True
1779256758,productpage,v1,Running,True
1779256758,productpage,v1,Running,True
1779256758,productpage,v1,Running,True
1779256758,productpage,v1,Running,True
1779256758,productpage,v1,Running,True
1779256758,productpage,v1,Running,True
1779256758,productpage,v1,Running,True
1779256758,productpage,v1,Running,True
1779256758,productpage,v1,Running,True
1779256758,productpage,v1,Running,True
1779256758,productpage,v1,Running,True
1779256758,productpage,v1,Running,True
1779256758,productpage,v1,Running,True
1779256758,productpage,v1,Running,True
1779256758,productpage,v1,Running,True
1779256758,productpage,v1,Running,True
1779256758,ratings,v1,Running,True
1779256758,reviews,v1,Running,True
1779256758,reviews,v2,Running,True
1779256758,reviews,v2,Running,True
1779256758,reviews,v2,Running,True
1779256758,reviews,v3,Running,True
1779256758,reviews,v3,Pending,
1779256758,reviews,v3,Running,True
1779256758,reviews,v3,Pending,
1779256758,reviews,v3,Running,True
1779256758,reviews,v3,Running,True
1779256758,reviews,v3,Running,True
1779256758,reviews,v3,Running,True
1779256758,reviews,v3,Running,True
1779256758,reviews,v3,Running,True
1779256759,details,v1,Running,True
1779256759,details,v1,Running,True
1779256759,details,v1,Running,True
1779256759,details,v1,Running,True
1779256759,details,v1,Running,True
1779256759,details,v1,Running,True
1779256759,details,v1,Running,True
1779256759,productpage,v1,Running,True
1779256759,productpage,v1,Running,True
1779256759,productpage,v1,Running,True
1779256759,productpage,v1,Running,True
1779256759,productpage,v1,Running,True
1779256759,productpage,v1,Running,True
1779256759,productpage,v1,Running,True
1779256759,productpage,v1,Running,True
1779256759,productpage,v1,Running,True
1779256759,productpage,v1,Running,True
1779256759,productpage,v1,Running,True
1779256759,productpage,v1,Running,True
1779256759,productpage,v1,Running,True
1779256759,productpage,v1,Running,True
1779256759,productpage,v1,Running,True
1779256759,productpage,v1,Running,True
1779256759,productpage,v1,Running,True
1779256759,productpage,v1,Running,True
1779256759,productpage,v1,Running,True
1779256759,productpage,v1,Running,True
1779256759,ratings,v1,Running,True
1779256759,reviews,v1,Running,True
1779256759,reviews,v2,Running,True
1779256759,reviews,v2,Running,True
1779256759,reviews,v2,Running,True
1779256759,reviews,v3,Running,True
1779256759,reviews,v3,Pending,
1779256759,reviews,v3,Running,True
1779256759,reviews,v3,Pending,
1779256759,reviews,v3,Running,True
1779256759,reviews,v3,Running,True
1779256759,reviews,v3,Running,True
1779256759,reviews,v3,Running,True
1779256759,reviews,v3,Running,True
1779256759,reviews,v3,Running,True
1779256760,details,v1,Running,True
1779256760,details,v1,Running,True
1779256760,details,v1,Running,True
1779256760,details,v1,Running,True
1779256760,details,v1,Running,True
1779256760,details,v1,Running,True
1779256760,details,v1,Running,True
1779256760,productpage,v1,Running,True
1779256760,productpage,v1,Running,True
1779256760,productpage,v1,Running,True
1779256760,productpage,v1,Running,True
1779256760,productpage,v1,Running,True
1779256760,productpage,v1,Running,True
1779256760,productpage,v1,Running,True
1779256760,productpage,v1,Running,True
1779256760,productpage,v1,Running,True
1779256760,productpage,v1,Running,True
1779256760,productpage,v1,Running,True
1779256760,productpage,v1,Running,True
1779256760,productpage,v1,Running,True
1779256760,productpage,v1,Running,True
1779256760,productpage,v1,Running,True
1779256760,productpage,v1,Running,True
1779256760,productpage,v1,Running,True
1779256760,productpage,v1,Running,True
1779256760,productpage,v1,Running,True
1779256760,productpage,v1,Running,True
1779256760,ratings,v1,Running,True
1779256760,reviews,v1,Running,True
1779256760,reviews,v2,Running,True
1779256760,reviews,v2,Running,True
1779256760,reviews,v2,Running,True
1779256760,reviews,v3,Running,True
1779256760,reviews,v3,Pending,
1779256760,reviews,v3,Running,True
1779256760,reviews,v3,Pending,
1779256760,reviews,v3,Running,True
1779256760,reviews,v3,Running,True
1779256760,reviews,v3,Running,True
1779256760,reviews,v3,Running,True
1779256760,reviews,v3,Running,True
1779256760,reviews,v3,Running,True
1779256761,details,v1,Running,True
1779256761,details,v1,Running,True
1779256761,details,v1,Running,True
1779256761,details,v1,Running,True
1779256761,details,v1,Running,True
1779256761,details,v1,Running,True
1779256761,details,v1,Running,True
1779256761,productpage,v1,Running,True
1779256761,productpage,v1,Running,True
1779256761,productpage,v1,Running,True
1779256761,productpage,v1,Running,True
1779256761,productpage,v1,Running,True
1779256761,productpage,v1,Running,True
1779256761,productpage,v1,Running,True
1779256761,productpage,v1,Running,True
1779256761,productpage,v1,Running,True
1779256761,productpage,v1,Running,True
1779256761,productpage,v1,Running,True
1779256761,productpage,v1,Running,True
1779256761,productpage,v1,Running,True
1779256761,productpage,v1,Running,True
1779256761,productpage,v1,Running,True
1779256761,productpage,v1,Running,True
1779256761,productpage,v1,Running,True
1779256761,productpage,v1,Running,True
1779256761,productpage,v1,Running,True
1779256761,productpage,v1,Running,True
1779256761,ratings,v1,Running,True
1779256761,reviews,v1,Running,True
1779256761,reviews,v2,Running,True
1779256761,reviews,v2,Running,True
1779256761,reviews,v2,Running,True
1779256761,reviews,v3,Running,True
1779256761,reviews,v3,Pending,
1779256761,reviews,v3,Running,True
1779256761,reviews,v3,Pending,
1779256761,reviews,v3,Running,True
1779256761,reviews,v3,Running,True
1779256761,reviews,v3,Running,True
1779256761,reviews,v3,Running,True
1779256761,reviews,v3,Running,True
1779256761,reviews,v3,Running,True
1779256762,details,v1,Running,True
1779256762,details,v1,Running,True
1779256762,details,v1,Running,True
1779256762,details,v1,Running,True
1779256762,details,v1,Running,True
1779256762,details,v1,Running,True
1779256762,details,v1,Running,True
1779256762,productpage,v1,Running,True
1779256762,productpage,v1,Running,True
1779256762,productpage,v1,Running,True
1779256762,productpage,v1,Running,True
1779256762,productpage,v1,Running,True
1779256762,productpage,v1,Running,True
1779256762,productpage,v1,Running,True
1779256762,productpage,v1,Running,True
1779256762,productpage,v1,Running,True
1779256762,productpage,v1,Running,True
1779256762,productpage,v1,Running,True
1779256762,productpage,v1,Running,True
1779256762,productpage,v1,Running,True
1779256762,productpage,v1,Running,True
1779256762,productpage,v1,Running,True
1779256762,productpage,v1,Running,True
1779256762,productpage,v1,Running,True
1779256762,productpage,v1,Running,True
1779256762,productpage,v1,Running,True
1779256762,productpage,v1,Running,True
1779256762,ratings,v1,Running,True
1779256762,reviews,v1,Running,True
1779256762,reviews,v2,Running,True
1779256762,reviews,v2,Running,True
1779256762,reviews,v2,Running,True
1779256762,reviews,v3,Running,True
1779256762,reviews,v3,Pending,
1779256762,reviews,v3,Running,True
1779256762,reviews,v3,Pending,
1779256762,reviews,v3,Running,True
1779256762,reviews,v3,Running,True
1779256762,reviews,v3,Running,True
1779256762,reviews,v3,Running,True
1779256762,reviews,v3,Running,True
1779256762,reviews,v3,Running,True
1779256763,details,v1,Running,True
1779256763,details,v1,Running,True
1779256763,details,v1,Running,True
1779256763,details,v1,Running,True
1779256763,details,v1,Running,True
1779256763,details,v1,Running,True
1779256763,details,v1,Running,True
1779256763,productpage,v1,Running,True
1779256763,productpage,v1,Running,True
1779256763,productpage,v1,Running,True
1779256763,productpage,v1,Running,True
1779256763,productpage,v1,Running,True
1779256763,productpage,v1,Running,True
1779256763,productpage,v1,Running,True
1779256763,productpage,v1,Running,True
1779256763,productpage,v1,Running,True
1779256763,productpage,v1,Running,True
1779256763,productpage,v1,Running,True
1779256763,productpage,v1,Running,True
1779256763,productpage,v1,Running,True
1779256763,productpage,v1,Running,True
1779256763,productpage,v1,Running,True
1779256763,productpage,v1,Running,True
1779256763,productpage,v1,Running,True
1779256763,productpage,v1,Running,True
1779256763,productpage,v1,Running,True
1779256763,productpage,v1,Running,True
1779256763,ratings,v1,Running,True
1779256763,reviews,v1,Running,True
1779256763,reviews,v2,Running,True
1779256763,reviews,v2,Running,True
1779256763,reviews,v2,Running,True
1779256763,reviews,v3,Running,True
1779256763,reviews,v3,Pending,
1779256763,reviews,v3,Running,True
1779256763,reviews,v3,Pending,
1779256763,reviews,v3,Running,True
1779256763,reviews,v3,Running,True
1779256763,reviews,v3,Running,True
1779256763,reviews,v3,Running,True
1779256763,reviews,v3,Running,True
1779256763,reviews,v3,Running,True
1779256764,details,v1,Running,True
1779256764,details,v1,Running,True
1779256764,details,v1,Running,True
1779256764,details,v1,Running,True
1779256764,details,v1,Running,True
1779256764,details,v1,Running,True
1779256764,details,v1,Running,True
1779256764,productpage,v1,Running,True
1779256764,productpage,v1,Running,True
1779256764,productpage,v1,Running,True
1779256764,productpage,v1,Running,True
1779256764,productpage,v1,Running,True
1779256764,productpage,v1,Running,True
1779256764,productpage,v1,Running,True
1779256764,productpage,v1,Running,True
1779256764,productpage,v1,Running,True
1779256764,productpage,v1,Running,True
1779256764,productpage,v1,Running,True
1779256764,productpage,v1,Running,True
1779256764,productpage,v1,Running,True
1779256764,productpage,v1,Running,True
1779256764,productpage,v1,Running,True
1779256764,productpage,v1,Running,True
1779256764,productpage,v1,Running,True
1779256764,productpage,v1,Running,True
1779256764,productpage,v1,Running,True
1779256764,productpage,v1,Running,True
1779256764,ratings,v1,Running,True
1779256764,reviews,v1,Running,True
1779256764,reviews,v2,Running,True
1779256764,reviews,v2,Running,True
1779256764,reviews,v2,Running,True
1779256764,reviews,v3,Running,True
1779256764,reviews,v3,Pending,
1779256764,reviews,v3,Running,True
1779256764,reviews,v3,Pending,
1779256764,reviews,v3,Running,True
1779256764,reviews,v3,Running,True
1779256764,reviews,v3,Running,True
1779256764,reviews,v3,Running,True
1779256764,reviews,v3,Running,True
1779256764,reviews,v3,Running,True
1779256765,details,v1,Running,True
1779256765,details,v1,Running,True
1779256765,details,v1,Running,True
1779256765,details,v1,Running,True
1779256765,details,v1,Running,True
1779256765,details,v1,Running,True
1779256765,details,v1,Running,True
1779256765,productpage,v1,Running,True
1779256765,productpage,v1,Running,True
1779256765,productpage,v1,Running,True
1779256765,productpage,v1,Running,True
1779256765,productpage,v1,Running,True
1779256765,productpage,v1,Running,True
1779256765,productpage,v1,Running,True
1779256765,productpage,v1,Running,True
1779256765,productpage,v1,Running,True
1779256765,productpage,v1,Running,True
1779256765,productpage,v1,Running,True
1779256765,productpage,v1,Running,True
1779256765,productpage,v1,Running,True
1779256765,productpage,v1,Running,True
1779256765,productpage,v1,Running,True
1779256765,productpage,v1,Running,True
1779256765,productpage,v1,Running,True
1779256765,productpage,v1,Running,True
1779256765,productpage,v1,Running,True
1779256765,productpage,v1,Running,True
1779256765,ratings,v1,Running,True
1779256765,reviews,v1,Running,True
1779256765,reviews,v2,Running,True
1779256765,reviews,v2,Running,True
1779256765,reviews,v2,Running,True
1779256765,reviews,v3,Running,True
1779256765,reviews,v3,Pending,
1779256765,reviews,v3,Running,True
1779256765,reviews,v3,Pending,
1779256765,reviews,v3,Running,True
1779256765,reviews,v3,Running,True
1779256765,reviews,v3,Running,True
1779256765,reviews,v3,Running,True
1779256765,reviews,v3,Running,True
1779256765,reviews,v3,Running,True
1779256766,details,v1,Running,True
1779256766,details,v1,Running,True
1779256766,details,v1,Running,True
1779256766,details,v1,Running,True
1779256766,details,v1,Running,True
1779256766,details,v1,Running,True
1779256766,details,v1,Running,True
1779256766,productpage,v1,Running,True
1779256766,productpage,v1,Running,True
1779256766,productpage,v1,Running,True
1779256766,productpage,v1,Running,True
1779256766,productpage,v1,Running,True
1779256766,productpage,v1,Running,True
1779256766,productpage,v1,Running,True
1779256766,productpage,v1,Running,True
1779256766,productpage,v1,Running,True
1779256766,productpage,v1,Running,True
1779256766,productpage,v1,Running,True
1779256766,productpage,v1,Running,True
1779256766,productpage,v1,Running,True
1779256766,productpage,v1,Running,True
1779256766,productpage,v1,Running,True
1779256766,productpage,v1,Running,True
1779256766,productpage,v1,Running,True
1779256766,productpage,v1,Running,True
1779256766,productpage,v1,Running,True
1779256766,productpage,v1,Running,True
1779256766,ratings,v1,Running,True
1779256766,reviews,v1,Running,True
1779256766,reviews,v2,Running,True
1779256766,reviews,v2,Running,True
1779256766,reviews,v2,Running,True
1779256766,reviews,v3,Running,True
1779256766,reviews,v3,Pending,
1779256766,reviews,v3,Running,True
1779256766,reviews,v3,Pending,
1779256766,reviews,v3,Running,True
1779256766,reviews,v3,Running,True
1779256766,reviews,v3,Running,True
1779256766,reviews,v3,Running,True
1779256766,reviews,v3,Running,True
1779256766,reviews,v3,Running,True
1779256767,details,v1,Running,True
1779256767,details,v1,Running,True
1779256767,details,v1,Running,True
1779256767,details,v1,Running,True
1779256767,details,v1,Running,True
1779256767,details,v1,Running,True
1779256767,details,v1,Running,True
1779256767,productpage,v1,Running,True
1779256767,productpage,v1,Running,True
1779256767,productpage,v1,Running,True
1779256767,productpage,v1,Running,True
1779256767,productpage,v1,Running,True
1779256767,productpage,v1,Running,True
1779256767,productpage,v1,Running,True
1779256767,productpage,v1,Running,True
1779256767,productpage,v1,Running,True
1779256767,productpage,v1,Running,True
1779256767,productpage,v1,Running,True
1779256767,productpage,v1,Running,True
1779256767,productpage,v1,Running,True
1779256767,productpage,v1,Running,True
1779256767,productpage,v1,Running,True
1779256767,productpage,v1,Running,True
1779256767,productpage,v1,Running,True
1779256767,productpage,v1,Running,True
1779256767,productpage,v1,Running,True
1779256767,productpage,v1,Running,True
1779256767,ratings,v1,Running,True
1779256767,reviews,v1,Running,True
1779256767,reviews,v2,Running,True
1779256767,reviews,v2,Running,True
1779256767,reviews,v2,Running,True
1779256767,reviews,v3,Running,True
1779256767,reviews,v3,Pending,
1779256767,reviews,v3,Running,True
1779256767,reviews,v3,Pending,
1779256767,reviews,v3,Running,True
1779256767,reviews,v3,Running,True
1779256767,reviews,v3,Running,True
1779256767,reviews,v3,Running,True
1779256767,reviews,v3,Running,True
1779256767,reviews,v3,Running,True
1779256768,details,v1,Running,True
1779256768,details,v1,Running,True
1779256768,details,v1,Running,True
1779256768,details,v1,Running,True
1779256768,details,v1,Running,True
1779256768,details,v1,Running,True
1779256768,details,v1,Running,True
1779256768,productpage,v1,Running,True
1779256768,productpage,v1,Running,True
1779256768,productpage,v1,Running,True
1779256768,productpage,v1,Running,True
1779256768,productpage,v1,Running,True
1779256768,productpage,v1,Running,True
1779256768,productpage,v1,Running,True
1779256768,productpage,v1,Running,True
1779256768,productpage,v1,Running,True
1779256768,productpage,v1,Running,True
1779256768,productpage,v1,Running,True
1779256768,productpage,v1,Running,True
1779256768,productpage,v1,Running,True
1779256768,productpage,v1,Running,True
1779256768,productpage,v1,Running,True
1779256768,productpage,v1,Running,True
1779256768,productpage,v1,Running,True
1779256768,productpage,v1,Running,True
1779256768,productpage,v1,Running,True
1779256768,productpage,v1,Running,True
1779256768,ratings,v1,Running,True
1779256768,reviews,v1,Running,True
1779256768,reviews,v2,Running,True
1779256768,reviews,v2,Running,True
1779256768,reviews,v2,Running,True
1779256768,reviews,v3,Running,True
1779256768,reviews,v3,Pending,
1779256768,reviews,v3,Running,True
1779256768,reviews,v3,Pending,
1779256768,reviews,v3,Running,True
1779256768,reviews,v3,Running,True
1779256768,reviews,v3,Running,True
1779256768,reviews,v3,Running,True
1779256768,reviews,v3,Running,True
1779256768,reviews,v3,Running,True
1779256769,details,v1,Running,True
1779256769,details,v1,Running,True
1779256769,details,v1,Running,True
1779256769,details,v1,Running,True
1779256769,details,v1,Running,True
1779256769,details,v1,Running,True
1779256769,details,v1,Running,True
1779256769,productpage,v1,Running,True
1779256769,productpage,v1,Running,True
1779256769,productpage,v1,Running,True
1779256769,productpage,v1,Running,True
1779256769,productpage,v1,Running,True
1779256769,productpage,v1,Running,True
1779256769,productpage,v1,Running,True
1779256769,productpage,v1,Running,True
1779256769,productpage,v1,Running,True
1779256769,productpage,v1,Running,True
1779256769,productpage,v1,Running,True
1779256769,productpage,v1,Running,True
1779256769,productpage,v1,Running,True
1779256769,productpage,v1,Running,True
1779256769,productpage,v1,Running,True
1779256769,productpage,v1,Running,True
1779256769,productpage,v1,Running,True
1779256769,productpage,v1,Running,True
1779256769,productpage,v1,Running,True
1779256769,productpage,v1,Running,True
1779256769,ratings,v1,Running,True
1779256769,reviews,v1,Running,True
1779256769,reviews,v2,Running,True
1779256769,reviews,v2,Running,True
1779256769,reviews,v2,Running,True
1779256769,reviews,v3,Running,True
1779256769,reviews,v3,Pending,
1779256769,reviews,v3,Running,True
1779256769,reviews,v3,Pending,
1779256769,reviews,v3,Running,True
1779256769,reviews,v3,Running,True
1779256769,reviews,v3,Running,True
1779256769,reviews,v3,Running,True
1779256769,reviews,v3,Running,True
1779256769,reviews,v3,Running,True
1779256770,details,v1,Running,True
1779256770,details,v1,Running,True
1779256770,details,v1,Running,True
1779256770,details,v1,Running,True
1779256770,details,v1,Running,True
1779256770,details,v1,Running,True
1779256770,details,v1,Running,True
1779256770,productpage,v1,Running,True
1779256770,productpage,v1,Running,True
1779256770,productpage,v1,Running,True
1779256770,productpage,v1,Running,True
1779256770,productpage,v1,Running,True
1779256770,productpage,v1,Running,True
1779256770,productpage,v1,Running,True
1779256770,productpage,v1,Running,True
1779256770,productpage,v1,Running,True
1779256770,productpage,v1,Running,True
1779256770,productpage,v1,Running,True
1779256770,productpage,v1,Running,True
1779256770,productpage,v1,Running,True
1779256770,productpage,v1,Running,True
1779256770,productpage,v1,Running,True
1779256770,productpage,v1,Running,True
1779256770,productpage,v1,Running,True
1779256770,productpage,v1,Running,True
1779256770,productpage,v1,Running,True
1779256770,productpage,v1,Running,True
1779256770,ratings,v1,Running,True
1779256770,reviews,v1,Running,True
1779256770,reviews,v2,Running,True
1779256770,reviews,v2,Running,True
1779256770,reviews,v2,Running,True
1779256770,reviews,v3,Running,True
1779256770,reviews,v3,Pending,
1779256770,reviews,v3,Running,True
1779256770,reviews,v3,Pending,
1779256770,reviews,v3,Running,True
1779256770,reviews,v3,Running,True
1779256770,reviews,v3,Running,True
1779256770,reviews,v3,Running,True
1779256770,reviews,v3,Running,True
1779256770,reviews,v3,Running,True
1779256771,details,v1,Running,True
1779256771,details,v1,Running,True
1779256771,details,v1,Running,True
1779256771,details,v1,Running,True
1779256771,details,v1,Running,True
1779256771,details,v1,Running,True
1779256771,details,v1,Running,True
1779256771,productpage,v1,Running,True
1779256771,productpage,v1,Running,True
1779256771,productpage,v1,Running,True
1779256771,productpage,v1,Running,True
1779256771,productpage,v1,Running,True
1779256771,productpage,v1,Running,True
1779256771,productpage,v1,Running,True
1779256771,productpage,v1,Running,True
1779256771,productpage,v1,Running,True
1779256771,productpage,v1,Running,True
1779256771,productpage,v1,Running,True
1779256771,productpage,v1,Running,True
1779256771,productpage,v1,Running,True
1779256771,productpage,v1,Running,True
1779256771,productpage,v1,Running,True
1779256771,productpage,v1,Running,True
1779256771,productpage,v1,Running,True
1779256771,productpage,v1,Running,True
1779256771,productpage,v1,Running,True
1779256771,productpage,v1,Running,True
1779256771,ratings,v1,Running,True
1779256771,reviews,v1,Running,True
1779256771,reviews,v2,Running,True
1779256771,reviews,v2,Running,True
1779256771,reviews,v2,Running,True
1779256771,reviews,v3,Running,True
1779256771,reviews,v3,Pending,
1779256771,reviews,v3,Running,True
1779256771,reviews,v3,Pending,
1779256771,reviews,v3,Running,True
1779256771,reviews,v3,Running,True
1779256771,reviews,v3,Running,True
1779256771,reviews,v3,Running,True
1779256771,reviews,v3,Running,True
1779256771,reviews,v3,Running,True
1779256772,details,v1,Running,True
1779256772,details,v1,Running,True
1779256772,details,v1,Running,True
1779256772,details,v1,Running,True
1779256772,details,v1,Running,True
1779256772,details,v1,Running,True
1779256772,details,v1,Running,True
1779256772,productpage,v1,Running,True
1779256772,productpage,v1,Running,True
1779256772,productpage,v1,Running,True
1779256772,productpage,v1,Running,True
1779256772,productpage,v1,Running,True
1779256772,productpage,v1,Running,True
1779256772,productpage,v1,Running,True
1779256772,productpage,v1,Running,True
1779256772,productpage,v1,Running,True
1779256772,productpage,v1,Running,True
1779256772,productpage,v1,Running,True
1779256772,productpage,v1,Running,True
1779256772,productpage,v1,Running,True
1779256772,productpage,v1,Running,True
1779256772,productpage,v1,Running,True
1779256772,productpage,v1,Running,True
1779256772,productpage,v1,Running,True
1779256772,productpage,v1,Running,True
1779256772,productpage,v1,Running,True
1779256772,productpage,v1,Running,True
1779256772,ratings,v1,Running,True
1779256772,reviews,v1,Running,True
1779256772,reviews,v2,Running,True
1779256772,reviews,v2,Running,True
1779256772,reviews,v2,Running,True
1779256772,reviews,v3,Running,True
1779256772,reviews,v3,Pending,
1779256772,reviews,v3,Running,True
1779256772,reviews,v3,Pending,
1779256772,reviews,v3,Running,True
1779256772,reviews,v3,Running,True
1779256772,reviews,v3,Running,True
1779256772,reviews,v3,Running,True
1779256772,reviews,v3,Running,True
1779256772,reviews,v3,Running,True
1779256773,details,v1,Running,True
1779256773,details,v1,Running,True
1779256773,details,v1,Running,True
1779256773,details,v1,Running,True
1779256773,details,v1,Running,True
1779256773,details,v1,Running,True
1779256773,details,v1,Running,True
1779256773,productpage,v1,Running,True
1779256773,productpage,v1,Running,True
1779256773,productpage,v1,Running,True
1779256773,productpage,v1,Running,True
1779256773,productpage,v1,Running,True
1779256773,productpage,v1,Running,True
1779256773,productpage,v1,Running,True
1779256773,productpage,v1,Running,True
1779256773,productpage,v1,Running,True
1779256773,productpage,v1,Running,True
1779256773,productpage,v1,Running,True
1779256773,productpage,v1,Running,True
1779256773,productpage,v1,Running,True
1779256773,productpage,v1,Running,True
1779256773,productpage,v1,Running,True
1779256773,productpage,v1,Running,True
1779256773,productpage,v1,Running,True
1779256773,productpage,v1,Running,True
1779256773,productpage,v1,Running,True
1779256773,productpage,v1,Running,True
1779256773,ratings,v1,Running,True
1779256773,reviews,v1,Running,True
1779256773,reviews,v2,Running,True
1779256773,reviews,v2,Running,True
1779256773,reviews,v2,Running,True
1779256773,reviews,v3,Running,True
1779256773,reviews,v3,Pending,
1779256773,reviews,v3,Running,True
1779256773,reviews,v3,Pending,
1779256773,reviews,v3,Running,True
1779256773,reviews,v3,Running,True
1779256773,reviews,v3,Running,True
1779256773,reviews,v3,Running,True
1779256773,reviews,v3,Running,True
1779256773,reviews,v3,Running,True
1779256774,details,v1,Running,True
1779256774,details,v1,Running,True
1779256774,details,v1,Running,True
1779256774,details,v1,Running,True
1779256774,details,v1,Running,True
1779256774,details,v1,Running,True
1779256774,details,v1,Running,True
1779256774,productpage,v1,Running,True
1779256774,productpage,v1,Running,True
1779256774,productpage,v1,Running,True
1779256774,productpage,v1,Running,True
1779256774,productpage,v1,Running,True
1779256774,productpage,v1,Running,True
1779256774,productpage,v1,Running,True
1779256774,productpage,v1,Running,True
1779256774,productpage,v1,Running,True
1779256774,productpage,v1,Running,True
1779256774,productpage,v1,Running,True
1779256774,productpage,v1,Running,True
1779256774,productpage,v1,Running,True
1779256774,productpage,v1,Running,True
1779256774,productpage,v1,Running,True
1779256774,productpage,v1,Running,True
1779256774,productpage,v1,Running,True
1779256774,productpage,v1,Running,True
1779256774,productpage,v1,Running,True
1779256774,productpage,v1,Running,True
1779256774,ratings,v1,Running,True
1779256774,reviews,v1,Running,True
1779256774,reviews,v2,Running,True
1779256774,reviews,v2,Running,True
1779256774,reviews,v2,Running,True
1779256774,reviews,v3,Running,True
1779256774,reviews,v3,Pending,
1779256774,reviews,v3,Running,True
1779256774,reviews,v3,Pending,
1779256774,reviews,v3,Running,True
1779256774,reviews,v3,Running,True
1779256774,reviews,v3,Running,True
1779256774,reviews,v3,Running,True
1779256774,reviews,v3,Running,True
1779256774,reviews,v3,Running,True
1779256775,details,v1,Running,True
1779256775,details,v1,Running,True
1779256775,details,v1,Running,True
1779256775,details,v1,Running,True
1779256775,details,v1,Running,True
1779256775,details,v1,Running,True
1779256775,details,v1,Running,True
1779256775,productpage,v1,Running,True
1779256775,productpage,v1,Running,True
1779256775,productpage,v1,Running,True
1779256775,productpage,v1,Running,True
1779256775,productpage,v1,Running,True
1779256775,productpage,v1,Running,True
1779256775,productpage,v1,Running,True
1779256775,productpage,v1,Running,True
1779256775,productpage,v1,Running,True
1779256775,productpage,v1,Running,True
1779256775,productpage,v1,Running,True
1779256775,productpage,v1,Running,True
1779256775,productpage,v1,Running,True
1779256775,productpage,v1,Running,True
1779256775,productpage,v1,Running,True
1779256775,productpage,v1,Running,True
1779256775,productpage,v1,Running,True
1779256775,productpage,v1,Running,True
1779256775,productpage,v1,Running,True
1779256775,productpage,v1,Running,True
1779256775,ratings,v1,Running,True
1779256775,reviews,v1,Running,True
1779256775,reviews,v2,Running,True
1779256775,reviews,v2,Running,True
1779256775,reviews,v2,Running,True
1779256775,reviews,v3,Running,True
1779256775,reviews,v3,Pending,
1779256775,reviews,v3,Running,True
1779256775,reviews,v3,Pending,
1779256775,reviews,v3,Running,True
1779256775,reviews,v3,Running,True
1779256775,reviews,v3,Running,True
1779256775,reviews,v3,Running,True
1779256775,reviews,v3,Running,True
1779256775,reviews,v3,Running,True
1779256776,details,v1,Running,True
1779256776,details,v1,Running,True
1779256776,details,v1,Running,True
1779256776,details,v1,Running,True
1779256776,details,v1,Running,True
1779256776,details,v1,Running,True
1779256776,details,v1,Running,True
1779256776,productpage,v1,Running,True
1779256776,productpage,v1,Running,True
1779256776,productpage,v1,Running,True
1779256776,productpage,v1,Running,True
1779256776,productpage,v1,Running,True
1779256776,productpage,v1,Running,True
1779256776,productpage,v1,Running,True
1779256776,productpage,v1,Running,True
1779256776,productpage,v1,Running,True
1779256776,productpage,v1,Running,True
1779256776,productpage,v1,Running,True
1779256776,productpage,v1,Running,True
1779256776,productpage,v1,Running,True
1779256776,productpage,v1,Running,True
1779256776,productpage,v1,Running,True
1779256776,productpage,v1,Running,True
1779256776,productpage,v1,Running,True
1779256776,productpage,v1,Running,True
1779256776,productpage,v1,Running,True
1779256776,productpage,v1,Running,True
1779256776,ratings,v1,Running,True
1779256776,reviews,v1,Running,True
1779256776,reviews,v2,Running,True
1779256776,reviews,v2,Running,True
1779256776,reviews,v2,Running,True
1779256776,reviews,v3,Running,True
1779256776,reviews,v3,Pending,
1779256776,reviews,v3,Running,True
1779256776,reviews,v3,Pending,
1779256776,reviews,v3,Running,True
1779256776,reviews,v3,Running,True
1779256776,reviews,v3,Running,True
1779256776,reviews,v3,Running,True
1779256776,reviews,v3,Running,True
1779256776,reviews,v3,Running,True
1779256777,details,v1,Running,True
1779256777,details,v1,Running,True
1779256777,details,v1,Running,True
1779256777,details,v1,Running,True
1779256777,details,v1,Running,True
1779256777,details,v1,Running,True
1779256777,details,v1,Running,True
1779256777,productpage,v1,Running,True
1779256777,productpage,v1,Running,True
1779256777,productpage,v1,Running,True
1779256777,productpage,v1,Running,True
1779256777,productpage,v1,Running,True
1779256777,productpage,v1,Running,True
1779256777,productpage,v1,Running,True
1779256777,productpage,v1,Running,True
1779256777,productpage,v1,Running,True
1779256777,productpage,v1,Running,True
1779256777,productpage,v1,Running,True
1779256777,productpage,v1,Running,True
1779256777,productpage,v1,Running,True
1779256777,productpage,v1,Running,True
1779256777,productpage,v1,Running,True
1779256777,productpage,v1,Running,True
1779256777,productpage,v1,Running,True
1779256777,productpage,v1,Running,True
1779256777,productpage,v1,Running,True
1779256777,productpage,v1,Running,True
1779256777,ratings,v1,Running,True
1779256777,reviews,v1,Running,True
1779256777,reviews,v2,Running,True
1779256777,reviews,v2,Running,True
1779256777,reviews,v2,Running,True
1779256777,reviews,v3,Running,True
1779256777,reviews,v3,Pending,
1779256777,reviews,v3,Running,True
1779256777,reviews,v3,Pending,
1779256777,reviews,v3,Running,True
1779256777,reviews,v3,Running,True
1779256777,reviews,v3,Running,True
1779256777,reviews,v3,Running,True
1779256777,reviews,v3,Running,True
1779256777,reviews,v3,Running,True
1779256778,details,v1,Running,True
1779256778,details,v1,Running,True
1779256778,details,v1,Running,True
1779256778,details,v1,Running,True
1779256778,details,v1,Running,True
1779256778,details,v1,Running,True
1779256778,details,v1,Running,True
1779256778,productpage,v1,Running,True
1779256778,productpage,v1,Running,True
1779256778,productpage,v1,Running,True
1779256778,productpage,v1,Running,True
1779256778,productpage,v1,Running,True
1779256778,productpage,v1,Running,True
1779256778,productpage,v1,Running,True
1779256778,productpage,v1,Running,True
1779256778,productpage,v1,Running,True
1779256778,productpage,v1,Running,True
1779256778,productpage,v1,Running,True
1779256778,productpage,v1,Running,True
1779256778,productpage,v1,Running,True
1779256778,productpage,v1,Running,True
1779256778,productpage,v1,Running,True
1779256778,productpage,v1,Running,True
1779256778,productpage,v1,Running,True
1779256778,productpage,v1,Running,True
1779256778,productpage,v1,Running,True
1779256778,productpage,v1,Running,True
1779256778,ratings,v1,Running,True
1779256778,reviews,v1,Running,True
1779256778,reviews,v2,Running,True
1779256778,reviews,v2,Running,True
1779256778,reviews,v2,Running,True
1779256778,reviews,v3,Running,True
1779256778,reviews,v3,Pending,
1779256778,reviews,v3,Running,True
1779256778,reviews,v3,Pending,
1779256778,reviews,v3,Running,True
1779256778,reviews,v3,Running,True
1779256778,reviews,v3,Running,True
1779256778,reviews,v3,Running,True
1779256778,reviews,v3,Running,True
1779256778,reviews,v3,Running,True
1779256779,details,v1,Running,True
1779256779,details,v1,Running,True
1779256779,details,v1,Running,True
1779256779,details,v1,Running,True
1779256779,details,v1,Running,True
1779256779,details,v1,Running,True
1779256779,details,v1,Running,True
1779256779,productpage,v1,Running,True
1779256779,productpage,v1,Running,True
1779256779,productpage,v1,Running,True
1779256779,productpage,v1,Running,True
1779256779,productpage,v1,Running,True
1779256779,productpage,v1,Running,True
1779256779,productpage,v1,Running,True
1779256779,productpage,v1,Running,True
1779256779,productpage,v1,Running,True
1779256779,productpage,v1,Running,True
1779256779,productpage,v1,Running,True
1779256779,productpage,v1,Running,True
1779256779,productpage,v1,Running,True
1779256779,productpage,v1,Running,True
1779256779,productpage,v1,Running,True
1779256779,productpage,v1,Running,True
1779256779,productpage,v1,Running,True
1779256779,productpage,v1,Running,True
1779256779,productpage,v1,Running,True
1779256779,productpage,v1,Running,True
1779256779,ratings,v1,Running,True
1779256779,reviews,v1,Running,True
1779256779,reviews,v2,Running,True
1779256779,reviews,v2,Running,True
1779256779,reviews,v2,Running,True
1779256779,reviews,v3,Running,True
1779256779,reviews,v3,Pending,
1779256779,reviews,v3,Running,True
1779256779,reviews,v3,Pending,
1779256779,reviews,v3,Running,True
1779256779,reviews,v3,Running,True
1779256779,reviews,v3,Running,True
1779256779,reviews,v3,Running,True
1779256779,reviews,v3,Running,True
1779256779,reviews,v3,Running,True
1779256780,details,v1,Running,True
1779256780,details,v1,Running,True
1779256780,details,v1,Running,True
1779256780,details,v1,Running,True
1779256780,details,v1,Running,True
1779256780,details,v1,Running,True
1779256780,details,v1,Running,True
1779256780,productpage,v1,Running,True
1779256780,productpage,v1,Running,True
1779256780,productpage,v1,Running,True
1779256780,productpage,v1,Running,True
1779256780,productpage,v1,Running,True
1779256780,productpage,v1,Running,True
1779256780,productpage,v1,Running,True
1779256780,productpage,v1,Running,True
1779256780,productpage,v1,Running,True
1779256780,productpage,v1,Running,True
1779256780,productpage,v1,Running,True
1779256780,productpage,v1,Running,True
1779256780,productpage,v1,Running,True
1779256780,productpage,v1,Running,True
1779256780,productpage,v1,Running,True
1779256780,productpage,v1,Running,True
1779256780,productpage,v1,Running,True
1779256780,productpage,v1,Running,True
1779256780,productpage,v1,Running,True
1779256780,productpage,v1,Running,True
1779256780,ratings,v1,Running,True
1779256780,reviews,v1,Running,True
1779256780,reviews,v2,Running,True
1779256780,reviews,v2,Running,True
1779256780,reviews,v2,Running,True
1779256780,reviews,v3,Running,True
1779256780,reviews,v3,Pending,
1779256780,reviews,v3,Running,True
1779256780,reviews,v3,Pending,
1779256780,reviews,v3,Running,True
1779256780,reviews,v3,Running,True
1779256780,reviews,v3,Running,True
1779256780,reviews,v3,Running,True
1779256780,reviews,v3,Running,True
1779256780,reviews,v3,Running,True
1779256781,details,v1,Running,True
1779256781,details,v1,Running,True
1779256781,details,v1,Running,True
1779256781,details,v1,Running,True
1779256781,details,v1,Running,True
1779256781,details,v1,Running,True
1779256781,details,v1,Running,True
1779256781,productpage,v1,Running,True
1779256781,productpage,v1,Running,True
1779256781,productpage,v1,Running,True
1779256781,productpage,v1,Running,True
1779256781,productpage,v1,Running,True
1779256781,productpage,v1,Running,True
1779256781,productpage,v1,Running,True
1779256781,productpage,v1,Running,True
1779256781,productpage,v1,Running,True
1779256781,productpage,v1,Running,True
1779256781,productpage,v1,Running,True
1779256781,productpage,v1,Running,True
1779256781,productpage,v1,Running,True
1779256781,productpage,v1,Running,True
1779256781,productpage,v1,Running,True
1779256781,productpage,v1,Running,True
1779256781,productpage,v1,Running,True
1779256781,productpage,v1,Running,True
1779256781,productpage,v1,Running,True
1779256781,productpage,v1,Running,True
1779256781,ratings,v1,Running,True
1779256781,reviews,v1,Running,True
1779256781,reviews,v2,Running,True
1779256781,reviews,v2,Running,True
1779256781,reviews,v2,Running,True
1779256781,reviews,v3,Running,True
1779256781,reviews,v3,Pending,
1779256781,reviews,v3,Running,True
1779256781,reviews,v3,Pending,
1779256781,reviews,v3,Running,True
1779256781,reviews,v3,Running,True
1779256781,reviews,v3,Running,True
1779256781,reviews,v3,Running,True
1779256781,reviews,v3,Running,True
1779256781,reviews,v3,Running,True
1779256782,details,v1,Running,True
1779256782,details,v1,Running,True
1779256782,details,v1,Running,True
1779256782,details,v1,Running,True
1779256782,details,v1,Running,True
1779256782,details,v1,Running,True
1779256782,details,v1,Running,True
1779256782,productpage,v1,Running,True
1779256782,productpage,v1,Running,True
1779256782,productpage,v1,Running,True
1779256782,productpage,v1,Running,True
1779256782,productpage,v1,Running,True
1779256782,productpage,v1,Running,True
1779256782,productpage,v1,Running,True
1779256782,productpage,v1,Running,True
1779256782,productpage,v1,Running,True
1779256782,productpage,v1,Running,True
1779256782,productpage,v1,Running,True
1779256782,productpage,v1,Running,True
1779256782,productpage,v1,Running,True
1779256782,productpage,v1,Running,True
1779256782,productpage,v1,Running,True
1779256782,productpage,v1,Running,True
1779256782,productpage,v1,Running,True
1779256782,productpage,v1,Running,True
1779256782,productpage,v1,Running,True
1779256782,productpage,v1,Running,True
1779256782,ratings,v1,Running,True
1779256782,reviews,v1,Running,True
1779256782,reviews,v2,Running,True
1779256782,reviews,v2,Running,True
1779256782,reviews,v2,Running,True
1779256782,reviews,v3,Running,True
1779256782,reviews,v3,Pending,
1779256782,reviews,v3,Running,True
1779256782,reviews,v3,Pending,
1779256782,reviews,v3,Running,True
1779256782,reviews,v3,Running,True
1779256782,reviews,v3,Running,True
1779256782,reviews,v3,Running,True
1779256782,reviews,v3,Running,True
1779256782,reviews,v3,Running,True
1779256783,details,v1,Running,True
1779256783,details,v1,Running,True
1779256783,details,v1,Running,True
1779256783,details,v1,Running,True
1779256783,details,v1,Pending,
1779256783,details,v1,Running,True
1779256783,details,v1,Pending,
1779256783,details,v1,Running,True
1779256783,details,v1,Running,True
1779256783,productpage,v1,Running,True
1779256783,productpage,v1,Running,True
1779256783,productpage,v1,Running,True
1779256783,productpage,v1,Running,True
1779256783,productpage,v1,Running,True
1779256783,productpage,v1,Running,True
1779256783,productpage,v1,Running,True
1779256783,productpage,v1,Running,True
1779256783,productpage,v1,Running,True
1779256783,productpage,v1,Running,True
1779256783,productpage,v1,Running,True
1779256783,productpage,v1,Running,True
1779256783,productpage,v1,Running,True
1779256783,productpage,v1,Running,True
1779256783,productpage,v1,Running,True
1779256783,productpage,v1,Running,True
1779256783,productpage,v1,Running,True
1779256783,productpage,v1,Running,True
1779256783,productpage,v1,Running,True
1779256783,productpage,v1,Running,True
1779256783,ratings,v1,Running,True
1779256783,reviews,v1,Running,True
1779256783,reviews,v2,Running,True
1779256783,reviews,v2,Running,True
1779256783,reviews,v2,Running,True
1779256783,reviews,v3,Running,True
1779256783,reviews,v3,Pending,
1779256783,reviews,v3,Running,True
1779256783,reviews,v3,Pending,
1779256783,reviews,v3,Running,True
1779256783,reviews,v3,Running,True
1779256783,reviews,v3,Running,True
1779256783,reviews,v3,Running,True
1779256783,reviews,v3,Running,True
1779256783,reviews,v3,Running,True
1779256784,details,v1,Running,True
1779256784,details,v1,Running,True
1779256784,details,v1,Running,True
1779256784,details,v1,Running,True
1779256784,details,v1,Pending,
1779256784,details,v1,Running,True
1779256784,details,v1,Pending,
1779256784,details,v1,Running,True
1779256784,details,v1,Running,True
1779256784,productpage,v1,Running,True
1779256784,productpage,v1,Running,True
1779256784,productpage,v1,Running,True
1779256784,productpage,v1,Running,True
1779256784,productpage,v1,Running,True
1779256784,productpage,v1,Running,True
1779256784,productpage,v1,Running,True
1779256784,productpage,v1,Running,True
1779256784,productpage,v1,Running,True
1779256784,productpage,v1,Running,True
1779256784,productpage,v1,Running,True
1779256784,productpage,v1,Running,True
1779256784,productpage,v1,Running,True
1779256784,productpage,v1,Running,True
1779256784,productpage,v1,Running,True
1779256784,productpage,v1,Running,True
1779256784,productpage,v1,Running,True
1779256784,productpage,v1,Running,True
1779256784,productpage,v1,Running,True
1779256784,productpage,v1,Running,True
1779256784,ratings,v1,Running,True
1779256784,reviews,v1,Running,True
1779256784,reviews,v2,Running,True
1779256784,reviews,v2,Running,True
1779256784,reviews,v2,Running,True
1779256784,reviews,v3,Running,True
1779256784,reviews,v3,Pending,
1779256784,reviews,v3,Running,True
1779256784,reviews,v3,Pending,
1779256784,reviews,v3,Running,True
1779256784,reviews,v3,Running,True
1779256784,reviews,v3,Running,True
1779256784,reviews,v3,Running,True
1779256784,reviews,v3,Running,True
1779256784,reviews,v3,Running,True
1779256785,details,v1,Running,True
1779256785,details,v1,Running,True
1779256785,details,v1,Running,True
1779256785,details,v1,Running,True
1779256785,details,v1,Pending,
1779256785,details,v1,Running,True
1779256785,details,v1,Pending,
1779256785,details,v1,Running,True
1779256785,details,v1,Running,True
1779256785,productpage,v1,Running,True
1779256785,productpage,v1,Running,True
1779256785,productpage,v1,Running,True
1779256785,productpage,v1,Running,True
1779256785,productpage,v1,Running,True
1779256785,productpage,v1,Running,True
1779256785,productpage,v1,Running,True
1779256785,productpage,v1,Running,True
1779256785,productpage,v1,Running,True
1779256785,productpage,v1,Running,True
1779256785,productpage,v1,Running,True
1779256785,productpage,v1,Running,True
1779256785,productpage,v1,Running,True
1779256785,productpage,v1,Running,True
1779256785,productpage,v1,Running,True
1779256785,productpage,v1,Running,True
1779256785,productpage,v1,Running,True
1779256785,productpage,v1,Running,True
1779256785,productpage,v1,Running,True
1779256785,productpage,v1,Running,True
1779256785,ratings,v1,Running,True
1779256785,reviews,v1,Running,True
1779256785,reviews,v2,Running,True
1779256785,reviews,v2,Running,True
1779256785,reviews,v2,Running,True
1779256785,reviews,v3,Running,True
1779256785,reviews,v3,Pending,
1779256785,reviews,v3,Running,True
1779256785,reviews,v3,Pending,
1779256785,reviews,v3,Running,True
1779256785,reviews,v3,Running,True
1779256785,reviews,v3,Running,True
1779256785,reviews,v3,Running,True
1779256785,reviews,v3,Running,True
1779256785,reviews,v3,Running,True
1779256786,details,v1,Running,True
1779256786,details,v1,Running,True
1779256786,details,v1,Running,True
1779256786,details,v1,Running,True
1779256786,details,v1,Pending,
1779256786,details,v1,Running,True
1779256786,details,v1,Pending,
1779256786,details,v1,Running,True
1779256786,details,v1,Running,True
1779256786,productpage,v1,Running,True
1779256786,productpage,v1,Running,True
1779256786,productpage,v1,Running,True
1779256786,productpage,v1,Running,True
1779256786,productpage,v1,Running,True
1779256786,productpage,v1,Running,True
1779256786,productpage,v1,Running,True
1779256786,productpage,v1,Running,True
1779256786,productpage,v1,Running,True
1779256786,productpage,v1,Running,True
1779256786,productpage,v1,Running,True
1779256786,productpage,v1,Running,True
1779256786,productpage,v1,Running,True
1779256786,productpage,v1,Running,True
1779256786,productpage,v1,Running,True
1779256786,productpage,v1,Running,True
1779256786,productpage,v1,Running,True
1779256786,productpage,v1,Running,True
1779256786,productpage,v1,Running,True
1779256786,productpage,v1,Running,True
1779256786,ratings,v1,Running,True
1779256786,reviews,v1,Running,True
1779256786,reviews,v2,Running,True
1779256786,reviews,v2,Running,True
1779256786,reviews,v2,Running,True
1779256786,reviews,v3,Running,True
1779256786,reviews,v3,Pending,
1779256786,reviews,v3,Running,True
1779256786,reviews,v3,Pending,
1779256786,reviews,v3,Running,True
1779256786,reviews,v3,Running,True
1779256786,reviews,v3,Running,True
1779256786,reviews,v3,Running,True
1779256786,reviews,v3,Running,True
1779256786,reviews,v3,Running,True
1779256787,details,v1,Running,True
1779256787,details,v1,Running,True
1779256787,details,v1,Running,True
1779256787,details,v1,Running,True
1779256787,details,v1,Pending,
1779256787,details,v1,Running,True
1779256787,details,v1,Pending,
1779256787,details,v1,Running,True
1779256787,details,v1,Running,True
1779256787,productpage,v1,Running,True
1779256787,productpage,v1,Running,True
1779256787,productpage,v1,Running,True
1779256787,productpage,v1,Running,True
1779256787,productpage,v1,Running,True
1779256787,productpage,v1,Running,True
1779256787,productpage,v1,Running,True
1779256787,productpage,v1,Running,True
1779256787,productpage,v1,Running,True
1779256787,productpage,v1,Running,True
1779256787,productpage,v1,Running,True
1779256787,productpage,v1,Running,True
1779256787,productpage,v1,Running,True
1779256787,productpage,v1,Running,True
1779256787,productpage,v1,Running,True
1779256787,productpage,v1,Running,True
1779256787,productpage,v1,Running,True
1779256787,productpage,v1,Running,True
1779256787,productpage,v1,Running,True
1779256787,productpage,v1,Running,True
1779256787,ratings,v1,Running,True
1779256787,reviews,v1,Running,True
1779256787,reviews,v2,Running,True
1779256787,reviews,v2,Running,True
1779256787,reviews,v2,Running,True
1779256787,reviews,v3,Running,True
1779256787,reviews,v3,Pending,
1779256787,reviews,v3,Running,True
1779256787,reviews,v3,Pending,
1779256787,reviews,v3,Running,True
1779256787,reviews,v3,Running,True
1779256787,reviews,v3,Running,True
1779256787,reviews,v3,Running,True
1779256787,reviews,v3,Running,True
1779256787,reviews,v3,Running,True
1779256788,details,v1,Running,True
1779256788,details,v1,Running,True
1779256788,details,v1,Running,True
1779256788,details,v1,Running,True
1779256788,details,v1,Pending,
1779256788,details,v1,Running,True
1779256788,details,v1,Pending,
1779256788,details,v1,Running,True
1779256788,details,v1,Running,True
1779256788,productpage,v1,Running,True
1779256788,productpage,v1,Running,True
1779256788,productpage,v1,Running,True
1779256788,productpage,v1,Running,True
1779256788,productpage,v1,Running,True
1779256788,productpage,v1,Running,True
1779256788,productpage,v1,Running,True
1779256788,productpage,v1,Running,True
1779256788,productpage,v1,Running,True
1779256788,productpage,v1,Running,True
1779256788,productpage,v1,Running,True
1779256788,productpage,v1,Running,True
1779256788,productpage,v1,Running,True
1779256788,productpage,v1,Running,True
1779256788,productpage,v1,Running,True
1779256788,productpage,v1,Running,True
1779256788,productpage,v1,Running,True
1779256788,productpage,v1,Running,True
1779256788,productpage,v1,Running,True
1779256788,productpage,v1,Running,True
1779256788,ratings,v1,Running,True
1779256788,reviews,v1,Running,True
1779256788,reviews,v2,Running,True
1779256788,reviews,v2,Running,True
1779256788,reviews,v2,Running,True
1779256788,reviews,v3,Running,True
1779256788,reviews,v3,Pending,
1779256788,reviews,v3,Running,True
1779256788,reviews,v3,Pending,
1779256788,reviews,v3,Running,True
1779256788,reviews,v3,Running,True
1779256788,reviews,v3,Running,True
1779256788,reviews,v3,Running,True
1779256788,reviews,v3,Running,True
1779256788,reviews,v3,Running,True
1779256789,details,v1,Running,True
1779256789,details,v1,Running,True
1779256789,details,v1,Running,True
1779256789,details,v1,Running,True
1779256789,details,v1,Pending,
1779256789,details,v1,Running,True
1779256789,details,v1,Pending,
1779256789,details,v1,Running,True
1779256789,details,v1,Running,True
1779256789,productpage,v1,Running,True
1779256789,productpage,v1,Running,True
1779256789,productpage,v1,Running,True
1779256789,productpage,v1,Running,True
1779256789,productpage,v1,Running,True
1779256789,productpage,v1,Running,True
1779256789,productpage,v1,Running,True
1779256789,productpage,v1,Running,True
1779256789,productpage,v1,Running,True
1779256789,productpage,v1,Running,True
1779256789,productpage,v1,Running,True
1779256789,productpage,v1,Running,True
1779256789,productpage,v1,Running,True
1779256789,productpage,v1,Running,True
1779256789,productpage,v1,Running,True
1779256789,productpage,v1,Running,True
1779256789,productpage,v1,Running,True
1779256789,productpage,v1,Running,True
1779256789,productpage,v1,Running,True
1779256789,productpage,v1,Running,True
1779256789,ratings,v1,Running,True
1779256789,reviews,v1,Running,True
1779256789,reviews,v2,Running,True
1779256789,reviews,v2,Running,True
1779256789,reviews,v2,Running,True
1779256789,reviews,v3,Running,True
1779256789,reviews,v3,Pending,
1779256789,reviews,v3,Running,True
1779256789,reviews,v3,Pending,
1779256789,reviews,v3,Running,True
1779256789,reviews,v3,Running,True
1779256789,reviews,v3,Running,True
1779256789,reviews,v3,Running,True
1779256789,reviews,v3,Running,True
1779256789,reviews,v3,Running,True
1779256790,details,v1,Running,True
1779256790,details,v1,Running,True
1779256790,details,v1,Running,True
1779256790,details,v1,Running,True
1779256790,details,v1,Pending,
1779256790,details,v1,Running,True
1779256790,details,v1,Pending,
1779256790,details,v1,Running,True
1779256790,details,v1,Running,True
1779256790,productpage,v1,Running,True
1779256790,productpage,v1,Running,True
1779256790,productpage,v1,Running,True
1779256790,productpage,v1,Running,True
1779256790,productpage,v1,Running,True
1779256790,productpage,v1,Running,True
1779256790,productpage,v1,Running,True
1779256790,productpage,v1,Running,True
1779256790,productpage,v1,Running,True
1779256790,productpage,v1,Running,True
1779256790,productpage,v1,Running,True
1779256790,productpage,v1,Running,True
1779256790,productpage,v1,Running,True
1779256790,productpage,v1,Running,True
1779256790,productpage,v1,Running,True
1779256790,productpage,v1,Running,True
1779256790,productpage,v1,Running,True
1779256790,productpage,v1,Running,True
1779256790,productpage,v1,Running,True
1779256790,productpage,v1,Running,True
1779256790,ratings,v1,Running,True
1779256790,reviews,v1,Running,True
1779256790,reviews,v2,Running,True
1779256790,reviews,v2,Running,True
1779256790,reviews,v2,Running,True
1779256790,reviews,v3,Running,True
1779256790,reviews,v3,Pending,
1779256790,reviews,v3,Running,True
1779256790,reviews,v3,Pending,
1779256790,reviews,v3,Running,True
1779256790,reviews,v3,Running,True
1779256790,reviews,v3,Running,True
1779256790,reviews,v3,Running,True
1779256790,reviews,v3,Running,True
1779256790,reviews,v3,Running,True
1779256791,details,v1,Running,True
1779256791,details,v1,Running,True
1779256791,details,v1,Running,True
1779256791,details,v1,Running,True
1779256791,details,v1,Pending,
1779256791,details,v1,Running,True
1779256791,details,v1,Pending,
1779256791,details,v1,Running,True
1779256791,details,v1,Running,True
1779256791,productpage,v1,Running,True
1779256791,productpage,v1,Running,True
1779256791,productpage,v1,Running,True
1779256791,productpage,v1,Running,True
1779256791,productpage,v1,Running,True
1779256791,productpage,v1,Running,True
1779256791,productpage,v1,Running,True
1779256791,productpage,v1,Running,True
1779256791,productpage,v1,Running,True
1779256791,productpage,v1,Running,True
1779256791,productpage,v1,Running,True
1779256791,productpage,v1,Running,True
1779256791,productpage,v1,Running,True
1779256791,productpage,v1,Running,True
1779256791,productpage,v1,Running,True
1779256791,productpage,v1,Running,True
1779256791,productpage,v1,Running,True
1779256791,productpage,v1,Running,True
1779256791,productpage,v1,Running,True
1779256791,productpage,v1,Running,True
1779256791,ratings,v1,Running,True
1779256791,reviews,v1,Running,True
1779256791,reviews,v2,Running,True
1779256791,reviews,v2,Running,True
1779256791,reviews,v2,Running,True
1779256791,reviews,v3,Running,True
1779256791,reviews,v3,Pending,
1779256791,reviews,v3,Running,True
1779256791,reviews,v3,Pending,
1779256791,reviews,v3,Running,True
1779256791,reviews,v3,Running,True
1779256791,reviews,v3,Running,True
1779256791,reviews,v3,Running,True
1779256791,reviews,v3,Running,True
1779256791,reviews,v3,Running,True
1779256792,details,v1,Running,True
1779256792,details,v1,Running,True
1779256792,details,v1,Running,True
1779256792,details,v1,Running,True
1779256792,details,v1,Pending,
1779256792,details,v1,Running,True
1779256792,details,v1,Pending,
1779256792,details,v1,Running,True
1779256792,details,v1,Running,True
1779256792,productpage,v1,Running,True
1779256792,productpage,v1,Running,True
1779256792,productpage,v1,Running,True
1779256792,productpage,v1,Running,True
1779256792,productpage,v1,Running,True
1779256792,productpage,v1,Running,True
1779256792,productpage,v1,Running,True
1779256792,productpage,v1,Running,True
1779256792,productpage,v1,Running,True
1779256792,productpage,v1,Running,True
1779256792,productpage,v1,Running,True
1779256792,productpage,v1,Running,True
1779256792,productpage,v1,Running,True
1779256792,productpage,v1,Running,True
1779256792,productpage,v1,Running,True
1779256792,productpage,v1,Running,True
1779256792,productpage,v1,Running,True
1779256792,productpage,v1,Running,True
1779256792,productpage,v1,Running,True
1779256792,productpage,v1,Running,True
1779256792,ratings,v1,Running,True
1779256792,reviews,v1,Running,True
1779256792,reviews,v2,Running,True
1779256792,reviews,v2,Running,True
1779256792,reviews,v2,Running,True
1779256792,reviews,v3,Running,True
1779256792,reviews,v3,Pending,
1779256792,reviews,v3,Running,True
1779256792,reviews,v3,Pending,
1779256792,reviews,v3,Running,True
1779256792,reviews,v3,Running,True
1779256792,reviews,v3,Running,True
1779256792,reviews,v3,Running,True
1779256792,reviews,v3,Running,True
1779256792,reviews,v3,Running,True
1779256793,details,v1,Running,True
1779256793,details,v1,Running,True
1779256793,details,v1,Running,True
1779256793,details,v1,Running,True
1779256793,details,v1,Pending,
1779256793,details,v1,Running,True
1779256793,details,v1,Pending,
1779256793,details,v1,Running,True
1779256793,details,v1,Running,True
1779256793,productpage,v1,Running,True
1779256793,productpage,v1,Running,True
1779256793,productpage,v1,Running,True
1779256793,productpage,v1,Running,True
1779256793,productpage,v1,Running,True
1779256793,productpage,v1,Running,True
1779256793,productpage,v1,Running,True
1779256793,productpage,v1,Running,True
1779256793,productpage,v1,Running,True
1779256793,productpage,v1,Running,True
1779256793,productpage,v1,Running,True
1779256793,productpage,v1,Running,True
1779256793,productpage,v1,Running,True
1779256793,productpage,v1,Running,True
1779256793,productpage,v1,Running,True
1779256793,productpage,v1,Running,True
1779256793,productpage,v1,Running,True
1779256793,productpage,v1,Running,True
1779256793,productpage,v1,Running,True
1779256793,productpage,v1,Running,True
1779256793,ratings,v1,Running,True
1779256793,reviews,v1,Running,True
1779256793,reviews,v2,Running,True
1779256793,reviews,v2,Running,True
1779256793,reviews,v2,Running,True
1779256793,reviews,v3,Running,True
1779256793,reviews,v3,Pending,
1779256793,reviews,v3,Running,True
1779256793,reviews,v3,Pending,
1779256793,reviews,v3,Running,True
1779256793,reviews,v3,Running,True
1779256793,reviews,v3,Running,True
1779256793,reviews,v3,Running,True
1779256793,reviews,v3,Running,True
1779256793,reviews,v3,Running,True
1779256794,details,v1,Running,True
1779256794,details,v1,Running,True
1779256794,details,v1,Running,True
1779256794,details,v1,Running,True
1779256794,details,v1,Pending,
1779256794,details,v1,Running,True
1779256794,details,v1,Pending,
1779256794,details,v1,Running,True
1779256794,details,v1,Running,True
1779256794,productpage,v1,Running,True
1779256794,productpage,v1,Running,True
1779256794,productpage,v1,Running,True
1779256794,productpage,v1,Running,True
1779256794,productpage,v1,Running,True
1779256794,productpage,v1,Running,True
1779256794,productpage,v1,Running,True
1779256794,productpage,v1,Running,True
1779256794,productpage,v1,Running,True
1779256794,productpage,v1,Running,True
1779256794,productpage,v1,Running,True
1779256794,productpage,v1,Running,True
1779256794,productpage,v1,Running,True
1779256794,productpage,v1,Running,True
1779256794,productpage,v1,Running,True
1779256794,productpage,v1,Running,True
1779256794,productpage,v1,Running,True
1779256794,productpage,v1,Running,True
1779256794,productpage,v1,Running,True
1779256794,productpage,v1,Running,True
1779256794,ratings,v1,Running,True
1779256794,reviews,v1,Running,True
1779256794,reviews,v2,Running,True
1779256794,reviews,v2,Running,True
1779256794,reviews,v2,Running,True
1779256794,reviews,v3,Running,True
1779256794,reviews,v3,Pending,
1779256794,reviews,v3,Running,True
1779256794,reviews,v3,Pending,
1779256794,reviews,v3,Running,True
1779256794,reviews,v3,Running,True
1779256794,reviews,v3,Running,True
1779256794,reviews,v3,Running,True
1779256794,reviews,v3,Running,True
1779256794,reviews,v3,Running,True
1779256795,details,v1,Running,True
1779256795,details,v1,Running,True
1779256795,details,v1,Running,True
1779256795,details,v1,Running,True
1779256795,details,v1,Pending,
1779256795,details,v1,Running,True
1779256795,details,v1,Pending,
1779256795,details,v1,Running,True
1779256795,details,v1,Running,True
1779256795,productpage,v1,Running,True
1779256795,productpage,v1,Running,True
1779256795,productpage,v1,Running,True
1779256795,productpage,v1,Running,True
1779256795,productpage,v1,Running,True
1779256795,productpage,v1,Running,True
1779256795,productpage,v1,Running,True
1779256795,productpage,v1,Running,True
1779256795,productpage,v1,Running,True
1779256795,productpage,v1,Running,True
1779256795,productpage,v1,Running,True
1779256795,productpage,v1,Running,True
1779256795,productpage,v1,Running,True
1779256795,productpage,v1,Running,True
1779256795,productpage,v1,Running,True
1779256795,productpage,v1,Running,True
1779256795,productpage,v1,Running,True
1779256795,productpage,v1,Running,True
1779256795,productpage,v1,Running,True
1779256795,productpage,v1,Running,True
1779256795,ratings,v1,Running,True
1779256795,reviews,v1,Running,True
1779256795,reviews,v2,Running,True
1779256795,reviews,v2,Running,True
1779256795,reviews,v2,Running,True
1779256795,reviews,v3,Running,True
1779256795,reviews,v3,Pending,
1779256795,reviews,v3,Running,True
1779256795,reviews,v3,Pending,
1779256795,reviews,v3,Running,True
1779256795,reviews,v3,Running,True
1779256795,reviews,v3,Running,True
1779256795,reviews,v3,Running,True
1779256795,reviews,v3,Running,True
1779256795,reviews,v3,Running,True
1779256796,details,v1,Running,True
1779256796,details,v1,Running,True
1779256796,details,v1,Running,True
1779256796,details,v1,Running,True
1779256796,details,v1,Pending,
1779256796,details,v1,Running,True
1779256796,details,v1,Pending,
1779256796,details,v1,Running,True
1779256796,details,v1,Running,True
1779256796,productpage,v1,Running,True
1779256796,productpage,v1,Running,True
1779256796,productpage,v1,Running,True
1779256796,productpage,v1,Running,True
1779256796,productpage,v1,Running,True
1779256796,productpage,v1,Running,True
1779256796,productpage,v1,Running,True
1779256796,productpage,v1,Running,True
1779256796,productpage,v1,Running,True
1779256796,productpage,v1,Running,True
1779256796,productpage,v1,Running,True
1779256796,productpage,v1,Running,True
1779256796,productpage,v1,Running,True
1779256796,productpage,v1,Running,True
1779256796,productpage,v1,Running,True
1779256796,productpage,v1,Running,True
1779256796,productpage,v1,Running,True
1779256796,productpage,v1,Running,True
1779256796,productpage,v1,Running,True
1779256796,productpage,v1,Running,True
1779256796,ratings,v1,Running,True
1779256796,reviews,v1,Running,True
1779256796,reviews,v2,Running,True
1779256796,reviews,v2,Running,True
1779256796,reviews,v2,Running,True
1779256796,reviews,v3,Running,True
1779256796,reviews,v3,Pending,
1779256796,reviews,v3,Running,True
1779256796,reviews,v3,Pending,
1779256796,reviews,v3,Running,True
1779256796,reviews,v3,Running,True
1779256796,reviews,v3,Running,True
1779256796,reviews,v3,Running,True
1779256796,reviews,v3,Running,True
1779256796,reviews,v3,Running,True
1779256797,details,v1,Running,True
1779256797,details,v1,Running,True
1779256797,details,v1,Running,True
1779256797,details,v1,Running,True
1779256797,details,v1,Pending,
1779256797,details,v1,Running,True
1779256797,details,v1,Pending,
1779256797,details,v1,Running,True
1779256797,details,v1,Running,True
1779256797,productpage,v1,Running,True
1779256797,productpage,v1,Running,True
1779256797,productpage,v1,Running,True
1779256797,productpage,v1,Running,True
1779256797,productpage,v1,Running,True
1779256797,productpage,v1,Running,True
1779256797,productpage,v1,Running,True
1779256797,productpage,v1,Running,True
1779256797,productpage,v1,Running,True
1779256797,productpage,v1,Running,True
1779256797,productpage,v1,Running,True
1779256797,productpage,v1,Running,True
1779256797,productpage,v1,Running,True
1779256797,productpage,v1,Running,True
1779256797,productpage,v1,Running,True
1779256797,productpage,v1,Running,True
1779256797,productpage,v1,Running,True
1779256797,productpage,v1,Running,True
1779256797,productpage,v1,Running,True
1779256797,productpage,v1,Running,True
1779256797,ratings,v1,Running,True
1779256797,reviews,v1,Running,True
1779256797,reviews,v2,Running,True
1779256797,reviews,v2,Running,True
1779256797,reviews,v2,Running,True
1779256797,reviews,v3,Running,True
1779256797,reviews,v3,Pending,
1779256797,reviews,v3,Running,True
1779256797,reviews,v3,Pending,
1779256797,reviews,v3,Running,True
1779256797,reviews,v3,Running,True
1779256797,reviews,v3,Running,True
1779256797,reviews,v3,Running,True
1779256797,reviews,v3,Running,True
1779256797,reviews,v3,Running,True
1779256798,details,v1,Running,True
1779256798,details,v1,Running,True
1779256798,details,v1,Running,True
1779256798,details,v1,Running,True
1779256798,details,v1,Pending,
1779256798,details,v1,Running,True
1779256798,details,v1,Pending,
1779256798,details,v1,Running,True
1779256798,details,v1,Running,True
1779256798,productpage,v1,Running,True
1779256798,productpage,v1,Running,True
1779256798,productpage,v1,Running,True
1779256798,productpage,v1,Running,True
1779256798,productpage,v1,Running,True
1779256798,productpage,v1,Running,True
1779256798,productpage,v1,Running,True
1779256798,productpage,v1,Running,True
1779256798,productpage,v1,Running,True
1779256798,productpage,v1,Running,True
1779256798,productpage,v1,Running,True
1779256798,productpage,v1,Running,True
1779256798,productpage,v1,Running,True
1779256798,productpage,v1,Running,True
1779256798,productpage,v1,Running,True
1779256798,productpage,v1,Running,True
1779256798,productpage,v1,Running,True
1779256798,productpage,v1,Running,True
1779256798,productpage,v1,Running,True
1779256798,productpage,v1,Running,True
1779256798,ratings,v1,Running,True
1779256798,ratings,v1,Pending,
1779256798,reviews,v1,Running,True
1779256798,reviews,v2,Running,True
1779256798,reviews,v2,Running,True
1779256798,reviews,v2,Running,True
1779256798,reviews,v3,Running,True
1779256798,reviews,v3,Pending,
1779256798,reviews,v3,Running,True
1779256798,reviews,v3,Pending,
1779256798,reviews,v3,Running,True
1779256798,reviews,v3,Running,True
1779256798,reviews,v3,Running,True
1779256798,reviews,v3,Running,True
1779256798,reviews,v3,Running,True
1779256798,reviews,v3,Running,True
1779256799,details,v1,Running,True
1779256799,details,v1,Running,True
1779256799,details,v1,Running,True
1779256799,details,v1,Running,True
1779256799,details,v1,Pending,
1779256799,details,v1,Running,True
1779256799,details,v1,Pending,
1779256799,details,v1,Running,True
1779256799,details,v1,Running,True
1779256799,productpage,v1,Running,True
1779256799,productpage,v1,Running,True
1779256799,productpage,v1,Running,True
1779256799,productpage,v1,Running,True
1779256799,productpage,v1,Running,True
1779256799,productpage,v1,Running,True
1779256799,productpage,v1,Running,True
1779256799,productpage,v1,Running,True
1779256799,productpage,v1,Running,True
1779256799,productpage,v1,Running,True
1779256799,productpage,v1,Running,True
1779256799,productpage,v1,Running,True
1779256799,productpage,v1,Running,True
1779256799,productpage,v1,Running,True
1779256799,productpage,v1,Running,True
1779256799,productpage,v1,Running,True
1779256799,productpage,v1,Running,True
1779256799,productpage,v1,Running,True
1779256799,productpage,v1,Running,True
1779256799,productpage,v1,Running,True
1779256799,ratings,v1,Running,True
1779256799,ratings,v1,Pending,
1779256799,reviews,v1,Running,True
1779256799,reviews,v2,Running,True
1779256799,reviews,v2,Running,True
1779256799,reviews,v2,Running,True
1779256799,reviews,v3,Running,True
1779256799,reviews,v3,Pending,
1779256799,reviews,v3,Running,True
1779256799,reviews,v3,Pending,
1779256799,reviews,v3,Running,True
1779256799,reviews,v3,Running,True
1779256799,reviews,v3,Running,True
1779256799,reviews,v3,Running,True
1779256799,reviews,v3,Running,True
1779256799,reviews,v3,Running,True
1779256800,details,v1,Running,True
1779256800,details,v1,Running,True
1779256800,details,v1,Running,True
1779256800,details,v1,Running,True
1779256800,details,v1,Pending,
1779256800,details,v1,Running,True
1779256800,details,v1,Pending,
1779256800,details,v1,Running,True
1779256800,details,v1,Running,True
1779256800,productpage,v1,Running,True
1779256800,productpage,v1,Running,True
1779256800,productpage,v1,Running,True
1779256800,productpage,v1,Running,True
1779256800,productpage,v1,Running,True
1779256800,productpage,v1,Running,True
1779256800,productpage,v1,Running,True
1779256800,productpage,v1,Running,True
1779256800,productpage,v1,Running,True
1779256800,productpage,v1,Running,True
1779256800,productpage,v1,Running,True
1779256800,productpage,v1,Running,True
1779256800,productpage,v1,Running,True
1779256800,productpage,v1,Running,True
1779256800,productpage,v1,Running,True
1779256800,productpage,v1,Running,True
1779256800,productpage,v1,Running,True
1779256800,productpage,v1,Running,True
1779256800,productpage,v1,Running,True
1779256800,productpage,v1,Running,True
1779256800,ratings,v1,Running,True
1779256800,ratings,v1,Pending,
1779256800,reviews,v1,Running,True
1779256800,reviews,v2,Running,True
1779256800,reviews,v2,Running,True
1779256800,reviews,v2,Running,True
1779256800,reviews,v3,Running,True
1779256800,reviews,v3,Pending,
1779256800,reviews,v3,Running,True
1779256800,reviews,v3,Pending,
1779256800,reviews,v3,Running,True
1779256800,reviews,v3,Running,True
1779256800,reviews,v3,Running,True
1779256800,reviews,v3,Running,True
1779256800,reviews,v3,Running,True
1779256800,reviews,v3,Running,True
1779256801,details,v1,Running,True
1779256801,details,v1,Running,True
1779256801,details,v1,Running,True
1779256801,details,v1,Running,True
1779256801,details,v1,Pending,
1779256801,details,v1,Running,True
1779256801,details,v1,Pending,
1779256801,details,v1,Running,True
1779256801,details,v1,Running,True
1779256801,productpage,v1,Running,True
1779256801,productpage,v1,Running,True
1779256801,productpage,v1,Running,True
1779256801,productpage,v1,Running,True
1779256801,productpage,v1,Running,True
1779256801,productpage,v1,Running,True
1779256801,productpage,v1,Running,True
1779256801,productpage,v1,Running,True
1779256801,productpage,v1,Running,True
1779256801,productpage,v1,Running,True
1779256801,productpage,v1,Running,True
1779256801,productpage,v1,Running,True
1779256801,productpage,v1,Running,True
1779256801,productpage,v1,Running,True
1779256801,productpage,v1,Running,True
1779256801,productpage,v1,Running,True
1779256801,productpage,v1,Running,True
1779256801,productpage,v1,Running,True
1779256801,productpage,v1,Running,True
1779256801,productpage,v1,Running,True
1779256801,ratings,v1,Running,True
1779256801,ratings,v1,Pending,
1779256801,reviews,v1,Running,True
1779256801,reviews,v2,Running,True
1779256801,reviews,v2,Running,True
1779256801,reviews,v2,Running,True
1779256801,reviews,v3,Running,True
1779256801,reviews,v3,Pending,
1779256801,reviews,v3,Running,True
1779256801,reviews,v3,Pending,
1779256801,reviews,v3,Running,True
1779256801,reviews,v3,Running,True
1779256801,reviews,v3,Running,True
1779256801,reviews,v3,Running,True
1779256801,reviews,v3,Running,True
1779256801,reviews,v3,Running,True
1779256802,details,v1,Running,True
1779256802,details,v1,Running,True
1779256802,details,v1,Running,True
1779256802,details,v1,Running,True
1779256802,details,v1,Pending,
1779256802,details,v1,Running,True
1779256802,details,v1,Pending,
1779256802,details,v1,Running,True
1779256802,details,v1,Running,True
1779256802,productpage,v1,Running,True
1779256802,productpage,v1,Running,True
1779256802,productpage,v1,Running,True
1779256802,productpage,v1,Running,True
1779256802,productpage,v1,Running,True
1779256802,productpage,v1,Running,True
1779256802,productpage,v1,Running,True
1779256802,productpage,v1,Running,True
1779256802,productpage,v1,Running,True
1779256802,productpage,v1,Running,True
1779256802,productpage,v1,Running,True
1779256802,productpage,v1,Running,True
1779256802,productpage,v1,Running,True
1779256802,productpage,v1,Running,True
1779256802,productpage,v1,Running,True
1779256802,productpage,v1,Running,True
1779256802,productpage,v1,Running,True
1779256802,productpage,v1,Running,True
1779256802,productpage,v1,Running,True
1779256802,productpage,v1,Running,True
1779256802,ratings,v1,Running,True
1779256802,ratings,v1,Pending,
1779256802,reviews,v1,Running,True
1779256802,reviews,v2,Running,True
1779256802,reviews,v2,Running,True
1779256802,reviews,v2,Running,True
1779256802,reviews,v3,Running,True
1779256802,reviews,v3,Pending,
1779256802,reviews,v3,Running,True
1779256802,reviews,v3,Pending,
1779256802,reviews,v3,Running,True
1779256802,reviews,v3,Running,True
1779256802,reviews,v3,Running,True
1779256802,reviews,v3,Running,True
1779256802,reviews,v3,Running,True
1779256802,reviews,v3,Running,True
1779256803,details,v1,Running,True
1779256803,details,v1,Running,True
1779256803,details,v1,Running,True
1779256803,details,v1,Running,True
1779256803,details,v1,Pending,
1779256803,details,v1,Running,True
1779256803,details,v1,Pending,
1779256803,details,v1,Running,True
1779256803,details,v1,Running,True
1779256803,productpage,v1,Running,True
1779256803,productpage,v1,Running,True
1779256803,productpage,v1,Running,True
1779256803,productpage,v1,Running,True
1779256803,productpage,v1,Running,True
1779256803,productpage,v1,Running,True
1779256803,productpage,v1,Running,True
1779256803,productpage,v1,Running,True
1779256803,productpage,v1,Running,True
1779256803,productpage,v1,Running,True
1779256803,productpage,v1,Running,True
1779256803,productpage,v1,Running,True
1779256803,productpage,v1,Running,True
1779256803,productpage,v1,Running,True
1779256803,productpage,v1,Running,True
1779256803,productpage,v1,Running,True
1779256803,productpage,v1,Running,True
1779256803,productpage,v1,Running,True
1779256803,productpage,v1,Running,True
1779256803,productpage,v1,Running,True
1779256803,ratings,v1,Running,True
1779256803,ratings,v1,Pending,
1779256803,reviews,v1,Running,True
1779256803,reviews,v2,Running,True
1779256803,reviews,v2,Running,True
1779256803,reviews,v2,Running,True
1779256803,reviews,v3,Running,True
1779256803,reviews,v3,Pending,
1779256803,reviews,v3,Running,True
1779256803,reviews,v3,Pending,
1779256803,reviews,v3,Running,True
1779256803,reviews,v3,Running,True
1779256803,reviews,v3,Running,True
1779256803,reviews,v3,Running,True
1779256803,reviews,v3,Running,True
1779256803,reviews,v3,Running,True
1779256804,details,v1,Running,True
1779256804,details,v1,Running,True
1779256804,details,v1,Running,True
1779256804,details,v1,Running,True
1779256804,details,v1,Pending,
1779256804,details,v1,Running,True
1779256804,details,v1,Pending,
1779256804,details,v1,Running,True
1779256804,details,v1,Running,True
1779256804,productpage,v1,Running,True
1779256804,productpage,v1,Running,True
1779256804,productpage,v1,Running,True
1779256804,productpage,v1,Running,True
1779256804,productpage,v1,Running,True
1779256804,productpage,v1,Running,True
1779256804,productpage,v1,Running,True
1779256804,productpage,v1,Running,True
1779256804,productpage,v1,Running,True
1779256804,productpage,v1,Running,True
1779256804,productpage,v1,Running,True
1779256804,productpage,v1,Running,True
1779256804,productpage,v1,Running,True
1779256804,productpage,v1,Running,True
1779256804,productpage,v1,Running,True
1779256804,productpage,v1,Running,True
1779256804,productpage,v1,Running,True
1779256804,productpage,v1,Running,True
1779256804,productpage,v1,Running,True
1779256804,productpage,v1,Running,True
1779256804,ratings,v1,Running,True
1779256804,ratings,v1,Pending,
1779256804,reviews,v1,Running,True
1779256804,reviews,v2,Running,True
1779256804,reviews,v2,Running,True
1779256804,reviews,v2,Running,True
1779256804,reviews,v3,Running,True
1779256804,reviews,v3,Pending,
1779256804,reviews,v3,Running,True
1779256804,reviews,v3,Pending,
1779256804,reviews,v3,Running,True
1779256804,reviews,v3,Running,True
1779256804,reviews,v3,Running,True
1779256804,reviews,v3,Running,True
1779256804,reviews,v3,Running,True
1779256804,reviews,v3,Running,True
1779256805,details,v1,Running,True
1779256805,details,v1,Running,True
1779256805,details,v1,Running,True
1779256805,details,v1,Running,True
1779256805,details,v1,Pending,
1779256805,details,v1,Running,True
1779256805,details,v1,Pending,
1779256805,details,v1,Running,True
1779256805,details,v1,Running,True
1779256805,productpage,v1,Running,True
1779256805,productpage,v1,Running,True
1779256805,productpage,v1,Running,True
1779256805,productpage,v1,Running,True
1779256805,productpage,v1,Running,True
1779256805,productpage,v1,Running,True
1779256805,productpage,v1,Running,True
1779256805,productpage,v1,Running,True
1779256805,productpage,v1,Running,True
1779256805,productpage,v1,Running,True
1779256805,productpage,v1,Running,True
1779256805,productpage,v1,Running,True
1779256805,productpage,v1,Running,True
1779256805,productpage,v1,Running,True
1779256805,productpage,v1,Running,True
1779256805,productpage,v1,Running,True
1779256805,productpage,v1,Running,True
1779256805,productpage,v1,Running,True
1779256805,productpage,v1,Running,True
1779256805,productpage,v1,Running,True
1779256805,ratings,v1,Running,True
1779256805,ratings,v1,Pending,
1779256805,reviews,v1,Running,True
1779256805,reviews,v2,Running,True
1779256805,reviews,v2,Running,True
1779256805,reviews,v2,Running,True
1779256805,reviews,v3,Running,True
1779256805,reviews,v3,Pending,
1779256805,reviews,v3,Running,True
1779256805,reviews,v3,Pending,
1779256805,reviews,v3,Running,True
1779256805,reviews,v3,Running,True
1779256805,reviews,v3,Running,True
1779256805,reviews,v3,Running,True
1779256805,reviews,v3,Running,True
1779256805,reviews,v3,Running,True
1779256806,details,v1,Running,True
1779256806,details,v1,Running,True
1779256806,details,v1,Running,True
1779256806,details,v1,Running,True
1779256806,details,v1,Pending,
1779256806,details,v1,Running,True
1779256806,details,v1,Pending,
1779256806,details,v1,Running,True
1779256806,details,v1,Running,True
1779256806,productpage,v1,Running,True
1779256806,productpage,v1,Running,True
1779256806,productpage,v1,Running,True
1779256806,productpage,v1,Running,True
1779256806,productpage,v1,Running,True
1779256806,productpage,v1,Running,True
1779256806,productpage,v1,Running,True
1779256806,productpage,v1,Running,True
1779256806,productpage,v1,Running,True
1779256806,productpage,v1,Running,True
1779256806,productpage,v1,Running,True
1779256806,productpage,v1,Running,True
1779256806,productpage,v1,Running,True
1779256806,productpage,v1,Running,True
1779256806,productpage,v1,Running,True
1779256806,productpage,v1,Running,True
1779256806,productpage,v1,Running,True
1779256806,productpage,v1,Running,True
1779256806,productpage,v1,Running,True
1779256806,productpage,v1,Running,True
1779256806,ratings,v1,Running,True
1779256806,ratings,v1,Pending,
1779256806,reviews,v1,Running,True
1779256806,reviews,v2,Running,True
1779256806,reviews,v2,Running,True
1779256806,reviews,v2,Running,True
1779256806,reviews,v3,Running,True
1779256806,reviews,v3,Pending,
1779256806,reviews,v3,Running,True
1779256806,reviews,v3,Pending,
1779256806,reviews,v3,Running,True
1779256806,reviews,v3,Running,True
1779256806,reviews,v3,Running,True
1779256806,reviews,v3,Running,True
1779256806,reviews,v3,Running,True
1779256806,reviews,v3,Running,True
1779256807,details,v1,Running,True
1779256807,details,v1,Running,True
1779256807,details,v1,Running,True
1779256807,details,v1,Running,True
1779256807,details,v1,Pending,
1779256807,details,v1,Running,True
1779256807,details,v1,Pending,
1779256807,details,v1,Running,True
1779256807,details,v1,Running,True
1779256807,productpage,v1,Running,True
1779256807,productpage,v1,Running,True
1779256807,productpage,v1,Running,True
1779256807,productpage,v1,Running,True
1779256807,productpage,v1,Running,True
1779256807,productpage,v1,Running,True
1779256807,productpage,v1,Running,True
1779256807,productpage,v1,Running,True
1779256807,productpage,v1,Running,True
1779256807,productpage,v1,Running,True
1779256807,productpage,v1,Running,True
1779256807,productpage,v1,Running,True
1779256807,productpage,v1,Running,True
1779256807,productpage,v1,Running,True
1779256807,productpage,v1,Running,True
1779256807,productpage,v1,Running,True
1779256807,productpage,v1,Running,True
1779256807,productpage,v1,Running,True
1779256807,productpage,v1,Running,True
1779256807,productpage,v1,Running,True
1779256807,ratings,v1,Running,True
1779256807,ratings,v1,Pending,
1779256807,reviews,v1,Running,True
1779256807,reviews,v2,Running,True
1779256807,reviews,v2,Running,True
1779256807,reviews,v2,Running,True
1779256807,reviews,v3,Running,True
1779256807,reviews,v3,Pending,
1779256807,reviews,v3,Running,True
1779256807,reviews,v3,Pending,
1779256807,reviews,v3,Running,True
1779256807,reviews,v3,Running,True
1779256807,reviews,v3,Running,True
1779256807,reviews,v3,Running,True
1779256807,reviews,v3,Running,True
1779256807,reviews,v3,Running,True
1779256808,details,v1,Running,True
1779256808,details,v1,Running,True
1779256808,details,v1,Running,True
1779256808,details,v1,Running,True
1779256808,details,v1,Pending,
1779256808,details,v1,Running,True
1779256808,details,v1,Pending,
1779256808,details,v1,Running,True
1779256808,details,v1,Running,True
1779256808,productpage,v1,Running,True
1779256808,productpage,v1,Running,True
1779256808,productpage,v1,Running,True
1779256808,productpage,v1,Running,True
1779256808,productpage,v1,Running,True
1779256808,productpage,v1,Running,True
1779256808,productpage,v1,Running,True
1779256808,productpage,v1,Running,True
1779256808,productpage,v1,Running,True
1779256808,productpage,v1,Running,True
1779256808,productpage,v1,Running,True
1779256808,productpage,v1,Running,True
1779256808,productpage,v1,Running,True
1779256808,productpage,v1,Running,True
1779256808,productpage,v1,Running,True
1779256808,productpage,v1,Running,True
1779256808,productpage,v1,Running,True
1779256808,productpage,v1,Running,True
1779256808,productpage,v1,Running,True
1779256808,productpage,v1,Running,True
1779256808,ratings,v1,Running,True
1779256808,ratings,v1,Pending,
1779256808,reviews,v1,Running,True
1779256808,reviews,v2,Running,True
1779256808,reviews,v2,Running,True
1779256808,reviews,v2,Running,True
1779256808,reviews,v3,Running,True
1779256808,reviews,v3,Pending,
1779256808,reviews,v3,Running,True
1779256808,reviews,v3,Pending,
1779256808,reviews,v3,Running,True
1779256808,reviews,v3,Running,True
1779256808,reviews,v3,Running,True
1779256808,reviews,v3,Running,True
1779256808,reviews,v3,Running,True
1779256808,reviews,v3,Running,True
1779256809,details,v1,Running,True
1779256809,details,v1,Running,True
1779256809,details,v1,Running,True
1779256809,details,v1,Running,True
1779256809,details,v1,Pending,
1779256809,details,v1,Running,True
1779256809,details,v1,Pending,
1779256809,details,v1,Running,True
1779256809,details,v1,Running,True
1779256809,productpage,v1,Running,True
1779256809,productpage,v1,Running,True
1779256809,productpage,v1,Running,True
1779256809,productpage,v1,Running,True
1779256809,productpage,v1,Running,True
1779256809,productpage,v1,Running,True
1779256809,productpage,v1,Running,True
1779256809,productpage,v1,Running,True
1779256809,productpage,v1,Running,True
1779256809,productpage,v1,Running,True
1779256809,productpage,v1,Running,True
1779256809,productpage,v1,Running,True
1779256809,productpage,v1,Running,True
1779256809,productpage,v1,Running,True
1779256809,productpage,v1,Running,True
1779256809,productpage,v1,Running,True
1779256809,productpage,v1,Running,True
1779256809,productpage,v1,Running,True
1779256809,productpage,v1,Running,True
1779256809,productpage,v1,Running,True
1779256809,ratings,v1,Running,True
1779256809,ratings,v1,Pending,
1779256809,reviews,v1,Running,True
1779256809,reviews,v2,Running,True
1779256809,reviews,v2,Running,True
1779256809,reviews,v2,Running,True
1779256809,reviews,v3,Running,True
1779256809,reviews,v3,Pending,
1779256809,reviews,v3,Running,True
1779256809,reviews,v3,Pending,
1779256809,reviews,v3,Running,True
1779256809,reviews,v3,Running,True
1779256809,reviews,v3,Running,True
1779256809,reviews,v3,Running,True
1779256809,reviews,v3,Running,True
1779256809,reviews,v3,Running,True
1779256810,details,v1,Running,True
1779256810,details,v1,Running,True
1779256810,details,v1,Running,True
1779256810,details,v1,Running,True
1779256810,details,v1,Pending,
1779256810,details,v1,Running,True
1779256810,details,v1,Pending,
1779256810,details,v1,Running,True
1779256810,details,v1,Running,True
1779256810,productpage,v1,Running,True
1779256810,productpage,v1,Running,True
1779256810,productpage,v1,Running,True
1779256810,productpage,v1,Running,True
1779256810,productpage,v1,Running,True
1779256810,productpage,v1,Running,True
1779256810,productpage,v1,Running,True
1779256810,productpage,v1,Running,True
1779256810,productpage,v1,Running,True
1779256810,productpage,v1,Running,True
1779256810,productpage,v1,Running,True
1779256810,productpage,v1,Running,True
1779256810,productpage,v1,Running,True
1779256810,productpage,v1,Running,True
1779256810,productpage,v1,Running,True
1779256810,productpage,v1,Running,True
1779256810,productpage,v1,Running,True
1779256810,productpage,v1,Running,True
1779256810,productpage,v1,Running,True
1779256810,productpage,v1,Running,True
1779256810,ratings,v1,Running,True
1779256810,ratings,v1,Pending,
1779256810,reviews,v1,Running,True
1779256810,reviews,v2,Running,True
1779256810,reviews,v2,Running,True
1779256810,reviews,v2,Running,True
1779256810,reviews,v3,Running,True
1779256810,reviews,v3,Pending,
1779256810,reviews,v3,Running,True
1779256810,reviews,v3,Pending,
1779256810,reviews,v3,Running,True
1779256810,reviews,v3,Running,True
1779256810,reviews,v3,Running,True
1779256810,reviews,v3,Running,True
1779256810,reviews,v3,Running,True
1779256810,reviews,v3,Running,True
1779256811,details,v1,Running,True
1779256811,details,v1,Running,True
1779256811,details,v1,Running,True
1779256811,details,v1,Running,True
1779256811,details,v1,Pending,
1779256811,details,v1,Running,True
1779256811,details,v1,Pending,
1779256811,details,v1,Running,True
1779256811,details,v1,Running,True
1779256811,productpage,v1,Running,True
1779256811,productpage,v1,Running,True
1779256811,productpage,v1,Running,True
1779256811,productpage,v1,Running,True
1779256811,productpage,v1,Running,True
1779256811,productpage,v1,Running,True
1779256811,productpage,v1,Running,True
1779256811,productpage,v1,Running,True
1779256811,productpage,v1,Running,True
1779256811,productpage,v1,Running,True
1779256811,productpage,v1,Running,True
1779256811,productpage,v1,Running,True
1779256811,productpage,v1,Running,True
1779256811,productpage,v1,Running,True
1779256811,productpage,v1,Running,True
1779256811,productpage,v1,Running,True
1779256811,productpage,v1,Running,True
1779256811,productpage,v1,Running,True
1779256811,productpage,v1,Running,True
1779256811,productpage,v1,Running,True
1779256811,ratings,v1,Running,True
1779256811,ratings,v1,Pending,
1779256811,reviews,v1,Running,True
1779256811,reviews,v2,Running,True
1779256811,reviews,v2,Running,True
1779256811,reviews,v2,Running,True
1779256811,reviews,v3,Running,True
1779256811,reviews,v3,Pending,
1779256811,reviews,v3,Running,True
1779256811,reviews,v3,Pending,
1779256811,reviews,v3,Running,True
1779256811,reviews,v3,Running,True
1779256811,reviews,v3,Running,True
1779256811,reviews,v3,Running,True
1779256811,reviews,v3,Running,True
1779256811,reviews,v3,Running,True
1779256812,details,v1,Running,True
1779256812,details,v1,Running,True
1779256812,details,v1,Running,True
1779256812,details,v1,Running,True
1779256812,details,v1,Pending,
1779256812,details,v1,Running,True
1779256812,details,v1,Pending,
1779256812,details,v1,Running,True
1779256812,details,v1,Running,True
1779256812,productpage,v1,Running,True
1779256812,productpage,v1,Running,True
1779256812,productpage,v1,Running,True
1779256812,productpage,v1,Running,True
1779256812,productpage,v1,Running,True
1779256812,productpage,v1,Running,True
1779256812,productpage,v1,Running,True
1779256812,productpage,v1,Running,True
1779256812,productpage,v1,Running,True
1779256812,productpage,v1,Running,True
1779256812,productpage,v1,Running,True
1779256812,productpage,v1,Running,True
1779256812,productpage,v1,Running,True
1779256812,productpage,v1,Running,True
1779256812,productpage,v1,Running,True
1779256812,productpage,v1,Running,True
1779256812,productpage,v1,Running,True
1779256812,productpage,v1,Running,True
1779256812,productpage,v1,Running,True
1779256812,productpage,v1,Running,True
1779256812,ratings,v1,Running,True
1779256812,ratings,v1,Pending,
1779256812,reviews,v1,Running,True
1779256812,reviews,v2,Running,True
1779256812,reviews,v2,Running,True
1779256812,reviews,v2,Running,True
1779256812,reviews,v3,Running,True
1779256812,reviews,v3,Pending,
1779256812,reviews,v3,Running,True
1779256812,reviews,v3,Pending,
1779256812,reviews,v3,Running,True
1779256812,reviews,v3,Running,True
1779256812,reviews,v3,Running,True
1779256812,reviews,v3,Running,True
1779256812,reviews,v3,Running,True
1779256812,reviews,v3,Running,True
1779256813,details,v1,Running,True
1779256813,details,v1,Running,True
1779256813,details,v1,Running,True
1779256813,details,v1,Running,True
1779256813,details,v1,Pending,
1779256813,details,v1,Running,True
1779256813,details,v1,Pending,
1779256813,details,v1,Running,True
1779256813,details,v1,Running,True
1779256813,productpage,v1,Running,True
1779256813,productpage,v1,Running,True
1779256813,productpage,v1,Running,True
1779256813,productpage,v1,Running,True
1779256813,productpage,v1,Running,True
1779256813,productpage,v1,Running,True
1779256813,productpage,v1,Running,True
1779256813,productpage,v1,Running,True
1779256813,productpage,v1,Running,True
1779256813,productpage,v1,Running,True
1779256813,productpage,v1,Running,True
1779256813,productpage,v1,Running,True
1779256813,productpage,v1,Running,True
1779256813,productpage,v1,Running,True
1779256813,productpage,v1,Running,True
1779256813,productpage,v1,Running,True
1779256813,productpage,v1,Running,True
1779256813,productpage,v1,Running,True
1779256813,productpage,v1,Running,True
1779256813,productpage,v1,Running,True
1779256813,ratings,v1,Running,True
1779256813,ratings,v1,Pending,
1779256813,reviews,v1,Running,True
1779256813,reviews,v2,Running,True
1779256813,reviews,v2,Running,True
1779256813,reviews,v2,Running,True
1779256813,reviews,v3,Running,True
1779256813,reviews,v3,Pending,
1779256813,reviews,v3,Running,True
1779256813,reviews,v3,Pending,
1779256813,reviews,v3,Running,True
1779256813,reviews,v3,Running,True
1779256813,reviews,v3,Running,True
1779256813,reviews,v3,Running,True
1779256813,reviews,v3,Running,True
1779256813,reviews,v3,Running,True
1779256814,details,v1,Running,True
1779256814,details,v1,Running,True
1779256814,details,v1,Running,True
1779256814,details,v1,Running,True
1779256814,details,v1,Pending,
1779256814,details,v1,Running,True
1779256814,details,v1,Pending,
1779256814,details,v1,Running,True
1779256814,details,v1,Running,True
1779256814,productpage,v1,Running,True
1779256814,productpage,v1,Running,True
1779256814,productpage,v1,Running,True
1779256814,productpage,v1,Running,True
1779256814,productpage,v1,Running,True
1779256814,productpage,v1,Running,True
1779256814,productpage,v1,Running,True
1779256814,productpage,v1,Running,True
1779256814,productpage,v1,Running,True
1779256814,productpage,v1,Running,True
1779256814,productpage,v1,Running,True
1779256814,productpage,v1,Running,True
1779256814,productpage,v1,Running,True
1779256814,productpage,v1,Running,True
1779256814,productpage,v1,Running,True
1779256814,productpage,v1,Running,True
1779256814,productpage,v1,Running,True
1779256814,productpage,v1,Running,True
1779256814,productpage,v1,Running,True
1779256814,productpage,v1,Running,True
1779256814,ratings,v1,Running,True
1779256814,ratings,v1,Pending,
1779256814,reviews,v1,Running,True
1779256814,reviews,v2,Running,True
1779256814,reviews,v2,Running,True
1779256814,reviews,v2,Running,True
1779256814,reviews,v3,Running,True
1779256814,reviews,v3,Pending,
1779256814,reviews,v3,Running,True
1779256814,reviews,v3,Pending,
1779256814,reviews,v3,Running,True
1779256814,reviews,v3,Running,True
1779256814,reviews,v3,Running,True
1779256814,reviews,v3,Running,True
1779256814,reviews,v3,Running,True
1779256814,reviews,v3,Running,True
1779256815,details,v1,Running,True
1779256815,details,v1,Running,True
1779256815,details,v1,Running,True
1779256815,details,v1,Running,True
1779256815,details,v1,Pending,
1779256815,details,v1,Running,True
1779256815,details,v1,Pending,
1779256815,details,v1,Running,True
1779256815,details,v1,Running,True
1779256815,productpage,v1,Running,True
1779256815,productpage,v1,Running,True
1779256815,productpage,v1,Running,True
1779256815,productpage,v1,Running,True
1779256815,productpage,v1,Running,True
1779256815,productpage,v1,Running,True
1779256815,productpage,v1,Running,True
1779256815,productpage,v1,Running,True
1779256815,productpage,v1,Running,True
1779256815,productpage,v1,Running,True
1779256815,productpage,v1,Running,True
1779256815,productpage,v1,Running,True
1779256815,productpage,v1,Running,True
1779256815,productpage,v1,Running,True
1779256815,productpage,v1,Running,True
1779256815,productpage,v1,Running,True
1779256815,productpage,v1,Running,True
1779256815,productpage,v1,Running,True
1779256815,productpage,v1,Running,True
1779256815,productpage,v1,Running,True
1779256815,ratings,v1,Running,True
1779256815,ratings,v1,Pending,
1779256815,reviews,v1,Running,True
1779256815,reviews,v2,Running,True
1779256815,reviews,v2,Running,True
1779256815,reviews,v2,Running,True
1779256815,reviews,v3,Running,True
1779256815,reviews,v3,Pending,
1779256815,reviews,v3,Running,True
1779256815,reviews,v3,Pending,
1779256815,reviews,v3,Running,True
1779256815,reviews,v3,Running,True
1779256815,reviews,v3,Running,True
1779256815,reviews,v3,Running,True
1779256815,reviews,v3,Running,True
1779256815,reviews,v3,Running,True
1779256816,details,v1,Running,True
1779256816,details,v1,Running,True
1779256816,details,v1,Running,True
1779256816,details,v1,Running,True
1779256816,details,v1,Pending,
1779256816,details,v1,Running,True
1779256816,details,v1,Pending,
1779256816,details,v1,Running,True
1779256816,details,v1,Running,True
1779256816,productpage,v1,Running,True
1779256816,productpage,v1,Running,True
1779256816,productpage,v1,Running,True
1779256816,productpage,v1,Running,True
1779256816,productpage,v1,Running,True
1779256816,productpage,v1,Running,True
1779256816,productpage,v1,Running,True
1779256816,productpage,v1,Running,True
1779256816,productpage,v1,Running,True
1779256816,productpage,v1,Running,True
1779256816,productpage,v1,Running,True
1779256816,productpage,v1,Running,True
1779256816,productpage,v1,Running,True
1779256816,productpage,v1,Running,True
1779256816,productpage,v1,Running,True
1779256816,productpage,v1,Running,True
1779256816,productpage,v1,Running,True
1779256816,productpage,v1,Running,True
1779256816,productpage,v1,Running,True
1779256816,productpage,v1,Running,True
1779256816,ratings,v1,Running,True
1779256816,ratings,v1,Pending,
1779256816,reviews,v1,Running,True
1779256816,reviews,v2,Running,True
1779256816,reviews,v2,Running,True
1779256816,reviews,v2,Running,True
1779256816,reviews,v3,Running,True
1779256816,reviews,v3,Pending,
1779256816,reviews,v3,Running,True
1779256816,reviews,v3,Pending,
1779256816,reviews,v3,Running,True
1779256816,reviews,v3,Running,True
1779256816,reviews,v3,Running,True
1779256816,reviews,v3,Running,True
1779256816,reviews,v3,Running,True
1779256816,reviews,v3,Running,True
1779256817,details,v1,Running,True
1779256817,details,v1,Running,True
1779256817,details,v1,Running,True
1779256817,details,v1,Running,True
1779256817,details,v1,Pending,
1779256817,details,v1,Running,True
1779256817,details,v1,Pending,
1779256817,details,v1,Running,True
1779256817,details,v1,Running,True
1779256817,productpage,v1,Running,True
1779256817,productpage,v1,Running,True
1779256817,productpage,v1,Running,True
1779256817,productpage,v1,Running,True
1779256817,productpage,v1,Running,True
1779256817,productpage,v1,Running,True
1779256817,productpage,v1,Running,True
1779256817,productpage,v1,Running,True
1779256817,productpage,v1,Running,True
1779256817,productpage,v1,Running,True
1779256817,productpage,v1,Running,True
1779256817,productpage,v1,Running,True
1779256817,productpage,v1,Running,True
1779256817,productpage,v1,Running,True
1779256817,productpage,v1,Running,True
1779256817,productpage,v1,Running,True
1779256817,productpage,v1,Running,True
1779256817,productpage,v1,Running,True
1779256817,productpage,v1,Running,True
1779256817,productpage,v1,Running,True
1779256817,ratings,v1,Running,True
1779256817,ratings,v1,Pending,
1779256817,reviews,v1,Running,True
1779256817,reviews,v2,Running,True
1779256817,reviews,v2,Running,True
1779256817,reviews,v2,Running,True
1779256817,reviews,v3,Running,True
1779256817,reviews,v3,Pending,
1779256817,reviews,v3,Running,True
1779256817,reviews,v3,Pending,
1779256817,reviews,v3,Running,True
1779256817,reviews,v3,Running,True
1779256817,reviews,v3,Running,True
1779256817,reviews,v3,Running,True
1779256817,reviews,v3,Running,True
1779256817,reviews,v3,Running,True
1779256818,details,v1,Running,True
1779256818,details,v1,Running,True
1779256818,details,v1,Running,True
1779256818,details,v1,Running,True
1779256818,details,v1,Pending,
1779256818,details,v1,Running,True
1779256818,details,v1,Pending,
1779256818,details,v1,Running,True
1779256818,details,v1,Running,True
1779256818,productpage,v1,Running,True
1779256818,productpage,v1,Running,True
1779256818,productpage,v1,Running,True
1779256818,productpage,v1,Running,True
1779256818,productpage,v1,Running,True
1779256818,productpage,v1,Running,True
1779256818,productpage,v1,Running,True
1779256818,productpage,v1,Running,True
1779256818,productpage,v1,Running,True
1779256818,productpage,v1,Running,True
1779256818,productpage,v1,Running,True
1779256818,productpage,v1,Running,True
1779256818,productpage,v1,Running,True
1779256818,productpage,v1,Running,True
1779256818,productpage,v1,Running,True
1779256818,productpage,v1,Running,True
1779256818,productpage,v1,Running,True
1779256818,productpage,v1,Running,True
1779256818,productpage,v1,Running,True
1779256818,productpage,v1,Running,True
1779256818,ratings,v1,Running,True
1779256818,ratings,v1,Pending,
1779256818,reviews,v1,Running,True
1779256818,reviews,v2,Running,True
1779256818,reviews,v2,Running,True
1779256818,reviews,v2,Running,True
1779256818,reviews,v3,Running,True
1779256818,reviews,v3,Pending,
1779256818,reviews,v3,Running,True
1779256818,reviews,v3,Pending,
1779256818,reviews,v3,Running,True
1779256818,reviews,v3,Running,True
1779256818,reviews,v3,Running,True
1779256818,reviews,v3,Running,True
1779256818,reviews,v3,Running,True
1779256818,reviews,v3,Running,True
1779256819,details,v1,Running,True
1779256819,details,v1,Running,True
1779256819,details,v1,Running,True
1779256819,details,v1,Running,True
1779256819,details,v1,Pending,
1779256819,details,v1,Running,True
1779256819,details,v1,Pending,
1779256819,details,v1,Running,True
1779256819,details,v1,Running,True
1779256819,productpage,v1,Running,True
1779256819,productpage,v1,Running,True
1779256819,productpage,v1,Running,True
1779256819,productpage,v1,Running,True
1779256819,productpage,v1,Running,True
1779256819,productpage,v1,Running,True
1779256819,productpage,v1,Running,True
1779256819,productpage,v1,Running,True
1779256819,productpage,v1,Running,True
1779256819,productpage,v1,Running,True
1779256819,productpage,v1,Running,True
1779256819,productpage,v1,Running,True
1779256819,productpage,v1,Running,True
1779256819,productpage,v1,Running,True
1779256819,productpage,v1,Running,True
1779256819,productpage,v1,Running,True
1779256819,productpage,v1,Running,True
1779256819,productpage,v1,Running,True
1779256819,productpage,v1,Running,True
1779256819,productpage,v1,Running,True
1779256819,ratings,v1,Running,True
1779256819,ratings,v1,Pending,
1779256819,reviews,v1,Running,True
1779256819,reviews,v2,Running,True
1779256819,reviews,v2,Running,True
1779256819,reviews,v2,Running,True
1779256819,reviews,v3,Running,True
1779256819,reviews,v3,Pending,
1779256819,reviews,v3,Running,True
1779256819,reviews,v3,Pending,
1779256819,reviews,v3,Running,True
1779256819,reviews,v3,Running,True
1779256819,reviews,v3,Running,True
1779256819,reviews,v3,Running,True
1779256819,reviews,v3,Running,True
1779256819,reviews,v3,Running,True
1779256820,details,v1,Running,True
1779256820,details,v1,Running,True
1779256820,details,v1,Running,True
1779256820,details,v1,Running,True
1779256820,details,v1,Pending,
1779256820,details,v1,Running,True
1779256820,details,v1,Pending,
1779256820,details,v1,Running,True
1779256820,details,v1,Running,True
1779256820,productpage,v1,Running,True
1779256820,productpage,v1,Running,True
1779256820,productpage,v1,Running,True
1779256820,productpage,v1,Running,True
1779256820,productpage,v1,Running,True
1779256820,productpage,v1,Running,True
1779256820,productpage,v1,Running,True
1779256820,productpage,v1,Running,True
1779256820,productpage,v1,Running,True
1779256820,productpage,v1,Running,True
1779256820,productpage,v1,Running,True
1779256820,productpage,v1,Running,True
1779256820,productpage,v1,Running,True
1779256820,productpage,v1,Running,True
1779256820,productpage,v1,Running,True
1779256820,productpage,v1,Running,True
1779256820,productpage,v1,Running,True
1779256820,productpage,v1,Running,True
1779256820,productpage,v1,Running,True
1779256820,productpage,v1,Running,True
1779256820,ratings,v1,Running,True
1779256820,ratings,v1,Pending,
1779256820,reviews,v1,Running,True
1779256820,reviews,v2,Running,True
1779256820,reviews,v2,Running,True
1779256820,reviews,v2,Running,True
1779256820,reviews,v3,Running,True
1779256820,reviews,v3,Pending,
1779256820,reviews,v3,Running,True
1779256820,reviews,v3,Pending,
1779256820,reviews,v3,Running,True
1779256820,reviews,v3,Running,True
1779256820,reviews,v3,Running,True
1779256820,reviews,v3,Running,True
1779256820,reviews,v3,Running,True
1779256820,reviews,v3,Running,True
1779256821,details,v1,Running,True
1779256821,details,v1,Running,True
1779256821,details,v1,Running,True
1779256821,details,v1,Running,True
1779256821,details,v1,Pending,
1779256821,details,v1,Running,True
1779256821,details,v1,Pending,
1779256821,details,v1,Running,True
1779256821,details,v1,Running,True
1779256821,productpage,v1,Running,True
1779256821,productpage,v1,Running,True
1779256821,productpage,v1,Running,True
1779256821,productpage,v1,Running,True
1779256821,productpage,v1,Running,True
1779256821,productpage,v1,Running,True
1779256821,productpage,v1,Running,True
1779256821,productpage,v1,Running,True
1779256821,productpage,v1,Running,True
1779256821,productpage,v1,Running,True
1779256821,productpage,v1,Running,True
1779256821,productpage,v1,Running,True
1779256821,productpage,v1,Running,True
1779256821,productpage,v1,Running,True
1779256821,productpage,v1,Running,True
1779256821,productpage,v1,Running,True
1779256821,productpage,v1,Running,True
1779256821,productpage,v1,Running,True
1779256821,productpage,v1,Running,True
1779256821,productpage,v1,Running,True
1779256821,ratings,v1,Running,True
1779256821,ratings,v1,Pending,
1779256821,reviews,v1,Running,True
1779256821,reviews,v2,Running,True
1779256821,reviews,v2,Running,True
1779256821,reviews,v2,Running,True
1779256821,reviews,v3,Running,True
1779256821,reviews,v3,Pending,
1779256821,reviews,v3,Running,True
1779256821,reviews,v3,Pending,
1779256821,reviews,v3,Running,True
1779256821,reviews,v3,Running,True
1779256821,reviews,v3,Running,True
1779256821,reviews,v3,Running,True
1779256821,reviews,v3,Running,True
1779256821,reviews,v3,Running,True
1779256822,details,v1,Running,True
1779256822,details,v1,Running,True
1779256822,details,v1,Running,True
1779256822,details,v1,Running,True
1779256822,details,v1,Pending,
1779256822,details,v1,Running,True
1779256822,details,v1,Pending,
1779256822,details,v1,Running,True
1779256822,details,v1,Running,True
1779256822,productpage,v1,Running,True
1779256822,productpage,v1,Running,True
1779256822,productpage,v1,Running,True
1779256822,productpage,v1,Running,True
1779256822,productpage,v1,Running,True
1779256822,productpage,v1,Running,True
1779256822,productpage,v1,Running,True
1779256822,productpage,v1,Running,True
1779256822,productpage,v1,Running,True
1779256822,productpage,v1,Running,True
1779256822,productpage,v1,Running,True
1779256822,productpage,v1,Running,True
1779256822,productpage,v1,Running,True
1779256822,productpage,v1,Running,True
1779256822,productpage,v1,Running,True
1779256822,productpage,v1,Running,True
1779256822,productpage,v1,Running,True
1779256822,productpage,v1,Running,True
1779256822,productpage,v1,Running,True
1779256822,productpage,v1,Running,True
1779256822,ratings,v1,Running,True
1779256822,ratings,v1,Pending,
1779256822,reviews,v1,Running,True
1779256822,reviews,v2,Running,True
1779256822,reviews,v2,Running,True
1779256822,reviews,v2,Running,True
1779256822,reviews,v3,Running,True
1779256822,reviews,v3,Pending,
1779256822,reviews,v3,Running,True
1779256822,reviews,v3,Pending,
1779256822,reviews,v3,Running,True
1779256822,reviews,v3,Running,True
1779256822,reviews,v3,Running,True
1779256822,reviews,v3,Running,True
1779256822,reviews,v3,Running,True
1779256822,reviews,v3,Running,True
1779256823,details,v1,Running,True
1779256823,details,v1,Running,True
1779256823,details,v1,Running,True
1779256823,details,v1,Running,True
1779256823,details,v1,Pending,
1779256823,details,v1,Running,True
1779256823,details,v1,Pending,
1779256823,details,v1,Running,True
1779256823,details,v1,Running,True
1779256823,productpage,v1,Running,True
1779256823,productpage,v1,Running,True
1779256823,productpage,v1,Running,True
1779256823,productpage,v1,Running,True
1779256823,productpage,v1,Running,True
1779256823,productpage,v1,Running,True
1779256823,productpage,v1,Running,True
1779256823,productpage,v1,Running,True
1779256823,productpage,v1,Running,True
1779256823,productpage,v1,Running,True
1779256823,productpage,v1,Running,True
1779256823,productpage,v1,Running,True
1779256823,productpage,v1,Running,True
1779256823,productpage,v1,Running,True
1779256823,productpage,v1,Running,True
1779256823,productpage,v1,Running,True
1779256823,productpage,v1,Running,True
1779256823,productpage,v1,Running,True
1779256823,productpage,v1,Running,True
1779256823,productpage,v1,Running,True
1779256823,ratings,v1,Running,True
1779256823,ratings,v1,Pending,
1779256823,reviews,v1,Running,True
1779256823,reviews,v2,Running,True
1779256823,reviews,v2,Running,True
1779256823,reviews,v2,Running,True
1779256823,reviews,v3,Running,True
1779256823,reviews,v3,Pending,
1779256823,reviews,v3,Running,True
1779256823,reviews,v3,Pending,
1779256823,reviews,v3,Running,True
1779256823,reviews,v3,Running,True
1779256823,reviews,v3,Running,True
1779256823,reviews,v3,Running,True
1779256823,reviews,v3,Running,True
1779256823,reviews,v3,Running,True
1779256824,details,v1,Running,True
1779256824,details,v1,Running,True
1779256824,details,v1,Running,True
1779256824,details,v1,Running,True
1779256824,details,v1,Pending,
1779256824,details,v1,Running,True
1779256824,details,v1,Pending,
1779256824,details,v1,Running,True
1779256824,details,v1,Running,True
1779256824,productpage,v1,Running,True
1779256824,productpage,v1,Running,True
1779256824,productpage,v1,Running,True
1779256824,productpage,v1,Running,True
1779256824,productpage,v1,Running,True
1779256824,productpage,v1,Running,True
1779256824,productpage,v1,Running,True
1779256824,productpage,v1,Running,True
1779256824,productpage,v1,Running,True
1779256824,productpage,v1,Running,True
1779256824,productpage,v1,Running,True
1779256824,productpage,v1,Running,True
1779256824,productpage,v1,Running,True
1779256824,productpage,v1,Running,True
1779256824,productpage,v1,Running,True
1779256824,productpage,v1,Running,True
1779256824,productpage,v1,Running,True
1779256824,productpage,v1,Running,True
1779256824,productpage,v1,Running,True
1779256824,productpage,v1,Running,True
1779256824,ratings,v1,Running,True
1779256824,ratings,v1,Pending,
1779256824,reviews,v1,Running,True
1779256824,reviews,v2,Running,True
1779256824,reviews,v2,Running,True
1779256824,reviews,v2,Running,True
1779256824,reviews,v3,Running,True
1779256824,reviews,v3,Pending,
1779256824,reviews,v3,Running,True
1779256824,reviews,v3,Pending,
1779256824,reviews,v3,Running,True
1779256824,reviews,v3,Running,True
1779256824,reviews,v3,Running,True
1779256824,reviews,v3,Running,True
1779256824,reviews,v3,Running,True
1779256824,reviews,v3,Running,True
1779256825,details,v1,Running,True
1779256825,details,v1,Running,True
1779256825,details,v1,Running,True
1779256825,details,v1,Running,True
1779256825,details,v1,Pending,
1779256825,details,v1,Running,True
1779256825,details,v1,Pending,
1779256825,details,v1,Running,True
1779256825,details,v1,Running,True
1779256825,productpage,v1,Running,True
1779256825,productpage,v1,Running,True
1779256825,productpage,v1,Running,True
1779256825,productpage,v1,Running,True
1779256825,productpage,v1,Running,True
1779256825,productpage,v1,Running,True
1779256825,productpage,v1,Running,True
1779256825,productpage,v1,Running,True
1779256825,productpage,v1,Running,True
1779256825,productpage,v1,Running,True
1779256825,productpage,v1,Running,True
1779256825,productpage,v1,Running,True
1779256825,productpage,v1,Running,True
1779256825,productpage,v1,Running,True
1779256825,productpage,v1,Running,True
1779256825,productpage,v1,Running,True
1779256825,productpage,v1,Running,True
1779256825,productpage,v1,Running,True
1779256825,productpage,v1,Running,True
1779256825,productpage,v1,Running,True
1779256825,ratings,v1,Running,True
1779256825,ratings,v1,Pending,
1779256825,reviews,v1,Running,True
1779256825,reviews,v2,Running,True
1779256825,reviews,v2,Running,True
1779256825,reviews,v2,Running,True
1779256825,reviews,v3,Running,True
1779256825,reviews,v3,Pending,
1779256825,reviews,v3,Running,True
1779256825,reviews,v3,Pending,
1779256825,reviews,v3,Running,True
1779256825,reviews,v3,Running,True
1779256825,reviews,v3,Running,True
1779256825,reviews,v3,Running,True
1779256825,reviews,v3,Running,True
1779256825,reviews,v3,Running,True
1779256826,details,v1,Running,True
1779256826,details,v1,Running,True
1779256826,details,v1,Running,True
1779256826,details,v1,Running,True
1779256826,details,v1,Pending,
1779256826,details,v1,Running,True
1779256826,details,v1,Pending,
1779256826,details,v1,Running,True
1779256826,details,v1,Running,True
1779256826,productpage,v1,Running,True
1779256826,productpage,v1,Running,True
1779256826,productpage,v1,Running,True
1779256826,productpage,v1,Running,True
1779256826,productpage,v1,Running,True
1779256826,productpage,v1,Running,True
1779256826,productpage,v1,Running,True
1779256826,productpage,v1,Running,True
1779256826,productpage,v1,Running,True
1779256826,productpage,v1,Running,True
1779256826,productpage,v1,Running,True
1779256826,productpage,v1,Running,True
1779256826,productpage,v1,Running,True
1779256826,productpage,v1,Running,True
1779256826,productpage,v1,Running,True
1779256826,productpage,v1,Running,True
1779256826,productpage,v1,Running,True
1779256826,productpage,v1,Running,True
1779256826,productpage,v1,Running,True
1779256826,productpage,v1,Running,True
1779256826,ratings,v1,Running,True
1779256826,ratings,v1,Pending,
1779256826,reviews,v1,Running,True
1779256826,reviews,v2,Running,True
1779256826,reviews,v2,Running,True
1779256826,reviews,v2,Running,True
1779256826,reviews,v3,Running,True
1779256826,reviews,v3,Pending,
1779256826,reviews,v3,Running,True
1779256826,reviews,v3,Pending,
1779256826,reviews,v3,Running,True
1779256826,reviews,v3,Running,True
1779256826,reviews,v3,Running,True
1779256826,reviews,v3,Running,True
1779256826,reviews,v3,Running,True
1779256826,reviews,v3,Running,True
1779256827,details,v1,Running,True
1779256827,details,v1,Running,True
1779256827,details,v1,Running,True
1779256827,details,v1,Running,True
1779256827,details,v1,Pending,
1779256827,details,v1,Running,True
1779256827,details,v1,Pending,
1779256827,details,v1,Running,True
1779256827,details,v1,Running,True
1779256827,productpage,v1,Running,True
1779256827,productpage,v1,Running,True
1779256827,productpage,v1,Running,True
1779256827,productpage,v1,Running,True
1779256827,productpage,v1,Running,True
1779256827,productpage,v1,Running,True
1779256827,productpage,v1,Running,True
1779256827,productpage,v1,Running,True
1779256827,productpage,v1,Running,True
1779256827,productpage,v1,Running,True
1779256827,productpage,v1,Running,True
1779256827,productpage,v1,Running,True
1779256827,productpage,v1,Running,True
1779256827,productpage,v1,Running,True
1779256827,productpage,v1,Running,True
1779256827,productpage,v1,Running,True
1779256827,productpage,v1,Running,True
1779256827,productpage,v1,Running,True
1779256827,productpage,v1,Running,True
1779256827,productpage,v1,Running,True
1779256827,ratings,v1,Running,True
1779256827,ratings,v1,Pending,
1779256827,reviews,v1,Running,True
1779256827,reviews,v2,Running,True
1779256827,reviews,v2,Running,True
1779256827,reviews,v2,Running,True
1779256827,reviews,v3,Running,True
1779256827,reviews,v3,Pending,
1779256827,reviews,v3,Running,True
1779256827,reviews,v3,Pending,
1779256827,reviews,v3,Running,True
1779256827,reviews,v3,Running,True
1779256827,reviews,v3,Running,True
1779256827,reviews,v3,Running,True
1779256827,reviews,v3,Running,True
1779256827,reviews,v3,Running,True
1779256828,details,v1,Running,True
1779256828,details,v1,Running,True
1779256828,details,v1,Running,True
1779256828,details,v1,Running,True
1779256828,details,v1,Pending,
1779256828,details,v1,Running,True
1779256828,details,v1,Pending,
1779256828,details,v1,Running,True
1779256828,details,v1,Running,True
1779256828,productpage,v1,Running,True
1779256828,productpage,v1,Running,True
1779256828,productpage,v1,Running,True
1779256828,productpage,v1,Running,True
1779256828,productpage,v1,Running,True
1779256828,productpage,v1,Running,True
1779256828,productpage,v1,Running,True
1779256828,productpage,v1,Running,True
1779256828,productpage,v1,Running,True
1779256828,productpage,v1,Running,True
1779256828,productpage,v1,Running,True
1779256828,productpage,v1,Running,True
1779256828,productpage,v1,Running,True
1779256828,productpage,v1,Running,True
1779256828,productpage,v1,Running,True
1779256828,productpage,v1,Running,True
1779256828,productpage,v1,Running,True
1779256828,productpage,v1,Running,True
1779256828,productpage,v1,Running,True
1779256828,productpage,v1,Running,True
1779256828,ratings,v1,Running,True
1779256828,ratings,v1,Pending,
1779256828,reviews,v1,Running,True
1779256828,reviews,v2,Running,True
1779256828,reviews,v2,Running,True
1779256828,reviews,v2,Running,True
1779256828,reviews,v3,Running,True
1779256828,reviews,v3,Pending,
1779256828,reviews,v3,Running,True
1779256828,reviews,v3,Pending,
1779256828,reviews,v3,Running,True
1779256828,reviews,v3,Running,True
1779256828,reviews,v3,Running,True
1779256828,reviews,v3,Running,True
1779256828,reviews,v3,Running,True
1779256828,reviews,v3,Running,True
1779256829,details,v1,Running,True
1779256829,details,v1,Running,True
1779256829,details,v1,Running,True
1779256829,details,v1,Running,True
1779256829,details,v1,Pending,
1779256829,details,v1,Running,True
1779256829,details,v1,Pending,
1779256829,details,v1,Running,True
1779256829,details,v1,Running,True
1779256829,productpage,v1,Running,True
1779256829,productpage,v1,Running,True
1779256829,productpage,v1,Running,True
1779256829,productpage,v1,Running,True
1779256829,productpage,v1,Running,True
1779256829,productpage,v1,Running,True
1779256829,productpage,v1,Running,True
1779256829,productpage,v1,Running,True
1779256829,productpage,v1,Running,True
1779256829,productpage,v1,Running,True
1779256829,productpage,v1,Running,True
1779256829,productpage,v1,Running,True
1779256829,productpage,v1,Running,True
1779256829,productpage,v1,Running,True
1779256829,productpage,v1,Running,True
1779256829,productpage,v1,Running,True
1779256829,productpage,v1,Running,True
1779256829,productpage,v1,Running,True
1779256829,productpage,v1,Running,True
1779256829,productpage,v1,Running,True
1779256829,ratings,v1,Running,True
1779256829,ratings,v1,Pending,
1779256829,reviews,v1,Running,True
1779256829,reviews,v2,Running,True
1779256829,reviews,v2,Running,True
1779256829,reviews,v2,Running,True
1779256829,reviews,v3,Running,True
1779256829,reviews,v3,Pending,
1779256829,reviews,v3,Running,True
1779256829,reviews,v3,Pending,
1779256829,reviews,v3,Running,True
1779256829,reviews,v3,Running,True
1779256829,reviews,v3,Running,True
1779256829,reviews,v3,Running,True
1779256829,reviews,v3,Running,True
1779256829,reviews,v3,Running,True
1779256830,details,v1,Running,True
1779256830,details,v1,Running,True
1779256830,details,v1,Running,True
1779256830,details,v1,Running,True
1779256830,details,v1,Pending,
1779256830,details,v1,Running,True
1779256830,details,v1,Pending,
1779256830,details,v1,Running,True
1779256830,details,v1,Running,True
1779256830,productpage,v1,Running,True
1779256830,productpage,v1,Running,True
1779256830,productpage,v1,Running,True
1779256830,productpage,v1,Running,True
1779256830,productpage,v1,Running,True
1779256830,productpage,v1,Running,True
1779256830,productpage,v1,Running,True
1779256830,productpage,v1,Running,True
1779256830,productpage,v1,Running,True
1779256830,productpage,v1,Running,True
1779256830,productpage,v1,Running,True
1779256830,productpage,v1,Running,True
1779256830,productpage,v1,Running,True
1779256830,productpage,v1,Running,True
1779256830,productpage,v1,Running,True
1779256830,productpage,v1,Running,True
1779256830,productpage,v1,Running,True
1779256830,productpage,v1,Running,True
1779256830,productpage,v1,Running,True
1779256830,productpage,v1,Running,True
1779256830,ratings,v1,Running,True
1779256830,ratings,v1,Pending,
1779256830,reviews,v1,Running,True
1779256830,reviews,v2,Running,True
1779256830,reviews,v2,Running,True
1779256830,reviews,v2,Running,True
1779256830,reviews,v3,Running,True
1779256830,reviews,v3,Pending,
1779256830,reviews,v3,Running,True
1779256830,reviews,v3,Pending,
1779256830,reviews,v3,Running,True
1779256830,reviews,v3,Running,True
1779256830,reviews,v3,Running,True
1779256830,reviews,v3,Running,True
1779256830,reviews,v3,Running,True
1779256830,reviews,v3,Running,True
1779256832,details,v1,Running,True
1779256832,details,v1,Running,True
1779256832,details,v1,Running,True
1779256832,details,v1,Running,True
1779256832,details,v1,Pending,
1779256832,details,v1,Running,True
1779256832,details,v1,Pending,
1779256832,details,v1,Running,True
1779256832,details,v1,Running,True
1779256832,productpage,v1,Running,True
1779256832,productpage,v1,Running,True
1779256832,productpage,v1,Running,True
1779256832,productpage,v1,Running,True
1779256832,productpage,v1,Running,True
1779256832,productpage,v1,Running,True
1779256832,productpage,v1,Running,True
1779256832,productpage,v1,Running,True
1779256832,productpage,v1,Running,True
1779256832,productpage,v1,Running,True
1779256832,productpage,v1,Running,True
1779256832,productpage,v1,Running,True
1779256832,productpage,v1,Running,True
1779256832,productpage,v1,Running,True
1779256832,productpage,v1,Running,True
1779256832,productpage,v1,Running,True
1779256832,productpage,v1,Running,True
1779256832,productpage,v1,Running,True
1779256832,productpage,v1,Running,True
1779256832,productpage,v1,Running,True
1779256832,ratings,v1,Running,True
1779256832,ratings,v1,Pending,
1779256832,reviews,v1,Running,True
1779256832,reviews,v2,Running,True
1779256832,reviews,v2,Running,True
1779256832,reviews,v2,Running,True
1779256832,reviews,v3,Running,True
1779256832,reviews,v3,Pending,
1779256832,reviews,v3,Running,True
1779256832,reviews,v3,Pending,
1779256832,reviews,v3,Running,True
1779256832,reviews,v3,Running,True
1779256832,reviews,v3,Running,True
1779256832,reviews,v3,Running,True
1779256832,reviews,v3,Running,True
1779256832,reviews,v3,Running,True
1779256833,details,v1,Running,True
1779256833,details,v1,Running,True
1779256833,details,v1,Running,True
1779256833,details,v1,Running,True
1779256833,details,v1,Pending,
1779256833,details,v1,Running,True
1779256833,details,v1,Pending,
1779256833,details,v1,Running,True
1779256833,details,v1,Running,True
1779256833,productpage,v1,Running,True
1779256833,productpage,v1,Running,True
1779256833,productpage,v1,Running,True
1779256833,productpage,v1,Running,True
1779256833,productpage,v1,Running,True
1779256833,productpage,v1,Running,True
1779256833,productpage,v1,Running,True
1779256833,productpage,v1,Running,True
1779256833,productpage,v1,Running,True
1779256833,productpage,v1,Running,True
1779256833,productpage,v1,Running,True
1779256833,productpage,v1,Running,True
1779256833,productpage,v1,Running,True
1779256833,productpage,v1,Running,True
1779256833,productpage,v1,Running,True
1779256833,productpage,v1,Running,True
1779256833,productpage,v1,Running,True
1779256833,productpage,v1,Running,True
1779256833,productpage,v1,Running,True
1779256833,productpage,v1,Running,True
1779256833,ratings,v1,Running,True
1779256833,ratings,v1,Pending,
1779256833,reviews,v1,Running,True
1779256833,reviews,v2,Running,True
1779256833,reviews,v2,Running,True
1779256833,reviews,v2,Running,True
1779256833,reviews,v3,Running,True
1779256833,reviews,v3,Pending,
1779256833,reviews,v3,Running,True
1779256833,reviews,v3,Pending,
1779256833,reviews,v3,Running,True
1779256833,reviews,v3,Running,True
1779256833,reviews,v3,Running,True
1779256833,reviews,v3,Running,True
1779256833,reviews,v3,Running,True
1779256833,reviews,v3,Running,True
1779256834,details,v1,Running,True
1779256834,details,v1,Running,True
1779256834,details,v1,Running,True
1779256834,details,v1,Running,True
1779256834,details,v1,Pending,
1779256834,details,v1,Running,True
1779256834,details,v1,Pending,
1779256834,details,v1,Running,True
1779256834,details,v1,Running,True
1779256834,productpage,v1,Running,True
1779256834,productpage,v1,Running,True
1779256834,productpage,v1,Running,True
1779256834,productpage,v1,Running,True
1779256834,productpage,v1,Running,True
1779256834,productpage,v1,Running,True
1779256834,productpage,v1,Running,True
1779256834,productpage,v1,Running,True
1779256834,productpage,v1,Running,True
1779256834,productpage,v1,Running,True
1779256834,productpage,v1,Running,True
1779256834,productpage,v1,Running,True
1779256834,productpage,v1,Running,True
1779256834,productpage,v1,Running,True
1779256834,productpage,v1,Running,True
1779256834,productpage,v1,Running,True
1779256834,productpage,v1,Running,True
1779256834,productpage,v1,Running,True
1779256834,productpage,v1,Running,True
1779256834,productpage,v1,Running,True
1779256834,ratings,v1,Running,True
1779256834,ratings,v1,Pending,
1779256834,reviews,v1,Running,True
1779256834,reviews,v2,Running,True
1779256834,reviews,v2,Running,True
1779256834,reviews,v2,Running,True
1779256834,reviews,v3,Running,True
1779256834,reviews,v3,Pending,
1779256834,reviews,v3,Running,True
1779256834,reviews,v3,Pending,
1779256834,reviews,v3,Running,True
1779256834,reviews,v3,Running,True
1779256834,reviews,v3,Running,True
1779256834,reviews,v3,Running,True
1779256834,reviews,v3,Running,True
1779256834,reviews,v3,Running,True
1779256835,details,v1,Running,True
1779256835,details,v1,Running,True
1779256835,details,v1,Running,True
1779256835,details,v1,Running,True
1779256835,details,v1,Pending,
1779256835,details,v1,Running,True
1779256835,details,v1,Pending,
1779256835,details,v1,Running,True
1779256835,details,v1,Running,True
1779256835,productpage,v1,Running,True
1779256835,productpage,v1,Running,True
1779256835,productpage,v1,Running,True
1779256835,productpage,v1,Running,True
1779256835,productpage,v1,Running,True
1779256835,productpage,v1,Running,True
1779256835,productpage,v1,Running,True
1779256835,productpage,v1,Running,True
1779256835,productpage,v1,Running,True
1779256835,productpage,v1,Running,True
1779256835,productpage,v1,Running,True
1779256835,productpage,v1,Running,True
1779256835,productpage,v1,Running,True
1779256835,productpage,v1,Running,True
1779256835,productpage,v1,Running,True
1779256835,productpage,v1,Running,True
1779256835,productpage,v1,Running,True
1779256835,productpage,v1,Running,True
1779256835,productpage,v1,Running,True
1779256835,productpage,v1,Running,True
1779256835,ratings,v1,Running,True
1779256835,ratings,v1,Pending,
1779256835,reviews,v1,Running,True
1779256835,reviews,v2,Running,True
1779256835,reviews,v2,Running,True
1779256835,reviews,v2,Running,True
1779256835,reviews,v3,Running,True
1779256835,reviews,v3,Pending,
1779256835,reviews,v3,Running,True
1779256835,reviews,v3,Pending,
1779256835,reviews,v3,Running,True
1779256835,reviews,v3,Running,True
1779256835,reviews,v3,Running,True
1779256835,reviews,v3,Running,True
1779256835,reviews,v3,Running,True
1779256835,reviews,v3,Running,True
1779256836,details,v1,Running,True
1779256836,details,v1,Running,True
1779256836,details,v1,Running,True
1779256836,details,v1,Running,True
1779256836,details,v1,Pending,
1779256836,details,v1,Running,True
1779256836,details,v1,Pending,
1779256836,details,v1,Running,True
1779256836,details,v1,Running,True
1779256836,productpage,v1,Running,True
1779256836,productpage,v1,Running,True
1779256836,productpage,v1,Running,True
1779256836,productpage,v1,Running,True
1779256836,productpage,v1,Running,True
1779256836,productpage,v1,Running,True
1779256836,productpage,v1,Running,True
1779256836,productpage,v1,Running,True
1779256836,productpage,v1,Running,True
1779256836,productpage,v1,Running,True
1779256836,productpage,v1,Running,True
1779256836,productpage,v1,Running,True
1779256836,productpage,v1,Running,True
1779256836,productpage,v1,Running,True
1779256836,productpage,v1,Running,True
1779256836,productpage,v1,Running,True
1779256836,productpage,v1,Running,True
1779256836,productpage,v1,Running,True
1779256836,productpage,v1,Running,True
1779256836,productpage,v1,Running,True
1779256836,ratings,v1,Running,True
1779256836,ratings,v1,Pending,
1779256836,reviews,v1,Running,True
1779256836,reviews,v2,Running,True
1779256836,reviews,v2,Running,True
1779256836,reviews,v2,Running,True
1779256836,reviews,v3,Running,True
1779256836,reviews,v3,Pending,
1779256836,reviews,v3,Running,True
1779256836,reviews,v3,Pending,
1779256836,reviews,v3,Running,True
1779256836,reviews,v3,Running,True
1779256836,reviews,v3,Running,True
1779256836,reviews,v3,Running,True
1779256836,reviews,v3,Running,True
1779256836,reviews,v3,Running,True
1779256837,details,v1,Running,True
1779256837,details,v1,Running,True
1779256837,details,v1,Running,True
1779256837,details,v1,Running,True
1779256837,details,v1,Pending,
1779256837,details,v1,Running,True
1779256837,details,v1,Pending,
1779256837,details,v1,Running,True
1779256837,details,v1,Running,True
1779256837,productpage,v1,Running,True
1779256837,productpage,v1,Running,True
1779256837,productpage,v1,Running,True
1779256837,productpage,v1,Running,True
1779256837,productpage,v1,Running,True
1779256837,productpage,v1,Running,True
1779256837,productpage,v1,Running,True
1779256837,productpage,v1,Running,True
1779256837,productpage,v1,Running,True
1779256837,productpage,v1,Running,True
1779256837,productpage,v1,Running,True
1779256837,productpage,v1,Running,True
1779256837,productpage,v1,Running,True
1779256837,productpage,v1,Running,True
1779256837,productpage,v1,Running,True
1779256837,productpage,v1,Running,True
1779256837,productpage,v1,Running,True
1779256837,productpage,v1,Running,True
1779256837,productpage,v1,Running,True
1779256837,productpage,v1,Running,True
1779256837,ratings,v1,Running,True
1779256837,ratings,v1,Pending,
1779256837,reviews,v1,Running,True
1779256837,reviews,v2,Running,True
1779256837,reviews,v2,Running,True
1779256837,reviews,v2,Running,True
1779256837,reviews,v3,Running,True
1779256837,reviews,v3,Pending,
1779256837,reviews,v3,Running,True
1779256837,reviews,v3,Pending,
1779256837,reviews,v3,Running,True
1779256837,reviews,v3,Running,True
1779256837,reviews,v3,Running,True
1779256837,reviews,v3,Running,True
1779256837,reviews,v3,Running,True
1779256837,reviews,v3,Running,True
1779256838,details,v1,Running,True
1779256838,details,v1,Running,True
1779256838,details,v1,Running,True
1779256838,details,v1,Running,True
1779256838,details,v1,Pending,
1779256838,details,v1,Running,True
1779256838,details,v1,Pending,
1779256838,details,v1,Running,True
1779256838,details,v1,Running,True
1779256838,productpage,v1,Running,True
1779256838,productpage,v1,Running,True
1779256838,productpage,v1,Running,True
1779256838,productpage,v1,Running,True
1779256838,productpage,v1,Running,True
1779256838,productpage,v1,Running,True
1779256838,productpage,v1,Running,True
1779256838,productpage,v1,Running,True
1779256838,productpage,v1,Running,True
1779256838,productpage,v1,Running,True
1779256838,productpage,v1,Running,True
1779256838,productpage,v1,Running,True
1779256838,productpage,v1,Running,True
1779256838,productpage,v1,Running,True
1779256838,productpage,v1,Running,True
1779256838,productpage,v1,Running,True
1779256838,productpage,v1,Running,True
1779256838,productpage,v1,Running,True
1779256838,productpage,v1,Running,True
1779256838,productpage,v1,Running,True
1779256838,ratings,v1,Running,True
1779256838,ratings,v1,Pending,
1779256838,reviews,v1,Running,True
1779256838,reviews,v2,Running,True
1779256838,reviews,v2,Running,True
1779256838,reviews,v2,Running,True
1779256838,reviews,v3,Running,True
1779256838,reviews,v3,Pending,
1779256838,reviews,v3,Running,True
1779256838,reviews,v3,Pending,
1779256838,reviews,v3,Running,True
1779256838,reviews,v3,Running,True
1779256838,reviews,v3,Running,True
1779256838,reviews,v3,Running,True
1779256838,reviews,v3,Running,True
1779256838,reviews,v3,Running,True
1779256839,details,v1,Running,True
1779256839,details,v1,Running,True
1779256839,details,v1,Running,True
1779256839,details,v1,Running,True
1779256839,details,v1,Pending,
1779256839,details,v1,Running,True
1779256839,details,v1,Pending,
1779256839,details,v1,Running,True
1779256839,details,v1,Running,True
1779256839,productpage,v1,Running,True
1779256839,productpage,v1,Running,True
1779256839,productpage,v1,Running,True
1779256839,productpage,v1,Running,True
1779256839,productpage,v1,Running,True
1779256839,productpage,v1,Running,True
1779256839,productpage,v1,Running,True
1779256839,productpage,v1,Running,True
1779256839,productpage,v1,Running,True
1779256839,productpage,v1,Running,True
1779256839,productpage,v1,Running,True
1779256839,productpage,v1,Running,True
1779256839,productpage,v1,Running,True
1779256839,productpage,v1,Running,True
1779256839,productpage,v1,Running,True
1779256839,productpage,v1,Running,True
1779256839,productpage,v1,Running,True
1779256839,productpage,v1,Running,True
1779256839,productpage,v1,Running,True
1779256839,productpage,v1,Running,True
1779256839,ratings,v1,Running,True
1779256839,ratings,v1,Pending,
1779256839,reviews,v1,Running,True
1779256839,reviews,v2,Running,True
1779256839,reviews,v2,Running,True
1779256839,reviews,v2,Running,True
1779256839,reviews,v3,Running,True
1779256839,reviews,v3,Pending,
1779256839,reviews,v3,Running,True
1779256839,reviews,v3,Pending,
1779256839,reviews,v3,Running,True
1779256839,reviews,v3,Running,True
1779256839,reviews,v3,Running,True
1779256839,reviews,v3,Running,True
1779256839,reviews,v3,Running,True
1779256839,reviews,v3,Running,True
1779256840,details,v1,Running,True
1779256840,details,v1,Running,True
1779256840,details,v1,Running,True
1779256840,details,v1,Running,True
1779256840,details,v1,Pending,
1779256840,details,v1,Running,True
1779256840,details,v1,Pending,
1779256840,details,v1,Running,True
1779256840,details,v1,Running,True
1779256840,productpage,v1,Running,True
1779256840,productpage,v1,Running,True
1779256840,productpage,v1,Running,True
1779256840,productpage,v1,Running,True
1779256840,productpage,v1,Running,True
1779256840,productpage,v1,Running,True
1779256840,productpage,v1,Running,True
1779256840,productpage,v1,Running,True
1779256840,productpage,v1,Running,True
1779256840,productpage,v1,Running,True
1779256840,productpage,v1,Running,True
1779256840,productpage,v1,Running,True
1779256840,productpage,v1,Running,True
1779256840,productpage,v1,Running,True
1779256840,productpage,v1,Running,True
1779256840,productpage,v1,Running,True
1779256840,productpage,v1,Running,True
1779256840,productpage,v1,Running,True
1779256840,productpage,v1,Running,True
1779256840,productpage,v1,Running,True
1779256840,ratings,v1,Running,True
1779256840,ratings,v1,Pending,
1779256840,reviews,v1,Running,True
1779256840,reviews,v2,Running,True
1779256840,reviews,v2,Running,True
1779256840,reviews,v2,Running,True
1779256840,reviews,v3,Running,True
1779256840,reviews,v3,Pending,
1779256840,reviews,v3,Running,True
1779256840,reviews,v3,Pending,
1779256840,reviews,v3,Running,True
1779256840,reviews,v3,Running,True
1779256840,reviews,v3,Running,True
1779256840,reviews,v3,Running,True
1779256840,reviews,v3,Running,True
1779256840,reviews,v3,Running,True
1779256841,details,v1,Running,True
1779256841,details,v1,Running,True
1779256841,details,v1,Running,True
1779256841,details,v1,Running,True
1779256841,details,v1,Pending,
1779256841,details,v1,Running,True
1779256841,details,v1,Pending,
1779256841,details,v1,Running,True
1779256841,details,v1,Running,True
1779256841,productpage,v1,Running,True
1779256841,productpage,v1,Running,True
1779256841,productpage,v1,Running,True
1779256841,productpage,v1,Running,True
1779256841,productpage,v1,Running,True
1779256841,productpage,v1,Running,True
1779256841,productpage,v1,Running,True
1779256841,productpage,v1,Running,True
1779256841,productpage,v1,Running,True
1779256841,productpage,v1,Running,True
1779256841,productpage,v1,Running,True
1779256841,productpage,v1,Running,True
1779256841,productpage,v1,Running,True
1779256841,productpage,v1,Running,True
1779256841,productpage,v1,Running,True
1779256841,productpage,v1,Running,True
1779256841,productpage,v1,Running,True
1779256841,productpage,v1,Running,True
1779256841,productpage,v1,Running,True
1779256841,productpage,v1,Running,True
1779256841,ratings,v1,Running,True
1779256841,ratings,v1,Pending,
1779256841,reviews,v1,Running,True
1779256841,reviews,v2,Running,True
1779256841,reviews,v2,Running,True
1779256841,reviews,v2,Running,True
1779256841,reviews,v3,Running,True
1779256841,reviews,v3,Pending,
1779256841,reviews,v3,Running,True
1779256841,reviews,v3,Pending,
1779256841,reviews,v3,Running,True
1779256841,reviews,v3,Running,True
1779256841,reviews,v3,Running,True
1779256841,reviews,v3,Running,True
1779256841,reviews,v3,Running,True
1779256841,reviews,v3,Running,True
1779256842,details,v1,Running,True
1779256842,details,v1,Running,True
1779256842,details,v1,Running,True
1779256842,details,v1,Running,True
1779256842,details,v1,Pending,
1779256842,details,v1,Running,True
1779256842,details,v1,Pending,
1779256842,details,v1,Running,True
1779256842,details,v1,Running,True
1779256842,productpage,v1,Running,True
1779256842,productpage,v1,Running,True
1779256842,productpage,v1,Running,True
1779256842,productpage,v1,Running,True
1779256842,productpage,v1,Running,True
1779256842,productpage,v1,Running,True
1779256842,productpage,v1,Running,True
1779256842,productpage,v1,Running,True
1779256842,productpage,v1,Running,True
1779256842,productpage,v1,Running,True
1779256842,productpage,v1,Running,True
1779256842,productpage,v1,Running,True
1779256842,productpage,v1,Running,True
1779256842,productpage,v1,Running,True
1779256842,productpage,v1,Running,True
1779256842,productpage,v1,Running,True
1779256842,productpage,v1,Running,True
1779256842,productpage,v1,Running,True
1779256842,productpage,v1,Running,True
1779256842,productpage,v1,Running,True
1779256842,ratings,v1,Running,True
1779256842,ratings,v1,Pending,
1779256842,reviews,v1,Running,True
1779256842,reviews,v2,Running,True
1779256842,reviews,v2,Running,True
1779256842,reviews,v2,Running,True
1779256842,reviews,v3,Running,True
1779256842,reviews,v3,Pending,
1779256842,reviews,v3,Running,True
1779256842,reviews,v3,Pending,
1779256842,reviews,v3,Running,True
1779256842,reviews,v3,Running,True
1779256842,reviews,v3,Running,True
1779256842,reviews,v3,Running,True
1779256842,reviews,v3,Running,True
1779256842,reviews,v3,Running,True
1779256843,details,v1,Running,True
1779256843,details,v1,Running,True
1779256843,details,v1,Running,True
1779256843,details,v1,Running,True
1779256843,details,v1,Pending,
1779256843,details,v1,Running,True
1779256843,details,v1,Pending,
1779256843,details,v1,Running,True
1779256843,details,v1,Running,True
1779256843,productpage,v1,Running,True
1779256843,productpage,v1,Running,True
1779256843,productpage,v1,Running,True
1779256843,productpage,v1,Running,True
1779256843,productpage,v1,Running,True
1779256843,productpage,v1,Running,True
1779256843,productpage,v1,Running,True
1779256843,productpage,v1,Running,True
1779256843,productpage,v1,Running,True
1779256843,productpage,v1,Running,True
1779256843,productpage,v1,Running,True
1779256843,productpage,v1,Running,True
1779256843,productpage,v1,Running,True
1779256843,productpage,v1,Running,True
1779256843,productpage,v1,Running,True
1779256843,productpage,v1,Running,True
1779256843,productpage,v1,Running,True
1779256843,productpage,v1,Running,True
1779256843,productpage,v1,Running,True
1779256843,productpage,v1,Running,True
1779256843,ratings,v1,Running,True
1779256843,ratings,v1,Pending,
1779256843,reviews,v1,Running,True
1779256843,reviews,v2,Running,True
1779256843,reviews,v2,Running,True
1779256843,reviews,v2,Running,True
1779256843,reviews,v3,Running,True
1779256843,reviews,v3,Pending,
1779256843,reviews,v3,Running,True
1779256843,reviews,v3,Pending,
1779256843,reviews,v3,Running,True
1779256843,reviews,v3,Running,True
1779256843,reviews,v3,Running,True
1779256843,reviews,v3,Running,True
1779256843,reviews,v3,Running,True
1779256843,reviews,v3,Running,True
1779256844,details,v1,Running,True
1779256844,details,v1,Running,True
1779256844,details,v1,Running,True
1779256844,details,v1,Running,True
1779256844,details,v1,Pending,
1779256844,details,v1,Running,True
1779256844,details,v1,Pending,
1779256844,details,v1,Running,True
1779256844,details,v1,Running,True
1779256844,productpage,v1,Running,True
1779256844,productpage,v1,Running,True
1779256844,productpage,v1,Running,True
1779256844,productpage,v1,Running,True
1779256844,productpage,v1,Running,True
1779256844,productpage,v1,Running,True
1779256844,productpage,v1,Running,True
1779256844,productpage,v1,Running,True
1779256844,productpage,v1,Running,True
1779256844,productpage,v1,Running,True
1779256844,productpage,v1,Running,True
1779256844,productpage,v1,Running,True
1779256844,productpage,v1,Running,True
1779256844,productpage,v1,Running,True
1779256844,productpage,v1,Running,True
1779256844,productpage,v1,Running,True
1779256844,productpage,v1,Running,True
1779256844,productpage,v1,Running,True
1779256844,productpage,v1,Running,True
1779256844,productpage,v1,Running,True
1779256844,ratings,v1,Running,True
1779256844,ratings,v1,Pending,
1779256844,reviews,v1,Running,True
1779256844,reviews,v2,Running,True
1779256844,reviews,v2,Running,True
1779256844,reviews,v2,Running,True
1779256844,reviews,v3,Running,True
1779256844,reviews,v3,Pending,
1779256844,reviews,v3,Running,True
1779256844,reviews,v3,Pending,
1779256844,reviews,v3,Running,True
1779256844,reviews,v3,Running,True
1779256844,reviews,v3,Running,True
1779256844,reviews,v3,Running,True
1779256844,reviews,v3,Running,True
1779256844,reviews,v3,Running,True
1779256845,details,v1,Running,True
1779256845,details,v1,Running,True
1779256845,details,v1,Running,True
1779256845,details,v1,Running,True
1779256845,details,v1,Pending,
1779256845,details,v1,Running,True
1779256845,details,v1,Pending,
1779256845,details,v1,Running,True
1779256845,details,v1,Running,True
1779256845,productpage,v1,Running,True
1779256845,productpage,v1,Running,True
1779256845,productpage,v1,Running,True
1779256845,productpage,v1,Running,True
1779256845,productpage,v1,Running,True
1779256845,productpage,v1,Running,True
1779256845,productpage,v1,Running,True
1779256845,productpage,v1,Running,True
1779256845,productpage,v1,Running,True
1779256845,productpage,v1,Running,True
1779256845,productpage,v1,Running,True
1779256845,productpage,v1,Running,True
1779256845,productpage,v1,Running,True
1779256845,productpage,v1,Running,True
1779256845,productpage,v1,Running,True
1779256845,productpage,v1,Running,True
1779256845,productpage,v1,Running,True
1779256845,productpage,v1,Running,True
1779256845,productpage,v1,Running,True
1779256845,productpage,v1,Running,True
1779256845,ratings,v1,Running,True
1779256845,ratings,v1,Pending,
1779256845,reviews,v1,Running,True
1779256845,reviews,v2,Running,True
1779256845,reviews,v2,Running,True
1779256845,reviews,v2,Running,True
1779256845,reviews,v3,Running,True
1779256845,reviews,v3,Pending,
1779256845,reviews,v3,Running,True
1779256845,reviews,v3,Pending,
1779256845,reviews,v3,Running,True
1779256845,reviews,v3,Running,True
1779256845,reviews,v3,Running,True
1779256845,reviews,v3,Running,True
1779256845,reviews,v3,Running,True
1779256845,reviews,v3,Running,True
1779256846,details,v1,Running,True
1779256846,details,v1,Running,True
1779256846,details,v1,Running,True
1779256846,details,v1,Running,True
1779256846,details,v1,Pending,
1779256846,details,v1,Running,True
1779256846,details,v1,Pending,
1779256846,details,v1,Running,True
1779256846,details,v1,Running,True
1779256846,productpage,v1,Running,True
1779256846,productpage,v1,Running,True
1779256846,productpage,v1,Running,True
1779256846,productpage,v1,Running,True
1779256846,productpage,v1,Running,True
1779256846,productpage,v1,Running,True
1779256846,productpage,v1,Running,True
1779256846,productpage,v1,Running,True
1779256846,productpage,v1,Running,True
1779256846,productpage,v1,Running,True
1779256846,productpage,v1,Running,True
1779256846,productpage,v1,Running,True
1779256846,productpage,v1,Running,True
1779256846,productpage,v1,Running,True
1779256846,productpage,v1,Running,True
1779256846,productpage,v1,Running,True
1779256846,productpage,v1,Running,True
1779256846,productpage,v1,Running,True
1779256846,productpage,v1,Running,True
1779256846,productpage,v1,Running,True
1779256846,ratings,v1,Running,True
1779256846,ratings,v1,Pending,
1779256846,reviews,v1,Running,True
1779256846,reviews,v2,Running,True
1779256846,reviews,v2,Running,True
1779256846,reviews,v2,Running,True
1779256846,reviews,v3,Running,True
1779256846,reviews,v3,Pending,
1779256846,reviews,v3,Running,True
1779256846,reviews,v3,Pending,
1779256846,reviews,v3,Running,True
1779256846,reviews,v3,Running,True
1779256846,reviews,v3,Running,True
1779256846,reviews,v3,Running,True
1779256846,reviews,v3,Running,True
1779256846,reviews,v3,Running,True
1779256847,details,v1,Running,True
1779256847,details,v1,Running,True
1779256847,details,v1,Running,True
1779256847,details,v1,Running,True
1779256847,details,v1,Pending,
1779256847,details,v1,Running,True
1779256847,details,v1,Pending,
1779256847,details,v1,Running,True
1779256847,details,v1,Running,True
1779256847,productpage,v1,Running,True
1779256847,productpage,v1,Running,True
1779256847,productpage,v1,Running,True
1779256847,productpage,v1,Running,True
1779256847,productpage,v1,Running,True
1779256847,productpage,v1,Running,True
1779256847,productpage,v1,Running,True
1779256847,productpage,v1,Running,True
1779256847,productpage,v1,Running,True
1779256847,productpage,v1,Running,True
1779256847,productpage,v1,Running,True
1779256847,productpage,v1,Running,True
1779256847,productpage,v1,Running,True
1779256847,productpage,v1,Running,True
1779256847,productpage,v1,Running,True
1779256847,productpage,v1,Running,True
1779256847,productpage,v1,Running,True
1779256847,productpage,v1,Running,True
1779256847,productpage,v1,Running,True
1779256847,productpage,v1,Running,True
1779256847,ratings,v1,Running,True
1779256847,ratings,v1,Pending,
1779256847,reviews,v1,Running,True
1779256847,reviews,v2,Running,True
1779256847,reviews,v2,Running,True
1779256847,reviews,v2,Running,True
1779256847,reviews,v3,Running,True
1779256847,reviews,v3,Pending,
1779256847,reviews,v3,Running,True
1779256847,reviews,v3,Pending,
1779256847,reviews,v3,Running,True
1779256847,reviews,v3,Running,True
1779256847,reviews,v3,Running,True
1779256847,reviews,v3,Running,True
1779256847,reviews,v3,Running,True
1779256847,reviews,v3,Running,True
1779256848,details,v1,Running,True
1779256848,details,v1,Running,True
1779256848,details,v1,Running,True
1779256848,details,v1,Running,True
1779256848,details,v1,Pending,
1779256848,details,v1,Running,True
1779256848,details,v1,Pending,
1779256848,details,v1,Running,True
1779256848,details,v1,Running,True
1779256848,productpage,v1,Running,True
1779256848,productpage,v1,Running,True
1779256848,productpage,v1,Running,True
1779256848,productpage,v1,Running,True
1779256848,productpage,v1,Running,True
1779256848,productpage,v1,Running,True
1779256848,productpage,v1,Running,True
1779256848,productpage,v1,Running,True
1779256848,productpage,v1,Running,True
1779256848,productpage,v1,Running,True
1779256848,productpage,v1,Running,True
1779256848,productpage,v1,Running,True
1779256848,productpage,v1,Running,True
1779256848,productpage,v1,Running,True
1779256848,productpage,v1,Running,True
1779256848,productpage,v1,Running,True
1779256848,productpage,v1,Running,True
1779256848,productpage,v1,Running,True
1779256848,productpage,v1,Running,True
1779256848,productpage,v1,Running,True
1779256848,ratings,v1,Running,True
1779256848,ratings,v1,Pending,
1779256848,reviews,v1,Running,True
1779256848,reviews,v2,Running,True
1779256848,reviews,v2,Running,True
1779256848,reviews,v2,Running,True
1779256848,reviews,v3,Running,True
1779256848,reviews,v3,Pending,
1779256848,reviews,v3,Running,True
1779256848,reviews,v3,Pending,
1779256848,reviews,v3,Running,True
1779256848,reviews,v3,Running,True
1779256848,reviews,v3,Running,True
1779256848,reviews,v3,Running,True
1779256848,reviews,v3,Running,True
1779256848,reviews,v3,Running,True
1779256849,details,v1,Running,True
1779256849,details,v1,Running,True
1779256849,details,v1,Running,True
1779256849,details,v1,Running,True
1779256849,details,v1,Pending,
1779256849,details,v1,Running,True
1779256849,details,v1,Pending,
1779256849,details,v1,Running,True
1779256849,details,v1,Running,True
1779256849,productpage,v1,Running,True
1779256849,productpage,v1,Running,True
1779256849,productpage,v1,Running,True
1779256849,productpage,v1,Running,True
1779256849,productpage,v1,Running,True
1779256849,productpage,v1,Running,True
1779256849,productpage,v1,Running,True
1779256849,productpage,v1,Running,True
1779256849,productpage,v1,Running,True
1779256849,productpage,v1,Running,True
1779256849,productpage,v1,Running,True
1779256849,productpage,v1,Running,True
1779256849,productpage,v1,Running,True
1779256849,productpage,v1,Running,True
1779256849,productpage,v1,Running,True
1779256849,productpage,v1,Running,True
1779256849,productpage,v1,Running,True
1779256849,productpage,v1,Running,True
1779256849,productpage,v1,Running,True
1779256849,productpage,v1,Running,True
1779256849,ratings,v1,Running,True
1779256849,ratings,v1,Pending,
1779256849,reviews,v1,Running,True
1779256849,reviews,v2,Running,True
1779256849,reviews,v2,Running,True
1779256849,reviews,v2,Running,True
1779256849,reviews,v3,Running,True
1779256849,reviews,v3,Pending,
1779256849,reviews,v3,Running,True
1779256849,reviews,v3,Pending,
1779256849,reviews,v3,Running,True
1779256849,reviews,v3,Running,True
1779256849,reviews,v3,Running,True
1779256849,reviews,v3,Running,True
1779256849,reviews,v3,Running,True
1779256849,reviews,v3,Running,True
1779256850,details,v1,Running,True
1779256850,details,v1,Running,True
1779256850,details,v1,Running,True
1779256850,details,v1,Running,True
1779256850,details,v1,Pending,
1779256850,details,v1,Running,True
1779256850,details,v1,Pending,
1779256850,details,v1,Running,True
1779256850,details,v1,Running,True
1779256850,productpage,v1,Running,True
1779256850,productpage,v1,Running,True
1779256850,productpage,v1,Running,True
1779256850,productpage,v1,Running,True
1779256850,productpage,v1,Running,True
1779256850,productpage,v1,Running,True
1779256850,productpage,v1,Running,True
1779256850,productpage,v1,Running,True
1779256850,productpage,v1,Running,True
1779256850,productpage,v1,Running,True
1779256850,productpage,v1,Running,True
1779256850,productpage,v1,Running,True
1779256850,productpage,v1,Running,True
1779256850,productpage,v1,Running,True
1779256850,productpage,v1,Running,True
1779256850,productpage,v1,Running,True
1779256850,productpage,v1,Running,True
1779256850,productpage,v1,Running,True
1779256850,productpage,v1,Running,True
1779256850,productpage,v1,Running,True
1779256850,ratings,v1,Running,True
1779256850,ratings,v1,Pending,
1779256850,reviews,v1,Running,True
1779256850,reviews,v2,Running,True
1779256850,reviews,v2,Running,True
1779256850,reviews,v2,Running,True
1779256850,reviews,v3,Running,True
1779256850,reviews,v3,Pending,
1779256850,reviews,v3,Running,True
1779256850,reviews,v3,Pending,
1779256850,reviews,v3,Running,True
1779256850,reviews,v3,Running,True
1779256850,reviews,v3,Running,True
1779256850,reviews,v3,Running,True
1779256850,reviews,v3,Running,True
1779256850,reviews,v3,Running,True
1779256851,details,v1,Running,True
1779256851,details,v1,Running,True
1779256851,details,v1,Running,True
1779256851,details,v1,Running,True
1779256851,details,v1,Pending,
1779256851,details,v1,Running,True
1779256851,details,v1,Pending,
1779256851,details,v1,Running,True
1779256851,details,v1,Running,True
1779256851,productpage,v1,Running,True
1779256851,productpage,v1,Running,True
1779256851,productpage,v1,Running,True
1779256851,productpage,v1,Running,True
1779256851,productpage,v1,Running,True
1779256851,productpage,v1,Running,True
1779256851,productpage,v1,Running,True
1779256851,productpage,v1,Running,True
1779256851,productpage,v1,Running,True
1779256851,productpage,v1,Running,True
1779256851,productpage,v1,Running,True
1779256851,productpage,v1,Running,True
1779256851,productpage,v1,Running,True
1779256851,productpage,v1,Running,True
1779256851,productpage,v1,Running,True
1779256851,productpage,v1,Running,True
1779256851,productpage,v1,Running,True
1779256851,productpage,v1,Running,True
1779256851,productpage,v1,Running,True
1779256851,productpage,v1,Running,True
1779256851,ratings,v1,Running,True
1779256851,ratings,v1,Pending,
1779256851,reviews,v1,Running,True
1779256851,reviews,v2,Running,True
1779256851,reviews,v2,Running,True
1779256851,reviews,v2,Running,True
1779256851,reviews,v3,Running,True
1779256851,reviews,v3,Pending,
1779256851,reviews,v3,Running,True
1779256851,reviews,v3,Pending,
1779256851,reviews,v3,Running,True
1779256851,reviews,v3,Running,True
1779256851,reviews,v3,Running,True
1779256851,reviews,v3,Running,True
1779256851,reviews,v3,Running,True
1779256851,reviews,v3,Running,True
1779256852,details,v1,Running,True
1779256852,details,v1,Running,True
1779256852,details,v1,Running,True
1779256852,details,v1,Running,True
1779256852,details,v1,Pending,
1779256852,details,v1,Running,True
1779256852,details,v1,Pending,
1779256852,details,v1,Running,True
1779256852,details,v1,Running,True
1779256852,productpage,v1,Running,True
1779256852,productpage,v1,Running,True
1779256852,productpage,v1,Running,True
1779256852,productpage,v1,Running,True
1779256852,productpage,v1,Running,True
1779256852,productpage,v1,Running,True
1779256852,productpage,v1,Running,True
1779256852,productpage,v1,Running,True
1779256852,productpage,v1,Running,True
1779256852,productpage,v1,Running,True
1779256852,productpage,v1,Running,True
1779256852,productpage,v1,Running,True
1779256852,productpage,v1,Running,True
1779256852,productpage,v1,Running,True
1779256852,productpage,v1,Running,True
1779256852,productpage,v1,Running,True
1779256852,productpage,v1,Running,True
1779256852,productpage,v1,Running,True
1779256852,productpage,v1,Running,True
1779256852,productpage,v1,Running,True
1779256852,ratings,v1,Running,True
1779256852,ratings,v1,Pending,
1779256852,reviews,v1,Running,True
1779256852,reviews,v2,Running,True
1779256852,reviews,v2,Running,True
1779256852,reviews,v2,Running,True
1779256852,reviews,v3,Running,True
1779256852,reviews,v3,Pending,
1779256852,reviews,v3,Running,True
1779256852,reviews,v3,Pending,
1779256852,reviews,v3,Running,True
1779256852,reviews,v3,Running,True
1779256852,reviews,v3,Running,True
1779256852,reviews,v3,Running,True
1779256852,reviews,v3,Running,True
1779256852,reviews,v3,Running,True
1779256853,details,v1,Running,True
1779256853,details,v1,Running,True
1779256853,details,v1,Running,True
1779256853,details,v1,Running,True
1779256853,details,v1,Pending,
1779256853,details,v1,Running,True
1779256853,details,v1,Pending,
1779256853,details,v1,Running,True
1779256853,details,v1,Running,True
1779256853,productpage,v1,Running,True
1779256853,productpage,v1,Running,True
1779256853,productpage,v1,Running,True
1779256853,productpage,v1,Running,True
1779256853,productpage,v1,Running,True
1779256853,productpage,v1,Running,True
1779256853,productpage,v1,Running,True
1779256853,productpage,v1,Running,True
1779256853,productpage,v1,Running,True
1779256853,productpage,v1,Running,True
1779256853,productpage,v1,Running,True
1779256853,productpage,v1,Running,True
1779256853,productpage,v1,Running,True
1779256853,productpage,v1,Running,True
1779256853,productpage,v1,Running,True
1779256853,productpage,v1,Running,True
1779256853,productpage,v1,Running,True
1779256853,productpage,v1,Running,True
1779256853,productpage,v1,Running,True
1779256853,productpage,v1,Running,True
1779256853,ratings,v1,Running,True
1779256853,ratings,v1,Pending,
1779256853,reviews,v1,Running,True
1779256853,reviews,v2,Running,True
1779256853,reviews,v2,Running,True
1779256853,reviews,v2,Running,True
1779256853,reviews,v3,Running,True
1779256853,reviews,v3,Pending,
1779256853,reviews,v3,Running,True
1779256853,reviews,v3,Pending,
1779256853,reviews,v3,Running,True
1779256853,reviews,v3,Running,True
1779256853,reviews,v3,Running,True
1779256853,reviews,v3,Running,True
1779256853,reviews,v3,Running,True
1779256853,reviews,v3,Running,True
1779256854,details,v1,Running,True
1779256854,details,v1,Running,True
1779256854,details,v1,Running,True
1779256854,details,v1,Running,True
1779256854,details,v1,Pending,
1779256854,details,v1,Running,True
1779256854,details,v1,Pending,
1779256854,details,v1,Running,True
1779256854,details,v1,Running,True
1779256854,productpage,v1,Running,True
1779256854,productpage,v1,Running,True
1779256854,productpage,v1,Running,True
1779256854,productpage,v1,Running,True
1779256854,productpage,v1,Running,True
1779256854,productpage,v1,Running,True
1779256854,productpage,v1,Running,True
1779256854,productpage,v1,Running,True
1779256854,productpage,v1,Running,True
1779256854,productpage,v1,Running,True
1779256854,productpage,v1,Running,True
1779256854,productpage,v1,Running,True
1779256854,productpage,v1,Running,True
1779256854,productpage,v1,Running,True
1779256854,productpage,v1,Running,True
1779256854,productpage,v1,Running,True
1779256854,productpage,v1,Running,True
1779256854,productpage,v1,Running,True
1779256854,productpage,v1,Running,True
1779256854,productpage,v1,Running,True
1779256854,ratings,v1,Running,True
1779256854,ratings,v1,Pending,
1779256854,reviews,v1,Running,True
1779256854,reviews,v2,Running,True
1779256854,reviews,v2,Running,True
1779256854,reviews,v2,Running,True
1779256854,reviews,v3,Running,True
1779256854,reviews,v3,Pending,
1779256854,reviews,v3,Running,True
1779256854,reviews,v3,Pending,
1779256854,reviews,v3,Running,True
1779256854,reviews,v3,Running,True
1779256854,reviews,v3,Running,True
1779256854,reviews,v3,Running,True
1779256854,reviews,v3,Running,True
1779256854,reviews,v3,Running,True
1779256855,details,v1,Running,True
1779256855,details,v1,Running,True
1779256855,details,v1,Running,True
1779256855,details,v1,Running,True
1779256855,details,v1,Pending,
1779256855,details,v1,Running,True
1779256855,details,v1,Pending,
1779256855,details,v1,Running,True
1779256855,details,v1,Running,True
1779256855,productpage,v1,Running,True
1779256855,productpage,v1,Running,True
1779256855,productpage,v1,Running,True
1779256855,productpage,v1,Running,True
1779256855,productpage,v1,Running,True
1779256855,productpage,v1,Running,True
1779256855,productpage,v1,Running,True
1779256855,productpage,v1,Running,True
1779256855,productpage,v1,Running,True
1779256855,productpage,v1,Running,True
1779256855,productpage,v1,Running,True
1779256855,productpage,v1,Running,True
1779256855,productpage,v1,Running,True
1779256855,productpage,v1,Running,True
1779256855,productpage,v1,Running,True
1779256855,productpage,v1,Running,True
1779256855,productpage,v1,Running,True
1779256855,productpage,v1,Running,True
1779256855,productpage,v1,Running,True
1779256855,productpage,v1,Running,True
1779256855,ratings,v1,Running,True
1779256855,ratings,v1,Pending,
1779256855,reviews,v1,Running,True
1779256855,reviews,v2,Running,True
1779256855,reviews,v2,Running,True
1779256855,reviews,v2,Running,True
1779256855,reviews,v3,Running,True
1779256855,reviews,v3,Pending,
1779256855,reviews,v3,Running,True
1779256855,reviews,v3,Pending,
1779256855,reviews,v3,Running,True
1779256855,reviews,v3,Running,True
1779256855,reviews,v3,Running,True
1779256855,reviews,v3,Running,True
1779256855,reviews,v3,Running,True
1779256855,reviews,v3,Running,True
1779256856,details,v1,Running,True
1779256856,details,v1,Running,True
1779256856,details,v1,Running,True
1779256856,details,v1,Running,True
1779256856,details,v1,Pending,
1779256856,details,v1,Running,True
1779256856,details,v1,Pending,
1779256856,details,v1,Running,True
1779256856,details,v1,Running,True
1779256856,productpage,v1,Running,True
1779256856,productpage,v1,Running,True
1779256856,productpage,v1,Running,True
1779256856,productpage,v1,Running,True
1779256856,productpage,v1,Running,True
1779256856,productpage,v1,Running,True
1779256856,productpage,v1,Running,True
1779256856,productpage,v1,Running,True
1779256856,productpage,v1,Running,True
1779256856,productpage,v1,Running,True
1779256856,productpage,v1,Running,True
1779256856,productpage,v1,Running,True
1779256856,productpage,v1,Running,True
1779256856,productpage,v1,Running,True
1779256856,productpage,v1,Running,True
1779256856,productpage,v1,Running,True
1779256856,productpage,v1,Running,True
1779256856,productpage,v1,Running,True
1779256856,productpage,v1,Running,True
1779256856,productpage,v1,Running,True
1779256856,ratings,v1,Running,True
1779256856,ratings,v1,Pending,
1779256856,reviews,v1,Running,True
1779256856,reviews,v2,Running,True
1779256856,reviews,v2,Running,True
1779256856,reviews,v2,Running,True
1779256856,reviews,v3,Running,True
1779256856,reviews,v3,Pending,
1779256856,reviews,v3,Running,True
1779256856,reviews,v3,Pending,
1779256856,reviews,v3,Running,True
1779256856,reviews,v3,Running,True
1779256856,reviews,v3,Running,True
1779256856,reviews,v3,Running,True
1779256856,reviews,v3,Running,True
1779256856,reviews,v3,Running,True
1779256857,details,v1,Running,True
1779256857,details,v1,Running,True
1779256857,details,v1,Running,True
1779256857,details,v1,Running,True
1779256857,details,v1,Pending,
1779256857,details,v1,Running,True
1779256857,details,v1,Pending,
1779256857,details,v1,Running,True
1779256857,details,v1,Running,True
1779256857,productpage,v1,Running,True
1779256857,productpage,v1,Running,True
1779256857,productpage,v1,Running,True
1779256857,productpage,v1,Running,True
1779256857,productpage,v1,Running,True
1779256857,productpage,v1,Running,True
1779256857,productpage,v1,Running,True
1779256857,productpage,v1,Running,True
1779256857,productpage,v1,Running,True
1779256857,productpage,v1,Running,True
1779256857,productpage,v1,Running,True
1779256857,productpage,v1,Running,True
1779256857,productpage,v1,Running,True
1779256857,productpage,v1,Running,True
1779256857,productpage,v1,Running,True
1779256857,productpage,v1,Running,True
1779256857,productpage,v1,Running,True
1779256857,productpage,v1,Running,True
1779256857,productpage,v1,Running,True
1779256857,productpage,v1,Running,True
1779256857,ratings,v1,Running,True
1779256857,ratings,v1,Pending,
1779256857,reviews,v1,Running,True
1779256857,reviews,v2,Running,True
1779256857,reviews,v2,Running,True
1779256857,reviews,v2,Running,True
1779256857,reviews,v3,Running,True
1779256857,reviews,v3,Pending,
1779256857,reviews,v3,Running,True
1779256857,reviews,v3,Pending,
1779256857,reviews,v3,Running,True
1779256857,reviews,v3,Running,True
1779256857,reviews,v3,Running,True
1779256857,reviews,v3,Running,True
1779256857,reviews,v3,Running,True
1779256857,reviews,v3,Running,True
1779256858,details,v1,Running,True
1779256858,details,v1,Running,True
1779256858,details,v1,Running,True
1779256858,details,v1,Running,True
1779256858,details,v1,Pending,
1779256858,details,v1,Running,True
1779256858,details,v1,Pending,
1779256858,details,v1,Running,True
1779256858,details,v1,Running,True
1779256858,productpage,v1,Running,True
1779256858,productpage,v1,Running,True
1779256858,productpage,v1,Running,True
1779256858,productpage,v1,Running,True
1779256858,productpage,v1,Running,True
1779256858,productpage,v1,Running,True
1779256858,productpage,v1,Running,True
1779256858,productpage,v1,Running,True
1779256858,productpage,v1,Running,True
1779256858,productpage,v1,Running,True
1779256858,productpage,v1,Running,True
1779256858,productpage,v1,Running,True
1779256858,productpage,v1,Running,True
1779256858,productpage,v1,Running,True
1779256858,productpage,v1,Running,True
1779256858,productpage,v1,Running,True
1779256858,productpage,v1,Running,True
1779256858,productpage,v1,Running,True
1779256858,productpage,v1,Running,True
1779256858,productpage,v1,Running,True
1779256858,ratings,v1,Running,True
1779256858,ratings,v1,Pending,
1779256858,reviews,v1,Running,True
1779256858,reviews,v2,Running,True
1779256858,reviews,v2,Running,True
1779256858,reviews,v2,Running,True
1779256858,reviews,v3,Running,True
1779256858,reviews,v3,Pending,
1779256858,reviews,v3,Running,True
1779256858,reviews,v3,Pending,
1779256858,reviews,v3,Running,True
1779256858,reviews,v3,Running,True
1779256858,reviews,v3,Running,True
1779256858,reviews,v3,Running,True
1779256858,reviews,v3,Running,True
1779256858,reviews,v3,Running,True
1779256859,details,v1,Running,True
1779256859,details,v1,Running,True
1779256859,details,v1,Running,True
1779256859,details,v1,Running,True
1779256859,details,v1,Pending,
1779256859,details,v1,Running,True
1779256859,details,v1,Pending,
1779256859,details,v1,Running,True
1779256859,details,v1,Running,True
1779256859,productpage,v1,Running,True
1779256859,productpage,v1,Running,True
1779256859,productpage,v1,Running,True
1779256859,productpage,v1,Running,True
1779256859,productpage,v1,Running,True
1779256859,productpage,v1,Running,True
1779256859,productpage,v1,Running,True
1779256859,productpage,v1,Running,True
1779256859,productpage,v1,Running,True
1779256859,productpage,v1,Running,True
1779256859,productpage,v1,Running,True
1779256859,productpage,v1,Running,True
1779256859,productpage,v1,Running,True
1779256859,productpage,v1,Running,True
1779256859,productpage,v1,Running,True
1779256859,productpage,v1,Running,True
1779256859,productpage,v1,Running,True
1779256859,productpage,v1,Running,True
1779256859,productpage,v1,Running,True
1779256859,productpage,v1,Running,True
1779256859,ratings,v1,Running,True
1779256859,ratings,v1,Pending,
1779256859,reviews,v1,Running,True
1779256859,reviews,v2,Running,True
1779256859,reviews,v2,Running,True
1779256859,reviews,v2,Running,True
1779256859,reviews,v3,Running,True
1779256859,reviews,v3,Pending,
1779256859,reviews,v3,Running,True
1779256859,reviews,v3,Pending,
1779256859,reviews,v3,Running,True
1779256859,reviews,v3,Running,True
1779256859,reviews,v3,Running,True
1779256859,reviews,v3,Running,True
1779256859,reviews,v3,Running,True
1779256859,reviews,v3,Running,True
1779256860,details,v1,Running,True
1779256860,details,v1,Running,True
1779256860,details,v1,Running,True
1779256860,details,v1,Running,True
1779256860,details,v1,Pending,
1779256860,details,v1,Running,True
1779256860,details,v1,Pending,
1779256860,details,v1,Running,True
1779256860,details,v1,Running,True
1779256860,productpage,v1,Running,True
1779256860,productpage,v1,Running,True
1779256860,productpage,v1,Running,True
1779256860,productpage,v1,Running,True
1779256860,productpage,v1,Running,True
1779256860,productpage,v1,Running,True
1779256860,productpage,v1,Running,True
1779256860,productpage,v1,Running,True
1779256860,productpage,v1,Running,True
1779256860,productpage,v1,Running,True
1779256860,productpage,v1,Running,True
1779256860,productpage,v1,Running,True
1779256860,productpage,v1,Running,True
1779256860,productpage,v1,Running,True
1779256860,productpage,v1,Running,True
1779256860,productpage,v1,Running,True
1779256860,productpage,v1,Running,True
1779256860,productpage,v1,Running,True
1779256860,productpage,v1,Running,True
1779256860,productpage,v1,Running,True
1779256860,ratings,v1,Running,True
1779256860,ratings,v1,Pending,
1779256860,reviews,v1,Running,True
1779256860,reviews,v2,Running,True
1779256860,reviews,v2,Running,True
1779256860,reviews,v2,Running,True
1779256860,reviews,v3,Running,True
1779256860,reviews,v3,Pending,
1779256860,reviews,v3,Running,True
1779256860,reviews,v3,Pending,
1779256860,reviews,v3,Running,True
1779256860,reviews,v3,Running,True
1779256860,reviews,v3,Running,True
1779256860,reviews,v3,Running,True
1779256860,reviews,v3,Running,True
1779256860,reviews,v3,Running,True
