timestamp,app,version,phase,ready
1779279818,details,v1,Running,True
1779279818,details,v1,Running,True
1779279818,details,v1,Running,True
1779279818,details,v1,Running,True
1779279818,productpage,v1,Running,True
1779279818,productpage,v1,Running,True
1779279818,productpage,v1,Running,True
1779279818,productpage,v1,Running,True
1779279818,productpage,v1,Running,True
1779279818,productpage,v1,Running,True
1779279818,productpage,v1,Running,True
1779279818,productpage,v1,Running,True
1779279818,productpage,v1,Running,True
1779279818,productpage,v1,Running,True
1779279818,productpage,v1,Running,True
1779279818,productpage,v1,Running,True
1779279818,productpage,v1,Running,True
1779279818,productpage,v1,Running,True
1779279818,productpage,v1,Running,True
1779279818,productpage,v1,Running,True
1779279818,productpage,v1,Running,True
1779279818,productpage,v1,Running,True
1779279818,productpage,v1,Running,True
1779279818,productpage,v1,Running,True
1779279818,ratings,v1,Running,True
1779279818,reviews,v1,Running,True
1779279818,reviews,v2,Running,True
1779279818,reviews,v2,Running,True
1779279818,reviews,v2,Running,True
1779279818,reviews,v2,Running,True
1779279818,reviews,v2,Running,True
1779279818,reviews,v2,Running,True
1779279818,reviews,v3,Running,True
1779279818,reviews,v3,Running,True
1779279818,reviews,v3,Running,True
1779279818,reviews,v3,Running,True
1779279818,reviews,v3,Running,True
1779279819,details,v1,Running,True
1779279819,details,v1,Running,True
1779279819,details,v1,Running,True
1779279819,details,v1,Running,True
1779279819,productpage,v1,Running,True
1779279819,productpage,v1,Running,True
1779279819,productpage,v1,Running,True
1779279819,productpage,v1,Running,True
1779279819,productpage,v1,Running,True
1779279819,productpage,v1,Running,True
1779279819,productpage,v1,Running,True
1779279819,productpage,v1,Running,True
1779279819,productpage,v1,Running,True
1779279819,productpage,v1,Running,True
1779279819,productpage,v1,Running,True
1779279819,productpage,v1,Running,True
1779279819,productpage,v1,Running,True
1779279819,productpage,v1,Running,True
1779279819,productpage,v1,Running,True
1779279819,productpage,v1,Running,True
1779279819,productpage,v1,Running,True
1779279819,productpage,v1,Running,True
1779279819,productpage,v1,Running,True
1779279819,productpage,v1,Running,True
1779279819,ratings,v1,Running,True
1779279819,reviews,v1,Running,True
1779279819,reviews,v2,Running,True
1779279819,reviews,v2,Running,True
1779279819,reviews,v2,Running,True
1779279819,reviews,v2,Running,True
1779279819,reviews,v2,Running,True
1779279819,reviews,v2,Running,True
1779279819,reviews,v3,Running,True
1779279819,reviews,v3,Running,True
1779279819,reviews,v3,Running,True
1779279819,reviews,v3,Running,True
1779279819,reviews,v3,Running,True
1779279820,details,v1,Running,True
1779279820,details,v1,Running,True
1779279820,details,v1,Running,True
1779279820,details,v1,Running,True
1779279820,productpage,v1,Running,True
1779279820,productpage,v1,Running,True
1779279820,productpage,v1,Running,True
1779279820,productpage,v1,Running,True
1779279820,productpage,v1,Running,True
1779279820,productpage,v1,Running,True
1779279820,productpage,v1,Running,True
1779279820,productpage,v1,Running,True
1779279820,productpage,v1,Running,True
1779279820,productpage,v1,Running,True
1779279820,productpage,v1,Running,True
1779279820,productpage,v1,Running,True
1779279820,productpage,v1,Running,True
1779279820,productpage,v1,Running,True
1779279820,productpage,v1,Running,True
1779279820,productpage,v1,Running,True
1779279820,productpage,v1,Running,True
1779279820,productpage,v1,Running,True
1779279820,productpage,v1,Running,True
1779279820,productpage,v1,Running,True
1779279820,ratings,v1,Running,True
1779279820,reviews,v1,Running,True
1779279820,reviews,v2,Running,True
1779279820,reviews,v2,Running,True
1779279820,reviews,v2,Running,True
1779279820,reviews,v2,Running,True
1779279820,reviews,v2,Running,True
1779279820,reviews,v2,Running,True
1779279820,reviews,v3,Running,True
1779279820,reviews,v3,Running,True
1779279820,reviews,v3,Running,True
1779279820,reviews,v3,Running,True
1779279820,reviews,v3,Running,True
1779279821,details,v1,Running,True
1779279821,details,v1,Running,True
1779279821,details,v1,Running,True
1779279821,details,v1,Running,True
1779279821,productpage,v1,Running,True
1779279821,productpage,v1,Running,True
1779279821,productpage,v1,Running,True
1779279821,productpage,v1,Running,True
1779279821,productpage,v1,Running,True
1779279821,productpage,v1,Running,True
1779279821,productpage,v1,Running,True
1779279821,productpage,v1,Running,True
1779279821,productpage,v1,Running,True
1779279821,productpage,v1,Running,True
1779279821,productpage,v1,Running,True
1779279821,productpage,v1,Running,True
1779279821,productpage,v1,Running,True
1779279821,productpage,v1,Running,True
1779279821,productpage,v1,Running,True
1779279821,productpage,v1,Running,True
1779279821,productpage,v1,Running,True
1779279821,productpage,v1,Running,True
1779279821,productpage,v1,Running,True
1779279821,productpage,v1,Running,True
1779279821,ratings,v1,Running,True
1779279821,reviews,v1,Running,True
1779279821,reviews,v2,Running,True
1779279821,reviews,v2,Running,True
1779279821,reviews,v2,Running,True
1779279821,reviews,v2,Running,True
1779279821,reviews,v2,Running,True
1779279821,reviews,v2,Running,True
1779279821,reviews,v3,Running,True
1779279821,reviews,v3,Running,True
1779279821,reviews,v3,Running,True
1779279821,reviews,v3,Running,True
1779279821,reviews,v3,Running,True
1779279822,details,v1,Running,True
1779279822,details,v1,Running,True
1779279822,details,v1,Running,True
1779279822,details,v1,Running,True
1779279822,productpage,v1,Running,True
1779279822,productpage,v1,Running,True
1779279822,productpage,v1,Running,True
1779279822,productpage,v1,Running,True
1779279822,productpage,v1,Running,True
1779279822,productpage,v1,Running,True
1779279822,productpage,v1,Running,True
1779279822,productpage,v1,Running,True
1779279822,productpage,v1,Running,True
1779279822,productpage,v1,Running,True
1779279822,productpage,v1,Running,True
1779279822,productpage,v1,Running,True
1779279822,productpage,v1,Running,True
1779279822,productpage,v1,Running,True
1779279822,productpage,v1,Running,True
1779279822,productpage,v1,Running,True
1779279822,productpage,v1,Running,True
1779279822,productpage,v1,Running,True
1779279822,productpage,v1,Running,True
1779279822,productpage,v1,Running,True
1779279822,ratings,v1,Running,True
1779279822,reviews,v1,Running,True
1779279822,reviews,v2,Running,True
1779279822,reviews,v2,Running,True
1779279822,reviews,v2,Running,True
1779279822,reviews,v2,Running,True
1779279822,reviews,v2,Running,True
1779279822,reviews,v2,Running,True
1779279822,reviews,v3,Running,True
1779279822,reviews,v3,Running,True
1779279822,reviews,v3,Running,True
1779279822,reviews,v3,Running,True
1779279822,reviews,v3,Running,True
1779279823,details,v1,Running,True
1779279823,details,v1,Running,True
1779279823,details,v1,Running,True
1779279823,details,v1,Running,True
1779279823,productpage,v1,Running,True
1779279823,productpage,v1,Running,True
1779279823,productpage,v1,Running,True
1779279823,productpage,v1,Running,True
1779279823,productpage,v1,Running,True
1779279823,productpage,v1,Running,True
1779279823,productpage,v1,Running,True
1779279823,productpage,v1,Running,True
1779279823,productpage,v1,Running,True
1779279823,productpage,v1,Running,True
1779279823,productpage,v1,Running,True
1779279823,productpage,v1,Running,True
1779279823,productpage,v1,Running,True
1779279823,productpage,v1,Running,True
1779279823,productpage,v1,Running,True
1779279823,productpage,v1,Running,True
1779279823,productpage,v1,Running,True
1779279823,productpage,v1,Running,True
1779279823,productpage,v1,Running,True
1779279823,productpage,v1,Running,True
1779279823,ratings,v1,Running,True
1779279823,reviews,v1,Running,True
1779279823,reviews,v2,Running,True
1779279823,reviews,v2,Running,True
1779279823,reviews,v2,Running,True
1779279823,reviews,v2,Running,True
1779279823,reviews,v2,Running,True
1779279823,reviews,v2,Running,True
1779279823,reviews,v3,Running,True
1779279823,reviews,v3,Running,True
1779279823,reviews,v3,Running,True
1779279823,reviews,v3,Running,True
1779279823,reviews,v3,Running,True
1779279824,details,v1,Running,True
1779279824,details,v1,Running,True
1779279824,details,v1,Running,True
1779279824,details,v1,Running,True
1779279824,productpage,v1,Running,True
1779279824,productpage,v1,Running,True
1779279824,productpage,v1,Running,True
1779279824,productpage,v1,Running,True
1779279824,productpage,v1,Running,True
1779279824,productpage,v1,Running,True
1779279824,productpage,v1,Running,True
1779279824,productpage,v1,Running,True
1779279824,productpage,v1,Running,True
1779279824,productpage,v1,Running,True
1779279824,productpage,v1,Running,True
1779279824,productpage,v1,Running,True
1779279824,productpage,v1,Running,True
1779279824,productpage,v1,Running,True
1779279824,productpage,v1,Running,True
1779279824,productpage,v1,Running,True
1779279824,productpage,v1,Running,True
1779279824,productpage,v1,Running,True
1779279824,productpage,v1,Running,True
1779279824,productpage,v1,Running,True
1779279824,ratings,v1,Running,True
1779279824,reviews,v1,Running,True
1779279824,reviews,v2,Running,True
1779279824,reviews,v2,Running,True
1779279824,reviews,v2,Running,True
1779279824,reviews,v2,Running,True
1779279824,reviews,v2,Running,True
1779279824,reviews,v2,Running,True
1779279824,reviews,v3,Running,True
1779279824,reviews,v3,Running,True
1779279824,reviews,v3,Running,True
1779279824,reviews,v3,Running,True
1779279824,reviews,v3,Running,True
1779279825,details,v1,Running,True
1779279825,details,v1,Running,True
1779279825,details,v1,Running,True
1779279825,details,v1,Running,True
1779279825,productpage,v1,Running,True
1779279825,productpage,v1,Running,True
1779279825,productpage,v1,Running,True
1779279825,productpage,v1,Running,True
1779279825,productpage,v1,Running,True
1779279825,productpage,v1,Running,True
1779279825,productpage,v1,Running,True
1779279825,productpage,v1,Running,True
1779279825,productpage,v1,Running,True
1779279825,productpage,v1,Running,True
1779279825,productpage,v1,Running,True
1779279825,productpage,v1,Running,True
1779279825,productpage,v1,Running,True
1779279825,productpage,v1,Running,True
1779279825,productpage,v1,Running,True
1779279825,productpage,v1,Running,True
1779279825,productpage,v1,Running,True
1779279825,productpage,v1,Running,True
1779279825,productpage,v1,Running,True
1779279825,productpage,v1,Running,True
1779279825,ratings,v1,Running,True
1779279825,reviews,v1,Running,True
1779279825,reviews,v2,Running,True
1779279825,reviews,v2,Running,True
1779279825,reviews,v2,Running,True
1779279825,reviews,v2,Running,True
1779279825,reviews,v2,Running,True
1779279825,reviews,v2,Running,True
1779279825,reviews,v3,Running,True
1779279825,reviews,v3,Running,True
1779279825,reviews,v3,Running,True
1779279825,reviews,v3,Running,True
1779279825,reviews,v3,Running,True
1779279826,details,v1,Running,True
1779279826,details,v1,Running,True
1779279826,details,v1,Running,True
1779279826,details,v1,Running,True
1779279826,productpage,v1,Running,True
1779279826,productpage,v1,Running,True
1779279826,productpage,v1,Running,True
1779279826,productpage,v1,Running,True
1779279826,productpage,v1,Running,True
1779279826,productpage,v1,Running,True
1779279826,productpage,v1,Running,True
1779279826,productpage,v1,Running,True
1779279826,productpage,v1,Running,True
1779279826,productpage,v1,Running,True
1779279826,productpage,v1,Running,True
1779279826,productpage,v1,Running,True
1779279826,productpage,v1,Running,True
1779279826,productpage,v1,Running,True
1779279826,productpage,v1,Running,True
1779279826,productpage,v1,Running,True
1779279826,productpage,v1,Running,True
1779279826,productpage,v1,Running,True
1779279826,productpage,v1,Running,True
1779279826,productpage,v1,Running,True
1779279826,ratings,v1,Running,True
1779279826,reviews,v1,Running,True
1779279826,reviews,v2,Running,True
1779279826,reviews,v2,Running,True
1779279826,reviews,v2,Running,True
1779279826,reviews,v2,Running,True
1779279826,reviews,v2,Running,True
1779279826,reviews,v2,Running,True
1779279826,reviews,v3,Running,True
1779279826,reviews,v3,Running,True
1779279826,reviews,v3,Running,True
1779279826,reviews,v3,Running,True
1779279826,reviews,v3,Running,True
1779279827,details,v1,Running,True
1779279827,details,v1,Running,True
1779279827,details,v1,Running,True
1779279827,details,v1,Running,True
1779279827,productpage,v1,Running,True
1779279827,productpage,v1,Running,True
1779279827,productpage,v1,Running,True
1779279827,productpage,v1,Running,True
1779279827,productpage,v1,Running,True
1779279827,productpage,v1,Running,True
1779279827,productpage,v1,Running,True
1779279827,productpage,v1,Running,True
1779279827,productpage,v1,Running,True
1779279827,productpage,v1,Running,True
1779279827,productpage,v1,Running,True
1779279827,productpage,v1,Running,True
1779279827,productpage,v1,Running,True
1779279827,productpage,v1,Running,True
1779279827,productpage,v1,Running,True
1779279827,productpage,v1,Running,True
1779279827,productpage,v1,Running,True
1779279827,productpage,v1,Running,True
1779279827,productpage,v1,Running,True
1779279827,productpage,v1,Running,True
1779279827,ratings,v1,Running,True
1779279827,reviews,v1,Running,True
1779279827,reviews,v2,Running,True
1779279827,reviews,v2,Running,True
1779279827,reviews,v2,Running,True
1779279827,reviews,v2,Running,True
1779279827,reviews,v2,Running,True
1779279827,reviews,v2,Running,True
1779279827,reviews,v3,Running,True
1779279827,reviews,v3,Running,True
1779279827,reviews,v3,Running,True
1779279827,reviews,v3,Running,True
1779279827,reviews,v3,Running,True
1779279828,details,v1,Running,True
1779279828,details,v1,Running,True
1779279828,details,v1,Running,True
1779279828,details,v1,Running,True
1779279828,productpage,v1,Running,True
1779279828,productpage,v1,Running,True
1779279828,productpage,v1,Running,True
1779279828,productpage,v1,Running,True
1779279828,productpage,v1,Running,True
1779279828,productpage,v1,Running,True
1779279828,productpage,v1,Running,True
1779279828,productpage,v1,Running,True
1779279828,productpage,v1,Running,True
1779279828,productpage,v1,Running,True
1779279828,productpage,v1,Running,True
1779279828,productpage,v1,Running,True
1779279828,productpage,v1,Running,True
1779279828,productpage,v1,Running,True
1779279828,productpage,v1,Running,True
1779279828,productpage,v1,Running,True
1779279828,productpage,v1,Running,True
1779279828,productpage,v1,Running,True
1779279828,productpage,v1,Running,True
1779279828,productpage,v1,Running,True
1779279828,ratings,v1,Running,True
1779279828,reviews,v1,Running,True
1779279828,reviews,v2,Running,True
1779279828,reviews,v2,Running,True
1779279828,reviews,v2,Running,True
1779279828,reviews,v2,Running,True
1779279828,reviews,v2,Running,True
1779279828,reviews,v2,Running,True
1779279828,reviews,v3,Running,True
1779279828,reviews,v3,Running,True
1779279828,reviews,v3,Running,True
1779279828,reviews,v3,Running,True
1779279828,reviews,v3,Running,True
1779279829,details,v1,Running,True
1779279829,details,v1,Running,True
1779279829,details,v1,Running,True
1779279829,details,v1,Running,True
1779279829,productpage,v1,Running,True
1779279829,productpage,v1,Running,True
1779279829,productpage,v1,Running,True
1779279829,productpage,v1,Running,True
1779279829,productpage,v1,Running,True
1779279829,productpage,v1,Running,True
1779279829,productpage,v1,Running,True
1779279829,productpage,v1,Running,True
1779279829,productpage,v1,Running,True
1779279829,productpage,v1,Running,True
1779279829,productpage,v1,Running,True
1779279829,productpage,v1,Running,True
1779279829,productpage,v1,Running,True
1779279829,productpage,v1,Running,True
1779279829,productpage,v1,Running,True
1779279829,productpage,v1,Running,True
1779279829,productpage,v1,Running,True
1779279829,productpage,v1,Running,True
1779279829,productpage,v1,Running,True
1779279829,productpage,v1,Running,True
1779279829,ratings,v1,Running,True
1779279829,reviews,v1,Running,True
1779279829,reviews,v2,Running,True
1779279829,reviews,v2,Running,True
1779279829,reviews,v2,Running,True
1779279829,reviews,v2,Running,True
1779279829,reviews,v2,Running,True
1779279829,reviews,v2,Running,True
1779279829,reviews,v3,Running,True
1779279829,reviews,v3,Running,True
1779279829,reviews,v3,Running,True
1779279829,reviews,v3,Running,True
1779279829,reviews,v3,Running,True
1779279830,details,v1,Running,True
1779279830,details,v1,Running,True
1779279830,details,v1,Running,True
1779279830,details,v1,Running,True
1779279830,productpage,v1,Running,True
1779279830,productpage,v1,Running,True
1779279830,productpage,v1,Running,True
1779279830,productpage,v1,Running,True
1779279830,productpage,v1,Running,True
1779279830,productpage,v1,Running,True
1779279830,productpage,v1,Running,True
1779279830,productpage,v1,Running,True
1779279830,productpage,v1,Running,True
1779279830,productpage,v1,Running,True
1779279830,productpage,v1,Running,True
1779279830,productpage,v1,Running,True
1779279830,productpage,v1,Running,True
1779279830,productpage,v1,Running,True
1779279830,productpage,v1,Running,True
1779279830,productpage,v1,Running,True
1779279830,productpage,v1,Running,True
1779279830,productpage,v1,Running,True
1779279830,productpage,v1,Running,True
1779279830,productpage,v1,Running,True
1779279830,ratings,v1,Running,True
1779279830,reviews,v1,Running,True
1779279830,reviews,v2,Running,True
1779279830,reviews,v2,Running,True
1779279830,reviews,v2,Running,True
1779279830,reviews,v2,Running,True
1779279830,reviews,v2,Running,True
1779279830,reviews,v2,Running,True
1779279830,reviews,v3,Running,True
1779279830,reviews,v3,Running,True
1779279830,reviews,v3,Running,True
1779279830,reviews,v3,Running,True
1779279830,reviews,v3,Running,True
1779279831,details,v1,Running,True
1779279831,details,v1,Running,True
1779279831,details,v1,Running,True
1779279831,details,v1,Running,True
1779279831,productpage,v1,Running,True
1779279831,productpage,v1,Running,True
1779279831,productpage,v1,Running,True
1779279831,productpage,v1,Running,True
1779279831,productpage,v1,Running,True
1779279831,productpage,v1,Running,True
1779279831,productpage,v1,Running,True
1779279831,productpage,v1,Running,True
1779279831,productpage,v1,Running,True
1779279831,productpage,v1,Running,True
1779279831,productpage,v1,Running,True
1779279831,productpage,v1,Running,True
1779279831,productpage,v1,Running,True
1779279831,productpage,v1,Running,True
1779279831,productpage,v1,Running,True
1779279831,productpage,v1,Running,True
1779279831,productpage,v1,Running,True
1779279831,productpage,v1,Running,True
1779279831,productpage,v1,Running,True
1779279831,productpage,v1,Running,True
1779279831,ratings,v1,Running,True
1779279831,reviews,v1,Running,True
1779279831,reviews,v2,Running,True
1779279831,reviews,v2,Running,True
1779279831,reviews,v2,Running,True
1779279831,reviews,v2,Running,True
1779279831,reviews,v2,Running,True
1779279831,reviews,v2,Running,True
1779279831,reviews,v3,Running,True
1779279831,reviews,v3,Running,True
1779279831,reviews,v3,Running,True
1779279831,reviews,v3,Running,True
1779279831,reviews,v3,Running,True
1779279832,details,v1,Running,True
1779279832,details,v1,Running,True
1779279832,details,v1,Running,True
1779279832,details,v1,Running,True
1779279832,productpage,v1,Running,True
1779279832,productpage,v1,Running,True
1779279832,productpage,v1,Running,True
1779279832,productpage,v1,Running,True
1779279832,productpage,v1,Running,True
1779279832,productpage,v1,Running,True
1779279832,productpage,v1,Running,True
1779279832,productpage,v1,Running,True
1779279832,productpage,v1,Running,True
1779279832,productpage,v1,Running,True
1779279832,productpage,v1,Running,True
1779279832,productpage,v1,Running,True
1779279832,productpage,v1,Running,True
1779279832,productpage,v1,Running,True
1779279832,productpage,v1,Running,True
1779279832,productpage,v1,Running,True
1779279832,productpage,v1,Running,True
1779279832,productpage,v1,Running,True
1779279832,productpage,v1,Running,True
1779279832,productpage,v1,Running,True
1779279832,ratings,v1,Running,True
1779279832,reviews,v1,Running,True
1779279832,reviews,v2,Running,True
1779279832,reviews,v2,Running,True
1779279832,reviews,v2,Running,True
1779279832,reviews,v2,Running,True
1779279832,reviews,v2,Running,True
1779279832,reviews,v2,Running,True
1779279832,reviews,v3,Running,True
1779279832,reviews,v3,Running,True
1779279832,reviews,v3,Running,True
1779279832,reviews,v3,Running,True
1779279832,reviews,v3,Running,True
1779279833,details,v1,Running,True
1779279833,details,v1,Running,True
1779279833,details,v1,Running,True
1779279833,details,v1,Running,True
1779279833,productpage,v1,Running,True
1779279833,productpage,v1,Running,True
1779279833,productpage,v1,Running,True
1779279833,productpage,v1,Running,True
1779279833,productpage,v1,Running,True
1779279833,productpage,v1,Running,True
1779279833,productpage,v1,Running,True
1779279833,productpage,v1,Running,True
1779279833,productpage,v1,Running,True
1779279833,productpage,v1,Running,True
1779279833,productpage,v1,Running,True
1779279833,productpage,v1,Running,True
1779279833,productpage,v1,Running,True
1779279833,productpage,v1,Running,True
1779279833,productpage,v1,Running,True
1779279833,productpage,v1,Running,True
1779279833,productpage,v1,Running,True
1779279833,productpage,v1,Running,True
1779279833,productpage,v1,Running,True
1779279833,productpage,v1,Running,True
1779279833,ratings,v1,Running,True
1779279833,reviews,v1,Running,True
1779279833,reviews,v2,Running,True
1779279833,reviews,v2,Running,True
1779279833,reviews,v2,Running,True
1779279833,reviews,v2,Running,True
1779279833,reviews,v2,Running,True
1779279833,reviews,v2,Running,True
1779279833,reviews,v3,Running,True
1779279833,reviews,v3,Running,True
1779279833,reviews,v3,Running,True
1779279833,reviews,v3,Running,True
1779279833,reviews,v3,Running,True
1779279834,details,v1,Running,True
1779279834,details,v1,Running,True
1779279834,details,v1,Running,True
1779279834,details,v1,Running,True
1779279834,productpage,v1,Running,True
1779279834,productpage,v1,Running,True
1779279834,productpage,v1,Running,True
1779279834,productpage,v1,Running,True
1779279834,productpage,v1,Running,True
1779279834,productpage,v1,Running,True
1779279834,productpage,v1,Running,True
1779279834,productpage,v1,Running,True
1779279834,productpage,v1,Running,True
1779279834,productpage,v1,Running,True
1779279834,productpage,v1,Running,True
1779279834,productpage,v1,Running,True
1779279834,productpage,v1,Running,True
1779279834,productpage,v1,Running,True
1779279834,productpage,v1,Running,True
1779279834,productpage,v1,Running,True
1779279834,productpage,v1,Running,True
1779279834,productpage,v1,Running,True
1779279834,productpage,v1,Running,True
1779279834,productpage,v1,Running,True
1779279834,ratings,v1,Running,True
1779279834,reviews,v1,Running,True
1779279834,reviews,v2,Running,True
1779279834,reviews,v2,Running,True
1779279834,reviews,v2,Running,True
1779279834,reviews,v2,Running,True
1779279834,reviews,v2,Running,True
1779279834,reviews,v2,Running,True
1779279834,reviews,v3,Running,True
1779279834,reviews,v3,Running,True
1779279834,reviews,v3,Running,True
1779279834,reviews,v3,Running,True
1779279834,reviews,v3,Running,True
1779279835,details,v1,Running,True
1779279835,details,v1,Running,True
1779279835,details,v1,Running,True
1779279835,details,v1,Running,True
1779279835,productpage,v1,Running,True
1779279835,productpage,v1,Running,True
1779279835,productpage,v1,Running,True
1779279835,productpage,v1,Running,True
1779279835,productpage,v1,Running,True
1779279835,productpage,v1,Running,True
1779279835,productpage,v1,Running,True
1779279835,productpage,v1,Running,True
1779279835,productpage,v1,Running,True
1779279835,productpage,v1,Running,True
1779279835,productpage,v1,Running,True
1779279835,productpage,v1,Running,True
1779279835,productpage,v1,Running,True
1779279835,productpage,v1,Running,True
1779279835,productpage,v1,Running,True
1779279835,productpage,v1,Running,True
1779279835,productpage,v1,Running,True
1779279835,productpage,v1,Running,True
1779279835,productpage,v1,Running,True
1779279835,productpage,v1,Running,True
1779279835,ratings,v1,Running,True
1779279835,reviews,v1,Running,True
1779279835,reviews,v2,Running,True
1779279835,reviews,v2,Running,True
1779279835,reviews,v2,Running,True
1779279835,reviews,v2,Running,True
1779279835,reviews,v2,Running,True
1779279835,reviews,v2,Running,True
1779279835,reviews,v3,Running,True
1779279835,reviews,v3,Running,True
1779279835,reviews,v3,Running,True
1779279835,reviews,v3,Running,True
1779279835,reviews,v3,Running,True
1779279836,details,v1,Running,True
1779279836,details,v1,Running,True
1779279836,details,v1,Running,True
1779279836,details,v1,Running,True
1779279836,productpage,v1,Running,True
1779279836,productpage,v1,Running,True
1779279836,productpage,v1,Running,True
1779279836,productpage,v1,Running,True
1779279836,productpage,v1,Running,True
1779279836,productpage,v1,Running,True
1779279836,productpage,v1,Running,True
1779279836,productpage,v1,Running,True
1779279836,productpage,v1,Running,True
1779279836,productpage,v1,Running,True
1779279836,productpage,v1,Running,True
1779279836,productpage,v1,Running,True
1779279836,productpage,v1,Running,True
1779279836,productpage,v1,Running,True
1779279836,productpage,v1,Running,True
1779279836,productpage,v1,Running,True
1779279836,productpage,v1,Running,True
1779279836,productpage,v1,Running,True
1779279836,productpage,v1,Running,True
1779279836,productpage,v1,Running,True
1779279836,ratings,v1,Running,True
1779279836,reviews,v1,Running,True
1779279836,reviews,v2,Running,True
1779279836,reviews,v2,Running,True
1779279836,reviews,v2,Running,True
1779279836,reviews,v2,Running,True
1779279836,reviews,v2,Running,True
1779279836,reviews,v2,Running,True
1779279836,reviews,v3,Running,True
1779279836,reviews,v3,Running,True
1779279836,reviews,v3,Running,True
1779279836,reviews,v3,Running,True
1779279836,reviews,v3,Running,True
1779279837,details,v1,Running,True
1779279837,details,v1,Running,True
1779279837,details,v1,Running,True
1779279837,details,v1,Running,True
1779279837,productpage,v1,Running,True
1779279837,productpage,v1,Running,True
1779279837,productpage,v1,Running,True
1779279837,productpage,v1,Running,True
1779279837,productpage,v1,Running,True
1779279837,productpage,v1,Running,True
1779279837,productpage,v1,Running,True
1779279837,productpage,v1,Running,True
1779279837,productpage,v1,Running,True
1779279837,productpage,v1,Running,True
1779279837,productpage,v1,Running,True
1779279837,productpage,v1,Running,True
1779279837,productpage,v1,Running,True
1779279837,productpage,v1,Running,True
1779279837,productpage,v1,Running,True
1779279837,productpage,v1,Running,True
1779279837,productpage,v1,Running,True
1779279837,productpage,v1,Running,True
1779279837,productpage,v1,Running,True
1779279837,productpage,v1,Running,True
1779279837,ratings,v1,Running,True
1779279837,reviews,v1,Running,True
1779279837,reviews,v2,Running,True
1779279837,reviews,v2,Running,True
1779279837,reviews,v2,Running,True
1779279837,reviews,v2,Running,True
1779279837,reviews,v2,Running,True
1779279837,reviews,v2,Running,True
1779279837,reviews,v3,Running,True
1779279837,reviews,v3,Running,True
1779279837,reviews,v3,Running,True
1779279837,reviews,v3,Running,True
1779279837,reviews,v3,Running,True
1779279838,details,v1,Running,True
1779279838,details,v1,Running,True
1779279838,details,v1,Running,True
1779279838,details,v1,Running,True
1779279838,productpage,v1,Running,True
1779279838,productpage,v1,Running,True
1779279838,productpage,v1,Running,True
1779279838,productpage,v1,Running,True
1779279838,productpage,v1,Running,True
1779279838,productpage,v1,Running,True
1779279838,productpage,v1,Running,True
1779279838,productpage,v1,Running,True
1779279838,productpage,v1,Running,True
1779279838,productpage,v1,Running,True
1779279838,productpage,v1,Running,True
1779279838,productpage,v1,Running,True
1779279838,productpage,v1,Running,True
1779279838,productpage,v1,Running,True
1779279838,productpage,v1,Running,True
1779279838,productpage,v1,Running,True
1779279838,productpage,v1,Running,True
1779279838,productpage,v1,Running,True
1779279838,productpage,v1,Running,True
1779279838,productpage,v1,Running,True
1779279838,ratings,v1,Running,True
1779279838,reviews,v1,Running,True
1779279838,reviews,v2,Running,True
1779279838,reviews,v2,Running,True
1779279838,reviews,v2,Running,True
1779279838,reviews,v2,Running,True
1779279838,reviews,v2,Running,True
1779279838,reviews,v2,Running,True
1779279838,reviews,v3,Running,True
1779279838,reviews,v3,Running,True
1779279838,reviews,v3,Running,True
1779279838,reviews,v3,Running,True
1779279838,reviews,v3,Running,True
1779279839,details,v1,Running,True
1779279839,details,v1,Running,True
1779279839,details,v1,Running,True
1779279839,details,v1,Running,True
1779279839,productpage,v1,Running,True
1779279839,productpage,v1,Running,True
1779279839,productpage,v1,Running,True
1779279839,productpage,v1,Running,True
1779279839,productpage,v1,Running,True
1779279839,productpage,v1,Running,True
1779279839,productpage,v1,Running,True
1779279839,productpage,v1,Running,True
1779279839,productpage,v1,Running,True
1779279839,productpage,v1,Running,True
1779279839,productpage,v1,Running,True
1779279839,productpage,v1,Running,True
1779279839,productpage,v1,Running,True
1779279839,productpage,v1,Running,True
1779279839,productpage,v1,Running,True
1779279839,productpage,v1,Running,True
1779279839,productpage,v1,Running,True
1779279839,productpage,v1,Running,True
1779279839,productpage,v1,Running,True
1779279839,productpage,v1,Running,True
1779279839,ratings,v1,Running,True
1779279839,reviews,v1,Running,True
1779279839,reviews,v2,Running,True
1779279839,reviews,v2,Running,True
1779279839,reviews,v2,Running,True
1779279839,reviews,v2,Running,True
1779279839,reviews,v2,Running,True
1779279839,reviews,v2,Running,True
1779279839,reviews,v3,Running,True
1779279839,reviews,v3,Running,True
1779279839,reviews,v3,Running,True
1779279839,reviews,v3,Running,True
1779279839,reviews,v3,Running,True
1779279840,details,v1,Running,True
1779279840,details,v1,Running,True
1779279840,details,v1,Running,True
1779279840,details,v1,Running,True
1779279840,productpage,v1,Running,True
1779279840,productpage,v1,Running,True
1779279840,productpage,v1,Running,True
1779279840,productpage,v1,Running,True
1779279840,productpage,v1,Running,True
1779279840,productpage,v1,Running,True
1779279840,productpage,v1,Running,True
1779279840,productpage,v1,Running,True
1779279840,productpage,v1,Running,True
1779279840,productpage,v1,Running,True
1779279840,productpage,v1,Running,True
1779279840,productpage,v1,Running,True
1779279840,productpage,v1,Running,True
1779279840,productpage,v1,Running,True
1779279840,productpage,v1,Running,True
1779279840,productpage,v1,Running,True
1779279840,productpage,v1,Running,True
1779279840,productpage,v1,Running,True
1779279840,productpage,v1,Running,True
1779279840,productpage,v1,Running,True
1779279840,ratings,v1,Running,True
1779279840,reviews,v1,Running,True
1779279840,reviews,v2,Running,True
1779279840,reviews,v2,Running,True
1779279840,reviews,v2,Running,True
1779279840,reviews,v2,Running,True
1779279840,reviews,v2,Running,True
1779279840,reviews,v2,Running,True
1779279840,reviews,v3,Running,True
1779279840,reviews,v3,Running,True
1779279840,reviews,v3,Running,True
1779279840,reviews,v3,Running,True
1779279840,reviews,v3,Running,True
1779279841,details,v1,Running,True
1779279841,details,v1,Running,True
1779279841,details,v1,Running,True
1779279841,details,v1,Running,True
1779279841,productpage,v1,Running,True
1779279841,productpage,v1,Running,True
1779279841,productpage,v1,Running,True
1779279841,productpage,v1,Running,True
1779279841,productpage,v1,Running,True
1779279841,productpage,v1,Running,True
1779279841,productpage,v1,Running,True
1779279841,productpage,v1,Running,True
1779279841,productpage,v1,Running,True
1779279841,productpage,v1,Running,True
1779279841,productpage,v1,Running,True
1779279841,productpage,v1,Running,True
1779279841,productpage,v1,Running,True
1779279841,productpage,v1,Running,True
1779279841,productpage,v1,Running,True
1779279841,productpage,v1,Running,True
1779279841,productpage,v1,Running,True
1779279841,productpage,v1,Running,True
1779279841,productpage,v1,Running,True
1779279841,productpage,v1,Running,True
1779279841,ratings,v1,Running,True
1779279841,reviews,v1,Running,True
1779279841,reviews,v2,Running,True
1779279841,reviews,v2,Running,True
1779279841,reviews,v2,Running,True
1779279841,reviews,v2,Running,True
1779279841,reviews,v2,Running,True
1779279841,reviews,v2,Running,True
1779279841,reviews,v3,Running,True
1779279841,reviews,v3,Running,True
1779279841,reviews,v3,Running,True
1779279841,reviews,v3,Running,True
1779279841,reviews,v3,Running,True
1779279842,details,v1,Running,True
1779279842,details,v1,Running,True
1779279842,details,v1,Running,True
1779279842,details,v1,Running,True
1779279842,productpage,v1,Running,True
1779279842,productpage,v1,Running,True
1779279842,productpage,v1,Running,True
1779279842,productpage,v1,Running,True
1779279842,productpage,v1,Running,True
1779279842,productpage,v1,Running,True
1779279842,productpage,v1,Running,True
1779279842,productpage,v1,Running,True
1779279842,productpage,v1,Running,True
1779279842,productpage,v1,Running,True
1779279842,productpage,v1,Running,True
1779279842,productpage,v1,Running,True
1779279842,productpage,v1,Running,True
1779279842,productpage,v1,Running,True
1779279842,productpage,v1,Running,True
1779279842,productpage,v1,Running,True
1779279842,productpage,v1,Running,True
1779279842,productpage,v1,Running,True
1779279842,productpage,v1,Running,True
1779279842,productpage,v1,Running,True
1779279842,ratings,v1,Running,True
1779279842,reviews,v1,Running,True
1779279842,reviews,v2,Running,True
1779279842,reviews,v2,Running,True
1779279842,reviews,v2,Running,True
1779279842,reviews,v2,Running,True
1779279842,reviews,v2,Running,True
1779279842,reviews,v2,Running,True
1779279842,reviews,v3,Running,True
1779279842,reviews,v3,Running,True
1779279842,reviews,v3,Running,True
1779279842,reviews,v3,Running,True
1779279842,reviews,v3,Running,True
1779279843,details,v1,Running,True
1779279843,details,v1,Running,True
1779279843,details,v1,Running,True
1779279843,details,v1,Running,True
1779279843,productpage,v1,Running,True
1779279843,productpage,v1,Running,True
1779279843,productpage,v1,Running,True
1779279843,productpage,v1,Running,True
1779279843,productpage,v1,Running,True
1779279843,productpage,v1,Running,True
1779279843,productpage,v1,Running,True
1779279843,productpage,v1,Running,True
1779279843,productpage,v1,Running,True
1779279843,productpage,v1,Running,True
1779279843,productpage,v1,Running,True
1779279843,productpage,v1,Running,True
1779279843,productpage,v1,Running,True
1779279843,productpage,v1,Running,True
1779279843,productpage,v1,Running,True
1779279843,productpage,v1,Running,True
1779279843,productpage,v1,Running,True
1779279843,productpage,v1,Running,True
1779279843,productpage,v1,Running,True
1779279843,productpage,v1,Running,True
1779279843,ratings,v1,Running,True
1779279843,reviews,v1,Running,True
1779279843,reviews,v2,Running,True
1779279843,reviews,v2,Running,True
1779279843,reviews,v2,Running,True
1779279843,reviews,v2,Running,True
1779279843,reviews,v2,Running,True
1779279843,reviews,v2,Running,True
1779279843,reviews,v3,Running,True
1779279843,reviews,v3,Running,True
1779279843,reviews,v3,Running,True
1779279843,reviews,v3,Running,True
1779279843,reviews,v3,Running,True
1779279844,details,v1,Running,True
1779279844,details,v1,Running,True
1779279844,details,v1,Running,True
1779279844,details,v1,Running,True
1779279844,productpage,v1,Running,True
1779279844,productpage,v1,Running,True
1779279844,productpage,v1,Running,True
1779279844,productpage,v1,Running,True
1779279844,productpage,v1,Running,True
1779279844,productpage,v1,Running,True
1779279844,productpage,v1,Running,True
1779279844,productpage,v1,Running,True
1779279844,productpage,v1,Running,True
1779279844,productpage,v1,Running,True
1779279844,productpage,v1,Running,True
1779279844,productpage,v1,Running,True
1779279844,productpage,v1,Running,True
1779279844,productpage,v1,Running,True
1779279844,productpage,v1,Running,True
1779279844,productpage,v1,Running,True
1779279844,productpage,v1,Running,True
1779279844,productpage,v1,Running,True
1779279844,productpage,v1,Running,True
1779279844,productpage,v1,Running,True
1779279844,ratings,v1,Running,True
1779279844,reviews,v1,Running,True
1779279844,reviews,v2,Running,True
1779279844,reviews,v2,Running,True
1779279844,reviews,v2,Running,True
1779279844,reviews,v2,Running,True
1779279844,reviews,v2,Running,True
1779279844,reviews,v2,Running,True
1779279844,reviews,v3,Running,True
1779279844,reviews,v3,Running,True
1779279844,reviews,v3,Running,True
1779279844,reviews,v3,Running,True
1779279844,reviews,v3,Running,True
1779279845,details,v1,Running,True
1779279845,details,v1,Running,True
1779279845,details,v1,Running,True
1779279845,details,v1,Running,True
1779279845,productpage,v1,Running,True
1779279845,productpage,v1,Running,True
1779279845,productpage,v1,Running,True
1779279845,productpage,v1,Running,True
1779279845,productpage,v1,Running,True
1779279845,productpage,v1,Running,True
1779279845,productpage,v1,Running,True
1779279845,productpage,v1,Running,True
1779279845,productpage,v1,Running,True
1779279845,productpage,v1,Running,True
1779279845,productpage,v1,Running,True
1779279845,productpage,v1,Running,True
1779279845,productpage,v1,Running,True
1779279845,productpage,v1,Running,True
1779279845,productpage,v1,Running,True
1779279845,productpage,v1,Running,True
1779279845,productpage,v1,Running,True
1779279845,productpage,v1,Running,True
1779279845,productpage,v1,Running,True
1779279845,productpage,v1,Running,True
1779279845,ratings,v1,Running,True
1779279845,reviews,v1,Running,True
1779279845,reviews,v2,Running,True
1779279845,reviews,v2,Running,True
1779279845,reviews,v2,Running,True
1779279845,reviews,v2,Running,True
1779279845,reviews,v2,Running,True
1779279845,reviews,v2,Running,True
1779279845,reviews,v3,Running,True
1779279845,reviews,v3,Running,True
1779279845,reviews,v3,Running,True
1779279845,reviews,v3,Running,True
1779279845,reviews,v3,Running,True
1779279846,details,v1,Running,True
1779279846,details,v1,Running,True
1779279846,details,v1,Running,True
1779279846,details,v1,Running,True
1779279846,productpage,v1,Running,True
1779279846,productpage,v1,Running,True
1779279846,productpage,v1,Running,True
1779279846,productpage,v1,Running,True
1779279846,productpage,v1,Running,True
1779279846,productpage,v1,Running,True
1779279846,productpage,v1,Running,True
1779279846,productpage,v1,Running,True
1779279846,productpage,v1,Running,True
1779279846,productpage,v1,Running,True
1779279846,productpage,v1,Running,True
1779279846,productpage,v1,Running,True
1779279846,productpage,v1,Running,True
1779279846,productpage,v1,Running,True
1779279846,productpage,v1,Running,True
1779279846,productpage,v1,Running,True
1779279846,productpage,v1,Running,True
1779279846,productpage,v1,Running,True
1779279846,productpage,v1,Running,True
1779279846,productpage,v1,Running,True
1779279846,ratings,v1,Running,True
1779279846,reviews,v1,Running,True
1779279846,reviews,v2,Running,True
1779279846,reviews,v2,Running,True
1779279846,reviews,v2,Running,True
1779279846,reviews,v2,Running,True
1779279846,reviews,v2,Running,True
1779279846,reviews,v2,Running,True
1779279846,reviews,v3,Running,True
1779279846,reviews,v3,Running,True
1779279846,reviews,v3,Running,True
1779279846,reviews,v3,Running,True
1779279846,reviews,v3,Running,True
1779279847,details,v1,Running,True
1779279847,details,v1,Running,True
1779279847,details,v1,Running,True
1779279847,details,v1,Running,True
1779279847,productpage,v1,Running,True
1779279847,productpage,v1,Running,True
1779279847,productpage,v1,Running,True
1779279847,productpage,v1,Running,True
1779279847,productpage,v1,Running,True
1779279847,productpage,v1,Running,True
1779279847,productpage,v1,Running,True
1779279847,productpage,v1,Running,True
1779279847,productpage,v1,Running,True
1779279847,productpage,v1,Running,True
1779279847,productpage,v1,Running,True
1779279847,productpage,v1,Running,True
1779279847,productpage,v1,Running,True
1779279847,productpage,v1,Running,True
1779279847,productpage,v1,Running,True
1779279847,productpage,v1,Running,True
1779279847,productpage,v1,Running,True
1779279847,productpage,v1,Running,True
1779279847,productpage,v1,Running,True
1779279847,productpage,v1,Running,True
1779279847,ratings,v1,Running,True
1779279847,reviews,v1,Running,True
1779279847,reviews,v2,Running,True
1779279847,reviews,v2,Running,True
1779279847,reviews,v2,Running,True
1779279847,reviews,v2,Running,True
1779279847,reviews,v2,Running,True
1779279847,reviews,v2,Running,True
1779279847,reviews,v3,Running,True
1779279847,reviews,v3,Running,True
1779279847,reviews,v3,Running,True
1779279847,reviews,v3,Running,True
1779279847,reviews,v3,Running,True
1779279848,details,v1,Running,True
1779279848,details,v1,Running,True
1779279848,details,v1,Running,True
1779279848,details,v1,Running,True
1779279848,productpage,v1,Running,True
1779279848,productpage,v1,Running,True
1779279848,productpage,v1,Running,True
1779279848,productpage,v1,Running,True
1779279848,productpage,v1,Running,True
1779279848,productpage,v1,Running,True
1779279848,productpage,v1,Running,True
1779279848,productpage,v1,Running,True
1779279848,productpage,v1,Running,True
1779279848,productpage,v1,Running,True
1779279848,productpage,v1,Running,True
1779279848,productpage,v1,Running,True
1779279848,productpage,v1,Running,True
1779279848,productpage,v1,Running,True
1779279848,productpage,v1,Running,True
1779279848,productpage,v1,Running,True
1779279848,productpage,v1,Running,True
1779279848,productpage,v1,Running,True
1779279848,productpage,v1,Running,True
1779279848,productpage,v1,Running,True
1779279848,ratings,v1,Running,True
1779279848,reviews,v1,Running,True
1779279848,reviews,v2,Running,True
1779279848,reviews,v2,Running,True
1779279848,reviews,v2,Running,True
1779279848,reviews,v2,Running,True
1779279848,reviews,v2,Running,True
1779279848,reviews,v2,Running,True
1779279848,reviews,v3,Running,True
1779279848,reviews,v3,Running,True
1779279848,reviews,v3,Running,True
1779279848,reviews,v3,Running,True
1779279848,reviews,v3,Running,True
1779279849,details,v1,Running,True
1779279849,details,v1,Running,True
1779279849,details,v1,Running,True
1779279849,details,v1,Running,True
1779279849,productpage,v1,Running,True
1779279849,productpage,v1,Running,True
1779279849,productpage,v1,Running,True
1779279849,productpage,v1,Running,True
1779279849,productpage,v1,Running,True
1779279849,productpage,v1,Running,True
1779279849,productpage,v1,Running,True
1779279849,productpage,v1,Running,True
1779279849,productpage,v1,Running,True
1779279849,productpage,v1,Running,True
1779279849,productpage,v1,Running,True
1779279849,productpage,v1,Running,True
1779279849,productpage,v1,Running,True
1779279849,productpage,v1,Running,True
1779279849,productpage,v1,Running,True
1779279849,productpage,v1,Running,True
1779279849,productpage,v1,Running,True
1779279849,productpage,v1,Running,True
1779279849,productpage,v1,Running,True
1779279849,productpage,v1,Running,True
1779279849,ratings,v1,Running,True
1779279849,reviews,v1,Running,True
1779279849,reviews,v2,Running,True
1779279849,reviews,v2,Running,True
1779279849,reviews,v2,Running,True
1779279849,reviews,v2,Running,True
1779279849,reviews,v2,Running,True
1779279849,reviews,v2,Running,True
1779279849,reviews,v3,Running,True
1779279849,reviews,v3,Running,True
1779279849,reviews,v3,Running,True
1779279849,reviews,v3,Running,True
1779279849,reviews,v3,Running,True
1779279850,details,v1,Running,True
1779279850,details,v1,Running,True
1779279850,details,v1,Running,True
1779279850,details,v1,Running,True
1779279850,productpage,v1,Running,True
1779279850,productpage,v1,Running,True
1779279850,productpage,v1,Running,True
1779279850,productpage,v1,Running,True
1779279850,productpage,v1,Running,True
1779279850,productpage,v1,Running,True
1779279850,productpage,v1,Running,True
1779279850,productpage,v1,Running,True
1779279850,productpage,v1,Running,True
1779279850,productpage,v1,Running,True
1779279850,productpage,v1,Running,True
1779279850,productpage,v1,Running,True
1779279850,productpage,v1,Running,True
1779279850,productpage,v1,Running,True
1779279850,productpage,v1,Running,True
1779279850,productpage,v1,Running,True
1779279850,productpage,v1,Running,True
1779279850,productpage,v1,Running,True
1779279850,productpage,v1,Running,True
1779279850,productpage,v1,Running,True
1779279850,ratings,v1,Running,True
1779279850,reviews,v1,Running,True
1779279850,reviews,v2,Running,True
1779279850,reviews,v2,Running,True
1779279850,reviews,v2,Running,True
1779279850,reviews,v2,Running,True
1779279850,reviews,v2,Running,True
1779279850,reviews,v2,Running,True
1779279850,reviews,v3,Running,True
1779279850,reviews,v3,Running,True
1779279850,reviews,v3,Running,True
1779279850,reviews,v3,Running,True
1779279850,reviews,v3,Running,True
1779279851,details,v1,Running,True
1779279851,details,v1,Running,True
1779279851,details,v1,Running,True
1779279851,details,v1,Running,True
1779279851,productpage,v1,Running,True
1779279851,productpage,v1,Running,True
1779279851,productpage,v1,Running,True
1779279851,productpage,v1,Running,True
1779279851,productpage,v1,Running,True
1779279851,productpage,v1,Running,True
1779279851,productpage,v1,Running,True
1779279851,productpage,v1,Running,True
1779279851,productpage,v1,Running,True
1779279851,productpage,v1,Running,True
1779279851,productpage,v1,Running,True
1779279851,productpage,v1,Running,True
1779279851,productpage,v1,Running,True
1779279851,productpage,v1,Running,True
1779279851,productpage,v1,Running,True
1779279851,productpage,v1,Running,True
1779279851,productpage,v1,Running,True
1779279851,productpage,v1,Running,True
1779279851,productpage,v1,Running,True
1779279851,productpage,v1,Running,True
1779279851,ratings,v1,Running,True
1779279851,reviews,v1,Running,True
1779279851,reviews,v2,Running,True
1779279851,reviews,v2,Running,True
1779279851,reviews,v2,Running,True
1779279851,reviews,v2,Running,True
1779279851,reviews,v2,Running,True
1779279851,reviews,v2,Running,True
1779279851,reviews,v3,Running,True
1779279851,reviews,v3,Running,True
1779279851,reviews,v3,Running,True
1779279851,reviews,v3,Running,True
1779279851,reviews,v3,Running,True
1779279852,details,v1,Running,True
1779279852,details,v1,Running,True
1779279852,details,v1,Running,True
1779279852,details,v1,Running,True
1779279852,productpage,v1,Running,True
1779279852,productpage,v1,Running,True
1779279852,productpage,v1,Running,True
1779279852,productpage,v1,Running,True
1779279852,productpage,v1,Running,True
1779279852,productpage,v1,Running,True
1779279852,productpage,v1,Running,True
1779279852,productpage,v1,Running,True
1779279852,productpage,v1,Running,True
1779279852,productpage,v1,Running,True
1779279852,productpage,v1,Running,True
1779279852,productpage,v1,Running,True
1779279852,productpage,v1,Running,True
1779279852,productpage,v1,Running,True
1779279852,productpage,v1,Running,True
1779279852,productpage,v1,Running,True
1779279852,productpage,v1,Running,True
1779279852,productpage,v1,Running,True
1779279852,productpage,v1,Running,True
1779279852,productpage,v1,Running,True
1779279852,ratings,v1,Running,True
1779279852,reviews,v1,Running,True
1779279852,reviews,v2,Running,True
1779279852,reviews,v2,Running,True
1779279852,reviews,v2,Running,True
1779279852,reviews,v2,Running,True
1779279852,reviews,v2,Running,True
1779279852,reviews,v2,Running,True
1779279852,reviews,v3,Running,True
1779279852,reviews,v3,Running,True
1779279852,reviews,v3,Running,True
1779279852,reviews,v3,Running,True
1779279852,reviews,v3,Running,True
1779279853,details,v1,Running,True
1779279853,details,v1,Running,True
1779279853,details,v1,Running,True
1779279853,details,v1,Running,True
1779279853,productpage,v1,Running,True
1779279853,productpage,v1,Running,True
1779279853,productpage,v1,Running,True
1779279853,productpage,v1,Running,True
1779279853,productpage,v1,Running,True
1779279853,productpage,v1,Running,True
1779279853,productpage,v1,Running,True
1779279853,productpage,v1,Running,True
1779279853,productpage,v1,Running,True
1779279853,productpage,v1,Running,True
1779279853,productpage,v1,Running,True
1779279853,productpage,v1,Running,True
1779279853,productpage,v1,Running,True
1779279853,productpage,v1,Running,True
1779279853,productpage,v1,Running,True
1779279853,productpage,v1,Running,True
1779279853,productpage,v1,Running,True
1779279853,productpage,v1,Running,True
1779279853,productpage,v1,Running,True
1779279853,productpage,v1,Running,True
1779279853,ratings,v1,Running,True
1779279853,reviews,v1,Running,True
1779279853,reviews,v2,Running,True
1779279853,reviews,v2,Running,True
1779279853,reviews,v2,Running,True
1779279853,reviews,v2,Running,True
1779279853,reviews,v2,Running,True
1779279853,reviews,v2,Running,True
1779279853,reviews,v3,Running,True
1779279853,reviews,v3,Running,True
1779279853,reviews,v3,Running,True
1779279853,reviews,v3,Running,True
1779279853,reviews,v3,Running,True
1779279854,details,v1,Running,True
1779279854,details,v1,Running,True
1779279854,details,v1,Running,True
1779279854,details,v1,Running,True
1779279854,productpage,v1,Running,True
1779279854,productpage,v1,Running,True
1779279854,productpage,v1,Running,True
1779279854,productpage,v1,Running,True
1779279854,productpage,v1,Running,True
1779279854,productpage,v1,Running,True
1779279854,productpage,v1,Running,True
1779279854,productpage,v1,Running,True
1779279854,productpage,v1,Running,True
1779279854,productpage,v1,Running,True
1779279854,productpage,v1,Running,True
1779279854,productpage,v1,Running,True
1779279854,productpage,v1,Running,True
1779279854,productpage,v1,Running,True
1779279854,productpage,v1,Running,True
1779279854,productpage,v1,Running,True
1779279854,productpage,v1,Running,True
1779279854,productpage,v1,Running,True
1779279854,productpage,v1,Running,True
1779279854,productpage,v1,Running,True
1779279854,ratings,v1,Running,True
1779279854,reviews,v1,Running,True
1779279854,reviews,v2,Running,True
1779279854,reviews,v2,Running,True
1779279854,reviews,v2,Running,True
1779279854,reviews,v2,Running,True
1779279854,reviews,v2,Running,True
1779279854,reviews,v2,Running,True
1779279854,reviews,v3,Running,True
1779279854,reviews,v3,Running,True
1779279854,reviews,v3,Running,True
1779279854,reviews,v3,Running,True
1779279854,reviews,v3,Running,True
1779279855,details,v1,Running,True
1779279855,details,v1,Running,True
1779279855,details,v1,Running,True
1779279855,details,v1,Running,True
1779279855,productpage,v1,Running,True
1779279855,productpage,v1,Running,True
1779279855,productpage,v1,Running,True
1779279855,productpage,v1,Running,True
1779279855,productpage,v1,Running,True
1779279855,productpage,v1,Running,True
1779279855,productpage,v1,Running,True
1779279855,productpage,v1,Running,True
1779279855,productpage,v1,Running,True
1779279855,productpage,v1,Running,True
1779279855,productpage,v1,Running,True
1779279855,productpage,v1,Running,True
1779279855,productpage,v1,Running,True
1779279855,productpage,v1,Running,True
1779279855,productpage,v1,Running,True
1779279855,productpage,v1,Running,True
1779279855,productpage,v1,Running,True
1779279855,productpage,v1,Running,True
1779279855,productpage,v1,Running,True
1779279855,productpage,v1,Running,True
1779279855,ratings,v1,Running,True
1779279855,reviews,v1,Running,True
1779279855,reviews,v2,Running,True
1779279855,reviews,v2,Running,True
1779279855,reviews,v2,Running,True
1779279855,reviews,v2,Running,True
1779279855,reviews,v2,Running,True
1779279855,reviews,v2,Running,True
1779279855,reviews,v3,Running,True
1779279855,reviews,v3,Running,True
1779279855,reviews,v3,Running,True
1779279855,reviews,v3,Running,True
1779279855,reviews,v3,Running,True
1779279856,details,v1,Running,True
1779279856,details,v1,Running,True
1779279856,details,v1,Running,True
1779279856,details,v1,Running,True
1779279856,productpage,v1,Running,True
1779279856,productpage,v1,Running,True
1779279856,productpage,v1,Running,True
1779279856,productpage,v1,Running,True
1779279856,productpage,v1,Running,True
1779279856,productpage,v1,Running,True
1779279856,productpage,v1,Running,True
1779279856,productpage,v1,Running,True
1779279856,productpage,v1,Running,True
1779279856,productpage,v1,Running,True
1779279856,productpage,v1,Running,True
1779279856,productpage,v1,Running,True
1779279856,productpage,v1,Running,True
1779279856,productpage,v1,Running,True
1779279856,productpage,v1,Running,True
1779279856,productpage,v1,Running,True
1779279856,productpage,v1,Running,True
1779279856,productpage,v1,Running,True
1779279856,productpage,v1,Running,True
1779279856,productpage,v1,Running,True
1779279856,ratings,v1,Running,True
1779279856,reviews,v1,Running,True
1779279856,reviews,v2,Running,True
1779279856,reviews,v2,Running,True
1779279856,reviews,v2,Running,True
1779279856,reviews,v2,Running,True
1779279856,reviews,v2,Running,True
1779279856,reviews,v2,Running,True
1779279856,reviews,v3,Running,True
1779279856,reviews,v3,Running,True
1779279856,reviews,v3,Running,True
1779279856,reviews,v3,Running,True
1779279856,reviews,v3,Running,True
1779279857,details,v1,Running,True
1779279857,details,v1,Running,True
1779279857,details,v1,Running,True
1779279857,details,v1,Running,True
1779279857,productpage,v1,Running,True
1779279857,productpage,v1,Running,True
1779279857,productpage,v1,Running,True
1779279857,productpage,v1,Running,True
1779279857,productpage,v1,Running,True
1779279857,productpage,v1,Running,True
1779279857,productpage,v1,Running,True
1779279857,productpage,v1,Running,True
1779279857,productpage,v1,Running,True
1779279857,productpage,v1,Running,True
1779279857,productpage,v1,Running,True
1779279857,productpage,v1,Running,True
1779279857,productpage,v1,Running,True
1779279857,productpage,v1,Running,True
1779279857,productpage,v1,Running,True
1779279857,productpage,v1,Running,True
1779279857,productpage,v1,Running,True
1779279857,productpage,v1,Running,True
1779279857,productpage,v1,Running,True
1779279857,productpage,v1,Running,True
1779279857,ratings,v1,Running,True
1779279857,reviews,v1,Running,True
1779279857,reviews,v2,Running,True
1779279857,reviews,v2,Running,True
1779279857,reviews,v2,Running,True
1779279857,reviews,v2,Running,True
1779279857,reviews,v2,Running,True
1779279857,reviews,v2,Running,True
1779279857,reviews,v3,Running,True
1779279857,reviews,v3,Running,True
1779279857,reviews,v3,Running,True
1779279857,reviews,v3,Running,True
1779279857,reviews,v3,Running,True
1779279858,details,v1,Running,True
1779279858,details,v1,Running,True
1779279858,details,v1,Running,True
1779279858,details,v1,Running,True
1779279858,productpage,v1,Running,True
1779279858,productpage,v1,Running,True
1779279858,productpage,v1,Running,True
1779279858,productpage,v1,Running,True
1779279858,productpage,v1,Running,True
1779279858,productpage,v1,Running,True
1779279858,productpage,v1,Running,True
1779279858,productpage,v1,Running,True
1779279858,productpage,v1,Running,True
1779279858,productpage,v1,Running,True
1779279858,productpage,v1,Running,True
1779279858,productpage,v1,Running,True
1779279858,productpage,v1,Running,True
1779279858,productpage,v1,Running,True
1779279858,productpage,v1,Running,True
1779279858,productpage,v1,Running,True
1779279858,productpage,v1,Running,True
1779279858,productpage,v1,Running,True
1779279858,productpage,v1,Running,True
1779279858,productpage,v1,Running,True
1779279858,ratings,v1,Running,True
1779279858,reviews,v1,Running,True
1779279858,reviews,v2,Running,True
1779279858,reviews,v2,Running,True
1779279858,reviews,v2,Running,True
1779279858,reviews,v2,Running,True
1779279858,reviews,v2,Running,True
1779279858,reviews,v2,Running,True
1779279858,reviews,v3,Running,True
1779279858,reviews,v3,Running,True
1779279858,reviews,v3,Running,True
1779279858,reviews,v3,Running,True
1779279858,reviews,v3,Running,True
1779279859,details,v1,Running,True
1779279859,details,v1,Running,True
1779279859,details,v1,Running,True
1779279859,details,v1,Running,True
1779279859,productpage,v1,Running,True
1779279859,productpage,v1,Running,True
1779279859,productpage,v1,Running,True
1779279859,productpage,v1,Running,True
1779279859,productpage,v1,Running,True
1779279859,productpage,v1,Running,True
1779279859,productpage,v1,Running,True
1779279859,productpage,v1,Running,True
1779279859,productpage,v1,Running,True
1779279859,productpage,v1,Running,True
1779279859,productpage,v1,Running,True
1779279859,productpage,v1,Running,True
1779279859,productpage,v1,Running,True
1779279859,productpage,v1,Running,True
1779279859,productpage,v1,Running,True
1779279859,productpage,v1,Running,True
1779279859,productpage,v1,Running,True
1779279859,productpage,v1,Running,True
1779279859,productpage,v1,Running,True
1779279859,productpage,v1,Running,True
1779279859,ratings,v1,Running,True
1779279859,reviews,v1,Running,True
1779279859,reviews,v2,Running,True
1779279859,reviews,v2,Running,True
1779279859,reviews,v2,Running,True
1779279859,reviews,v2,Running,True
1779279859,reviews,v2,Running,True
1779279859,reviews,v2,Running,True
1779279859,reviews,v3,Running,True
1779279859,reviews,v3,Running,True
1779279859,reviews,v3,Running,True
1779279859,reviews,v3,Running,True
1779279859,reviews,v3,Running,True
1779279860,details,v1,Running,True
1779279860,details,v1,Running,True
1779279860,details,v1,Running,True
1779279860,details,v1,Running,True
1779279860,productpage,v1,Running,True
1779279860,productpage,v1,Running,True
1779279860,productpage,v1,Running,True
1779279860,productpage,v1,Running,True
1779279860,productpage,v1,Running,True
1779279860,productpage,v1,Running,True
1779279860,productpage,v1,Running,True
1779279860,productpage,v1,Running,True
1779279860,productpage,v1,Running,True
1779279860,productpage,v1,Running,True
1779279860,productpage,v1,Running,True
1779279860,productpage,v1,Running,True
1779279860,productpage,v1,Running,True
1779279860,productpage,v1,Running,True
1779279860,productpage,v1,Running,True
1779279860,productpage,v1,Running,True
1779279860,productpage,v1,Running,True
1779279860,productpage,v1,Running,True
1779279860,productpage,v1,Running,True
1779279860,productpage,v1,Running,True
1779279860,ratings,v1,Running,True
1779279860,reviews,v1,Running,True
1779279860,reviews,v2,Running,True
1779279860,reviews,v2,Running,True
1779279860,reviews,v2,Running,True
1779279860,reviews,v2,Running,True
1779279860,reviews,v2,Running,True
1779279860,reviews,v2,Running,True
1779279860,reviews,v3,Running,True
1779279860,reviews,v3,Running,True
1779279860,reviews,v3,Running,True
1779279860,reviews,v3,Running,True
1779279860,reviews,v3,Running,True
1779279861,details,v1,Running,True
1779279861,details,v1,Running,True
1779279861,details,v1,Running,True
1779279861,details,v1,Running,True
1779279861,productpage,v1,Running,True
1779279861,productpage,v1,Running,True
1779279861,productpage,v1,Running,True
1779279861,productpage,v1,Running,True
1779279861,productpage,v1,Running,True
1779279861,productpage,v1,Running,True
1779279861,productpage,v1,Running,True
1779279861,productpage,v1,Running,True
1779279861,productpage,v1,Running,True
1779279861,productpage,v1,Running,True
1779279861,productpage,v1,Running,True
1779279861,productpage,v1,Running,True
1779279861,productpage,v1,Running,True
1779279861,productpage,v1,Running,True
1779279861,productpage,v1,Running,True
1779279861,productpage,v1,Running,True
1779279861,productpage,v1,Running,True
1779279861,productpage,v1,Running,True
1779279861,productpage,v1,Running,True
1779279861,productpage,v1,Running,True
1779279861,ratings,v1,Running,True
1779279861,reviews,v1,Running,True
1779279861,reviews,v2,Running,True
1779279861,reviews,v2,Running,True
1779279861,reviews,v2,Running,True
1779279861,reviews,v2,Running,True
1779279861,reviews,v2,Running,True
1779279861,reviews,v2,Running,True
1779279861,reviews,v3,Running,True
1779279861,reviews,v3,Running,True
1779279861,reviews,v3,Running,True
1779279861,reviews,v3,Running,True
1779279861,reviews,v3,Running,True
1779279862,details,v1,Running,True
1779279862,details,v1,Running,True
1779279862,details,v1,Running,True
1779279862,details,v1,Running,True
1779279862,productpage,v1,Running,True
1779279862,productpage,v1,Running,True
1779279862,productpage,v1,Running,True
1779279862,productpage,v1,Running,True
1779279862,productpage,v1,Running,True
1779279862,productpage,v1,Running,True
1779279862,productpage,v1,Running,True
1779279862,productpage,v1,Running,True
1779279862,productpage,v1,Running,True
1779279862,productpage,v1,Running,True
1779279862,productpage,v1,Running,True
1779279862,productpage,v1,Running,True
1779279862,productpage,v1,Running,True
1779279862,productpage,v1,Running,True
1779279862,productpage,v1,Running,True
1779279862,productpage,v1,Running,True
1779279862,productpage,v1,Running,True
1779279862,productpage,v1,Running,True
1779279862,productpage,v1,Running,True
1779279862,productpage,v1,Running,True
1779279862,ratings,v1,Running,True
1779279862,reviews,v1,Running,True
1779279862,reviews,v2,Running,True
1779279862,reviews,v2,Running,True
1779279862,reviews,v2,Running,True
1779279862,reviews,v2,Running,True
1779279862,reviews,v2,Running,True
1779279862,reviews,v2,Running,True
1779279862,reviews,v3,Running,True
1779279862,reviews,v3,Running,True
1779279862,reviews,v3,Running,True
1779279862,reviews,v3,Running,True
1779279862,reviews,v3,Running,True
1779279863,details,v1,Running,True
1779279863,details,v1,Running,True
1779279863,details,v1,Running,True
1779279863,details,v1,Running,True
1779279863,productpage,v1,Running,True
1779279863,productpage,v1,Running,True
1779279863,productpage,v1,Running,True
1779279863,productpage,v1,Running,True
1779279863,productpage,v1,Running,True
1779279863,productpage,v1,Running,True
1779279863,productpage,v1,Running,True
1779279863,productpage,v1,Running,True
1779279863,productpage,v1,Running,True
1779279863,productpage,v1,Running,True
1779279863,productpage,v1,Running,True
1779279863,productpage,v1,Running,True
1779279863,productpage,v1,Running,True
1779279863,productpage,v1,Running,True
1779279863,productpage,v1,Running,True
1779279863,productpage,v1,Running,True
1779279863,productpage,v1,Running,True
1779279863,productpage,v1,Running,True
1779279863,productpage,v1,Running,True
1779279863,productpage,v1,Running,True
1779279863,ratings,v1,Running,True
1779279863,reviews,v1,Running,True
1779279863,reviews,v2,Running,True
1779279863,reviews,v2,Running,True
1779279863,reviews,v2,Running,True
1779279863,reviews,v2,Running,True
1779279863,reviews,v2,Running,True
1779279863,reviews,v2,Running,True
1779279863,reviews,v3,Running,True
1779279863,reviews,v3,Running,True
1779279863,reviews,v3,Running,True
1779279863,reviews,v3,Running,True
1779279863,reviews,v3,Running,True
1779279864,details,v1,Running,True
1779279864,details,v1,Running,True
1779279864,details,v1,Running,True
1779279864,details,v1,Running,True
1779279864,productpage,v1,Running,True
1779279864,productpage,v1,Running,True
1779279864,productpage,v1,Running,True
1779279864,productpage,v1,Running,True
1779279864,productpage,v1,Running,True
1779279864,productpage,v1,Running,True
1779279864,productpage,v1,Running,True
1779279864,productpage,v1,Running,True
1779279864,productpage,v1,Running,True
1779279864,productpage,v1,Running,True
1779279864,productpage,v1,Running,True
1779279864,productpage,v1,Running,True
1779279864,productpage,v1,Running,True
1779279864,productpage,v1,Running,True
1779279864,productpage,v1,Running,True
1779279864,productpage,v1,Running,True
1779279864,productpage,v1,Running,True
1779279864,productpage,v1,Running,True
1779279864,productpage,v1,Running,True
1779279864,productpage,v1,Running,True
1779279864,ratings,v1,Running,True
1779279864,reviews,v1,Running,True
1779279864,reviews,v2,Running,True
1779279864,reviews,v2,Running,True
1779279864,reviews,v2,Running,True
1779279864,reviews,v2,Running,True
1779279864,reviews,v2,Running,True
1779279864,reviews,v2,Running,True
1779279864,reviews,v3,Running,True
1779279864,reviews,v3,Running,True
1779279864,reviews,v3,Running,True
1779279864,reviews,v3,Running,True
1779279864,reviews,v3,Running,True
1779279865,details,v1,Running,True
1779279865,details,v1,Running,True
1779279865,details,v1,Running,True
1779279865,details,v1,Running,True
1779279865,productpage,v1,Running,True
1779279865,productpage,v1,Running,True
1779279865,productpage,v1,Running,True
1779279865,productpage,v1,Running,True
1779279865,productpage,v1,Running,True
1779279865,productpage,v1,Running,True
1779279865,productpage,v1,Running,True
1779279865,productpage,v1,Running,True
1779279865,productpage,v1,Running,True
1779279865,productpage,v1,Running,True
1779279865,productpage,v1,Running,True
1779279865,productpage,v1,Running,True
1779279865,productpage,v1,Running,True
1779279865,productpage,v1,Running,True
1779279865,productpage,v1,Running,True
1779279865,productpage,v1,Running,True
1779279865,productpage,v1,Running,True
1779279865,productpage,v1,Running,True
1779279865,productpage,v1,Running,True
1779279865,productpage,v1,Running,True
1779279865,ratings,v1,Running,True
1779279865,reviews,v1,Running,True
1779279865,reviews,v2,Running,True
1779279865,reviews,v2,Running,True
1779279865,reviews,v2,Running,True
1779279865,reviews,v2,Running,True
1779279865,reviews,v2,Running,True
1779279865,reviews,v2,Running,True
1779279865,reviews,v3,Running,True
1779279865,reviews,v3,Running,True
1779279865,reviews,v3,Running,True
1779279865,reviews,v3,Running,True
1779279865,reviews,v3,Running,True
1779279866,details,v1,Running,True
1779279866,details,v1,Running,True
1779279866,details,v1,Running,True
1779279866,details,v1,Running,True
1779279866,productpage,v1,Running,True
1779279866,productpage,v1,Running,True
1779279866,productpage,v1,Running,True
1779279866,productpage,v1,Running,True
1779279866,productpage,v1,Running,True
1779279866,productpage,v1,Running,True
1779279866,productpage,v1,Running,True
1779279866,productpage,v1,Running,True
1779279866,productpage,v1,Running,True
1779279866,productpage,v1,Running,True
1779279866,productpage,v1,Running,True
1779279866,productpage,v1,Running,True
1779279866,productpage,v1,Running,True
1779279866,productpage,v1,Running,True
1779279866,productpage,v1,Running,True
1779279866,productpage,v1,Running,True
1779279866,productpage,v1,Running,True
1779279866,productpage,v1,Running,True
1779279866,productpage,v1,Running,True
1779279866,productpage,v1,Running,True
1779279866,ratings,v1,Running,True
1779279866,reviews,v1,Running,True
1779279866,reviews,v2,Running,True
1779279866,reviews,v2,Running,True
1779279866,reviews,v2,Running,True
1779279866,reviews,v2,Running,True
1779279866,reviews,v2,Running,True
1779279866,reviews,v2,Running,True
1779279866,reviews,v3,Running,True
1779279866,reviews,v3,Running,True
1779279866,reviews,v3,Running,True
1779279866,reviews,v3,Running,True
1779279866,reviews,v3,Running,True
1779279867,details,v1,Running,True
1779279867,details,v1,Running,True
1779279867,details,v1,Running,True
1779279867,details,v1,Running,True
1779279867,productpage,v1,Running,True
1779279867,productpage,v1,Running,True
1779279867,productpage,v1,Running,True
1779279867,productpage,v1,Running,True
1779279867,productpage,v1,Running,True
1779279867,productpage,v1,Running,True
1779279867,productpage,v1,Running,True
1779279867,productpage,v1,Running,True
1779279867,productpage,v1,Running,True
1779279867,productpage,v1,Running,True
1779279867,productpage,v1,Running,True
1779279867,productpage,v1,Running,True
1779279867,productpage,v1,Running,True
1779279867,productpage,v1,Running,True
1779279867,productpage,v1,Running,True
1779279867,productpage,v1,Running,True
1779279867,productpage,v1,Running,True
1779279867,productpage,v1,Running,True
1779279867,productpage,v1,Running,True
1779279867,productpage,v1,Running,True
1779279867,ratings,v1,Running,True
1779279867,reviews,v1,Running,True
1779279867,reviews,v2,Running,True
1779279867,reviews,v2,Running,True
1779279867,reviews,v2,Running,True
1779279867,reviews,v2,Running,True
1779279867,reviews,v2,Running,True
1779279867,reviews,v2,Running,True
1779279867,reviews,v3,Running,True
1779279867,reviews,v3,Running,True
1779279867,reviews,v3,Running,True
1779279867,reviews,v3,Running,True
1779279867,reviews,v3,Running,True
1779279868,details,v1,Running,True
1779279868,details,v1,Running,True
1779279868,details,v1,Running,True
1779279868,details,v1,Running,True
1779279868,productpage,v1,Running,True
1779279868,productpage,v1,Running,True
1779279868,productpage,v1,Running,True
1779279868,productpage,v1,Running,True
1779279868,productpage,v1,Running,True
1779279868,productpage,v1,Running,True
1779279868,productpage,v1,Running,True
1779279868,productpage,v1,Running,True
1779279868,productpage,v1,Running,True
1779279868,productpage,v1,Running,True
1779279868,productpage,v1,Running,True
1779279868,productpage,v1,Running,True
1779279868,productpage,v1,Running,True
1779279868,productpage,v1,Running,True
1779279868,productpage,v1,Running,True
1779279868,productpage,v1,Running,True
1779279868,productpage,v1,Running,True
1779279868,productpage,v1,Running,True
1779279868,productpage,v1,Running,True
1779279868,productpage,v1,Running,True
1779279868,ratings,v1,Running,True
1779279868,reviews,v1,Running,True
1779279868,reviews,v2,Running,True
1779279868,reviews,v2,Running,True
1779279868,reviews,v2,Running,True
1779279868,reviews,v2,Running,True
1779279868,reviews,v2,Running,True
1779279868,reviews,v2,Running,True
1779279868,reviews,v3,Running,True
1779279868,reviews,v3,Running,True
1779279868,reviews,v3,Running,True
1779279868,reviews,v3,Running,True
1779279868,reviews,v3,Running,True
1779279869,details,v1,Running,True
1779279869,details,v1,Running,True
1779279869,details,v1,Running,True
1779279869,details,v1,Running,True
1779279869,productpage,v1,Running,True
1779279869,productpage,v1,Running,True
1779279869,productpage,v1,Running,True
1779279869,productpage,v1,Running,True
1779279869,productpage,v1,Running,True
1779279869,productpage,v1,Running,True
1779279869,productpage,v1,Running,True
1779279869,productpage,v1,Running,True
1779279869,productpage,v1,Running,True
1779279869,productpage,v1,Running,True
1779279869,productpage,v1,Running,True
1779279869,productpage,v1,Running,True
1779279869,productpage,v1,Running,True
1779279869,productpage,v1,Running,True
1779279869,productpage,v1,Running,True
1779279869,productpage,v1,Running,True
1779279869,productpage,v1,Running,True
1779279869,productpage,v1,Running,True
1779279869,productpage,v1,Running,True
1779279869,productpage,v1,Running,True
1779279869,ratings,v1,Running,True
1779279869,reviews,v1,Running,True
1779279869,reviews,v2,Running,True
1779279869,reviews,v2,Running,True
1779279869,reviews,v2,Running,True
1779279869,reviews,v2,Running,True
1779279869,reviews,v2,Running,True
1779279869,reviews,v2,Running,True
1779279869,reviews,v3,Running,True
1779279869,reviews,v3,Running,True
1779279869,reviews,v3,Running,True
1779279869,reviews,v3,Running,True
1779279869,reviews,v3,Running,True
1779279870,details,v1,Running,True
1779279870,details,v1,Running,True
1779279870,details,v1,Running,True
1779279870,details,v1,Running,True
1779279870,productpage,v1,Running,True
1779279870,productpage,v1,Running,True
1779279870,productpage,v1,Running,True
1779279870,productpage,v1,Running,True
1779279870,productpage,v1,Running,True
1779279870,productpage,v1,Running,True
1779279870,productpage,v1,Running,True
1779279870,productpage,v1,Running,True
1779279870,productpage,v1,Running,True
1779279870,productpage,v1,Running,True
1779279870,productpage,v1,Running,True
1779279870,productpage,v1,Running,True
1779279870,productpage,v1,Running,True
1779279870,productpage,v1,Running,True
1779279870,productpage,v1,Running,True
1779279870,productpage,v1,Running,True
1779279870,productpage,v1,Running,True
1779279870,productpage,v1,Running,True
1779279870,productpage,v1,Running,True
1779279870,productpage,v1,Running,True
1779279870,ratings,v1,Running,True
1779279870,reviews,v1,Running,True
1779279870,reviews,v2,Running,True
1779279870,reviews,v2,Running,True
1779279870,reviews,v2,Running,True
1779279870,reviews,v2,Running,True
1779279870,reviews,v2,Running,True
1779279870,reviews,v2,Running,True
1779279870,reviews,v3,Running,True
1779279870,reviews,v3,Running,True
1779279870,reviews,v3,Running,True
1779279870,reviews,v3,Running,True
1779279870,reviews,v3,Running,True
1779279871,details,v1,Running,True
1779279871,details,v1,Running,True
1779279871,details,v1,Running,True
1779279871,details,v1,Running,True
1779279871,productpage,v1,Running,True
1779279871,productpage,v1,Running,True
1779279871,productpage,v1,Running,True
1779279871,productpage,v1,Running,True
1779279871,productpage,v1,Running,True
1779279871,productpage,v1,Running,True
1779279871,productpage,v1,Running,True
1779279871,productpage,v1,Running,True
1779279871,productpage,v1,Running,True
1779279871,productpage,v1,Running,True
1779279871,productpage,v1,Running,True
1779279871,productpage,v1,Running,True
1779279871,productpage,v1,Running,True
1779279871,productpage,v1,Running,True
1779279871,productpage,v1,Running,True
1779279871,productpage,v1,Running,True
1779279871,productpage,v1,Running,True
1779279871,productpage,v1,Running,True
1779279871,productpage,v1,Running,True
1779279871,productpage,v1,Running,True
1779279871,ratings,v1,Running,True
1779279871,reviews,v1,Running,True
1779279871,reviews,v2,Running,True
1779279871,reviews,v2,Running,True
1779279871,reviews,v2,Running,True
1779279871,reviews,v2,Running,True
1779279871,reviews,v2,Running,True
1779279871,reviews,v2,Running,True
1779279871,reviews,v3,Running,True
1779279871,reviews,v3,Running,True
1779279871,reviews,v3,Running,True
1779279871,reviews,v3,Running,True
1779279871,reviews,v3,Running,True
1779279872,details,v1,Running,True
1779279872,details,v1,Running,True
1779279872,details,v1,Running,True
1779279872,details,v1,Running,True
1779279872,productpage,v1,Running,True
1779279872,productpage,v1,Running,True
1779279872,productpage,v1,Running,True
1779279872,productpage,v1,Running,True
1779279872,productpage,v1,Running,True
1779279872,productpage,v1,Running,True
1779279872,productpage,v1,Running,True
1779279872,productpage,v1,Running,True
1779279872,productpage,v1,Running,True
1779279872,productpage,v1,Running,True
1779279872,productpage,v1,Running,True
1779279872,productpage,v1,Running,True
1779279872,productpage,v1,Running,True
1779279872,productpage,v1,Running,True
1779279872,productpage,v1,Running,True
1779279872,productpage,v1,Running,True
1779279872,productpage,v1,Running,True
1779279872,productpage,v1,Running,True
1779279872,productpage,v1,Running,True
1779279872,productpage,v1,Running,True
1779279872,ratings,v1,Running,True
1779279872,reviews,v1,Running,True
1779279872,reviews,v2,Running,True
1779279872,reviews,v2,Running,True
1779279872,reviews,v2,Running,True
1779279872,reviews,v2,Running,True
1779279872,reviews,v2,Running,True
1779279872,reviews,v2,Running,True
1779279872,reviews,v3,Running,True
1779279872,reviews,v3,Running,True
1779279872,reviews,v3,Running,True
1779279872,reviews,v3,Running,True
1779279872,reviews,v3,Running,True
1779279873,details,v1,Running,True
1779279873,details,v1,Running,True
1779279873,details,v1,Running,True
1779279873,details,v1,Running,True
1779279873,productpage,v1,Running,True
1779279873,productpage,v1,Running,True
1779279873,productpage,v1,Running,True
1779279873,productpage,v1,Running,True
1779279873,productpage,v1,Running,True
1779279873,productpage,v1,Running,True
1779279873,productpage,v1,Running,True
1779279873,productpage,v1,Running,True
1779279873,productpage,v1,Running,True
1779279873,productpage,v1,Running,True
1779279873,productpage,v1,Running,True
1779279873,productpage,v1,Running,True
1779279873,productpage,v1,Running,True
1779279873,productpage,v1,Running,True
1779279873,productpage,v1,Running,True
1779279873,productpage,v1,Running,True
1779279873,productpage,v1,Running,True
1779279873,productpage,v1,Running,True
1779279873,productpage,v1,Running,True
1779279873,productpage,v1,Running,True
1779279873,ratings,v1,Running,True
1779279873,reviews,v1,Running,True
1779279873,reviews,v2,Running,True
1779279873,reviews,v2,Running,True
1779279873,reviews,v2,Running,True
1779279873,reviews,v2,Running,True
1779279873,reviews,v2,Running,True
1779279873,reviews,v2,Running,True
1779279873,reviews,v3,Running,True
1779279873,reviews,v3,Running,True
1779279873,reviews,v3,Running,True
1779279873,reviews,v3,Running,True
1779279873,reviews,v3,Running,True
1779279874,details,v1,Running,True
1779279874,details,v1,Running,True
1779279874,details,v1,Running,True
1779279874,details,v1,Running,True
1779279874,productpage,v1,Running,True
1779279874,productpage,v1,Running,True
1779279874,productpage,v1,Running,True
1779279874,productpage,v1,Running,True
1779279874,productpage,v1,Running,True
1779279874,productpage,v1,Running,True
1779279874,productpage,v1,Running,True
1779279874,productpage,v1,Running,True
1779279874,productpage,v1,Running,True
1779279874,productpage,v1,Running,True
1779279874,productpage,v1,Running,True
1779279874,productpage,v1,Running,True
1779279874,productpage,v1,Running,True
1779279874,productpage,v1,Running,True
1779279874,productpage,v1,Running,True
1779279874,productpage,v1,Running,True
1779279874,productpage,v1,Running,True
1779279874,productpage,v1,Running,True
1779279874,productpage,v1,Running,True
1779279874,productpage,v1,Running,True
1779279874,ratings,v1,Running,True
1779279874,reviews,v1,Running,True
1779279874,reviews,v2,Running,True
1779279874,reviews,v2,Running,True
1779279874,reviews,v2,Running,True
1779279874,reviews,v2,Running,True
1779279874,reviews,v2,Running,True
1779279874,reviews,v2,Running,True
1779279874,reviews,v3,Running,True
1779279874,reviews,v3,Running,True
1779279874,reviews,v3,Running,True
1779279874,reviews,v3,Running,True
1779279874,reviews,v3,Running,True
1779279875,details,v1,Running,True
1779279875,details,v1,Running,True
1779279875,details,v1,Running,True
1779279875,details,v1,Running,True
1779279875,productpage,v1,Running,True
1779279875,productpage,v1,Running,True
1779279875,productpage,v1,Running,True
1779279875,productpage,v1,Running,True
1779279875,productpage,v1,Running,True
1779279875,productpage,v1,Running,True
1779279875,productpage,v1,Running,True
1779279875,productpage,v1,Running,True
1779279875,productpage,v1,Running,True
1779279875,productpage,v1,Running,True
1779279875,productpage,v1,Running,True
1779279875,productpage,v1,Running,True
1779279875,productpage,v1,Running,True
1779279875,productpage,v1,Running,True
1779279875,productpage,v1,Running,True
1779279875,productpage,v1,Running,True
1779279875,productpage,v1,Running,True
1779279875,productpage,v1,Running,True
1779279875,productpage,v1,Running,True
1779279875,productpage,v1,Running,True
1779279875,ratings,v1,Running,True
1779279875,reviews,v1,Running,True
1779279875,reviews,v2,Running,True
1779279875,reviews,v2,Running,True
1779279875,reviews,v2,Running,True
1779279875,reviews,v2,Running,True
1779279875,reviews,v2,Running,True
1779279875,reviews,v2,Running,True
1779279875,reviews,v3,Running,True
1779279875,reviews,v3,Running,True
1779279875,reviews,v3,Running,True
1779279875,reviews,v3,Running,True
1779279875,reviews,v3,Running,True
1779279876,details,v1,Running,True
1779279876,details,v1,Running,True
1779279876,details,v1,Running,True
1779279876,details,v1,Running,True
1779279876,productpage,v1,Running,True
1779279876,productpage,v1,Running,True
1779279876,productpage,v1,Running,True
1779279876,productpage,v1,Running,True
1779279876,productpage,v1,Running,True
1779279876,productpage,v1,Running,True
1779279876,productpage,v1,Running,True
1779279876,productpage,v1,Running,True
1779279876,productpage,v1,Running,True
1779279876,productpage,v1,Running,True
1779279876,productpage,v1,Running,True
1779279876,productpage,v1,Running,True
1779279876,productpage,v1,Running,True
1779279876,productpage,v1,Running,True
1779279876,productpage,v1,Running,True
1779279876,productpage,v1,Running,True
1779279876,productpage,v1,Running,True
1779279876,productpage,v1,Running,True
1779279876,productpage,v1,Running,True
1779279876,productpage,v1,Running,True
1779279876,ratings,v1,Running,True
1779279876,reviews,v1,Running,True
1779279876,reviews,v2,Running,True
1779279876,reviews,v2,Running,True
1779279876,reviews,v2,Running,True
1779279876,reviews,v2,Running,True
1779279876,reviews,v2,Running,True
1779279876,reviews,v2,Running,True
1779279876,reviews,v3,Running,True
1779279876,reviews,v3,Running,True
1779279876,reviews,v3,Running,True
1779279876,reviews,v3,Running,True
1779279876,reviews,v3,Running,True
1779279877,details,v1,Running,True
1779279877,details,v1,Running,True
1779279877,details,v1,Running,True
1779279877,details,v1,Running,True
1779279877,productpage,v1,Running,True
1779279877,productpage,v1,Running,True
1779279877,productpage,v1,Running,True
1779279877,productpage,v1,Running,True
1779279877,productpage,v1,Running,True
1779279877,productpage,v1,Running,True
1779279877,productpage,v1,Running,True
1779279877,productpage,v1,Running,True
1779279877,productpage,v1,Running,True
1779279877,productpage,v1,Running,True
1779279877,productpage,v1,Running,True
1779279877,productpage,v1,Running,True
1779279877,productpage,v1,Running,True
1779279877,productpage,v1,Running,True
1779279877,productpage,v1,Running,True
1779279877,productpage,v1,Running,True
1779279877,productpage,v1,Running,True
1779279877,productpage,v1,Running,True
1779279877,productpage,v1,Running,True
1779279877,productpage,v1,Running,True
1779279877,ratings,v1,Running,True
1779279877,reviews,v1,Running,True
1779279877,reviews,v2,Running,True
1779279877,reviews,v2,Running,True
1779279877,reviews,v2,Running,True
1779279877,reviews,v2,Running,True
1779279877,reviews,v2,Running,True
1779279877,reviews,v2,Running,True
1779279877,reviews,v3,Running,True
1779279877,reviews,v3,Running,True
1779279877,reviews,v3,Running,True
1779279877,reviews,v3,Running,True
1779279877,reviews,v3,Running,True
1779279878,details,v1,Running,True
1779279878,details,v1,Running,True
1779279878,details,v1,Running,True
1779279878,details,v1,Running,True
1779279878,productpage,v1,Running,True
1779279878,productpage,v1,Running,True
1779279878,productpage,v1,Running,True
1779279878,productpage,v1,Running,True
1779279878,productpage,v1,Running,True
1779279878,productpage,v1,Running,True
1779279878,productpage,v1,Running,True
1779279878,productpage,v1,Running,True
1779279878,productpage,v1,Running,True
1779279878,productpage,v1,Running,True
1779279878,productpage,v1,Running,True
1779279878,productpage,v1,Running,True
1779279878,productpage,v1,Running,True
1779279878,productpage,v1,Running,True
1779279878,productpage,v1,Running,True
1779279878,productpage,v1,Running,True
1779279878,productpage,v1,Running,True
1779279878,productpage,v1,Running,True
1779279878,productpage,v1,Running,True
1779279878,productpage,v1,Running,True
1779279878,ratings,v1,Running,True
1779279878,reviews,v1,Running,True
1779279878,reviews,v2,Running,True
1779279878,reviews,v2,Running,True
1779279878,reviews,v2,Running,True
1779279878,reviews,v2,Running,True
1779279878,reviews,v2,Running,True
1779279878,reviews,v2,Running,True
1779279878,reviews,v3,Running,True
1779279878,reviews,v3,Running,True
1779279878,reviews,v3,Running,True
1779279878,reviews,v3,Running,True
1779279878,reviews,v3,Running,True
1779279879,details,v1,Running,True
1779279879,details,v1,Running,True
1779279879,details,v1,Running,True
1779279879,details,v1,Running,True
1779279879,productpage,v1,Running,True
1779279879,productpage,v1,Running,True
1779279879,productpage,v1,Running,True
1779279879,productpage,v1,Running,True
1779279879,productpage,v1,Running,True
1779279879,productpage,v1,Running,True
1779279879,productpage,v1,Running,True
1779279879,productpage,v1,Running,True
1779279879,productpage,v1,Running,True
1779279879,productpage,v1,Running,True
1779279879,productpage,v1,Running,True
1779279879,productpage,v1,Running,True
1779279879,productpage,v1,Running,True
1779279879,productpage,v1,Running,True
1779279879,productpage,v1,Running,True
1779279879,productpage,v1,Running,True
1779279879,productpage,v1,Running,True
1779279879,productpage,v1,Running,True
1779279879,productpage,v1,Running,True
1779279879,productpage,v1,Running,True
1779279879,ratings,v1,Running,True
1779279879,reviews,v1,Running,True
1779279879,reviews,v2,Running,True
1779279879,reviews,v2,Running,True
1779279879,reviews,v2,Running,True
1779279879,reviews,v2,Running,True
1779279879,reviews,v2,Running,True
1779279879,reviews,v2,Running,True
1779279879,reviews,v3,Running,True
1779279879,reviews,v3,Running,True
1779279879,reviews,v3,Running,True
1779279879,reviews,v3,Running,True
1779279879,reviews,v3,Running,True
1779279880,details,v1,Running,True
1779279880,details,v1,Running,True
1779279880,details,v1,Running,True
1779279880,details,v1,Running,True
1779279880,productpage,v1,Running,True
1779279880,productpage,v1,Running,True
1779279880,productpage,v1,Running,True
1779279880,productpage,v1,Running,True
1779279880,productpage,v1,Running,True
1779279880,productpage,v1,Running,True
1779279880,productpage,v1,Running,True
1779279880,productpage,v1,Running,True
1779279880,productpage,v1,Running,True
1779279880,productpage,v1,Running,True
1779279880,productpage,v1,Running,True
1779279880,productpage,v1,Running,True
1779279880,productpage,v1,Running,True
1779279880,productpage,v1,Running,True
1779279880,productpage,v1,Running,True
1779279880,productpage,v1,Running,True
1779279880,productpage,v1,Running,True
1779279880,productpage,v1,Running,True
1779279880,productpage,v1,Running,True
1779279880,productpage,v1,Running,True
1779279880,ratings,v1,Running,True
1779279880,reviews,v1,Running,True
1779279880,reviews,v2,Running,True
1779279880,reviews,v2,Running,True
1779279880,reviews,v2,Running,True
1779279880,reviews,v2,Running,True
1779279880,reviews,v2,Running,True
1779279880,reviews,v2,Running,True
1779279880,reviews,v3,Running,True
1779279880,reviews,v3,Running,True
1779279880,reviews,v3,Running,True
1779279880,reviews,v3,Running,True
1779279880,reviews,v3,Running,True
1779279881,details,v1,Running,True
1779279881,details,v1,Running,True
1779279881,details,v1,Running,True
1779279881,details,v1,Running,True
1779279881,productpage,v1,Running,True
1779279881,productpage,v1,Running,True
1779279881,productpage,v1,Running,True
1779279881,productpage,v1,Running,True
1779279881,productpage,v1,Running,True
1779279881,productpage,v1,Running,True
1779279881,productpage,v1,Running,True
1779279881,productpage,v1,Running,True
1779279881,productpage,v1,Running,True
1779279881,productpage,v1,Running,True
1779279881,productpage,v1,Running,True
1779279881,productpage,v1,Running,True
1779279881,productpage,v1,Running,True
1779279881,productpage,v1,Running,True
1779279881,productpage,v1,Running,True
1779279881,productpage,v1,Running,True
1779279881,productpage,v1,Running,True
1779279881,productpage,v1,Running,True
1779279881,productpage,v1,Running,True
1779279881,productpage,v1,Running,True
1779279881,ratings,v1,Running,True
1779279881,reviews,v1,Running,True
1779279881,reviews,v2,Running,True
1779279881,reviews,v2,Running,True
1779279881,reviews,v2,Running,True
1779279881,reviews,v2,Running,True
1779279881,reviews,v2,Running,True
1779279881,reviews,v2,Running,True
1779279881,reviews,v3,Running,True
1779279881,reviews,v3,Running,True
1779279881,reviews,v3,Running,True
1779279881,reviews,v3,Running,True
1779279881,reviews,v3,Running,True
1779279882,details,v1,Running,True
1779279882,details,v1,Running,True
1779279882,details,v1,Running,True
1779279882,details,v1,Running,True
1779279882,productpage,v1,Running,True
1779279882,productpage,v1,Running,True
1779279882,productpage,v1,Running,True
1779279882,productpage,v1,Running,True
1779279882,productpage,v1,Running,True
1779279882,productpage,v1,Running,True
1779279882,productpage,v1,Running,True
1779279882,productpage,v1,Running,True
1779279882,productpage,v1,Running,True
1779279882,productpage,v1,Running,True
1779279882,productpage,v1,Running,True
1779279882,productpage,v1,Running,True
1779279882,productpage,v1,Running,True
1779279882,productpage,v1,Running,True
1779279882,productpage,v1,Running,True
1779279882,productpage,v1,Running,True
1779279882,productpage,v1,Running,True
1779279882,productpage,v1,Running,True
1779279882,productpage,v1,Running,True
1779279882,productpage,v1,Running,True
1779279882,ratings,v1,Running,True
1779279882,reviews,v1,Running,True
1779279882,reviews,v2,Running,True
1779279882,reviews,v2,Running,True
1779279882,reviews,v2,Running,True
1779279882,reviews,v2,Running,True
1779279882,reviews,v2,Running,True
1779279882,reviews,v2,Running,True
1779279882,reviews,v3,Running,True
1779279882,reviews,v3,Running,True
1779279882,reviews,v3,Running,True
1779279882,reviews,v3,Running,True
1779279882,reviews,v3,Running,True
1779279883,details,v1,Running,True
1779279883,details,v1,Running,True
1779279883,details,v1,Running,True
1779279883,details,v1,Running,True
1779279883,productpage,v1,Running,True
1779279883,productpage,v1,Running,True
1779279883,productpage,v1,Running,True
1779279883,productpage,v1,Running,True
1779279883,productpage,v1,Running,True
1779279883,productpage,v1,Running,True
1779279883,productpage,v1,Running,True
1779279883,productpage,v1,Running,True
1779279883,productpage,v1,Running,True
1779279883,productpage,v1,Running,True
1779279883,productpage,v1,Running,True
1779279883,productpage,v1,Running,True
1779279883,productpage,v1,Running,True
1779279883,productpage,v1,Running,True
1779279883,productpage,v1,Running,True
1779279883,productpage,v1,Running,True
1779279883,productpage,v1,Running,True
1779279883,productpage,v1,Running,True
1779279883,productpage,v1,Running,True
1779279883,productpage,v1,Running,True
1779279883,ratings,v1,Running,True
1779279883,reviews,v1,Running,True
1779279883,reviews,v2,Running,True
1779279883,reviews,v2,Running,True
1779279883,reviews,v2,Running,True
1779279883,reviews,v2,Running,True
1779279883,reviews,v2,Running,True
1779279883,reviews,v2,Running,True
1779279883,reviews,v3,Running,True
1779279883,reviews,v3,Running,True
1779279883,reviews,v3,Running,True
1779279883,reviews,v3,Running,True
1779279883,reviews,v3,Running,True
1779279884,details,v1,Running,True
1779279884,details,v1,Running,True
1779279884,details,v1,Running,True
1779279884,details,v1,Running,True
1779279884,productpage,v1,Running,True
1779279884,productpage,v1,Running,True
1779279884,productpage,v1,Running,True
1779279884,productpage,v1,Running,True
1779279884,productpage,v1,Running,True
1779279884,productpage,v1,Running,True
1779279884,productpage,v1,Running,True
1779279884,productpage,v1,Running,True
1779279884,productpage,v1,Running,True
1779279884,productpage,v1,Running,True
1779279884,productpage,v1,Running,True
1779279884,productpage,v1,Running,True
1779279884,productpage,v1,Running,True
1779279884,productpage,v1,Running,True
1779279884,productpage,v1,Running,True
1779279884,productpage,v1,Running,True
1779279884,productpage,v1,Running,True
1779279884,productpage,v1,Running,True
1779279884,productpage,v1,Running,True
1779279884,productpage,v1,Running,True
1779279884,ratings,v1,Running,True
1779279884,reviews,v1,Running,True
1779279884,reviews,v2,Running,True
1779279884,reviews,v2,Running,True
1779279884,reviews,v2,Running,True
1779279884,reviews,v2,Running,True
1779279884,reviews,v2,Running,True
1779279884,reviews,v2,Running,True
1779279884,reviews,v3,Running,True
1779279884,reviews,v3,Running,True
1779279884,reviews,v3,Running,True
1779279884,reviews,v3,Running,True
1779279884,reviews,v3,Running,True
1779279885,details,v1,Running,True
1779279885,details,v1,Running,True
1779279885,details,v1,Running,True
1779279885,details,v1,Running,True
1779279885,productpage,v1,Running,True
1779279885,productpage,v1,Running,True
1779279885,productpage,v1,Running,True
1779279885,productpage,v1,Running,True
1779279885,productpage,v1,Running,True
1779279885,productpage,v1,Running,True
1779279885,productpage,v1,Running,True
1779279885,productpage,v1,Running,True
1779279885,productpage,v1,Running,True
1779279885,productpage,v1,Running,True
1779279885,productpage,v1,Running,True
1779279885,productpage,v1,Running,True
1779279885,productpage,v1,Running,True
1779279885,productpage,v1,Running,True
1779279885,productpage,v1,Running,True
1779279885,productpage,v1,Running,True
1779279885,productpage,v1,Running,True
1779279885,productpage,v1,Running,True
1779279885,productpage,v1,Running,True
1779279885,productpage,v1,Running,True
1779279885,ratings,v1,Running,True
1779279885,reviews,v1,Running,True
1779279885,reviews,v2,Running,True
1779279885,reviews,v2,Running,True
1779279885,reviews,v2,Running,True
1779279885,reviews,v2,Running,True
1779279885,reviews,v2,Running,True
1779279885,reviews,v2,Running,True
1779279885,reviews,v3,Running,True
1779279885,reviews,v3,Running,True
1779279885,reviews,v3,Running,True
1779279885,reviews,v3,Running,True
1779279885,reviews,v3,Running,True
1779279886,details,v1,Running,True
1779279886,details,v1,Running,True
1779279886,details,v1,Running,True
1779279886,details,v1,Running,True
1779279886,productpage,v1,Running,True
1779279886,productpage,v1,Running,True
1779279886,productpage,v1,Running,True
1779279886,productpage,v1,Running,True
1779279886,productpage,v1,Running,True
1779279886,productpage,v1,Running,True
1779279886,productpage,v1,Running,True
1779279886,productpage,v1,Running,True
1779279886,productpage,v1,Running,True
1779279886,productpage,v1,Running,True
1779279886,productpage,v1,Running,True
1779279886,productpage,v1,Running,True
1779279886,productpage,v1,Running,True
1779279886,productpage,v1,Running,True
1779279886,productpage,v1,Running,True
1779279886,productpage,v1,Running,True
1779279886,productpage,v1,Running,True
1779279886,productpage,v1,Running,True
1779279886,productpage,v1,Running,True
1779279886,productpage,v1,Running,True
1779279886,ratings,v1,Running,True
1779279886,reviews,v1,Running,True
1779279886,reviews,v2,Running,True
1779279886,reviews,v2,Running,True
1779279886,reviews,v2,Running,True
1779279886,reviews,v2,Running,True
1779279886,reviews,v2,Running,True
1779279886,reviews,v2,Running,True
1779279886,reviews,v3,Running,True
1779279886,reviews,v3,Running,True
1779279886,reviews,v3,Running,True
1779279886,reviews,v3,Running,True
1779279886,reviews,v3,Running,True
1779279887,details,v1,Running,True
1779279887,details,v1,Running,True
1779279887,details,v1,Running,True
1779279887,details,v1,Running,True
1779279887,productpage,v1,Running,True
1779279887,productpage,v1,Running,True
1779279887,productpage,v1,Running,True
1779279887,productpage,v1,Running,True
1779279887,productpage,v1,Running,True
1779279887,productpage,v1,Running,True
1779279887,productpage,v1,Running,True
1779279887,productpage,v1,Running,True
1779279887,productpage,v1,Running,True
1779279887,productpage,v1,Running,True
1779279887,productpage,v1,Running,True
1779279887,productpage,v1,Running,True
1779279887,productpage,v1,Running,True
1779279887,productpage,v1,Running,True
1779279887,productpage,v1,Running,True
1779279887,productpage,v1,Running,True
1779279887,productpage,v1,Running,True
1779279887,productpage,v1,Running,True
1779279887,productpage,v1,Running,True
1779279887,productpage,v1,Running,True
1779279887,ratings,v1,Running,True
1779279887,reviews,v1,Running,True
1779279887,reviews,v2,Running,True
1779279887,reviews,v2,Running,True
1779279887,reviews,v2,Running,True
1779279887,reviews,v2,Running,True
1779279887,reviews,v2,Running,True
1779279887,reviews,v2,Running,True
1779279887,reviews,v3,Running,True
1779279887,reviews,v3,Running,True
1779279887,reviews,v3,Running,True
1779279887,reviews,v3,Running,True
1779279887,reviews,v3,Running,True
1779279888,details,v1,Running,True
1779279888,details,v1,Running,True
1779279888,details,v1,Running,True
1779279888,details,v1,Running,True
1779279888,productpage,v1,Running,True
1779279888,productpage,v1,Running,True
1779279888,productpage,v1,Running,True
1779279888,productpage,v1,Running,True
1779279888,productpage,v1,Running,True
1779279888,productpage,v1,Running,True
1779279888,productpage,v1,Running,True
1779279888,productpage,v1,Running,True
1779279888,productpage,v1,Running,True
1779279888,productpage,v1,Running,True
1779279888,productpage,v1,Running,True
1779279888,productpage,v1,Running,True
1779279888,productpage,v1,Running,True
1779279888,productpage,v1,Running,True
1779279888,productpage,v1,Running,True
1779279888,productpage,v1,Running,True
1779279888,productpage,v1,Running,True
1779279888,productpage,v1,Running,True
1779279888,productpage,v1,Running,True
1779279888,productpage,v1,Running,True
1779279888,ratings,v1,Running,True
1779279888,reviews,v1,Running,True
1779279888,reviews,v2,Running,True
1779279888,reviews,v2,Running,True
1779279888,reviews,v2,Running,True
1779279888,reviews,v2,Running,True
1779279888,reviews,v2,Running,True
1779279888,reviews,v2,Running,True
1779279888,reviews,v3,Running,True
1779279888,reviews,v3,Running,True
1779279888,reviews,v3,Running,True
1779279888,reviews,v3,Running,True
1779279888,reviews,v3,Running,True
1779279889,details,v1,Running,True
1779279889,details,v1,Running,True
1779279889,details,v1,Running,True
1779279889,details,v1,Running,True
1779279889,productpage,v1,Running,True
1779279889,productpage,v1,Running,True
1779279889,productpage,v1,Running,True
1779279889,productpage,v1,Running,True
1779279889,productpage,v1,Running,True
1779279889,productpage,v1,Running,True
1779279889,productpage,v1,Running,True
1779279889,productpage,v1,Running,True
1779279889,productpage,v1,Running,True
1779279889,productpage,v1,Running,True
1779279889,productpage,v1,Running,True
1779279889,productpage,v1,Running,True
1779279889,productpage,v1,Running,True
1779279889,productpage,v1,Running,True
1779279889,productpage,v1,Running,True
1779279889,productpage,v1,Running,True
1779279889,productpage,v1,Running,True
1779279889,productpage,v1,Running,True
1779279889,productpage,v1,Running,True
1779279889,productpage,v1,Running,True
1779279889,ratings,v1,Running,True
1779279889,reviews,v1,Running,True
1779279889,reviews,v2,Running,True
1779279889,reviews,v2,Running,True
1779279889,reviews,v2,Running,True
1779279889,reviews,v2,Running,True
1779279889,reviews,v2,Running,True
1779279889,reviews,v2,Running,True
1779279889,reviews,v3,Running,True
1779279889,reviews,v3,Running,True
1779279889,reviews,v3,Running,True
1779279889,reviews,v3,Running,True
1779279889,reviews,v3,Running,True
1779279890,details,v1,Running,True
1779279890,details,v1,Running,True
1779279890,details,v1,Running,True
1779279890,details,v1,Running,True
1779279890,productpage,v1,Running,True
1779279890,productpage,v1,Running,True
1779279890,productpage,v1,Running,True
1779279890,productpage,v1,Running,True
1779279890,productpage,v1,Running,True
1779279890,productpage,v1,Running,True
1779279890,productpage,v1,Running,True
1779279890,productpage,v1,Running,True
1779279890,productpage,v1,Running,True
1779279890,productpage,v1,Running,True
1779279890,productpage,v1,Running,True
1779279890,productpage,v1,Running,True
1779279890,productpage,v1,Running,True
1779279890,productpage,v1,Running,True
1779279890,productpage,v1,Running,True
1779279890,productpage,v1,Running,True
1779279890,productpage,v1,Running,True
1779279890,productpage,v1,Running,True
1779279890,productpage,v1,Running,True
1779279890,productpage,v1,Running,True
1779279890,ratings,v1,Running,True
1779279890,reviews,v1,Running,True
1779279890,reviews,v2,Running,True
1779279890,reviews,v2,Running,True
1779279890,reviews,v2,Running,True
1779279890,reviews,v2,Running,True
1779279890,reviews,v2,Running,True
1779279890,reviews,v2,Running,True
1779279890,reviews,v3,Running,True
1779279890,reviews,v3,Running,True
1779279890,reviews,v3,Running,True
1779279890,reviews,v3,Running,True
1779279890,reviews,v3,Running,True
1779279891,details,v1,Running,True
1779279891,details,v1,Running,True
1779279891,details,v1,Running,True
1779279891,details,v1,Running,True
1779279891,productpage,v1,Running,True
1779279891,productpage,v1,Running,True
1779279891,productpage,v1,Running,True
1779279891,productpage,v1,Running,True
1779279891,productpage,v1,Running,True
1779279891,productpage,v1,Running,True
1779279891,productpage,v1,Running,True
1779279891,productpage,v1,Running,True
1779279891,productpage,v1,Running,True
1779279891,productpage,v1,Running,True
1779279891,productpage,v1,Running,True
1779279891,productpage,v1,Running,True
1779279891,productpage,v1,Running,True
1779279891,productpage,v1,Running,True
1779279891,productpage,v1,Running,True
1779279891,productpage,v1,Running,True
1779279891,productpage,v1,Running,True
1779279891,productpage,v1,Running,True
1779279891,productpage,v1,Running,True
1779279891,productpage,v1,Running,True
1779279891,ratings,v1,Running,True
1779279891,reviews,v1,Running,True
1779279891,reviews,v2,Running,True
1779279891,reviews,v2,Running,True
1779279891,reviews,v2,Running,True
1779279891,reviews,v2,Running,True
1779279891,reviews,v2,Running,True
1779279891,reviews,v2,Running,True
1779279891,reviews,v3,Running,True
1779279891,reviews,v3,Running,True
1779279891,reviews,v3,Running,True
1779279891,reviews,v3,Running,True
1779279891,reviews,v3,Running,True
1779279892,details,v1,Running,True
1779279892,details,v1,Running,True
1779279892,details,v1,Running,True
1779279892,details,v1,Running,True
1779279892,productpage,v1,Running,True
1779279892,productpage,v1,Running,True
1779279892,productpage,v1,Running,True
1779279892,productpage,v1,Running,True
1779279892,productpage,v1,Running,True
1779279892,productpage,v1,Running,True
1779279892,productpage,v1,Running,True
1779279892,productpage,v1,Running,True
1779279892,productpage,v1,Running,True
1779279892,productpage,v1,Running,True
1779279892,productpage,v1,Running,True
1779279892,productpage,v1,Running,True
1779279892,productpage,v1,Running,True
1779279892,productpage,v1,Running,True
1779279892,productpage,v1,Running,True
1779279892,productpage,v1,Running,True
1779279892,productpage,v1,Running,True
1779279892,productpage,v1,Running,True
1779279892,productpage,v1,Running,True
1779279892,productpage,v1,Running,True
1779279892,ratings,v1,Running,True
1779279892,reviews,v1,Running,True
1779279892,reviews,v2,Running,True
1779279892,reviews,v2,Running,True
1779279892,reviews,v2,Running,True
1779279892,reviews,v2,Running,True
1779279892,reviews,v2,Running,True
1779279892,reviews,v2,Running,True
1779279892,reviews,v3,Running,True
1779279892,reviews,v3,Running,True
1779279892,reviews,v3,Running,True
1779279892,reviews,v3,Running,True
1779279892,reviews,v3,Running,True
1779279893,details,v1,Running,True
1779279893,details,v1,Running,True
1779279893,details,v1,Running,True
1779279893,details,v1,Running,True
1779279893,productpage,v1,Running,True
1779279893,productpage,v1,Running,True
1779279893,productpage,v1,Running,True
1779279893,productpage,v1,Running,True
1779279893,productpage,v1,Running,True
1779279893,productpage,v1,Running,True
1779279893,productpage,v1,Running,True
1779279893,productpage,v1,Running,True
1779279893,productpage,v1,Running,True
1779279893,productpage,v1,Running,True
1779279893,productpage,v1,Running,True
1779279893,productpage,v1,Running,True
1779279893,productpage,v1,Running,True
1779279893,productpage,v1,Running,True
1779279893,productpage,v1,Running,True
1779279893,productpage,v1,Running,True
1779279893,productpage,v1,Running,True
1779279893,productpage,v1,Running,True
1779279893,productpage,v1,Running,True
1779279893,productpage,v1,Running,True
1779279893,ratings,v1,Running,True
1779279893,reviews,v1,Running,True
1779279893,reviews,v2,Running,True
1779279893,reviews,v2,Running,True
1779279893,reviews,v2,Running,True
1779279893,reviews,v2,Running,True
1779279893,reviews,v2,Running,True
1779279893,reviews,v2,Running,True
1779279893,reviews,v3,Running,True
1779279893,reviews,v3,Running,True
1779279893,reviews,v3,Running,True
1779279893,reviews,v3,Running,True
1779279893,reviews,v3,Running,True
1779279894,details,v1,Running,True
1779279894,details,v1,Running,True
1779279894,details,v1,Running,True
1779279894,details,v1,Running,True
1779279894,productpage,v1,Running,True
1779279894,productpage,v1,Running,True
1779279894,productpage,v1,Running,True
1779279894,productpage,v1,Running,True
1779279894,productpage,v1,Running,True
1779279894,productpage,v1,Running,True
1779279894,productpage,v1,Running,True
1779279894,productpage,v1,Running,True
1779279894,productpage,v1,Running,True
1779279894,productpage,v1,Running,True
1779279894,productpage,v1,Running,True
1779279894,productpage,v1,Running,True
1779279894,productpage,v1,Running,True
1779279894,productpage,v1,Running,True
1779279894,productpage,v1,Running,True
1779279894,productpage,v1,Running,True
1779279894,productpage,v1,Running,True
1779279894,productpage,v1,Running,True
1779279894,productpage,v1,Running,True
1779279894,productpage,v1,Running,True
1779279894,ratings,v1,Running,True
1779279894,reviews,v1,Running,True
1779279894,reviews,v2,Running,True
1779279894,reviews,v2,Running,True
1779279894,reviews,v2,Running,True
1779279894,reviews,v2,Running,True
1779279894,reviews,v2,Running,True
1779279894,reviews,v2,Running,True
1779279894,reviews,v3,Running,True
1779279894,reviews,v3,Running,True
1779279894,reviews,v3,Running,True
1779279894,reviews,v3,Running,True
1779279894,reviews,v3,Running,True
1779279895,details,v1,Running,True
1779279895,details,v1,Running,True
1779279895,details,v1,Running,True
1779279895,details,v1,Running,True
1779279895,productpage,v1,Running,True
1779279895,productpage,v1,Running,True
1779279895,productpage,v1,Running,True
1779279895,productpage,v1,Running,True
1779279895,productpage,v1,Running,True
1779279895,productpage,v1,Running,True
1779279895,productpage,v1,Running,True
1779279895,productpage,v1,Running,True
1779279895,productpage,v1,Running,True
1779279895,productpage,v1,Running,True
1779279895,productpage,v1,Running,True
1779279895,productpage,v1,Running,True
1779279895,productpage,v1,Running,True
1779279895,productpage,v1,Running,True
1779279895,productpage,v1,Running,True
1779279895,productpage,v1,Running,True
1779279895,productpage,v1,Running,True
1779279895,productpage,v1,Running,True
1779279895,productpage,v1,Running,True
1779279895,productpage,v1,Running,True
1779279895,ratings,v1,Running,True
1779279895,reviews,v1,Running,True
1779279895,reviews,v2,Running,True
1779279895,reviews,v2,Running,True
1779279895,reviews,v2,Running,True
1779279895,reviews,v2,Running,True
1779279895,reviews,v2,Running,True
1779279895,reviews,v2,Running,True
1779279895,reviews,v3,Running,True
1779279895,reviews,v3,Running,True
1779279895,reviews,v3,Running,True
1779279895,reviews,v3,Running,True
1779279895,reviews,v3,Running,True
1779279896,details,v1,Running,True
1779279896,details,v1,Running,True
1779279896,details,v1,Running,True
1779279896,details,v1,Running,True
1779279896,productpage,v1,Running,True
1779279896,productpage,v1,Running,True
1779279896,productpage,v1,Running,True
1779279896,productpage,v1,Running,True
1779279896,productpage,v1,Running,True
1779279896,productpage,v1,Running,True
1779279896,productpage,v1,Running,True
1779279896,productpage,v1,Running,True
1779279896,productpage,v1,Running,True
1779279896,productpage,v1,Running,True
1779279896,productpage,v1,Running,True
1779279896,productpage,v1,Running,True
1779279896,productpage,v1,Running,True
1779279896,productpage,v1,Running,True
1779279896,productpage,v1,Running,True
1779279896,productpage,v1,Running,True
1779279896,productpage,v1,Running,True
1779279896,productpage,v1,Running,True
1779279896,productpage,v1,Running,True
1779279896,productpage,v1,Running,True
1779279896,ratings,v1,Running,True
1779279896,reviews,v1,Running,True
1779279896,reviews,v2,Running,True
1779279896,reviews,v2,Running,True
1779279896,reviews,v2,Running,True
1779279896,reviews,v2,Running,True
1779279896,reviews,v2,Running,True
1779279896,reviews,v2,Running,True
1779279896,reviews,v3,Running,True
1779279896,reviews,v3,Running,True
1779279896,reviews,v3,Running,True
1779279896,reviews,v3,Running,True
1779279896,reviews,v3,Running,True
1779279897,details,v1,Running,True
1779279897,details,v1,Running,True
1779279897,details,v1,Running,True
1779279897,details,v1,Running,True
1779279897,productpage,v1,Running,True
1779279897,productpage,v1,Running,True
1779279897,productpage,v1,Running,True
1779279897,productpage,v1,Running,True
1779279897,productpage,v1,Running,True
1779279897,productpage,v1,Running,True
1779279897,productpage,v1,Running,True
1779279897,productpage,v1,Running,True
1779279897,productpage,v1,Running,True
1779279897,productpage,v1,Running,True
1779279897,productpage,v1,Running,True
1779279897,productpage,v1,Running,True
1779279897,productpage,v1,Running,True
1779279897,productpage,v1,Running,True
1779279897,productpage,v1,Running,True
1779279897,productpage,v1,Running,True
1779279897,productpage,v1,Running,True
1779279897,productpage,v1,Running,True
1779279897,productpage,v1,Running,True
1779279897,productpage,v1,Running,True
1779279897,ratings,v1,Running,True
1779279897,reviews,v1,Running,True
1779279897,reviews,v2,Running,True
1779279897,reviews,v2,Running,True
1779279897,reviews,v2,Running,True
1779279897,reviews,v2,Running,True
1779279897,reviews,v2,Running,True
1779279897,reviews,v2,Running,True
1779279897,reviews,v3,Running,True
1779279897,reviews,v3,Running,True
1779279897,reviews,v3,Running,True
1779279897,reviews,v3,Running,True
1779279897,reviews,v3,Running,True
1779279898,details,v1,Running,True
1779279898,details,v1,Running,True
1779279898,details,v1,Running,True
1779279898,details,v1,Running,True
1779279898,productpage,v1,Running,True
1779279898,productpage,v1,Running,True
1779279898,productpage,v1,Running,True
1779279898,productpage,v1,Running,True
1779279898,productpage,v1,Running,True
1779279898,productpage,v1,Running,True
1779279898,productpage,v1,Running,True
1779279898,productpage,v1,Running,True
1779279898,productpage,v1,Running,True
1779279898,productpage,v1,Running,True
1779279898,productpage,v1,Running,True
1779279898,productpage,v1,Running,True
1779279898,productpage,v1,Running,True
1779279898,productpage,v1,Running,True
1779279898,productpage,v1,Running,True
1779279898,productpage,v1,Running,True
1779279898,productpage,v1,Running,True
1779279898,productpage,v1,Running,True
1779279898,productpage,v1,Running,True
1779279898,productpage,v1,Running,True
1779279898,ratings,v1,Running,True
1779279898,reviews,v1,Running,True
1779279898,reviews,v2,Running,True
1779279898,reviews,v2,Running,True
1779279898,reviews,v2,Running,True
1779279898,reviews,v2,Running,True
1779279898,reviews,v2,Running,True
1779279898,reviews,v2,Running,True
1779279898,reviews,v3,Running,True
1779279898,reviews,v3,Running,True
1779279898,reviews,v3,Running,True
1779279898,reviews,v3,Running,True
1779279898,reviews,v3,Running,True
1779279899,details,v1,Running,True
1779279899,details,v1,Running,True
1779279899,details,v1,Running,True
1779279899,details,v1,Running,True
1779279899,productpage,v1,Running,True
1779279899,productpage,v1,Running,True
1779279899,productpage,v1,Running,True
1779279899,productpage,v1,Running,True
1779279899,productpage,v1,Running,True
1779279899,productpage,v1,Running,True
1779279899,productpage,v1,Running,True
1779279899,productpage,v1,Running,True
1779279899,productpage,v1,Running,True
1779279899,productpage,v1,Running,True
1779279899,productpage,v1,Running,True
1779279899,productpage,v1,Running,True
1779279899,productpage,v1,Running,True
1779279899,productpage,v1,Running,True
1779279899,productpage,v1,Running,True
1779279899,productpage,v1,Running,True
1779279899,productpage,v1,Running,True
1779279899,productpage,v1,Running,True
1779279899,productpage,v1,Running,True
1779279899,productpage,v1,Running,True
1779279899,ratings,v1,Running,True
1779279899,reviews,v1,Running,True
1779279899,reviews,v2,Running,True
1779279899,reviews,v2,Running,True
1779279899,reviews,v2,Running,True
1779279899,reviews,v2,Running,True
1779279899,reviews,v2,Running,True
1779279899,reviews,v2,Running,True
1779279899,reviews,v3,Running,True
1779279899,reviews,v3,Running,True
1779279899,reviews,v3,Running,True
1779279899,reviews,v3,Running,True
1779279899,reviews,v3,Running,True
1779279900,details,v1,Running,True
1779279900,details,v1,Running,True
1779279900,details,v1,Running,True
1779279900,details,v1,Running,True
1779279900,productpage,v1,Running,True
1779279900,productpage,v1,Running,True
1779279900,productpage,v1,Running,True
1779279900,productpage,v1,Running,True
1779279900,productpage,v1,Running,True
1779279900,productpage,v1,Running,True
1779279900,productpage,v1,Running,True
1779279900,productpage,v1,Running,True
1779279900,productpage,v1,Running,True
1779279900,productpage,v1,Running,True
1779279900,productpage,v1,Running,True
1779279900,productpage,v1,Running,True
1779279900,productpage,v1,Running,True
1779279900,productpage,v1,Running,True
1779279900,productpage,v1,Running,True
1779279900,productpage,v1,Running,True
1779279900,productpage,v1,Running,True
1779279900,productpage,v1,Running,True
1779279900,productpage,v1,Running,True
1779279900,productpage,v1,Running,True
1779279900,ratings,v1,Running,True
1779279900,reviews,v1,Running,True
1779279900,reviews,v2,Running,True
1779279900,reviews,v2,Running,True
1779279900,reviews,v2,Running,True
1779279900,reviews,v2,Running,True
1779279900,reviews,v2,Running,True
1779279900,reviews,v2,Running,True
1779279900,reviews,v3,Running,True
1779279900,reviews,v3,Running,True
1779279900,reviews,v3,Running,True
1779279900,reviews,v3,Running,True
1779279900,reviews,v3,Running,True
1779279901,details,v1,Running,True
1779279901,details,v1,Running,True
1779279901,details,v1,Running,True
1779279901,details,v1,Running,True
1779279901,productpage,v1,Running,True
1779279901,productpage,v1,Running,True
1779279901,productpage,v1,Running,True
1779279901,productpage,v1,Running,True
1779279901,productpage,v1,Running,True
1779279901,productpage,v1,Running,True
1779279901,productpage,v1,Running,True
1779279901,productpage,v1,Running,True
1779279901,productpage,v1,Running,True
1779279901,productpage,v1,Running,True
1779279901,productpage,v1,Running,True
1779279901,productpage,v1,Running,True
1779279901,productpage,v1,Running,True
1779279901,productpage,v1,Running,True
1779279901,productpage,v1,Running,True
1779279901,productpage,v1,Running,True
1779279901,productpage,v1,Running,True
1779279901,productpage,v1,Running,True
1779279901,productpage,v1,Running,True
1779279901,productpage,v1,Running,True
1779279901,ratings,v1,Running,True
1779279901,reviews,v1,Running,True
1779279901,reviews,v2,Running,True
1779279901,reviews,v2,Running,True
1779279901,reviews,v2,Running,True
1779279901,reviews,v2,Running,True
1779279901,reviews,v2,Running,True
1779279901,reviews,v2,Running,True
1779279901,reviews,v3,Running,True
1779279901,reviews,v3,Running,True
1779279901,reviews,v3,Running,True
1779279901,reviews,v3,Running,True
1779279901,reviews,v3,Running,True
1779279902,details,v1,Running,True
1779279902,details,v1,Running,True
1779279902,details,v1,Running,True
1779279902,details,v1,Running,True
1779279902,productpage,v1,Running,True
1779279902,productpage,v1,Running,True
1779279902,productpage,v1,Running,True
1779279902,productpage,v1,Running,True
1779279902,productpage,v1,Running,True
1779279902,productpage,v1,Running,True
1779279902,productpage,v1,Running,True
1779279902,productpage,v1,Running,True
1779279902,productpage,v1,Running,True
1779279902,productpage,v1,Running,True
1779279902,productpage,v1,Running,True
1779279902,productpage,v1,Running,True
1779279902,productpage,v1,Running,True
1779279902,productpage,v1,Running,True
1779279902,productpage,v1,Running,True
1779279902,productpage,v1,Running,True
1779279902,productpage,v1,Running,True
1779279902,productpage,v1,Running,True
1779279902,productpage,v1,Running,True
1779279902,productpage,v1,Running,True
1779279902,ratings,v1,Running,True
1779279902,reviews,v1,Running,True
1779279902,reviews,v2,Running,True
1779279902,reviews,v2,Running,True
1779279902,reviews,v2,Running,True
1779279902,reviews,v2,Running,True
1779279902,reviews,v2,Running,True
1779279902,reviews,v2,Running,True
1779279902,reviews,v3,Running,True
1779279902,reviews,v3,Running,True
1779279902,reviews,v3,Running,True
1779279902,reviews,v3,Running,True
1779279902,reviews,v3,Running,True
1779279903,details,v1,Running,True
1779279903,details,v1,Running,True
1779279903,details,v1,Running,True
1779279903,details,v1,Running,True
1779279903,productpage,v1,Running,True
1779279903,productpage,v1,Running,True
1779279903,productpage,v1,Running,True
1779279903,productpage,v1,Running,True
1779279903,productpage,v1,Running,True
1779279903,productpage,v1,Running,True
1779279903,productpage,v1,Running,True
1779279903,productpage,v1,Running,True
1779279903,productpage,v1,Running,True
1779279903,productpage,v1,Running,True
1779279903,productpage,v1,Running,True
1779279903,productpage,v1,Running,True
1779279903,productpage,v1,Running,True
1779279903,productpage,v1,Running,True
1779279903,productpage,v1,Running,True
1779279903,productpage,v1,Running,True
1779279903,productpage,v1,Running,True
1779279903,productpage,v1,Running,True
1779279903,productpage,v1,Running,True
1779279903,productpage,v1,Running,True
1779279903,ratings,v1,Running,True
1779279903,reviews,v1,Running,True
1779279903,reviews,v2,Running,True
1779279903,reviews,v2,Running,True
1779279903,reviews,v2,Running,True
1779279903,reviews,v2,Running,True
1779279903,reviews,v2,Running,True
1779279903,reviews,v2,Running,True
1779279903,reviews,v3,Running,True
1779279903,reviews,v3,Running,True
1779279903,reviews,v3,Running,True
1779279903,reviews,v3,Running,True
1779279903,reviews,v3,Running,True
1779279904,details,v1,Running,True
1779279904,details,v1,Running,True
1779279904,details,v1,Running,True
1779279904,details,v1,Running,True
1779279904,productpage,v1,Running,True
1779279904,productpage,v1,Running,True
1779279904,productpage,v1,Running,True
1779279904,productpage,v1,Running,True
1779279904,productpage,v1,Running,True
1779279904,productpage,v1,Running,True
1779279904,productpage,v1,Running,True
1779279904,productpage,v1,Running,True
1779279904,productpage,v1,Running,True
1779279904,productpage,v1,Running,True
1779279904,productpage,v1,Running,True
1779279904,productpage,v1,Running,True
1779279904,productpage,v1,Running,True
1779279904,productpage,v1,Running,True
1779279904,productpage,v1,Running,True
1779279904,productpage,v1,Running,True
1779279904,productpage,v1,Running,True
1779279904,productpage,v1,Running,True
1779279904,productpage,v1,Running,True
1779279904,productpage,v1,Running,True
1779279904,ratings,v1,Running,True
1779279904,reviews,v1,Running,True
1779279904,reviews,v2,Running,True
1779279904,reviews,v2,Running,True
1779279904,reviews,v2,Running,True
1779279904,reviews,v2,Running,True
1779279904,reviews,v2,Running,True
1779279904,reviews,v2,Running,True
1779279904,reviews,v3,Running,True
1779279904,reviews,v3,Running,True
1779279904,reviews,v3,Running,True
1779279904,reviews,v3,Running,True
1779279904,reviews,v3,Running,True
1779279905,details,v1,Running,True
1779279905,details,v1,Running,True
1779279905,details,v1,Running,True
1779279905,details,v1,Running,True
1779279905,productpage,v1,Running,True
1779279905,productpage,v1,Running,True
1779279905,productpage,v1,Running,True
1779279905,productpage,v1,Running,True
1779279905,productpage,v1,Running,True
1779279905,productpage,v1,Running,True
1779279905,productpage,v1,Running,True
1779279905,productpage,v1,Running,True
1779279905,productpage,v1,Running,True
1779279905,productpage,v1,Running,True
1779279905,productpage,v1,Running,True
1779279905,productpage,v1,Running,True
1779279905,productpage,v1,Running,True
1779279905,productpage,v1,Running,True
1779279905,productpage,v1,Running,True
1779279905,productpage,v1,Running,True
1779279905,productpage,v1,Running,True
1779279905,productpage,v1,Running,True
1779279905,productpage,v1,Running,True
1779279905,productpage,v1,Running,True
1779279905,ratings,v1,Running,True
1779279905,reviews,v1,Running,True
1779279905,reviews,v2,Running,True
1779279905,reviews,v2,Running,True
1779279905,reviews,v2,Running,True
1779279905,reviews,v2,Running,True
1779279905,reviews,v2,Running,True
1779279905,reviews,v2,Running,True
1779279905,reviews,v3,Running,True
1779279905,reviews,v3,Running,True
1779279905,reviews,v3,Running,True
1779279905,reviews,v3,Running,True
1779279905,reviews,v3,Running,True
1779279906,details,v1,Running,True
1779279906,details,v1,Running,True
1779279906,details,v1,Running,True
1779279906,details,v1,Running,True
1779279906,productpage,v1,Running,True
1779279906,productpage,v1,Running,True
1779279906,productpage,v1,Running,True
1779279906,productpage,v1,Running,True
1779279906,productpage,v1,Running,True
1779279906,productpage,v1,Running,True
1779279906,productpage,v1,Running,True
1779279906,productpage,v1,Running,True
1779279906,productpage,v1,Running,True
1779279906,productpage,v1,Running,True
1779279906,productpage,v1,Running,True
1779279906,productpage,v1,Running,True
1779279906,productpage,v1,Running,True
1779279906,productpage,v1,Running,True
1779279906,productpage,v1,Running,True
1779279906,productpage,v1,Running,True
1779279906,productpage,v1,Running,True
1779279906,productpage,v1,Running,True
1779279906,productpage,v1,Running,True
1779279906,productpage,v1,Running,True
1779279906,ratings,v1,Running,True
1779279906,reviews,v1,Running,True
1779279906,reviews,v2,Running,True
1779279906,reviews,v2,Running,True
1779279906,reviews,v2,Running,True
1779279906,reviews,v2,Running,True
1779279906,reviews,v2,Running,True
1779279906,reviews,v2,Running,True
1779279906,reviews,v3,Running,True
1779279906,reviews,v3,Running,True
1779279906,reviews,v3,Running,True
1779279906,reviews,v3,Running,True
1779279906,reviews,v3,Running,True
1779279907,details,v1,Running,True
1779279907,details,v1,Running,True
1779279907,details,v1,Running,True
1779279907,details,v1,Running,True
1779279907,productpage,v1,Running,True
1779279907,productpage,v1,Running,True
1779279907,productpage,v1,Running,True
1779279907,productpage,v1,Running,True
1779279907,productpage,v1,Running,True
1779279907,productpage,v1,Running,True
1779279907,productpage,v1,Running,True
1779279907,productpage,v1,Running,True
1779279907,productpage,v1,Running,True
1779279907,productpage,v1,Running,True
1779279907,productpage,v1,Running,True
1779279907,productpage,v1,Running,True
1779279907,productpage,v1,Running,True
1779279907,productpage,v1,Running,True
1779279907,productpage,v1,Running,True
1779279907,productpage,v1,Running,True
1779279907,productpage,v1,Running,True
1779279907,productpage,v1,Running,True
1779279907,productpage,v1,Running,True
1779279907,productpage,v1,Running,True
1779279907,ratings,v1,Running,True
1779279907,reviews,v1,Running,True
1779279907,reviews,v2,Running,True
1779279907,reviews,v2,Running,True
1779279907,reviews,v2,Running,True
1779279907,reviews,v2,Running,True
1779279907,reviews,v2,Running,True
1779279907,reviews,v2,Running,True
1779279907,reviews,v3,Running,True
1779279907,reviews,v3,Running,True
1779279907,reviews,v3,Running,True
1779279907,reviews,v3,Running,True
1779279907,reviews,v3,Running,True
1779279908,details,v1,Running,True
1779279908,details,v1,Running,True
1779279908,details,v1,Running,True
1779279908,details,v1,Running,True
1779279908,productpage,v1,Running,True
1779279908,productpage,v1,Running,True
1779279908,productpage,v1,Running,True
1779279908,productpage,v1,Running,True
1779279908,productpage,v1,Running,True
1779279908,productpage,v1,Running,True
1779279908,productpage,v1,Running,True
1779279908,productpage,v1,Running,True
1779279908,productpage,v1,Running,True
1779279908,productpage,v1,Running,True
1779279908,productpage,v1,Running,True
1779279908,productpage,v1,Running,True
1779279908,productpage,v1,Running,True
1779279908,productpage,v1,Running,True
1779279908,productpage,v1,Running,True
1779279908,productpage,v1,Running,True
1779279908,productpage,v1,Running,True
1779279908,productpage,v1,Running,True
1779279908,productpage,v1,Running,True
1779279908,productpage,v1,Running,True
1779279908,ratings,v1,Running,True
1779279908,reviews,v1,Running,True
1779279908,reviews,v2,Running,True
1779279908,reviews,v2,Running,True
1779279908,reviews,v2,Running,True
1779279908,reviews,v2,Running,True
1779279908,reviews,v2,Running,True
1779279908,reviews,v2,Running,True
1779279908,reviews,v3,Running,True
1779279908,reviews,v3,Running,True
1779279908,reviews,v3,Running,True
1779279908,reviews,v3,Running,True
1779279908,reviews,v3,Running,True
1779279909,details,v1,Running,True
1779279909,details,v1,Running,True
1779279909,details,v1,Running,True
1779279909,details,v1,Running,True
1779279909,productpage,v1,Running,True
1779279909,productpage,v1,Running,True
1779279909,productpage,v1,Running,True
1779279909,productpage,v1,Running,True
1779279909,productpage,v1,Running,True
1779279909,productpage,v1,Running,True
1779279909,productpage,v1,Running,True
1779279909,productpage,v1,Running,True
1779279909,productpage,v1,Running,True
1779279909,productpage,v1,Running,True
1779279909,productpage,v1,Running,True
1779279909,productpage,v1,Running,True
1779279909,productpage,v1,Running,True
1779279909,productpage,v1,Running,True
1779279909,productpage,v1,Running,True
1779279909,productpage,v1,Running,True
1779279909,productpage,v1,Running,True
1779279909,productpage,v1,Running,True
1779279909,productpage,v1,Running,True
1779279909,productpage,v1,Running,True
1779279909,ratings,v1,Running,True
1779279909,reviews,v1,Running,True
1779279909,reviews,v2,Running,True
1779279909,reviews,v2,Running,True
1779279909,reviews,v2,Running,True
1779279909,reviews,v2,Running,True
1779279909,reviews,v2,Running,True
1779279909,reviews,v2,Running,True
1779279909,reviews,v3,Running,True
1779279909,reviews,v3,Running,True
1779279909,reviews,v3,Running,True
1779279909,reviews,v3,Running,True
1779279909,reviews,v3,Running,True
1779279910,details,v1,Running,True
1779279910,details,v1,Running,True
1779279910,details,v1,Running,True
1779279910,details,v1,Running,True
1779279910,productpage,v1,Running,True
1779279910,productpage,v1,Running,True
1779279910,productpage,v1,Running,True
1779279910,productpage,v1,Running,True
1779279910,productpage,v1,Running,True
1779279910,productpage,v1,Running,True
1779279910,productpage,v1,Running,True
1779279910,productpage,v1,Running,True
1779279910,productpage,v1,Running,True
1779279910,productpage,v1,Running,True
1779279910,productpage,v1,Running,True
1779279910,productpage,v1,Running,True
1779279910,productpage,v1,Running,True
1779279910,productpage,v1,Running,True
1779279910,productpage,v1,Running,True
1779279910,productpage,v1,Running,True
1779279910,productpage,v1,Running,True
1779279910,productpage,v1,Running,True
1779279910,productpage,v1,Running,True
1779279910,productpage,v1,Running,True
1779279910,ratings,v1,Running,True
1779279910,reviews,v1,Running,True
1779279910,reviews,v2,Running,True
1779279910,reviews,v2,Running,True
1779279910,reviews,v2,Running,True
1779279910,reviews,v2,Running,True
1779279910,reviews,v2,Running,True
1779279910,reviews,v2,Running,True
1779279910,reviews,v3,Running,True
1779279910,reviews,v3,Running,True
1779279910,reviews,v3,Running,True
1779279910,reviews,v3,Running,True
1779279910,reviews,v3,Running,True
1779279911,details,v1,Running,True
1779279911,details,v1,Running,True
1779279911,details,v1,Running,True
1779279911,details,v1,Running,True
1779279911,productpage,v1,Running,True
1779279911,productpage,v1,Running,True
1779279911,productpage,v1,Running,True
1779279911,productpage,v1,Running,True
1779279911,productpage,v1,Running,True
1779279911,productpage,v1,Running,True
1779279911,productpage,v1,Running,True
1779279911,productpage,v1,Running,True
1779279911,productpage,v1,Running,True
1779279911,productpage,v1,Running,True
1779279911,productpage,v1,Running,True
1779279911,productpage,v1,Running,True
1779279911,productpage,v1,Running,True
1779279911,productpage,v1,Running,True
1779279911,productpage,v1,Running,True
1779279911,productpage,v1,Running,True
1779279911,productpage,v1,Running,True
1779279911,productpage,v1,Running,True
1779279911,productpage,v1,Running,True
1779279911,productpage,v1,Running,True
1779279911,ratings,v1,Running,True
1779279911,reviews,v1,Running,True
1779279911,reviews,v2,Running,True
1779279911,reviews,v2,Running,True
1779279911,reviews,v2,Running,True
1779279911,reviews,v2,Running,True
1779279911,reviews,v2,Running,True
1779279911,reviews,v2,Running,True
1779279911,reviews,v3,Running,True
1779279911,reviews,v3,Running,True
1779279911,reviews,v3,Running,True
1779279911,reviews,v3,Running,True
1779279911,reviews,v3,Running,True
1779279912,details,v1,Running,True
1779279912,details,v1,Running,True
1779279912,details,v1,Running,True
1779279912,details,v1,Running,True
1779279912,productpage,v1,Running,True
1779279912,productpage,v1,Running,True
1779279912,productpage,v1,Running,True
1779279912,productpage,v1,Running,True
1779279912,productpage,v1,Running,True
1779279912,productpage,v1,Running,True
1779279912,productpage,v1,Running,True
1779279912,productpage,v1,Running,True
1779279912,productpage,v1,Running,True
1779279912,productpage,v1,Running,True
1779279912,productpage,v1,Running,True
1779279912,productpage,v1,Running,True
1779279912,productpage,v1,Running,True
1779279912,productpage,v1,Running,True
1779279912,productpage,v1,Running,True
1779279912,productpage,v1,Running,True
1779279912,productpage,v1,Running,True
1779279912,productpage,v1,Running,True
1779279912,productpage,v1,Running,True
1779279912,productpage,v1,Running,True
1779279912,ratings,v1,Running,True
1779279912,reviews,v1,Running,True
1779279912,reviews,v2,Running,True
1779279912,reviews,v2,Running,True
1779279912,reviews,v2,Running,True
1779279912,reviews,v2,Running,True
1779279912,reviews,v2,Running,True
1779279912,reviews,v2,Running,True
1779279912,reviews,v3,Running,True
1779279912,reviews,v3,Running,True
1779279912,reviews,v3,Running,True
1779279912,reviews,v3,Running,True
1779279912,reviews,v3,Running,True
1779279913,details,v1,Running,True
1779279913,details,v1,Running,True
1779279913,details,v1,Running,True
1779279913,details,v1,Running,True
1779279913,productpage,v1,Running,True
1779279913,productpage,v1,Running,True
1779279913,productpage,v1,Running,True
1779279913,productpage,v1,Running,True
1779279913,productpage,v1,Running,True
1779279913,productpage,v1,Running,True
1779279913,productpage,v1,Running,True
1779279913,productpage,v1,Running,True
1779279913,productpage,v1,Running,True
1779279913,productpage,v1,Running,True
1779279913,productpage,v1,Running,True
1779279913,productpage,v1,Running,True
1779279913,productpage,v1,Running,True
1779279913,productpage,v1,Running,True
1779279913,productpage,v1,Running,True
1779279913,productpage,v1,Running,True
1779279913,productpage,v1,Running,True
1779279913,productpage,v1,Running,True
1779279913,productpage,v1,Running,True
1779279913,productpage,v1,Running,True
1779279913,ratings,v1,Running,True
1779279913,reviews,v1,Running,True
1779279913,reviews,v2,Running,True
1779279913,reviews,v2,Running,True
1779279913,reviews,v2,Running,True
1779279913,reviews,v2,Running,True
1779279913,reviews,v2,Running,True
1779279913,reviews,v2,Running,True
1779279913,reviews,v3,Running,True
1779279913,reviews,v3,Running,True
1779279913,reviews,v3,Running,True
1779279913,reviews,v3,Running,True
1779279913,reviews,v3,Running,True
1779279914,details,v1,Running,True
1779279914,details,v1,Running,True
1779279914,details,v1,Running,True
1779279914,details,v1,Running,True
1779279914,productpage,v1,Running,True
1779279914,productpage,v1,Running,True
1779279914,productpage,v1,Running,True
1779279914,productpage,v1,Running,True
1779279914,productpage,v1,Running,True
1779279914,productpage,v1,Running,True
1779279914,productpage,v1,Running,True
1779279914,productpage,v1,Running,True
1779279914,productpage,v1,Running,True
1779279914,productpage,v1,Running,True
1779279914,productpage,v1,Running,True
1779279914,productpage,v1,Running,True
1779279914,productpage,v1,Running,True
1779279914,productpage,v1,Running,True
1779279914,productpage,v1,Running,True
1779279914,productpage,v1,Running,True
1779279914,productpage,v1,Running,True
1779279914,productpage,v1,Running,True
1779279914,productpage,v1,Running,True
1779279914,productpage,v1,Running,True
1779279914,ratings,v1,Running,True
1779279914,reviews,v1,Running,True
1779279914,reviews,v2,Running,True
1779279914,reviews,v2,Running,True
1779279914,reviews,v2,Running,True
1779279914,reviews,v2,Running,True
1779279914,reviews,v2,Running,True
1779279914,reviews,v2,Running,True
1779279914,reviews,v3,Running,True
1779279914,reviews,v3,Running,True
1779279914,reviews,v3,Running,True
1779279914,reviews,v3,Running,True
1779279914,reviews,v3,Running,True
1779279915,details,v1,Running,True
1779279915,details,v1,Running,True
1779279915,details,v1,Running,True
1779279915,details,v1,Running,True
1779279915,productpage,v1,Running,True
1779279915,productpage,v1,Running,True
1779279915,productpage,v1,Running,True
1779279915,productpage,v1,Running,True
1779279915,productpage,v1,Running,True
1779279915,productpage,v1,Running,True
1779279915,productpage,v1,Running,True
1779279915,productpage,v1,Running,True
1779279915,productpage,v1,Running,True
1779279915,productpage,v1,Running,True
1779279915,productpage,v1,Running,True
1779279915,productpage,v1,Running,True
1779279915,productpage,v1,Running,True
1779279915,productpage,v1,Running,True
1779279915,productpage,v1,Running,True
1779279915,productpage,v1,Running,True
1779279915,productpage,v1,Running,True
1779279915,productpage,v1,Running,True
1779279915,productpage,v1,Running,True
1779279915,productpage,v1,Running,True
1779279915,ratings,v1,Running,True
1779279915,reviews,v1,Running,True
1779279915,reviews,v2,Running,True
1779279915,reviews,v2,Running,True
1779279915,reviews,v2,Running,True
1779279915,reviews,v2,Running,True
1779279915,reviews,v2,Running,True
1779279915,reviews,v2,Running,True
1779279915,reviews,v3,Running,True
1779279915,reviews,v3,Running,True
1779279915,reviews,v3,Running,True
1779279915,reviews,v3,Running,True
1779279915,reviews,v3,Running,True
1779279916,details,v1,Running,True
1779279916,details,v1,Running,True
1779279916,details,v1,Running,True
1779279916,details,v1,Running,True
1779279916,productpage,v1,Running,True
1779279916,productpage,v1,Running,True
1779279916,productpage,v1,Running,True
1779279916,productpage,v1,Running,True
1779279916,productpage,v1,Running,True
1779279916,productpage,v1,Running,True
1779279916,productpage,v1,Running,True
1779279916,productpage,v1,Running,True
1779279916,productpage,v1,Running,True
1779279916,productpage,v1,Running,True
1779279916,productpage,v1,Running,True
1779279916,productpage,v1,Running,True
1779279916,productpage,v1,Running,True
1779279916,productpage,v1,Running,True
1779279916,productpage,v1,Running,True
1779279916,productpage,v1,Running,True
1779279916,productpage,v1,Running,True
1779279916,productpage,v1,Running,True
1779279916,productpage,v1,Running,True
1779279916,productpage,v1,Running,True
1779279916,ratings,v1,Running,True
1779279916,reviews,v1,Running,True
1779279916,reviews,v2,Running,True
1779279916,reviews,v2,Running,True
1779279916,reviews,v2,Running,True
1779279916,reviews,v2,Running,True
1779279916,reviews,v2,Running,True
1779279916,reviews,v2,Running,True
1779279916,reviews,v3,Running,True
1779279916,reviews,v3,Running,True
1779279916,reviews,v3,Running,True
1779279916,reviews,v3,Running,True
1779279916,reviews,v3,Running,True
1779279917,details,v1,Running,True
1779279917,details,v1,Running,True
1779279917,details,v1,Running,True
1779279917,details,v1,Running,True
1779279917,productpage,v1,Running,True
1779279917,productpage,v1,Running,True
1779279917,productpage,v1,Running,True
1779279917,productpage,v1,Running,True
1779279917,productpage,v1,Running,True
1779279917,productpage,v1,Running,True
1779279917,productpage,v1,Running,True
1779279917,productpage,v1,Running,True
1779279917,productpage,v1,Running,True
1779279917,productpage,v1,Running,True
1779279917,productpage,v1,Running,True
1779279917,productpage,v1,Running,True
1779279917,productpage,v1,Running,True
1779279917,productpage,v1,Running,True
1779279917,productpage,v1,Running,True
1779279917,productpage,v1,Running,True
1779279917,productpage,v1,Running,True
1779279917,productpage,v1,Running,True
1779279917,productpage,v1,Running,True
1779279917,productpage,v1,Running,True
1779279917,ratings,v1,Running,True
1779279917,reviews,v1,Running,True
1779279917,reviews,v2,Running,True
1779279917,reviews,v2,Running,True
1779279917,reviews,v2,Running,True
1779279917,reviews,v2,Running,True
1779279917,reviews,v2,Running,True
1779279917,reviews,v2,Running,True
1779279917,reviews,v3,Running,True
1779279917,reviews,v3,Running,True
1779279917,reviews,v3,Running,True
1779279917,reviews,v3,Running,True
1779279917,reviews,v3,Running,True
1779279918,details,v1,Running,True
1779279918,details,v1,Running,True
1779279918,details,v1,Running,True
1779279918,details,v1,Running,True
1779279918,productpage,v1,Running,True
1779279918,productpage,v1,Running,True
1779279918,productpage,v1,Running,True
1779279918,productpage,v1,Running,True
1779279918,productpage,v1,Running,True
1779279918,productpage,v1,Running,True
1779279918,productpage,v1,Running,True
1779279918,productpage,v1,Running,True
1779279918,productpage,v1,Running,True
1779279918,productpage,v1,Running,True
1779279918,productpage,v1,Running,True
1779279918,productpage,v1,Running,True
1779279918,productpage,v1,Running,True
1779279918,productpage,v1,Running,True
1779279918,productpage,v1,Running,True
1779279918,productpage,v1,Running,True
1779279918,productpage,v1,Running,True
1779279918,productpage,v1,Running,True
1779279918,productpage,v1,Running,True
1779279918,productpage,v1,Running,True
1779279918,ratings,v1,Running,True
1779279918,reviews,v1,Running,True
1779279918,reviews,v2,Running,True
1779279918,reviews,v2,Running,True
1779279918,reviews,v2,Running,True
1779279918,reviews,v2,Running,True
1779279918,reviews,v2,Running,True
1779279918,reviews,v2,Running,True
1779279918,reviews,v3,Running,True
1779279918,reviews,v3,Running,True
1779279918,reviews,v3,Running,True
1779279918,reviews,v3,Running,True
1779279918,reviews,v3,Running,True
1779279919,details,v1,Running,True
1779279919,details,v1,Running,True
1779279919,details,v1,Running,True
1779279919,details,v1,Running,True
1779279919,productpage,v1,Running,True
1779279919,productpage,v1,Running,True
1779279919,productpage,v1,Running,True
1779279919,productpage,v1,Running,True
1779279919,productpage,v1,Running,True
1779279919,productpage,v1,Running,True
1779279919,productpage,v1,Running,True
1779279919,productpage,v1,Running,True
1779279919,productpage,v1,Running,True
1779279919,productpage,v1,Running,True
1779279919,productpage,v1,Running,True
1779279919,productpage,v1,Running,True
1779279919,productpage,v1,Running,True
1779279919,productpage,v1,Running,True
1779279919,productpage,v1,Running,True
1779279919,productpage,v1,Running,True
1779279919,productpage,v1,Running,True
1779279919,productpage,v1,Running,True
1779279919,productpage,v1,Running,True
1779279919,productpage,v1,Running,True
1779279919,ratings,v1,Running,True
1779279919,reviews,v1,Running,True
1779279919,reviews,v2,Running,True
1779279919,reviews,v2,Running,True
1779279919,reviews,v2,Running,True
1779279919,reviews,v2,Running,True
1779279919,reviews,v2,Running,True
1779279919,reviews,v2,Running,True
1779279919,reviews,v3,Running,True
1779279919,reviews,v3,Running,True
1779279919,reviews,v3,Running,True
1779279919,reviews,v3,Running,True
1779279919,reviews,v3,Running,True
1779279920,details,v1,Running,True
1779279920,details,v1,Running,True
1779279920,details,v1,Running,True
1779279920,details,v1,Running,True
1779279920,productpage,v1,Running,True
1779279920,productpage,v1,Running,True
1779279920,productpage,v1,Running,True
1779279920,productpage,v1,Running,True
1779279920,productpage,v1,Running,True
1779279920,productpage,v1,Running,True
1779279920,productpage,v1,Running,True
1779279920,productpage,v1,Running,True
1779279920,productpage,v1,Running,True
1779279920,productpage,v1,Running,True
1779279920,productpage,v1,Running,True
1779279920,productpage,v1,Running,True
1779279920,productpage,v1,Running,True
1779279920,productpage,v1,Running,True
1779279920,productpage,v1,Running,True
1779279920,productpage,v1,Running,True
1779279920,productpage,v1,Running,True
1779279920,productpage,v1,Running,True
1779279920,productpage,v1,Running,True
1779279920,productpage,v1,Running,True
1779279920,ratings,v1,Running,True
1779279920,reviews,v1,Running,True
1779279920,reviews,v2,Running,True
1779279920,reviews,v2,Running,True
1779279920,reviews,v2,Running,True
1779279920,reviews,v2,Running,True
1779279920,reviews,v2,Running,True
1779279920,reviews,v2,Running,True
1779279920,reviews,v3,Running,True
1779279920,reviews,v3,Running,True
1779279920,reviews,v3,Running,True
1779279920,reviews,v3,Running,True
1779279920,reviews,v3,Running,True
1779279921,details,v1,Running,True
1779279921,details,v1,Running,True
1779279921,details,v1,Running,True
1779279921,details,v1,Running,True
1779279921,productpage,v1,Running,True
1779279921,productpage,v1,Running,True
1779279921,productpage,v1,Running,True
1779279921,productpage,v1,Running,True
1779279921,productpage,v1,Running,True
1779279921,productpage,v1,Running,True
1779279921,productpage,v1,Running,True
1779279921,productpage,v1,Running,True
1779279921,productpage,v1,Running,True
1779279921,productpage,v1,Running,True
1779279921,productpage,v1,Running,True
1779279921,productpage,v1,Running,True
1779279921,productpage,v1,Running,True
1779279921,productpage,v1,Running,True
1779279921,productpage,v1,Running,True
1779279921,productpage,v1,Running,True
1779279921,productpage,v1,Running,True
1779279921,productpage,v1,Running,True
1779279921,productpage,v1,Running,True
1779279921,productpage,v1,Running,True
1779279921,ratings,v1,Running,True
1779279921,reviews,v1,Running,True
1779279921,reviews,v2,Running,True
1779279921,reviews,v2,Running,True
1779279921,reviews,v2,Running,True
1779279921,reviews,v2,Running,True
1779279921,reviews,v2,Running,True
1779279921,reviews,v2,Running,True
1779279921,reviews,v3,Running,True
1779279921,reviews,v3,Running,True
1779279921,reviews,v3,Running,True
1779279921,reviews,v3,Running,True
1779279921,reviews,v3,Running,True
1779279922,details,v1,Running,True
1779279922,details,v1,Running,True
1779279922,details,v1,Running,True
1779279922,details,v1,Running,True
1779279922,productpage,v1,Running,True
1779279922,productpage,v1,Running,True
1779279922,productpage,v1,Running,True
1779279922,productpage,v1,Running,True
1779279922,productpage,v1,Running,True
1779279922,productpage,v1,Running,True
1779279922,productpage,v1,Running,True
1779279922,productpage,v1,Running,True
1779279922,productpage,v1,Running,True
1779279922,productpage,v1,Running,True
1779279922,productpage,v1,Running,True
1779279922,productpage,v1,Running,True
1779279922,productpage,v1,Running,True
1779279922,productpage,v1,Running,True
1779279922,productpage,v1,Running,True
1779279922,productpage,v1,Running,True
1779279922,productpage,v1,Running,True
1779279922,productpage,v1,Running,True
1779279922,productpage,v1,Running,True
1779279922,productpage,v1,Running,True
1779279922,ratings,v1,Running,True
1779279922,reviews,v1,Running,True
1779279922,reviews,v2,Running,True
1779279922,reviews,v2,Running,True
1779279922,reviews,v2,Running,True
1779279922,reviews,v2,Running,True
1779279922,reviews,v2,Running,True
1779279922,reviews,v2,Running,True
1779279922,reviews,v3,Running,True
1779279922,reviews,v3,Running,True
1779279922,reviews,v3,Running,True
1779279922,reviews,v3,Running,True
1779279922,reviews,v3,Running,True
1779279923,details,v1,Running,True
1779279923,details,v1,Running,True
1779279923,details,v1,Running,True
1779279923,details,v1,Running,True
1779279923,productpage,v1,Running,True
1779279923,productpage,v1,Running,True
1779279923,productpage,v1,Running,True
1779279923,productpage,v1,Running,True
1779279923,productpage,v1,Running,True
1779279923,productpage,v1,Running,True
1779279923,productpage,v1,Running,True
1779279923,productpage,v1,Running,True
1779279923,productpage,v1,Running,True
1779279923,productpage,v1,Running,True
1779279923,productpage,v1,Running,True
1779279923,productpage,v1,Running,True
1779279923,productpage,v1,Running,True
1779279923,productpage,v1,Running,True
1779279923,productpage,v1,Running,True
1779279923,productpage,v1,Running,True
1779279923,productpage,v1,Running,True
1779279923,productpage,v1,Running,True
1779279923,productpage,v1,Running,True
1779279923,productpage,v1,Running,True
1779279923,ratings,v1,Running,True
1779279923,reviews,v1,Running,True
1779279923,reviews,v2,Running,True
1779279923,reviews,v2,Running,True
1779279923,reviews,v2,Running,True
1779279923,reviews,v2,Running,True
1779279923,reviews,v2,Running,True
1779279923,reviews,v2,Running,True
1779279923,reviews,v3,Running,True
1779279923,reviews,v3,Running,True
1779279923,reviews,v3,Running,True
1779279923,reviews,v3,Running,True
1779279923,reviews,v3,Running,True
1779279924,details,v1,Running,True
1779279924,details,v1,Running,True
1779279924,details,v1,Running,True
1779279924,details,v1,Running,True
1779279924,productpage,v1,Running,True
1779279924,productpage,v1,Running,True
1779279924,productpage,v1,Running,True
1779279924,productpage,v1,Running,True
1779279924,productpage,v1,Running,True
1779279924,productpage,v1,Running,True
1779279924,productpage,v1,Running,True
1779279924,productpage,v1,Running,True
1779279924,productpage,v1,Running,True
1779279924,productpage,v1,Running,True
1779279924,productpage,v1,Running,True
1779279924,productpage,v1,Running,True
1779279924,productpage,v1,Running,True
1779279924,productpage,v1,Running,True
1779279924,productpage,v1,Running,True
1779279924,productpage,v1,Running,True
1779279924,productpage,v1,Running,True
1779279924,productpage,v1,Running,True
1779279924,productpage,v1,Running,True
1779279924,productpage,v1,Running,True
1779279924,ratings,v1,Running,True
1779279924,reviews,v1,Running,True
1779279924,reviews,v2,Running,True
1779279924,reviews,v2,Running,True
1779279924,reviews,v2,Running,True
1779279924,reviews,v2,Running,True
1779279924,reviews,v2,Running,True
1779279924,reviews,v2,Running,True
1779279924,reviews,v3,Running,True
1779279924,reviews,v3,Running,True
1779279924,reviews,v3,Running,True
1779279924,reviews,v3,Running,True
1779279924,reviews,v3,Running,True
1779279925,details,v1,Running,True
1779279925,details,v1,Running,True
1779279925,details,v1,Running,True
1779279925,details,v1,Running,True
1779279925,productpage,v1,Running,True
1779279925,productpage,v1,Running,True
1779279925,productpage,v1,Running,True
1779279925,productpage,v1,Running,True
1779279925,productpage,v1,Running,True
1779279925,productpage,v1,Running,True
1779279925,productpage,v1,Running,True
1779279925,productpage,v1,Running,True
1779279925,productpage,v1,Running,True
1779279925,productpage,v1,Running,True
1779279925,productpage,v1,Running,True
1779279925,productpage,v1,Running,True
1779279925,productpage,v1,Running,True
1779279925,productpage,v1,Running,True
1779279925,productpage,v1,Running,True
1779279925,productpage,v1,Running,True
1779279925,productpage,v1,Running,True
1779279925,productpage,v1,Running,True
1779279925,productpage,v1,Running,True
1779279925,productpage,v1,Running,True
1779279925,ratings,v1,Running,True
1779279925,reviews,v1,Running,True
1779279925,reviews,v2,Running,True
1779279925,reviews,v2,Running,True
1779279925,reviews,v2,Running,True
1779279925,reviews,v2,Running,True
1779279925,reviews,v2,Running,True
1779279925,reviews,v2,Running,True
1779279925,reviews,v3,Running,True
1779279925,reviews,v3,Running,True
1779279925,reviews,v3,Running,True
1779279925,reviews,v3,Running,True
1779279925,reviews,v3,Running,True
1779279926,details,v1,Running,True
1779279926,details,v1,Running,True
1779279926,details,v1,Running,True
1779279926,details,v1,Running,True
1779279926,productpage,v1,Running,True
1779279926,productpage,v1,Running,True
1779279926,productpage,v1,Running,True
1779279926,productpage,v1,Running,True
1779279926,productpage,v1,Running,True
1779279926,productpage,v1,Running,True
1779279926,productpage,v1,Running,True
1779279926,productpage,v1,Running,True
1779279926,productpage,v1,Running,True
1779279926,productpage,v1,Running,True
1779279926,productpage,v1,Running,True
1779279926,productpage,v1,Running,True
1779279926,productpage,v1,Running,True
1779279926,productpage,v1,Running,True
1779279926,productpage,v1,Running,True
1779279926,productpage,v1,Running,True
1779279926,productpage,v1,Running,True
1779279926,productpage,v1,Running,True
1779279926,productpage,v1,Running,True
1779279926,productpage,v1,Running,True
1779279926,ratings,v1,Running,True
1779279926,reviews,v1,Running,True
1779279926,reviews,v2,Running,True
1779279926,reviews,v2,Running,True
1779279926,reviews,v2,Running,True
1779279926,reviews,v2,Running,True
1779279926,reviews,v2,Running,True
1779279926,reviews,v2,Running,True
1779279926,reviews,v3,Running,True
1779279926,reviews,v3,Running,True
1779279926,reviews,v3,Running,True
1779279926,reviews,v3,Running,True
1779279926,reviews,v3,Running,True
1779279927,details,v1,Running,True
1779279927,details,v1,Running,True
1779279927,details,v1,Running,True
1779279927,details,v1,Running,True
1779279927,productpage,v1,Running,True
1779279927,productpage,v1,Running,True
1779279927,productpage,v1,Running,True
1779279927,productpage,v1,Running,True
1779279927,productpage,v1,Running,True
1779279927,productpage,v1,Running,True
1779279927,productpage,v1,Running,True
1779279927,productpage,v1,Running,True
1779279927,productpage,v1,Running,True
1779279927,productpage,v1,Running,True
1779279927,productpage,v1,Running,True
1779279927,productpage,v1,Running,True
1779279927,productpage,v1,Running,True
1779279927,productpage,v1,Running,True
1779279927,productpage,v1,Running,True
1779279927,productpage,v1,Running,True
1779279927,productpage,v1,Running,True
1779279927,productpage,v1,Running,True
1779279927,productpage,v1,Running,True
1779279927,productpage,v1,Running,True
1779279927,ratings,v1,Running,True
1779279927,reviews,v1,Running,True
1779279927,reviews,v2,Running,True
1779279927,reviews,v2,Running,True
1779279927,reviews,v2,Running,True
1779279927,reviews,v2,Running,True
1779279927,reviews,v2,Running,True
1779279927,reviews,v2,Running,True
1779279927,reviews,v3,Running,True
1779279927,reviews,v3,Running,True
1779279927,reviews,v3,Running,True
1779279927,reviews,v3,Running,True
1779279927,reviews,v3,Running,True
1779279928,details,v1,Running,True
1779279928,details,v1,Running,True
1779279928,details,v1,Running,True
1779279928,details,v1,Running,True
1779279928,productpage,v1,Running,True
1779279928,productpage,v1,Running,True
1779279928,productpage,v1,Running,True
1779279928,productpage,v1,Running,True
1779279928,productpage,v1,Running,True
1779279928,productpage,v1,Running,True
1779279928,productpage,v1,Running,True
1779279928,productpage,v1,Running,True
1779279928,productpage,v1,Running,True
1779279928,productpage,v1,Running,True
1779279928,productpage,v1,Running,True
1779279928,productpage,v1,Running,True
1779279928,productpage,v1,Running,True
1779279928,productpage,v1,Running,True
1779279928,productpage,v1,Running,True
1779279928,productpage,v1,Running,True
1779279928,productpage,v1,Running,True
1779279928,productpage,v1,Running,True
1779279928,productpage,v1,Running,True
1779279928,productpage,v1,Running,True
1779279928,ratings,v1,Running,True
1779279928,reviews,v1,Running,True
1779279928,reviews,v2,Running,True
1779279928,reviews,v2,Running,True
1779279928,reviews,v2,Running,True
1779279928,reviews,v2,Running,True
1779279928,reviews,v2,Running,True
1779279928,reviews,v2,Running,True
1779279928,reviews,v3,Running,True
1779279928,reviews,v3,Running,True
1779279928,reviews,v3,Running,True
1779279928,reviews,v3,Running,True
1779279928,reviews,v3,Running,True
1779279929,details,v1,Running,True
1779279929,details,v1,Running,True
1779279929,details,v1,Running,True
1779279929,details,v1,Running,True
1779279929,productpage,v1,Running,True
1779279929,productpage,v1,Running,True
1779279929,productpage,v1,Running,True
1779279929,productpage,v1,Running,True
1779279929,productpage,v1,Running,True
1779279929,productpage,v1,Running,True
1779279929,productpage,v1,Running,True
1779279929,productpage,v1,Running,True
1779279929,productpage,v1,Running,True
1779279929,productpage,v1,Running,True
1779279929,productpage,v1,Running,True
1779279929,productpage,v1,Running,True
1779279929,productpage,v1,Running,True
1779279929,productpage,v1,Running,True
1779279929,productpage,v1,Running,True
1779279929,productpage,v1,Running,True
1779279929,productpage,v1,Running,True
1779279929,productpage,v1,Running,True
1779279929,productpage,v1,Running,True
1779279929,productpage,v1,Running,True
1779279929,ratings,v1,Running,True
1779279929,reviews,v1,Running,True
1779279929,reviews,v2,Running,True
1779279929,reviews,v2,Running,True
1779279929,reviews,v2,Running,True
1779279929,reviews,v2,Running,True
1779279929,reviews,v2,Running,True
1779279929,reviews,v2,Running,True
1779279929,reviews,v3,Running,True
1779279929,reviews,v3,Running,True
1779279929,reviews,v3,Running,True
1779279929,reviews,v3,Running,True
1779279929,reviews,v3,Running,True
1779279930,details,v1,Running,True
1779279930,details,v1,Running,True
1779279930,details,v1,Running,True
1779279930,details,v1,Running,True
1779279930,productpage,v1,Running,True
1779279930,productpage,v1,Running,True
1779279930,productpage,v1,Running,True
1779279930,productpage,v1,Running,True
1779279930,productpage,v1,Running,True
1779279930,productpage,v1,Running,True
1779279930,productpage,v1,Running,True
1779279930,productpage,v1,Running,True
1779279930,productpage,v1,Running,True
1779279930,productpage,v1,Running,True
1779279930,productpage,v1,Running,True
1779279930,productpage,v1,Running,True
1779279930,productpage,v1,Running,True
1779279930,productpage,v1,Running,True
1779279930,productpage,v1,Running,True
1779279930,productpage,v1,Running,True
1779279930,productpage,v1,Running,True
1779279930,productpage,v1,Running,True
1779279930,productpage,v1,Running,True
1779279930,productpage,v1,Running,True
1779279930,ratings,v1,Running,True
1779279930,reviews,v1,Running,True
1779279930,reviews,v2,Running,True
1779279930,reviews,v2,Running,True
1779279930,reviews,v2,Running,True
1779279930,reviews,v2,Running,True
1779279930,reviews,v2,Running,True
1779279930,reviews,v2,Running,True
1779279930,reviews,v3,Running,True
1779279930,reviews,v3,Running,True
1779279930,reviews,v3,Running,True
1779279930,reviews,v3,Running,True
1779279930,reviews,v3,Running,True
1779279931,details,v1,Running,True
1779279931,details,v1,Running,True
1779279931,details,v1,Running,True
1779279931,details,v1,Running,True
1779279931,productpage,v1,Running,True
1779279931,productpage,v1,Running,True
1779279931,productpage,v1,Running,True
1779279931,productpage,v1,Running,True
1779279931,productpage,v1,Running,True
1779279931,productpage,v1,Running,True
1779279931,productpage,v1,Running,True
1779279931,productpage,v1,Running,True
1779279931,productpage,v1,Running,True
1779279931,productpage,v1,Running,True
1779279931,productpage,v1,Running,True
1779279931,productpage,v1,Running,True
1779279931,productpage,v1,Running,True
1779279931,productpage,v1,Running,True
1779279931,productpage,v1,Running,True
1779279931,productpage,v1,Running,True
1779279931,productpage,v1,Running,True
1779279931,productpage,v1,Running,True
1779279931,productpage,v1,Running,True
1779279931,productpage,v1,Running,True
1779279931,ratings,v1,Running,True
1779279931,reviews,v1,Running,True
1779279931,reviews,v2,Running,True
1779279931,reviews,v2,Running,True
1779279931,reviews,v2,Running,True
1779279931,reviews,v2,Running,True
1779279931,reviews,v2,Running,True
1779279931,reviews,v2,Running,True
1779279931,reviews,v3,Running,True
1779279931,reviews,v3,Running,True
1779279931,reviews,v3,Running,True
1779279931,reviews,v3,Running,True
1779279931,reviews,v3,Running,True
1779279932,details,v1,Running,True
1779279932,details,v1,Running,True
1779279932,details,v1,Running,True
1779279932,details,v1,Running,True
1779279932,productpage,v1,Running,True
1779279932,productpage,v1,Running,True
1779279932,productpage,v1,Running,True
1779279932,productpage,v1,Running,True
1779279932,productpage,v1,Running,True
1779279932,productpage,v1,Running,True
1779279932,productpage,v1,Running,True
1779279932,productpage,v1,Running,True
1779279932,productpage,v1,Running,True
1779279932,productpage,v1,Running,True
1779279932,productpage,v1,Running,True
1779279932,productpage,v1,Running,True
1779279932,productpage,v1,Running,True
1779279932,productpage,v1,Running,True
1779279932,productpage,v1,Running,True
1779279932,productpage,v1,Running,True
1779279932,productpage,v1,Running,True
1779279932,productpage,v1,Running,True
1779279932,productpage,v1,Running,True
1779279932,productpage,v1,Running,True
1779279932,ratings,v1,Running,True
1779279932,reviews,v1,Running,True
1779279932,reviews,v2,Running,True
1779279932,reviews,v2,Running,True
1779279932,reviews,v2,Running,True
1779279932,reviews,v2,Running,True
1779279932,reviews,v2,Running,True
1779279932,reviews,v2,Running,True
1779279932,reviews,v3,Running,True
1779279932,reviews,v3,Running,True
1779279932,reviews,v3,Running,True
1779279932,reviews,v3,Running,True
1779279932,reviews,v3,Running,True
1779279933,details,v1,Running,True
1779279933,details,v1,Running,True
1779279933,details,v1,Running,True
1779279933,details,v1,Running,True
1779279933,productpage,v1,Running,True
1779279933,productpage,v1,Running,True
1779279933,productpage,v1,Running,True
1779279933,productpage,v1,Running,True
1779279933,productpage,v1,Running,True
1779279933,productpage,v1,Running,True
1779279933,productpage,v1,Running,True
1779279933,productpage,v1,Running,True
1779279933,productpage,v1,Running,True
1779279933,productpage,v1,Running,True
1779279933,productpage,v1,Running,True
1779279933,productpage,v1,Running,True
1779279933,productpage,v1,Running,True
1779279933,productpage,v1,Running,True
1779279933,productpage,v1,Running,True
1779279933,productpage,v1,Running,True
1779279933,productpage,v1,Running,True
1779279933,productpage,v1,Running,True
1779279933,productpage,v1,Running,True
1779279933,productpage,v1,Running,True
1779279933,ratings,v1,Running,True
1779279933,reviews,v1,Running,True
1779279933,reviews,v2,Running,True
1779279933,reviews,v2,Running,True
1779279933,reviews,v2,Running,True
1779279933,reviews,v2,Running,True
1779279933,reviews,v2,Running,True
1779279933,reviews,v2,Running,True
1779279933,reviews,v3,Running,True
1779279933,reviews,v3,Running,True
1779279933,reviews,v3,Running,True
1779279933,reviews,v3,Running,True
1779279933,reviews,v3,Running,True
1779279934,details,v1,Running,True
1779279934,details,v1,Running,True
1779279934,details,v1,Running,True
1779279934,details,v1,Running,True
1779279934,productpage,v1,Running,True
1779279934,productpage,v1,Running,True
1779279934,productpage,v1,Running,True
1779279934,productpage,v1,Running,True
1779279934,productpage,v1,Running,True
1779279934,productpage,v1,Running,True
1779279934,productpage,v1,Running,True
1779279934,productpage,v1,Running,True
1779279934,productpage,v1,Running,True
1779279934,productpage,v1,Running,True
1779279934,productpage,v1,Running,True
1779279934,productpage,v1,Running,True
1779279934,productpage,v1,Running,True
1779279934,productpage,v1,Running,True
1779279934,productpage,v1,Running,True
1779279934,productpage,v1,Running,True
1779279934,productpage,v1,Running,True
1779279934,productpage,v1,Running,True
1779279934,productpage,v1,Running,True
1779279934,productpage,v1,Running,True
1779279934,ratings,v1,Running,True
1779279934,reviews,v1,Running,True
1779279934,reviews,v2,Running,True
1779279934,reviews,v2,Running,True
1779279934,reviews,v2,Running,True
1779279934,reviews,v2,Running,True
1779279934,reviews,v2,Running,True
1779279934,reviews,v2,Running,True
1779279934,reviews,v3,Running,True
1779279934,reviews,v3,Running,True
1779279934,reviews,v3,Running,True
1779279934,reviews,v3,Running,True
1779279934,reviews,v3,Running,True
1779279935,details,v1,Running,True
1779279935,details,v1,Running,True
1779279935,details,v1,Running,True
1779279935,details,v1,Running,True
1779279935,productpage,v1,Running,True
1779279935,productpage,v1,Running,True
1779279935,productpage,v1,Running,True
1779279935,productpage,v1,Running,True
1779279935,productpage,v1,Running,True
1779279935,productpage,v1,Running,True
1779279935,productpage,v1,Running,True
1779279935,productpage,v1,Running,True
1779279935,productpage,v1,Running,True
1779279935,productpage,v1,Running,True
1779279935,productpage,v1,Running,True
1779279935,productpage,v1,Running,True
1779279935,productpage,v1,Running,True
1779279935,productpage,v1,Running,True
1779279935,productpage,v1,Running,True
1779279935,productpage,v1,Running,True
1779279935,productpage,v1,Running,True
1779279935,productpage,v1,Running,True
1779279935,productpage,v1,Running,True
1779279935,productpage,v1,Running,True
1779279935,ratings,v1,Running,True
1779279935,reviews,v1,Running,True
1779279935,reviews,v2,Running,True
1779279935,reviews,v2,Running,True
1779279935,reviews,v2,Running,True
1779279935,reviews,v2,Running,True
1779279935,reviews,v2,Running,True
1779279935,reviews,v2,Running,True
1779279935,reviews,v3,Running,True
1779279935,reviews,v3,Running,True
1779279935,reviews,v3,Running,True
1779279935,reviews,v3,Running,True
1779279935,reviews,v3,Running,True
1779279936,details,v1,Running,True
1779279936,details,v1,Running,True
1779279936,details,v1,Running,True
1779279936,details,v1,Running,True
1779279936,productpage,v1,Running,True
1779279936,productpage,v1,Running,True
1779279936,productpage,v1,Running,True
1779279936,productpage,v1,Running,True
1779279936,productpage,v1,Running,True
1779279936,productpage,v1,Running,True
1779279936,productpage,v1,Running,True
1779279936,productpage,v1,Running,True
1779279936,productpage,v1,Running,True
1779279936,productpage,v1,Running,True
1779279936,productpage,v1,Running,True
1779279936,productpage,v1,Running,True
1779279936,productpage,v1,Running,True
1779279936,productpage,v1,Running,True
1779279936,productpage,v1,Running,True
1779279936,productpage,v1,Running,True
1779279936,productpage,v1,Running,True
1779279936,productpage,v1,Running,True
1779279936,productpage,v1,Running,True
1779279936,productpage,v1,Running,True
1779279936,ratings,v1,Running,True
1779279936,reviews,v1,Running,True
1779279936,reviews,v2,Running,True
1779279936,reviews,v2,Running,True
1779279936,reviews,v2,Running,True
1779279936,reviews,v2,Running,True
1779279936,reviews,v2,Running,True
1779279936,reviews,v2,Running,True
1779279936,reviews,v3,Running,True
1779279936,reviews,v3,Running,True
1779279936,reviews,v3,Running,True
1779279936,reviews,v3,Running,True
1779279936,reviews,v3,Running,True
1779279937,details,v1,Running,True
1779279937,details,v1,Running,True
1779279937,details,v1,Running,True
1779279937,details,v1,Running,True
1779279937,productpage,v1,Running,True
1779279937,productpage,v1,Running,True
1779279937,productpage,v1,Running,True
1779279937,productpage,v1,Running,True
1779279937,productpage,v1,Running,True
1779279937,productpage,v1,Running,True
1779279937,productpage,v1,Running,True
1779279937,productpage,v1,Running,True
1779279937,productpage,v1,Running,True
1779279937,productpage,v1,Running,True
1779279937,productpage,v1,Running,True
1779279937,productpage,v1,Running,True
1779279937,productpage,v1,Running,True
1779279937,productpage,v1,Running,True
1779279937,productpage,v1,Running,True
1779279937,productpage,v1,Running,True
1779279937,productpage,v1,Running,True
1779279937,productpage,v1,Running,True
1779279937,productpage,v1,Running,True
1779279937,productpage,v1,Running,True
1779279937,ratings,v1,Running,True
1779279937,reviews,v1,Running,True
1779279937,reviews,v2,Running,True
1779279937,reviews,v2,Running,True
1779279937,reviews,v2,Running,True
1779279937,reviews,v2,Running,True
1779279937,reviews,v2,Running,True
1779279937,reviews,v2,Running,True
1779279937,reviews,v3,Running,True
1779279937,reviews,v3,Running,True
1779279937,reviews,v3,Running,True
1779279937,reviews,v3,Running,True
1779279937,reviews,v3,Running,True
