timestamp,app,version,phase,ready
1779280419,details,v1,Running,True
1779280419,details,v1,Running,True
1779280419,details,v1,Running,True
1779280419,details,v1,Running,True
1779280419,details,v1,Running,True
1779280419,details,v1,Running,True
1779280419,productpage,v1,Running,True
1779280419,productpage,v1,Running,True
1779280419,productpage,v1,Running,True
1779280419,productpage,v1,Running,True
1779280419,productpage,v1,Running,True
1779280419,productpage,v1,Running,True
1779280419,productpage,v1,Running,True
1779280419,productpage,v1,Running,True
1779280419,productpage,v1,Running,True
1779280419,productpage,v1,Running,True
1779280419,productpage,v1,Running,True
1779280419,productpage,v1,Running,True
1779280419,productpage,v1,Running,True
1779280419,productpage,v1,Running,True
1779280419,productpage,v1,Running,True
1779280419,productpage,v1,Running,True
1779280419,productpage,v1,Running,True
1779280419,productpage,v1,Running,True
1779280419,productpage,v1,Running,True
1779280419,productpage,v1,Running,True
1779280419,ratings,v1,Running,True
1779280419,reviews,v1,Running,True
1779280419,reviews,v2,Running,True
1779280419,reviews,v2,Running,True
1779280419,reviews,v2,Running,True
1779280419,reviews,v3,Running,True
1779280419,reviews,v3,Running,True
1779280419,reviews,v3,Running,True
1779280420,details,v1,Running,True
1779280420,details,v1,Running,True
1779280420,details,v1,Running,True
1779280420,details,v1,Running,True
1779280420,details,v1,Running,True
1779280420,details,v1,Running,True
1779280420,productpage,v1,Running,True
1779280420,productpage,v1,Running,True
1779280420,productpage,v1,Running,True
1779280420,productpage,v1,Running,True
1779280420,productpage,v1,Running,True
1779280420,productpage,v1,Running,True
1779280420,productpage,v1,Running,True
1779280420,productpage,v1,Running,True
1779280420,productpage,v1,Running,True
1779280420,productpage,v1,Running,True
1779280420,productpage,v1,Running,True
1779280420,productpage,v1,Running,True
1779280420,productpage,v1,Running,True
1779280420,productpage,v1,Running,True
1779280420,productpage,v1,Running,True
1779280420,productpage,v1,Running,True
1779280420,productpage,v1,Running,True
1779280420,productpage,v1,Running,True
1779280420,productpage,v1,Running,True
1779280420,productpage,v1,Running,True
1779280420,ratings,v1,Running,True
1779280420,reviews,v1,Running,True
1779280420,reviews,v2,Running,True
1779280420,reviews,v2,Running,True
1779280420,reviews,v2,Running,True
1779280420,reviews,v3,Running,True
1779280420,reviews,v3,Running,True
1779280420,reviews,v3,Running,True
1779280421,details,v1,Running,True
1779280421,details,v1,Running,True
1779280421,details,v1,Running,True
1779280421,details,v1,Running,True
1779280421,details,v1,Running,True
1779280421,details,v1,Running,True
1779280421,productpage,v1,Running,True
1779280421,productpage,v1,Running,True
1779280421,productpage,v1,Running,True
1779280421,productpage,v1,Running,True
1779280421,productpage,v1,Running,True
1779280421,productpage,v1,Running,True
1779280421,productpage,v1,Running,True
1779280421,productpage,v1,Running,True
1779280421,productpage,v1,Running,True
1779280421,productpage,v1,Running,True
1779280421,productpage,v1,Running,True
1779280421,productpage,v1,Running,True
1779280421,productpage,v1,Running,True
1779280421,productpage,v1,Running,True
1779280421,productpage,v1,Running,True
1779280421,productpage,v1,Running,True
1779280421,productpage,v1,Running,True
1779280421,productpage,v1,Running,True
1779280421,productpage,v1,Running,True
1779280421,productpage,v1,Running,True
1779280421,ratings,v1,Running,True
1779280421,reviews,v1,Running,True
1779280421,reviews,v2,Running,True
1779280421,reviews,v2,Running,True
1779280421,reviews,v2,Running,True
1779280421,reviews,v3,Running,True
1779280421,reviews,v3,Running,True
1779280421,reviews,v3,Running,True
1779280422,details,v1,Running,True
1779280422,details,v1,Running,True
1779280422,details,v1,Running,True
1779280422,details,v1,Running,True
1779280422,details,v1,Running,True
1779280422,details,v1,Running,True
1779280422,productpage,v1,Running,True
1779280422,productpage,v1,Running,True
1779280422,productpage,v1,Running,True
1779280422,productpage,v1,Running,True
1779280422,productpage,v1,Running,True
1779280422,productpage,v1,Running,True
1779280422,productpage,v1,Running,True
1779280422,productpage,v1,Running,True
1779280422,productpage,v1,Running,True
1779280422,productpage,v1,Running,True
1779280422,productpage,v1,Running,True
1779280422,productpage,v1,Running,True
1779280422,productpage,v1,Running,True
1779280422,productpage,v1,Running,True
1779280422,productpage,v1,Running,True
1779280422,productpage,v1,Running,True
1779280422,productpage,v1,Running,True
1779280422,productpage,v1,Running,True
1779280422,productpage,v1,Running,True
1779280422,productpage,v1,Running,True
1779280422,ratings,v1,Running,True
1779280422,reviews,v1,Running,True
1779280422,reviews,v2,Running,True
1779280422,reviews,v2,Running,True
1779280422,reviews,v2,Running,True
1779280422,reviews,v3,Running,True
1779280422,reviews,v3,Running,True
1779280422,reviews,v3,Running,True
1779280423,details,v1,Running,True
1779280423,details,v1,Running,True
1779280423,details,v1,Running,True
1779280423,details,v1,Running,True
1779280423,details,v1,Running,True
1779280423,details,v1,Running,True
1779280423,productpage,v1,Running,True
1779280423,productpage,v1,Running,True
1779280423,productpage,v1,Running,True
1779280423,productpage,v1,Running,True
1779280423,productpage,v1,Running,True
1779280423,productpage,v1,Running,True
1779280423,productpage,v1,Running,True
1779280423,productpage,v1,Running,True
1779280423,productpage,v1,Running,True
1779280423,productpage,v1,Running,True
1779280423,productpage,v1,Running,True
1779280423,productpage,v1,Running,True
1779280423,productpage,v1,Running,True
1779280423,productpage,v1,Running,True
1779280423,productpage,v1,Running,True
1779280423,productpage,v1,Running,True
1779280423,productpage,v1,Running,True
1779280423,productpage,v1,Running,True
1779280423,productpage,v1,Running,True
1779280423,productpage,v1,Running,True
1779280423,ratings,v1,Running,True
1779280423,reviews,v1,Running,True
1779280423,reviews,v2,Running,True
1779280423,reviews,v2,Running,True
1779280423,reviews,v2,Running,True
1779280423,reviews,v3,Running,True
1779280423,reviews,v3,Running,True
1779280423,reviews,v3,Running,True
1779280424,details,v1,Running,True
1779280424,details,v1,Running,True
1779280424,details,v1,Running,True
1779280424,details,v1,Running,True
1779280424,details,v1,Running,True
1779280424,details,v1,Running,True
1779280424,productpage,v1,Running,True
1779280424,productpage,v1,Running,True
1779280424,productpage,v1,Running,True
1779280424,productpage,v1,Running,True
1779280424,productpage,v1,Running,True
1779280424,productpage,v1,Running,True
1779280424,productpage,v1,Running,True
1779280424,productpage,v1,Running,True
1779280424,productpage,v1,Running,True
1779280424,productpage,v1,Running,True
1779280424,productpage,v1,Running,True
1779280424,productpage,v1,Running,True
1779280424,productpage,v1,Running,True
1779280424,productpage,v1,Running,True
1779280424,productpage,v1,Running,True
1779280424,productpage,v1,Running,True
1779280424,productpage,v1,Running,True
1779280424,productpage,v1,Running,True
1779280424,productpage,v1,Running,True
1779280424,productpage,v1,Running,True
1779280424,ratings,v1,Running,True
1779280424,reviews,v1,Running,True
1779280424,reviews,v2,Running,True
1779280424,reviews,v2,Running,True
1779280424,reviews,v2,Running,True
1779280424,reviews,v3,Running,True
1779280424,reviews,v3,Running,True
1779280424,reviews,v3,Running,True
1779280425,details,v1,Running,True
1779280425,details,v1,Running,True
1779280425,details,v1,Running,True
1779280425,details,v1,Running,True
1779280425,details,v1,Running,True
1779280425,details,v1,Running,True
1779280425,productpage,v1,Running,True
1779280425,productpage,v1,Running,True
1779280425,productpage,v1,Running,True
1779280425,productpage,v1,Running,True
1779280425,productpage,v1,Running,True
1779280425,productpage,v1,Running,True
1779280425,productpage,v1,Running,True
1779280425,productpage,v1,Running,True
1779280425,productpage,v1,Running,True
1779280425,productpage,v1,Running,True
1779280425,productpage,v1,Running,True
1779280425,productpage,v1,Running,True
1779280425,productpage,v1,Running,True
1779280425,productpage,v1,Running,True
1779280425,productpage,v1,Running,True
1779280425,productpage,v1,Running,True
1779280425,productpage,v1,Running,True
1779280425,productpage,v1,Running,True
1779280425,productpage,v1,Running,True
1779280425,productpage,v1,Running,True
1779280425,ratings,v1,Running,True
1779280425,reviews,v1,Running,True
1779280425,reviews,v2,Running,True
1779280425,reviews,v2,Running,True
1779280425,reviews,v2,Running,True
1779280425,reviews,v3,Running,True
1779280425,reviews,v3,Running,True
1779280425,reviews,v3,Running,True
1779280426,details,v1,Running,True
1779280426,details,v1,Running,True
1779280426,details,v1,Running,True
1779280426,details,v1,Running,True
1779280426,details,v1,Running,True
1779280426,details,v1,Running,True
1779280426,productpage,v1,Running,True
1779280426,productpage,v1,Running,True
1779280426,productpage,v1,Running,True
1779280426,productpage,v1,Running,True
1779280426,productpage,v1,Running,True
1779280426,productpage,v1,Running,True
1779280426,productpage,v1,Running,True
1779280426,productpage,v1,Running,True
1779280426,productpage,v1,Running,True
1779280426,productpage,v1,Running,True
1779280426,productpage,v1,Running,True
1779280426,productpage,v1,Running,True
1779280426,productpage,v1,Running,True
1779280426,productpage,v1,Running,True
1779280426,productpage,v1,Running,True
1779280426,productpage,v1,Running,True
1779280426,productpage,v1,Running,True
1779280426,productpage,v1,Running,True
1779280426,productpage,v1,Running,True
1779280426,productpage,v1,Running,True
1779280426,ratings,v1,Running,True
1779280426,reviews,v1,Running,True
1779280426,reviews,v2,Running,True
1779280426,reviews,v2,Running,True
1779280426,reviews,v2,Running,True
1779280426,reviews,v3,Running,True
1779280426,reviews,v3,Running,True
1779280426,reviews,v3,Running,True
1779280427,details,v1,Running,True
1779280427,details,v1,Running,True
1779280427,details,v1,Running,True
1779280427,details,v1,Running,True
1779280427,details,v1,Running,True
1779280427,details,v1,Running,True
1779280427,productpage,v1,Running,True
1779280427,productpage,v1,Running,True
1779280427,productpage,v1,Running,True
1779280427,productpage,v1,Running,True
1779280427,productpage,v1,Running,True
1779280427,productpage,v1,Running,True
1779280427,productpage,v1,Running,True
1779280427,productpage,v1,Running,True
1779280427,productpage,v1,Running,True
1779280427,productpage,v1,Running,True
1779280427,productpage,v1,Running,True
1779280427,productpage,v1,Running,True
1779280427,productpage,v1,Running,True
1779280427,productpage,v1,Running,True
1779280427,productpage,v1,Running,True
1779280427,productpage,v1,Running,True
1779280427,productpage,v1,Running,True
1779280427,productpage,v1,Running,True
1779280427,productpage,v1,Running,True
1779280427,productpage,v1,Running,True
1779280427,ratings,v1,Running,True
1779280427,reviews,v1,Running,True
1779280427,reviews,v2,Running,True
1779280427,reviews,v2,Running,True
1779280427,reviews,v2,Running,True
1779280427,reviews,v3,Running,True
1779280427,reviews,v3,Running,True
1779280427,reviews,v3,Running,True
1779280428,details,v1,Running,True
1779280428,details,v1,Running,True
1779280428,details,v1,Running,True
1779280428,details,v1,Running,True
1779280428,details,v1,Running,True
1779280428,details,v1,Running,True
1779280428,productpage,v1,Running,True
1779280428,productpage,v1,Running,True
1779280428,productpage,v1,Running,True
1779280428,productpage,v1,Running,True
1779280428,productpage,v1,Running,True
1779280428,productpage,v1,Running,True
1779280428,productpage,v1,Running,True
1779280428,productpage,v1,Running,True
1779280428,productpage,v1,Running,True
1779280428,productpage,v1,Running,True
1779280428,productpage,v1,Running,True
1779280428,productpage,v1,Running,True
1779280428,productpage,v1,Running,True
1779280428,productpage,v1,Running,True
1779280428,productpage,v1,Running,True
1779280428,productpage,v1,Running,True
1779280428,productpage,v1,Running,True
1779280428,productpage,v1,Running,True
1779280428,productpage,v1,Running,True
1779280428,productpage,v1,Running,True
1779280428,ratings,v1,Running,True
1779280428,reviews,v1,Running,True
1779280428,reviews,v2,Running,True
1779280428,reviews,v2,Running,True
1779280428,reviews,v2,Running,True
1779280428,reviews,v3,Running,True
1779280428,reviews,v3,Running,True
1779280428,reviews,v3,Running,True
1779280429,details,v1,Running,True
1779280429,details,v1,Running,True
1779280429,details,v1,Running,True
1779280429,details,v1,Running,True
1779280429,details,v1,Running,True
1779280429,details,v1,Running,True
1779280429,productpage,v1,Running,True
1779280429,productpage,v1,Running,True
1779280429,productpage,v1,Running,True
1779280429,productpage,v1,Running,True
1779280429,productpage,v1,Running,True
1779280429,productpage,v1,Running,True
1779280429,productpage,v1,Running,True
1779280429,productpage,v1,Running,True
1779280429,productpage,v1,Running,True
1779280429,productpage,v1,Running,True
1779280429,productpage,v1,Running,True
1779280429,productpage,v1,Running,True
1779280429,productpage,v1,Running,True
1779280429,productpage,v1,Running,True
1779280429,productpage,v1,Running,True
1779280429,productpage,v1,Running,True
1779280429,productpage,v1,Running,True
1779280429,productpage,v1,Running,True
1779280429,productpage,v1,Running,True
1779280429,productpage,v1,Running,True
1779280429,ratings,v1,Running,True
1779280429,reviews,v1,Running,True
1779280429,reviews,v2,Running,True
1779280429,reviews,v2,Running,True
1779280429,reviews,v2,Running,True
1779280429,reviews,v3,Running,True
1779280429,reviews,v3,Running,True
1779280429,reviews,v3,Running,True
1779280430,details,v1,Running,True
1779280430,details,v1,Running,True
1779280430,details,v1,Running,True
1779280430,details,v1,Running,True
1779280430,details,v1,Running,True
1779280430,details,v1,Running,True
1779280430,productpage,v1,Running,True
1779280430,productpage,v1,Running,True
1779280430,productpage,v1,Running,True
1779280430,productpage,v1,Running,True
1779280430,productpage,v1,Running,True
1779280430,productpage,v1,Running,True
1779280430,productpage,v1,Running,True
1779280430,productpage,v1,Running,True
1779280430,productpage,v1,Running,True
1779280430,productpage,v1,Running,True
1779280430,productpage,v1,Running,True
1779280430,productpage,v1,Running,True
1779280430,productpage,v1,Running,True
1779280430,productpage,v1,Running,True
1779280430,productpage,v1,Running,True
1779280430,productpage,v1,Running,True
1779280430,productpage,v1,Running,True
1779280430,productpage,v1,Running,True
1779280430,productpage,v1,Running,True
1779280430,productpage,v1,Running,True
1779280430,ratings,v1,Running,True
1779280430,reviews,v1,Running,True
1779280430,reviews,v2,Running,True
1779280430,reviews,v2,Running,True
1779280430,reviews,v2,Running,True
1779280430,reviews,v3,Running,True
1779280430,reviews,v3,Running,True
1779280430,reviews,v3,Running,True
1779280431,details,v1,Running,True
1779280431,details,v1,Running,True
1779280431,details,v1,Running,True
1779280431,details,v1,Running,True
1779280431,details,v1,Running,True
1779280431,details,v1,Running,True
1779280431,productpage,v1,Running,True
1779280431,productpage,v1,Running,True
1779280431,productpage,v1,Running,True
1779280431,productpage,v1,Running,True
1779280431,productpage,v1,Running,True
1779280431,productpage,v1,Running,True
1779280431,productpage,v1,Running,True
1779280431,productpage,v1,Running,True
1779280431,productpage,v1,Running,True
1779280431,productpage,v1,Running,True
1779280431,productpage,v1,Running,True
1779280431,productpage,v1,Running,True
1779280431,productpage,v1,Running,True
1779280431,productpage,v1,Running,True
1779280431,productpage,v1,Running,True
1779280431,productpage,v1,Running,True
1779280431,productpage,v1,Running,True
1779280431,productpage,v1,Running,True
1779280431,productpage,v1,Running,True
1779280431,productpage,v1,Running,True
1779280431,ratings,v1,Running,True
1779280431,reviews,v1,Running,True
1779280431,reviews,v2,Running,True
1779280431,reviews,v2,Running,True
1779280431,reviews,v2,Running,True
1779280431,reviews,v3,Running,True
1779280431,reviews,v3,Running,True
1779280431,reviews,v3,Running,True
1779280432,details,v1,Running,True
1779280432,details,v1,Running,True
1779280432,details,v1,Running,True
1779280432,details,v1,Running,True
1779280432,details,v1,Running,True
1779280432,details,v1,Running,True
1779280432,productpage,v1,Running,True
1779280432,productpage,v1,Running,True
1779280432,productpage,v1,Running,True
1779280432,productpage,v1,Running,True
1779280432,productpage,v1,Running,True
1779280432,productpage,v1,Running,True
1779280432,productpage,v1,Running,True
1779280432,productpage,v1,Running,True
1779280432,productpage,v1,Running,True
1779280432,productpage,v1,Running,True
1779280432,productpage,v1,Running,True
1779280432,productpage,v1,Running,True
1779280432,productpage,v1,Running,True
1779280432,productpage,v1,Running,True
1779280432,productpage,v1,Running,True
1779280432,productpage,v1,Running,True
1779280432,productpage,v1,Running,True
1779280432,productpage,v1,Running,True
1779280432,productpage,v1,Running,True
1779280432,productpage,v1,Running,True
1779280432,ratings,v1,Running,True
1779280432,reviews,v1,Running,True
1779280432,reviews,v2,Running,True
1779280432,reviews,v2,Running,True
1779280432,reviews,v2,Running,True
1779280432,reviews,v3,Running,True
1779280432,reviews,v3,Running,True
1779280432,reviews,v3,Running,True
1779280433,details,v1,Running,True
1779280433,details,v1,Running,True
1779280433,details,v1,Running,True
1779280433,details,v1,Running,True
1779280433,details,v1,Running,True
1779280433,details,v1,Running,True
1779280433,productpage,v1,Running,True
1779280433,productpage,v1,Running,True
1779280433,productpage,v1,Running,True
1779280433,productpage,v1,Running,True
1779280433,productpage,v1,Running,True
1779280433,productpage,v1,Running,True
1779280433,productpage,v1,Running,True
1779280433,productpage,v1,Running,True
1779280433,productpage,v1,Running,True
1779280433,productpage,v1,Running,True
1779280433,productpage,v1,Running,True
1779280433,productpage,v1,Running,True
1779280433,productpage,v1,Running,True
1779280433,productpage,v1,Running,True
1779280433,productpage,v1,Running,True
1779280433,productpage,v1,Running,True
1779280433,productpage,v1,Running,True
1779280433,productpage,v1,Running,True
1779280433,productpage,v1,Running,True
1779280433,productpage,v1,Running,True
1779280433,ratings,v1,Running,True
1779280433,reviews,v1,Running,True
1779280433,reviews,v2,Running,True
1779280433,reviews,v2,Running,True
1779280433,reviews,v2,Running,True
1779280433,reviews,v3,Running,True
1779280433,reviews,v3,Running,True
1779280433,reviews,v3,Running,True
1779280434,details,v1,Running,True
1779280434,details,v1,Running,True
1779280434,details,v1,Running,True
1779280434,details,v1,Running,True
1779280434,details,v1,Running,True
1779280434,details,v1,Running,True
1779280434,productpage,v1,Running,True
1779280434,productpage,v1,Running,True
1779280434,productpage,v1,Running,True
1779280434,productpage,v1,Running,True
1779280434,productpage,v1,Running,True
1779280434,productpage,v1,Running,True
1779280434,productpage,v1,Running,True
1779280434,productpage,v1,Running,True
1779280434,productpage,v1,Running,True
1779280434,productpage,v1,Running,True
1779280434,productpage,v1,Running,True
1779280434,productpage,v1,Running,True
1779280434,productpage,v1,Running,True
1779280434,productpage,v1,Running,True
1779280434,productpage,v1,Running,True
1779280434,productpage,v1,Running,True
1779280434,productpage,v1,Running,True
1779280434,productpage,v1,Running,True
1779280434,productpage,v1,Running,True
1779280434,productpage,v1,Running,True
1779280434,ratings,v1,Running,True
1779280434,reviews,v1,Running,True
1779280434,reviews,v2,Running,True
1779280434,reviews,v2,Running,True
1779280434,reviews,v2,Running,True
1779280434,reviews,v3,Running,True
1779280434,reviews,v3,Running,True
1779280434,reviews,v3,Running,True
1779280435,details,v1,Running,True
1779280435,details,v1,Running,True
1779280435,details,v1,Running,True
1779280435,details,v1,Running,True
1779280435,details,v1,Running,True
1779280435,details,v1,Running,True
1779280435,productpage,v1,Running,True
1779280435,productpage,v1,Running,True
1779280435,productpage,v1,Running,True
1779280435,productpage,v1,Running,True
1779280435,productpage,v1,Running,True
1779280435,productpage,v1,Running,True
1779280435,productpage,v1,Running,True
1779280435,productpage,v1,Running,True
1779280435,productpage,v1,Running,True
1779280435,productpage,v1,Running,True
1779280435,productpage,v1,Running,True
1779280435,productpage,v1,Running,True
1779280435,productpage,v1,Running,True
1779280435,productpage,v1,Running,True
1779280435,productpage,v1,Running,True
1779280435,productpage,v1,Running,True
1779280435,productpage,v1,Running,True
1779280435,productpage,v1,Running,True
1779280435,productpage,v1,Running,True
1779280435,productpage,v1,Running,True
1779280435,ratings,v1,Running,True
1779280435,reviews,v1,Running,True
1779280435,reviews,v2,Running,True
1779280435,reviews,v2,Running,True
1779280435,reviews,v2,Running,True
1779280435,reviews,v3,Running,True
1779280435,reviews,v3,Running,True
1779280435,reviews,v3,Running,True
1779280436,details,v1,Running,True
1779280436,details,v1,Running,True
1779280436,details,v1,Running,True
1779280436,details,v1,Running,True
1779280436,details,v1,Running,True
1779280436,details,v1,Running,True
1779280436,productpage,v1,Running,True
1779280436,productpage,v1,Running,True
1779280436,productpage,v1,Running,True
1779280436,productpage,v1,Running,True
1779280436,productpage,v1,Running,True
1779280436,productpage,v1,Running,True
1779280436,productpage,v1,Running,True
1779280436,productpage,v1,Running,True
1779280436,productpage,v1,Running,True
1779280436,productpage,v1,Running,True
1779280436,productpage,v1,Running,True
1779280436,productpage,v1,Running,True
1779280436,productpage,v1,Running,True
1779280436,productpage,v1,Running,True
1779280436,productpage,v1,Running,True
1779280436,productpage,v1,Running,True
1779280436,productpage,v1,Running,True
1779280436,productpage,v1,Running,True
1779280436,productpage,v1,Running,True
1779280436,productpage,v1,Running,True
1779280436,ratings,v1,Running,True
1779280436,reviews,v1,Running,True
1779280436,reviews,v2,Running,True
1779280436,reviews,v2,Running,True
1779280436,reviews,v2,Running,True
1779280436,reviews,v3,Running,True
1779280436,reviews,v3,Running,True
1779280436,reviews,v3,Running,True
1779280437,details,v1,Running,True
1779280437,details,v1,Running,True
1779280437,details,v1,Running,True
1779280437,details,v1,Running,True
1779280437,details,v1,Running,True
1779280437,details,v1,Running,True
1779280437,productpage,v1,Running,True
1779280437,productpage,v1,Running,True
1779280437,productpage,v1,Running,True
1779280437,productpage,v1,Running,True
1779280437,productpage,v1,Running,True
1779280437,productpage,v1,Running,True
1779280437,productpage,v1,Running,True
1779280437,productpage,v1,Running,True
1779280437,productpage,v1,Running,True
1779280437,productpage,v1,Running,True
1779280437,productpage,v1,Running,True
1779280437,productpage,v1,Running,True
1779280437,productpage,v1,Running,True
1779280437,productpage,v1,Running,True
1779280437,productpage,v1,Running,True
1779280437,productpage,v1,Running,True
1779280437,productpage,v1,Running,True
1779280437,productpage,v1,Running,True
1779280437,productpage,v1,Running,True
1779280437,productpage,v1,Running,True
1779280437,ratings,v1,Running,True
1779280437,reviews,v1,Running,True
1779280437,reviews,v2,Running,True
1779280437,reviews,v2,Running,True
1779280437,reviews,v2,Running,True
1779280437,reviews,v3,Running,True
1779280437,reviews,v3,Running,True
1779280437,reviews,v3,Running,True
1779280438,details,v1,Running,True
1779280438,details,v1,Running,True
1779280438,details,v1,Running,True
1779280438,details,v1,Running,True
1779280438,details,v1,Running,True
1779280438,details,v1,Running,True
1779280438,productpage,v1,Running,True
1779280438,productpage,v1,Running,True
1779280438,productpage,v1,Running,True
1779280438,productpage,v1,Running,True
1779280438,productpage,v1,Running,True
1779280438,productpage,v1,Running,True
1779280438,productpage,v1,Running,True
1779280438,productpage,v1,Running,True
1779280438,productpage,v1,Running,True
1779280438,productpage,v1,Running,True
1779280438,productpage,v1,Running,True
1779280438,productpage,v1,Running,True
1779280438,productpage,v1,Running,True
1779280438,productpage,v1,Running,True
1779280438,productpage,v1,Running,True
1779280438,productpage,v1,Running,True
1779280438,productpage,v1,Running,True
1779280438,productpage,v1,Running,True
1779280438,productpage,v1,Running,True
1779280438,productpage,v1,Running,True
1779280438,ratings,v1,Running,True
1779280438,reviews,v1,Running,True
1779280438,reviews,v2,Running,True
1779280438,reviews,v2,Running,True
1779280438,reviews,v2,Running,True
1779280438,reviews,v3,Running,True
1779280438,reviews,v3,Running,True
1779280438,reviews,v3,Running,True
1779280439,details,v1,Running,True
1779280439,details,v1,Running,True
1779280439,details,v1,Running,True
1779280439,details,v1,Running,True
1779280439,details,v1,Running,True
1779280439,details,v1,Running,True
1779280439,productpage,v1,Running,True
1779280439,productpage,v1,Running,True
1779280439,productpage,v1,Running,True
1779280439,productpage,v1,Running,True
1779280439,productpage,v1,Running,True
1779280439,productpage,v1,Running,True
1779280439,productpage,v1,Running,True
1779280439,productpage,v1,Running,True
1779280439,productpage,v1,Running,True
1779280439,productpage,v1,Running,True
1779280439,productpage,v1,Running,True
1779280439,productpage,v1,Running,True
1779280439,productpage,v1,Running,True
1779280439,productpage,v1,Running,True
1779280439,productpage,v1,Running,True
1779280439,productpage,v1,Running,True
1779280439,productpage,v1,Running,True
1779280439,productpage,v1,Running,True
1779280439,productpage,v1,Running,True
1779280439,productpage,v1,Running,True
1779280439,ratings,v1,Running,True
1779280439,reviews,v1,Running,True
1779280439,reviews,v2,Running,True
1779280439,reviews,v2,Running,True
1779280439,reviews,v2,Running,True
1779280439,reviews,v3,Running,True
1779280439,reviews,v3,Running,True
1779280439,reviews,v3,Running,True
1779280440,details,v1,Running,True
1779280440,details,v1,Running,True
1779280440,details,v1,Running,True
1779280440,details,v1,Running,True
1779280440,details,v1,Running,True
1779280440,details,v1,Running,True
1779280440,productpage,v1,Running,True
1779280440,productpage,v1,Running,True
1779280440,productpage,v1,Running,True
1779280440,productpage,v1,Running,True
1779280440,productpage,v1,Running,True
1779280440,productpage,v1,Running,True
1779280440,productpage,v1,Running,True
1779280440,productpage,v1,Running,True
1779280440,productpage,v1,Running,True
1779280440,productpage,v1,Running,True
1779280440,productpage,v1,Running,True
1779280440,productpage,v1,Running,True
1779280440,productpage,v1,Running,True
1779280440,productpage,v1,Running,True
1779280440,productpage,v1,Running,True
1779280440,productpage,v1,Running,True
1779280440,productpage,v1,Running,True
1779280440,productpage,v1,Running,True
1779280440,productpage,v1,Running,True
1779280440,productpage,v1,Running,True
1779280440,ratings,v1,Running,True
1779280440,reviews,v1,Running,True
1779280440,reviews,v2,Running,True
1779280440,reviews,v2,Running,True
1779280440,reviews,v2,Running,True
1779280440,reviews,v3,Running,True
1779280440,reviews,v3,Running,True
1779280440,reviews,v3,Running,True
1779280441,details,v1,Running,True
1779280441,details,v1,Running,True
1779280441,details,v1,Running,True
1779280441,details,v1,Running,True
1779280441,details,v1,Running,True
1779280441,details,v1,Running,True
1779280441,productpage,v1,Running,True
1779280441,productpage,v1,Running,True
1779280441,productpage,v1,Running,True
1779280441,productpage,v1,Running,True
1779280441,productpage,v1,Running,True
1779280441,productpage,v1,Running,True
1779280441,productpage,v1,Running,True
1779280441,productpage,v1,Running,True
1779280441,productpage,v1,Running,True
1779280441,productpage,v1,Running,True
1779280441,productpage,v1,Running,True
1779280441,productpage,v1,Running,True
1779280441,productpage,v1,Running,True
1779280441,productpage,v1,Running,True
1779280441,productpage,v1,Running,True
1779280441,productpage,v1,Running,True
1779280441,productpage,v1,Running,True
1779280441,productpage,v1,Running,True
1779280441,productpage,v1,Running,True
1779280441,productpage,v1,Running,True
1779280441,ratings,v1,Running,True
1779280441,reviews,v1,Running,True
1779280441,reviews,v2,Running,True
1779280441,reviews,v2,Running,True
1779280441,reviews,v2,Running,True
1779280441,reviews,v3,Running,True
1779280441,reviews,v3,Running,True
1779280441,reviews,v3,Running,True
1779280442,details,v1,Running,True
1779280442,details,v1,Running,True
1779280442,details,v1,Running,True
1779280442,details,v1,Running,True
1779280442,details,v1,Running,True
1779280442,details,v1,Running,True
1779280442,productpage,v1,Running,True
1779280442,productpage,v1,Running,True
1779280442,productpage,v1,Running,True
1779280442,productpage,v1,Running,True
1779280442,productpage,v1,Running,True
1779280442,productpage,v1,Running,True
1779280442,productpage,v1,Running,True
1779280442,productpage,v1,Running,True
1779280442,productpage,v1,Running,True
1779280442,productpage,v1,Running,True
1779280442,productpage,v1,Running,True
1779280442,productpage,v1,Running,True
1779280442,productpage,v1,Running,True
1779280442,productpage,v1,Running,True
1779280442,productpage,v1,Running,True
1779280442,productpage,v1,Running,True
1779280442,productpage,v1,Running,True
1779280442,productpage,v1,Running,True
1779280442,productpage,v1,Running,True
1779280442,productpage,v1,Running,True
1779280442,ratings,v1,Running,True
1779280442,reviews,v1,Running,True
1779280442,reviews,v2,Running,True
1779280442,reviews,v2,Running,True
1779280442,reviews,v2,Running,True
1779280442,reviews,v3,Running,True
1779280442,reviews,v3,Running,True
1779280442,reviews,v3,Running,True
1779280443,details,v1,Running,True
1779280443,details,v1,Running,True
1779280443,details,v1,Running,True
1779280443,details,v1,Running,True
1779280443,details,v1,Running,True
1779280443,details,v1,Running,True
1779280443,productpage,v1,Running,True
1779280443,productpage,v1,Running,True
1779280443,productpage,v1,Running,True
1779280443,productpage,v1,Running,True
1779280443,productpage,v1,Running,True
1779280443,productpage,v1,Running,True
1779280443,productpage,v1,Running,True
1779280443,productpage,v1,Running,True
1779280443,productpage,v1,Running,True
1779280443,productpage,v1,Running,True
1779280443,productpage,v1,Running,True
1779280443,productpage,v1,Running,True
1779280443,productpage,v1,Running,True
1779280443,productpage,v1,Running,True
1779280443,productpage,v1,Running,True
1779280443,productpage,v1,Running,True
1779280443,productpage,v1,Running,True
1779280443,productpage,v1,Running,True
1779280443,productpage,v1,Running,True
1779280443,productpage,v1,Running,True
1779280443,ratings,v1,Running,True
1779280443,reviews,v1,Running,True
1779280443,reviews,v2,Running,True
1779280443,reviews,v2,Running,True
1779280443,reviews,v2,Running,True
1779280443,reviews,v3,Running,True
1779280443,reviews,v3,Running,True
1779280443,reviews,v3,Running,True
1779280444,details,v1,Running,True
1779280444,details,v1,Running,True
1779280444,details,v1,Running,True
1779280444,details,v1,Running,True
1779280444,details,v1,Running,True
1779280444,details,v1,Running,True
1779280444,productpage,v1,Running,True
1779280444,productpage,v1,Running,True
1779280444,productpage,v1,Running,True
1779280444,productpage,v1,Running,True
1779280444,productpage,v1,Running,True
1779280444,productpage,v1,Running,True
1779280444,productpage,v1,Running,True
1779280444,productpage,v1,Running,True
1779280444,productpage,v1,Running,True
1779280444,productpage,v1,Running,True
1779280444,productpage,v1,Running,True
1779280444,productpage,v1,Running,True
1779280444,productpage,v1,Running,True
1779280444,productpage,v1,Running,True
1779280444,productpage,v1,Running,True
1779280444,productpage,v1,Running,True
1779280444,productpage,v1,Running,True
1779280444,productpage,v1,Running,True
1779280444,productpage,v1,Running,True
1779280444,productpage,v1,Running,True
1779280444,ratings,v1,Running,True
1779280444,reviews,v1,Running,True
1779280444,reviews,v2,Running,True
1779280444,reviews,v2,Running,True
1779280444,reviews,v2,Running,True
1779280444,reviews,v3,Running,True
1779280444,reviews,v3,Running,True
1779280444,reviews,v3,Running,True
1779280445,details,v1,Running,True
1779280445,details,v1,Running,True
1779280445,details,v1,Running,True
1779280445,details,v1,Running,True
1779280445,details,v1,Running,True
1779280445,details,v1,Running,True
1779280445,productpage,v1,Running,True
1779280445,productpage,v1,Running,True
1779280445,productpage,v1,Running,True
1779280445,productpage,v1,Running,True
1779280445,productpage,v1,Running,True
1779280445,productpage,v1,Running,True
1779280445,productpage,v1,Running,True
1779280445,productpage,v1,Running,True
1779280445,productpage,v1,Running,True
1779280445,productpage,v1,Running,True
1779280445,productpage,v1,Running,True
1779280445,productpage,v1,Running,True
1779280445,productpage,v1,Running,True
1779280445,productpage,v1,Running,True
1779280445,productpage,v1,Running,True
1779280445,productpage,v1,Running,True
1779280445,productpage,v1,Running,True
1779280445,productpage,v1,Running,True
1779280445,productpage,v1,Running,True
1779280445,productpage,v1,Running,True
1779280445,ratings,v1,Running,True
1779280445,reviews,v1,Running,True
1779280445,reviews,v2,Running,True
1779280445,reviews,v2,Running,True
1779280445,reviews,v2,Running,True
1779280445,reviews,v3,Running,True
1779280445,reviews,v3,Running,True
1779280445,reviews,v3,Running,True
1779280446,details,v1,Running,True
1779280446,details,v1,Running,True
1779280446,details,v1,Running,True
1779280446,details,v1,Running,True
1779280446,details,v1,Running,True
1779280446,details,v1,Running,True
1779280446,productpage,v1,Running,True
1779280446,productpage,v1,Running,True
1779280446,productpage,v1,Running,True
1779280446,productpage,v1,Running,True
1779280446,productpage,v1,Running,True
1779280446,productpage,v1,Running,True
1779280446,productpage,v1,Running,True
1779280446,productpage,v1,Running,True
1779280446,productpage,v1,Running,True
1779280446,productpage,v1,Running,True
1779280446,productpage,v1,Running,True
1779280446,productpage,v1,Running,True
1779280446,productpage,v1,Running,True
1779280446,productpage,v1,Running,True
1779280446,productpage,v1,Running,True
1779280446,productpage,v1,Running,True
1779280446,productpage,v1,Running,True
1779280446,productpage,v1,Running,True
1779280446,productpage,v1,Running,True
1779280446,productpage,v1,Running,True
1779280446,ratings,v1,Running,True
1779280446,reviews,v1,Running,True
1779280446,reviews,v2,Running,True
1779280446,reviews,v2,Running,True
1779280446,reviews,v2,Running,True
1779280446,reviews,v3,Running,True
1779280446,reviews,v3,Running,True
1779280446,reviews,v3,Running,True
1779280447,details,v1,Running,True
1779280447,details,v1,Running,True
1779280447,details,v1,Running,True
1779280447,details,v1,Running,True
1779280447,details,v1,Running,True
1779280447,details,v1,Running,True
1779280447,productpage,v1,Running,True
1779280447,productpage,v1,Running,True
1779280447,productpage,v1,Running,True
1779280447,productpage,v1,Running,True
1779280447,productpage,v1,Running,True
1779280447,productpage,v1,Running,True
1779280447,productpage,v1,Running,True
1779280447,productpage,v1,Running,True
1779280447,productpage,v1,Running,True
1779280447,productpage,v1,Running,True
1779280447,productpage,v1,Running,True
1779280447,productpage,v1,Running,True
1779280447,productpage,v1,Running,True
1779280447,productpage,v1,Running,True
1779280447,productpage,v1,Running,True
1779280447,productpage,v1,Running,True
1779280447,productpage,v1,Running,True
1779280447,productpage,v1,Running,True
1779280447,productpage,v1,Running,True
1779280447,productpage,v1,Running,True
1779280447,ratings,v1,Running,True
1779280447,reviews,v1,Running,True
1779280447,reviews,v2,Running,True
1779280447,reviews,v2,Running,True
1779280447,reviews,v2,Running,True
1779280447,reviews,v3,Running,True
1779280447,reviews,v3,Running,True
1779280447,reviews,v3,Running,True
1779280448,details,v1,Running,True
1779280448,details,v1,Running,True
1779280448,details,v1,Running,True
1779280448,details,v1,Running,True
1779280448,details,v1,Running,True
1779280448,details,v1,Running,True
1779280448,productpage,v1,Running,True
1779280448,productpage,v1,Running,True
1779280448,productpage,v1,Running,True
1779280448,productpage,v1,Running,True
1779280448,productpage,v1,Running,True
1779280448,productpage,v1,Running,True
1779280448,productpage,v1,Running,True
1779280448,productpage,v1,Running,True
1779280448,productpage,v1,Running,True
1779280448,productpage,v1,Running,True
1779280448,productpage,v1,Running,True
1779280448,productpage,v1,Running,True
1779280448,productpage,v1,Running,True
1779280448,productpage,v1,Running,True
1779280448,productpage,v1,Running,True
1779280448,productpage,v1,Running,True
1779280448,productpage,v1,Running,True
1779280448,productpage,v1,Running,True
1779280448,productpage,v1,Running,True
1779280448,productpage,v1,Running,True
1779280448,ratings,v1,Running,True
1779280448,reviews,v1,Running,True
1779280448,reviews,v2,Running,True
1779280448,reviews,v2,Running,True
1779280448,reviews,v2,Running,True
1779280448,reviews,v3,Running,True
1779280448,reviews,v3,Running,True
1779280448,reviews,v3,Running,True
1779280449,details,v1,Running,True
1779280449,details,v1,Running,True
1779280449,details,v1,Running,True
1779280449,details,v1,Running,True
1779280449,details,v1,Running,True
1779280449,details,v1,Running,True
1779280449,productpage,v1,Running,True
1779280449,productpage,v1,Running,True
1779280449,productpage,v1,Running,True
1779280449,productpage,v1,Running,True
1779280449,productpage,v1,Running,True
1779280449,productpage,v1,Running,True
1779280449,productpage,v1,Running,True
1779280449,productpage,v1,Running,True
1779280449,productpage,v1,Running,True
1779280449,productpage,v1,Running,True
1779280449,productpage,v1,Running,True
1779280449,productpage,v1,Running,True
1779280449,productpage,v1,Running,True
1779280449,productpage,v1,Running,True
1779280449,productpage,v1,Running,True
1779280449,productpage,v1,Running,True
1779280449,productpage,v1,Running,True
1779280449,productpage,v1,Running,True
1779280449,productpage,v1,Running,True
1779280449,productpage,v1,Running,True
1779280449,ratings,v1,Running,True
1779280449,reviews,v1,Running,True
1779280449,reviews,v2,Running,True
1779280449,reviews,v2,Running,True
1779280449,reviews,v2,Running,True
1779280449,reviews,v3,Running,True
1779280449,reviews,v3,Running,True
1779280449,reviews,v3,Running,True
1779280450,details,v1,Running,True
1779280450,details,v1,Running,True
1779280450,details,v1,Running,True
1779280450,details,v1,Running,True
1779280450,details,v1,Running,True
1779280450,details,v1,Running,True
1779280450,productpage,v1,Running,True
1779280450,productpage,v1,Running,True
1779280450,productpage,v1,Running,True
1779280450,productpage,v1,Running,True
1779280450,productpage,v1,Running,True
1779280450,productpage,v1,Running,True
1779280450,productpage,v1,Running,True
1779280450,productpage,v1,Running,True
1779280450,productpage,v1,Running,True
1779280450,productpage,v1,Running,True
1779280450,productpage,v1,Running,True
1779280450,productpage,v1,Running,True
1779280450,productpage,v1,Running,True
1779280450,productpage,v1,Running,True
1779280450,productpage,v1,Running,True
1779280450,productpage,v1,Running,True
1779280450,productpage,v1,Running,True
1779280450,productpage,v1,Running,True
1779280450,productpage,v1,Running,True
1779280450,productpage,v1,Running,True
1779280450,ratings,v1,Running,True
1779280450,reviews,v1,Running,True
1779280450,reviews,v2,Running,True
1779280450,reviews,v2,Running,True
1779280450,reviews,v2,Running,True
1779280450,reviews,v3,Running,True
1779280450,reviews,v3,Running,True
1779280450,reviews,v3,Running,True
1779280451,details,v1,Running,True
1779280451,details,v1,Running,True
1779280451,details,v1,Running,True
1779280451,details,v1,Running,True
1779280451,details,v1,Running,True
1779280451,details,v1,Running,True
1779280451,productpage,v1,Running,True
1779280451,productpage,v1,Running,True
1779280451,productpage,v1,Running,True
1779280451,productpage,v1,Running,True
1779280451,productpage,v1,Running,True
1779280451,productpage,v1,Running,True
1779280451,productpage,v1,Running,True
1779280451,productpage,v1,Running,True
1779280451,productpage,v1,Running,True
1779280451,productpage,v1,Running,True
1779280451,productpage,v1,Running,True
1779280451,productpage,v1,Running,True
1779280451,productpage,v1,Running,True
1779280451,productpage,v1,Running,True
1779280451,productpage,v1,Running,True
1779280451,productpage,v1,Running,True
1779280451,productpage,v1,Running,True
1779280451,productpage,v1,Running,True
1779280451,productpage,v1,Running,True
1779280451,productpage,v1,Running,True
1779280451,ratings,v1,Running,True
1779280451,reviews,v1,Running,True
1779280451,reviews,v2,Running,True
1779280451,reviews,v2,Running,True
1779280451,reviews,v2,Running,True
1779280451,reviews,v3,Running,True
1779280451,reviews,v3,Running,True
1779280451,reviews,v3,Running,True
1779280452,details,v1,Running,True
1779280452,details,v1,Running,True
1779280452,details,v1,Running,True
1779280452,details,v1,Running,True
1779280452,details,v1,Running,True
1779280452,details,v1,Running,True
1779280452,productpage,v1,Running,True
1779280452,productpage,v1,Running,True
1779280452,productpage,v1,Running,True
1779280452,productpage,v1,Running,True
1779280452,productpage,v1,Running,True
1779280452,productpage,v1,Running,True
1779280452,productpage,v1,Running,True
1779280452,productpage,v1,Running,True
1779280452,productpage,v1,Running,True
1779280452,productpage,v1,Running,True
1779280452,productpage,v1,Running,True
1779280452,productpage,v1,Running,True
1779280452,productpage,v1,Running,True
1779280452,productpage,v1,Running,True
1779280452,productpage,v1,Running,True
1779280452,productpage,v1,Running,True
1779280452,productpage,v1,Running,True
1779280452,productpage,v1,Running,True
1779280452,productpage,v1,Running,True
1779280452,productpage,v1,Running,True
1779280452,ratings,v1,Running,True
1779280452,reviews,v1,Running,True
1779280452,reviews,v2,Running,True
1779280452,reviews,v2,Running,True
1779280452,reviews,v2,Running,True
1779280452,reviews,v3,Running,True
1779280452,reviews,v3,Running,True
1779280452,reviews,v3,Running,True
1779280453,details,v1,Running,True
1779280453,details,v1,Running,True
1779280453,details,v1,Running,True
1779280453,details,v1,Running,True
1779280453,details,v1,Running,True
1779280453,details,v1,Running,True
1779280453,productpage,v1,Running,True
1779280453,productpage,v1,Running,True
1779280453,productpage,v1,Running,True
1779280453,productpage,v1,Running,True
1779280453,productpage,v1,Running,True
1779280453,productpage,v1,Running,True
1779280453,productpage,v1,Running,True
1779280453,productpage,v1,Running,True
1779280453,productpage,v1,Running,True
1779280453,productpage,v1,Running,True
1779280453,productpage,v1,Running,True
1779280453,productpage,v1,Running,True
1779280453,productpage,v1,Running,True
1779280453,productpage,v1,Running,True
1779280453,productpage,v1,Running,True
1779280453,productpage,v1,Running,True
1779280453,productpage,v1,Running,True
1779280453,productpage,v1,Running,True
1779280453,productpage,v1,Running,True
1779280453,productpage,v1,Running,True
1779280453,ratings,v1,Running,True
1779280453,reviews,v1,Running,True
1779280453,reviews,v2,Running,True
1779280453,reviews,v2,Running,True
1779280453,reviews,v2,Running,True
1779280453,reviews,v3,Running,True
1779280453,reviews,v3,Running,True
1779280453,reviews,v3,Running,True
1779280454,details,v1,Running,True
1779280454,details,v1,Running,True
1779280454,details,v1,Running,True
1779280454,details,v1,Running,True
1779280454,details,v1,Running,True
1779280454,details,v1,Running,True
1779280454,productpage,v1,Running,True
1779280454,productpage,v1,Running,True
1779280454,productpage,v1,Running,True
1779280454,productpage,v1,Running,True
1779280454,productpage,v1,Running,True
1779280454,productpage,v1,Running,True
1779280454,productpage,v1,Running,True
1779280454,productpage,v1,Running,True
1779280454,productpage,v1,Running,True
1779280454,productpage,v1,Running,True
1779280454,productpage,v1,Running,True
1779280454,productpage,v1,Running,True
1779280454,productpage,v1,Running,True
1779280454,productpage,v1,Running,True
1779280454,productpage,v1,Running,True
1779280454,productpage,v1,Running,True
1779280454,productpage,v1,Running,True
1779280454,productpage,v1,Running,True
1779280454,productpage,v1,Running,True
1779280454,productpage,v1,Running,True
1779280454,ratings,v1,Running,True
1779280454,reviews,v1,Running,True
1779280454,reviews,v2,Running,True
1779280454,reviews,v2,Running,True
1779280454,reviews,v2,Running,True
1779280454,reviews,v3,Running,True
1779280454,reviews,v3,Running,True
1779280454,reviews,v3,Running,True
1779280455,details,v1,Running,True
1779280455,details,v1,Running,True
1779280455,details,v1,Running,True
1779280455,details,v1,Running,True
1779280455,details,v1,Running,True
1779280455,details,v1,Running,True
1779280455,productpage,v1,Running,True
1779280455,productpage,v1,Running,True
1779280455,productpage,v1,Running,True
1779280455,productpage,v1,Running,True
1779280455,productpage,v1,Running,True
1779280455,productpage,v1,Running,True
1779280455,productpage,v1,Running,True
1779280455,productpage,v1,Running,True
1779280455,productpage,v1,Running,True
1779280455,productpage,v1,Running,True
1779280455,productpage,v1,Running,True
1779280455,productpage,v1,Running,True
1779280455,productpage,v1,Running,True
1779280455,productpage,v1,Running,True
1779280455,productpage,v1,Running,True
1779280455,productpage,v1,Running,True
1779280455,productpage,v1,Running,True
1779280455,productpage,v1,Running,True
1779280455,productpage,v1,Running,True
1779280455,productpage,v1,Running,True
1779280455,ratings,v1,Running,True
1779280455,reviews,v1,Running,True
1779280455,reviews,v2,Running,True
1779280455,reviews,v2,Running,True
1779280455,reviews,v2,Running,True
1779280455,reviews,v3,Running,True
1779280455,reviews,v3,Running,True
1779280455,reviews,v3,Running,True
1779280456,details,v1,Running,True
1779280456,details,v1,Running,True
1779280456,details,v1,Running,True
1779280456,details,v1,Running,True
1779280456,details,v1,Running,True
1779280456,details,v1,Running,True
1779280456,productpage,v1,Running,True
1779280456,productpage,v1,Running,True
1779280456,productpage,v1,Running,True
1779280456,productpage,v1,Running,True
1779280456,productpage,v1,Running,True
1779280456,productpage,v1,Running,True
1779280456,productpage,v1,Running,True
1779280456,productpage,v1,Running,True
1779280456,productpage,v1,Running,True
1779280456,productpage,v1,Running,True
1779280456,productpage,v1,Running,True
1779280456,productpage,v1,Running,True
1779280456,productpage,v1,Running,True
1779280456,productpage,v1,Running,True
1779280456,productpage,v1,Running,True
1779280456,productpage,v1,Running,True
1779280456,productpage,v1,Running,True
1779280456,productpage,v1,Running,True
1779280456,productpage,v1,Running,True
1779280456,productpage,v1,Running,True
1779280456,ratings,v1,Running,True
1779280456,reviews,v1,Running,True
1779280456,reviews,v2,Running,True
1779280456,reviews,v2,Running,True
1779280456,reviews,v2,Running,True
1779280456,reviews,v3,Running,True
1779280456,reviews,v3,Running,True
1779280456,reviews,v3,Running,True
1779280457,details,v1,Running,True
1779280457,details,v1,Running,True
1779280457,details,v1,Running,True
1779280457,details,v1,Running,True
1779280457,details,v1,Running,True
1779280457,details,v1,Running,True
1779280457,productpage,v1,Running,True
1779280457,productpage,v1,Running,True
1779280457,productpage,v1,Running,True
1779280457,productpage,v1,Running,True
1779280457,productpage,v1,Running,True
1779280457,productpage,v1,Running,True
1779280457,productpage,v1,Running,True
1779280457,productpage,v1,Running,True
1779280457,productpage,v1,Running,True
1779280457,productpage,v1,Running,True
1779280457,productpage,v1,Running,True
1779280457,productpage,v1,Running,True
1779280457,productpage,v1,Running,True
1779280457,productpage,v1,Running,True
1779280457,productpage,v1,Running,True
1779280457,productpage,v1,Running,True
1779280457,productpage,v1,Running,True
1779280457,productpage,v1,Running,True
1779280457,productpage,v1,Running,True
1779280457,productpage,v1,Running,True
1779280457,ratings,v1,Running,True
1779280457,reviews,v1,Running,True
1779280457,reviews,v2,Running,True
1779280457,reviews,v2,Running,True
1779280457,reviews,v2,Running,True
1779280457,reviews,v3,Running,True
1779280457,reviews,v3,Running,True
1779280457,reviews,v3,Running,True
1779280458,details,v1,Running,True
1779280458,details,v1,Running,True
1779280458,details,v1,Running,True
1779280458,details,v1,Running,True
1779280458,details,v1,Running,True
1779280458,details,v1,Running,True
1779280458,productpage,v1,Running,True
1779280458,productpage,v1,Running,True
1779280458,productpage,v1,Running,True
1779280458,productpage,v1,Running,True
1779280458,productpage,v1,Running,True
1779280458,productpage,v1,Running,True
1779280458,productpage,v1,Running,True
1779280458,productpage,v1,Running,True
1779280458,productpage,v1,Running,True
1779280458,productpage,v1,Running,True
1779280458,productpage,v1,Running,True
1779280458,productpage,v1,Running,True
1779280458,productpage,v1,Running,True
1779280458,productpage,v1,Running,True
1779280458,productpage,v1,Running,True
1779280458,productpage,v1,Running,True
1779280458,productpage,v1,Running,True
1779280458,productpage,v1,Running,True
1779280458,productpage,v1,Running,True
1779280458,productpage,v1,Running,True
1779280458,ratings,v1,Running,True
1779280458,reviews,v1,Running,True
1779280458,reviews,v2,Running,True
1779280458,reviews,v2,Running,True
1779280458,reviews,v2,Running,True
1779280458,reviews,v3,Running,True
1779280458,reviews,v3,Running,True
1779280458,reviews,v3,Running,True
1779280459,details,v1,Running,True
1779280459,details,v1,Running,True
1779280459,details,v1,Running,True
1779280459,details,v1,Running,True
1779280459,details,v1,Running,True
1779280459,details,v1,Running,True
1779280459,productpage,v1,Running,True
1779280459,productpage,v1,Running,True
1779280459,productpage,v1,Running,True
1779280459,productpage,v1,Running,True
1779280459,productpage,v1,Running,True
1779280459,productpage,v1,Running,True
1779280459,productpage,v1,Running,True
1779280459,productpage,v1,Running,True
1779280459,productpage,v1,Running,True
1779280459,productpage,v1,Running,True
1779280459,productpage,v1,Running,True
1779280459,productpage,v1,Running,True
1779280459,productpage,v1,Running,True
1779280459,productpage,v1,Running,True
1779280459,productpage,v1,Running,True
1779280459,productpage,v1,Running,True
1779280459,productpage,v1,Running,True
1779280459,productpage,v1,Running,True
1779280459,productpage,v1,Running,True
1779280459,productpage,v1,Running,True
1779280459,ratings,v1,Running,True
1779280459,reviews,v1,Running,True
1779280459,reviews,v2,Running,True
1779280459,reviews,v2,Running,True
1779280459,reviews,v2,Running,True
1779280459,reviews,v3,Running,True
1779280459,reviews,v3,Running,True
1779280459,reviews,v3,Running,True
1779280460,details,v1,Running,True
1779280460,details,v1,Running,True
1779280460,details,v1,Running,True
1779280460,details,v1,Running,True
1779280460,details,v1,Running,True
1779280460,details,v1,Running,True
1779280460,productpage,v1,Running,True
1779280460,productpage,v1,Running,True
1779280460,productpage,v1,Running,True
1779280460,productpage,v1,Running,True
1779280460,productpage,v1,Running,True
1779280460,productpage,v1,Running,True
1779280460,productpage,v1,Running,True
1779280460,productpage,v1,Running,True
1779280460,productpage,v1,Running,True
1779280460,productpage,v1,Running,True
1779280460,productpage,v1,Running,True
1779280460,productpage,v1,Running,True
1779280460,productpage,v1,Running,True
1779280460,productpage,v1,Running,True
1779280460,productpage,v1,Running,True
1779280460,productpage,v1,Running,True
1779280460,productpage,v1,Running,True
1779280460,productpage,v1,Running,True
1779280460,productpage,v1,Running,True
1779280460,productpage,v1,Running,True
1779280460,ratings,v1,Running,True
1779280460,reviews,v1,Running,True
1779280460,reviews,v2,Running,True
1779280460,reviews,v2,Running,True
1779280460,reviews,v2,Running,True
1779280460,reviews,v3,Running,True
1779280460,reviews,v3,Running,True
1779280460,reviews,v3,Running,True
1779280461,details,v1,Running,True
1779280461,details,v1,Running,True
1779280461,details,v1,Running,True
1779280461,details,v1,Running,True
1779280461,details,v1,Running,True
1779280461,details,v1,Running,True
1779280461,productpage,v1,Running,True
1779280461,productpage,v1,Running,True
1779280461,productpage,v1,Running,True
1779280461,productpage,v1,Running,True
1779280461,productpage,v1,Running,True
1779280461,productpage,v1,Running,True
1779280461,productpage,v1,Running,True
1779280461,productpage,v1,Running,True
1779280461,productpage,v1,Running,True
1779280461,productpage,v1,Running,True
1779280461,productpage,v1,Running,True
1779280461,productpage,v1,Running,True
1779280461,productpage,v1,Running,True
1779280461,productpage,v1,Running,True
1779280461,productpage,v1,Running,True
1779280461,productpage,v1,Running,True
1779280461,productpage,v1,Running,True
1779280461,productpage,v1,Running,True
1779280461,productpage,v1,Running,True
1779280461,productpage,v1,Running,True
1779280461,ratings,v1,Running,True
1779280461,reviews,v1,Running,True
1779280461,reviews,v2,Running,True
1779280461,reviews,v2,Running,True
1779280461,reviews,v2,Running,True
1779280461,reviews,v3,Running,True
1779280461,reviews,v3,Running,True
1779280461,reviews,v3,Running,True
1779280462,details,v1,Running,True
1779280462,details,v1,Running,True
1779280462,details,v1,Running,True
1779280462,details,v1,Running,True
1779280462,details,v1,Running,True
1779280462,details,v1,Running,True
1779280462,productpage,v1,Running,True
1779280462,productpage,v1,Running,True
1779280462,productpage,v1,Running,True
1779280462,productpage,v1,Running,True
1779280462,productpage,v1,Running,True
1779280462,productpage,v1,Running,True
1779280462,productpage,v1,Running,True
1779280462,productpage,v1,Running,True
1779280462,productpage,v1,Running,True
1779280462,productpage,v1,Running,True
1779280462,productpage,v1,Running,True
1779280462,productpage,v1,Running,True
1779280462,productpage,v1,Running,True
1779280462,productpage,v1,Running,True
1779280462,productpage,v1,Running,True
1779280462,productpage,v1,Running,True
1779280462,productpage,v1,Running,True
1779280462,productpage,v1,Running,True
1779280462,productpage,v1,Running,True
1779280462,productpage,v1,Running,True
1779280462,ratings,v1,Running,True
1779280462,reviews,v1,Running,True
1779280462,reviews,v2,Running,True
1779280462,reviews,v2,Running,True
1779280462,reviews,v2,Running,True
1779280462,reviews,v3,Running,True
1779280462,reviews,v3,Running,True
1779280462,reviews,v3,Running,True
1779280463,details,v1,Running,True
1779280463,details,v1,Running,True
1779280463,details,v1,Running,True
1779280463,details,v1,Running,True
1779280463,details,v1,Running,True
1779280463,details,v1,Running,True
1779280463,productpage,v1,Running,True
1779280463,productpage,v1,Running,True
1779280463,productpage,v1,Running,True
1779280463,productpage,v1,Running,True
1779280463,productpage,v1,Running,True
1779280463,productpage,v1,Running,True
1779280463,productpage,v1,Running,True
1779280463,productpage,v1,Running,True
1779280463,productpage,v1,Running,True
1779280463,productpage,v1,Running,True
1779280463,productpage,v1,Running,True
1779280463,productpage,v1,Running,True
1779280463,productpage,v1,Running,True
1779280463,productpage,v1,Running,True
1779280463,productpage,v1,Running,True
1779280463,productpage,v1,Running,True
1779280463,productpage,v1,Running,True
1779280463,productpage,v1,Running,True
1779280463,productpage,v1,Running,True
1779280463,productpage,v1,Running,True
1779280463,ratings,v1,Running,True
1779280463,reviews,v1,Running,True
1779280463,reviews,v2,Running,True
1779280463,reviews,v2,Running,True
1779280463,reviews,v2,Running,True
1779280463,reviews,v3,Running,True
1779280463,reviews,v3,Running,True
1779280463,reviews,v3,Running,True
1779280464,details,v1,Running,True
1779280464,details,v1,Running,True
1779280464,details,v1,Running,True
1779280464,details,v1,Running,True
1779280464,details,v1,Running,True
1779280464,details,v1,Running,True
1779280464,productpage,v1,Running,True
1779280464,productpage,v1,Running,True
1779280464,productpage,v1,Running,True
1779280464,productpage,v1,Running,True
1779280464,productpage,v1,Running,True
1779280464,productpage,v1,Running,True
1779280464,productpage,v1,Running,True
1779280464,productpage,v1,Running,True
1779280464,productpage,v1,Running,True
1779280464,productpage,v1,Running,True
1779280464,productpage,v1,Running,True
1779280464,productpage,v1,Running,True
1779280464,productpage,v1,Running,True
1779280464,productpage,v1,Running,True
1779280464,productpage,v1,Running,True
1779280464,productpage,v1,Running,True
1779280464,productpage,v1,Running,True
1779280464,productpage,v1,Running,True
1779280464,productpage,v1,Running,True
1779280464,productpage,v1,Running,True
1779280464,ratings,v1,Running,True
1779280464,reviews,v1,Running,True
1779280464,reviews,v2,Running,True
1779280464,reviews,v2,Running,True
1779280464,reviews,v2,Running,True
1779280464,reviews,v3,Running,True
1779280464,reviews,v3,Running,True
1779280464,reviews,v3,Running,True
1779280465,details,v1,Running,True
1779280465,details,v1,Running,True
1779280465,details,v1,Running,True
1779280465,details,v1,Running,True
1779280465,details,v1,Running,True
1779280465,details,v1,Running,True
1779280465,productpage,v1,Running,True
1779280465,productpage,v1,Running,True
1779280465,productpage,v1,Running,True
1779280465,productpage,v1,Running,True
1779280465,productpage,v1,Running,True
1779280465,productpage,v1,Running,True
1779280465,productpage,v1,Running,True
1779280465,productpage,v1,Running,True
1779280465,productpage,v1,Running,True
1779280465,productpage,v1,Running,True
1779280465,productpage,v1,Running,True
1779280465,productpage,v1,Running,True
1779280465,productpage,v1,Running,True
1779280465,productpage,v1,Running,True
1779280465,productpage,v1,Running,True
1779280465,productpage,v1,Running,True
1779280465,productpage,v1,Running,True
1779280465,productpage,v1,Running,True
1779280465,productpage,v1,Running,True
1779280465,productpage,v1,Running,True
1779280465,ratings,v1,Running,True
1779280465,reviews,v1,Running,True
1779280465,reviews,v2,Running,True
1779280465,reviews,v2,Running,True
1779280465,reviews,v2,Running,True
1779280465,reviews,v3,Running,True
1779280465,reviews,v3,Running,True
1779280465,reviews,v3,Running,True
1779280466,details,v1,Running,True
1779280466,details,v1,Running,True
1779280466,details,v1,Running,True
1779280466,details,v1,Running,True
1779280466,details,v1,Running,True
1779280466,details,v1,Running,True
1779280466,productpage,v1,Running,True
1779280466,productpage,v1,Running,True
1779280466,productpage,v1,Running,True
1779280466,productpage,v1,Running,True
1779280466,productpage,v1,Running,True
1779280466,productpage,v1,Running,True
1779280466,productpage,v1,Running,True
1779280466,productpage,v1,Running,True
1779280466,productpage,v1,Running,True
1779280466,productpage,v1,Running,True
1779280466,productpage,v1,Running,True
1779280466,productpage,v1,Running,True
1779280466,productpage,v1,Running,True
1779280466,productpage,v1,Running,True
1779280466,productpage,v1,Running,True
1779280466,productpage,v1,Running,True
1779280466,productpage,v1,Running,True
1779280466,productpage,v1,Running,True
1779280466,productpage,v1,Running,True
1779280466,productpage,v1,Running,True
1779280466,ratings,v1,Running,True
1779280466,reviews,v1,Running,True
1779280466,reviews,v2,Running,True
1779280466,reviews,v2,Running,True
1779280466,reviews,v2,Running,True
1779280466,reviews,v3,Running,True
1779280466,reviews,v3,Running,True
1779280466,reviews,v3,Running,True
1779280468,details,v1,Running,True
1779280468,details,v1,Running,True
1779280468,details,v1,Running,True
1779280468,details,v1,Running,True
1779280468,details,v1,Running,True
1779280468,details,v1,Running,True
1779280468,productpage,v1,Running,True
1779280468,productpage,v1,Running,True
1779280468,productpage,v1,Running,True
1779280468,productpage,v1,Running,True
1779280468,productpage,v1,Running,True
1779280468,productpage,v1,Running,True
1779280468,productpage,v1,Running,True
1779280468,productpage,v1,Running,True
1779280468,productpage,v1,Running,True
1779280468,productpage,v1,Running,True
1779280468,productpage,v1,Running,True
1779280468,productpage,v1,Running,True
1779280468,productpage,v1,Running,True
1779280468,productpage,v1,Running,True
1779280468,productpage,v1,Running,True
1779280468,productpage,v1,Running,True
1779280468,productpage,v1,Running,True
1779280468,productpage,v1,Running,True
1779280468,productpage,v1,Running,True
1779280468,productpage,v1,Running,True
1779280468,ratings,v1,Running,True
1779280468,reviews,v1,Running,True
1779280468,reviews,v2,Running,True
1779280468,reviews,v2,Running,True
1779280468,reviews,v2,Running,True
1779280468,reviews,v3,Running,True
1779280468,reviews,v3,Running,True
1779280468,reviews,v3,Running,True
1779280469,details,v1,Running,True
1779280469,details,v1,Running,True
1779280469,details,v1,Running,True
1779280469,details,v1,Running,True
1779280469,details,v1,Running,True
1779280469,details,v1,Running,True
1779280469,productpage,v1,Running,True
1779280469,productpage,v1,Running,True
1779280469,productpage,v1,Running,True
1779280469,productpage,v1,Running,True
1779280469,productpage,v1,Running,True
1779280469,productpage,v1,Running,True
1779280469,productpage,v1,Running,True
1779280469,productpage,v1,Running,True
1779280469,productpage,v1,Running,True
1779280469,productpage,v1,Running,True
1779280469,productpage,v1,Running,True
1779280469,productpage,v1,Running,True
1779280469,productpage,v1,Running,True
1779280469,productpage,v1,Running,True
1779280469,productpage,v1,Running,True
1779280469,productpage,v1,Running,True
1779280469,productpage,v1,Running,True
1779280469,productpage,v1,Running,True
1779280469,productpage,v1,Running,True
1779280469,productpage,v1,Running,True
1779280469,ratings,v1,Running,True
1779280469,reviews,v1,Running,True
1779280469,reviews,v2,Running,True
1779280469,reviews,v2,Running,True
1779280469,reviews,v2,Running,True
1779280469,reviews,v3,Running,True
1779280469,reviews,v3,Running,True
1779280469,reviews,v3,Running,True
1779280470,details,v1,Running,True
1779280470,details,v1,Running,True
1779280470,details,v1,Running,True
1779280470,details,v1,Running,True
1779280470,details,v1,Running,True
1779280470,details,v1,Running,True
1779280470,productpage,v1,Running,True
1779280470,productpage,v1,Running,True
1779280470,productpage,v1,Running,True
1779280470,productpage,v1,Running,True
1779280470,productpage,v1,Running,True
1779280470,productpage,v1,Running,True
1779280470,productpage,v1,Running,True
1779280470,productpage,v1,Running,True
1779280470,productpage,v1,Running,True
1779280470,productpage,v1,Running,True
1779280470,productpage,v1,Running,True
1779280470,productpage,v1,Running,True
1779280470,productpage,v1,Running,True
1779280470,productpage,v1,Running,True
1779280470,productpage,v1,Running,True
1779280470,productpage,v1,Running,True
1779280470,productpage,v1,Running,True
1779280470,productpage,v1,Running,True
1779280470,productpage,v1,Running,True
1779280470,productpage,v1,Running,True
1779280470,ratings,v1,Running,True
1779280470,reviews,v1,Running,True
1779280470,reviews,v2,Running,True
1779280470,reviews,v2,Running,True
1779280470,reviews,v2,Running,True
1779280470,reviews,v3,Running,True
1779280470,reviews,v3,Running,True
1779280470,reviews,v3,Running,True
1779280471,details,v1,Running,True
1779280471,details,v1,Running,True
1779280471,details,v1,Running,True
1779280471,details,v1,Running,True
1779280471,details,v1,Running,True
1779280471,details,v1,Running,True
1779280471,productpage,v1,Running,True
1779280471,productpage,v1,Running,True
1779280471,productpage,v1,Running,True
1779280471,productpage,v1,Running,True
1779280471,productpage,v1,Running,True
1779280471,productpage,v1,Running,True
1779280471,productpage,v1,Running,True
1779280471,productpage,v1,Running,True
1779280471,productpage,v1,Running,True
1779280471,productpage,v1,Running,True
1779280471,productpage,v1,Running,True
1779280471,productpage,v1,Running,True
1779280471,productpage,v1,Running,True
1779280471,productpage,v1,Running,True
1779280471,productpage,v1,Running,True
1779280471,productpage,v1,Running,True
1779280471,productpage,v1,Running,True
1779280471,productpage,v1,Running,True
1779280471,productpage,v1,Running,True
1779280471,productpage,v1,Running,True
1779280471,ratings,v1,Running,True
1779280471,reviews,v1,Running,True
1779280471,reviews,v2,Running,True
1779280471,reviews,v2,Running,True
1779280471,reviews,v2,Running,True
1779280471,reviews,v3,Running,True
1779280471,reviews,v3,Running,True
1779280471,reviews,v3,Running,True
1779280472,details,v1,Running,True
1779280472,details,v1,Running,True
1779280472,details,v1,Running,True
1779280472,details,v1,Running,True
1779280472,details,v1,Running,True
1779280472,details,v1,Running,True
1779280472,productpage,v1,Running,True
1779280472,productpage,v1,Running,True
1779280472,productpage,v1,Running,True
1779280472,productpage,v1,Running,True
1779280472,productpage,v1,Running,True
1779280472,productpage,v1,Running,True
1779280472,productpage,v1,Running,True
1779280472,productpage,v1,Running,True
1779280472,productpage,v1,Running,True
1779280472,productpage,v1,Running,True
1779280472,productpage,v1,Running,True
1779280472,productpage,v1,Running,True
1779280472,productpage,v1,Running,True
1779280472,productpage,v1,Running,True
1779280472,productpage,v1,Running,True
1779280472,productpage,v1,Running,True
1779280472,productpage,v1,Running,True
1779280472,productpage,v1,Running,True
1779280472,productpage,v1,Running,True
1779280472,productpage,v1,Running,True
1779280472,ratings,v1,Running,True
1779280472,reviews,v1,Running,True
1779280472,reviews,v2,Running,True
1779280472,reviews,v2,Running,True
1779280472,reviews,v2,Running,True
1779280472,reviews,v3,Running,True
1779280472,reviews,v3,Running,True
1779280472,reviews,v3,Running,True
1779280473,details,v1,Running,True
1779280473,details,v1,Running,True
1779280473,details,v1,Running,True
1779280473,details,v1,Running,True
1779280473,details,v1,Running,True
1779280473,details,v1,Running,True
1779280473,productpage,v1,Running,True
1779280473,productpage,v1,Running,True
1779280473,productpage,v1,Running,True
1779280473,productpage,v1,Running,True
1779280473,productpage,v1,Running,True
1779280473,productpage,v1,Running,True
1779280473,productpage,v1,Running,True
1779280473,productpage,v1,Running,True
1779280473,productpage,v1,Running,True
1779280473,productpage,v1,Running,True
1779280473,productpage,v1,Running,True
1779280473,productpage,v1,Running,True
1779280473,productpage,v1,Running,True
1779280473,productpage,v1,Running,True
1779280473,productpage,v1,Running,True
1779280473,productpage,v1,Running,True
1779280473,productpage,v1,Running,True
1779280473,productpage,v1,Running,True
1779280473,productpage,v1,Running,True
1779280473,productpage,v1,Running,True
1779280473,ratings,v1,Running,True
1779280473,reviews,v1,Running,True
1779280473,reviews,v2,Running,True
1779280473,reviews,v2,Running,True
1779280473,reviews,v2,Running,True
1779280473,reviews,v3,Running,True
1779280473,reviews,v3,Running,True
1779280473,reviews,v3,Running,True
1779280474,details,v1,Running,True
1779280474,details,v1,Running,True
1779280474,details,v1,Running,True
1779280474,details,v1,Running,True
1779280474,details,v1,Running,True
1779280474,details,v1,Running,True
1779280474,productpage,v1,Running,True
1779280474,productpage,v1,Running,True
1779280474,productpage,v1,Running,True
1779280474,productpage,v1,Running,True
1779280474,productpage,v1,Running,True
1779280474,productpage,v1,Running,True
1779280474,productpage,v1,Running,True
1779280474,productpage,v1,Running,True
1779280474,productpage,v1,Running,True
1779280474,productpage,v1,Running,True
1779280474,productpage,v1,Running,True
1779280474,productpage,v1,Running,True
1779280474,productpage,v1,Running,True
1779280474,productpage,v1,Running,True
1779280474,productpage,v1,Running,True
1779280474,productpage,v1,Running,True
1779280474,productpage,v1,Running,True
1779280474,productpage,v1,Running,True
1779280474,productpage,v1,Running,True
1779280474,productpage,v1,Running,True
1779280474,ratings,v1,Running,True
1779280474,reviews,v1,Running,True
1779280474,reviews,v2,Running,True
1779280474,reviews,v2,Running,True
1779280474,reviews,v2,Running,True
1779280474,reviews,v3,Running,True
1779280474,reviews,v3,Running,True
1779280474,reviews,v3,Running,True
1779280475,details,v1,Running,True
1779280475,details,v1,Running,True
1779280475,details,v1,Running,True
1779280475,details,v1,Running,True
1779280475,details,v1,Running,True
1779280475,details,v1,Running,True
1779280475,productpage,v1,Running,True
1779280475,productpage,v1,Running,True
1779280475,productpage,v1,Running,True
1779280475,productpage,v1,Running,True
1779280475,productpage,v1,Running,True
1779280475,productpage,v1,Running,True
1779280475,productpage,v1,Running,True
1779280475,productpage,v1,Running,True
1779280475,productpage,v1,Running,True
1779280475,productpage,v1,Running,True
1779280475,productpage,v1,Running,True
1779280475,productpage,v1,Running,True
1779280475,productpage,v1,Running,True
1779280475,productpage,v1,Running,True
1779280475,productpage,v1,Running,True
1779280475,productpage,v1,Running,True
1779280475,productpage,v1,Running,True
1779280475,productpage,v1,Running,True
1779280475,productpage,v1,Running,True
1779280475,productpage,v1,Running,True
1779280475,ratings,v1,Running,True
1779280475,reviews,v1,Running,True
1779280475,reviews,v2,Running,True
1779280475,reviews,v2,Running,True
1779280475,reviews,v2,Running,True
1779280475,reviews,v3,Running,True
1779280475,reviews,v3,Running,True
1779280475,reviews,v3,Running,True
1779280476,details,v1,Running,True
1779280476,details,v1,Running,True
1779280476,details,v1,Running,True
1779280476,details,v1,Running,True
1779280476,details,v1,Running,True
1779280476,details,v1,Running,True
1779280476,productpage,v1,Running,True
1779280476,productpage,v1,Running,True
1779280476,productpage,v1,Running,True
1779280476,productpage,v1,Running,True
1779280476,productpage,v1,Running,True
1779280476,productpage,v1,Running,True
1779280476,productpage,v1,Running,True
1779280476,productpage,v1,Running,True
1779280476,productpage,v1,Running,True
1779280476,productpage,v1,Running,True
1779280476,productpage,v1,Running,True
1779280476,productpage,v1,Running,True
1779280476,productpage,v1,Running,True
1779280476,productpage,v1,Running,True
1779280476,productpage,v1,Running,True
1779280476,productpage,v1,Running,True
1779280476,productpage,v1,Running,True
1779280476,productpage,v1,Running,True
1779280476,productpage,v1,Running,True
1779280476,productpage,v1,Running,True
1779280476,ratings,v1,Running,True
1779280476,reviews,v1,Running,True
1779280476,reviews,v2,Running,True
1779280476,reviews,v2,Running,True
1779280476,reviews,v2,Running,True
1779280476,reviews,v3,Running,True
1779280476,reviews,v3,Running,True
1779280476,reviews,v3,Running,True
1779280477,details,v1,Running,True
1779280477,details,v1,Running,True
1779280477,details,v1,Running,True
1779280477,details,v1,Running,True
1779280477,details,v1,Running,True
1779280477,details,v1,Running,True
1779280477,productpage,v1,Running,True
1779280477,productpage,v1,Running,True
1779280477,productpage,v1,Running,True
1779280477,productpage,v1,Running,True
1779280477,productpage,v1,Running,True
1779280477,productpage,v1,Running,True
1779280477,productpage,v1,Running,True
1779280477,productpage,v1,Running,True
1779280477,productpage,v1,Running,True
1779280477,productpage,v1,Running,True
1779280477,productpage,v1,Running,True
1779280477,productpage,v1,Running,True
1779280477,productpage,v1,Running,True
1779280477,productpage,v1,Running,True
1779280477,productpage,v1,Running,True
1779280477,productpage,v1,Running,True
1779280477,productpage,v1,Running,True
1779280477,productpage,v1,Running,True
1779280477,productpage,v1,Running,True
1779280477,productpage,v1,Running,True
1779280477,ratings,v1,Running,True
1779280477,reviews,v1,Running,True
1779280477,reviews,v2,Running,True
1779280477,reviews,v2,Running,True
1779280477,reviews,v2,Running,True
1779280477,reviews,v3,Running,True
1779280477,reviews,v3,Running,True
1779280477,reviews,v3,Running,True
1779280478,details,v1,Running,True
1779280478,details,v1,Running,True
1779280478,details,v1,Running,True
1779280478,details,v1,Running,True
1779280478,details,v1,Running,True
1779280478,details,v1,Running,True
1779280478,productpage,v1,Running,True
1779280478,productpage,v1,Running,True
1779280478,productpage,v1,Running,True
1779280478,productpage,v1,Running,True
1779280478,productpage,v1,Running,True
1779280478,productpage,v1,Running,True
1779280478,productpage,v1,Running,True
1779280478,productpage,v1,Running,True
1779280478,productpage,v1,Running,True
1779280478,productpage,v1,Running,True
1779280478,productpage,v1,Running,True
1779280478,productpage,v1,Running,True
1779280478,productpage,v1,Running,True
1779280478,productpage,v1,Running,True
1779280478,productpage,v1,Running,True
1779280478,productpage,v1,Running,True
1779280478,productpage,v1,Running,True
1779280478,productpage,v1,Running,True
1779280478,productpage,v1,Running,True
1779280478,productpage,v1,Running,True
1779280478,ratings,v1,Running,True
1779280478,reviews,v1,Running,True
1779280478,reviews,v2,Running,True
1779280478,reviews,v2,Running,True
1779280478,reviews,v2,Running,True
1779280478,reviews,v3,Running,True
1779280478,reviews,v3,Running,True
1779280478,reviews,v3,Running,True
1779280479,details,v1,Running,True
1779280479,details,v1,Running,True
1779280479,details,v1,Running,True
1779280479,details,v1,Running,True
1779280479,details,v1,Running,True
1779280479,details,v1,Running,True
1779280479,productpage,v1,Running,True
1779280479,productpage,v1,Running,True
1779280479,productpage,v1,Running,True
1779280479,productpage,v1,Running,True
1779280479,productpage,v1,Running,True
1779280479,productpage,v1,Running,True
1779280479,productpage,v1,Running,True
1779280479,productpage,v1,Running,True
1779280479,productpage,v1,Running,True
1779280479,productpage,v1,Running,True
1779280479,productpage,v1,Running,True
1779280479,productpage,v1,Running,True
1779280479,productpage,v1,Running,True
1779280479,productpage,v1,Running,True
1779280479,productpage,v1,Running,True
1779280479,productpage,v1,Running,True
1779280479,productpage,v1,Running,True
1779280479,productpage,v1,Running,True
1779280479,productpage,v1,Running,True
1779280479,productpage,v1,Running,True
1779280479,ratings,v1,Running,True
1779280479,reviews,v1,Running,True
1779280479,reviews,v2,Running,True
1779280479,reviews,v2,Running,True
1779280479,reviews,v2,Running,True
1779280479,reviews,v3,Running,True
1779280479,reviews,v3,Running,True
1779280479,reviews,v3,Running,True
1779280480,details,v1,Running,True
1779280480,details,v1,Running,True
1779280480,details,v1,Running,True
1779280480,details,v1,Running,True
1779280480,details,v1,Running,True
1779280480,details,v1,Running,True
1779280480,productpage,v1,Running,True
1779280480,productpage,v1,Running,True
1779280480,productpage,v1,Running,True
1779280480,productpage,v1,Running,True
1779280480,productpage,v1,Running,True
1779280480,productpage,v1,Running,True
1779280480,productpage,v1,Running,True
1779280480,productpage,v1,Running,True
1779280480,productpage,v1,Running,True
1779280480,productpage,v1,Running,True
1779280480,productpage,v1,Running,True
1779280480,productpage,v1,Running,True
1779280480,productpage,v1,Running,True
1779280480,productpage,v1,Running,True
1779280480,productpage,v1,Running,True
1779280480,productpage,v1,Running,True
1779280480,productpage,v1,Running,True
1779280480,productpage,v1,Running,True
1779280480,productpage,v1,Running,True
1779280480,productpage,v1,Running,True
1779280480,ratings,v1,Running,True
1779280480,reviews,v1,Running,True
1779280480,reviews,v2,Running,True
1779280480,reviews,v2,Running,True
1779280480,reviews,v2,Running,True
1779280480,reviews,v3,Running,True
1779280480,reviews,v3,Running,True
1779280480,reviews,v3,Running,True
1779280481,details,v1,Running,True
1779280481,details,v1,Running,True
1779280481,details,v1,Running,True
1779280481,details,v1,Running,True
1779280481,details,v1,Running,True
1779280481,details,v1,Running,True
1779280481,productpage,v1,Running,True
1779280481,productpage,v1,Running,True
1779280481,productpage,v1,Running,True
1779280481,productpage,v1,Running,True
1779280481,productpage,v1,Running,True
1779280481,productpage,v1,Running,True
1779280481,productpage,v1,Running,True
1779280481,productpage,v1,Running,True
1779280481,productpage,v1,Running,True
1779280481,productpage,v1,Running,True
1779280481,productpage,v1,Running,True
1779280481,productpage,v1,Running,True
1779280481,productpage,v1,Running,True
1779280481,productpage,v1,Running,True
1779280481,productpage,v1,Running,True
1779280481,productpage,v1,Running,True
1779280481,productpage,v1,Running,True
1779280481,productpage,v1,Running,True
1779280481,productpage,v1,Running,True
1779280481,productpage,v1,Running,True
1779280481,ratings,v1,Running,True
1779280481,reviews,v1,Running,True
1779280481,reviews,v2,Running,True
1779280481,reviews,v2,Running,True
1779280481,reviews,v2,Running,True
1779280481,reviews,v3,Running,True
1779280481,reviews,v3,Running,True
1779280481,reviews,v3,Running,True
1779280482,details,v1,Running,True
1779280482,details,v1,Running,True
1779280482,details,v1,Running,True
1779280482,details,v1,Running,True
1779280482,details,v1,Running,True
1779280482,details,v1,Running,True
1779280482,productpage,v1,Running,True
1779280482,productpage,v1,Running,True
1779280482,productpage,v1,Running,True
1779280482,productpage,v1,Running,True
1779280482,productpage,v1,Running,True
1779280482,productpage,v1,Running,True
1779280482,productpage,v1,Running,True
1779280482,productpage,v1,Running,True
1779280482,productpage,v1,Running,True
1779280482,productpage,v1,Running,True
1779280482,productpage,v1,Running,True
1779280482,productpage,v1,Running,True
1779280482,productpage,v1,Running,True
1779280482,productpage,v1,Running,True
1779280482,productpage,v1,Running,True
1779280482,productpage,v1,Running,True
1779280482,productpage,v1,Running,True
1779280482,productpage,v1,Running,True
1779280482,productpage,v1,Running,True
1779280482,productpage,v1,Running,True
1779280482,ratings,v1,Running,True
1779280482,reviews,v1,Running,True
1779280482,reviews,v2,Running,True
1779280482,reviews,v2,Running,True
1779280482,reviews,v2,Running,True
1779280482,reviews,v3,Running,True
1779280482,reviews,v3,Running,True
1779280482,reviews,v3,Running,True
1779280483,details,v1,Running,True
1779280483,details,v1,Running,True
1779280483,details,v1,Running,True
1779280483,details,v1,Running,True
1779280483,details,v1,Running,True
1779280483,details,v1,Running,True
1779280483,productpage,v1,Running,True
1779280483,productpage,v1,Running,True
1779280483,productpage,v1,Running,True
1779280483,productpage,v1,Running,True
1779280483,productpage,v1,Running,True
1779280483,productpage,v1,Running,True
1779280483,productpage,v1,Running,True
1779280483,productpage,v1,Running,True
1779280483,productpage,v1,Running,True
1779280483,productpage,v1,Running,True
1779280483,productpage,v1,Running,True
1779280483,productpage,v1,Running,True
1779280483,productpage,v1,Running,True
1779280483,productpage,v1,Running,True
1779280483,productpage,v1,Running,True
1779280483,productpage,v1,Running,True
1779280483,productpage,v1,Running,True
1779280483,productpage,v1,Running,True
1779280483,productpage,v1,Running,True
1779280483,productpage,v1,Running,True
1779280483,ratings,v1,Running,True
1779280483,reviews,v1,Running,True
1779280483,reviews,v2,Running,True
1779280483,reviews,v2,Running,True
1779280483,reviews,v2,Running,True
1779280483,reviews,v3,Running,True
1779280483,reviews,v3,Running,True
1779280483,reviews,v3,Running,True
1779280484,details,v1,Running,True
1779280484,details,v1,Running,True
1779280484,details,v1,Running,True
1779280484,details,v1,Running,True
1779280484,details,v1,Running,True
1779280484,details,v1,Running,True
1779280484,productpage,v1,Running,True
1779280484,productpage,v1,Running,True
1779280484,productpage,v1,Running,True
1779280484,productpage,v1,Running,True
1779280484,productpage,v1,Running,True
1779280484,productpage,v1,Running,True
1779280484,productpage,v1,Running,True
1779280484,productpage,v1,Running,True
1779280484,productpage,v1,Running,True
1779280484,productpage,v1,Running,True
1779280484,productpage,v1,Running,True
1779280484,productpage,v1,Running,True
1779280484,productpage,v1,Running,True
1779280484,productpage,v1,Running,True
1779280484,productpage,v1,Running,True
1779280484,productpage,v1,Running,True
1779280484,productpage,v1,Running,True
1779280484,productpage,v1,Running,True
1779280484,productpage,v1,Running,True
1779280484,productpage,v1,Running,True
1779280484,ratings,v1,Running,True
1779280484,reviews,v1,Running,True
1779280484,reviews,v2,Running,True
1779280484,reviews,v2,Running,True
1779280484,reviews,v2,Running,True
1779280484,reviews,v3,Running,True
1779280484,reviews,v3,Running,True
1779280484,reviews,v3,Running,True
1779280485,details,v1,Running,True
1779280485,details,v1,Running,True
1779280485,details,v1,Running,True
1779280485,details,v1,Running,True
1779280485,details,v1,Running,True
1779280485,details,v1,Running,True
1779280485,productpage,v1,Running,True
1779280485,productpage,v1,Running,True
1779280485,productpage,v1,Running,True
1779280485,productpage,v1,Running,True
1779280485,productpage,v1,Running,True
1779280485,productpage,v1,Running,True
1779280485,productpage,v1,Running,True
1779280485,productpage,v1,Running,True
1779280485,productpage,v1,Running,True
1779280485,productpage,v1,Running,True
1779280485,productpage,v1,Running,True
1779280485,productpage,v1,Running,True
1779280485,productpage,v1,Running,True
1779280485,productpage,v1,Running,True
1779280485,productpage,v1,Running,True
1779280485,productpage,v1,Running,True
1779280485,productpage,v1,Running,True
1779280485,productpage,v1,Running,True
1779280485,productpage,v1,Running,True
1779280485,productpage,v1,Running,True
1779280485,ratings,v1,Running,True
1779280485,reviews,v1,Running,True
1779280485,reviews,v2,Running,True
1779280485,reviews,v2,Running,True
1779280485,reviews,v2,Running,True
1779280485,reviews,v3,Running,True
1779280485,reviews,v3,Running,True
1779280485,reviews,v3,Running,True
1779280486,details,v1,Running,True
1779280486,details,v1,Running,True
1779280486,details,v1,Running,True
1779280486,details,v1,Running,True
1779280486,details,v1,Running,True
1779280486,details,v1,Running,True
1779280486,productpage,v1,Running,True
1779280486,productpage,v1,Running,True
1779280486,productpage,v1,Running,True
1779280486,productpage,v1,Running,True
1779280486,productpage,v1,Running,True
1779280486,productpage,v1,Running,True
1779280486,productpage,v1,Running,True
1779280486,productpage,v1,Running,True
1779280486,productpage,v1,Running,True
1779280486,productpage,v1,Running,True
1779280486,productpage,v1,Running,True
1779280486,productpage,v1,Running,True
1779280486,productpage,v1,Running,True
1779280486,productpage,v1,Running,True
1779280486,productpage,v1,Running,True
1779280486,productpage,v1,Running,True
1779280486,productpage,v1,Running,True
1779280486,productpage,v1,Running,True
1779280486,productpage,v1,Running,True
1779280486,productpage,v1,Running,True
1779280486,ratings,v1,Running,True
1779280486,reviews,v1,Running,True
1779280486,reviews,v2,Running,True
1779280486,reviews,v2,Running,True
1779280486,reviews,v2,Running,True
1779280486,reviews,v3,Running,True
1779280486,reviews,v3,Running,True
1779280486,reviews,v3,Running,True
1779280487,details,v1,Running,True
1779280487,details,v1,Running,True
1779280487,details,v1,Running,True
1779280487,details,v1,Running,True
1779280487,details,v1,Running,True
1779280487,details,v1,Running,True
1779280487,productpage,v1,Running,True
1779280487,productpage,v1,Running,True
1779280487,productpage,v1,Running,True
1779280487,productpage,v1,Running,True
1779280487,productpage,v1,Running,True
1779280487,productpage,v1,Running,True
1779280487,productpage,v1,Running,True
1779280487,productpage,v1,Running,True
1779280487,productpage,v1,Running,True
1779280487,productpage,v1,Running,True
1779280487,productpage,v1,Running,True
1779280487,productpage,v1,Running,True
1779280487,productpage,v1,Running,True
1779280487,productpage,v1,Running,True
1779280487,productpage,v1,Running,True
1779280487,productpage,v1,Running,True
1779280487,productpage,v1,Running,True
1779280487,productpage,v1,Running,True
1779280487,productpage,v1,Running,True
1779280487,productpage,v1,Running,True
1779280487,ratings,v1,Running,True
1779280487,reviews,v1,Running,True
1779280487,reviews,v2,Running,True
1779280487,reviews,v2,Running,True
1779280487,reviews,v2,Running,True
1779280487,reviews,v3,Running,True
1779280487,reviews,v3,Running,True
1779280487,reviews,v3,Running,True
1779280488,details,v1,Running,True
1779280488,details,v1,Running,True
1779280488,details,v1,Running,True
1779280488,details,v1,Running,True
1779280488,details,v1,Running,True
1779280488,details,v1,Running,True
1779280488,productpage,v1,Running,True
1779280488,productpage,v1,Running,True
1779280488,productpage,v1,Running,True
1779280488,productpage,v1,Running,True
1779280488,productpage,v1,Running,True
1779280488,productpage,v1,Running,True
1779280488,productpage,v1,Running,True
1779280488,productpage,v1,Running,True
1779280488,productpage,v1,Running,True
1779280488,productpage,v1,Running,True
1779280488,productpage,v1,Running,True
1779280488,productpage,v1,Running,True
1779280488,productpage,v1,Running,True
1779280488,productpage,v1,Running,True
1779280488,productpage,v1,Running,True
1779280488,productpage,v1,Running,True
1779280488,productpage,v1,Running,True
1779280488,productpage,v1,Running,True
1779280488,productpage,v1,Running,True
1779280488,productpage,v1,Running,True
1779280488,ratings,v1,Running,True
1779280488,reviews,v1,Running,True
1779280488,reviews,v2,Running,True
1779280488,reviews,v2,Running,True
1779280488,reviews,v2,Running,True
1779280488,reviews,v3,Running,True
1779280488,reviews,v3,Running,True
1779280488,reviews,v3,Running,True
1779280489,details,v1,Running,True
1779280489,details,v1,Running,True
1779280489,details,v1,Running,True
1779280489,details,v1,Running,True
1779280489,details,v1,Running,True
1779280489,details,v1,Running,True
1779280489,productpage,v1,Running,True
1779280489,productpage,v1,Running,True
1779280489,productpage,v1,Running,True
1779280489,productpage,v1,Running,True
1779280489,productpage,v1,Running,True
1779280489,productpage,v1,Running,True
1779280489,productpage,v1,Running,True
1779280489,productpage,v1,Running,True
1779280489,productpage,v1,Running,True
1779280489,productpage,v1,Running,True
1779280489,productpage,v1,Running,True
1779280489,productpage,v1,Running,True
1779280489,productpage,v1,Running,True
1779280489,productpage,v1,Running,True
1779280489,productpage,v1,Running,True
1779280489,productpage,v1,Running,True
1779280489,productpage,v1,Running,True
1779280489,productpage,v1,Running,True
1779280489,productpage,v1,Running,True
1779280489,productpage,v1,Running,True
1779280489,ratings,v1,Running,True
1779280489,reviews,v1,Running,True
1779280489,reviews,v2,Running,True
1779280489,reviews,v2,Running,True
1779280489,reviews,v2,Running,True
1779280489,reviews,v3,Running,True
1779280489,reviews,v3,Running,True
1779280489,reviews,v3,Running,True
1779280490,details,v1,Running,True
1779280490,details,v1,Running,True
1779280490,details,v1,Running,True
1779280490,details,v1,Running,True
1779280490,details,v1,Running,True
1779280490,details,v1,Running,True
1779280490,productpage,v1,Running,True
1779280490,productpage,v1,Running,True
1779280490,productpage,v1,Running,True
1779280490,productpage,v1,Running,True
1779280490,productpage,v1,Running,True
1779280490,productpage,v1,Running,True
1779280490,productpage,v1,Running,True
1779280490,productpage,v1,Running,True
1779280490,productpage,v1,Running,True
1779280490,productpage,v1,Running,True
1779280490,productpage,v1,Running,True
1779280490,productpage,v1,Running,True
1779280490,productpage,v1,Running,True
1779280490,productpage,v1,Running,True
1779280490,productpage,v1,Running,True
1779280490,productpage,v1,Running,True
1779280490,productpage,v1,Running,True
1779280490,productpage,v1,Running,True
1779280490,productpage,v1,Running,True
1779280490,productpage,v1,Running,True
1779280490,ratings,v1,Running,True
1779280490,reviews,v1,Running,True
1779280490,reviews,v2,Running,True
1779280490,reviews,v2,Running,True
1779280490,reviews,v2,Running,True
1779280490,reviews,v3,Running,True
1779280490,reviews,v3,Running,True
1779280490,reviews,v3,Running,True
1779280491,details,v1,Running,True
1779280491,details,v1,Running,True
1779280491,details,v1,Running,True
1779280491,details,v1,Running,True
1779280491,details,v1,Running,True
1779280491,details,v1,Running,True
1779280491,productpage,v1,Running,True
1779280491,productpage,v1,Running,True
1779280491,productpage,v1,Running,True
1779280491,productpage,v1,Running,True
1779280491,productpage,v1,Running,True
1779280491,productpage,v1,Running,True
1779280491,productpage,v1,Running,True
1779280491,productpage,v1,Running,True
1779280491,productpage,v1,Running,True
1779280491,productpage,v1,Running,True
1779280491,productpage,v1,Running,True
1779280491,productpage,v1,Running,True
1779280491,productpage,v1,Running,True
1779280491,productpage,v1,Running,True
1779280491,productpage,v1,Running,True
1779280491,productpage,v1,Running,True
1779280491,productpage,v1,Running,True
1779280491,productpage,v1,Running,True
1779280491,productpage,v1,Running,True
1779280491,productpage,v1,Running,True
1779280491,ratings,v1,Running,True
1779280491,reviews,v1,Running,True
1779280491,reviews,v2,Running,True
1779280491,reviews,v2,Running,True
1779280491,reviews,v2,Running,True
1779280491,reviews,v3,Running,True
1779280491,reviews,v3,Running,True
1779280491,reviews,v3,Running,True
1779280492,details,v1,Running,True
1779280492,details,v1,Running,True
1779280492,details,v1,Running,True
1779280492,details,v1,Running,True
1779280492,details,v1,Running,True
1779280492,details,v1,Running,True
1779280492,productpage,v1,Running,True
1779280492,productpage,v1,Running,True
1779280492,productpage,v1,Running,True
1779280492,productpage,v1,Running,True
1779280492,productpage,v1,Running,True
1779280492,productpage,v1,Running,True
1779280492,productpage,v1,Running,True
1779280492,productpage,v1,Running,True
1779280492,productpage,v1,Running,True
1779280492,productpage,v1,Running,True
1779280492,productpage,v1,Running,True
1779280492,productpage,v1,Running,True
1779280492,productpage,v1,Running,True
1779280492,productpage,v1,Running,True
1779280492,productpage,v1,Running,True
1779280492,productpage,v1,Running,True
1779280492,productpage,v1,Running,True
1779280492,productpage,v1,Running,True
1779280492,productpage,v1,Running,True
1779280492,productpage,v1,Running,True
1779280492,ratings,v1,Running,True
1779280492,reviews,v1,Running,True
1779280492,reviews,v2,Running,True
1779280492,reviews,v2,Running,True
1779280492,reviews,v2,Running,True
1779280492,reviews,v3,Running,True
1779280492,reviews,v3,Running,True
1779280492,reviews,v3,Running,True
1779280493,details,v1,Running,True
1779280493,details,v1,Running,True
1779280493,details,v1,Running,True
1779280493,details,v1,Running,True
1779280493,details,v1,Running,True
1779280493,details,v1,Running,True
1779280493,productpage,v1,Running,True
1779280493,productpage,v1,Running,True
1779280493,productpage,v1,Running,True
1779280493,productpage,v1,Running,True
1779280493,productpage,v1,Running,True
1779280493,productpage,v1,Running,True
1779280493,productpage,v1,Running,True
1779280493,productpage,v1,Running,True
1779280493,productpage,v1,Running,True
1779280493,productpage,v1,Running,True
1779280493,productpage,v1,Running,True
1779280493,productpage,v1,Running,True
1779280493,productpage,v1,Running,True
1779280493,productpage,v1,Running,True
1779280493,productpage,v1,Running,True
1779280493,productpage,v1,Running,True
1779280493,productpage,v1,Running,True
1779280493,productpage,v1,Running,True
1779280493,productpage,v1,Running,True
1779280493,productpage,v1,Running,True
1779280493,ratings,v1,Running,True
1779280493,reviews,v1,Running,True
1779280493,reviews,v2,Running,True
1779280493,reviews,v2,Running,True
1779280493,reviews,v2,Running,True
1779280493,reviews,v3,Running,True
1779280493,reviews,v3,Running,True
1779280493,reviews,v3,Running,True
1779280494,details,v1,Running,True
1779280494,details,v1,Running,True
1779280494,details,v1,Running,True
1779280494,details,v1,Running,True
1779280494,details,v1,Running,True
1779280494,details,v1,Running,True
1779280494,productpage,v1,Running,True
1779280494,productpage,v1,Running,True
1779280494,productpage,v1,Running,True
1779280494,productpage,v1,Running,True
1779280494,productpage,v1,Running,True
1779280494,productpage,v1,Running,True
1779280494,productpage,v1,Running,True
1779280494,productpage,v1,Running,True
1779280494,productpage,v1,Running,True
1779280494,productpage,v1,Running,True
1779280494,productpage,v1,Running,True
1779280494,productpage,v1,Running,True
1779280494,productpage,v1,Running,True
1779280494,productpage,v1,Running,True
1779280494,productpage,v1,Running,True
1779280494,productpage,v1,Running,True
1779280494,productpage,v1,Running,True
1779280494,productpage,v1,Running,True
1779280494,productpage,v1,Running,True
1779280494,productpage,v1,Running,True
1779280494,ratings,v1,Running,True
1779280494,reviews,v1,Running,True
1779280494,reviews,v2,Running,True
1779280494,reviews,v2,Running,True
1779280494,reviews,v2,Running,True
1779280494,reviews,v3,Running,True
1779280494,reviews,v3,Running,True
1779280494,reviews,v3,Running,True
1779280495,details,v1,Running,True
1779280495,details,v1,Running,True
1779280495,details,v1,Running,True
1779280495,details,v1,Running,True
1779280495,details,v1,Running,True
1779280495,details,v1,Running,True
1779280495,productpage,v1,Running,True
1779280495,productpage,v1,Running,True
1779280495,productpage,v1,Running,True
1779280495,productpage,v1,Running,True
1779280495,productpage,v1,Running,True
1779280495,productpage,v1,Running,True
1779280495,productpage,v1,Running,True
1779280495,productpage,v1,Running,True
1779280495,productpage,v1,Running,True
1779280495,productpage,v1,Running,True
1779280495,productpage,v1,Running,True
1779280495,productpage,v1,Running,True
1779280495,productpage,v1,Running,True
1779280495,productpage,v1,Running,True
1779280495,productpage,v1,Running,True
1779280495,productpage,v1,Running,True
1779280495,productpage,v1,Running,True
1779280495,productpage,v1,Running,True
1779280495,productpage,v1,Running,True
1779280495,productpage,v1,Running,True
1779280495,ratings,v1,Running,True
1779280495,reviews,v1,Running,True
1779280495,reviews,v2,Running,True
1779280495,reviews,v2,Running,True
1779280495,reviews,v2,Running,True
1779280495,reviews,v3,Running,True
1779280495,reviews,v3,Running,True
1779280495,reviews,v3,Running,True
1779280496,details,v1,Running,True
1779280496,details,v1,Running,True
1779280496,details,v1,Running,True
1779280496,details,v1,Running,True
1779280496,details,v1,Running,True
1779280496,details,v1,Running,True
1779280496,productpage,v1,Running,True
1779280496,productpage,v1,Running,True
1779280496,productpage,v1,Running,True
1779280496,productpage,v1,Running,True
1779280496,productpage,v1,Running,True
1779280496,productpage,v1,Running,True
1779280496,productpage,v1,Running,True
1779280496,productpage,v1,Running,True
1779280496,productpage,v1,Running,True
1779280496,productpage,v1,Running,True
1779280496,productpage,v1,Running,True
1779280496,productpage,v1,Running,True
1779280496,productpage,v1,Running,True
1779280496,productpage,v1,Running,True
1779280496,productpage,v1,Running,True
1779280496,productpage,v1,Running,True
1779280496,productpage,v1,Running,True
1779280496,productpage,v1,Running,True
1779280496,productpage,v1,Running,True
1779280496,productpage,v1,Running,True
1779280496,ratings,v1,Running,True
1779280496,reviews,v1,Running,True
1779280496,reviews,v2,Running,True
1779280496,reviews,v2,Running,True
1779280496,reviews,v2,Running,True
1779280496,reviews,v3,Running,True
1779280496,reviews,v3,Running,True
1779280496,reviews,v3,Running,True
1779280497,details,v1,Running,True
1779280497,details,v1,Running,True
1779280497,details,v1,Running,True
1779280497,details,v1,Running,True
1779280497,details,v1,Running,True
1779280497,details,v1,Running,True
1779280497,productpage,v1,Running,True
1779280497,productpage,v1,Running,True
1779280497,productpage,v1,Running,True
1779280497,productpage,v1,Running,True
1779280497,productpage,v1,Running,True
1779280497,productpage,v1,Running,True
1779280497,productpage,v1,Running,True
1779280497,productpage,v1,Running,True
1779280497,productpage,v1,Running,True
1779280497,productpage,v1,Running,True
1779280497,productpage,v1,Running,True
1779280497,productpage,v1,Running,True
1779280497,productpage,v1,Running,True
1779280497,productpage,v1,Running,True
1779280497,productpage,v1,Running,True
1779280497,productpage,v1,Running,True
1779280497,productpage,v1,Running,True
1779280497,productpage,v1,Running,True
1779280497,productpage,v1,Running,True
1779280497,productpage,v1,Running,True
1779280497,ratings,v1,Running,True
1779280497,reviews,v1,Running,True
1779280497,reviews,v2,Running,True
1779280497,reviews,v2,Running,True
1779280497,reviews,v2,Running,True
1779280497,reviews,v3,Running,True
1779280497,reviews,v3,Running,True
1779280497,reviews,v3,Running,True
1779280498,details,v1,Running,True
1779280498,details,v1,Running,True
1779280498,details,v1,Running,True
1779280498,details,v1,Running,True
1779280498,details,v1,Running,True
1779280498,details,v1,Running,True
1779280498,productpage,v1,Running,True
1779280498,productpage,v1,Running,True
1779280498,productpage,v1,Running,True
1779280498,productpage,v1,Running,True
1779280498,productpage,v1,Running,True
1779280498,productpage,v1,Running,True
1779280498,productpage,v1,Running,True
1779280498,productpage,v1,Running,True
1779280498,productpage,v1,Running,True
1779280498,productpage,v1,Running,True
1779280498,productpage,v1,Running,True
1779280498,productpage,v1,Running,True
1779280498,productpage,v1,Running,True
1779280498,productpage,v1,Running,True
1779280498,productpage,v1,Running,True
1779280498,productpage,v1,Running,True
1779280498,productpage,v1,Running,True
1779280498,productpage,v1,Running,True
1779280498,productpage,v1,Running,True
1779280498,productpage,v1,Running,True
1779280498,ratings,v1,Running,True
1779280498,reviews,v1,Running,True
1779280498,reviews,v2,Running,True
1779280498,reviews,v2,Running,True
1779280498,reviews,v2,Running,True
1779280498,reviews,v3,Running,True
1779280498,reviews,v3,Running,True
1779280498,reviews,v3,Running,True
1779280499,details,v1,Running,True
1779280499,details,v1,Running,True
1779280499,details,v1,Running,True
1779280499,details,v1,Running,True
1779280499,details,v1,Running,True
1779280499,details,v1,Running,True
1779280499,productpage,v1,Running,True
1779280499,productpage,v1,Running,True
1779280499,productpage,v1,Running,True
1779280499,productpage,v1,Running,True
1779280499,productpage,v1,Running,True
1779280499,productpage,v1,Running,True
1779280499,productpage,v1,Running,True
1779280499,productpage,v1,Running,True
1779280499,productpage,v1,Running,True
1779280499,productpage,v1,Running,True
1779280499,productpage,v1,Running,True
1779280499,productpage,v1,Running,True
1779280499,productpage,v1,Running,True
1779280499,productpage,v1,Running,True
1779280499,productpage,v1,Running,True
1779280499,productpage,v1,Running,True
1779280499,productpage,v1,Running,True
1779280499,productpage,v1,Running,True
1779280499,productpage,v1,Running,True
1779280499,productpage,v1,Running,True
1779280499,ratings,v1,Running,True
1779280499,reviews,v1,Running,True
1779280499,reviews,v2,Running,True
1779280499,reviews,v2,Running,True
1779280499,reviews,v2,Running,True
1779280499,reviews,v3,Running,True
1779280499,reviews,v3,Running,True
1779280499,reviews,v3,Running,True
1779280500,details,v1,Running,True
1779280500,details,v1,Running,True
1779280500,details,v1,Running,True
1779280500,details,v1,Running,True
1779280500,details,v1,Running,True
1779280500,details,v1,Running,True
1779280500,productpage,v1,Running,True
1779280500,productpage,v1,Running,True
1779280500,productpage,v1,Running,True
1779280500,productpage,v1,Running,True
1779280500,productpage,v1,Running,True
1779280500,productpage,v1,Running,True
1779280500,productpage,v1,Running,True
1779280500,productpage,v1,Running,True
1779280500,productpage,v1,Running,True
1779280500,productpage,v1,Running,True
1779280500,productpage,v1,Running,True
1779280500,productpage,v1,Running,True
1779280500,productpage,v1,Running,True
1779280500,productpage,v1,Running,True
1779280500,productpage,v1,Running,True
1779280500,productpage,v1,Running,True
1779280500,productpage,v1,Running,True
1779280500,productpage,v1,Running,True
1779280500,productpage,v1,Running,True
1779280500,productpage,v1,Running,True
1779280500,ratings,v1,Running,True
1779280500,reviews,v1,Running,True
1779280500,reviews,v2,Running,True
1779280500,reviews,v2,Running,True
1779280500,reviews,v2,Running,True
1779280500,reviews,v3,Running,True
1779280500,reviews,v3,Running,True
1779280500,reviews,v3,Running,True
1779280501,details,v1,Running,True
1779280501,details,v1,Running,True
1779280501,details,v1,Running,True
1779280501,details,v1,Running,True
1779280501,details,v1,Running,True
1779280501,details,v1,Running,True
1779280501,productpage,v1,Running,True
1779280501,productpage,v1,Running,True
1779280501,productpage,v1,Running,True
1779280501,productpage,v1,Running,True
1779280501,productpage,v1,Running,True
1779280501,productpage,v1,Running,True
1779280501,productpage,v1,Running,True
1779280501,productpage,v1,Running,True
1779280501,productpage,v1,Running,True
1779280501,productpage,v1,Running,True
1779280501,productpage,v1,Running,True
1779280501,productpage,v1,Running,True
1779280501,productpage,v1,Running,True
1779280501,productpage,v1,Running,True
1779280501,productpage,v1,Running,True
1779280501,productpage,v1,Running,True
1779280501,productpage,v1,Running,True
1779280501,productpage,v1,Running,True
1779280501,productpage,v1,Running,True
1779280501,productpage,v1,Running,True
1779280501,ratings,v1,Running,True
1779280501,reviews,v1,Running,True
1779280501,reviews,v2,Running,True
1779280501,reviews,v2,Running,True
1779280501,reviews,v2,Running,True
1779280501,reviews,v3,Running,True
1779280501,reviews,v3,Running,True
1779280501,reviews,v3,Running,True
1779280502,details,v1,Running,True
1779280502,details,v1,Running,True
1779280502,details,v1,Running,True
1779280502,details,v1,Running,True
1779280502,details,v1,Running,True
1779280502,details,v1,Running,True
1779280502,productpage,v1,Running,True
1779280502,productpage,v1,Running,True
1779280502,productpage,v1,Running,True
1779280502,productpage,v1,Running,True
1779280502,productpage,v1,Running,True
1779280502,productpage,v1,Running,True
1779280502,productpage,v1,Running,True
1779280502,productpage,v1,Running,True
1779280502,productpage,v1,Running,True
1779280502,productpage,v1,Running,True
1779280502,productpage,v1,Running,True
1779280502,productpage,v1,Running,True
1779280502,productpage,v1,Running,True
1779280502,productpage,v1,Running,True
1779280502,productpage,v1,Running,True
1779280502,productpage,v1,Running,True
1779280502,productpage,v1,Running,True
1779280502,productpage,v1,Running,True
1779280502,productpage,v1,Running,True
1779280502,productpage,v1,Running,True
1779280502,ratings,v1,Running,True
1779280502,reviews,v1,Running,True
1779280502,reviews,v2,Running,True
1779280502,reviews,v2,Running,True
1779280502,reviews,v2,Running,True
1779280502,reviews,v3,Running,True
1779280502,reviews,v3,Running,True
1779280502,reviews,v3,Running,True
1779280503,details,v1,Running,True
1779280503,details,v1,Running,True
1779280503,details,v1,Running,True
1779280503,details,v1,Running,True
1779280503,details,v1,Running,True
1779280503,details,v1,Running,True
1779280503,productpage,v1,Running,True
1779280503,productpage,v1,Running,True
1779280503,productpage,v1,Running,True
1779280503,productpage,v1,Running,True
1779280503,productpage,v1,Running,True
1779280503,productpage,v1,Running,True
1779280503,productpage,v1,Running,True
1779280503,productpage,v1,Running,True
1779280503,productpage,v1,Running,True
1779280503,productpage,v1,Running,True
1779280503,productpage,v1,Running,True
1779280503,productpage,v1,Running,True
1779280503,productpage,v1,Running,True
1779280503,productpage,v1,Running,True
1779280503,productpage,v1,Running,True
1779280503,productpage,v1,Running,True
1779280503,productpage,v1,Running,True
1779280503,productpage,v1,Running,True
1779280503,productpage,v1,Running,True
1779280503,productpage,v1,Running,True
1779280503,ratings,v1,Running,True
1779280503,reviews,v1,Running,True
1779280503,reviews,v2,Running,True
1779280503,reviews,v2,Running,True
1779280503,reviews,v2,Running,True
1779280503,reviews,v3,Running,True
1779280503,reviews,v3,Running,True
1779280503,reviews,v3,Running,True
1779280504,details,v1,Running,True
1779280504,details,v1,Running,True
1779280504,details,v1,Running,True
1779280504,details,v1,Running,True
1779280504,details,v1,Running,True
1779280504,details,v1,Running,True
1779280504,productpage,v1,Running,True
1779280504,productpage,v1,Running,True
1779280504,productpage,v1,Running,True
1779280504,productpage,v1,Running,True
1779280504,productpage,v1,Running,True
1779280504,productpage,v1,Running,True
1779280504,productpage,v1,Running,True
1779280504,productpage,v1,Running,True
1779280504,productpage,v1,Running,True
1779280504,productpage,v1,Running,True
1779280504,productpage,v1,Running,True
1779280504,productpage,v1,Running,True
1779280504,productpage,v1,Running,True
1779280504,productpage,v1,Running,True
1779280504,productpage,v1,Running,True
1779280504,productpage,v1,Running,True
1779280504,productpage,v1,Running,True
1779280504,productpage,v1,Running,True
1779280504,productpage,v1,Running,True
1779280504,productpage,v1,Running,True
1779280504,ratings,v1,Running,True
1779280504,reviews,v1,Running,True
1779280504,reviews,v2,Running,True
1779280504,reviews,v2,Running,True
1779280504,reviews,v2,Running,True
1779280504,reviews,v3,Running,True
1779280504,reviews,v3,Running,True
1779280504,reviews,v3,Running,True
1779280505,details,v1,Running,True
1779280505,details,v1,Running,True
1779280505,details,v1,Running,True
1779280505,details,v1,Running,True
1779280505,details,v1,Running,True
1779280505,details,v1,Running,True
1779280505,productpage,v1,Running,True
1779280505,productpage,v1,Running,True
1779280505,productpage,v1,Running,True
1779280505,productpage,v1,Running,True
1779280505,productpage,v1,Running,True
1779280505,productpage,v1,Running,True
1779280505,productpage,v1,Running,True
1779280505,productpage,v1,Running,True
1779280505,productpage,v1,Running,True
1779280505,productpage,v1,Running,True
1779280505,productpage,v1,Running,True
1779280505,productpage,v1,Running,True
1779280505,productpage,v1,Running,True
1779280505,productpage,v1,Running,True
1779280505,productpage,v1,Running,True
1779280505,productpage,v1,Running,True
1779280505,productpage,v1,Running,True
1779280505,productpage,v1,Running,True
1779280505,productpage,v1,Running,True
1779280505,productpage,v1,Running,True
1779280505,ratings,v1,Running,True
1779280505,reviews,v1,Running,True
1779280505,reviews,v2,Running,True
1779280505,reviews,v2,Running,True
1779280505,reviews,v2,Running,True
1779280505,reviews,v3,Running,True
1779280505,reviews,v3,Running,True
1779280505,reviews,v3,Running,True
1779280506,details,v1,Running,True
1779280506,details,v1,Running,True
1779280506,details,v1,Running,True
1779280506,details,v1,Running,True
1779280506,details,v1,Running,True
1779280506,details,v1,Running,True
1779280506,productpage,v1,Running,True
1779280506,productpage,v1,Running,True
1779280506,productpage,v1,Running,True
1779280506,productpage,v1,Running,True
1779280506,productpage,v1,Running,True
1779280506,productpage,v1,Running,True
1779280506,productpage,v1,Running,True
1779280506,productpage,v1,Running,True
1779280506,productpage,v1,Running,True
1779280506,productpage,v1,Running,True
1779280506,productpage,v1,Running,True
1779280506,productpage,v1,Running,True
1779280506,productpage,v1,Running,True
1779280506,productpage,v1,Running,True
1779280506,productpage,v1,Running,True
1779280506,productpage,v1,Running,True
1779280506,productpage,v1,Running,True
1779280506,productpage,v1,Running,True
1779280506,productpage,v1,Running,True
1779280506,productpage,v1,Running,True
1779280506,ratings,v1,Running,True
1779280506,reviews,v1,Running,True
1779280506,reviews,v2,Running,True
1779280506,reviews,v2,Running,True
1779280506,reviews,v2,Running,True
1779280506,reviews,v3,Running,True
1779280506,reviews,v3,Running,True
1779280506,reviews,v3,Running,True
1779280507,details,v1,Running,True
1779280507,details,v1,Running,True
1779280507,details,v1,Running,True
1779280507,details,v1,Running,True
1779280507,details,v1,Running,True
1779280507,details,v1,Running,True
1779280507,productpage,v1,Running,True
1779280507,productpage,v1,Running,True
1779280507,productpage,v1,Running,True
1779280507,productpage,v1,Running,True
1779280507,productpage,v1,Running,True
1779280507,productpage,v1,Running,True
1779280507,productpage,v1,Running,True
1779280507,productpage,v1,Running,True
1779280507,productpage,v1,Running,True
1779280507,productpage,v1,Running,True
1779280507,productpage,v1,Running,True
1779280507,productpage,v1,Running,True
1779280507,productpage,v1,Running,True
1779280507,productpage,v1,Running,True
1779280507,productpage,v1,Running,True
1779280507,productpage,v1,Running,True
1779280507,productpage,v1,Running,True
1779280507,productpage,v1,Running,True
1779280507,productpage,v1,Running,True
1779280507,productpage,v1,Running,True
1779280507,ratings,v1,Running,True
1779280507,reviews,v1,Running,True
1779280507,reviews,v2,Running,True
1779280507,reviews,v2,Running,True
1779280507,reviews,v2,Running,True
1779280507,reviews,v3,Running,True
1779280507,reviews,v3,Running,True
1779280507,reviews,v3,Running,True
1779280508,details,v1,Running,True
1779280508,details,v1,Running,True
1779280508,details,v1,Running,True
1779280508,details,v1,Running,True
1779280508,details,v1,Running,True
1779280508,details,v1,Running,True
1779280508,productpage,v1,Running,True
1779280508,productpage,v1,Running,True
1779280508,productpage,v1,Running,True
1779280508,productpage,v1,Running,True
1779280508,productpage,v1,Running,True
1779280508,productpage,v1,Running,True
1779280508,productpage,v1,Running,True
1779280508,productpage,v1,Running,True
1779280508,productpage,v1,Running,True
1779280508,productpage,v1,Running,True
1779280508,productpage,v1,Running,True
1779280508,productpage,v1,Running,True
1779280508,productpage,v1,Running,True
1779280508,productpage,v1,Running,True
1779280508,productpage,v1,Running,True
1779280508,productpage,v1,Running,True
1779280508,productpage,v1,Running,True
1779280508,productpage,v1,Running,True
1779280508,productpage,v1,Running,True
1779280508,productpage,v1,Running,True
1779280508,ratings,v1,Running,True
1779280508,reviews,v1,Running,True
1779280508,reviews,v2,Running,True
1779280508,reviews,v2,Running,True
1779280508,reviews,v2,Running,True
1779280508,reviews,v3,Running,True
1779280508,reviews,v3,Running,True
1779280508,reviews,v3,Running,True
1779280509,details,v1,Running,True
1779280509,details,v1,Running,True
1779280509,details,v1,Running,True
1779280509,details,v1,Running,True
1779280509,details,v1,Running,True
1779280509,details,v1,Running,True
1779280509,productpage,v1,Running,True
1779280509,productpage,v1,Running,True
1779280509,productpage,v1,Running,True
1779280509,productpage,v1,Running,True
1779280509,productpage,v1,Running,True
1779280509,productpage,v1,Running,True
1779280509,productpage,v1,Running,True
1779280509,productpage,v1,Running,True
1779280509,productpage,v1,Running,True
1779280509,productpage,v1,Running,True
1779280509,productpage,v1,Running,True
1779280509,productpage,v1,Running,True
1779280509,productpage,v1,Running,True
1779280509,productpage,v1,Running,True
1779280509,productpage,v1,Running,True
1779280509,productpage,v1,Running,True
1779280509,productpage,v1,Running,True
1779280509,productpage,v1,Running,True
1779280509,productpage,v1,Running,True
1779280509,productpage,v1,Running,True
1779280509,ratings,v1,Running,True
1779280509,reviews,v1,Running,True
1779280509,reviews,v2,Running,True
1779280509,reviews,v2,Running,True
1779280509,reviews,v2,Running,True
1779280509,reviews,v3,Running,True
1779280509,reviews,v3,Running,True
1779280509,reviews,v3,Running,True
1779280510,details,v1,Running,True
1779280510,details,v1,Running,True
1779280510,details,v1,Running,True
1779280510,details,v1,Running,True
1779280510,details,v1,Running,True
1779280510,details,v1,Running,True
1779280510,productpage,v1,Running,True
1779280510,productpage,v1,Running,True
1779280510,productpage,v1,Running,True
1779280510,productpage,v1,Running,True
1779280510,productpage,v1,Running,True
1779280510,productpage,v1,Running,True
1779280510,productpage,v1,Running,True
1779280510,productpage,v1,Running,True
1779280510,productpage,v1,Running,True
1779280510,productpage,v1,Running,True
1779280510,productpage,v1,Running,True
1779280510,productpage,v1,Running,True
1779280510,productpage,v1,Running,True
1779280510,productpage,v1,Running,True
1779280510,productpage,v1,Running,True
1779280510,productpage,v1,Running,True
1779280510,productpage,v1,Running,True
1779280510,productpage,v1,Running,True
1779280510,productpage,v1,Running,True
1779280510,productpage,v1,Running,True
1779280510,ratings,v1,Running,True
1779280510,reviews,v1,Running,True
1779280510,reviews,v2,Running,True
1779280510,reviews,v2,Running,True
1779280510,reviews,v2,Running,True
1779280510,reviews,v3,Running,True
1779280510,reviews,v3,Running,True
1779280510,reviews,v3,Running,True
1779280511,details,v1,Running,True
1779280511,details,v1,Running,True
1779280511,details,v1,Running,True
1779280511,details,v1,Running,True
1779280511,details,v1,Running,True
1779280511,details,v1,Running,True
1779280511,productpage,v1,Running,True
1779280511,productpage,v1,Running,True
1779280511,productpage,v1,Running,True
1779280511,productpage,v1,Running,True
1779280511,productpage,v1,Running,True
1779280511,productpage,v1,Running,True
1779280511,productpage,v1,Running,True
1779280511,productpage,v1,Running,True
1779280511,productpage,v1,Running,True
1779280511,productpage,v1,Running,True
1779280511,productpage,v1,Running,True
1779280511,productpage,v1,Running,True
1779280511,productpage,v1,Running,True
1779280511,productpage,v1,Running,True
1779280511,productpage,v1,Running,True
1779280511,productpage,v1,Running,True
1779280511,productpage,v1,Running,True
1779280511,productpage,v1,Running,True
1779280511,productpage,v1,Running,True
1779280511,productpage,v1,Running,True
1779280511,ratings,v1,Running,True
1779280511,reviews,v1,Running,True
1779280511,reviews,v2,Running,True
1779280511,reviews,v2,Running,True
1779280511,reviews,v2,Running,True
1779280511,reviews,v3,Running,True
1779280511,reviews,v3,Running,True
1779280511,reviews,v3,Running,True
1779280512,details,v1,Running,True
1779280512,details,v1,Running,True
1779280512,details,v1,Running,True
1779280512,details,v1,Running,True
1779280512,details,v1,Running,True
1779280512,details,v1,Running,True
1779280512,productpage,v1,Running,True
1779280512,productpage,v1,Running,True
1779280512,productpage,v1,Running,True
1779280512,productpage,v1,Running,True
1779280512,productpage,v1,Running,True
1779280512,productpage,v1,Running,True
1779280512,productpage,v1,Running,True
1779280512,productpage,v1,Running,True
1779280512,productpage,v1,Running,True
1779280512,productpage,v1,Running,True
1779280512,productpage,v1,Running,True
1779280512,productpage,v1,Running,True
1779280512,productpage,v1,Running,True
1779280512,productpage,v1,Running,True
1779280512,productpage,v1,Running,True
1779280512,productpage,v1,Running,True
1779280512,productpage,v1,Running,True
1779280512,productpage,v1,Running,True
1779280512,productpage,v1,Running,True
1779280512,productpage,v1,Running,True
1779280512,ratings,v1,Running,True
1779280512,reviews,v1,Running,True
1779280512,reviews,v2,Running,True
1779280512,reviews,v2,Running,True
1779280512,reviews,v2,Running,True
1779280512,reviews,v3,Running,True
1779280512,reviews,v3,Running,True
1779280512,reviews,v3,Running,True
1779280513,details,v1,Running,True
1779280513,details,v1,Running,True
1779280513,details,v1,Running,True
1779280513,details,v1,Running,True
1779280513,details,v1,Running,True
1779280513,details,v1,Running,True
1779280513,productpage,v1,Running,True
1779280513,productpage,v1,Running,True
1779280513,productpage,v1,Running,True
1779280513,productpage,v1,Running,True
1779280513,productpage,v1,Running,True
1779280513,productpage,v1,Running,True
1779280513,productpage,v1,Running,True
1779280513,productpage,v1,Running,True
1779280513,productpage,v1,Running,True
1779280513,productpage,v1,Running,True
1779280513,productpage,v1,Running,True
1779280513,productpage,v1,Running,True
1779280513,productpage,v1,Running,True
1779280513,productpage,v1,Running,True
1779280513,productpage,v1,Running,True
1779280513,productpage,v1,Running,True
1779280513,productpage,v1,Running,True
1779280513,productpage,v1,Running,True
1779280513,productpage,v1,Running,True
1779280513,productpage,v1,Running,True
1779280513,ratings,v1,Running,True
1779280513,reviews,v1,Running,True
1779280513,reviews,v2,Running,True
1779280513,reviews,v2,Running,True
1779280513,reviews,v2,Running,True
1779280513,reviews,v3,Running,True
1779280513,reviews,v3,Running,True
1779280513,reviews,v3,Running,True
1779280514,details,v1,Running,True
1779280514,details,v1,Running,True
1779280514,details,v1,Running,True
1779280514,details,v1,Running,True
1779280514,details,v1,Running,True
1779280514,details,v1,Running,True
1779280514,productpage,v1,Running,True
1779280514,productpage,v1,Running,True
1779280514,productpage,v1,Running,True
1779280514,productpage,v1,Running,True
1779280514,productpage,v1,Running,True
1779280514,productpage,v1,Running,True
1779280514,productpage,v1,Running,True
1779280514,productpage,v1,Running,True
1779280514,productpage,v1,Running,True
1779280514,productpage,v1,Running,True
1779280514,productpage,v1,Running,True
1779280514,productpage,v1,Running,True
1779280514,productpage,v1,Running,True
1779280514,productpage,v1,Running,True
1779280514,productpage,v1,Running,True
1779280514,productpage,v1,Running,True
1779280514,productpage,v1,Running,True
1779280514,productpage,v1,Running,True
1779280514,productpage,v1,Running,True
1779280514,productpage,v1,Running,True
1779280514,ratings,v1,Running,True
1779280514,reviews,v1,Running,True
1779280514,reviews,v2,Running,True
1779280514,reviews,v2,Running,True
1779280514,reviews,v2,Running,True
1779280514,reviews,v3,Running,True
1779280514,reviews,v3,Running,True
1779280514,reviews,v3,Running,True
1779280515,details,v1,Running,True
1779280515,details,v1,Running,True
1779280515,details,v1,Running,True
1779280515,details,v1,Running,True
1779280515,details,v1,Running,True
1779280515,details,v1,Running,True
1779280515,productpage,v1,Running,True
1779280515,productpage,v1,Running,True
1779280515,productpage,v1,Running,True
1779280515,productpage,v1,Running,True
1779280515,productpage,v1,Running,True
1779280515,productpage,v1,Running,True
1779280515,productpage,v1,Running,True
1779280515,productpage,v1,Running,True
1779280515,productpage,v1,Running,True
1779280515,productpage,v1,Running,True
1779280515,productpage,v1,Running,True
1779280515,productpage,v1,Running,True
1779280515,productpage,v1,Running,True
1779280515,productpage,v1,Running,True
1779280515,productpage,v1,Running,True
1779280515,productpage,v1,Running,True
1779280515,productpage,v1,Running,True
1779280515,productpage,v1,Running,True
1779280515,productpage,v1,Running,True
1779280515,productpage,v1,Running,True
1779280515,ratings,v1,Running,True
1779280515,reviews,v1,Running,True
1779280515,reviews,v2,Running,True
1779280515,reviews,v2,Running,True
1779280515,reviews,v2,Running,True
1779280515,reviews,v3,Running,True
1779280515,reviews,v3,Running,True
1779280515,reviews,v3,Running,True
1779280516,details,v1,Running,True
1779280516,details,v1,Running,True
1779280516,details,v1,Running,True
1779280516,details,v1,Running,True
1779280516,details,v1,Running,True
1779280516,details,v1,Running,True
1779280516,productpage,v1,Running,True
1779280516,productpage,v1,Running,True
1779280516,productpage,v1,Running,True
1779280516,productpage,v1,Running,True
1779280516,productpage,v1,Running,True
1779280516,productpage,v1,Running,True
1779280516,productpage,v1,Running,True
1779280516,productpage,v1,Running,True
1779280516,productpage,v1,Running,True
1779280516,productpage,v1,Running,True
1779280516,productpage,v1,Running,True
1779280516,productpage,v1,Running,True
1779280516,productpage,v1,Running,True
1779280516,productpage,v1,Running,True
1779280516,productpage,v1,Running,True
1779280516,productpage,v1,Running,True
1779280516,productpage,v1,Running,True
1779280516,productpage,v1,Running,True
1779280516,productpage,v1,Running,True
1779280516,productpage,v1,Running,True
1779280516,ratings,v1,Running,True
1779280516,reviews,v1,Running,True
1779280516,reviews,v2,Running,True
1779280516,reviews,v2,Running,True
1779280516,reviews,v2,Running,True
1779280516,reviews,v3,Running,True
1779280516,reviews,v3,Running,True
1779280516,reviews,v3,Running,True
1779280517,details,v1,Running,True
1779280517,details,v1,Running,True
1779280517,details,v1,Running,True
1779280517,details,v1,Running,True
1779280517,details,v1,Running,True
1779280517,details,v1,Running,True
1779280517,productpage,v1,Running,True
1779280517,productpage,v1,Running,True
1779280517,productpage,v1,Running,True
1779280517,productpage,v1,Running,True
1779280517,productpage,v1,Running,True
1779280517,productpage,v1,Running,True
1779280517,productpage,v1,Running,True
1779280517,productpage,v1,Running,True
1779280517,productpage,v1,Running,True
1779280517,productpage,v1,Running,True
1779280517,productpage,v1,Running,True
1779280517,productpage,v1,Running,True
1779280517,productpage,v1,Running,True
1779280517,productpage,v1,Running,True
1779280517,productpage,v1,Running,True
1779280517,productpage,v1,Running,True
1779280517,productpage,v1,Running,True
1779280517,productpage,v1,Running,True
1779280517,productpage,v1,Running,True
1779280517,productpage,v1,Running,True
1779280517,ratings,v1,Running,True
1779280517,reviews,v1,Running,True
1779280517,reviews,v2,Running,True
1779280517,reviews,v2,Running,True
1779280517,reviews,v2,Running,True
1779280517,reviews,v3,Running,True
1779280517,reviews,v3,Running,True
1779280517,reviews,v3,Running,True
1779280518,details,v1,Running,True
1779280518,details,v1,Running,True
1779280518,details,v1,Running,True
1779280518,details,v1,Running,True
1779280518,details,v1,Running,True
1779280518,details,v1,Running,True
1779280518,productpage,v1,Running,True
1779280518,productpage,v1,Running,True
1779280518,productpage,v1,Running,True
1779280518,productpage,v1,Running,True
1779280518,productpage,v1,Running,True
1779280518,productpage,v1,Running,True
1779280518,productpage,v1,Running,True
1779280518,productpage,v1,Running,True
1779280518,productpage,v1,Running,True
1779280518,productpage,v1,Running,True
1779280518,productpage,v1,Running,True
1779280518,productpage,v1,Running,True
1779280518,productpage,v1,Running,True
1779280518,productpage,v1,Running,True
1779280518,productpage,v1,Running,True
1779280518,productpage,v1,Running,True
1779280518,productpage,v1,Running,True
1779280518,productpage,v1,Running,True
1779280518,productpage,v1,Running,True
1779280518,productpage,v1,Running,True
1779280518,ratings,v1,Running,True
1779280518,reviews,v1,Running,True
1779280518,reviews,v2,Running,True
1779280518,reviews,v2,Running,True
1779280518,reviews,v2,Running,True
1779280518,reviews,v3,Running,True
1779280518,reviews,v3,Running,True
1779280518,reviews,v3,Running,True
1779280519,details,v1,Running,True
1779280519,details,v1,Running,True
1779280519,details,v1,Running,True
1779280519,details,v1,Running,True
1779280519,details,v1,Running,True
1779280519,details,v1,Running,True
1779280519,productpage,v1,Running,True
1779280519,productpage,v1,Running,True
1779280519,productpage,v1,Running,True
1779280519,productpage,v1,Running,True
1779280519,productpage,v1,Running,True
1779280519,productpage,v1,Running,True
1779280519,productpage,v1,Running,True
1779280519,productpage,v1,Running,True
1779280519,productpage,v1,Running,True
1779280519,productpage,v1,Running,True
1779280519,productpage,v1,Running,True
1779280519,productpage,v1,Running,True
1779280519,productpage,v1,Running,True
1779280519,productpage,v1,Running,True
1779280519,productpage,v1,Running,True
1779280519,productpage,v1,Running,True
1779280519,productpage,v1,Running,True
1779280519,productpage,v1,Running,True
1779280519,productpage,v1,Running,True
1779280519,productpage,v1,Running,True
1779280519,ratings,v1,Running,True
1779280519,reviews,v1,Running,True
1779280519,reviews,v2,Running,True
1779280519,reviews,v2,Running,True
1779280519,reviews,v2,Running,True
1779280519,reviews,v3,Running,True
1779280519,reviews,v3,Running,True
1779280519,reviews,v3,Running,True
1779280520,details,v1,Running,True
1779280520,details,v1,Running,True
1779280520,details,v1,Running,True
1779280520,details,v1,Running,True
1779280520,details,v1,Running,True
1779280520,details,v1,Running,True
1779280520,productpage,v1,Running,True
1779280520,productpage,v1,Running,True
1779280520,productpage,v1,Running,True
1779280520,productpage,v1,Running,True
1779280520,productpage,v1,Running,True
1779280520,productpage,v1,Running,True
1779280520,productpage,v1,Running,True
1779280520,productpage,v1,Running,True
1779280520,productpage,v1,Running,True
1779280520,productpage,v1,Running,True
1779280520,productpage,v1,Running,True
1779280520,productpage,v1,Running,True
1779280520,productpage,v1,Running,True
1779280520,productpage,v1,Running,True
1779280520,productpage,v1,Running,True
1779280520,productpage,v1,Running,True
1779280520,productpage,v1,Running,True
1779280520,productpage,v1,Running,True
1779280520,productpage,v1,Running,True
1779280520,productpage,v1,Running,True
1779280520,ratings,v1,Running,True
1779280520,reviews,v1,Running,True
1779280520,reviews,v2,Running,True
1779280520,reviews,v2,Running,True
1779280520,reviews,v2,Running,True
1779280520,reviews,v3,Running,True
1779280520,reviews,v3,Running,True
1779280520,reviews,v3,Running,True
1779280521,details,v1,Running,True
1779280521,details,v1,Running,True
1779280521,details,v1,Running,True
1779280521,details,v1,Running,True
1779280521,details,v1,Running,True
1779280521,details,v1,Running,True
1779280521,productpage,v1,Running,True
1779280521,productpage,v1,Running,True
1779280521,productpage,v1,Running,True
1779280521,productpage,v1,Running,True
1779280521,productpage,v1,Running,True
1779280521,productpage,v1,Running,True
1779280521,productpage,v1,Running,True
1779280521,productpage,v1,Running,True
1779280521,productpage,v1,Running,True
1779280521,productpage,v1,Running,True
1779280521,productpage,v1,Running,True
1779280521,productpage,v1,Running,True
1779280521,productpage,v1,Running,True
1779280521,productpage,v1,Running,True
1779280521,productpage,v1,Running,True
1779280521,productpage,v1,Running,True
1779280521,productpage,v1,Running,True
1779280521,productpage,v1,Running,True
1779280521,productpage,v1,Running,True
1779280521,productpage,v1,Running,True
1779280521,ratings,v1,Running,True
1779280521,reviews,v1,Running,True
1779280521,reviews,v2,Running,True
1779280521,reviews,v2,Running,True
1779280521,reviews,v2,Running,True
1779280521,reviews,v3,Running,True
1779280521,reviews,v3,Running,True
1779280521,reviews,v3,Running,True
1779280522,details,v1,Running,True
1779280522,details,v1,Running,True
1779280522,details,v1,Running,True
1779280522,details,v1,Running,True
1779280522,details,v1,Running,True
1779280522,details,v1,Running,True
1779280522,productpage,v1,Running,True
1779280522,productpage,v1,Running,True
1779280522,productpage,v1,Running,True
1779280522,productpage,v1,Running,True
1779280522,productpage,v1,Running,True
1779280522,productpage,v1,Running,True
1779280522,productpage,v1,Running,True
1779280522,productpage,v1,Running,True
1779280522,productpage,v1,Running,True
1779280522,productpage,v1,Running,True
1779280522,productpage,v1,Running,True
1779280522,productpage,v1,Running,True
1779280522,productpage,v1,Running,True
1779280522,productpage,v1,Running,True
1779280522,productpage,v1,Running,True
1779280522,productpage,v1,Running,True
1779280522,productpage,v1,Running,True
1779280522,productpage,v1,Running,True
1779280522,productpage,v1,Running,True
1779280522,productpage,v1,Running,True
1779280522,ratings,v1,Running,True
1779280522,reviews,v1,Running,True
1779280522,reviews,v2,Running,True
1779280522,reviews,v2,Running,True
1779280522,reviews,v2,Running,True
1779280522,reviews,v3,Running,True
1779280522,reviews,v3,Running,True
1779280522,reviews,v3,Running,True
1779280523,details,v1,Running,True
1779280523,details,v1,Running,True
1779280523,details,v1,Running,True
1779280523,details,v1,Running,True
1779280523,details,v1,Running,True
1779280523,details,v1,Running,True
1779280523,productpage,v1,Running,True
1779280523,productpage,v1,Running,True
1779280523,productpage,v1,Running,True
1779280523,productpage,v1,Running,True
1779280523,productpage,v1,Running,True
1779280523,productpage,v1,Running,True
1779280523,productpage,v1,Running,True
1779280523,productpage,v1,Running,True
1779280523,productpage,v1,Running,True
1779280523,productpage,v1,Running,True
1779280523,productpage,v1,Running,True
1779280523,productpage,v1,Running,True
1779280523,productpage,v1,Running,True
1779280523,productpage,v1,Running,True
1779280523,productpage,v1,Running,True
1779280523,productpage,v1,Running,True
1779280523,productpage,v1,Running,True
1779280523,productpage,v1,Running,True
1779280523,productpage,v1,Running,True
1779280523,productpage,v1,Running,True
1779280523,ratings,v1,Running,True
1779280523,reviews,v1,Running,True
1779280523,reviews,v2,Running,True
1779280523,reviews,v2,Running,True
1779280523,reviews,v2,Running,True
1779280523,reviews,v3,Running,True
1779280523,reviews,v3,Running,True
1779280523,reviews,v3,Running,True
1779280524,details,v1,Running,True
1779280524,details,v1,Running,True
1779280524,details,v1,Running,True
1779280524,details,v1,Running,True
1779280524,details,v1,Running,True
1779280524,details,v1,Running,True
1779280524,productpage,v1,Running,True
1779280524,productpage,v1,Running,True
1779280524,productpage,v1,Running,True
1779280524,productpage,v1,Running,True
1779280524,productpage,v1,Running,True
1779280524,productpage,v1,Running,True
1779280524,productpage,v1,Running,True
1779280524,productpage,v1,Running,True
1779280524,productpage,v1,Running,True
1779280524,productpage,v1,Running,True
1779280524,productpage,v1,Running,True
1779280524,productpage,v1,Running,True
1779280524,productpage,v1,Running,True
1779280524,productpage,v1,Running,True
1779280524,productpage,v1,Running,True
1779280524,productpage,v1,Running,True
1779280524,productpage,v1,Running,True
1779280524,productpage,v1,Running,True
1779280524,productpage,v1,Running,True
1779280524,productpage,v1,Running,True
1779280524,ratings,v1,Running,True
1779280524,reviews,v1,Running,True
1779280524,reviews,v2,Running,True
1779280524,reviews,v2,Running,True
1779280524,reviews,v2,Running,True
1779280524,reviews,v3,Running,True
1779280524,reviews,v3,Running,True
1779280524,reviews,v3,Running,True
1779280525,details,v1,Running,True
1779280525,details,v1,Running,True
1779280525,details,v1,Running,True
1779280525,details,v1,Running,True
1779280525,details,v1,Running,True
1779280525,details,v1,Running,True
1779280525,productpage,v1,Running,True
1779280525,productpage,v1,Running,True
1779280525,productpage,v1,Running,True
1779280525,productpage,v1,Running,True
1779280525,productpage,v1,Running,True
1779280525,productpage,v1,Running,True
1779280525,productpage,v1,Running,True
1779280525,productpage,v1,Running,True
1779280525,productpage,v1,Running,True
1779280525,productpage,v1,Running,True
1779280525,productpage,v1,Running,True
1779280525,productpage,v1,Running,True
1779280525,productpage,v1,Running,True
1779280525,productpage,v1,Running,True
1779280525,productpage,v1,Running,True
1779280525,productpage,v1,Running,True
1779280525,productpage,v1,Running,True
1779280525,productpage,v1,Running,True
1779280525,productpage,v1,Running,True
1779280525,productpage,v1,Running,True
1779280525,ratings,v1,Running,True
1779280525,reviews,v1,Running,True
1779280525,reviews,v2,Running,True
1779280525,reviews,v2,Running,True
1779280525,reviews,v2,Running,True
1779280525,reviews,v3,Running,True
1779280525,reviews,v3,Running,True
1779280525,reviews,v3,Running,True
1779280526,details,v1,Running,True
1779280526,details,v1,Running,True
1779280526,details,v1,Running,True
1779280526,details,v1,Running,True
1779280526,details,v1,Running,True
1779280526,details,v1,Running,True
1779280526,productpage,v1,Running,True
1779280526,productpage,v1,Running,True
1779280526,productpage,v1,Running,True
1779280526,productpage,v1,Running,True
1779280526,productpage,v1,Running,True
1779280526,productpage,v1,Running,True
1779280526,productpage,v1,Running,True
1779280526,productpage,v1,Running,True
1779280526,productpage,v1,Running,True
1779280526,productpage,v1,Running,True
1779280526,productpage,v1,Running,True
1779280526,productpage,v1,Running,True
1779280526,productpage,v1,Running,True
1779280526,productpage,v1,Running,True
1779280526,productpage,v1,Running,True
1779280526,productpage,v1,Running,True
1779280526,productpage,v1,Running,True
1779280526,productpage,v1,Running,True
1779280526,productpage,v1,Running,True
1779280526,productpage,v1,Running,True
1779280526,ratings,v1,Running,True
1779280526,reviews,v1,Running,True
1779280526,reviews,v2,Running,True
1779280526,reviews,v2,Running,True
1779280526,reviews,v2,Running,True
1779280526,reviews,v3,Running,True
1779280526,reviews,v3,Running,True
1779280526,reviews,v3,Running,True
1779280527,details,v1,Running,True
1779280527,details,v1,Running,True
1779280527,details,v1,Running,True
1779280527,details,v1,Running,True
1779280527,details,v1,Running,True
1779280527,details,v1,Running,True
1779280527,productpage,v1,Running,True
1779280527,productpage,v1,Running,True
1779280527,productpage,v1,Running,True
1779280527,productpage,v1,Running,True
1779280527,productpage,v1,Running,True
1779280527,productpage,v1,Running,True
1779280527,productpage,v1,Running,True
1779280527,productpage,v1,Running,True
1779280527,productpage,v1,Running,True
1779280527,productpage,v1,Running,True
1779280527,productpage,v1,Running,True
1779280527,productpage,v1,Running,True
1779280527,productpage,v1,Running,True
1779280527,productpage,v1,Running,True
1779280527,productpage,v1,Running,True
1779280527,productpage,v1,Running,True
1779280527,productpage,v1,Running,True
1779280527,productpage,v1,Running,True
1779280527,productpage,v1,Running,True
1779280527,productpage,v1,Running,True
1779280527,ratings,v1,Running,True
1779280527,reviews,v1,Running,True
1779280527,reviews,v2,Running,True
1779280527,reviews,v2,Running,True
1779280527,reviews,v2,Running,True
1779280527,reviews,v3,Running,True
1779280527,reviews,v3,Running,True
1779280527,reviews,v3,Running,True
1779280528,details,v1,Running,True
1779280528,details,v1,Running,True
1779280528,details,v1,Running,True
1779280528,details,v1,Running,True
1779280528,details,v1,Running,True
1779280528,details,v1,Running,True
1779280528,productpage,v1,Running,True
1779280528,productpage,v1,Running,True
1779280528,productpage,v1,Running,True
1779280528,productpage,v1,Running,True
1779280528,productpage,v1,Running,True
1779280528,productpage,v1,Running,True
1779280528,productpage,v1,Running,True
1779280528,productpage,v1,Running,True
1779280528,productpage,v1,Running,True
1779280528,productpage,v1,Running,True
1779280528,productpage,v1,Running,True
1779280528,productpage,v1,Running,True
1779280528,productpage,v1,Running,True
1779280528,productpage,v1,Running,True
1779280528,productpage,v1,Running,True
1779280528,productpage,v1,Running,True
1779280528,productpage,v1,Running,True
1779280528,productpage,v1,Running,True
1779280528,productpage,v1,Running,True
1779280528,productpage,v1,Running,True
1779280528,ratings,v1,Running,True
1779280528,reviews,v1,Running,True
1779280528,reviews,v2,Running,True
1779280528,reviews,v2,Running,True
1779280528,reviews,v2,Running,True
1779280528,reviews,v3,Running,True
1779280528,reviews,v3,Running,True
1779280528,reviews,v3,Running,True
1779280529,details,v1,Running,True
1779280529,details,v1,Running,True
1779280529,details,v1,Running,True
1779280529,details,v1,Running,True
1779280529,details,v1,Running,True
1779280529,details,v1,Running,True
1779280529,productpage,v1,Running,True
1779280529,productpage,v1,Running,True
1779280529,productpage,v1,Running,True
1779280529,productpage,v1,Running,True
1779280529,productpage,v1,Running,True
1779280529,productpage,v1,Running,True
1779280529,productpage,v1,Running,True
1779280529,productpage,v1,Running,True
1779280529,productpage,v1,Running,True
1779280529,productpage,v1,Running,True
1779280529,productpage,v1,Running,True
1779280529,productpage,v1,Running,True
1779280529,productpage,v1,Running,True
1779280529,productpage,v1,Running,True
1779280529,productpage,v1,Running,True
1779280529,productpage,v1,Running,True
1779280529,productpage,v1,Running,True
1779280529,productpage,v1,Running,True
1779280529,productpage,v1,Running,True
1779280529,productpage,v1,Running,True
1779280529,ratings,v1,Running,True
1779280529,reviews,v1,Running,True
1779280529,reviews,v2,Running,True
1779280529,reviews,v2,Running,True
1779280529,reviews,v2,Running,True
1779280529,reviews,v3,Running,True
1779280529,reviews,v3,Running,True
1779280529,reviews,v3,Running,True
1779280530,details,v1,Running,True
1779280530,details,v1,Running,True
1779280530,details,v1,Running,True
1779280530,details,v1,Running,True
1779280530,details,v1,Running,True
1779280530,details,v1,Running,True
1779280530,productpage,v1,Running,True
1779280530,productpage,v1,Running,True
1779280530,productpage,v1,Running,True
1779280530,productpage,v1,Running,True
1779280530,productpage,v1,Running,True
1779280530,productpage,v1,Running,True
1779280530,productpage,v1,Running,True
1779280530,productpage,v1,Running,True
1779280530,productpage,v1,Running,True
1779280530,productpage,v1,Running,True
1779280530,productpage,v1,Running,True
1779280530,productpage,v1,Running,True
1779280530,productpage,v1,Running,True
1779280530,productpage,v1,Running,True
1779280530,productpage,v1,Running,True
1779280530,productpage,v1,Running,True
1779280530,productpage,v1,Running,True
1779280530,productpage,v1,Running,True
1779280530,productpage,v1,Running,True
1779280530,productpage,v1,Running,True
1779280530,ratings,v1,Running,True
1779280530,reviews,v1,Running,True
1779280530,reviews,v2,Running,True
1779280530,reviews,v2,Running,True
1779280530,reviews,v2,Running,True
1779280530,reviews,v3,Running,True
1779280530,reviews,v3,Running,True
1779280530,reviews,v3,Running,True
1779280531,details,v1,Running,True
1779280531,details,v1,Running,True
1779280531,details,v1,Running,True
1779280531,details,v1,Running,True
1779280531,details,v1,Running,True
1779280531,details,v1,Running,True
1779280531,productpage,v1,Running,True
1779280531,productpage,v1,Running,True
1779280531,productpage,v1,Running,True
1779280531,productpage,v1,Running,True
1779280531,productpage,v1,Running,True
1779280531,productpage,v1,Running,True
1779280531,productpage,v1,Running,True
1779280531,productpage,v1,Running,True
1779280531,productpage,v1,Running,True
1779280531,productpage,v1,Running,True
1779280531,productpage,v1,Running,True
1779280531,productpage,v1,Running,True
1779280531,productpage,v1,Running,True
1779280531,productpage,v1,Running,True
1779280531,productpage,v1,Running,True
1779280531,productpage,v1,Running,True
1779280531,productpage,v1,Running,True
1779280531,productpage,v1,Running,True
1779280531,productpage,v1,Running,True
1779280531,productpage,v1,Running,True
1779280531,ratings,v1,Running,True
1779280531,reviews,v1,Running,True
1779280531,reviews,v2,Running,True
1779280531,reviews,v2,Running,True
1779280531,reviews,v2,Running,True
1779280531,reviews,v3,Running,True
1779280531,reviews,v3,Running,True
1779280531,reviews,v3,Running,True
1779280532,details,v1,Running,True
1779280532,details,v1,Running,True
1779280532,details,v1,Running,True
1779280532,details,v1,Running,True
1779280532,details,v1,Running,True
1779280532,details,v1,Running,True
1779280532,productpage,v1,Running,True
1779280532,productpage,v1,Running,True
1779280532,productpage,v1,Running,True
1779280532,productpage,v1,Running,True
1779280532,productpage,v1,Running,True
1779280532,productpage,v1,Running,True
1779280532,productpage,v1,Running,True
1779280532,productpage,v1,Running,True
1779280532,productpage,v1,Running,True
1779280532,productpage,v1,Running,True
1779280532,productpage,v1,Running,True
1779280532,productpage,v1,Running,True
1779280532,productpage,v1,Running,True
1779280532,productpage,v1,Running,True
1779280532,productpage,v1,Running,True
1779280532,productpage,v1,Running,True
1779280532,productpage,v1,Running,True
1779280532,productpage,v1,Running,True
1779280532,productpage,v1,Running,True
1779280532,productpage,v1,Running,True
1779280532,ratings,v1,Running,True
1779280532,reviews,v1,Running,True
1779280532,reviews,v2,Running,True
1779280532,reviews,v2,Running,True
1779280532,reviews,v2,Running,True
1779280532,reviews,v3,Running,True
1779280532,reviews,v3,Running,True
1779280532,reviews,v3,Running,True
1779280533,details,v1,Running,True
1779280533,details,v1,Running,True
1779280533,details,v1,Running,True
1779280533,details,v1,Running,True
1779280533,details,v1,Running,True
1779280533,details,v1,Running,True
1779280533,productpage,v1,Running,True
1779280533,productpage,v1,Running,True
1779280533,productpage,v1,Running,True
1779280533,productpage,v1,Running,True
1779280533,productpage,v1,Running,True
1779280533,productpage,v1,Running,True
1779280533,productpage,v1,Running,True
1779280533,productpage,v1,Running,True
1779280533,productpage,v1,Running,True
1779280533,productpage,v1,Running,True
1779280533,productpage,v1,Running,True
1779280533,productpage,v1,Running,True
1779280533,productpage,v1,Running,True
1779280533,productpage,v1,Running,True
1779280533,productpage,v1,Running,True
1779280533,productpage,v1,Running,True
1779280533,productpage,v1,Running,True
1779280533,productpage,v1,Running,True
1779280533,productpage,v1,Running,True
1779280533,productpage,v1,Running,True
1779280533,ratings,v1,Running,True
1779280533,reviews,v1,Running,True
1779280533,reviews,v2,Running,True
1779280533,reviews,v2,Running,True
1779280533,reviews,v2,Running,True
1779280533,reviews,v3,Running,True
1779280533,reviews,v3,Running,True
1779280533,reviews,v3,Running,True
1779280534,details,v1,Running,True
1779280534,details,v1,Running,True
1779280534,details,v1,Running,True
1779280534,details,v1,Running,True
1779280534,details,v1,Running,True
1779280534,details,v1,Running,True
1779280534,productpage,v1,Running,True
1779280534,productpage,v1,Running,True
1779280534,productpage,v1,Running,True
1779280534,productpage,v1,Running,True
1779280534,productpage,v1,Running,True
1779280534,productpage,v1,Running,True
1779280534,productpage,v1,Running,True
1779280534,productpage,v1,Running,True
1779280534,productpage,v1,Running,True
1779280534,productpage,v1,Running,True
1779280534,productpage,v1,Running,True
1779280534,productpage,v1,Running,True
1779280534,productpage,v1,Running,True
1779280534,productpage,v1,Running,True
1779280534,productpage,v1,Running,True
1779280534,productpage,v1,Running,True
1779280534,productpage,v1,Running,True
1779280534,productpage,v1,Running,True
1779280534,productpage,v1,Running,True
1779280534,productpage,v1,Running,True
1779280534,ratings,v1,Running,True
1779280534,reviews,v1,Running,True
1779280534,reviews,v2,Running,True
1779280534,reviews,v2,Running,True
1779280534,reviews,v2,Running,True
1779280534,reviews,v3,Running,True
1779280534,reviews,v3,Running,True
1779280534,reviews,v3,Running,True
1779280535,details,v1,Running,True
1779280535,details,v1,Running,True
1779280535,details,v1,Running,True
1779280535,details,v1,Running,True
1779280535,details,v1,Running,True
1779280535,details,v1,Running,True
1779280535,productpage,v1,Running,True
1779280535,productpage,v1,Running,True
1779280535,productpage,v1,Running,True
1779280535,productpage,v1,Running,True
1779280535,productpage,v1,Running,True
1779280535,productpage,v1,Running,True
1779280535,productpage,v1,Running,True
1779280535,productpage,v1,Running,True
1779280535,productpage,v1,Running,True
1779280535,productpage,v1,Running,True
1779280535,productpage,v1,Running,True
1779280535,productpage,v1,Running,True
1779280535,productpage,v1,Running,True
1779280535,productpage,v1,Running,True
1779280535,productpage,v1,Running,True
1779280535,productpage,v1,Running,True
1779280535,productpage,v1,Running,True
1779280535,productpage,v1,Running,True
1779280535,productpage,v1,Running,True
1779280535,productpage,v1,Running,True
1779280535,ratings,v1,Running,True
1779280535,reviews,v1,Running,True
1779280535,reviews,v2,Running,True
1779280535,reviews,v2,Running,True
1779280535,reviews,v2,Running,True
1779280535,reviews,v3,Running,True
1779280535,reviews,v3,Running,True
1779280535,reviews,v3,Running,True
1779280536,details,v1,Running,True
1779280536,details,v1,Running,True
1779280536,details,v1,Running,True
1779280536,details,v1,Running,True
1779280536,details,v1,Running,True
1779280536,details,v1,Running,True
1779280536,productpage,v1,Running,True
1779280536,productpage,v1,Running,True
1779280536,productpage,v1,Running,True
1779280536,productpage,v1,Running,True
1779280536,productpage,v1,Running,True
1779280536,productpage,v1,Running,True
1779280536,productpage,v1,Running,True
1779280536,productpage,v1,Running,True
1779280536,productpage,v1,Running,True
1779280536,productpage,v1,Running,True
1779280536,productpage,v1,Running,True
1779280536,productpage,v1,Running,True
1779280536,productpage,v1,Running,True
1779280536,productpage,v1,Running,True
1779280536,productpage,v1,Running,True
1779280536,productpage,v1,Running,True
1779280536,productpage,v1,Running,True
1779280536,productpage,v1,Running,True
1779280536,productpage,v1,Running,True
1779280536,productpage,v1,Running,True
1779280536,ratings,v1,Running,True
1779280536,reviews,v1,Running,True
1779280536,reviews,v2,Running,True
1779280536,reviews,v2,Running,True
1779280536,reviews,v2,Running,True
1779280536,reviews,v3,Running,True
1779280536,reviews,v3,Running,True
1779280536,reviews,v3,Running,True
1779280537,details,v1,Running,True
1779280537,details,v1,Running,True
1779280537,details,v1,Running,True
1779280537,details,v1,Running,True
1779280537,details,v1,Running,True
1779280537,details,v1,Running,True
1779280537,productpage,v1,Running,True
1779280537,productpage,v1,Running,True
1779280537,productpage,v1,Running,True
1779280537,productpage,v1,Running,True
1779280537,productpage,v1,Running,True
1779280537,productpage,v1,Running,True
1779280537,productpage,v1,Running,True
1779280537,productpage,v1,Running,True
1779280537,productpage,v1,Running,True
1779280537,productpage,v1,Running,True
1779280537,productpage,v1,Running,True
1779280537,productpage,v1,Running,True
1779280537,productpage,v1,Running,True
1779280537,productpage,v1,Running,True
1779280537,productpage,v1,Running,True
1779280537,productpage,v1,Running,True
1779280537,productpage,v1,Running,True
1779280537,productpage,v1,Running,True
1779280537,productpage,v1,Running,True
1779280537,productpage,v1,Running,True
1779280537,ratings,v1,Running,True
1779280537,reviews,v1,Running,True
1779280537,reviews,v2,Running,True
1779280537,reviews,v2,Running,True
1779280537,reviews,v2,Running,True
1779280537,reviews,v3,Running,True
1779280537,reviews,v3,Running,True
1779280537,reviews,v3,Running,True
1779280538,details,v1,Running,True
1779280538,details,v1,Running,True
1779280538,details,v1,Running,True
1779280538,details,v1,Running,True
1779280538,details,v1,Running,True
1779280538,details,v1,Running,True
1779280538,productpage,v1,Running,True
1779280538,productpage,v1,Running,True
1779280538,productpage,v1,Running,True
1779280538,productpage,v1,Running,True
1779280538,productpage,v1,Running,True
1779280538,productpage,v1,Running,True
1779280538,productpage,v1,Running,True
1779280538,productpage,v1,Running,True
1779280538,productpage,v1,Running,True
1779280538,productpage,v1,Running,True
1779280538,productpage,v1,Running,True
1779280538,productpage,v1,Running,True
1779280538,productpage,v1,Running,True
1779280538,productpage,v1,Running,True
1779280538,productpage,v1,Running,True
1779280538,productpage,v1,Running,True
1779280538,productpage,v1,Running,True
1779280538,productpage,v1,Running,True
1779280538,productpage,v1,Running,True
1779280538,productpage,v1,Running,True
1779280538,ratings,v1,Running,True
1779280538,reviews,v1,Running,True
1779280538,reviews,v2,Running,True
1779280538,reviews,v2,Running,True
1779280538,reviews,v2,Running,True
1779280538,reviews,v3,Running,True
1779280538,reviews,v3,Running,True
1779280538,reviews,v3,Running,True
