timestamp,app,version,phase,ready
1778738074,details,v1,Running,True
1778738074,details,v1,Running,True
1778738074,details,v1,Running,True
1778738074,details,v1,Running,True
1778738074,productpage,v1,Running,True
1778738074,productpage,v1,Running,True
1778738074,productpage,v1,Running,True
1778738074,productpage,v1,Running,True
1778738074,productpage,v1,Running,True
1778738074,productpage,v1,Running,True
1778738074,productpage,v1,Running,True
1778738074,productpage,v1,Running,True
1778738074,productpage,v1,Running,True
1778738074,productpage,v1,Running,True
1778738074,productpage,v1,Running,True
1778738074,productpage,v1,Running,True
1778738074,productpage,v1,Running,True
1778738074,productpage,v1,Running,True
1778738074,productpage,v1,Running,True
1778738074,ratings,v1,Running,True
1778738074,reviews,v3,Running,True
1778738074,reviews,v3,Running,True
1778738074,reviews,v3,Running,True
1778738074,reviews,v3,Running,True
1778738074,reviews,v3,Running,True
1778738074,reviews,v3,Running,True
1778738074,reviews,v3,Running,True
1778738074,reviews,v3,Running,True
1778738074,reviews,v3,Running,True
1778738075,details,v1,Running,True
1778738075,details,v1,Running,True
1778738075,details,v1,Running,True
1778738075,details,v1,Running,True
1778738075,productpage,v1,Running,True
1778738075,productpage,v1,Running,True
1778738075,productpage,v1,Running,True
1778738075,productpage,v1,Running,True
1778738075,productpage,v1,Running,True
1778738075,productpage,v1,Running,True
1778738075,productpage,v1,Running,True
1778738075,productpage,v1,Running,True
1778738075,productpage,v1,Running,True
1778738075,productpage,v1,Running,True
1778738075,productpage,v1,Running,True
1778738075,productpage,v1,Running,True
1778738075,productpage,v1,Running,True
1778738075,productpage,v1,Running,True
1778738075,productpage,v1,Running,True
1778738075,ratings,v1,Running,True
1778738075,reviews,v3,Running,True
1778738075,reviews,v3,Running,True
1778738075,reviews,v3,Running,True
1778738075,reviews,v3,Running,True
1778738075,reviews,v3,Running,True
1778738075,reviews,v3,Running,True
1778738075,reviews,v3,Running,True
1778738075,reviews,v3,Running,True
1778738075,reviews,v3,Running,True
1778738076,details,v1,Running,True
1778738076,details,v1,Running,True
1778738076,details,v1,Running,True
1778738076,details,v1,Running,True
1778738076,productpage,v1,Running,True
1778738076,productpage,v1,Running,True
1778738076,productpage,v1,Running,True
1778738076,productpage,v1,Running,True
1778738076,productpage,v1,Running,True
1778738076,productpage,v1,Running,True
1778738076,productpage,v1,Running,True
1778738076,productpage,v1,Running,True
1778738076,productpage,v1,Running,True
1778738076,productpage,v1,Running,True
1778738076,productpage,v1,Running,True
1778738076,productpage,v1,Running,True
1778738076,productpage,v1,Running,True
1778738076,productpage,v1,Running,True
1778738076,productpage,v1,Running,True
1778738076,ratings,v1,Running,True
1778738076,reviews,v3,Running,True
1778738076,reviews,v3,Running,True
1778738076,reviews,v3,Running,True
1778738076,reviews,v3,Running,True
1778738076,reviews,v3,Running,True
1778738076,reviews,v3,Running,True
1778738076,reviews,v3,Running,True
1778738076,reviews,v3,Running,True
1778738076,reviews,v3,Running,True
1778738077,details,v1,Running,True
1778738077,details,v1,Running,True
1778738077,details,v1,Running,True
1778738077,details,v1,Running,True
1778738077,productpage,v1,Running,True
1778738077,productpage,v1,Running,True
1778738077,productpage,v1,Running,True
1778738077,productpage,v1,Running,True
1778738077,productpage,v1,Running,True
1778738077,productpage,v1,Running,True
1778738077,productpage,v1,Running,True
1778738077,productpage,v1,Running,True
1778738077,productpage,v1,Running,True
1778738077,productpage,v1,Running,True
1778738077,productpage,v1,Running,True
1778738077,productpage,v1,Running,True
1778738077,productpage,v1,Running,True
1778738077,productpage,v1,Running,True
1778738077,productpage,v1,Running,True
1778738077,ratings,v1,Running,True
1778738077,reviews,v3,Running,True
1778738077,reviews,v3,Running,True
1778738077,reviews,v3,Running,True
1778738077,reviews,v3,Running,True
1778738077,reviews,v3,Running,True
1778738077,reviews,v3,Running,True
1778738077,reviews,v3,Running,True
1778738077,reviews,v3,Running,True
1778738077,reviews,v3,Running,True
1778738078,details,v1,Running,True
1778738078,details,v1,Running,True
1778738078,details,v1,Running,True
1778738078,details,v1,Running,True
1778738078,productpage,v1,Running,True
1778738078,productpage,v1,Running,True
1778738078,productpage,v1,Running,True
1778738078,productpage,v1,Running,True
1778738078,productpage,v1,Running,True
1778738078,productpage,v1,Running,True
1778738078,productpage,v1,Running,True
1778738078,productpage,v1,Running,True
1778738078,productpage,v1,Running,True
1778738078,productpage,v1,Running,True
1778738078,productpage,v1,Running,True
1778738078,productpage,v1,Running,True
1778738078,productpage,v1,Running,True
1778738078,productpage,v1,Running,True
1778738078,productpage,v1,Running,True
1778738078,ratings,v1,Running,True
1778738078,reviews,v3,Running,True
1778738078,reviews,v3,Running,True
1778738078,reviews,v3,Running,True
1778738078,reviews,v3,Running,True
1778738078,reviews,v3,Running,True
1778738078,reviews,v3,Running,True
1778738078,reviews,v3,Running,True
1778738078,reviews,v3,Running,True
1778738078,reviews,v3,Running,True
1778738079,details,v1,Running,True
1778738079,details,v1,Running,True
1778738079,details,v1,Running,True
1778738079,details,v1,Running,True
1778738079,productpage,v1,Running,True
1778738079,productpage,v1,Running,True
1778738079,productpage,v1,Running,True
1778738079,productpage,v1,Running,True
1778738079,productpage,v1,Running,True
1778738079,productpage,v1,Running,True
1778738079,productpage,v1,Running,True
1778738079,productpage,v1,Running,True
1778738079,productpage,v1,Running,True
1778738079,productpage,v1,Running,True
1778738079,productpage,v1,Running,True
1778738079,productpage,v1,Running,True
1778738079,productpage,v1,Running,True
1778738079,productpage,v1,Running,True
1778738079,productpage,v1,Running,True
1778738079,ratings,v1,Running,True
1778738079,reviews,v3,Running,True
1778738079,reviews,v3,Running,True
1778738079,reviews,v3,Running,True
1778738079,reviews,v3,Running,True
1778738079,reviews,v3,Running,True
1778738079,reviews,v3,Running,True
1778738079,reviews,v3,Running,True
1778738079,reviews,v3,Running,True
1778738079,reviews,v3,Running,True
1778738080,details,v1,Running,True
1778738080,details,v1,Running,True
1778738080,details,v1,Running,True
1778738080,details,v1,Running,True
1778738080,productpage,v1,Running,True
1778738080,productpage,v1,Running,True
1778738080,productpage,v1,Running,True
1778738080,productpage,v1,Running,True
1778738080,productpage,v1,Running,True
1778738080,productpage,v1,Running,True
1778738080,productpage,v1,Running,True
1778738080,productpage,v1,Running,True
1778738080,productpage,v1,Running,True
1778738080,productpage,v1,Running,True
1778738080,productpage,v1,Running,True
1778738080,productpage,v1,Running,True
1778738080,productpage,v1,Running,True
1778738080,productpage,v1,Running,True
1778738080,productpage,v1,Running,True
1778738080,ratings,v1,Running,True
1778738080,reviews,v3,Running,True
1778738080,reviews,v3,Running,True
1778738080,reviews,v3,Running,True
1778738080,reviews,v3,Running,True
1778738080,reviews,v3,Running,True
1778738080,reviews,v3,Running,True
1778738080,reviews,v3,Running,True
1778738080,reviews,v3,Running,True
1778738080,reviews,v3,Running,True
1778738081,details,v1,Running,True
1778738081,details,v1,Running,True
1778738081,details,v1,Running,True
1778738081,details,v1,Running,True
1778738081,productpage,v1,Running,True
1778738081,productpage,v1,Running,True
1778738081,productpage,v1,Running,True
1778738081,productpage,v1,Running,True
1778738081,productpage,v1,Running,True
1778738081,productpage,v1,Running,True
1778738081,productpage,v1,Running,True
1778738081,productpage,v1,Running,True
1778738081,productpage,v1,Running,True
1778738081,productpage,v1,Running,True
1778738081,productpage,v1,Running,True
1778738081,productpage,v1,Running,True
1778738081,productpage,v1,Running,True
1778738081,productpage,v1,Running,True
1778738081,productpage,v1,Running,True
1778738081,ratings,v1,Running,True
1778738081,reviews,v3,Running,True
1778738081,reviews,v3,Running,True
1778738081,reviews,v3,Running,True
1778738081,reviews,v3,Running,True
1778738081,reviews,v3,Running,True
1778738081,reviews,v3,Running,True
1778738081,reviews,v3,Running,True
1778738081,reviews,v3,Running,True
1778738081,reviews,v3,Running,True
1778738082,details,v1,Running,True
1778738082,details,v1,Running,True
1778738082,details,v1,Running,True
1778738082,details,v1,Running,True
1778738082,productpage,v1,Running,True
1778738082,productpage,v1,Running,True
1778738082,productpage,v1,Running,True
1778738082,productpage,v1,Running,True
1778738082,productpage,v1,Running,True
1778738082,productpage,v1,Running,True
1778738082,productpage,v1,Running,True
1778738082,productpage,v1,Running,True
1778738082,productpage,v1,Running,True
1778738082,productpage,v1,Running,True
1778738082,productpage,v1,Running,True
1778738082,productpage,v1,Running,True
1778738082,productpage,v1,Running,True
1778738082,productpage,v1,Running,True
1778738082,productpage,v1,Running,True
1778738082,ratings,v1,Running,True
1778738082,reviews,v3,Running,True
1778738082,reviews,v3,Running,True
1778738082,reviews,v3,Running,True
1778738082,reviews,v3,Running,True
1778738082,reviews,v3,Running,True
1778738082,reviews,v3,Running,True
1778738082,reviews,v3,Running,True
1778738082,reviews,v3,Running,True
1778738082,reviews,v3,Running,True
1778738083,details,v1,Running,True
1778738083,details,v1,Running,True
1778738083,details,v1,Running,True
1778738083,details,v1,Running,True
1778738083,productpage,v1,Running,True
1778738083,productpage,v1,Running,True
1778738083,productpage,v1,Running,True
1778738083,productpage,v1,Running,True
1778738083,productpage,v1,Running,True
1778738083,productpage,v1,Running,True
1778738083,productpage,v1,Running,True
1778738083,productpage,v1,Running,True
1778738083,productpage,v1,Running,True
1778738083,productpage,v1,Running,True
1778738083,productpage,v1,Running,True
1778738083,productpage,v1,Running,True
1778738083,productpage,v1,Running,True
1778738083,productpage,v1,Running,True
1778738083,productpage,v1,Running,True
1778738083,ratings,v1,Running,True
1778738083,reviews,v3,Running,True
1778738083,reviews,v3,Running,True
1778738083,reviews,v3,Running,True
1778738083,reviews,v3,Running,True
1778738083,reviews,v3,Running,True
1778738083,reviews,v3,Running,True
1778738083,reviews,v3,Running,True
1778738083,reviews,v3,Running,True
1778738083,reviews,v3,Running,True
1778738084,details,v1,Running,True
1778738084,details,v1,Running,True
1778738084,details,v1,Running,True
1778738084,details,v1,Running,True
1778738084,productpage,v1,Running,True
1778738084,productpage,v1,Running,True
1778738084,productpage,v1,Running,True
1778738084,productpage,v1,Running,True
1778738084,productpage,v1,Running,True
1778738084,productpage,v1,Running,True
1778738084,productpage,v1,Running,True
1778738084,productpage,v1,Running,True
1778738084,productpage,v1,Running,True
1778738084,productpage,v1,Running,True
1778738084,productpage,v1,Running,True
1778738084,productpage,v1,Running,True
1778738084,productpage,v1,Running,True
1778738084,productpage,v1,Running,True
1778738084,productpage,v1,Running,True
1778738084,ratings,v1,Running,True
1778738084,reviews,v3,Running,True
1778738084,reviews,v3,Running,True
1778738084,reviews,v3,Running,True
1778738084,reviews,v3,Running,True
1778738084,reviews,v3,Running,True
1778738084,reviews,v3,Running,True
1778738084,reviews,v3,Running,True
1778738084,reviews,v3,Running,True
1778738084,reviews,v3,Running,True
1778738085,details,v1,Running,True
1778738085,details,v1,Running,True
1778738085,details,v1,Running,True
1778738085,details,v1,Running,True
1778738085,productpage,v1,Running,True
1778738085,productpage,v1,Running,True
1778738085,productpage,v1,Running,True
1778738085,productpage,v1,Running,True
1778738085,productpage,v1,Running,True
1778738085,productpage,v1,Running,True
1778738085,productpage,v1,Running,True
1778738085,productpage,v1,Running,True
1778738085,productpage,v1,Running,True
1778738085,productpage,v1,Running,True
1778738085,productpage,v1,Running,True
1778738085,productpage,v1,Running,True
1778738085,productpage,v1,Running,True
1778738085,productpage,v1,Running,True
1778738085,productpage,v1,Running,True
1778738085,ratings,v1,Running,True
1778738085,reviews,v3,Running,True
1778738085,reviews,v3,Running,True
1778738085,reviews,v3,Running,True
1778738085,reviews,v3,Running,True
1778738085,reviews,v3,Running,True
1778738085,reviews,v3,Running,True
1778738085,reviews,v3,Running,True
1778738085,reviews,v3,Running,True
1778738085,reviews,v3,Running,True
1778738086,details,v1,Running,True
1778738086,details,v1,Running,True
1778738086,details,v1,Running,True
1778738086,details,v1,Running,True
1778738086,productpage,v1,Running,True
1778738086,productpage,v1,Running,True
1778738086,productpage,v1,Running,True
1778738086,productpage,v1,Running,True
1778738086,productpage,v1,Running,True
1778738086,productpage,v1,Running,True
1778738086,productpage,v1,Running,True
1778738086,productpage,v1,Running,True
1778738086,productpage,v1,Running,True
1778738086,productpage,v1,Running,True
1778738086,productpage,v1,Running,True
1778738086,productpage,v1,Running,True
1778738086,productpage,v1,Running,True
1778738086,productpage,v1,Running,True
1778738086,productpage,v1,Running,True
1778738086,ratings,v1,Running,True
1778738086,reviews,v3,Running,True
1778738086,reviews,v3,Running,True
1778738086,reviews,v3,Running,True
1778738086,reviews,v3,Running,True
1778738086,reviews,v3,Running,True
1778738086,reviews,v3,Running,True
1778738086,reviews,v3,Running,True
1778738086,reviews,v3,Running,True
1778738086,reviews,v3,Running,True
1778738087,details,v1,Running,True
1778738087,details,v1,Running,True
1778738087,details,v1,Running,True
1778738087,details,v1,Running,True
1778738087,productpage,v1,Running,True
1778738087,productpage,v1,Running,True
1778738087,productpage,v1,Running,True
1778738087,productpage,v1,Running,True
1778738087,productpage,v1,Running,True
1778738087,productpage,v1,Running,True
1778738087,productpage,v1,Running,True
1778738087,productpage,v1,Running,True
1778738087,productpage,v1,Running,True
1778738087,productpage,v1,Running,True
1778738087,productpage,v1,Running,True
1778738087,productpage,v1,Running,True
1778738087,productpage,v1,Running,True
1778738087,productpage,v1,Running,True
1778738087,productpage,v1,Running,True
1778738087,ratings,v1,Running,True
1778738087,reviews,v3,Running,True
1778738087,reviews,v3,Running,True
1778738087,reviews,v3,Running,True
1778738087,reviews,v3,Running,True
1778738087,reviews,v3,Running,True
1778738087,reviews,v3,Running,True
1778738087,reviews,v3,Running,True
1778738087,reviews,v3,Running,True
1778738087,reviews,v3,Running,True
1778738088,details,v1,Running,True
1778738088,details,v1,Running,True
1778738088,details,v1,Running,True
1778738088,details,v1,Running,True
1778738088,productpage,v1,Running,True
1778738088,productpage,v1,Running,True
1778738088,productpage,v1,Running,True
1778738088,productpage,v1,Running,True
1778738088,productpage,v1,Running,True
1778738088,productpage,v1,Running,True
1778738088,productpage,v1,Running,True
1778738088,productpage,v1,Running,True
1778738088,productpage,v1,Running,True
1778738088,productpage,v1,Running,True
1778738088,productpage,v1,Running,True
1778738088,productpage,v1,Running,True
1778738088,productpage,v1,Running,True
1778738088,productpage,v1,Running,True
1778738088,productpage,v1,Running,True
1778738088,ratings,v1,Running,True
1778738088,reviews,v3,Running,True
1778738088,reviews,v3,Running,True
1778738088,reviews,v3,Running,True
1778738088,reviews,v3,Running,True
1778738088,reviews,v3,Running,True
1778738088,reviews,v3,Running,True
1778738088,reviews,v3,Running,True
1778738088,reviews,v3,Running,True
1778738088,reviews,v3,Running,True
1778738089,details,v1,Running,True
1778738089,details,v1,Running,True
1778738089,details,v1,Running,True
1778738089,details,v1,Running,True
1778738089,productpage,v1,Running,True
1778738089,productpage,v1,Running,True
1778738089,productpage,v1,Running,True
1778738089,productpage,v1,Running,True
1778738089,productpage,v1,Running,True
1778738089,productpage,v1,Running,True
1778738089,productpage,v1,Running,True
1778738089,productpage,v1,Running,True
1778738089,productpage,v1,Running,True
1778738089,productpage,v1,Running,True
1778738089,productpage,v1,Running,True
1778738089,productpage,v1,Running,True
1778738089,productpage,v1,Running,True
1778738089,productpage,v1,Running,True
1778738089,productpage,v1,Running,True
1778738089,ratings,v1,Running,True
1778738089,reviews,v3,Running,True
1778738089,reviews,v3,Running,True
1778738089,reviews,v3,Running,True
1778738089,reviews,v3,Running,True
1778738089,reviews,v3,Running,True
1778738089,reviews,v3,Running,True
1778738089,reviews,v3,Running,True
1778738089,reviews,v3,Running,True
1778738089,reviews,v3,Running,True
1778738090,details,v1,Running,True
1778738090,details,v1,Running,True
1778738090,details,v1,Running,True
1778738090,details,v1,Running,True
1778738090,productpage,v1,Running,True
1778738090,productpage,v1,Running,True
1778738090,productpage,v1,Running,True
1778738090,productpage,v1,Running,True
1778738090,productpage,v1,Running,True
1778738090,productpage,v1,Running,True
1778738090,productpage,v1,Running,True
1778738090,productpage,v1,Running,True
1778738090,productpage,v1,Running,True
1778738090,productpage,v1,Running,True
1778738090,productpage,v1,Running,True
1778738090,productpage,v1,Running,True
1778738090,productpage,v1,Running,True
1778738090,productpage,v1,Running,True
1778738090,productpage,v1,Running,True
1778738090,ratings,v1,Running,True
1778738090,reviews,v3,Running,True
1778738090,reviews,v3,Running,True
1778738090,reviews,v3,Running,True
1778738090,reviews,v3,Running,True
1778738090,reviews,v3,Running,True
1778738090,reviews,v3,Running,True
1778738090,reviews,v3,Running,True
1778738090,reviews,v3,Running,True
1778738090,reviews,v3,Running,True
1778738091,details,v1,Running,True
1778738091,details,v1,Running,True
1778738091,details,v1,Running,True
1778738091,details,v1,Running,True
1778738091,productpage,v1,Running,True
1778738091,productpage,v1,Running,True
1778738091,productpage,v1,Running,True
1778738091,productpage,v1,Running,True
1778738091,productpage,v1,Running,True
1778738091,productpage,v1,Running,True
1778738091,productpage,v1,Running,True
1778738091,productpage,v1,Running,True
1778738091,productpage,v1,Running,True
1778738091,productpage,v1,Running,True
1778738091,productpage,v1,Running,True
1778738091,productpage,v1,Running,True
1778738091,productpage,v1,Running,True
1778738091,productpage,v1,Running,True
1778738091,productpage,v1,Running,True
1778738091,ratings,v1,Running,True
1778738091,reviews,v3,Running,True
1778738091,reviews,v3,Running,True
1778738091,reviews,v3,Running,True
1778738091,reviews,v3,Running,True
1778738091,reviews,v3,Running,True
1778738091,reviews,v3,Running,True
1778738091,reviews,v3,Running,True
1778738091,reviews,v3,Running,True
1778738091,reviews,v3,Running,True
1778738092,details,v1,Running,True
1778738092,details,v1,Running,True
1778738092,details,v1,Running,True
1778738092,details,v1,Running,True
1778738092,productpage,v1,Running,True
1778738092,productpage,v1,Running,True
1778738092,productpage,v1,Running,True
1778738092,productpage,v1,Running,True
1778738092,productpage,v1,Running,True
1778738092,productpage,v1,Running,True
1778738092,productpage,v1,Running,True
1778738092,productpage,v1,Running,True
1778738092,productpage,v1,Running,True
1778738092,productpage,v1,Running,True
1778738092,productpage,v1,Running,True
1778738092,productpage,v1,Running,True
1778738092,productpage,v1,Running,True
1778738092,productpage,v1,Running,True
1778738092,productpage,v1,Running,True
1778738092,ratings,v1,Running,True
1778738092,reviews,v3,Running,True
1778738092,reviews,v3,Running,True
1778738092,reviews,v3,Running,True
1778738092,reviews,v3,Running,True
1778738092,reviews,v3,Running,True
1778738092,reviews,v3,Running,True
1778738092,reviews,v3,Running,True
1778738092,reviews,v3,Running,True
1778738092,reviews,v3,Running,True
1778738093,details,v1,Running,True
1778738093,details,v1,Running,True
1778738093,details,v1,Running,True
1778738093,details,v1,Running,True
1778738093,productpage,v1,Running,True
1778738093,productpage,v1,Running,True
1778738093,productpage,v1,Running,True
1778738093,productpage,v1,Running,True
1778738093,productpage,v1,Running,True
1778738093,productpage,v1,Running,True
1778738093,productpage,v1,Running,True
1778738093,productpage,v1,Running,True
1778738093,productpage,v1,Running,True
1778738093,productpage,v1,Running,True
1778738093,productpage,v1,Running,True
1778738093,productpage,v1,Running,True
1778738093,productpage,v1,Running,True
1778738093,productpage,v1,Running,True
1778738093,productpage,v1,Running,True
1778738093,ratings,v1,Running,True
1778738093,reviews,v3,Running,True
1778738093,reviews,v3,Running,True
1778738093,reviews,v3,Running,True
1778738093,reviews,v3,Running,True
1778738093,reviews,v3,Running,True
1778738093,reviews,v3,Running,True
1778738093,reviews,v3,Running,True
1778738093,reviews,v3,Running,True
1778738093,reviews,v3,Running,True
1778738094,details,v1,Running,True
1778738094,details,v1,Running,True
1778738094,details,v1,Running,True
1778738094,details,v1,Running,True
1778738094,productpage,v1,Running,True
1778738094,productpage,v1,Running,True
1778738094,productpage,v1,Running,True
1778738094,productpage,v1,Running,True
1778738094,productpage,v1,Running,True
1778738094,productpage,v1,Running,True
1778738094,productpage,v1,Running,True
1778738094,productpage,v1,Running,True
1778738094,productpage,v1,Running,True
1778738094,productpage,v1,Running,True
1778738094,productpage,v1,Running,True
1778738094,productpage,v1,Running,True
1778738094,productpage,v1,Running,True
1778738094,productpage,v1,Running,True
1778738094,productpage,v1,Running,True
1778738094,ratings,v1,Running,True
1778738094,reviews,v3,Running,True
1778738094,reviews,v3,Running,True
1778738094,reviews,v3,Running,True
1778738094,reviews,v3,Running,True
1778738094,reviews,v3,Running,True
1778738094,reviews,v3,Running,True
1778738094,reviews,v3,Running,True
1778738094,reviews,v3,Running,True
1778738094,reviews,v3,Running,True
1778738095,details,v1,Running,True
1778738095,details,v1,Running,True
1778738095,details,v1,Running,True
1778738095,details,v1,Running,True
1778738095,productpage,v1,Running,True
1778738095,productpage,v1,Running,True
1778738095,productpage,v1,Running,True
1778738095,productpage,v1,Running,True
1778738095,productpage,v1,Running,True
1778738095,productpage,v1,Running,True
1778738095,productpage,v1,Running,True
1778738095,productpage,v1,Running,True
1778738095,productpage,v1,Running,True
1778738095,productpage,v1,Running,True
1778738095,productpage,v1,Running,True
1778738095,productpage,v1,Running,True
1778738095,productpage,v1,Running,True
1778738095,productpage,v1,Running,True
1778738095,productpage,v1,Running,True
1778738095,ratings,v1,Running,True
1778738095,reviews,v3,Running,True
1778738095,reviews,v3,Running,True
1778738095,reviews,v3,Running,True
1778738095,reviews,v3,Running,True
1778738095,reviews,v3,Running,True
1778738095,reviews,v3,Running,True
1778738095,reviews,v3,Running,True
1778738095,reviews,v3,Running,True
1778738095,reviews,v3,Running,True
1778738096,details,v1,Running,True
1778738096,details,v1,Running,True
1778738096,details,v1,Running,True
1778738096,details,v1,Running,True
1778738096,productpage,v1,Running,True
1778738096,productpage,v1,Running,True
1778738096,productpage,v1,Running,True
1778738096,productpage,v1,Running,True
1778738096,productpage,v1,Running,True
1778738096,productpage,v1,Running,True
1778738096,productpage,v1,Running,True
1778738096,productpage,v1,Running,True
1778738096,productpage,v1,Running,True
1778738096,productpage,v1,Running,True
1778738096,productpage,v1,Running,True
1778738096,productpage,v1,Running,True
1778738096,productpage,v1,Running,True
1778738096,productpage,v1,Running,True
1778738096,productpage,v1,Running,True
1778738096,ratings,v1,Running,True
1778738096,reviews,v3,Running,True
1778738096,reviews,v3,Running,True
1778738096,reviews,v3,Running,True
1778738096,reviews,v3,Running,True
1778738096,reviews,v3,Running,True
1778738096,reviews,v3,Running,True
1778738096,reviews,v3,Running,True
1778738096,reviews,v3,Running,True
1778738096,reviews,v3,Running,True
1778738097,details,v1,Running,True
1778738097,details,v1,Running,True
1778738097,details,v1,Running,True
1778738097,details,v1,Running,True
1778738097,productpage,v1,Running,True
1778738097,productpage,v1,Running,True
1778738097,productpage,v1,Running,True
1778738097,productpage,v1,Running,True
1778738097,productpage,v1,Running,True
1778738097,productpage,v1,Running,True
1778738097,productpage,v1,Running,True
1778738097,productpage,v1,Running,True
1778738097,productpage,v1,Running,True
1778738097,productpage,v1,Running,True
1778738097,productpage,v1,Running,True
1778738097,productpage,v1,Running,True
1778738097,productpage,v1,Running,True
1778738097,productpage,v1,Running,True
1778738097,productpage,v1,Running,True
1778738097,ratings,v1,Running,True
1778738097,reviews,v3,Running,True
1778738097,reviews,v3,Running,True
1778738097,reviews,v3,Running,True
1778738097,reviews,v3,Running,True
1778738097,reviews,v3,Running,True
1778738097,reviews,v3,Running,True
1778738097,reviews,v3,Running,True
1778738097,reviews,v3,Running,True
1778738097,reviews,v3,Running,True
1778738098,details,v1,Running,True
1778738098,details,v1,Running,True
1778738098,details,v1,Running,True
1778738098,details,v1,Running,True
1778738098,productpage,v1,Running,True
1778738098,productpage,v1,Running,True
1778738098,productpage,v1,Running,True
1778738098,productpage,v1,Running,True
1778738098,productpage,v1,Running,True
1778738098,productpage,v1,Running,True
1778738098,productpage,v1,Running,True
1778738098,productpage,v1,Running,True
1778738098,productpage,v1,Running,True
1778738098,productpage,v1,Running,True
1778738098,productpage,v1,Running,True
1778738098,productpage,v1,Running,True
1778738098,productpage,v1,Running,True
1778738098,productpage,v1,Running,True
1778738098,productpage,v1,Running,True
1778738098,ratings,v1,Running,True
1778738098,reviews,v3,Running,True
1778738098,reviews,v3,Running,True
1778738098,reviews,v3,Running,True
1778738098,reviews,v3,Running,True
1778738098,reviews,v3,Running,True
1778738098,reviews,v3,Running,True
1778738098,reviews,v3,Running,True
1778738098,reviews,v3,Running,True
1778738098,reviews,v3,Running,True
1778738099,details,v1,Running,True
1778738099,details,v1,Running,True
1778738099,details,v1,Running,True
1778738099,details,v1,Running,True
1778738099,productpage,v1,Running,True
1778738099,productpage,v1,Running,True
1778738099,productpage,v1,Running,True
1778738099,productpage,v1,Running,True
1778738099,productpage,v1,Running,True
1778738099,productpage,v1,Running,True
1778738099,productpage,v1,Running,True
1778738099,productpage,v1,Running,True
1778738099,productpage,v1,Running,True
1778738099,productpage,v1,Running,True
1778738099,productpage,v1,Running,True
1778738099,productpage,v1,Running,True
1778738099,productpage,v1,Running,True
1778738099,productpage,v1,Running,True
1778738099,productpage,v1,Running,True
1778738099,ratings,v1,Running,True
1778738099,reviews,v3,Running,True
1778738099,reviews,v3,Running,True
1778738099,reviews,v3,Running,True
1778738099,reviews,v3,Running,True
1778738099,reviews,v3,Running,True
1778738099,reviews,v3,Running,True
1778738099,reviews,v3,Running,True
1778738099,reviews,v3,Running,True
1778738099,reviews,v3,Running,True
1778738100,details,v1,Running,True
1778738100,details,v1,Running,True
1778738100,details,v1,Running,True
1778738100,details,v1,Running,True
1778738100,productpage,v1,Running,True
1778738100,productpage,v1,Running,True
1778738100,productpage,v1,Running,True
1778738100,productpage,v1,Running,True
1778738100,productpage,v1,Running,True
1778738100,productpage,v1,Running,True
1778738100,productpage,v1,Running,True
1778738100,productpage,v1,Running,True
1778738100,productpage,v1,Running,True
1778738100,productpage,v1,Running,True
1778738100,productpage,v1,Running,True
1778738100,productpage,v1,Running,True
1778738100,productpage,v1,Running,True
1778738100,productpage,v1,Running,True
1778738100,productpage,v1,Running,True
1778738100,ratings,v1,Running,True
1778738100,reviews,v3,Running,True
1778738100,reviews,v3,Running,True
1778738100,reviews,v3,Running,True
1778738100,reviews,v3,Running,True
1778738100,reviews,v3,Running,True
1778738100,reviews,v3,Running,True
1778738100,reviews,v3,Running,True
1778738100,reviews,v3,Running,True
1778738100,reviews,v3,Running,True
1778738101,details,v1,Running,True
1778738101,details,v1,Running,True
1778738101,details,v1,Running,True
1778738101,details,v1,Running,True
1778738101,productpage,v1,Running,True
1778738101,productpage,v1,Running,True
1778738101,productpage,v1,Running,True
1778738101,productpage,v1,Running,True
1778738101,productpage,v1,Running,True
1778738101,productpage,v1,Running,True
1778738101,productpage,v1,Running,True
1778738101,productpage,v1,Running,True
1778738101,productpage,v1,Running,True
1778738101,productpage,v1,Running,True
1778738101,productpage,v1,Running,True
1778738101,productpage,v1,Running,True
1778738101,productpage,v1,Running,True
1778738101,productpage,v1,Running,True
1778738101,productpage,v1,Running,True
1778738101,ratings,v1,Running,True
1778738101,reviews,v3,Running,True
1778738101,reviews,v3,Running,True
1778738101,reviews,v3,Running,True
1778738101,reviews,v3,Running,True
1778738101,reviews,v3,Running,True
1778738101,reviews,v3,Running,True
1778738101,reviews,v3,Running,True
1778738101,reviews,v3,Running,True
1778738101,reviews,v3,Running,True
1778738102,details,v1,Running,True
1778738102,details,v1,Running,True
1778738102,details,v1,Running,True
1778738102,details,v1,Running,True
1778738102,productpage,v1,Running,True
1778738102,productpage,v1,Running,True
1778738102,productpage,v1,Running,True
1778738102,productpage,v1,Running,True
1778738102,productpage,v1,Running,True
1778738102,productpage,v1,Running,True
1778738102,productpage,v1,Running,True
1778738102,productpage,v1,Running,True
1778738102,productpage,v1,Running,True
1778738102,productpage,v1,Running,True
1778738102,productpage,v1,Running,True
1778738102,productpage,v1,Running,True
1778738102,productpage,v1,Running,True
1778738102,productpage,v1,Running,True
1778738102,productpage,v1,Running,True
1778738102,ratings,v1,Running,True
1778738102,reviews,v3,Running,True
1778738102,reviews,v3,Running,True
1778738102,reviews,v3,Running,True
1778738102,reviews,v3,Running,True
1778738102,reviews,v3,Running,True
1778738102,reviews,v3,Running,True
1778738102,reviews,v3,Running,True
1778738102,reviews,v3,Running,True
1778738102,reviews,v3,Running,True
1778738103,details,v1,Running,True
1778738103,details,v1,Running,True
1778738103,details,v1,Running,True
1778738103,details,v1,Running,True
1778738103,productpage,v1,Running,True
1778738103,productpage,v1,Running,True
1778738103,productpage,v1,Running,True
1778738103,productpage,v1,Running,True
1778738103,productpage,v1,Running,True
1778738103,productpage,v1,Running,True
1778738103,productpage,v1,Running,True
1778738103,productpage,v1,Running,True
1778738103,productpage,v1,Running,True
1778738103,productpage,v1,Running,True
1778738103,productpage,v1,Running,True
1778738103,productpage,v1,Running,True
1778738103,productpage,v1,Running,True
1778738103,productpage,v1,Running,True
1778738103,productpage,v1,Running,True
1778738103,ratings,v1,Running,True
1778738103,reviews,v3,Running,True
1778738103,reviews,v3,Running,True
1778738103,reviews,v3,Running,True
1778738103,reviews,v3,Running,True
1778738103,reviews,v3,Running,True
1778738103,reviews,v3,Running,True
1778738103,reviews,v3,Running,True
1778738103,reviews,v3,Running,True
1778738103,reviews,v3,Running,True
1778738104,details,v1,Running,True
1778738104,details,v1,Running,True
1778738104,details,v1,Running,True
1778738104,details,v1,Running,True
1778738104,productpage,v1,Running,True
1778738104,productpage,v1,Running,True
1778738104,productpage,v1,Running,True
1778738104,productpage,v1,Running,True
1778738104,productpage,v1,Running,True
1778738104,productpage,v1,Running,True
1778738104,productpage,v1,Running,True
1778738104,productpage,v1,Running,True
1778738104,productpage,v1,Running,True
1778738104,productpage,v1,Running,True
1778738104,productpage,v1,Running,True
1778738104,productpage,v1,Running,True
1778738104,productpage,v1,Running,True
1778738104,productpage,v1,Running,True
1778738104,productpage,v1,Running,True
1778738104,ratings,v1,Running,True
1778738104,reviews,v3,Running,True
1778738104,reviews,v3,Running,True
1778738104,reviews,v3,Running,True
1778738104,reviews,v3,Running,True
1778738104,reviews,v3,Running,True
1778738104,reviews,v3,Running,True
1778738104,reviews,v3,Running,True
1778738104,reviews,v3,Running,True
1778738104,reviews,v3,Running,True
1778738105,details,v1,Running,True
1778738105,details,v1,Running,True
1778738105,details,v1,Running,True
1778738105,details,v1,Running,True
1778738105,productpage,v1,Running,True
1778738105,productpage,v1,Running,True
1778738105,productpage,v1,Running,True
1778738105,productpage,v1,Running,True
1778738105,productpage,v1,Running,True
1778738105,productpage,v1,Running,True
1778738105,productpage,v1,Running,True
1778738105,productpage,v1,Running,True
1778738105,productpage,v1,Running,True
1778738105,productpage,v1,Running,True
1778738105,productpage,v1,Running,True
1778738105,productpage,v1,Running,True
1778738105,productpage,v1,Running,True
1778738105,productpage,v1,Running,True
1778738105,productpage,v1,Running,True
1778738105,ratings,v1,Running,True
1778738105,reviews,v3,Running,True
1778738105,reviews,v3,Running,True
1778738105,reviews,v3,Running,True
1778738105,reviews,v3,Running,True
1778738105,reviews,v3,Running,True
1778738105,reviews,v3,Running,True
1778738105,reviews,v3,Running,True
1778738105,reviews,v3,Running,True
1778738105,reviews,v3,Running,True
1778738106,details,v1,Running,True
1778738106,details,v1,Running,True
1778738106,details,v1,Running,True
1778738106,details,v1,Running,True
1778738106,productpage,v1,Running,True
1778738106,productpage,v1,Running,True
1778738106,productpage,v1,Running,True
1778738106,productpage,v1,Running,True
1778738106,productpage,v1,Running,True
1778738106,productpage,v1,Running,True
1778738106,productpage,v1,Running,True
1778738106,productpage,v1,Running,True
1778738106,productpage,v1,Running,True
1778738106,productpage,v1,Running,True
1778738106,productpage,v1,Running,True
1778738106,productpage,v1,Running,True
1778738106,productpage,v1,Running,True
1778738106,productpage,v1,Running,True
1778738106,productpage,v1,Running,True
1778738106,ratings,v1,Running,True
1778738106,reviews,v3,Running,True
1778738106,reviews,v3,Running,True
1778738106,reviews,v3,Running,True
1778738106,reviews,v3,Running,True
1778738106,reviews,v3,Running,True
1778738106,reviews,v3,Running,True
1778738106,reviews,v3,Running,True
1778738106,reviews,v3,Running,True
1778738106,reviews,v3,Running,True
1778738107,details,v1,Running,True
1778738107,details,v1,Running,True
1778738107,details,v1,Running,True
1778738107,details,v1,Running,True
1778738107,productpage,v1,Running,True
1778738107,productpage,v1,Running,True
1778738107,productpage,v1,Running,True
1778738107,productpage,v1,Running,True
1778738107,productpage,v1,Running,True
1778738107,productpage,v1,Running,True
1778738107,productpage,v1,Running,True
1778738107,productpage,v1,Running,True
1778738107,productpage,v1,Running,True
1778738107,productpage,v1,Running,True
1778738107,productpage,v1,Running,True
1778738107,productpage,v1,Running,True
1778738107,productpage,v1,Running,True
1778738107,productpage,v1,Running,True
1778738107,productpage,v1,Running,True
1778738107,ratings,v1,Running,True
1778738107,reviews,v3,Running,True
1778738107,reviews,v3,Running,True
1778738107,reviews,v3,Running,True
1778738107,reviews,v3,Running,True
1778738107,reviews,v3,Running,True
1778738107,reviews,v3,Running,True
1778738107,reviews,v3,Running,True
1778738107,reviews,v3,Running,True
1778738107,reviews,v3,Running,True
1778738108,details,v1,Running,True
1778738108,details,v1,Running,True
1778738108,details,v1,Running,True
1778738108,details,v1,Running,True
1778738108,productpage,v1,Running,True
1778738108,productpage,v1,Running,True
1778738108,productpage,v1,Running,True
1778738108,productpage,v1,Running,True
1778738108,productpage,v1,Running,True
1778738108,productpage,v1,Running,True
1778738108,productpage,v1,Running,True
1778738108,productpage,v1,Running,True
1778738108,productpage,v1,Running,True
1778738108,productpage,v1,Running,True
1778738108,productpage,v1,Running,True
1778738108,productpage,v1,Running,True
1778738108,productpage,v1,Running,True
1778738108,productpage,v1,Running,True
1778738108,productpage,v1,Running,True
1778738108,ratings,v1,Running,True
1778738108,reviews,v3,Running,True
1778738108,reviews,v3,Running,True
1778738108,reviews,v3,Running,True
1778738108,reviews,v3,Running,True
1778738108,reviews,v3,Running,True
1778738108,reviews,v3,Running,True
1778738108,reviews,v3,Running,True
1778738108,reviews,v3,Running,True
1778738108,reviews,v3,Running,True
1778738109,details,v1,Running,True
1778738109,details,v1,Running,True
1778738109,details,v1,Running,True
1778738109,details,v1,Running,True
1778738109,productpage,v1,Running,True
1778738109,productpage,v1,Running,True
1778738109,productpage,v1,Running,True
1778738109,productpage,v1,Running,True
1778738109,productpage,v1,Running,True
1778738109,productpage,v1,Running,True
1778738109,productpage,v1,Running,True
1778738109,productpage,v1,Running,True
1778738109,productpage,v1,Running,True
1778738109,productpage,v1,Running,True
1778738109,productpage,v1,Running,True
1778738109,productpage,v1,Running,True
1778738109,productpage,v1,Running,True
1778738109,productpage,v1,Running,True
1778738109,productpage,v1,Running,True
1778738109,ratings,v1,Running,True
1778738109,reviews,v3,Running,True
1778738109,reviews,v3,Running,True
1778738109,reviews,v3,Running,True
1778738109,reviews,v3,Running,True
1778738109,reviews,v3,Running,True
1778738109,reviews,v3,Running,True
1778738109,reviews,v3,Running,True
1778738109,reviews,v3,Running,True
1778738109,reviews,v3,Running,True
1778738110,details,v1,Running,True
1778738110,details,v1,Running,True
1778738110,details,v1,Running,True
1778738110,details,v1,Running,True
1778738110,productpage,v1,Running,True
1778738110,productpage,v1,Running,True
1778738110,productpage,v1,Running,True
1778738110,productpage,v1,Running,True
1778738110,productpage,v1,Running,True
1778738110,productpage,v1,Running,True
1778738110,productpage,v1,Running,True
1778738110,productpage,v1,Running,True
1778738110,productpage,v1,Running,True
1778738110,productpage,v1,Running,True
1778738110,productpage,v1,Running,True
1778738110,productpage,v1,Running,True
1778738110,productpage,v1,Running,True
1778738110,productpage,v1,Running,True
1778738110,productpage,v1,Running,True
1778738110,ratings,v1,Running,True
1778738110,reviews,v3,Running,True
1778738110,reviews,v3,Running,True
1778738110,reviews,v3,Running,True
1778738110,reviews,v3,Running,True
1778738110,reviews,v3,Running,True
1778738110,reviews,v3,Running,True
1778738110,reviews,v3,Running,True
1778738110,reviews,v3,Running,True
1778738110,reviews,v3,Running,True
1778738111,details,v1,Running,True
1778738111,details,v1,Running,True
1778738111,details,v1,Running,True
1778738111,details,v1,Running,True
1778738111,productpage,v1,Running,True
1778738111,productpage,v1,Running,True
1778738111,productpage,v1,Running,True
1778738111,productpage,v1,Running,True
1778738111,productpage,v1,Running,True
1778738111,productpage,v1,Running,True
1778738111,productpage,v1,Running,True
1778738111,productpage,v1,Running,True
1778738111,productpage,v1,Running,True
1778738111,productpage,v1,Running,True
1778738111,productpage,v1,Running,True
1778738111,productpage,v1,Running,True
1778738111,productpage,v1,Running,True
1778738111,productpage,v1,Running,True
1778738111,productpage,v1,Running,True
1778738111,ratings,v1,Running,True
1778738111,reviews,v3,Running,True
1778738111,reviews,v3,Running,True
1778738111,reviews,v3,Running,True
1778738111,reviews,v3,Running,True
1778738111,reviews,v3,Running,True
1778738111,reviews,v3,Running,True
1778738111,reviews,v3,Running,True
1778738111,reviews,v3,Running,True
1778738111,reviews,v3,Running,True
1778738112,details,v1,Running,True
1778738112,details,v1,Running,True
1778738112,details,v1,Running,True
1778738112,details,v1,Running,True
1778738112,productpage,v1,Running,True
1778738112,productpage,v1,Running,True
1778738112,productpage,v1,Running,True
1778738112,productpage,v1,Running,True
1778738112,productpage,v1,Running,True
1778738112,productpage,v1,Running,True
1778738112,productpage,v1,Running,True
1778738112,productpage,v1,Running,True
1778738112,productpage,v1,Running,True
1778738112,productpage,v1,Running,True
1778738112,productpage,v1,Running,True
1778738112,productpage,v1,Running,True
1778738112,productpage,v1,Running,True
1778738112,productpage,v1,Running,True
1778738112,productpage,v1,Running,True
1778738112,ratings,v1,Running,True
1778738112,reviews,v3,Running,True
1778738112,reviews,v3,Running,True
1778738112,reviews,v3,Running,True
1778738112,reviews,v3,Running,True
1778738112,reviews,v3,Running,True
1778738112,reviews,v3,Running,True
1778738112,reviews,v3,Running,True
1778738112,reviews,v3,Running,True
1778738112,reviews,v3,Running,True
1778738113,details,v1,Running,True
1778738113,details,v1,Running,True
1778738113,details,v1,Running,True
1778738113,details,v1,Running,True
1778738113,productpage,v1,Running,True
1778738113,productpage,v1,Running,True
1778738113,productpage,v1,Running,True
1778738113,productpage,v1,Running,True
1778738113,productpage,v1,Running,True
1778738113,productpage,v1,Running,True
1778738113,productpage,v1,Running,True
1778738113,productpage,v1,Running,True
1778738113,productpage,v1,Running,True
1778738113,productpage,v1,Running,True
1778738113,productpage,v1,Running,True
1778738113,productpage,v1,Running,True
1778738113,productpage,v1,Running,True
1778738113,productpage,v1,Running,True
1778738113,productpage,v1,Running,True
1778738113,ratings,v1,Running,True
1778738113,reviews,v3,Running,True
1778738113,reviews,v3,Running,True
1778738113,reviews,v3,Running,True
1778738113,reviews,v3,Running,True
1778738113,reviews,v3,Running,True
1778738113,reviews,v3,Running,True
1778738113,reviews,v3,Running,True
1778738113,reviews,v3,Running,True
1778738113,reviews,v3,Running,True
1778738115,details,v1,Running,True
1778738115,details,v1,Running,True
1778738115,details,v1,Running,True
1778738115,details,v1,Running,True
1778738115,productpage,v1,Running,True
1778738115,productpage,v1,Running,True
1778738115,productpage,v1,Running,True
1778738115,productpage,v1,Running,True
1778738115,productpage,v1,Running,True
1778738115,productpage,v1,Running,True
1778738115,productpage,v1,Running,True
1778738115,productpage,v1,Running,True
1778738115,productpage,v1,Running,True
1778738115,productpage,v1,Running,True
1778738115,productpage,v1,Running,True
1778738115,productpage,v1,Running,True
1778738115,productpage,v1,Running,True
1778738115,productpage,v1,Running,True
1778738115,productpage,v1,Running,True
1778738115,ratings,v1,Running,True
1778738115,reviews,v3,Running,True
1778738115,reviews,v3,Running,True
1778738115,reviews,v3,Running,True
1778738115,reviews,v3,Running,True
1778738115,reviews,v3,Running,True
1778738115,reviews,v3,Running,True
1778738115,reviews,v3,Running,True
1778738115,reviews,v3,Running,True
1778738115,reviews,v3,Running,True
1778738116,details,v1,Running,True
1778738116,details,v1,Running,True
1778738116,details,v1,Running,True
1778738116,details,v1,Running,True
1778738116,productpage,v1,Running,True
1778738116,productpage,v1,Running,True
1778738116,productpage,v1,Running,True
1778738116,productpage,v1,Running,True
1778738116,productpage,v1,Running,True
1778738116,productpage,v1,Running,True
1778738116,productpage,v1,Running,True
1778738116,productpage,v1,Running,True
1778738116,productpage,v1,Running,True
1778738116,productpage,v1,Running,True
1778738116,productpage,v1,Running,True
1778738116,productpage,v1,Running,True
1778738116,productpage,v1,Running,True
1778738116,productpage,v1,Running,True
1778738116,productpage,v1,Running,True
1778738116,ratings,v1,Running,True
1778738116,reviews,v3,Running,True
1778738116,reviews,v3,Running,True
1778738116,reviews,v3,Running,True
1778738116,reviews,v3,Running,True
1778738116,reviews,v3,Running,True
1778738116,reviews,v3,Running,True
1778738116,reviews,v3,Running,True
1778738116,reviews,v3,Running,True
1778738116,reviews,v3,Running,True
1778738117,details,v1,Running,True
1778738117,details,v1,Running,True
1778738117,details,v1,Running,True
1778738117,details,v1,Running,True
1778738117,productpage,v1,Running,True
1778738117,productpage,v1,Running,True
1778738117,productpage,v1,Running,True
1778738117,productpage,v1,Running,True
1778738117,productpage,v1,Running,True
1778738117,productpage,v1,Running,True
1778738117,productpage,v1,Running,True
1778738117,productpage,v1,Running,True
1778738117,productpage,v1,Running,True
1778738117,productpage,v1,Running,True
1778738117,productpage,v1,Running,True
1778738117,productpage,v1,Running,True
1778738117,productpage,v1,Running,True
1778738117,productpage,v1,Running,True
1778738117,productpage,v1,Running,True
1778738117,ratings,v1,Running,True
1778738117,reviews,v3,Running,True
1778738117,reviews,v3,Running,True
1778738117,reviews,v3,Running,True
1778738117,reviews,v3,Running,True
1778738117,reviews,v3,Running,True
1778738117,reviews,v3,Running,True
1778738117,reviews,v3,Running,True
1778738117,reviews,v3,Running,True
1778738117,reviews,v3,Running,True
1778738118,details,v1,Running,True
1778738118,details,v1,Running,True
1778738118,details,v1,Running,True
1778738118,details,v1,Running,True
1778738118,productpage,v1,Running,True
1778738118,productpage,v1,Running,True
1778738118,productpage,v1,Running,True
1778738118,productpage,v1,Running,True
1778738118,productpage,v1,Running,True
1778738118,productpage,v1,Running,True
1778738118,productpage,v1,Running,True
1778738118,productpage,v1,Running,True
1778738118,productpage,v1,Running,True
1778738118,productpage,v1,Running,True
1778738118,productpage,v1,Running,True
1778738118,productpage,v1,Running,True
1778738118,productpage,v1,Running,True
1778738118,productpage,v1,Running,True
1778738118,productpage,v1,Running,True
1778738118,ratings,v1,Running,True
1778738118,reviews,v3,Running,True
1778738118,reviews,v3,Running,True
1778738118,reviews,v3,Running,True
1778738118,reviews,v3,Running,True
1778738118,reviews,v3,Running,True
1778738118,reviews,v3,Running,True
1778738118,reviews,v3,Running,True
1778738118,reviews,v3,Running,True
1778738118,reviews,v3,Running,True
1778738119,details,v1,Running,True
1778738119,details,v1,Running,True
1778738119,details,v1,Running,True
1778738119,details,v1,Running,True
1778738119,productpage,v1,Running,True
1778738119,productpage,v1,Running,True
1778738119,productpage,v1,Running,True
1778738119,productpage,v1,Running,True
1778738119,productpage,v1,Running,True
1778738119,productpage,v1,Running,True
1778738119,productpage,v1,Running,True
1778738119,productpage,v1,Running,True
1778738119,productpage,v1,Running,True
1778738119,productpage,v1,Running,True
1778738119,productpage,v1,Running,True
1778738119,productpage,v1,Running,True
1778738119,productpage,v1,Running,True
1778738119,productpage,v1,Running,True
1778738119,productpage,v1,Running,True
1778738119,ratings,v1,Running,True
1778738119,reviews,v3,Running,True
1778738119,reviews,v3,Running,True
1778738119,reviews,v3,Running,True
1778738119,reviews,v3,Running,True
1778738119,reviews,v3,Running,True
1778738119,reviews,v3,Running,True
1778738119,reviews,v3,Running,True
1778738119,reviews,v3,Running,True
1778738119,reviews,v3,Running,True
1778738120,details,v1,Running,True
1778738120,details,v1,Running,True
1778738120,details,v1,Running,True
1778738120,details,v1,Running,True
1778738120,productpage,v1,Running,True
1778738120,productpage,v1,Running,True
1778738120,productpage,v1,Running,True
1778738120,productpage,v1,Running,True
1778738120,productpage,v1,Running,True
1778738120,productpage,v1,Running,True
1778738120,productpage,v1,Running,True
1778738120,productpage,v1,Running,True
1778738120,productpage,v1,Running,True
1778738120,productpage,v1,Running,True
1778738120,productpage,v1,Running,True
1778738120,productpage,v1,Running,True
1778738120,productpage,v1,Running,True
1778738120,productpage,v1,Running,True
1778738120,productpage,v1,Running,True
1778738120,ratings,v1,Running,True
1778738120,reviews,v3,Running,True
1778738120,reviews,v3,Running,True
1778738120,reviews,v3,Running,True
1778738120,reviews,v3,Running,True
1778738120,reviews,v3,Running,True
1778738120,reviews,v3,Running,True
1778738120,reviews,v3,Running,True
1778738120,reviews,v3,Running,True
1778738120,reviews,v3,Running,True
1778738121,details,v1,Running,True
1778738121,details,v1,Running,True
1778738121,details,v1,Running,True
1778738121,details,v1,Running,True
1778738121,productpage,v1,Running,True
1778738121,productpage,v1,Running,True
1778738121,productpage,v1,Running,True
1778738121,productpage,v1,Running,True
1778738121,productpage,v1,Running,True
1778738121,productpage,v1,Running,True
1778738121,productpage,v1,Running,True
1778738121,productpage,v1,Running,True
1778738121,productpage,v1,Running,True
1778738121,productpage,v1,Running,True
1778738121,productpage,v1,Running,True
1778738121,productpage,v1,Running,True
1778738121,productpage,v1,Running,True
1778738121,productpage,v1,Running,True
1778738121,productpage,v1,Running,True
1778738121,ratings,v1,Running,True
1778738121,reviews,v3,Running,True
1778738121,reviews,v3,Running,True
1778738121,reviews,v3,Running,True
1778738121,reviews,v3,Running,True
1778738121,reviews,v3,Running,True
1778738121,reviews,v3,Running,True
1778738121,reviews,v3,Running,True
1778738121,reviews,v3,Running,True
1778738121,reviews,v3,Running,True
1778738122,details,v1,Running,True
1778738122,details,v1,Running,True
1778738122,details,v1,Running,True
1778738122,details,v1,Running,True
1778738122,productpage,v1,Running,True
1778738122,productpage,v1,Running,True
1778738122,productpage,v1,Running,True
1778738122,productpage,v1,Running,True
1778738122,productpage,v1,Running,True
1778738122,productpage,v1,Running,True
1778738122,productpage,v1,Running,True
1778738122,productpage,v1,Running,True
1778738122,productpage,v1,Running,True
1778738122,productpage,v1,Running,True
1778738122,productpage,v1,Running,True
1778738122,productpage,v1,Running,True
1778738122,productpage,v1,Running,True
1778738122,productpage,v1,Running,True
1778738122,productpage,v1,Running,True
1778738122,ratings,v1,Running,True
1778738122,reviews,v3,Running,True
1778738122,reviews,v3,Running,True
1778738122,reviews,v3,Running,True
1778738122,reviews,v3,Running,True
1778738122,reviews,v3,Running,True
1778738122,reviews,v3,Running,True
1778738122,reviews,v3,Running,True
1778738122,reviews,v3,Running,True
1778738122,reviews,v3,Running,True
1778738123,details,v1,Running,True
1778738123,details,v1,Running,True
1778738123,details,v1,Running,True
1778738123,details,v1,Running,True
1778738123,productpage,v1,Running,True
1778738123,productpage,v1,Running,True
1778738123,productpage,v1,Running,True
1778738123,productpage,v1,Running,True
1778738123,productpage,v1,Running,True
1778738123,productpage,v1,Running,True
1778738123,productpage,v1,Running,True
1778738123,productpage,v1,Running,True
1778738123,productpage,v1,Running,True
1778738123,productpage,v1,Running,True
1778738123,productpage,v1,Running,True
1778738123,productpage,v1,Running,True
1778738123,productpage,v1,Running,True
1778738123,productpage,v1,Running,True
1778738123,productpage,v1,Running,True
1778738123,ratings,v1,Running,True
1778738123,reviews,v3,Running,True
1778738123,reviews,v3,Running,True
1778738123,reviews,v3,Running,True
1778738123,reviews,v3,Running,True
1778738123,reviews,v3,Running,True
1778738123,reviews,v3,Running,True
1778738123,reviews,v3,Running,True
1778738123,reviews,v3,Running,True
1778738123,reviews,v3,Running,True
1778738124,details,v1,Running,True
1778738124,details,v1,Running,True
1778738124,details,v1,Running,True
1778738124,details,v1,Running,True
1778738124,productpage,v1,Running,True
1778738124,productpage,v1,Running,True
1778738124,productpage,v1,Running,True
1778738124,productpage,v1,Running,True
1778738124,productpage,v1,Running,True
1778738124,productpage,v1,Running,True
1778738124,productpage,v1,Running,True
1778738124,productpage,v1,Running,True
1778738124,productpage,v1,Running,True
1778738124,productpage,v1,Running,True
1778738124,productpage,v1,Running,True
1778738124,productpage,v1,Running,True
1778738124,productpage,v1,Running,True
1778738124,productpage,v1,Running,True
1778738124,productpage,v1,Running,True
1778738124,ratings,v1,Running,True
1778738124,reviews,v3,Running,True
1778738124,reviews,v3,Running,True
1778738124,reviews,v3,Running,True
1778738124,reviews,v3,Running,True
1778738124,reviews,v3,Running,True
1778738124,reviews,v3,Running,True
1778738124,reviews,v3,Running,True
1778738124,reviews,v3,Running,True
1778738124,reviews,v3,Running,True
1778738125,details,v1,Running,True
1778738125,details,v1,Running,True
1778738125,details,v1,Running,True
1778738125,details,v1,Running,True
1778738125,productpage,v1,Running,True
1778738125,productpage,v1,Running,True
1778738125,productpage,v1,Running,True
1778738125,productpage,v1,Running,True
1778738125,productpage,v1,Running,True
1778738125,productpage,v1,Running,True
1778738125,productpage,v1,Running,True
1778738125,productpage,v1,Running,True
1778738125,productpage,v1,Running,True
1778738125,productpage,v1,Running,True
1778738125,productpage,v1,Running,True
1778738125,productpage,v1,Running,True
1778738125,productpage,v1,Running,True
1778738125,productpage,v1,Running,True
1778738125,productpage,v1,Running,True
1778738125,ratings,v1,Running,True
1778738125,reviews,v3,Running,True
1778738125,reviews,v3,Running,True
1778738125,reviews,v3,Running,True
1778738125,reviews,v3,Running,True
1778738125,reviews,v3,Running,True
1778738125,reviews,v3,Running,True
1778738125,reviews,v3,Running,True
1778738125,reviews,v3,Running,True
1778738125,reviews,v3,Running,True
1778738126,details,v1,Running,True
1778738126,details,v1,Running,True
1778738126,details,v1,Running,True
1778738126,details,v1,Running,True
1778738126,productpage,v1,Running,True
1778738126,productpage,v1,Running,True
1778738126,productpage,v1,Running,True
1778738126,productpage,v1,Running,True
1778738126,productpage,v1,Running,True
1778738126,productpage,v1,Running,True
1778738126,productpage,v1,Running,True
1778738126,productpage,v1,Running,True
1778738126,productpage,v1,Running,True
1778738126,productpage,v1,Running,True
1778738126,productpage,v1,Running,True
1778738126,productpage,v1,Running,True
1778738126,productpage,v1,Running,True
1778738126,productpage,v1,Running,True
1778738126,productpage,v1,Running,True
1778738126,ratings,v1,Running,True
1778738126,reviews,v3,Running,True
1778738126,reviews,v3,Running,True
1778738126,reviews,v3,Running,True
1778738126,reviews,v3,Running,True
1778738126,reviews,v3,Running,True
1778738126,reviews,v3,Running,True
1778738126,reviews,v3,Running,True
1778738126,reviews,v3,Running,True
1778738126,reviews,v3,Running,True
1778738127,details,v1,Running,True
1778738127,details,v1,Running,True
1778738127,details,v1,Running,True
1778738127,details,v1,Running,True
1778738127,productpage,v1,Running,True
1778738127,productpage,v1,Running,True
1778738127,productpage,v1,Running,True
1778738127,productpage,v1,Running,True
1778738127,productpage,v1,Running,True
1778738127,productpage,v1,Running,True
1778738127,productpage,v1,Running,True
1778738127,productpage,v1,Running,True
1778738127,productpage,v1,Running,True
1778738127,productpage,v1,Running,True
1778738127,productpage,v1,Running,True
1778738127,productpage,v1,Running,True
1778738127,productpage,v1,Running,True
1778738127,productpage,v1,Running,True
1778738127,productpage,v1,Running,True
1778738127,ratings,v1,Running,True
1778738127,reviews,v3,Running,True
1778738127,reviews,v3,Running,True
1778738127,reviews,v3,Running,True
1778738127,reviews,v3,Running,True
1778738127,reviews,v3,Running,True
1778738127,reviews,v3,Running,True
1778738127,reviews,v3,Running,True
1778738127,reviews,v3,Running,True
1778738127,reviews,v3,Running,True
1778738128,details,v1,Running,True
1778738128,details,v1,Running,True
1778738128,details,v1,Running,True
1778738128,details,v1,Running,True
1778738128,productpage,v1,Running,True
1778738128,productpage,v1,Running,True
1778738128,productpage,v1,Running,True
1778738128,productpage,v1,Running,True
1778738128,productpage,v1,Running,True
1778738128,productpage,v1,Running,True
1778738128,productpage,v1,Running,True
1778738128,productpage,v1,Running,True
1778738128,productpage,v1,Running,True
1778738128,productpage,v1,Running,True
1778738128,productpage,v1,Running,True
1778738128,productpage,v1,Running,True
1778738128,productpage,v1,Running,True
1778738128,productpage,v1,Running,True
1778738128,productpage,v1,Running,True
1778738128,ratings,v1,Running,True
1778738128,reviews,v3,Running,True
1778738128,reviews,v3,Running,True
1778738128,reviews,v3,Running,True
1778738128,reviews,v3,Running,True
1778738128,reviews,v3,Running,True
1778738128,reviews,v3,Running,True
1778738128,reviews,v3,Running,True
1778738128,reviews,v3,Running,True
1778738128,reviews,v3,Running,True
1778738129,details,v1,Running,True
1778738129,details,v1,Running,True
1778738129,details,v1,Running,True
1778738129,details,v1,Running,True
1778738129,productpage,v1,Running,True
1778738129,productpage,v1,Running,True
1778738129,productpage,v1,Running,True
1778738129,productpage,v1,Running,True
1778738129,productpage,v1,Running,True
1778738129,productpage,v1,Running,True
1778738129,productpage,v1,Running,True
1778738129,productpage,v1,Running,True
1778738129,productpage,v1,Running,True
1778738129,productpage,v1,Running,True
1778738129,productpage,v1,Running,True
1778738129,productpage,v1,Running,True
1778738129,productpage,v1,Running,True
1778738129,productpage,v1,Running,True
1778738129,productpage,v1,Running,True
1778738129,ratings,v1,Running,True
1778738129,reviews,v3,Running,True
1778738129,reviews,v3,Running,True
1778738129,reviews,v3,Running,True
1778738129,reviews,v3,Running,True
1778738129,reviews,v3,Running,True
1778738129,reviews,v3,Running,True
1778738129,reviews,v3,Running,True
1778738129,reviews,v3,Running,True
1778738129,reviews,v3,Running,True
1778738130,details,v1,Running,True
1778738130,details,v1,Running,True
1778738130,details,v1,Running,True
1778738130,details,v1,Running,True
1778738130,productpage,v1,Running,True
1778738130,productpage,v1,Running,True
1778738130,productpage,v1,Running,True
1778738130,productpage,v1,Running,True
1778738130,productpage,v1,Running,True
1778738130,productpage,v1,Running,True
1778738130,productpage,v1,Running,True
1778738130,productpage,v1,Running,True
1778738130,productpage,v1,Running,True
1778738130,productpage,v1,Running,True
1778738130,productpage,v1,Running,True
1778738130,productpage,v1,Running,True
1778738130,productpage,v1,Running,True
1778738130,productpage,v1,Running,True
1778738130,productpage,v1,Running,True
1778738130,ratings,v1,Running,True
1778738130,reviews,v3,Running,True
1778738130,reviews,v3,Running,True
1778738130,reviews,v3,Running,True
1778738130,reviews,v3,Running,True
1778738130,reviews,v3,Running,True
1778738130,reviews,v3,Running,True
1778738130,reviews,v3,Running,True
1778738130,reviews,v3,Running,True
1778738130,reviews,v3,Running,True
1778738131,details,v1,Running,True
1778738131,details,v1,Running,True
1778738131,details,v1,Running,True
1778738131,details,v1,Running,True
1778738131,productpage,v1,Running,True
1778738131,productpage,v1,Running,True
1778738131,productpage,v1,Running,True
1778738131,productpage,v1,Running,True
1778738131,productpage,v1,Running,True
1778738131,productpage,v1,Running,True
1778738131,productpage,v1,Running,True
1778738131,productpage,v1,Running,True
1778738131,productpage,v1,Running,True
1778738131,productpage,v1,Running,True
1778738131,productpage,v1,Running,True
1778738131,productpage,v1,Running,True
1778738131,productpage,v1,Running,True
1778738131,productpage,v1,Running,True
1778738131,productpage,v1,Running,True
1778738131,ratings,v1,Running,True
1778738131,reviews,v3,Running,True
1778738131,reviews,v3,Running,True
1778738131,reviews,v3,Running,True
1778738131,reviews,v3,Running,True
1778738131,reviews,v3,Running,True
1778738131,reviews,v3,Running,True
1778738131,reviews,v3,Running,True
1778738131,reviews,v3,Running,True
1778738131,reviews,v3,Running,True
1778738132,details,v1,Running,True
1778738132,details,v1,Running,True
1778738132,details,v1,Running,True
1778738132,details,v1,Running,True
1778738132,productpage,v1,Running,True
1778738132,productpage,v1,Running,True
1778738132,productpage,v1,Running,True
1778738132,productpage,v1,Running,True
1778738132,productpage,v1,Running,True
1778738132,productpage,v1,Running,True
1778738132,productpage,v1,Running,True
1778738132,productpage,v1,Running,True
1778738132,productpage,v1,Running,True
1778738132,productpage,v1,Running,True
1778738132,productpage,v1,Running,True
1778738132,productpage,v1,Running,True
1778738132,productpage,v1,Running,True
1778738132,productpage,v1,Running,True
1778738132,productpage,v1,Running,True
1778738132,ratings,v1,Running,True
1778738132,reviews,v3,Running,True
1778738132,reviews,v3,Running,True
1778738132,reviews,v3,Running,True
1778738132,reviews,v3,Running,True
1778738132,reviews,v3,Running,True
1778738132,reviews,v3,Running,True
1778738132,reviews,v3,Running,True
1778738132,reviews,v3,Running,True
1778738132,reviews,v3,Running,True
1778738133,details,v1,Running,True
1778738133,details,v1,Running,True
1778738133,details,v1,Running,True
1778738133,details,v1,Running,True
1778738133,productpage,v1,Running,True
1778738133,productpage,v1,Running,True
1778738133,productpage,v1,Running,True
1778738133,productpage,v1,Running,True
1778738133,productpage,v1,Running,True
1778738133,productpage,v1,Running,True
1778738133,productpage,v1,Running,True
1778738133,productpage,v1,Running,True
1778738133,productpage,v1,Running,True
1778738133,productpage,v1,Running,True
1778738133,productpage,v1,Running,True
1778738133,productpage,v1,Running,True
1778738133,productpage,v1,Running,True
1778738133,productpage,v1,Running,True
1778738133,productpage,v1,Running,True
1778738133,ratings,v1,Running,True
1778738133,reviews,v3,Running,True
1778738133,reviews,v3,Running,True
1778738133,reviews,v3,Running,True
1778738133,reviews,v3,Running,True
1778738133,reviews,v3,Running,True
1778738133,reviews,v3,Running,True
1778738133,reviews,v3,Running,True
1778738133,reviews,v3,Running,True
1778738133,reviews,v3,Running,True
1778738134,details,v1,Running,True
1778738134,details,v1,Running,True
1778738134,details,v1,Running,True
1778738134,details,v1,Running,True
1778738134,productpage,v1,Running,True
1778738134,productpage,v1,Running,True
1778738134,productpage,v1,Running,True
1778738134,productpage,v1,Running,True
1778738134,productpage,v1,Running,True
1778738134,productpage,v1,Running,True
1778738134,productpage,v1,Running,True
1778738134,productpage,v1,Running,True
1778738134,productpage,v1,Running,True
1778738134,productpage,v1,Running,True
1778738134,productpage,v1,Running,True
1778738134,productpage,v1,Running,True
1778738134,productpage,v1,Running,True
1778738134,productpage,v1,Running,True
1778738134,productpage,v1,Running,True
1778738134,ratings,v1,Running,True
1778738134,reviews,v3,Running,True
1778738134,reviews,v3,Running,True
1778738134,reviews,v3,Running,True
1778738134,reviews,v3,Running,True
1778738134,reviews,v3,Running,True
1778738134,reviews,v3,Running,True
1778738134,reviews,v3,Running,True
1778738134,reviews,v3,Running,True
1778738134,reviews,v3,Running,True
1778738135,details,v1,Running,True
1778738135,details,v1,Running,True
1778738135,details,v1,Running,True
1778738135,details,v1,Running,True
1778738135,productpage,v1,Running,True
1778738135,productpage,v1,Running,True
1778738135,productpage,v1,Running,True
1778738135,productpage,v1,Running,True
1778738135,productpage,v1,Running,True
1778738135,productpage,v1,Running,True
1778738135,productpage,v1,Running,True
1778738135,productpage,v1,Running,True
1778738135,productpage,v1,Running,True
1778738135,productpage,v1,Running,True
1778738135,productpage,v1,Running,True
1778738135,productpage,v1,Running,True
1778738135,productpage,v1,Running,True
1778738135,productpage,v1,Running,True
1778738135,productpage,v1,Running,True
1778738135,ratings,v1,Running,True
1778738135,reviews,v3,Running,True
1778738135,reviews,v3,Running,True
1778738135,reviews,v3,Running,True
1778738135,reviews,v3,Running,True
1778738135,reviews,v3,Running,True
1778738135,reviews,v3,Running,True
1778738135,reviews,v3,Running,True
1778738135,reviews,v3,Running,True
1778738135,reviews,v3,Running,True
1778738136,details,v1,Running,True
1778738136,details,v1,Running,True
1778738136,details,v1,Running,True
1778738136,details,v1,Running,True
1778738136,productpage,v1,Running,True
1778738136,productpage,v1,Running,True
1778738136,productpage,v1,Running,True
1778738136,productpage,v1,Running,True
1778738136,productpage,v1,Running,True
1778738136,productpage,v1,Running,True
1778738136,productpage,v1,Running,True
1778738136,productpage,v1,Running,True
1778738136,productpage,v1,Running,True
1778738136,productpage,v1,Running,True
1778738136,productpage,v1,Running,True
1778738136,productpage,v1,Running,True
1778738136,productpage,v1,Running,True
1778738136,productpage,v1,Running,True
1778738136,productpage,v1,Running,True
1778738136,ratings,v1,Running,True
1778738136,reviews,v3,Running,True
1778738136,reviews,v3,Running,True
1778738136,reviews,v3,Running,True
1778738136,reviews,v3,Running,True
1778738136,reviews,v3,Running,True
1778738136,reviews,v3,Running,True
1778738136,reviews,v3,Running,True
1778738136,reviews,v3,Running,True
1778738136,reviews,v3,Running,True
1778738137,details,v1,Running,True
1778738137,details,v1,Running,True
1778738137,details,v1,Running,True
1778738137,details,v1,Running,True
1778738137,productpage,v1,Running,True
1778738137,productpage,v1,Running,True
1778738137,productpage,v1,Running,True
1778738137,productpage,v1,Running,True
1778738137,productpage,v1,Running,True
1778738137,productpage,v1,Running,True
1778738137,productpage,v1,Running,True
1778738137,productpage,v1,Running,True
1778738137,productpage,v1,Running,True
1778738137,productpage,v1,Running,True
1778738137,productpage,v1,Running,True
1778738137,productpage,v1,Running,True
1778738137,productpage,v1,Running,True
1778738137,productpage,v1,Running,True
1778738137,productpage,v1,Running,True
1778738137,ratings,v1,Running,True
1778738137,reviews,v3,Running,True
1778738137,reviews,v3,Running,True
1778738137,reviews,v3,Running,True
1778738137,reviews,v3,Running,True
1778738137,reviews,v3,Running,True
1778738137,reviews,v3,Running,True
1778738137,reviews,v3,Running,True
1778738137,reviews,v3,Running,True
1778738137,reviews,v3,Running,True
1778738138,details,v1,Running,True
1778738138,details,v1,Running,True
1778738138,details,v1,Running,True
1778738138,details,v1,Running,True
1778738138,productpage,v1,Running,True
1778738138,productpage,v1,Running,True
1778738138,productpage,v1,Running,True
1778738138,productpage,v1,Running,True
1778738138,productpage,v1,Running,True
1778738138,productpage,v1,Running,True
1778738138,productpage,v1,Running,True
1778738138,productpage,v1,Running,True
1778738138,productpage,v1,Running,True
1778738138,productpage,v1,Running,True
1778738138,productpage,v1,Running,True
1778738138,productpage,v1,Running,True
1778738138,productpage,v1,Running,True
1778738138,productpage,v1,Running,True
1778738138,productpage,v1,Running,True
1778738138,ratings,v1,Running,True
1778738138,reviews,v3,Running,True
1778738138,reviews,v3,Running,True
1778738138,reviews,v3,Running,True
1778738138,reviews,v3,Running,True
1778738138,reviews,v3,Running,True
1778738138,reviews,v3,Running,True
1778738138,reviews,v3,Running,True
1778738138,reviews,v3,Running,True
1778738138,reviews,v3,Running,True
1778738139,details,v1,Running,True
1778738139,details,v1,Running,True
1778738139,details,v1,Running,True
1778738139,details,v1,Running,True
1778738139,productpage,v1,Running,True
1778738139,productpage,v1,Running,True
1778738139,productpage,v1,Running,True
1778738139,productpage,v1,Running,True
1778738139,productpage,v1,Running,True
1778738139,productpage,v1,Running,True
1778738139,productpage,v1,Running,True
1778738139,productpage,v1,Running,True
1778738139,productpage,v1,Running,True
1778738139,productpage,v1,Running,True
1778738139,productpage,v1,Running,True
1778738139,productpage,v1,Running,True
1778738139,productpage,v1,Running,True
1778738139,productpage,v1,Running,True
1778738139,productpage,v1,Running,True
1778738139,ratings,v1,Running,True
1778738139,reviews,v3,Running,True
1778738139,reviews,v3,Running,True
1778738139,reviews,v3,Running,True
1778738139,reviews,v3,Running,True
1778738139,reviews,v3,Running,True
1778738139,reviews,v3,Running,True
1778738139,reviews,v3,Running,True
1778738139,reviews,v3,Running,True
1778738139,reviews,v3,Running,True
1778738140,details,v1,Running,True
1778738140,details,v1,Running,True
1778738140,details,v1,Running,True
1778738140,details,v1,Running,True
1778738140,productpage,v1,Running,True
1778738140,productpage,v1,Running,True
1778738140,productpage,v1,Running,True
1778738140,productpage,v1,Running,True
1778738140,productpage,v1,Running,True
1778738140,productpage,v1,Running,True
1778738140,productpage,v1,Running,True
1778738140,productpage,v1,Running,True
1778738140,productpage,v1,Running,True
1778738140,productpage,v1,Running,True
1778738140,productpage,v1,Running,True
1778738140,productpage,v1,Running,True
1778738140,productpage,v1,Running,True
1778738140,productpage,v1,Running,True
1778738140,productpage,v1,Running,True
1778738140,ratings,v1,Running,True
1778738140,reviews,v3,Running,True
1778738140,reviews,v3,Running,True
1778738140,reviews,v3,Running,True
1778738140,reviews,v3,Running,True
1778738140,reviews,v3,Running,True
1778738140,reviews,v3,Running,True
1778738140,reviews,v3,Running,True
1778738140,reviews,v3,Running,True
1778738140,reviews,v3,Running,True
1778738141,details,v1,Running,True
1778738141,details,v1,Running,True
1778738141,details,v1,Running,True
1778738141,details,v1,Running,True
1778738141,productpage,v1,Running,True
1778738141,productpage,v1,Running,True
1778738141,productpage,v1,Running,True
1778738141,productpage,v1,Running,True
1778738141,productpage,v1,Running,True
1778738141,productpage,v1,Running,True
1778738141,productpage,v1,Running,True
1778738141,productpage,v1,Running,True
1778738141,productpage,v1,Running,True
1778738141,productpage,v1,Running,True
1778738141,productpage,v1,Running,True
1778738141,productpage,v1,Running,True
1778738141,productpage,v1,Running,True
1778738141,productpage,v1,Running,True
1778738141,productpage,v1,Running,True
1778738141,ratings,v1,Running,True
1778738141,reviews,v3,Running,True
1778738141,reviews,v3,Running,True
1778738141,reviews,v3,Running,True
1778738141,reviews,v3,Running,True
1778738141,reviews,v3,Running,True
1778738141,reviews,v3,Running,True
1778738141,reviews,v3,Running,True
1778738141,reviews,v3,Running,True
1778738141,reviews,v3,Running,True
1778738142,details,v1,Running,True
1778738142,details,v1,Running,True
1778738142,details,v1,Running,True
1778738142,details,v1,Running,True
1778738142,productpage,v1,Running,True
1778738142,productpage,v1,Running,True
1778738142,productpage,v1,Running,True
1778738142,productpage,v1,Running,True
1778738142,productpage,v1,Running,True
1778738142,productpage,v1,Running,True
1778738142,productpage,v1,Running,True
1778738142,productpage,v1,Running,True
1778738142,productpage,v1,Running,True
1778738142,productpage,v1,Running,True
1778738142,productpage,v1,Running,True
1778738142,productpage,v1,Running,True
1778738142,productpage,v1,Running,True
1778738142,productpage,v1,Running,True
1778738142,productpage,v1,Running,True
1778738142,ratings,v1,Running,True
1778738142,reviews,v3,Running,True
1778738142,reviews,v3,Running,True
1778738142,reviews,v3,Running,True
1778738142,reviews,v3,Running,True
1778738142,reviews,v3,Running,True
1778738142,reviews,v3,Running,True
1778738142,reviews,v3,Running,True
1778738142,reviews,v3,Running,True
1778738142,reviews,v3,Running,True
1778738143,details,v1,Running,True
1778738143,details,v1,Running,True
1778738143,details,v1,Running,True
1778738143,details,v1,Running,True
1778738143,productpage,v1,Running,True
1778738143,productpage,v1,Running,True
1778738143,productpage,v1,Running,True
1778738143,productpage,v1,Running,True
1778738143,productpage,v1,Running,True
1778738143,productpage,v1,Running,True
1778738143,productpage,v1,Running,True
1778738143,productpage,v1,Running,True
1778738143,productpage,v1,Running,True
1778738143,productpage,v1,Running,True
1778738143,productpage,v1,Running,True
1778738143,productpage,v1,Running,True
1778738143,productpage,v1,Running,True
1778738143,productpage,v1,Running,True
1778738143,productpage,v1,Running,True
1778738143,ratings,v1,Running,True
1778738143,reviews,v3,Running,True
1778738143,reviews,v3,Running,True
1778738143,reviews,v3,Running,True
1778738143,reviews,v3,Running,True
1778738143,reviews,v3,Running,True
1778738143,reviews,v3,Running,True
1778738143,reviews,v3,Running,True
1778738143,reviews,v3,Running,True
1778738143,reviews,v3,Running,True
1778738144,details,v1,Running,True
1778738144,details,v1,Running,True
1778738144,details,v1,Running,True
1778738144,details,v1,Running,True
1778738144,productpage,v1,Running,True
1778738144,productpage,v1,Running,True
1778738144,productpage,v1,Running,True
1778738144,productpage,v1,Running,True
1778738144,productpage,v1,Running,True
1778738144,productpage,v1,Running,True
1778738144,productpage,v1,Running,True
1778738144,productpage,v1,Running,True
1778738144,productpage,v1,Running,True
1778738144,productpage,v1,Running,True
1778738144,productpage,v1,Running,True
1778738144,productpage,v1,Running,True
1778738144,productpage,v1,Running,True
1778738144,productpage,v1,Running,True
1778738144,productpage,v1,Running,True
1778738144,ratings,v1,Running,True
1778738144,reviews,v3,Running,True
1778738144,reviews,v3,Running,True
1778738144,reviews,v3,Running,True
1778738144,reviews,v3,Running,True
1778738144,reviews,v3,Running,True
1778738144,reviews,v3,Running,True
1778738144,reviews,v3,Running,True
1778738144,reviews,v3,Running,True
1778738144,reviews,v3,Running,True
1778738145,details,v1,Running,True
1778738145,details,v1,Running,True
1778738145,details,v1,Running,True
1778738145,details,v1,Running,True
1778738145,productpage,v1,Running,True
1778738145,productpage,v1,Running,True
1778738145,productpage,v1,Running,True
1778738145,productpage,v1,Running,True
1778738145,productpage,v1,Running,True
1778738145,productpage,v1,Running,True
1778738145,productpage,v1,Running,True
1778738145,productpage,v1,Running,True
1778738145,productpage,v1,Running,True
1778738145,productpage,v1,Running,True
1778738145,productpage,v1,Running,True
1778738145,productpage,v1,Running,True
1778738145,productpage,v1,Running,True
1778738145,productpage,v1,Running,True
1778738145,productpage,v1,Running,True
1778738145,ratings,v1,Running,True
1778738145,reviews,v3,Running,True
1778738145,reviews,v3,Running,True
1778738145,reviews,v3,Running,True
1778738145,reviews,v3,Running,True
1778738145,reviews,v3,Running,True
1778738145,reviews,v3,Running,True
1778738145,reviews,v3,Running,True
1778738145,reviews,v3,Running,True
1778738145,reviews,v3,Running,True
1778738146,details,v1,Running,True
1778738146,details,v1,Running,True
1778738146,details,v1,Running,True
1778738146,details,v1,Running,True
1778738146,productpage,v1,Running,True
1778738146,productpage,v1,Running,True
1778738146,productpage,v1,Running,True
1778738146,productpage,v1,Running,True
1778738146,productpage,v1,Running,True
1778738146,productpage,v1,Running,True
1778738146,productpage,v1,Running,True
1778738146,productpage,v1,Running,True
1778738146,productpage,v1,Running,True
1778738146,productpage,v1,Running,True
1778738146,productpage,v1,Running,True
1778738146,productpage,v1,Running,True
1778738146,productpage,v1,Running,True
1778738146,productpage,v1,Running,True
1778738146,productpage,v1,Running,True
1778738146,ratings,v1,Running,True
1778738146,reviews,v3,Running,True
1778738146,reviews,v3,Running,True
1778738146,reviews,v3,Running,True
1778738146,reviews,v3,Running,True
1778738146,reviews,v3,Running,True
1778738146,reviews,v3,Running,True
1778738146,reviews,v3,Running,True
1778738146,reviews,v3,Running,True
1778738146,reviews,v3,Running,True
1778738147,details,v1,Running,True
1778738147,details,v1,Running,True
1778738147,details,v1,Running,True
1778738147,details,v1,Running,True
1778738147,productpage,v1,Running,True
1778738147,productpage,v1,Running,True
1778738147,productpage,v1,Running,True
1778738147,productpage,v1,Running,True
1778738147,productpage,v1,Running,True
1778738147,productpage,v1,Running,True
1778738147,productpage,v1,Running,True
1778738147,productpage,v1,Running,True
1778738147,productpage,v1,Running,True
1778738147,productpage,v1,Running,True
1778738147,productpage,v1,Running,True
1778738147,productpage,v1,Running,True
1778738147,productpage,v1,Running,True
1778738147,productpage,v1,Running,True
1778738147,productpage,v1,Running,True
1778738147,ratings,v1,Running,True
1778738147,reviews,v3,Running,True
1778738147,reviews,v3,Running,True
1778738147,reviews,v3,Running,True
1778738147,reviews,v3,Running,True
1778738147,reviews,v3,Running,True
1778738147,reviews,v3,Running,True
1778738147,reviews,v3,Running,True
1778738147,reviews,v3,Running,True
1778738147,reviews,v3,Running,True
1778738148,details,v1,Running,True
1778738148,details,v1,Running,True
1778738148,details,v1,Running,True
1778738148,details,v1,Running,True
1778738148,productpage,v1,Running,True
1778738148,productpage,v1,Running,True
1778738148,productpage,v1,Running,True
1778738148,productpage,v1,Running,True
1778738148,productpage,v1,Running,True
1778738148,productpage,v1,Running,True
1778738148,productpage,v1,Running,True
1778738148,productpage,v1,Running,True
1778738148,productpage,v1,Running,True
1778738148,productpage,v1,Running,True
1778738148,productpage,v1,Running,True
1778738148,productpage,v1,Running,True
1778738148,productpage,v1,Running,True
1778738148,productpage,v1,Running,True
1778738148,productpage,v1,Running,True
1778738148,ratings,v1,Running,True
1778738148,reviews,v3,Running,True
1778738148,reviews,v3,Running,True
1778738148,reviews,v3,Running,True
1778738148,reviews,v3,Running,True
1778738148,reviews,v3,Running,True
1778738148,reviews,v3,Running,True
1778738148,reviews,v3,Running,True
1778738148,reviews,v3,Running,True
1778738148,reviews,v3,Running,True
1778738149,details,v1,Running,True
1778738149,details,v1,Running,True
1778738149,details,v1,Running,True
1778738149,details,v1,Running,True
1778738149,productpage,v1,Running,True
1778738149,productpage,v1,Running,True
1778738149,productpage,v1,Running,True
1778738149,productpage,v1,Running,True
1778738149,productpage,v1,Running,True
1778738149,productpage,v1,Running,True
1778738149,productpage,v1,Running,True
1778738149,productpage,v1,Running,True
1778738149,productpage,v1,Running,True
1778738149,productpage,v1,Running,True
1778738149,productpage,v1,Running,True
1778738149,productpage,v1,Running,True
1778738149,productpage,v1,Running,True
1778738149,productpage,v1,Running,True
1778738149,productpage,v1,Running,True
1778738149,ratings,v1,Running,True
1778738149,reviews,v3,Running,True
1778738149,reviews,v3,Running,True
1778738149,reviews,v3,Running,True
1778738149,reviews,v3,Running,True
1778738149,reviews,v3,Running,True
1778738149,reviews,v3,Running,True
1778738149,reviews,v3,Running,True
1778738149,reviews,v3,Running,True
1778738149,reviews,v3,Running,True
1778738150,details,v1,Running,True
1778738150,details,v1,Running,True
1778738150,details,v1,Running,True
1778738150,details,v1,Running,True
1778738150,productpage,v1,Running,True
1778738150,productpage,v1,Running,True
1778738150,productpage,v1,Running,True
1778738150,productpage,v1,Running,True
1778738150,productpage,v1,Running,True
1778738150,productpage,v1,Running,True
1778738150,productpage,v1,Running,True
1778738150,productpage,v1,Running,True
1778738150,productpage,v1,Running,True
1778738150,productpage,v1,Running,True
1778738150,productpage,v1,Running,True
1778738150,productpage,v1,Running,True
1778738150,productpage,v1,Running,True
1778738150,productpage,v1,Running,True
1778738150,productpage,v1,Running,True
1778738150,ratings,v1,Running,True
1778738150,reviews,v3,Running,True
1778738150,reviews,v3,Running,True
1778738150,reviews,v3,Running,True
1778738150,reviews,v3,Running,True
1778738150,reviews,v3,Running,True
1778738150,reviews,v3,Running,True
1778738150,reviews,v3,Running,True
1778738150,reviews,v3,Running,True
1778738150,reviews,v3,Running,True
1778738151,details,v1,Running,True
1778738151,details,v1,Running,True
1778738151,details,v1,Running,True
1778738151,details,v1,Running,True
1778738151,productpage,v1,Running,True
1778738151,productpage,v1,Running,True
1778738151,productpage,v1,Running,True
1778738151,productpage,v1,Running,True
1778738151,productpage,v1,Running,True
1778738151,productpage,v1,Running,True
1778738151,productpage,v1,Running,True
1778738151,productpage,v1,Running,True
1778738151,productpage,v1,Running,True
1778738151,productpage,v1,Running,True
1778738151,productpage,v1,Running,True
1778738151,productpage,v1,Running,True
1778738151,productpage,v1,Running,True
1778738151,productpage,v1,Running,True
1778738151,productpage,v1,Running,True
1778738151,ratings,v1,Running,True
1778738151,reviews,v3,Running,True
1778738151,reviews,v3,Running,True
1778738151,reviews,v3,Running,True
1778738151,reviews,v3,Running,True
1778738151,reviews,v3,Running,True
1778738151,reviews,v3,Running,True
1778738151,reviews,v3,Running,True
1778738151,reviews,v3,Running,True
1778738151,reviews,v3,Running,True
1778738152,details,v1,Running,True
1778738152,details,v1,Running,True
1778738152,details,v1,Running,True
1778738152,details,v1,Running,True
1778738152,productpage,v1,Running,True
1778738152,productpage,v1,Running,True
1778738152,productpage,v1,Running,True
1778738152,productpage,v1,Running,True
1778738152,productpage,v1,Running,True
1778738152,productpage,v1,Running,True
1778738152,productpage,v1,Running,True
1778738152,productpage,v1,Running,True
1778738152,productpage,v1,Running,True
1778738152,productpage,v1,Running,True
1778738152,productpage,v1,Running,True
1778738152,productpage,v1,Running,True
1778738152,productpage,v1,Running,True
1778738152,productpage,v1,Running,True
1778738152,productpage,v1,Running,True
1778738152,ratings,v1,Running,True
1778738152,reviews,v3,Running,True
1778738152,reviews,v3,Running,True
1778738152,reviews,v3,Running,True
1778738152,reviews,v3,Running,True
1778738152,reviews,v3,Running,True
1778738152,reviews,v3,Running,True
1778738152,reviews,v3,Running,True
1778738152,reviews,v3,Running,True
1778738152,reviews,v3,Running,True
1778738153,details,v1,Running,True
1778738153,details,v1,Running,True
1778738153,details,v1,Running,True
1778738153,details,v1,Running,True
1778738153,productpage,v1,Running,True
1778738153,productpage,v1,Running,True
1778738153,productpage,v1,Running,True
1778738153,productpage,v1,Running,True
1778738153,productpage,v1,Running,True
1778738153,productpage,v1,Running,True
1778738153,productpage,v1,Running,True
1778738153,productpage,v1,Running,True
1778738153,productpage,v1,Running,True
1778738153,productpage,v1,Running,True
1778738153,productpage,v1,Running,True
1778738153,productpage,v1,Running,True
1778738153,productpage,v1,Running,True
1778738153,productpage,v1,Running,True
1778738153,productpage,v1,Running,True
1778738153,ratings,v1,Running,True
1778738153,reviews,v3,Running,True
1778738153,reviews,v3,Running,True
1778738153,reviews,v3,Running,True
1778738153,reviews,v3,Running,True
1778738153,reviews,v3,Running,True
1778738153,reviews,v3,Running,True
1778738153,reviews,v3,Running,True
1778738153,reviews,v3,Running,True
1778738153,reviews,v3,Running,True
1778738154,details,v1,Running,True
1778738154,details,v1,Running,True
1778738154,details,v1,Running,True
1778738154,details,v1,Running,True
1778738154,productpage,v1,Running,True
1778738154,productpage,v1,Running,True
1778738154,productpage,v1,Running,True
1778738154,productpage,v1,Running,True
1778738154,productpage,v1,Running,True
1778738154,productpage,v1,Running,True
1778738154,productpage,v1,Running,True
1778738154,productpage,v1,Running,True
1778738154,productpage,v1,Running,True
1778738154,productpage,v1,Running,True
1778738154,productpage,v1,Running,True
1778738154,productpage,v1,Running,True
1778738154,productpage,v1,Running,True
1778738154,productpage,v1,Running,True
1778738154,productpage,v1,Running,True
1778738154,ratings,v1,Running,True
1778738154,reviews,v3,Running,True
1778738154,reviews,v3,Running,True
1778738154,reviews,v3,Running,True
1778738154,reviews,v3,Running,True
1778738154,reviews,v3,Running,True
1778738154,reviews,v3,Running,True
1778738154,reviews,v3,Running,True
1778738154,reviews,v3,Running,True
1778738154,reviews,v3,Running,True
1778738155,details,v1,Running,True
1778738155,details,v1,Running,True
1778738155,details,v1,Running,True
1778738155,details,v1,Running,True
1778738155,productpage,v1,Running,True
1778738155,productpage,v1,Running,True
1778738155,productpage,v1,Running,True
1778738155,productpage,v1,Running,True
1778738155,productpage,v1,Running,True
1778738155,productpage,v1,Running,True
1778738155,productpage,v1,Running,True
1778738155,productpage,v1,Running,True
1778738155,productpage,v1,Running,True
1778738155,productpage,v1,Running,True
1778738155,productpage,v1,Running,True
1778738155,productpage,v1,Running,True
1778738155,productpage,v1,Running,True
1778738155,productpage,v1,Running,True
1778738155,productpage,v1,Running,True
1778738155,ratings,v1,Running,True
1778738155,reviews,v3,Running,True
1778738155,reviews,v3,Running,True
1778738155,reviews,v3,Running,True
1778738155,reviews,v3,Running,True
1778738155,reviews,v3,Running,True
1778738155,reviews,v3,Running,True
1778738155,reviews,v3,Running,True
1778738155,reviews,v3,Running,True
1778738155,reviews,v3,Running,True
1778738156,details,v1,Running,True
1778738156,details,v1,Running,True
1778738156,details,v1,Running,True
1778738156,details,v1,Running,True
1778738156,productpage,v1,Running,True
1778738156,productpage,v1,Running,True
1778738156,productpage,v1,Running,True
1778738156,productpage,v1,Running,True
1778738156,productpage,v1,Running,True
1778738156,productpage,v1,Running,True
1778738156,productpage,v1,Running,True
1778738156,productpage,v1,Running,True
1778738156,productpage,v1,Running,True
1778738156,productpage,v1,Running,True
1778738156,productpage,v1,Running,True
1778738156,productpage,v1,Running,True
1778738156,productpage,v1,Running,True
1778738156,productpage,v1,Running,True
1778738156,productpage,v1,Running,True
1778738156,ratings,v1,Running,True
1778738156,reviews,v3,Running,True
1778738156,reviews,v3,Running,True
1778738156,reviews,v3,Running,True
1778738156,reviews,v3,Running,True
1778738156,reviews,v3,Running,True
1778738156,reviews,v3,Running,True
1778738156,reviews,v3,Running,True
1778738156,reviews,v3,Running,True
1778738156,reviews,v3,Running,True
1778738157,details,v1,Running,True
1778738157,details,v1,Running,True
1778738157,details,v1,Running,True
1778738157,details,v1,Running,True
1778738157,productpage,v1,Running,True
1778738157,productpage,v1,Running,True
1778738157,productpage,v1,Running,True
1778738157,productpage,v1,Running,True
1778738157,productpage,v1,Running,True
1778738157,productpage,v1,Running,True
1778738157,productpage,v1,Running,True
1778738157,productpage,v1,Running,True
1778738157,productpage,v1,Running,True
1778738157,productpage,v1,Running,True
1778738157,productpage,v1,Running,True
1778738157,productpage,v1,Running,True
1778738157,productpage,v1,Running,True
1778738157,productpage,v1,Running,True
1778738157,productpage,v1,Running,True
1778738157,ratings,v1,Running,True
1778738157,reviews,v3,Running,True
1778738157,reviews,v3,Running,True
1778738157,reviews,v3,Running,True
1778738157,reviews,v3,Running,True
1778738157,reviews,v3,Running,True
1778738157,reviews,v3,Running,True
1778738157,reviews,v3,Running,True
1778738157,reviews,v3,Running,True
1778738157,reviews,v3,Running,True
1778738158,details,v1,Running,True
1778738158,details,v1,Running,True
1778738158,details,v1,Running,True
1778738158,details,v1,Running,True
1778738158,productpage,v1,Running,True
1778738158,productpage,v1,Running,True
1778738158,productpage,v1,Running,True
1778738158,productpage,v1,Running,True
1778738158,productpage,v1,Running,True
1778738158,productpage,v1,Running,True
1778738158,productpage,v1,Running,True
1778738158,productpage,v1,Running,True
1778738158,productpage,v1,Running,True
1778738158,productpage,v1,Running,True
1778738158,productpage,v1,Running,True
1778738158,productpage,v1,Running,True
1778738158,productpage,v1,Running,True
1778738158,productpage,v1,Running,True
1778738158,productpage,v1,Running,True
1778738158,ratings,v1,Running,True
1778738158,reviews,v3,Running,True
1778738158,reviews,v3,Running,True
1778738158,reviews,v3,Running,True
1778738158,reviews,v3,Running,True
1778738158,reviews,v3,Running,True
1778738158,reviews,v3,Running,True
1778738158,reviews,v3,Running,True
1778738158,reviews,v3,Running,True
1778738158,reviews,v3,Running,True
1778738159,details,v1,Running,True
1778738159,details,v1,Running,True
1778738159,details,v1,Running,True
1778738159,details,v1,Running,True
1778738159,productpage,v1,Running,True
1778738159,productpage,v1,Running,True
1778738159,productpage,v1,Running,True
1778738159,productpage,v1,Running,True
1778738159,productpage,v1,Running,True
1778738159,productpage,v1,Running,True
1778738159,productpage,v1,Running,True
1778738159,productpage,v1,Running,True
1778738159,productpage,v1,Running,True
1778738159,productpage,v1,Running,True
1778738159,productpage,v1,Running,True
1778738159,productpage,v1,Running,True
1778738159,productpage,v1,Running,True
1778738159,productpage,v1,Running,True
1778738159,productpage,v1,Running,True
1778738159,ratings,v1,Running,True
1778738159,reviews,v3,Running,True
1778738159,reviews,v3,Running,True
1778738159,reviews,v3,Running,True
1778738159,reviews,v3,Running,True
1778738159,reviews,v3,Running,True
1778738159,reviews,v3,Running,True
1778738159,reviews,v3,Running,True
1778738159,reviews,v3,Running,True
1778738159,reviews,v3,Running,True
1778738160,details,v1,Running,True
1778738160,details,v1,Running,True
1778738160,details,v1,Running,True
1778738160,details,v1,Running,True
1778738160,productpage,v1,Running,True
1778738160,productpage,v1,Running,True
1778738160,productpage,v1,Running,True
1778738160,productpage,v1,Running,True
1778738160,productpage,v1,Running,True
1778738160,productpage,v1,Running,True
1778738160,productpage,v1,Running,True
1778738160,productpage,v1,Running,True
1778738160,productpage,v1,Running,True
1778738160,productpage,v1,Running,True
1778738160,productpage,v1,Running,True
1778738160,productpage,v1,Running,True
1778738160,productpage,v1,Running,True
1778738160,productpage,v1,Running,True
1778738160,productpage,v1,Running,True
1778738160,ratings,v1,Running,True
1778738160,reviews,v3,Running,True
1778738160,reviews,v3,Running,True
1778738160,reviews,v3,Running,True
1778738160,reviews,v3,Running,True
1778738160,reviews,v3,Running,True
1778738160,reviews,v3,Running,True
1778738160,reviews,v3,Running,True
1778738160,reviews,v3,Running,True
1778738160,reviews,v3,Running,True
1778738161,details,v1,Running,True
1778738161,details,v1,Running,True
1778738161,details,v1,Running,True
1778738161,details,v1,Running,True
1778738161,productpage,v1,Running,True
1778738161,productpage,v1,Running,True
1778738161,productpage,v1,Running,True
1778738161,productpage,v1,Running,True
1778738161,productpage,v1,Running,True
1778738161,productpage,v1,Running,True
1778738161,productpage,v1,Running,True
1778738161,productpage,v1,Running,True
1778738161,productpage,v1,Running,True
1778738161,productpage,v1,Running,True
1778738161,productpage,v1,Running,True
1778738161,productpage,v1,Running,True
1778738161,productpage,v1,Running,True
1778738161,productpage,v1,Running,True
1778738161,productpage,v1,Running,True
1778738161,ratings,v1,Running,True
1778738161,reviews,v3,Running,True
1778738161,reviews,v3,Running,True
1778738161,reviews,v3,Running,True
1778738161,reviews,v3,Running,True
1778738161,reviews,v3,Running,True
1778738161,reviews,v3,Running,True
1778738161,reviews,v3,Running,True
1778738161,reviews,v3,Running,True
1778738161,reviews,v3,Running,True
1778738162,details,v1,Running,True
1778738162,details,v1,Running,True
1778738162,details,v1,Running,True
1778738162,details,v1,Running,True
1778738162,productpage,v1,Running,True
1778738162,productpage,v1,Running,True
1778738162,productpage,v1,Running,True
1778738162,productpage,v1,Running,True
1778738162,productpage,v1,Running,True
1778738162,productpage,v1,Running,True
1778738162,productpage,v1,Running,True
1778738162,productpage,v1,Running,True
1778738162,productpage,v1,Running,True
1778738162,productpage,v1,Running,True
1778738162,productpage,v1,Running,True
1778738162,productpage,v1,Running,True
1778738162,productpage,v1,Running,True
1778738162,productpage,v1,Running,True
1778738162,productpage,v1,Running,True
1778738162,ratings,v1,Running,True
1778738162,reviews,v3,Running,True
1778738162,reviews,v3,Running,True
1778738162,reviews,v3,Running,True
1778738162,reviews,v3,Running,True
1778738162,reviews,v3,Running,True
1778738162,reviews,v3,Running,True
1778738162,reviews,v3,Running,True
1778738162,reviews,v3,Running,True
1778738162,reviews,v3,Running,True
1778738163,details,v1,Running,True
1778738163,details,v1,Running,True
1778738163,details,v1,Running,True
1778738163,details,v1,Running,True
1778738163,productpage,v1,Running,True
1778738163,productpage,v1,Running,True
1778738163,productpage,v1,Running,True
1778738163,productpage,v1,Running,True
1778738163,productpage,v1,Running,True
1778738163,productpage,v1,Running,True
1778738163,productpage,v1,Running,True
1778738163,productpage,v1,Running,True
1778738163,productpage,v1,Running,True
1778738163,productpage,v1,Running,True
1778738163,productpage,v1,Running,True
1778738163,productpage,v1,Running,True
1778738163,productpage,v1,Running,True
1778738163,productpage,v1,Running,True
1778738163,productpage,v1,Running,True
1778738163,ratings,v1,Running,True
1778738163,reviews,v3,Running,True
1778738163,reviews,v3,Running,True
1778738163,reviews,v3,Running,True
1778738163,reviews,v3,Running,True
1778738163,reviews,v3,Running,True
1778738163,reviews,v3,Running,True
1778738163,reviews,v3,Running,True
1778738163,reviews,v3,Running,True
1778738163,reviews,v3,Running,True
1778738164,details,v1,Running,True
1778738164,details,v1,Running,True
1778738164,details,v1,Running,True
1778738164,details,v1,Running,True
1778738164,productpage,v1,Running,True
1778738164,productpage,v1,Running,True
1778738164,productpage,v1,Running,True
1778738164,productpage,v1,Running,True
1778738164,productpage,v1,Running,True
1778738164,productpage,v1,Running,True
1778738164,productpage,v1,Running,True
1778738164,productpage,v1,Running,True
1778738164,productpage,v1,Running,True
1778738164,productpage,v1,Running,True
1778738164,productpage,v1,Running,True
1778738164,productpage,v1,Running,True
1778738164,productpage,v1,Running,True
1778738164,productpage,v1,Running,True
1778738164,productpage,v1,Running,True
1778738164,ratings,v1,Running,True
1778738164,reviews,v3,Running,True
1778738164,reviews,v3,Running,True
1778738164,reviews,v3,Running,True
1778738164,reviews,v3,Running,True
1778738164,reviews,v3,Running,True
1778738164,reviews,v3,Running,True
1778738164,reviews,v3,Running,True
1778738164,reviews,v3,Running,True
1778738164,reviews,v3,Running,True
1778738165,details,v1,Running,True
1778738165,details,v1,Running,True
1778738165,details,v1,Running,True
1778738165,details,v1,Running,True
1778738165,productpage,v1,Running,True
1778738165,productpage,v1,Running,True
1778738165,productpage,v1,Running,True
1778738165,productpage,v1,Running,True
1778738165,productpage,v1,Running,True
1778738165,productpage,v1,Running,True
1778738165,productpage,v1,Running,True
1778738165,productpage,v1,Running,True
1778738165,productpage,v1,Running,True
1778738165,productpage,v1,Running,True
1778738165,productpage,v1,Running,True
1778738165,productpage,v1,Running,True
1778738165,productpage,v1,Running,True
1778738165,productpage,v1,Running,True
1778738165,productpage,v1,Running,True
1778738165,ratings,v1,Running,True
1778738165,reviews,v3,Running,True
1778738165,reviews,v3,Running,True
1778738165,reviews,v3,Running,True
1778738165,reviews,v3,Running,True
1778738165,reviews,v3,Running,True
1778738165,reviews,v3,Running,True
1778738165,reviews,v3,Running,True
1778738165,reviews,v3,Running,True
1778738165,reviews,v3,Running,True
1778738166,details,v1,Running,True
1778738166,details,v1,Running,True
1778738166,details,v1,Running,True
1778738166,details,v1,Running,True
1778738166,productpage,v1,Running,True
1778738166,productpage,v1,Running,True
1778738166,productpage,v1,Running,True
1778738166,productpage,v1,Running,True
1778738166,productpage,v1,Running,True
1778738166,productpage,v1,Running,True
1778738166,productpage,v1,Running,True
1778738166,productpage,v1,Running,True
1778738166,productpage,v1,Running,True
1778738166,productpage,v1,Running,True
1778738166,productpage,v1,Running,True
1778738166,productpage,v1,Running,True
1778738166,productpage,v1,Running,True
1778738166,productpage,v1,Running,True
1778738166,productpage,v1,Running,True
1778738166,ratings,v1,Running,True
1778738166,reviews,v3,Running,True
1778738166,reviews,v3,Running,True
1778738166,reviews,v3,Running,True
1778738166,reviews,v3,Running,True
1778738166,reviews,v3,Running,True
1778738166,reviews,v3,Running,True
1778738166,reviews,v3,Running,True
1778738166,reviews,v3,Running,True
1778738166,reviews,v3,Running,True
1778738167,details,v1,Running,True
1778738167,details,v1,Running,True
1778738167,details,v1,Running,True
1778738167,details,v1,Running,True
1778738167,productpage,v1,Running,True
1778738167,productpage,v1,Running,True
1778738167,productpage,v1,Running,True
1778738167,productpage,v1,Running,True
1778738167,productpage,v1,Running,True
1778738167,productpage,v1,Running,True
1778738167,productpage,v1,Running,True
1778738167,productpage,v1,Running,True
1778738167,productpage,v1,Running,True
1778738167,productpage,v1,Running,True
1778738167,productpage,v1,Running,True
1778738167,productpage,v1,Running,True
1778738167,productpage,v1,Running,True
1778738167,productpage,v1,Running,True
1778738167,productpage,v1,Running,True
1778738167,ratings,v1,Running,True
1778738167,reviews,v3,Running,True
1778738167,reviews,v3,Running,True
1778738167,reviews,v3,Running,True
1778738167,reviews,v3,Running,True
1778738167,reviews,v3,Running,True
1778738167,reviews,v3,Running,True
1778738167,reviews,v3,Running,True
1778738167,reviews,v3,Running,True
1778738167,reviews,v3,Running,True
1778738168,details,v1,Running,True
1778738168,details,v1,Running,True
1778738168,details,v1,Running,True
1778738168,details,v1,Running,True
1778738168,productpage,v1,Running,True
1778738168,productpage,v1,Running,True
1778738168,productpage,v1,Running,True
1778738168,productpage,v1,Running,True
1778738168,productpage,v1,Running,True
1778738168,productpage,v1,Running,True
1778738168,productpage,v1,Running,True
1778738168,productpage,v1,Running,True
1778738168,productpage,v1,Running,True
1778738168,productpage,v1,Running,True
1778738168,productpage,v1,Running,True
1778738168,productpage,v1,Running,True
1778738168,productpage,v1,Running,True
1778738168,productpage,v1,Running,True
1778738168,productpage,v1,Running,True
1778738168,ratings,v1,Running,True
1778738168,reviews,v3,Running,True
1778738168,reviews,v3,Running,True
1778738168,reviews,v3,Running,True
1778738168,reviews,v3,Running,True
1778738168,reviews,v3,Running,True
1778738168,reviews,v3,Running,True
1778738168,reviews,v3,Running,True
1778738168,reviews,v3,Running,True
1778738168,reviews,v3,Running,True
1778738169,details,v1,Running,True
1778738169,details,v1,Running,True
1778738169,details,v1,Running,True
1778738169,details,v1,Running,True
1778738169,productpage,v1,Running,True
1778738169,productpage,v1,Running,True
1778738169,productpage,v1,Running,True
1778738169,productpage,v1,Running,True
1778738169,productpage,v1,Running,True
1778738169,productpage,v1,Running,True
1778738169,productpage,v1,Running,True
1778738169,productpage,v1,Running,True
1778738169,productpage,v1,Running,True
1778738169,productpage,v1,Running,True
1778738169,productpage,v1,Running,True
1778738169,productpage,v1,Running,True
1778738169,productpage,v1,Running,True
1778738169,productpage,v1,Running,True
1778738169,productpage,v1,Running,True
1778738169,ratings,v1,Running,True
1778738169,reviews,v3,Running,True
1778738169,reviews,v3,Running,True
1778738169,reviews,v3,Running,True
1778738169,reviews,v3,Running,True
1778738169,reviews,v3,Running,True
1778738169,reviews,v3,Running,True
1778738169,reviews,v3,Running,True
1778738169,reviews,v3,Running,True
1778738169,reviews,v3,Running,True
1778738170,details,v1,Running,True
1778738170,details,v1,Running,True
1778738170,details,v1,Running,True
1778738170,details,v1,Running,True
1778738170,productpage,v1,Running,True
1778738170,productpage,v1,Running,True
1778738170,productpage,v1,Running,True
1778738170,productpage,v1,Running,True
1778738170,productpage,v1,Running,True
1778738170,productpage,v1,Running,True
1778738170,productpage,v1,Running,True
1778738170,productpage,v1,Running,True
1778738170,productpage,v1,Running,True
1778738170,productpage,v1,Running,True
1778738170,productpage,v1,Running,True
1778738170,productpage,v1,Running,True
1778738170,productpage,v1,Running,True
1778738170,productpage,v1,Running,True
1778738170,productpage,v1,Running,True
1778738170,ratings,v1,Running,True
1778738170,reviews,v3,Running,True
1778738170,reviews,v3,Running,True
1778738170,reviews,v3,Running,True
1778738170,reviews,v3,Running,True
1778738170,reviews,v3,Running,True
1778738170,reviews,v3,Running,True
1778738170,reviews,v3,Running,True
1778738170,reviews,v3,Running,True
1778738170,reviews,v3,Running,True
1778738171,details,v1,Running,True
1778738171,details,v1,Running,True
1778738171,details,v1,Running,True
1778738171,details,v1,Running,True
1778738171,productpage,v1,Running,True
1778738171,productpage,v1,Running,True
1778738171,productpage,v1,Running,True
1778738171,productpage,v1,Running,True
1778738171,productpage,v1,Running,True
1778738171,productpage,v1,Running,True
1778738171,productpage,v1,Running,True
1778738171,productpage,v1,Running,True
1778738171,productpage,v1,Running,True
1778738171,productpage,v1,Running,True
1778738171,productpage,v1,Running,True
1778738171,productpage,v1,Running,True
1778738171,productpage,v1,Running,True
1778738171,productpage,v1,Running,True
1778738171,productpage,v1,Running,True
1778738171,ratings,v1,Running,True
1778738171,reviews,v3,Running,True
1778738171,reviews,v3,Running,True
1778738171,reviews,v3,Running,True
1778738171,reviews,v3,Running,True
1778738171,reviews,v3,Running,True
1778738171,reviews,v3,Running,True
1778738171,reviews,v3,Running,True
1778738171,reviews,v3,Running,True
1778738171,reviews,v3,Running,True
1778738172,details,v1,Running,True
1778738172,details,v1,Running,True
1778738172,details,v1,Running,True
1778738172,details,v1,Running,True
1778738172,productpage,v1,Running,True
1778738172,productpage,v1,Running,True
1778738172,productpage,v1,Running,True
1778738172,productpage,v1,Running,True
1778738172,productpage,v1,Running,True
1778738172,productpage,v1,Running,True
1778738172,productpage,v1,Running,True
1778738172,productpage,v1,Running,True
1778738172,productpage,v1,Running,True
1778738172,productpage,v1,Running,True
1778738172,productpage,v1,Running,True
1778738172,productpage,v1,Running,True
1778738172,productpage,v1,Running,True
1778738172,productpage,v1,Running,True
1778738172,productpage,v1,Running,True
1778738172,ratings,v1,Running,True
1778738172,reviews,v3,Running,True
1778738172,reviews,v3,Running,True
1778738172,reviews,v3,Running,True
1778738172,reviews,v3,Running,True
1778738172,reviews,v3,Running,True
1778738172,reviews,v3,Running,True
1778738172,reviews,v3,Running,True
1778738172,reviews,v3,Running,True
1778738172,reviews,v3,Running,True
1778738173,details,v1,Running,True
1778738173,details,v1,Running,True
1778738173,details,v1,Running,True
1778738173,details,v1,Running,True
1778738173,productpage,v1,Running,True
1778738173,productpage,v1,Running,True
1778738173,productpage,v1,Running,True
1778738173,productpage,v1,Running,True
1778738173,productpage,v1,Running,True
1778738173,productpage,v1,Running,True
1778738173,productpage,v1,Running,True
1778738173,productpage,v1,Running,True
1778738173,productpage,v1,Running,True
1778738173,productpage,v1,Running,True
1778738173,productpage,v1,Running,True
1778738173,productpage,v1,Running,True
1778738173,productpage,v1,Running,True
1778738173,productpage,v1,Running,True
1778738173,productpage,v1,Running,True
1778738173,ratings,v1,Running,True
1778738173,reviews,v3,Running,True
1778738173,reviews,v3,Running,True
1778738173,reviews,v3,Running,True
1778738173,reviews,v3,Running,True
1778738173,reviews,v3,Running,True
1778738173,reviews,v3,Running,True
1778738173,reviews,v3,Running,True
1778738173,reviews,v3,Running,True
1778738173,reviews,v3,Running,True
1778738174,details,v1,Running,True
1778738174,details,v1,Running,True
1778738174,details,v1,Running,True
1778738174,details,v1,Running,True
1778738174,productpage,v1,Running,True
1778738174,productpage,v1,Running,True
1778738174,productpage,v1,Running,True
1778738174,productpage,v1,Running,True
1778738174,productpage,v1,Running,True
1778738174,productpage,v1,Running,True
1778738174,productpage,v1,Running,True
1778738174,productpage,v1,Running,True
1778738174,productpage,v1,Running,True
1778738174,productpage,v1,Running,True
1778738174,productpage,v1,Running,True
1778738174,productpage,v1,Running,True
1778738174,productpage,v1,Running,True
1778738174,productpage,v1,Running,True
1778738174,productpage,v1,Running,True
1778738174,ratings,v1,Running,True
1778738174,reviews,v3,Running,True
1778738174,reviews,v3,Running,True
1778738174,reviews,v3,Running,True
1778738174,reviews,v3,Running,True
1778738174,reviews,v3,Running,True
1778738174,reviews,v3,Running,True
1778738174,reviews,v3,Running,True
1778738174,reviews,v3,Running,True
1778738174,reviews,v3,Running,True
1778738175,details,v1,Running,True
1778738175,details,v1,Running,True
1778738175,details,v1,Running,True
1778738175,details,v1,Running,True
1778738175,productpage,v1,Running,True
1778738175,productpage,v1,Running,True
1778738175,productpage,v1,Running,True
1778738175,productpage,v1,Running,True
1778738175,productpage,v1,Running,True
1778738175,productpage,v1,Running,True
1778738175,productpage,v1,Running,True
1778738175,productpage,v1,Running,True
1778738175,productpage,v1,Running,True
1778738175,productpage,v1,Running,True
1778738175,productpage,v1,Running,True
1778738175,productpage,v1,Running,True
1778738175,productpage,v1,Running,True
1778738175,productpage,v1,Running,True
1778738175,productpage,v1,Running,True
1778738175,ratings,v1,Running,True
1778738175,reviews,v3,Running,True
1778738175,reviews,v3,Running,True
1778738175,reviews,v3,Running,True
1778738175,reviews,v3,Running,True
1778738175,reviews,v3,Running,True
1778738175,reviews,v3,Running,True
1778738175,reviews,v3,Running,True
1778738175,reviews,v3,Running,True
1778738175,reviews,v3,Running,True
1778738176,details,v1,Running,True
1778738176,details,v1,Running,True
1778738176,details,v1,Running,True
1778738176,details,v1,Running,True
1778738176,productpage,v1,Running,True
1778738176,productpage,v1,Running,True
1778738176,productpage,v1,Running,True
1778738176,productpage,v1,Running,True
1778738176,productpage,v1,Running,True
1778738176,productpage,v1,Running,True
1778738176,productpage,v1,Running,True
1778738176,productpage,v1,Running,True
1778738176,productpage,v1,Running,True
1778738176,productpage,v1,Running,True
1778738176,productpage,v1,Running,True
1778738176,productpage,v1,Running,True
1778738176,productpage,v1,Running,True
1778738176,productpage,v1,Running,True
1778738176,productpage,v1,Running,True
1778738176,ratings,v1,Running,True
1778738176,reviews,v3,Running,True
1778738176,reviews,v3,Running,True
1778738176,reviews,v3,Running,True
1778738176,reviews,v3,Running,True
1778738176,reviews,v3,Running,True
1778738176,reviews,v3,Running,True
1778738176,reviews,v3,Running,True
1778738176,reviews,v3,Running,True
1778738176,reviews,v3,Running,True
1778738177,details,v1,Running,True
1778738177,details,v1,Running,True
1778738177,details,v1,Running,True
1778738177,details,v1,Running,True
1778738177,productpage,v1,Running,True
1778738177,productpage,v1,Running,True
1778738177,productpage,v1,Running,True
1778738177,productpage,v1,Running,True
1778738177,productpage,v1,Running,True
1778738177,productpage,v1,Running,True
1778738177,productpage,v1,Running,True
1778738177,productpage,v1,Running,True
1778738177,productpage,v1,Running,True
1778738177,productpage,v1,Running,True
1778738177,productpage,v1,Running,True
1778738177,productpage,v1,Running,True
1778738177,productpage,v1,Running,True
1778738177,productpage,v1,Running,True
1778738177,productpage,v1,Running,True
1778738177,ratings,v1,Running,True
1778738177,reviews,v3,Running,True
1778738177,reviews,v3,Running,True
1778738177,reviews,v3,Running,True
1778738177,reviews,v3,Running,True
1778738177,reviews,v3,Running,True
1778738177,reviews,v3,Running,True
1778738177,reviews,v3,Running,True
1778738177,reviews,v3,Running,True
1778738177,reviews,v3,Running,True
1778738178,details,v1,Running,True
1778738178,details,v1,Running,True
1778738178,details,v1,Running,True
1778738178,details,v1,Running,True
1778738178,productpage,v1,Running,True
1778738178,productpage,v1,Running,True
1778738178,productpage,v1,Running,True
1778738178,productpage,v1,Running,True
1778738178,productpage,v1,Running,True
1778738178,productpage,v1,Running,True
1778738178,productpage,v1,Running,True
1778738178,productpage,v1,Running,True
1778738178,productpage,v1,Running,True
1778738178,productpage,v1,Running,True
1778738178,productpage,v1,Running,True
1778738178,productpage,v1,Running,True
1778738178,productpage,v1,Running,True
1778738178,productpage,v1,Running,True
1778738178,productpage,v1,Running,True
1778738178,ratings,v1,Running,True
1778738178,reviews,v3,Running,True
1778738178,reviews,v3,Running,True
1778738178,reviews,v3,Running,True
1778738178,reviews,v3,Running,True
1778738178,reviews,v3,Running,True
1778738178,reviews,v3,Running,True
1778738178,reviews,v3,Running,True
1778738178,reviews,v3,Running,True
1778738178,reviews,v3,Running,True
1778738179,details,v1,Running,True
1778738179,details,v1,Running,True
1778738179,details,v1,Running,True
1778738179,details,v1,Running,True
1778738179,productpage,v1,Running,True
1778738179,productpage,v1,Running,True
1778738179,productpage,v1,Running,True
1778738179,productpage,v1,Running,True
1778738179,productpage,v1,Running,True
1778738179,productpage,v1,Running,True
1778738179,productpage,v1,Running,True
1778738179,productpage,v1,Running,True
1778738179,productpage,v1,Running,True
1778738179,productpage,v1,Running,True
1778738179,productpage,v1,Running,True
1778738179,productpage,v1,Running,True
1778738179,productpage,v1,Running,True
1778738179,productpage,v1,Running,True
1778738179,productpage,v1,Running,True
1778738179,ratings,v1,Running,True
1778738179,reviews,v3,Running,True
1778738179,reviews,v3,Running,True
1778738179,reviews,v3,Running,True
1778738179,reviews,v3,Running,True
1778738179,reviews,v3,Running,True
1778738179,reviews,v3,Running,True
1778738179,reviews,v3,Running,True
1778738179,reviews,v3,Running,True
1778738179,reviews,v3,Running,True
1778738180,details,v1,Running,True
1778738180,details,v1,Running,True
1778738180,details,v1,Running,True
1778738180,details,v1,Running,True
1778738180,productpage,v1,Running,True
1778738180,productpage,v1,Running,True
1778738180,productpage,v1,Running,True
1778738180,productpage,v1,Running,True
1778738180,productpage,v1,Running,True
1778738180,productpage,v1,Running,True
1778738180,productpage,v1,Running,True
1778738180,productpage,v1,Running,True
1778738180,productpage,v1,Running,True
1778738180,productpage,v1,Running,True
1778738180,productpage,v1,Running,True
1778738180,productpage,v1,Running,True
1778738180,productpage,v1,Running,True
1778738180,productpage,v1,Running,True
1778738180,productpage,v1,Running,True
1778738180,ratings,v1,Running,True
1778738180,reviews,v3,Running,True
1778738180,reviews,v3,Running,True
1778738180,reviews,v3,Running,True
1778738180,reviews,v3,Running,True
1778738180,reviews,v3,Running,True
1778738180,reviews,v3,Running,True
1778738180,reviews,v3,Running,True
1778738180,reviews,v3,Running,True
1778738180,reviews,v3,Running,True
1778738181,details,v1,Running,True
1778738181,details,v1,Running,True
1778738181,details,v1,Running,True
1778738181,details,v1,Running,True
1778738181,productpage,v1,Running,True
1778738181,productpage,v1,Running,True
1778738181,productpage,v1,Running,True
1778738181,productpage,v1,Running,True
1778738181,productpage,v1,Running,True
1778738181,productpage,v1,Running,True
1778738181,productpage,v1,Running,True
1778738181,productpage,v1,Running,True
1778738181,productpage,v1,Running,True
1778738181,productpage,v1,Running,True
1778738181,productpage,v1,Running,True
1778738181,productpage,v1,Running,True
1778738181,productpage,v1,Running,True
1778738181,productpage,v1,Running,True
1778738181,productpage,v1,Running,True
1778738181,ratings,v1,Running,True
1778738181,reviews,v3,Running,True
1778738181,reviews,v3,Running,True
1778738181,reviews,v3,Running,True
1778738181,reviews,v3,Running,True
1778738181,reviews,v3,Running,True
1778738181,reviews,v3,Running,True
1778738181,reviews,v3,Running,True
1778738181,reviews,v3,Running,True
1778738181,reviews,v3,Running,True
1778738182,details,v1,Running,True
1778738182,details,v1,Running,True
1778738182,details,v1,Running,True
1778738182,details,v1,Running,True
1778738182,productpage,v1,Running,True
1778738182,productpage,v1,Running,True
1778738182,productpage,v1,Running,True
1778738182,productpage,v1,Running,True
1778738182,productpage,v1,Running,True
1778738182,productpage,v1,Running,True
1778738182,productpage,v1,Running,True
1778738182,productpage,v1,Running,True
1778738182,productpage,v1,Running,True
1778738182,productpage,v1,Running,True
1778738182,productpage,v1,Running,True
1778738182,productpage,v1,Running,True
1778738182,productpage,v1,Running,True
1778738182,productpage,v1,Running,True
1778738182,productpage,v1,Running,True
1778738182,ratings,v1,Running,True
1778738182,reviews,v3,Running,True
1778738182,reviews,v3,Running,True
1778738182,reviews,v3,Running,True
1778738182,reviews,v3,Running,True
1778738182,reviews,v3,Running,True
1778738182,reviews,v3,Running,True
1778738182,reviews,v3,Running,True
1778738182,reviews,v3,Running,True
1778738182,reviews,v3,Running,True
1778738183,details,v1,Running,True
1778738183,details,v1,Running,True
1778738183,details,v1,Running,True
1778738183,details,v1,Running,True
1778738183,productpage,v1,Running,True
1778738183,productpage,v1,Running,True
1778738183,productpage,v1,Running,True
1778738183,productpage,v1,Running,True
1778738183,productpage,v1,Running,True
1778738183,productpage,v1,Running,True
1778738183,productpage,v1,Running,True
1778738183,productpage,v1,Running,True
1778738183,productpage,v1,Running,True
1778738183,productpage,v1,Running,True
1778738183,productpage,v1,Running,True
1778738183,productpage,v1,Running,True
1778738183,productpage,v1,Running,True
1778738183,productpage,v1,Running,True
1778738183,productpage,v1,Running,True
1778738183,ratings,v1,Running,True
1778738183,reviews,v3,Running,True
1778738183,reviews,v3,Running,True
1778738183,reviews,v3,Running,True
1778738183,reviews,v3,Running,True
1778738183,reviews,v3,Running,True
1778738183,reviews,v3,Running,True
1778738183,reviews,v3,Running,True
1778738183,reviews,v3,Running,True
1778738183,reviews,v3,Running,True
1778738184,details,v1,Running,True
1778738184,details,v1,Running,True
1778738184,details,v1,Running,True
1778738184,details,v1,Running,True
1778738184,productpage,v1,Running,True
1778738184,productpage,v1,Running,True
1778738184,productpage,v1,Running,True
1778738184,productpage,v1,Running,True
1778738184,productpage,v1,Running,True
1778738184,productpage,v1,Running,True
1778738184,productpage,v1,Running,True
1778738184,productpage,v1,Running,True
1778738184,productpage,v1,Running,True
1778738184,productpage,v1,Running,True
1778738184,productpage,v1,Running,True
1778738184,productpage,v1,Running,True
1778738184,productpage,v1,Running,True
1778738184,productpage,v1,Running,True
1778738184,productpage,v1,Running,True
1778738184,ratings,v1,Running,True
1778738184,reviews,v3,Running,True
1778738184,reviews,v3,Running,True
1778738184,reviews,v3,Running,True
1778738184,reviews,v3,Running,True
1778738184,reviews,v3,Running,True
1778738184,reviews,v3,Running,True
1778738184,reviews,v3,Running,True
1778738184,reviews,v3,Running,True
1778738184,reviews,v3,Running,True
1778738185,details,v1,Running,True
1778738185,details,v1,Running,True
1778738185,details,v1,Running,True
1778738185,details,v1,Running,True
1778738185,productpage,v1,Running,True
1778738185,productpage,v1,Running,True
1778738185,productpage,v1,Running,True
1778738185,productpage,v1,Running,True
1778738185,productpage,v1,Running,True
1778738185,productpage,v1,Running,True
1778738185,productpage,v1,Running,True
1778738185,productpage,v1,Running,True
1778738185,productpage,v1,Running,True
1778738185,productpage,v1,Running,True
1778738185,productpage,v1,Running,True
1778738185,productpage,v1,Running,True
1778738185,productpage,v1,Running,True
1778738185,productpage,v1,Running,True
1778738185,productpage,v1,Running,True
1778738185,ratings,v1,Running,True
1778738185,reviews,v3,Running,True
1778738185,reviews,v3,Running,True
1778738185,reviews,v3,Running,True
1778738185,reviews,v3,Running,True
1778738185,reviews,v3,Running,True
1778738185,reviews,v3,Running,True
1778738185,reviews,v3,Running,True
1778738185,reviews,v3,Running,True
1778738185,reviews,v3,Running,True
1778738186,details,v1,Running,True
1778738186,details,v1,Running,True
1778738186,details,v1,Running,True
1778738186,details,v1,Running,True
1778738186,productpage,v1,Running,True
1778738186,productpage,v1,Running,True
1778738186,productpage,v1,Running,True
1778738186,productpage,v1,Running,True
1778738186,productpage,v1,Running,True
1778738186,productpage,v1,Running,True
1778738186,productpage,v1,Running,True
1778738186,productpage,v1,Running,True
1778738186,productpage,v1,Running,True
1778738186,productpage,v1,Running,True
1778738186,productpage,v1,Running,True
1778738186,productpage,v1,Running,True
1778738186,productpage,v1,Running,True
1778738186,productpage,v1,Running,True
1778738186,productpage,v1,Running,True
1778738186,ratings,v1,Running,True
1778738186,reviews,v3,Running,True
1778738186,reviews,v3,Running,True
1778738186,reviews,v3,Running,True
1778738186,reviews,v3,Running,True
1778738186,reviews,v3,Running,True
1778738186,reviews,v3,Running,True
1778738186,reviews,v3,Running,True
1778738186,reviews,v3,Running,True
1778738186,reviews,v3,Running,True
1778738187,details,v1,Running,True
1778738187,details,v1,Running,True
1778738187,details,v1,Running,True
1778738187,details,v1,Running,True
1778738187,productpage,v1,Running,True
1778738187,productpage,v1,Running,True
1778738187,productpage,v1,Running,True
1778738187,productpage,v1,Running,True
1778738187,productpage,v1,Running,True
1778738187,productpage,v1,Running,True
1778738187,productpage,v1,Running,True
1778738187,productpage,v1,Running,True
1778738187,productpage,v1,Running,True
1778738187,productpage,v1,Running,True
1778738187,productpage,v1,Running,True
1778738187,productpage,v1,Running,True
1778738187,productpage,v1,Running,True
1778738187,productpage,v1,Running,True
1778738187,productpage,v1,Running,True
1778738187,ratings,v1,Running,True
1778738187,reviews,v3,Running,True
1778738187,reviews,v3,Running,True
1778738187,reviews,v3,Running,True
1778738187,reviews,v3,Running,True
1778738187,reviews,v3,Running,True
1778738187,reviews,v3,Running,True
1778738187,reviews,v3,Running,True
1778738187,reviews,v3,Running,True
1778738187,reviews,v3,Running,True
1778738188,details,v1,Running,True
1778738188,details,v1,Running,True
1778738188,details,v1,Running,True
1778738188,details,v1,Running,True
1778738188,productpage,v1,Running,True
1778738188,productpage,v1,Running,True
1778738188,productpage,v1,Running,True
1778738188,productpage,v1,Running,True
1778738188,productpage,v1,Running,True
1778738188,productpage,v1,Running,True
1778738188,productpage,v1,Running,True
1778738188,productpage,v1,Running,True
1778738188,productpage,v1,Running,True
1778738188,productpage,v1,Running,True
1778738188,productpage,v1,Running,True
1778738188,productpage,v1,Running,True
1778738188,productpage,v1,Running,True
1778738188,productpage,v1,Running,True
1778738188,productpage,v1,Running,True
1778738188,ratings,v1,Running,True
1778738188,reviews,v3,Running,True
1778738188,reviews,v3,Running,True
1778738188,reviews,v3,Running,True
1778738188,reviews,v3,Running,True
1778738188,reviews,v3,Running,True
1778738188,reviews,v3,Running,True
1778738188,reviews,v3,Running,True
1778738188,reviews,v3,Running,True
1778738188,reviews,v3,Running,True
1778738189,details,v1,Running,True
1778738189,details,v1,Running,True
1778738189,details,v1,Running,True
1778738189,details,v1,Running,True
1778738189,productpage,v1,Running,True
1778738189,productpage,v1,Running,True
1778738189,productpage,v1,Running,True
1778738189,productpage,v1,Running,True
1778738189,productpage,v1,Running,True
1778738189,productpage,v1,Running,True
1778738189,productpage,v1,Running,True
1778738189,productpage,v1,Running,True
1778738189,productpage,v1,Running,True
1778738189,productpage,v1,Running,True
1778738189,productpage,v1,Running,True
1778738189,productpage,v1,Running,True
1778738189,productpage,v1,Running,True
1778738189,productpage,v1,Running,True
1778738189,productpage,v1,Running,True
1778738189,ratings,v1,Running,True
1778738189,reviews,v3,Running,True
1778738189,reviews,v3,Running,True
1778738189,reviews,v3,Running,True
1778738189,reviews,v3,Running,True
1778738189,reviews,v3,Running,True
1778738189,reviews,v3,Running,True
1778738189,reviews,v3,Running,True
1778738189,reviews,v3,Running,True
1778738189,reviews,v3,Running,True
1778738190,details,v1,Running,True
1778738190,details,v1,Running,True
1778738190,details,v1,Running,True
1778738190,details,v1,Running,True
1778738190,productpage,v1,Running,True
1778738190,productpage,v1,Running,True
1778738190,productpage,v1,Running,True
1778738190,productpage,v1,Running,True
1778738190,productpage,v1,Running,True
1778738190,productpage,v1,Running,True
1778738190,productpage,v1,Running,True
1778738190,productpage,v1,Running,True
1778738190,productpage,v1,Running,True
1778738190,productpage,v1,Running,True
1778738190,productpage,v1,Running,True
1778738190,productpage,v1,Running,True
1778738190,productpage,v1,Running,True
1778738190,productpage,v1,Running,True
1778738190,productpage,v1,Running,True
1778738190,ratings,v1,Running,True
1778738190,reviews,v3,Running,True
1778738190,reviews,v3,Running,True
1778738190,reviews,v3,Running,True
1778738190,reviews,v3,Running,True
1778738190,reviews,v3,Running,True
1778738190,reviews,v3,Running,True
1778738190,reviews,v3,Running,True
1778738190,reviews,v3,Running,True
1778738190,reviews,v3,Running,True
1778738191,details,v1,Running,True
1778738191,details,v1,Running,True
1778738191,details,v1,Running,True
1778738191,details,v1,Running,True
1778738191,productpage,v1,Running,True
1778738191,productpage,v1,Running,True
1778738191,productpage,v1,Running,True
1778738191,productpage,v1,Running,True
1778738191,productpage,v1,Running,True
1778738191,productpage,v1,Running,True
1778738191,productpage,v1,Running,True
1778738191,productpage,v1,Running,True
1778738191,productpage,v1,Running,True
1778738191,productpage,v1,Running,True
1778738191,productpage,v1,Running,True
1778738191,productpage,v1,Running,True
1778738191,productpage,v1,Running,True
1778738191,productpage,v1,Running,True
1778738191,productpage,v1,Running,True
1778738191,ratings,v1,Running,True
1778738191,reviews,v3,Running,True
1778738191,reviews,v3,Running,True
1778738191,reviews,v3,Running,True
1778738191,reviews,v3,Running,True
1778738191,reviews,v3,Running,True
1778738191,reviews,v3,Running,True
1778738191,reviews,v3,Running,True
1778738191,reviews,v3,Running,True
1778738191,reviews,v3,Running,True
1778738192,details,v1,Running,True
1778738192,details,v1,Running,True
1778738192,details,v1,Running,True
1778738192,details,v1,Running,True
1778738192,productpage,v1,Running,True
1778738192,productpage,v1,Running,True
1778738192,productpage,v1,Running,True
1778738192,productpage,v1,Running,True
1778738192,productpage,v1,Running,True
1778738192,productpage,v1,Running,True
1778738192,productpage,v1,Running,True
1778738192,productpage,v1,Running,True
1778738192,productpage,v1,Running,True
1778738192,productpage,v1,Running,True
1778738192,productpage,v1,Running,True
1778738192,productpage,v1,Running,True
1778738192,productpage,v1,Running,True
1778738192,productpage,v1,Running,True
1778738192,productpage,v1,Running,True
1778738192,ratings,v1,Running,True
1778738192,reviews,v3,Running,True
1778738192,reviews,v3,Running,True
1778738192,reviews,v3,Running,True
1778738192,reviews,v3,Running,True
1778738192,reviews,v3,Running,True
1778738192,reviews,v3,Running,True
1778738192,reviews,v3,Running,True
1778738192,reviews,v3,Running,True
1778738192,reviews,v3,Running,True
1778738193,details,v1,Running,True
1778738193,details,v1,Running,True
1778738193,details,v1,Running,True
1778738193,details,v1,Running,True
1778738193,productpage,v1,Running,True
1778738193,productpage,v1,Running,True
1778738193,productpage,v1,Running,True
1778738193,productpage,v1,Running,True
1778738193,productpage,v1,Running,True
1778738193,productpage,v1,Running,True
1778738193,productpage,v1,Running,True
1778738193,productpage,v1,Running,True
1778738193,productpage,v1,Running,True
1778738193,productpage,v1,Running,True
1778738193,productpage,v1,Running,True
1778738193,productpage,v1,Running,True
1778738193,productpage,v1,Running,True
1778738193,productpage,v1,Running,True
1778738193,productpage,v1,Running,True
1778738193,ratings,v1,Running,True
1778738193,reviews,v3,Running,True
1778738193,reviews,v3,Running,True
1778738193,reviews,v3,Running,True
1778738193,reviews,v3,Running,True
1778738193,reviews,v3,Running,True
1778738193,reviews,v3,Running,True
1778738193,reviews,v3,Running,True
1778738193,reviews,v3,Running,True
1778738193,reviews,v3,Running,True
