timestamp,app,version,phase,ready
1778725845,details,v1,Running,True
1778725845,details,v1,Running,True
1778725845,details,v1,Running,True
1778725845,productpage,v1,Running,True
1778725845,productpage,v1,Running,True
1778725845,productpage,v1,Running,True
1778725845,productpage,v1,Running,True
1778725845,productpage,v1,Running,True
1778725845,productpage,v1,Running,True
1778725845,productpage,v1,Running,True
1778725845,productpage,v1,Running,True
1778725845,productpage,v1,Running,True
1778725845,productpage,v1,Running,True
1778725845,productpage,v1,Running,True
1778725845,productpage,v1,Running,True
1778725845,productpage,v1,Running,True
1778725845,productpage,v1,Running,True
1778725845,ratings,v1,Running,True
1778725845,reviews,v3,Running,True
1778725845,reviews,v3,Running,True
1778725845,reviews,v3,Running,True
1778725846,details,v1,Running,True
1778725846,details,v1,Running,True
1778725846,details,v1,Running,True
1778725846,productpage,v1,Running,True
1778725846,productpage,v1,Running,True
1778725846,productpage,v1,Running,True
1778725846,productpage,v1,Running,True
1778725846,productpage,v1,Running,True
1778725846,productpage,v1,Running,True
1778725846,productpage,v1,Running,True
1778725846,productpage,v1,Running,True
1778725846,productpage,v1,Running,True
1778725846,productpage,v1,Running,True
1778725846,productpage,v1,Running,True
1778725846,productpage,v1,Running,True
1778725846,productpage,v1,Running,True
1778725846,productpage,v1,Running,True
1778725846,ratings,v1,Running,True
1778725846,reviews,v3,Running,True
1778725846,reviews,v3,Running,True
1778725846,reviews,v3,Running,True
1778725847,details,v1,Running,True
1778725847,details,v1,Running,True
1778725847,details,v1,Running,True
1778725847,productpage,v1,Running,True
1778725847,productpage,v1,Running,True
1778725847,productpage,v1,Running,True
1778725847,productpage,v1,Running,True
1778725847,productpage,v1,Running,True
1778725847,productpage,v1,Running,True
1778725847,productpage,v1,Running,True
1778725847,productpage,v1,Running,True
1778725847,productpage,v1,Running,True
1778725847,productpage,v1,Running,True
1778725847,productpage,v1,Running,True
1778725847,productpage,v1,Running,True
1778725847,productpage,v1,Running,True
1778725847,productpage,v1,Running,True
1778725847,ratings,v1,Running,True
1778725847,reviews,v3,Running,True
1778725847,reviews,v3,Running,True
1778725847,reviews,v3,Running,True
1778725848,details,v1,Running,True
1778725848,details,v1,Running,True
1778725848,details,v1,Running,True
1778725848,productpage,v1,Running,True
1778725848,productpage,v1,Running,True
1778725848,productpage,v1,Running,True
1778725848,productpage,v1,Running,True
1778725848,productpage,v1,Running,True
1778725848,productpage,v1,Running,True
1778725848,productpage,v1,Running,True
1778725848,productpage,v1,Running,True
1778725848,productpage,v1,Running,True
1778725848,productpage,v1,Running,True
1778725848,productpage,v1,Running,True
1778725848,productpage,v1,Running,True
1778725848,productpage,v1,Running,True
1778725848,productpage,v1,Running,True
1778725848,ratings,v1,Running,True
1778725848,reviews,v3,Running,True
1778725848,reviews,v3,Running,True
1778725848,reviews,v3,Pending,False
1778725848,reviews,v3,Running,True
1778725849,details,v1,Running,True
1778725849,details,v1,Running,True
1778725849,details,v1,Running,True
1778725849,productpage,v1,Running,True
1778725849,productpage,v1,Running,True
1778725849,productpage,v1,Running,True
1778725849,productpage,v1,Running,True
1778725849,productpage,v1,Running,True
1778725849,productpage,v1,Running,True
1778725849,productpage,v1,Running,True
1778725849,productpage,v1,Running,True
1778725849,productpage,v1,Running,True
1778725849,productpage,v1,Running,True
1778725849,productpage,v1,Running,True
1778725849,productpage,v1,Running,True
1778725849,productpage,v1,Running,True
1778725849,productpage,v1,Running,True
1778725849,ratings,v1,Running,True
1778725849,reviews,v3,Running,True
1778725849,reviews,v3,Running,True
1778725849,reviews,v3,Pending,False
1778725849,reviews,v3,Running,True
1778725850,details,v1,Running,True
1778725850,details,v1,Running,True
1778725850,details,v1,Running,True
1778725850,productpage,v1,Running,True
1778725850,productpage,v1,Running,True
1778725850,productpage,v1,Running,True
1778725850,productpage,v1,Running,True
1778725850,productpage,v1,Running,True
1778725850,productpage,v1,Running,True
1778725850,productpage,v1,Running,True
1778725850,productpage,v1,Running,True
1778725850,productpage,v1,Running,True
1778725850,productpage,v1,Running,True
1778725850,productpage,v1,Running,True
1778725850,productpage,v1,Running,True
1778725850,productpage,v1,Running,True
1778725850,productpage,v1,Running,True
1778725850,ratings,v1,Running,True
1778725850,reviews,v3,Running,True
1778725850,reviews,v3,Running,True
1778725850,reviews,v3,Pending,False
1778725850,reviews,v3,Running,True
1778725851,details,v1,Running,True
1778725851,details,v1,Running,True
1778725851,details,v1,Running,True
1778725851,productpage,v1,Running,True
1778725851,productpage,v1,Running,True
1778725851,productpage,v1,Running,True
1778725851,productpage,v1,Running,True
1778725851,productpage,v1,Running,True
1778725851,productpage,v1,Running,True
1778725851,productpage,v1,Running,True
1778725851,productpage,v1,Running,True
1778725851,productpage,v1,Running,True
1778725851,productpage,v1,Running,True
1778725851,productpage,v1,Running,True
1778725851,productpage,v1,Running,True
1778725851,productpage,v1,Running,True
1778725851,productpage,v1,Running,True
1778725851,ratings,v1,Running,True
1778725851,reviews,v3,Running,True
1778725851,reviews,v3,Running,True
1778725851,reviews,v3,Running,False
1778725851,reviews,v3,Running,True
1778725852,details,v1,Running,True
1778725852,details,v1,Running,True
1778725852,details,v1,Running,True
1778725852,productpage,v1,Running,True
1778725852,productpage,v1,Running,True
1778725852,productpage,v1,Running,True
1778725852,productpage,v1,Running,True
1778725852,productpage,v1,Running,True
1778725852,productpage,v1,Running,True
1778725852,productpage,v1,Running,True
1778725852,productpage,v1,Running,True
1778725852,productpage,v1,Running,True
1778725852,productpage,v1,Running,True
1778725852,productpage,v1,Running,True
1778725852,productpage,v1,Running,True
1778725852,productpage,v1,Running,True
1778725852,productpage,v1,Running,True
1778725852,ratings,v1,Running,True
1778725852,reviews,v3,Running,True
1778725852,reviews,v3,Running,True
1778725852,reviews,v3,Running,True
1778725852,reviews,v3,Running,True
1778725853,details,v1,Running,True
1778725853,details,v1,Running,True
1778725853,details,v1,Running,True
1778725853,productpage,v1,Running,True
1778725853,productpage,v1,Running,True
1778725853,productpage,v1,Running,True
1778725853,productpage,v1,Running,True
1778725853,productpage,v1,Running,True
1778725853,productpage,v1,Running,True
1778725853,productpage,v1,Running,True
1778725853,productpage,v1,Running,True
1778725853,productpage,v1,Running,True
1778725853,productpage,v1,Running,True
1778725853,productpage,v1,Running,True
1778725853,productpage,v1,Running,True
1778725853,productpage,v1,Running,True
1778725853,productpage,v1,Running,True
1778725853,ratings,v1,Running,True
1778725853,reviews,v3,Running,True
1778725853,reviews,v3,Running,True
1778725853,reviews,v3,Running,True
1778725853,reviews,v3,Running,True
1778725854,details,v1,Running,True
1778725854,details,v1,Running,True
1778725854,details,v1,Running,True
1778725854,productpage,v1,Running,True
1778725854,productpage,v1,Running,True
1778725854,productpage,v1,Running,True
1778725854,productpage,v1,Running,True
1778725854,productpage,v1,Running,True
1778725854,productpage,v1,Running,True
1778725854,productpage,v1,Running,True
1778725854,productpage,v1,Running,True
1778725854,productpage,v1,Running,True
1778725854,productpage,v1,Running,True
1778725854,productpage,v1,Running,True
1778725854,productpage,v1,Running,True
1778725854,productpage,v1,Running,True
1778725854,productpage,v1,Running,True
1778725854,ratings,v1,Running,True
1778725854,reviews,v3,Running,True
1778725854,reviews,v3,Running,True
1778725854,reviews,v3,Running,True
1778725854,reviews,v3,Running,True
1778725855,details,v1,Running,True
1778725855,details,v1,Running,True
1778725855,details,v1,Running,True
1778725855,productpage,v1,Running,True
1778725855,productpage,v1,Running,True
1778725855,productpage,v1,Running,True
1778725855,productpage,v1,Running,True
1778725855,productpage,v1,Running,True
1778725855,productpage,v1,Running,True
1778725855,productpage,v1,Running,True
1778725855,productpage,v1,Running,True
1778725855,productpage,v1,Running,True
1778725855,productpage,v1,Running,True
1778725855,productpage,v1,Running,True
1778725855,productpage,v1,Running,True
1778725855,productpage,v1,Running,True
1778725855,productpage,v1,Running,True
1778725855,ratings,v1,Running,True
1778725855,reviews,v3,Running,True
1778725855,reviews,v3,Running,True
1778725855,reviews,v3,Running,True
1778725855,reviews,v3,Running,True
1778725856,details,v1,Running,True
1778725856,details,v1,Running,True
1778725856,details,v1,Running,True
1778725856,productpage,v1,Running,True
1778725856,productpage,v1,Running,True
1778725856,productpage,v1,Running,True
1778725856,productpage,v1,Running,True
1778725856,productpage,v1,Running,True
1778725856,productpage,v1,Running,True
1778725856,productpage,v1,Running,True
1778725856,productpage,v1,Running,True
1778725856,productpage,v1,Running,True
1778725856,productpage,v1,Running,True
1778725856,productpage,v1,Running,True
1778725856,productpage,v1,Running,True
1778725856,productpage,v1,Running,True
1778725856,productpage,v1,Running,True
1778725856,ratings,v1,Running,True
1778725856,reviews,v3,Running,True
1778725856,reviews,v3,Running,True
1778725856,reviews,v3,Running,True
1778725856,reviews,v3,Running,True
1778725857,details,v1,Running,True
1778725857,details,v1,Running,True
1778725857,details,v1,Running,True
1778725857,productpage,v1,Running,True
1778725857,productpage,v1,Running,True
1778725857,productpage,v1,Running,True
1778725857,productpage,v1,Running,True
1778725857,productpage,v1,Running,True
1778725857,productpage,v1,Running,True
1778725857,productpage,v1,Running,True
1778725857,productpage,v1,Running,True
1778725857,productpage,v1,Running,True
1778725857,productpage,v1,Running,True
1778725857,productpage,v1,Running,True
1778725857,productpage,v1,Running,True
1778725857,productpage,v1,Running,True
1778725857,productpage,v1,Running,True
1778725857,ratings,v1,Running,True
1778725857,reviews,v3,Running,True
1778725857,reviews,v3,Running,True
1778725857,reviews,v3,Running,True
1778725857,reviews,v3,Running,True
1778725858,details,v1,Running,True
1778725858,details,v1,Running,True
1778725858,details,v1,Running,True
1778725858,productpage,v1,Running,True
1778725858,productpage,v1,Running,True
1778725858,productpage,v1,Running,True
1778725858,productpage,v1,Running,True
1778725858,productpage,v1,Running,True
1778725858,productpage,v1,Running,True
1778725858,productpage,v1,Running,True
1778725858,productpage,v1,Running,True
1778725858,productpage,v1,Running,True
1778725858,productpage,v1,Running,True
1778725858,productpage,v1,Running,True
1778725858,productpage,v1,Running,True
1778725858,productpage,v1,Running,True
1778725858,productpage,v1,Running,True
1778725858,ratings,v1,Running,True
1778725858,reviews,v3,Running,True
1778725858,reviews,v3,Running,True
1778725858,reviews,v3,Running,True
1778725858,reviews,v3,Running,True
1778725859,details,v1,Running,True
1778725859,details,v1,Running,True
1778725859,details,v1,Running,True
1778725859,productpage,v1,Running,True
1778725859,productpage,v1,Running,True
1778725859,productpage,v1,Running,True
1778725859,productpage,v1,Running,True
1778725859,productpage,v1,Running,True
1778725859,productpage,v1,Running,True
1778725859,productpage,v1,Running,True
1778725859,productpage,v1,Running,True
1778725859,productpage,v1,Running,True
1778725859,productpage,v1,Running,True
1778725859,productpage,v1,Running,True
1778725859,productpage,v1,Running,True
1778725859,productpage,v1,Running,True
1778725859,productpage,v1,Running,True
1778725859,ratings,v1,Running,True
1778725859,reviews,v3,Running,True
1778725859,reviews,v3,Running,True
1778725859,reviews,v3,Running,True
1778725859,reviews,v3,Running,True
1778725860,details,v1,Running,True
1778725860,details,v1,Running,True
1778725860,details,v1,Running,True
1778725860,productpage,v1,Running,True
1778725860,productpage,v1,Running,True
1778725860,productpage,v1,Running,True
1778725860,productpage,v1,Running,True
1778725860,productpage,v1,Running,True
1778725860,productpage,v1,Running,True
1778725860,productpage,v1,Running,True
1778725860,productpage,v1,Running,True
1778725860,productpage,v1,Running,True
1778725860,productpage,v1,Running,True
1778725860,productpage,v1,Running,True
1778725860,productpage,v1,Running,True
1778725860,productpage,v1,Running,True
1778725860,productpage,v1,Running,True
1778725860,ratings,v1,Running,True
1778725860,reviews,v3,Running,True
1778725860,reviews,v3,Running,True
1778725860,reviews,v3,Running,True
1778725860,reviews,v3,Running,True
1778725861,details,v1,Running,True
1778725861,details,v1,Running,True
1778725861,details,v1,Running,True
1778725861,productpage,v1,Running,True
1778725861,productpage,v1,Running,True
1778725861,productpage,v1,Running,True
1778725861,productpage,v1,Running,True
1778725861,productpage,v1,Running,True
1778725861,productpage,v1,Running,True
1778725861,productpage,v1,Running,True
1778725861,productpage,v1,Running,True
1778725861,productpage,v1,Running,True
1778725861,productpage,v1,Running,True
1778725861,productpage,v1,Running,True
1778725861,productpage,v1,Running,True
1778725861,productpage,v1,Running,True
1778725861,productpage,v1,Running,True
1778725861,ratings,v1,Running,True
1778725861,reviews,v3,Running,True
1778725861,reviews,v3,Running,True
1778725861,reviews,v3,Running,True
1778725861,reviews,v3,Running,True
1778725862,details,v1,Running,True
1778725862,details,v1,Running,True
1778725862,details,v1,Running,True
1778725862,productpage,v1,Running,True
1778725862,productpage,v1,Running,True
1778725862,productpage,v1,Running,True
1778725862,productpage,v1,Running,True
1778725862,productpage,v1,Running,True
1778725862,productpage,v1,Running,True
1778725862,productpage,v1,Running,True
1778725862,productpage,v1,Running,True
1778725862,productpage,v1,Running,True
1778725862,productpage,v1,Running,True
1778725862,productpage,v1,Running,True
1778725862,productpage,v1,Running,True
1778725862,productpage,v1,Running,True
1778725862,productpage,v1,Running,True
1778725862,ratings,v1,Running,True
1778725862,reviews,v3,Running,True
1778725862,reviews,v3,Running,True
1778725862,reviews,v3,Running,True
1778725862,reviews,v3,Running,True
1778725863,details,v1,Running,True
1778725863,details,v1,Running,True
1778725863,details,v1,Running,True
1778725863,productpage,v1,Running,True
1778725863,productpage,v1,Running,True
1778725863,productpage,v1,Running,True
1778725863,productpage,v1,Running,True
1778725863,productpage,v1,Running,True
1778725863,productpage,v1,Running,True
1778725863,productpage,v1,Running,True
1778725863,productpage,v1,Running,True
1778725863,productpage,v1,Running,True
1778725863,productpage,v1,Running,True
1778725863,productpage,v1,Running,True
1778725863,productpage,v1,Running,True
1778725863,productpage,v1,Running,True
1778725863,productpage,v1,Running,True
1778725863,ratings,v1,Running,True
1778725863,reviews,v3,Running,True
1778725863,reviews,v3,Running,True
1778725863,reviews,v3,Running,True
1778725863,reviews,v3,Running,True
1778725864,details,v1,Running,True
1778725864,details,v1,Running,True
1778725864,details,v1,Running,True
1778725864,productpage,v1,Running,True
1778725864,productpage,v1,Running,True
1778725864,productpage,v1,Running,True
1778725864,productpage,v1,Running,True
1778725864,productpage,v1,Running,True
1778725864,productpage,v1,Running,True
1778725864,productpage,v1,Running,True
1778725864,productpage,v1,Running,True
1778725864,productpage,v1,Running,True
1778725864,productpage,v1,Pending,False
1778725864,productpage,v1,Running,True
1778725864,productpage,v1,Running,True
1778725864,productpage,v1,Running,True
1778725864,productpage,v1,Running,True
1778725864,productpage,v1,Running,True
1778725864,ratings,v1,Running,True
1778725864,reviews,v3,Running,True
1778725864,reviews,v3,Running,True
1778725864,reviews,v3,Running,True
1778725864,reviews,v3,Running,True
1778725865,details,v1,Running,True
1778725865,details,v1,Running,True
1778725865,details,v1,Running,True
1778725865,productpage,v1,Running,True
1778725865,productpage,v1,Running,True
1778725865,productpage,v1,Running,True
1778725865,productpage,v1,Running,True
1778725865,productpage,v1,Running,True
1778725865,productpage,v1,Running,True
1778725865,productpage,v1,Running,True
1778725865,productpage,v1,Running,True
1778725865,productpage,v1,Running,True
1778725865,productpage,v1,Pending,False
1778725865,productpage,v1,Running,True
1778725865,productpage,v1,Running,True
1778725865,productpage,v1,Running,True
1778725865,productpage,v1,Running,True
1778725865,productpage,v1,Running,True
1778725865,ratings,v1,Running,True
1778725865,reviews,v3,Running,True
1778725865,reviews,v3,Running,True
1778725865,reviews,v3,Running,True
1778725865,reviews,v3,Running,True
1778725866,details,v1,Running,True
1778725866,details,v1,Running,True
1778725866,details,v1,Running,True
1778725866,productpage,v1,Running,True
1778725866,productpage,v1,Running,True
1778725866,productpage,v1,Running,True
1778725866,productpage,v1,Running,True
1778725866,productpage,v1,Running,True
1778725866,productpage,v1,Running,True
1778725866,productpage,v1,Running,True
1778725866,productpage,v1,Running,True
1778725866,productpage,v1,Running,True
1778725866,productpage,v1,Running,False
1778725866,productpage,v1,Running,True
1778725866,productpage,v1,Running,True
1778725866,productpage,v1,Running,True
1778725866,productpage,v1,Running,True
1778725866,productpage,v1,Running,True
1778725866,ratings,v1,Running,True
1778725866,reviews,v3,Running,True
1778725866,reviews,v3,Running,True
1778725866,reviews,v3,Running,True
1778725866,reviews,v3,Running,True
1778725867,details,v1,Running,True
1778725867,details,v1,Running,True
1778725867,details,v1,Running,True
1778725867,productpage,v1,Running,True
1778725867,productpage,v1,Running,True
1778725867,productpage,v1,Running,True
1778725867,productpage,v1,Running,True
1778725867,productpage,v1,Running,True
1778725867,productpage,v1,Running,True
1778725867,productpage,v1,Running,True
1778725867,productpage,v1,Running,True
1778725867,productpage,v1,Running,True
1778725867,productpage,v1,Running,True
1778725867,productpage,v1,Running,True
1778725867,productpage,v1,Running,True
1778725867,productpage,v1,Running,True
1778725867,productpage,v1,Running,True
1778725867,productpage,v1,Running,True
1778725867,ratings,v1,Running,True
1778725867,reviews,v3,Running,True
1778725867,reviews,v3,Running,True
1778725867,reviews,v3,Running,True
1778725867,reviews,v3,Running,True
1778725868,details,v1,Running,True
1778725868,details,v1,Running,True
1778725868,details,v1,Running,True
1778725868,productpage,v1,Running,True
1778725868,productpage,v1,Running,True
1778725868,productpage,v1,Running,True
1778725868,productpage,v1,Running,True
1778725868,productpage,v1,Running,True
1778725868,productpage,v1,Running,True
1778725868,productpage,v1,Running,True
1778725868,productpage,v1,Running,True
1778725868,productpage,v1,Running,True
1778725868,productpage,v1,Running,True
1778725868,productpage,v1,Running,True
1778725868,productpage,v1,Running,True
1778725868,productpage,v1,Running,True
1778725868,productpage,v1,Running,True
1778725868,productpage,v1,Running,True
1778725868,ratings,v1,Running,True
1778725868,reviews,v3,Running,True
1778725868,reviews,v3,Running,True
1778725868,reviews,v3,Running,True
1778725868,reviews,v3,Running,True
1778725869,details,v1,Running,True
1778725869,details,v1,Running,True
1778725869,details,v1,Running,True
1778725869,productpage,v1,Running,True
1778725869,productpage,v1,Running,True
1778725869,productpage,v1,Running,True
1778725869,productpage,v1,Running,True
1778725869,productpage,v1,Running,True
1778725869,productpage,v1,Running,True
1778725869,productpage,v1,Running,True
1778725869,productpage,v1,Running,True
1778725869,productpage,v1,Running,True
1778725869,productpage,v1,Running,True
1778725869,productpage,v1,Running,True
1778725869,productpage,v1,Running,True
1778725869,productpage,v1,Running,True
1778725869,productpage,v1,Running,True
1778725869,productpage,v1,Running,True
1778725869,ratings,v1,Running,True
1778725869,reviews,v3,Running,True
1778725869,reviews,v3,Running,True
1778725869,reviews,v3,Running,True
1778725869,reviews,v3,Running,True
1778725870,details,v1,Running,True
1778725870,details,v1,Running,True
1778725870,details,v1,Running,True
1778725870,productpage,v1,Running,True
1778725870,productpage,v1,Running,True
1778725870,productpage,v1,Running,True
1778725870,productpage,v1,Running,True
1778725870,productpage,v1,Running,True
1778725870,productpage,v1,Running,True
1778725870,productpage,v1,Running,True
1778725870,productpage,v1,Running,True
1778725870,productpage,v1,Running,True
1778725870,productpage,v1,Running,True
1778725870,productpage,v1,Running,True
1778725870,productpage,v1,Running,True
1778725870,productpage,v1,Running,True
1778725870,productpage,v1,Running,True
1778725870,productpage,v1,Running,True
1778725870,ratings,v1,Running,True
1778725870,reviews,v3,Running,True
1778725870,reviews,v3,Running,True
1778725870,reviews,v3,Running,True
1778725870,reviews,v3,Running,True
1778725871,details,v1,Running,True
1778725871,details,v1,Running,True
1778725871,details,v1,Running,True
1778725871,productpage,v1,Running,True
1778725871,productpage,v1,Running,True
1778725871,productpage,v1,Running,True
1778725871,productpage,v1,Running,True
1778725871,productpage,v1,Running,True
1778725871,productpage,v1,Running,True
1778725871,productpage,v1,Running,True
1778725871,productpage,v1,Running,True
1778725871,productpage,v1,Running,True
1778725871,productpage,v1,Running,True
1778725871,productpage,v1,Running,True
1778725871,productpage,v1,Running,True
1778725871,productpage,v1,Running,True
1778725871,productpage,v1,Running,True
1778725871,productpage,v1,Running,True
1778725871,ratings,v1,Running,True
1778725871,reviews,v3,Running,True
1778725871,reviews,v3,Running,True
1778725871,reviews,v3,Running,True
1778725871,reviews,v3,Running,True
1778725872,details,v1,Running,True
1778725872,details,v1,Running,True
1778725872,details,v1,Running,True
1778725872,productpage,v1,Running,True
1778725872,productpage,v1,Running,True
1778725872,productpage,v1,Running,True
1778725872,productpage,v1,Running,True
1778725872,productpage,v1,Running,True
1778725872,productpage,v1,Running,True
1778725872,productpage,v1,Running,True
1778725872,productpage,v1,Running,True
1778725872,productpage,v1,Running,True
1778725872,productpage,v1,Running,True
1778725872,productpage,v1,Running,True
1778725872,productpage,v1,Running,True
1778725872,productpage,v1,Running,True
1778725872,productpage,v1,Running,True
1778725872,productpage,v1,Running,True
1778725872,ratings,v1,Running,True
1778725872,reviews,v3,Running,True
1778725872,reviews,v3,Running,True
1778725872,reviews,v3,Running,True
1778725872,reviews,v3,Running,True
1778725873,details,v1,Running,True
1778725873,details,v1,Running,True
1778725873,details,v1,Running,True
1778725873,productpage,v1,Running,True
1778725873,productpage,v1,Running,True
1778725873,productpage,v1,Running,True
1778725873,productpage,v1,Running,True
1778725873,productpage,v1,Running,True
1778725873,productpage,v1,Running,True
1778725873,productpage,v1,Running,True
1778725873,productpage,v1,Running,True
1778725873,productpage,v1,Running,True
1778725873,productpage,v1,Running,True
1778725873,productpage,v1,Running,True
1778725873,productpage,v1,Running,True
1778725873,productpage,v1,Running,True
1778725873,productpage,v1,Running,True
1778725873,productpage,v1,Running,True
1778725873,ratings,v1,Running,True
1778725873,reviews,v3,Running,True
1778725873,reviews,v3,Running,True
1778725873,reviews,v3,Running,True
1778725873,reviews,v3,Running,True
1778725874,details,v1,Running,True
1778725874,details,v1,Running,True
1778725874,details,v1,Running,True
1778725874,productpage,v1,Running,True
1778725874,productpage,v1,Running,True
1778725874,productpage,v1,Running,True
1778725874,productpage,v1,Running,True
1778725874,productpage,v1,Running,True
1778725874,productpage,v1,Running,True
1778725874,productpage,v1,Running,True
1778725874,productpage,v1,Running,True
1778725874,productpage,v1,Running,True
1778725874,productpage,v1,Running,True
1778725874,productpage,v1,Running,True
1778725874,productpage,v1,Running,True
1778725874,productpage,v1,Running,True
1778725874,productpage,v1,Running,True
1778725874,productpage,v1,Running,True
1778725874,ratings,v1,Running,True
1778725874,reviews,v3,Running,True
1778725874,reviews,v3,Running,True
1778725874,reviews,v3,Running,True
1778725874,reviews,v3,Running,True
1778725875,details,v1,Running,True
1778725875,details,v1,Running,True
1778725875,details,v1,Running,True
1778725875,productpage,v1,Running,True
1778725875,productpage,v1,Running,True
1778725875,productpage,v1,Running,True
1778725875,productpage,v1,Running,True
1778725875,productpage,v1,Running,True
1778725875,productpage,v1,Running,True
1778725875,productpage,v1,Running,True
1778725875,productpage,v1,Running,True
1778725875,productpage,v1,Running,True
1778725875,productpage,v1,Running,True
1778725875,productpage,v1,Running,True
1778725875,productpage,v1,Running,True
1778725875,productpage,v1,Running,True
1778725875,productpage,v1,Running,True
1778725875,productpage,v1,Running,True
1778725875,ratings,v1,Running,True
1778725875,reviews,v3,Running,True
1778725875,reviews,v3,Running,True
1778725875,reviews,v3,Running,True
1778725875,reviews,v3,Running,True
1778725876,details,v1,Running,True
1778725876,details,v1,Running,True
1778725876,details,v1,Running,True
1778725876,productpage,v1,Running,True
1778725876,productpage,v1,Running,True
1778725876,productpage,v1,Running,True
1778725876,productpage,v1,Running,True
1778725876,productpage,v1,Running,True
1778725876,productpage,v1,Running,True
1778725876,productpage,v1,Running,True
1778725876,productpage,v1,Running,True
1778725876,productpage,v1,Running,True
1778725876,productpage,v1,Running,True
1778725876,productpage,v1,Running,True
1778725876,productpage,v1,Running,True
1778725876,productpage,v1,Running,True
1778725876,productpage,v1,Running,True
1778725876,productpage,v1,Running,True
1778725876,ratings,v1,Running,True
1778725876,reviews,v3,Running,True
1778725876,reviews,v3,Running,True
1778725876,reviews,v3,Running,True
1778725876,reviews,v3,Running,True
1778725877,details,v1,Running,True
1778725877,details,v1,Running,True
1778725877,details,v1,Running,True
1778725877,productpage,v1,Running,True
1778725877,productpage,v1,Running,True
1778725877,productpage,v1,Running,True
1778725877,productpage,v1,Running,True
1778725877,productpage,v1,Running,True
1778725877,productpage,v1,Running,True
1778725877,productpage,v1,Running,True
1778725877,productpage,v1,Running,True
1778725877,productpage,v1,Running,True
1778725877,productpage,v1,Running,True
1778725877,productpage,v1,Running,True
1778725877,productpage,v1,Running,True
1778725877,productpage,v1,Running,True
1778725877,productpage,v1,Running,True
1778725877,productpage,v1,Running,True
1778725877,ratings,v1,Running,True
1778725877,reviews,v3,Running,True
1778725877,reviews,v3,Running,True
1778725877,reviews,v3,Running,True
1778725877,reviews,v3,Running,True
1778725878,details,v1,Running,True
1778725878,details,v1,Running,True
1778725878,details,v1,Running,True
1778725878,productpage,v1,Running,True
1778725878,productpage,v1,Running,True
1778725878,productpage,v1,Running,True
1778725878,productpage,v1,Running,True
1778725878,productpage,v1,Running,True
1778725878,productpage,v1,Running,True
1778725878,productpage,v1,Running,True
1778725878,productpage,v1,Running,True
1778725878,productpage,v1,Running,True
1778725878,productpage,v1,Running,True
1778725878,productpage,v1,Running,True
1778725878,productpage,v1,Running,True
1778725878,productpage,v1,Running,True
1778725878,productpage,v1,Running,True
1778725878,productpage,v1,Running,True
1778725878,ratings,v1,Running,True
1778725878,reviews,v3,Running,True
1778725878,reviews,v3,Running,True
1778725878,reviews,v3,Running,True
1778725878,reviews,v3,Running,True
1778725879,details,v1,Running,True
1778725879,details,v1,Running,True
1778725879,details,v1,Running,True
1778725879,productpage,v1,Running,True
1778725879,productpage,v1,Running,True
1778725879,productpage,v1,Running,True
1778725879,productpage,v1,Running,True
1778725879,productpage,v1,Running,True
1778725879,productpage,v1,Running,True
1778725879,productpage,v1,Running,True
1778725879,productpage,v1,Running,True
1778725879,productpage,v1,Running,True
1778725879,productpage,v1,Running,True
1778725879,productpage,v1,Running,True
1778725879,productpage,v1,Running,True
1778725879,productpage,v1,Running,True
1778725879,productpage,v1,Running,True
1778725879,productpage,v1,Running,True
1778725879,ratings,v1,Running,True
1778725879,reviews,v3,Running,True
1778725879,reviews,v3,Running,True
1778725879,reviews,v3,Running,True
1778725879,reviews,v3,Running,True
1778725880,details,v1,Running,True
1778725880,details,v1,Running,True
1778725880,details,v1,Running,True
1778725880,productpage,v1,Running,True
1778725880,productpage,v1,Running,True
1778725880,productpage,v1,Running,True
1778725880,productpage,v1,Running,True
1778725880,productpage,v1,Running,True
1778725880,productpage,v1,Running,True
1778725880,productpage,v1,Running,True
1778725880,productpage,v1,Running,True
1778725880,productpage,v1,Running,True
1778725880,productpage,v1,Running,True
1778725880,productpage,v1,Running,True
1778725880,productpage,v1,Running,True
1778725880,productpage,v1,Running,True
1778725880,productpage,v1,Running,True
1778725880,productpage,v1,Running,True
1778725880,ratings,v1,Running,True
1778725880,reviews,v3,Running,True
1778725880,reviews,v3,Running,True
1778725880,reviews,v3,Running,True
1778725880,reviews,v3,Running,True
1778725881,details,v1,Running,True
1778725881,details,v1,Running,True
1778725881,details,v1,Running,True
1778725881,productpage,v1,Running,True
1778725881,productpage,v1,Running,True
1778725881,productpage,v1,Running,True
1778725881,productpage,v1,Running,True
1778725881,productpage,v1,Running,True
1778725881,productpage,v1,Running,True
1778725881,productpage,v1,Running,True
1778725881,productpage,v1,Running,True
1778725881,productpage,v1,Running,True
1778725881,productpage,v1,Running,True
1778725881,productpage,v1,Running,True
1778725881,productpage,v1,Running,True
1778725881,productpage,v1,Running,True
1778725881,productpage,v1,Running,True
1778725881,productpage,v1,Running,True
1778725881,ratings,v1,Running,True
1778725881,reviews,v3,Running,True
1778725881,reviews,v3,Running,True
1778725881,reviews,v3,Running,True
1778725881,reviews,v3,Running,True
1778725882,details,v1,Running,True
1778725882,details,v1,Running,True
1778725882,details,v1,Running,True
1778725882,productpage,v1,Running,True
1778725882,productpage,v1,Running,True
1778725882,productpage,v1,Running,True
1778725882,productpage,v1,Running,True
1778725882,productpage,v1,Running,True
1778725882,productpage,v1,Running,True
1778725882,productpage,v1,Running,True
1778725882,productpage,v1,Running,True
1778725882,productpage,v1,Running,True
1778725882,productpage,v1,Running,True
1778725882,productpage,v1,Running,True
1778725882,productpage,v1,Running,True
1778725882,productpage,v1,Running,True
1778725882,productpage,v1,Running,True
1778725882,productpage,v1,Running,True
1778725882,ratings,v1,Running,True
1778725882,reviews,v3,Running,True
1778725882,reviews,v3,Running,True
1778725882,reviews,v3,Running,True
1778725882,reviews,v3,Running,True
1778725883,details,v1,Running,True
1778725883,details,v1,Running,True
1778725883,details,v1,Running,True
1778725883,productpage,v1,Running,True
1778725883,productpage,v1,Running,True
1778725883,productpage,v1,Running,True
1778725883,productpage,v1,Running,True
1778725883,productpage,v1,Running,True
1778725883,productpage,v1,Running,True
1778725883,productpage,v1,Running,True
1778725883,productpage,v1,Running,True
1778725883,productpage,v1,Running,True
1778725883,productpage,v1,Running,True
1778725883,productpage,v1,Running,True
1778725883,productpage,v1,Running,True
1778725883,productpage,v1,Running,True
1778725883,productpage,v1,Running,True
1778725883,productpage,v1,Running,True
1778725883,ratings,v1,Running,True
1778725883,reviews,v3,Running,True
1778725883,reviews,v3,Running,True
1778725883,reviews,v3,Running,True
1778725883,reviews,v3,Running,True
1778725884,details,v1,Running,True
1778725884,details,v1,Running,True
1778725884,details,v1,Running,True
1778725884,productpage,v1,Running,True
1778725884,productpage,v1,Running,True
1778725884,productpage,v1,Running,True
1778725884,productpage,v1,Running,True
1778725884,productpage,v1,Running,True
1778725884,productpage,v1,Running,True
1778725884,productpage,v1,Running,True
1778725884,productpage,v1,Running,True
1778725884,productpage,v1,Running,True
1778725884,productpage,v1,Running,True
1778725884,productpage,v1,Running,True
1778725884,productpage,v1,Running,True
1778725884,productpage,v1,Running,True
1778725884,productpage,v1,Running,True
1778725884,productpage,v1,Running,True
1778725884,ratings,v1,Running,True
1778725884,reviews,v3,Running,True
1778725884,reviews,v3,Running,True
1778725884,reviews,v3,Running,True
1778725884,reviews,v3,Running,True
1778725885,details,v1,Running,True
1778725885,details,v1,Running,True
1778725885,details,v1,Running,True
1778725885,productpage,v1,Running,True
1778725885,productpage,v1,Running,True
1778725885,productpage,v1,Running,True
1778725885,productpage,v1,Running,True
1778725885,productpage,v1,Running,True
1778725885,productpage,v1,Running,True
1778725885,productpage,v1,Running,True
1778725885,productpage,v1,Running,True
1778725885,productpage,v1,Running,True
1778725885,productpage,v1,Running,True
1778725885,productpage,v1,Running,True
1778725885,productpage,v1,Running,True
1778725885,productpage,v1,Running,True
1778725885,productpage,v1,Running,True
1778725885,productpage,v1,Running,True
1778725885,ratings,v1,Running,True
1778725885,reviews,v3,Running,True
1778725885,reviews,v3,Running,True
1778725885,reviews,v3,Running,True
1778725885,reviews,v3,Running,True
1778725886,details,v1,Running,True
1778725886,details,v1,Running,True
1778725886,details,v1,Running,True
1778725886,productpage,v1,Running,True
1778725886,productpage,v1,Running,True
1778725886,productpage,v1,Running,True
1778725886,productpage,v1,Running,True
1778725886,productpage,v1,Running,True
1778725886,productpage,v1,Running,True
1778725886,productpage,v1,Running,True
1778725886,productpage,v1,Running,True
1778725886,productpage,v1,Running,True
1778725886,productpage,v1,Running,True
1778725886,productpage,v1,Running,True
1778725886,productpage,v1,Running,True
1778725886,productpage,v1,Running,True
1778725886,productpage,v1,Running,True
1778725886,productpage,v1,Running,True
1778725886,ratings,v1,Running,True
1778725886,reviews,v3,Running,True
1778725886,reviews,v3,Running,True
1778725886,reviews,v3,Running,True
1778725886,reviews,v3,Running,True
1778725887,details,v1,Running,True
1778725887,details,v1,Running,True
1778725887,details,v1,Running,True
1778725887,productpage,v1,Running,True
1778725887,productpage,v1,Running,True
1778725887,productpage,v1,Running,True
1778725887,productpage,v1,Running,True
1778725887,productpage,v1,Running,True
1778725887,productpage,v1,Running,True
1778725887,productpage,v1,Running,True
1778725887,productpage,v1,Running,True
1778725887,productpage,v1,Running,True
1778725887,productpage,v1,Running,True
1778725887,productpage,v1,Running,True
1778725887,productpage,v1,Running,True
1778725887,productpage,v1,Running,True
1778725887,productpage,v1,Running,True
1778725887,productpage,v1,Running,True
1778725887,ratings,v1,Running,True
1778725887,reviews,v3,Running,True
1778725887,reviews,v3,Running,True
1778725887,reviews,v3,Running,True
1778725887,reviews,v3,Running,True
1778725888,details,v1,Running,True
1778725888,details,v1,Running,True
1778725888,details,v1,Running,True
1778725888,productpage,v1,Running,True
1778725888,productpage,v1,Running,True
1778725888,productpage,v1,Running,True
1778725888,productpage,v1,Running,True
1778725888,productpage,v1,Running,True
1778725888,productpage,v1,Running,True
1778725888,productpage,v1,Running,True
1778725888,productpage,v1,Running,True
1778725888,productpage,v1,Running,True
1778725888,productpage,v1,Running,True
1778725888,productpage,v1,Running,True
1778725888,productpage,v1,Running,True
1778725888,productpage,v1,Running,True
1778725888,productpage,v1,Running,True
1778725888,productpage,v1,Running,True
1778725888,ratings,v1,Running,True
1778725888,reviews,v3,Running,True
1778725888,reviews,v3,Running,True
1778725888,reviews,v3,Running,True
1778725888,reviews,v3,Running,True
1778725889,details,v1,Running,True
1778725889,details,v1,Running,True
1778725889,details,v1,Running,True
1778725889,productpage,v1,Running,True
1778725889,productpage,v1,Running,True
1778725889,productpage,v1,Running,True
1778725889,productpage,v1,Running,True
1778725889,productpage,v1,Running,True
1778725889,productpage,v1,Running,True
1778725889,productpage,v1,Running,True
1778725889,productpage,v1,Running,True
1778725889,productpage,v1,Running,True
1778725889,productpage,v1,Running,True
1778725889,productpage,v1,Running,True
1778725889,productpage,v1,Running,True
1778725889,productpage,v1,Running,True
1778725889,productpage,v1,Running,True
1778725889,productpage,v1,Running,True
1778725889,ratings,v1,Running,True
1778725889,reviews,v3,Running,True
1778725889,reviews,v3,Running,True
1778725889,reviews,v3,Running,True
1778725889,reviews,v3,Running,True
1778725890,details,v1,Running,True
1778725890,details,v1,Running,True
1778725890,details,v1,Running,True
1778725890,productpage,v1,Running,True
1778725890,productpage,v1,Running,True
1778725890,productpage,v1,Running,True
1778725890,productpage,v1,Running,True
1778725890,productpage,v1,Running,True
1778725890,productpage,v1,Running,True
1778725890,productpage,v1,Running,True
1778725890,productpage,v1,Running,True
1778725890,productpage,v1,Running,True
1778725890,productpage,v1,Running,True
1778725890,productpage,v1,Running,True
1778725890,productpage,v1,Running,True
1778725890,productpage,v1,Running,True
1778725890,productpage,v1,Running,True
1778725890,productpage,v1,Running,True
1778725890,ratings,v1,Running,True
1778725890,reviews,v3,Running,True
1778725890,reviews,v3,Running,True
1778725890,reviews,v3,Running,True
1778725890,reviews,v3,Running,True
1778725891,details,v1,Running,True
1778725891,details,v1,Running,True
1778725891,details,v1,Running,True
1778725891,productpage,v1,Running,True
1778725891,productpage,v1,Running,True
1778725891,productpage,v1,Running,True
1778725891,productpage,v1,Running,True
1778725891,productpage,v1,Running,True
1778725891,productpage,v1,Running,True
1778725891,productpage,v1,Running,True
1778725891,productpage,v1,Running,True
1778725891,productpage,v1,Running,True
1778725891,productpage,v1,Running,True
1778725891,productpage,v1,Running,True
1778725891,productpage,v1,Running,True
1778725891,productpage,v1,Running,True
1778725891,productpage,v1,Running,True
1778725891,productpage,v1,Running,True
1778725891,ratings,v1,Running,True
1778725891,reviews,v3,Running,True
1778725891,reviews,v3,Running,True
1778725891,reviews,v3,Running,True
1778725891,reviews,v3,Running,True
1778725892,details,v1,Running,True
1778725892,details,v1,Running,True
1778725892,details,v1,Running,True
1778725892,productpage,v1,Running,True
1778725892,productpage,v1,Running,True
1778725892,productpage,v1,Running,True
1778725892,productpage,v1,Running,True
1778725892,productpage,v1,Running,True
1778725892,productpage,v1,Running,True
1778725892,productpage,v1,Running,True
1778725892,productpage,v1,Running,True
1778725892,productpage,v1,Running,True
1778725892,productpage,v1,Running,True
1778725892,productpage,v1,Running,True
1778725892,productpage,v1,Running,True
1778725892,productpage,v1,Running,True
1778725892,productpage,v1,Running,True
1778725892,productpage,v1,Running,True
1778725892,ratings,v1,Running,True
1778725892,reviews,v3,Running,True
1778725892,reviews,v3,Running,True
1778725892,reviews,v3,Running,True
1778725892,reviews,v3,Running,True
1778725893,details,v1,Running,True
1778725893,details,v1,Running,True
1778725893,details,v1,Running,True
1778725893,productpage,v1,Running,True
1778725893,productpage,v1,Running,True
1778725893,productpage,v1,Running,True
1778725893,productpage,v1,Running,True
1778725893,productpage,v1,Running,True
1778725893,productpage,v1,Running,True
1778725893,productpage,v1,Running,True
1778725893,productpage,v1,Running,True
1778725893,productpage,v1,Running,True
1778725893,productpage,v1,Running,True
1778725893,productpage,v1,Running,True
1778725893,productpage,v1,Running,True
1778725893,productpage,v1,Running,True
1778725893,productpage,v1,Running,True
1778725893,productpage,v1,Running,True
1778725893,ratings,v1,Running,True
1778725893,reviews,v3,Running,True
1778725893,reviews,v3,Running,True
1778725893,reviews,v3,Pending,False
1778725893,reviews,v3,Running,True
1778725893,reviews,v3,Pending,False
1778725893,reviews,v3,Running,True
1778725894,details,v1,Running,True
1778725894,details,v1,Running,True
1778725894,details,v1,Running,True
1778725894,productpage,v1,Running,True
1778725894,productpage,v1,Running,True
1778725894,productpage,v1,Running,True
1778725894,productpage,v1,Running,True
1778725894,productpage,v1,Running,True
1778725894,productpage,v1,Running,True
1778725894,productpage,v1,Running,True
1778725894,productpage,v1,Running,True
1778725894,productpage,v1,Running,True
1778725894,productpage,v1,Running,True
1778725894,productpage,v1,Running,True
1778725894,productpage,v1,Running,True
1778725894,productpage,v1,Running,True
1778725894,productpage,v1,Running,True
1778725894,productpage,v1,Running,True
1778725894,ratings,v1,Running,True
1778725894,reviews,v3,Running,True
1778725894,reviews,v3,Running,True
1778725894,reviews,v3,Pending,False
1778725894,reviews,v3,Running,True
1778725894,reviews,v3,Pending,False
1778725894,reviews,v3,Running,True
1778725895,details,v1,Running,True
1778725895,details,v1,Running,True
1778725895,details,v1,Running,True
1778725895,productpage,v1,Running,True
1778725895,productpage,v1,Running,True
1778725895,productpage,v1,Running,True
1778725895,productpage,v1,Running,True
1778725895,productpage,v1,Running,True
1778725895,productpage,v1,Running,True
1778725895,productpage,v1,Running,True
1778725895,productpage,v1,Running,True
1778725895,productpage,v1,Running,True
1778725895,productpage,v1,Running,True
1778725895,productpage,v1,Running,True
1778725895,productpage,v1,Running,True
1778725895,productpage,v1,Running,True
1778725895,productpage,v1,Running,True
1778725895,productpage,v1,Running,True
1778725895,ratings,v1,Running,True
1778725895,reviews,v3,Running,True
1778725895,reviews,v3,Running,True
1778725895,reviews,v3,Running,False
1778725895,reviews,v3,Running,True
1778725895,reviews,v3,Running,False
1778725895,reviews,v3,Running,True
1778725896,details,v1,Running,True
1778725896,details,v1,Running,True
1778725896,details,v1,Running,True
1778725896,productpage,v1,Running,True
1778725896,productpage,v1,Running,True
1778725896,productpage,v1,Running,True
1778725896,productpage,v1,Running,True
1778725896,productpage,v1,Running,True
1778725896,productpage,v1,Running,True
1778725896,productpage,v1,Running,True
1778725896,productpage,v1,Running,True
1778725896,productpage,v1,Running,True
1778725896,productpage,v1,Running,True
1778725896,productpage,v1,Running,True
1778725896,productpage,v1,Running,True
1778725896,productpage,v1,Running,True
1778725896,productpage,v1,Running,True
1778725896,productpage,v1,Running,True
1778725896,ratings,v1,Running,True
1778725896,reviews,v3,Running,True
1778725896,reviews,v3,Running,True
1778725896,reviews,v3,Running,True
1778725896,reviews,v3,Running,True
1778725896,reviews,v3,Running,True
1778725896,reviews,v3,Running,True
1778725897,details,v1,Running,True
1778725897,details,v1,Running,True
1778725897,details,v1,Running,True
1778725897,productpage,v1,Running,True
1778725897,productpage,v1,Running,True
1778725897,productpage,v1,Running,True
1778725897,productpage,v1,Running,True
1778725897,productpage,v1,Running,True
1778725897,productpage,v1,Running,True
1778725897,productpage,v1,Running,True
1778725897,productpage,v1,Running,True
1778725897,productpage,v1,Running,True
1778725897,productpage,v1,Running,True
1778725897,productpage,v1,Running,True
1778725897,productpage,v1,Running,True
1778725897,productpage,v1,Running,True
1778725897,productpage,v1,Running,True
1778725897,productpage,v1,Running,True
1778725897,ratings,v1,Running,True
1778725897,reviews,v3,Running,True
1778725897,reviews,v3,Running,True
1778725897,reviews,v3,Running,True
1778725897,reviews,v3,Running,True
1778725897,reviews,v3,Running,True
1778725897,reviews,v3,Running,True
1778725898,details,v1,Running,True
1778725898,details,v1,Running,True
1778725898,details,v1,Running,True
1778725898,productpage,v1,Running,True
1778725898,productpage,v1,Running,True
1778725898,productpage,v1,Running,True
1778725898,productpage,v1,Running,True
1778725898,productpage,v1,Running,True
1778725898,productpage,v1,Running,True
1778725898,productpage,v1,Running,True
1778725898,productpage,v1,Running,True
1778725898,productpage,v1,Running,True
1778725898,productpage,v1,Running,True
1778725898,productpage,v1,Running,True
1778725898,productpage,v1,Running,True
1778725898,productpage,v1,Running,True
1778725898,productpage,v1,Running,True
1778725898,productpage,v1,Running,True
1778725898,ratings,v1,Running,True
1778725898,reviews,v3,Running,True
1778725898,reviews,v3,Running,True
1778725898,reviews,v3,Running,True
1778725898,reviews,v3,Running,True
1778725898,reviews,v3,Running,True
1778725898,reviews,v3,Running,True
1778725899,details,v1,Running,True
1778725899,details,v1,Running,True
1778725899,details,v1,Running,True
1778725899,productpage,v1,Running,True
1778725899,productpage,v1,Running,True
1778725899,productpage,v1,Running,True
1778725899,productpage,v1,Running,True
1778725899,productpage,v1,Running,True
1778725899,productpage,v1,Running,True
1778725899,productpage,v1,Running,True
1778725899,productpage,v1,Running,True
1778725899,productpage,v1,Running,True
1778725899,productpage,v1,Running,True
1778725899,productpage,v1,Running,True
1778725899,productpage,v1,Running,True
1778725899,productpage,v1,Running,True
1778725899,productpage,v1,Running,True
1778725899,productpage,v1,Running,True
1778725899,ratings,v1,Running,True
1778725899,reviews,v3,Running,True
1778725899,reviews,v3,Running,True
1778725899,reviews,v3,Running,True
1778725899,reviews,v3,Running,True
1778725899,reviews,v3,Running,True
1778725899,reviews,v3,Running,True
1778725900,details,v1,Running,True
1778725900,details,v1,Running,True
1778725900,details,v1,Running,True
1778725900,productpage,v1,Running,True
1778725900,productpage,v1,Running,True
1778725900,productpage,v1,Running,True
1778725900,productpage,v1,Running,True
1778725900,productpage,v1,Running,True
1778725900,productpage,v1,Running,True
1778725900,productpage,v1,Running,True
1778725900,productpage,v1,Running,True
1778725900,productpage,v1,Running,True
1778725900,productpage,v1,Running,True
1778725900,productpage,v1,Running,True
1778725900,productpage,v1,Running,True
1778725900,productpage,v1,Running,True
1778725900,productpage,v1,Running,True
1778725900,productpage,v1,Running,True
1778725900,ratings,v1,Running,True
1778725900,reviews,v3,Running,True
1778725900,reviews,v3,Running,True
1778725900,reviews,v3,Running,True
1778725900,reviews,v3,Running,True
1778725900,reviews,v3,Running,True
1778725900,reviews,v3,Running,True
1778725901,details,v1,Running,True
1778725901,details,v1,Running,True
1778725901,details,v1,Running,True
1778725901,productpage,v1,Running,True
1778725901,productpage,v1,Running,True
1778725901,productpage,v1,Running,True
1778725901,productpage,v1,Running,True
1778725901,productpage,v1,Running,True
1778725901,productpage,v1,Running,True
1778725901,productpage,v1,Running,True
1778725901,productpage,v1,Running,True
1778725901,productpage,v1,Running,True
1778725901,productpage,v1,Running,True
1778725901,productpage,v1,Running,True
1778725901,productpage,v1,Running,True
1778725901,productpage,v1,Running,True
1778725901,productpage,v1,Running,True
1778725901,productpage,v1,Running,True
1778725901,ratings,v1,Running,True
1778725901,reviews,v3,Running,True
1778725901,reviews,v3,Running,True
1778725901,reviews,v3,Running,True
1778725901,reviews,v3,Running,True
1778725901,reviews,v3,Running,True
1778725901,reviews,v3,Running,True
1778725902,details,v1,Running,True
1778725902,details,v1,Running,True
1778725902,details,v1,Running,True
1778725902,productpage,v1,Running,True
1778725902,productpage,v1,Running,True
1778725902,productpage,v1,Running,True
1778725902,productpage,v1,Running,True
1778725902,productpage,v1,Running,True
1778725902,productpage,v1,Running,True
1778725902,productpage,v1,Running,True
1778725902,productpage,v1,Running,True
1778725902,productpage,v1,Running,True
1778725902,productpage,v1,Running,True
1778725902,productpage,v1,Running,True
1778725902,productpage,v1,Running,True
1778725902,productpage,v1,Running,True
1778725902,productpage,v1,Running,True
1778725902,productpage,v1,Running,True
1778725902,ratings,v1,Running,True
1778725902,reviews,v3,Running,True
1778725902,reviews,v3,Running,True
1778725902,reviews,v3,Running,True
1778725902,reviews,v3,Running,True
1778725902,reviews,v3,Running,True
1778725902,reviews,v3,Running,True
1778725903,details,v1,Running,True
1778725903,details,v1,Running,True
1778725903,details,v1,Running,True
1778725903,productpage,v1,Running,True
1778725903,productpage,v1,Running,True
1778725903,productpage,v1,Running,True
1778725903,productpage,v1,Running,True
1778725903,productpage,v1,Running,True
1778725903,productpage,v1,Running,True
1778725903,productpage,v1,Running,True
1778725903,productpage,v1,Running,True
1778725903,productpage,v1,Running,True
1778725903,productpage,v1,Running,True
1778725903,productpage,v1,Running,True
1778725903,productpage,v1,Running,True
1778725903,productpage,v1,Running,True
1778725903,productpage,v1,Running,True
1778725903,productpage,v1,Running,True
1778725903,ratings,v1,Running,True
1778725903,reviews,v3,Running,True
1778725903,reviews,v3,Running,True
1778725903,reviews,v3,Running,True
1778725903,reviews,v3,Running,True
1778725903,reviews,v3,Running,True
1778725903,reviews,v3,Running,True
1778725904,details,v1,Running,True
1778725904,details,v1,Running,True
1778725904,details,v1,Running,True
1778725904,productpage,v1,Running,True
1778725904,productpage,v1,Running,True
1778725904,productpage,v1,Running,True
1778725904,productpage,v1,Running,True
1778725904,productpage,v1,Running,True
1778725904,productpage,v1,Running,True
1778725904,productpage,v1,Running,True
1778725904,productpage,v1,Running,True
1778725904,productpage,v1,Running,True
1778725904,productpage,v1,Running,True
1778725904,productpage,v1,Running,True
1778725904,productpage,v1,Running,True
1778725904,productpage,v1,Running,True
1778725904,productpage,v1,Running,True
1778725904,productpage,v1,Running,True
1778725904,ratings,v1,Running,True
1778725904,reviews,v3,Running,True
1778725904,reviews,v3,Running,True
1778725904,reviews,v3,Running,True
1778725904,reviews,v3,Running,True
1778725904,reviews,v3,Running,True
1778725904,reviews,v3,Running,True
1778725905,details,v1,Running,True
1778725905,details,v1,Running,True
1778725905,details,v1,Running,True
1778725905,productpage,v1,Running,True
1778725905,productpage,v1,Running,True
1778725905,productpage,v1,Running,True
1778725905,productpage,v1,Running,True
1778725905,productpage,v1,Running,True
1778725905,productpage,v1,Running,True
1778725905,productpage,v1,Running,True
1778725905,productpage,v1,Running,True
1778725905,productpage,v1,Running,True
1778725905,productpage,v1,Running,True
1778725905,productpage,v1,Running,True
1778725905,productpage,v1,Running,True
1778725905,productpage,v1,Running,True
1778725905,productpage,v1,Running,True
1778725905,productpage,v1,Running,True
1778725905,ratings,v1,Running,True
1778725905,reviews,v3,Running,True
1778725905,reviews,v3,Running,True
1778725905,reviews,v3,Running,True
1778725905,reviews,v3,Running,True
1778725905,reviews,v3,Running,True
1778725905,reviews,v3,Running,True
1778725906,details,v1,Running,True
1778725906,details,v1,Running,True
1778725906,details,v1,Running,True
1778725906,productpage,v1,Running,True
1778725906,productpage,v1,Running,True
1778725906,productpage,v1,Running,True
1778725906,productpage,v1,Running,True
1778725906,productpage,v1,Running,True
1778725906,productpage,v1,Running,True
1778725906,productpage,v1,Running,True
1778725906,productpage,v1,Running,True
1778725906,productpage,v1,Running,True
1778725906,productpage,v1,Running,True
1778725906,productpage,v1,Running,True
1778725906,productpage,v1,Running,True
1778725906,productpage,v1,Running,True
1778725906,productpage,v1,Running,True
1778725906,productpage,v1,Running,True
1778725906,ratings,v1,Running,True
1778725906,reviews,v3,Running,True
1778725906,reviews,v3,Running,True
1778725906,reviews,v3,Running,True
1778725906,reviews,v3,Running,True
1778725906,reviews,v3,Running,True
1778725906,reviews,v3,Running,True
1778725907,details,v1,Running,True
1778725907,details,v1,Running,True
1778725907,details,v1,Running,True
1778725907,productpage,v1,Running,True
1778725907,productpage,v1,Running,True
1778725907,productpage,v1,Running,True
1778725907,productpage,v1,Running,True
1778725907,productpage,v1,Running,True
1778725907,productpage,v1,Running,True
1778725907,productpage,v1,Running,True
1778725907,productpage,v1,Running,True
1778725907,productpage,v1,Running,True
1778725907,productpage,v1,Running,True
1778725907,productpage,v1,Running,True
1778725907,productpage,v1,Running,True
1778725907,productpage,v1,Running,True
1778725907,productpage,v1,Running,True
1778725907,productpage,v1,Running,True
1778725907,ratings,v1,Running,True
1778725907,reviews,v3,Running,True
1778725907,reviews,v3,Running,True
1778725907,reviews,v3,Running,True
1778725907,reviews,v3,Running,True
1778725907,reviews,v3,Running,True
1778725907,reviews,v3,Running,True
1778725908,details,v1,Running,True
1778725908,details,v1,Running,True
1778725908,details,v1,Running,True
1778725908,productpage,v1,Running,True
1778725908,productpage,v1,Running,True
1778725908,productpage,v1,Running,True
1778725908,productpage,v1,Running,True
1778725908,productpage,v1,Running,True
1778725908,productpage,v1,Running,True
1778725908,productpage,v1,Running,True
1778725908,productpage,v1,Running,True
1778725908,productpage,v1,Running,True
1778725908,productpage,v1,Running,True
1778725908,productpage,v1,Running,True
1778725908,productpage,v1,Running,True
1778725908,productpage,v1,Running,True
1778725908,productpage,v1,Running,True
1778725908,productpage,v1,Running,True
1778725908,ratings,v1,Running,True
1778725908,reviews,v3,Running,True
1778725908,reviews,v3,Running,True
1778725908,reviews,v3,Running,True
1778725908,reviews,v3,Running,True
1778725908,reviews,v3,Running,True
1778725908,reviews,v3,Running,True
1778725909,details,v1,Running,True
1778725909,details,v1,Running,True
1778725909,details,v1,Running,True
1778725909,productpage,v1,Running,True
1778725909,productpage,v1,Running,True
1778725909,productpage,v1,Running,True
1778725909,productpage,v1,Running,True
1778725909,productpage,v1,Running,True
1778725909,productpage,v1,Running,True
1778725909,productpage,v1,Running,True
1778725909,productpage,v1,Running,True
1778725909,productpage,v1,Running,True
1778725909,productpage,v1,Running,True
1778725909,productpage,v1,Running,True
1778725909,productpage,v1,Running,True
1778725909,productpage,v1,Running,True
1778725909,productpage,v1,Running,True
1778725909,productpage,v1,Running,True
1778725909,ratings,v1,Running,True
1778725909,reviews,v3,Running,True
1778725909,reviews,v3,Running,True
1778725909,reviews,v3,Running,True
1778725909,reviews,v3,Running,True
1778725909,reviews,v3,Running,True
1778725909,reviews,v3,Running,True
1778725910,details,v1,Running,True
1778725910,details,v1,Running,True
1778725910,details,v1,Running,True
1778725910,productpage,v1,Running,True
1778725910,productpage,v1,Running,True
1778725910,productpage,v1,Running,True
1778725910,productpage,v1,Running,True
1778725910,productpage,v1,Running,True
1778725910,productpage,v1,Running,True
1778725910,productpage,v1,Running,True
1778725910,productpage,v1,Running,True
1778725910,productpage,v1,Running,True
1778725910,productpage,v1,Running,True
1778725910,productpage,v1,Running,True
1778725910,productpage,v1,Running,True
1778725910,productpage,v1,Running,True
1778725910,productpage,v1,Running,True
1778725910,productpage,v1,Running,True
1778725910,ratings,v1,Running,True
1778725910,reviews,v3,Running,True
1778725910,reviews,v3,Running,True
1778725910,reviews,v3,Running,True
1778725910,reviews,v3,Running,True
1778725910,reviews,v3,Running,True
1778725910,reviews,v3,Running,True
1778725911,details,v1,Running,True
1778725911,details,v1,Running,True
1778725911,details,v1,Running,True
1778725911,productpage,v1,Running,True
1778725911,productpage,v1,Running,True
1778725911,productpage,v1,Running,True
1778725911,productpage,v1,Running,True
1778725911,productpage,v1,Running,True
1778725911,productpage,v1,Running,True
1778725911,productpage,v1,Running,True
1778725911,productpage,v1,Running,True
1778725911,productpage,v1,Running,True
1778725911,productpage,v1,Running,True
1778725911,productpage,v1,Running,True
1778725911,productpage,v1,Running,True
1778725911,productpage,v1,Running,True
1778725911,productpage,v1,Running,True
1778725911,productpage,v1,Running,True
1778725911,ratings,v1,Running,True
1778725911,reviews,v3,Running,True
1778725911,reviews,v3,Running,True
1778725911,reviews,v3,Running,True
1778725911,reviews,v3,Running,True
1778725911,reviews,v3,Running,True
1778725911,reviews,v3,Running,True
1778725912,details,v1,Running,True
1778725912,details,v1,Running,True
1778725912,details,v1,Running,True
1778725912,productpage,v1,Running,True
1778725912,productpage,v1,Running,True
1778725912,productpage,v1,Running,True
1778725912,productpage,v1,Running,True
1778725912,productpage,v1,Running,True
1778725912,productpage,v1,Running,True
1778725912,productpage,v1,Running,True
1778725912,productpage,v1,Running,True
1778725912,productpage,v1,Running,True
1778725912,productpage,v1,Running,True
1778725912,productpage,v1,Running,True
1778725912,productpage,v1,Running,True
1778725912,productpage,v1,Running,True
1778725912,productpage,v1,Running,True
1778725912,productpage,v1,Running,True
1778725912,ratings,v1,Running,True
1778725912,reviews,v3,Running,True
1778725912,reviews,v3,Running,True
1778725912,reviews,v3,Running,True
1778725912,reviews,v3,Running,True
1778725912,reviews,v3,Running,True
1778725912,reviews,v3,Running,True
1778725913,details,v1,Running,True
1778725913,details,v1,Running,True
1778725913,details,v1,Running,True
1778725913,productpage,v1,Running,True
1778725913,productpage,v1,Running,True
1778725913,productpage,v1,Running,True
1778725913,productpage,v1,Running,True
1778725913,productpage,v1,Running,True
1778725913,productpage,v1,Running,True
1778725913,productpage,v1,Running,True
1778725913,productpage,v1,Running,True
1778725913,productpage,v1,Running,True
1778725913,productpage,v1,Running,True
1778725913,productpage,v1,Running,True
1778725913,productpage,v1,Running,True
1778725913,productpage,v1,Running,True
1778725913,productpage,v1,Running,True
1778725913,productpage,v1,Running,True
1778725913,ratings,v1,Running,True
1778725913,reviews,v3,Running,True
1778725913,reviews,v3,Running,True
1778725913,reviews,v3,Running,True
1778725913,reviews,v3,Running,True
1778725913,reviews,v3,Running,True
1778725913,reviews,v3,Running,True
1778725914,details,v1,Running,True
1778725914,details,v1,Running,True
1778725914,details,v1,Running,True
1778725914,productpage,v1,Running,True
1778725914,productpage,v1,Running,True
1778725914,productpage,v1,Running,True
1778725914,productpage,v1,Running,True
1778725914,productpage,v1,Running,True
1778725914,productpage,v1,Running,True
1778725914,productpage,v1,Running,True
1778725914,productpage,v1,Running,True
1778725914,productpage,v1,Running,True
1778725914,productpage,v1,Running,True
1778725914,productpage,v1,Running,True
1778725914,productpage,v1,Running,True
1778725914,productpage,v1,Running,True
1778725914,productpage,v1,Running,True
1778725914,productpage,v1,Running,True
1778725914,ratings,v1,Running,True
1778725914,reviews,v3,Running,True
1778725914,reviews,v3,Running,True
1778725914,reviews,v3,Running,True
1778725914,reviews,v3,Running,True
1778725914,reviews,v3,Running,True
1778725914,reviews,v3,Running,True
1778725915,details,v1,Running,True
1778725915,details,v1,Running,True
1778725915,details,v1,Running,True
1778725915,productpage,v1,Running,True
1778725915,productpage,v1,Running,True
1778725915,productpage,v1,Running,True
1778725915,productpage,v1,Running,True
1778725915,productpage,v1,Running,True
1778725915,productpage,v1,Running,True
1778725915,productpage,v1,Running,True
1778725915,productpage,v1,Running,True
1778725915,productpage,v1,Running,True
1778725915,productpage,v1,Running,True
1778725915,productpage,v1,Running,True
1778725915,productpage,v1,Running,True
1778725915,productpage,v1,Running,True
1778725915,productpage,v1,Running,True
1778725915,productpage,v1,Running,True
1778725915,ratings,v1,Running,True
1778725915,reviews,v3,Running,True
1778725915,reviews,v3,Running,True
1778725915,reviews,v3,Running,True
1778725915,reviews,v3,Running,True
1778725915,reviews,v3,Running,True
1778725915,reviews,v3,Running,True
1778725916,details,v1,Running,True
1778725916,details,v1,Running,True
1778725916,details,v1,Running,True
1778725916,productpage,v1,Running,True
1778725916,productpage,v1,Running,True
1778725916,productpage,v1,Running,True
1778725916,productpage,v1,Running,True
1778725916,productpage,v1,Running,True
1778725916,productpage,v1,Running,True
1778725916,productpage,v1,Running,True
1778725916,productpage,v1,Running,True
1778725916,productpage,v1,Running,True
1778725916,productpage,v1,Running,True
1778725916,productpage,v1,Running,True
1778725916,productpage,v1,Running,True
1778725916,productpage,v1,Running,True
1778725916,productpage,v1,Running,True
1778725916,productpage,v1,Running,True
1778725916,ratings,v1,Running,True
1778725916,reviews,v3,Running,True
1778725916,reviews,v3,Running,True
1778725916,reviews,v3,Running,True
1778725916,reviews,v3,Running,True
1778725916,reviews,v3,Running,True
1778725916,reviews,v3,Running,True
1778725917,details,v1,Running,True
1778725917,details,v1,Running,True
1778725917,details,v1,Running,True
1778725917,productpage,v1,Running,True
1778725917,productpage,v1,Running,True
1778725917,productpage,v1,Running,True
1778725917,productpage,v1,Running,True
1778725917,productpage,v1,Running,True
1778725917,productpage,v1,Running,True
1778725917,productpage,v1,Running,True
1778725917,productpage,v1,Running,True
1778725917,productpage,v1,Running,True
1778725917,productpage,v1,Running,True
1778725917,productpage,v1,Running,True
1778725917,productpage,v1,Running,True
1778725917,productpage,v1,Running,True
1778725917,productpage,v1,Running,True
1778725917,productpage,v1,Running,True
1778725917,ratings,v1,Running,True
1778725917,reviews,v3,Running,True
1778725917,reviews,v3,Running,True
1778725917,reviews,v3,Running,True
1778725917,reviews,v3,Running,True
1778725917,reviews,v3,Running,True
1778725917,reviews,v3,Running,True
1778725918,details,v1,Running,True
1778725918,details,v1,Running,True
1778725918,details,v1,Running,True
1778725918,productpage,v1,Running,True
1778725918,productpage,v1,Running,True
1778725918,productpage,v1,Running,True
1778725918,productpage,v1,Running,True
1778725918,productpage,v1,Running,True
1778725918,productpage,v1,Running,True
1778725918,productpage,v1,Running,True
1778725918,productpage,v1,Running,True
1778725918,productpage,v1,Running,True
1778725918,productpage,v1,Running,True
1778725918,productpage,v1,Running,True
1778725918,productpage,v1,Running,True
1778725918,productpage,v1,Running,True
1778725918,productpage,v1,Running,True
1778725918,productpage,v1,Running,True
1778725918,ratings,v1,Running,True
1778725918,reviews,v3,Running,True
1778725918,reviews,v3,Running,True
1778725918,reviews,v3,Running,True
1778725918,reviews,v3,Running,True
1778725918,reviews,v3,Running,True
1778725918,reviews,v3,Running,True
1778725919,details,v1,Running,True
1778725919,details,v1,Running,True
1778725919,details,v1,Running,True
1778725919,productpage,v1,Running,True
1778725919,productpage,v1,Running,True
1778725919,productpage,v1,Running,True
1778725919,productpage,v1,Running,True
1778725919,productpage,v1,Running,True
1778725919,productpage,v1,Running,True
1778725919,productpage,v1,Running,True
1778725919,productpage,v1,Running,True
1778725919,productpage,v1,Running,True
1778725919,productpage,v1,Running,True
1778725919,productpage,v1,Running,True
1778725919,productpage,v1,Running,True
1778725919,productpage,v1,Running,True
1778725919,productpage,v1,Running,True
1778725919,productpage,v1,Running,True
1778725919,ratings,v1,Running,True
1778725919,reviews,v3,Running,True
1778725919,reviews,v3,Running,True
1778725919,reviews,v3,Running,True
1778725919,reviews,v3,Running,True
1778725919,reviews,v3,Running,True
1778725919,reviews,v3,Running,True
1778725920,details,v1,Running,True
1778725920,details,v1,Running,True
1778725920,details,v1,Running,True
1778725920,productpage,v1,Running,True
1778725920,productpage,v1,Running,True
1778725920,productpage,v1,Running,True
1778725920,productpage,v1,Running,True
1778725920,productpage,v1,Running,True
1778725920,productpage,v1,Running,True
1778725920,productpage,v1,Running,True
1778725920,productpage,v1,Running,True
1778725920,productpage,v1,Running,True
1778725920,productpage,v1,Running,True
1778725920,productpage,v1,Running,True
1778725920,productpage,v1,Running,True
1778725920,productpage,v1,Running,True
1778725920,productpage,v1,Running,True
1778725920,productpage,v1,Running,True
1778725920,ratings,v1,Running,True
1778725920,reviews,v3,Running,True
1778725920,reviews,v3,Running,True
1778725920,reviews,v3,Running,True
1778725920,reviews,v3,Running,True
1778725920,reviews,v3,Running,True
1778725920,reviews,v3,Running,True
1778725921,details,v1,Running,True
1778725921,details,v1,Running,True
1778725921,details,v1,Running,True
1778725921,productpage,v1,Running,True
1778725921,productpage,v1,Running,True
1778725921,productpage,v1,Running,True
1778725921,productpage,v1,Running,True
1778725921,productpage,v1,Running,True
1778725921,productpage,v1,Running,True
1778725921,productpage,v1,Running,True
1778725921,productpage,v1,Running,True
1778725921,productpage,v1,Running,True
1778725921,productpage,v1,Running,True
1778725921,productpage,v1,Running,True
1778725921,productpage,v1,Running,True
1778725921,productpage,v1,Running,True
1778725921,productpage,v1,Running,True
1778725921,productpage,v1,Running,True
1778725921,ratings,v1,Running,True
1778725921,reviews,v3,Running,True
1778725921,reviews,v3,Running,True
1778725921,reviews,v3,Running,True
1778725921,reviews,v3,Running,True
1778725921,reviews,v3,Running,True
1778725921,reviews,v3,Running,True
1778725922,details,v1,Running,True
1778725922,details,v1,Running,True
1778725922,details,v1,Running,True
1778725922,productpage,v1,Running,True
1778725922,productpage,v1,Running,True
1778725922,productpage,v1,Running,True
1778725922,productpage,v1,Running,True
1778725922,productpage,v1,Running,True
1778725922,productpage,v1,Running,True
1778725922,productpage,v1,Running,True
1778725922,productpage,v1,Running,True
1778725922,productpage,v1,Running,True
1778725922,productpage,v1,Running,True
1778725922,productpage,v1,Running,True
1778725922,productpage,v1,Running,True
1778725922,productpage,v1,Running,True
1778725922,productpage,v1,Running,True
1778725922,productpage,v1,Running,True
1778725922,ratings,v1,Running,True
1778725922,reviews,v3,Running,True
1778725922,reviews,v3,Running,True
1778725922,reviews,v3,Running,True
1778725922,reviews,v3,Running,True
1778725922,reviews,v3,Running,True
1778725922,reviews,v3,Running,True
1778725923,details,v1,Running,True
1778725923,details,v1,Running,True
1778725923,details,v1,Running,True
1778725923,productpage,v1,Running,True
1778725923,productpage,v1,Running,True
1778725923,productpage,v1,Running,True
1778725923,productpage,v1,Running,True
1778725923,productpage,v1,Running,True
1778725923,productpage,v1,Running,True
1778725923,productpage,v1,Running,True
1778725923,productpage,v1,Running,True
1778725923,productpage,v1,Running,True
1778725923,productpage,v1,Running,True
1778725923,productpage,v1,Running,True
1778725923,productpage,v1,Running,True
1778725923,productpage,v1,Running,True
1778725923,productpage,v1,Running,True
1778725923,productpage,v1,Running,True
1778725923,ratings,v1,Running,True
1778725923,reviews,v3,Running,True
1778725923,reviews,v3,Running,True
1778725923,reviews,v3,Running,True
1778725923,reviews,v3,Running,True
1778725923,reviews,v3,Running,True
1778725923,reviews,v3,Running,True
1778725924,details,v1,Running,True
1778725924,details,v1,Running,True
1778725924,details,v1,Running,True
1778725924,productpage,v1,Running,True
1778725924,productpage,v1,Running,True
1778725924,productpage,v1,Running,True
1778725924,productpage,v1,Running,True
1778725924,productpage,v1,Running,True
1778725924,productpage,v1,Running,True
1778725924,productpage,v1,Running,True
1778725924,productpage,v1,Running,True
1778725924,productpage,v1,Running,True
1778725924,productpage,v1,Running,True
1778725924,productpage,v1,Running,True
1778725924,productpage,v1,Running,True
1778725924,productpage,v1,Running,True
1778725924,productpage,v1,Running,True
1778725924,productpage,v1,Running,True
1778725924,ratings,v1,Running,True
1778725924,reviews,v3,Running,True
1778725924,reviews,v3,Running,True
1778725924,reviews,v3,Running,True
1778725924,reviews,v3,Running,True
1778725924,reviews,v3,Running,True
1778725924,reviews,v3,Running,True
1778725925,details,v1,Running,True
1778725925,details,v1,Running,True
1778725925,details,v1,Running,True
1778725925,productpage,v1,Running,True
1778725925,productpage,v1,Running,True
1778725925,productpage,v1,Running,True
1778725925,productpage,v1,Running,True
1778725925,productpage,v1,Running,True
1778725925,productpage,v1,Running,True
1778725925,productpage,v1,Running,True
1778725925,productpage,v1,Running,True
1778725925,productpage,v1,Running,True
1778725925,productpage,v1,Running,True
1778725925,productpage,v1,Running,True
1778725925,productpage,v1,Running,True
1778725925,productpage,v1,Running,True
1778725925,productpage,v1,Running,True
1778725925,productpage,v1,Running,True
1778725925,ratings,v1,Running,True
1778725925,reviews,v3,Running,True
1778725925,reviews,v3,Running,True
1778725925,reviews,v3,Running,True
1778725925,reviews,v3,Running,True
1778725925,reviews,v3,Running,True
1778725925,reviews,v3,Running,True
1778725926,details,v1,Running,True
1778725926,details,v1,Running,True
1778725926,details,v1,Running,True
1778725926,productpage,v1,Running,True
1778725926,productpage,v1,Running,True
1778725926,productpage,v1,Running,True
1778725926,productpage,v1,Running,True
1778725926,productpage,v1,Running,True
1778725926,productpage,v1,Running,True
1778725926,productpage,v1,Running,True
1778725926,productpage,v1,Running,True
1778725926,productpage,v1,Running,True
1778725926,productpage,v1,Running,True
1778725926,productpage,v1,Running,True
1778725926,productpage,v1,Running,True
1778725926,productpage,v1,Running,True
1778725926,productpage,v1,Running,True
1778725926,productpage,v1,Running,True
1778725926,ratings,v1,Running,True
1778725926,reviews,v3,Running,True
1778725926,reviews,v3,Running,True
1778725926,reviews,v3,Running,True
1778725926,reviews,v3,Running,True
1778725926,reviews,v3,Running,True
1778725926,reviews,v3,Running,True
1778725927,details,v1,Running,True
1778725927,details,v1,Running,True
1778725927,details,v1,Running,True
1778725927,productpage,v1,Running,True
1778725927,productpage,v1,Running,True
1778725927,productpage,v1,Running,True
1778725927,productpage,v1,Running,True
1778725927,productpage,v1,Running,True
1778725927,productpage,v1,Running,True
1778725927,productpage,v1,Running,True
1778725927,productpage,v1,Running,True
1778725927,productpage,v1,Running,True
1778725927,productpage,v1,Running,True
1778725927,productpage,v1,Running,True
1778725927,productpage,v1,Running,True
1778725927,productpage,v1,Running,True
1778725927,productpage,v1,Running,True
1778725927,productpage,v1,Running,True
1778725927,ratings,v1,Running,True
1778725927,reviews,v3,Running,True
1778725927,reviews,v3,Running,True
1778725927,reviews,v3,Running,True
1778725927,reviews,v3,Running,True
1778725927,reviews,v3,Running,True
1778725927,reviews,v3,Running,True
1778725928,details,v1,Running,True
1778725928,details,v1,Running,True
1778725928,details,v1,Running,True
1778725928,productpage,v1,Running,True
1778725928,productpage,v1,Running,True
1778725928,productpage,v1,Running,True
1778725928,productpage,v1,Running,True
1778725928,productpage,v1,Running,True
1778725928,productpage,v1,Running,True
1778725928,productpage,v1,Running,True
1778725928,productpage,v1,Running,True
1778725928,productpage,v1,Running,True
1778725928,productpage,v1,Running,True
1778725928,productpage,v1,Running,True
1778725928,productpage,v1,Running,True
1778725928,productpage,v1,Running,True
1778725928,productpage,v1,Running,True
1778725928,productpage,v1,Running,True
1778725928,ratings,v1,Running,True
1778725928,reviews,v3,Running,True
1778725928,reviews,v3,Running,True
1778725928,reviews,v3,Running,True
1778725928,reviews,v3,Running,True
1778725928,reviews,v3,Running,True
1778725928,reviews,v3,Running,True
1778725929,details,v1,Running,True
1778725929,details,v1,Running,True
1778725929,details,v1,Running,True
1778725929,productpage,v1,Running,True
1778725929,productpage,v1,Running,True
1778725929,productpage,v1,Running,True
1778725929,productpage,v1,Running,True
1778725929,productpage,v1,Running,True
1778725929,productpage,v1,Running,True
1778725929,productpage,v1,Running,True
1778725929,productpage,v1,Running,True
1778725929,productpage,v1,Running,True
1778725929,productpage,v1,Running,True
1778725929,productpage,v1,Running,True
1778725929,productpage,v1,Running,True
1778725929,productpage,v1,Running,True
1778725929,productpage,v1,Running,True
1778725929,productpage,v1,Running,True
1778725929,ratings,v1,Running,True
1778725929,reviews,v3,Running,True
1778725929,reviews,v3,Running,True
1778725929,reviews,v3,Running,True
1778725929,reviews,v3,Running,True
1778725929,reviews,v3,Running,True
1778725929,reviews,v3,Running,True
1778725930,details,v1,Running,True
1778725930,details,v1,Running,True
1778725930,details,v1,Running,True
1778725930,productpage,v1,Running,True
1778725930,productpage,v1,Running,True
1778725930,productpage,v1,Running,True
1778725930,productpage,v1,Running,True
1778725930,productpage,v1,Running,True
1778725930,productpage,v1,Running,True
1778725930,productpage,v1,Running,True
1778725930,productpage,v1,Running,True
1778725930,productpage,v1,Running,True
1778725930,productpage,v1,Running,True
1778725930,productpage,v1,Running,True
1778725930,productpage,v1,Running,True
1778725930,productpage,v1,Running,True
1778725930,productpage,v1,Running,True
1778725930,productpage,v1,Running,True
1778725930,ratings,v1,Running,True
1778725930,reviews,v3,Running,True
1778725930,reviews,v3,Running,True
1778725930,reviews,v3,Running,True
1778725930,reviews,v3,Running,True
1778725930,reviews,v3,Running,True
1778725930,reviews,v3,Running,True
1778725931,details,v1,Running,True
1778725931,details,v1,Running,True
1778725931,details,v1,Running,True
1778725931,productpage,v1,Running,True
1778725931,productpage,v1,Running,True
1778725931,productpage,v1,Running,True
1778725931,productpage,v1,Running,True
1778725931,productpage,v1,Running,True
1778725931,productpage,v1,Running,True
1778725931,productpage,v1,Running,True
1778725931,productpage,v1,Running,True
1778725931,productpage,v1,Running,True
1778725931,productpage,v1,Running,True
1778725931,productpage,v1,Running,True
1778725931,productpage,v1,Running,True
1778725931,productpage,v1,Running,True
1778725931,productpage,v1,Running,True
1778725931,productpage,v1,Running,True
1778725931,ratings,v1,Running,True
1778725931,reviews,v3,Running,True
1778725931,reviews,v3,Running,True
1778725931,reviews,v3,Running,True
1778725931,reviews,v3,Running,True
1778725931,reviews,v3,Running,True
1778725931,reviews,v3,Running,True
1778725932,details,v1,Running,True
1778725932,details,v1,Running,True
1778725932,details,v1,Running,True
1778725932,productpage,v1,Running,True
1778725932,productpage,v1,Running,True
1778725932,productpage,v1,Running,True
1778725932,productpage,v1,Running,True
1778725932,productpage,v1,Running,True
1778725932,productpage,v1,Running,True
1778725932,productpage,v1,Running,True
1778725932,productpage,v1,Running,True
1778725932,productpage,v1,Running,True
1778725932,productpage,v1,Running,True
1778725932,productpage,v1,Running,True
1778725932,productpage,v1,Running,True
1778725932,productpage,v1,Running,True
1778725932,productpage,v1,Running,True
1778725932,productpage,v1,Running,True
1778725932,ratings,v1,Running,True
1778725932,reviews,v3,Running,True
1778725932,reviews,v3,Running,True
1778725932,reviews,v3,Running,True
1778725932,reviews,v3,Running,True
1778725932,reviews,v3,Running,True
1778725932,reviews,v3,Running,True
1778725933,details,v1,Running,True
1778725933,details,v1,Running,True
1778725933,details,v1,Running,True
1778725933,productpage,v1,Running,True
1778725933,productpage,v1,Running,True
1778725933,productpage,v1,Running,True
1778725933,productpage,v1,Running,True
1778725933,productpage,v1,Running,True
1778725933,productpage,v1,Running,True
1778725933,productpage,v1,Running,True
1778725933,productpage,v1,Running,True
1778725933,productpage,v1,Running,True
1778725933,productpage,v1,Running,True
1778725933,productpage,v1,Running,True
1778725933,productpage,v1,Running,True
1778725933,productpage,v1,Running,True
1778725933,productpage,v1,Running,True
1778725933,productpage,v1,Running,True
1778725933,ratings,v1,Running,True
1778725933,reviews,v3,Running,True
1778725933,reviews,v3,Running,True
1778725933,reviews,v3,Running,True
1778725933,reviews,v3,Running,True
1778725933,reviews,v3,Running,True
1778725933,reviews,v3,Running,True
1778725934,details,v1,Running,True
1778725934,details,v1,Running,True
1778725934,details,v1,Running,True
1778725934,productpage,v1,Running,True
1778725934,productpage,v1,Running,True
1778725934,productpage,v1,Running,True
1778725934,productpage,v1,Running,True
1778725934,productpage,v1,Running,True
1778725934,productpage,v1,Running,True
1778725934,productpage,v1,Running,True
1778725934,productpage,v1,Running,True
1778725934,productpage,v1,Running,True
1778725934,productpage,v1,Running,True
1778725934,productpage,v1,Running,True
1778725934,productpage,v1,Running,True
1778725934,productpage,v1,Running,True
1778725934,productpage,v1,Running,True
1778725934,productpage,v1,Running,True
1778725934,ratings,v1,Running,True
1778725934,reviews,v3,Running,True
1778725934,reviews,v3,Running,True
1778725934,reviews,v3,Running,True
1778725934,reviews,v3,Running,True
1778725934,reviews,v3,Running,True
1778725934,reviews,v3,Running,True
1778725935,details,v1,Running,True
1778725935,details,v1,Running,True
1778725935,details,v1,Running,True
1778725935,productpage,v1,Running,True
1778725935,productpage,v1,Running,True
1778725935,productpage,v1,Running,True
1778725935,productpage,v1,Running,True
1778725935,productpage,v1,Running,True
1778725935,productpage,v1,Running,True
1778725935,productpage,v1,Running,True
1778725935,productpage,v1,Running,True
1778725935,productpage,v1,Running,True
1778725935,productpage,v1,Running,True
1778725935,productpage,v1,Running,True
1778725935,productpage,v1,Running,True
1778725935,productpage,v1,Running,True
1778725935,productpage,v1,Running,True
1778725935,productpage,v1,Running,True
1778725935,ratings,v1,Running,True
1778725935,reviews,v3,Running,True
1778725935,reviews,v3,Running,True
1778725935,reviews,v3,Running,True
1778725935,reviews,v3,Running,True
1778725935,reviews,v3,Running,True
1778725935,reviews,v3,Running,True
1778725936,details,v1,Running,True
1778725936,details,v1,Running,True
1778725936,details,v1,Running,True
1778725936,productpage,v1,Running,True
1778725936,productpage,v1,Running,True
1778725936,productpage,v1,Running,True
1778725936,productpage,v1,Running,True
1778725936,productpage,v1,Running,True
1778725936,productpage,v1,Running,True
1778725936,productpage,v1,Running,True
1778725936,productpage,v1,Running,True
1778725936,productpage,v1,Running,True
1778725936,productpage,v1,Running,True
1778725936,productpage,v1,Running,True
1778725936,productpage,v1,Running,True
1778725936,productpage,v1,Running,True
1778725936,productpage,v1,Running,True
1778725936,productpage,v1,Running,True
1778725936,ratings,v1,Running,True
1778725936,reviews,v3,Running,True
1778725936,reviews,v3,Running,True
1778725936,reviews,v3,Running,True
1778725936,reviews,v3,Running,True
1778725936,reviews,v3,Running,True
1778725936,reviews,v3,Running,True
1778725937,details,v1,Running,True
1778725937,details,v1,Running,True
1778725937,details,v1,Running,True
1778725937,productpage,v1,Running,True
1778725937,productpage,v1,Running,True
1778725937,productpage,v1,Running,True
1778725937,productpage,v1,Running,True
1778725937,productpage,v1,Running,True
1778725937,productpage,v1,Running,True
1778725937,productpage,v1,Running,True
1778725937,productpage,v1,Running,True
1778725937,productpage,v1,Running,True
1778725937,productpage,v1,Running,True
1778725937,productpage,v1,Running,True
1778725937,productpage,v1,Running,True
1778725937,productpage,v1,Running,True
1778725937,productpage,v1,Running,True
1778725937,productpage,v1,Running,True
1778725937,ratings,v1,Running,True
1778725937,reviews,v3,Running,True
1778725937,reviews,v3,Running,True
1778725937,reviews,v3,Running,True
1778725937,reviews,v3,Running,True
1778725937,reviews,v3,Running,True
1778725937,reviews,v3,Running,True
1778725938,details,v1,Running,True
1778725938,details,v1,Running,True
1778725938,details,v1,Running,True
1778725938,productpage,v1,Running,True
1778725938,productpage,v1,Running,True
1778725938,productpage,v1,Running,True
1778725938,productpage,v1,Running,True
1778725938,productpage,v1,Running,True
1778725938,productpage,v1,Running,True
1778725938,productpage,v1,Running,True
1778725938,productpage,v1,Running,True
1778725938,productpage,v1,Running,True
1778725938,productpage,v1,Running,True
1778725938,productpage,v1,Running,True
1778725938,productpage,v1,Running,True
1778725938,productpage,v1,Running,True
1778725938,productpage,v1,Running,True
1778725938,productpage,v1,Running,True
1778725938,ratings,v1,Running,True
1778725938,reviews,v3,Running,True
1778725938,reviews,v3,Running,True
1778725938,reviews,v3,Running,True
1778725938,reviews,v3,Pending,False
1778725938,reviews,v3,Running,True
1778725938,reviews,v3,Running,True
1778725938,reviews,v3,Running,True
1778725938,reviews,v3,Pending,False
1778725939,details,v1,Running,True
1778725939,details,v1,Running,True
1778725939,details,v1,Running,True
1778725939,productpage,v1,Running,True
1778725939,productpage,v1,Running,True
1778725939,productpage,v1,Running,True
1778725939,productpage,v1,Running,True
1778725939,productpage,v1,Running,True
1778725939,productpage,v1,Running,True
1778725939,productpage,v1,Running,True
1778725939,productpage,v1,Running,True
1778725939,productpage,v1,Running,True
1778725939,productpage,v1,Running,True
1778725939,productpage,v1,Running,True
1778725939,productpage,v1,Running,True
1778725939,productpage,v1,Running,True
1778725939,productpage,v1,Running,True
1778725939,productpage,v1,Running,True
1778725939,ratings,v1,Running,True
1778725939,reviews,v3,Running,True
1778725939,reviews,v3,Running,True
1778725939,reviews,v3,Running,True
1778725939,reviews,v3,Pending,False
1778725939,reviews,v3,Running,True
1778725939,reviews,v3,Running,True
1778725939,reviews,v3,Running,True
1778725939,reviews,v3,Pending,False
1778725940,details,v1,Running,True
1778725940,details,v1,Running,True
1778725940,details,v1,Running,True
1778725940,productpage,v1,Running,True
1778725940,productpage,v1,Running,True
1778725940,productpage,v1,Running,True
1778725940,productpage,v1,Running,True
1778725940,productpage,v1,Running,True
1778725940,productpage,v1,Running,True
1778725940,productpage,v1,Running,True
1778725940,productpage,v1,Running,True
1778725940,productpage,v1,Running,True
1778725940,productpage,v1,Running,True
1778725940,productpage,v1,Running,True
1778725940,productpage,v1,Running,True
1778725940,productpage,v1,Running,True
1778725940,productpage,v1,Running,True
1778725940,productpage,v1,Running,True
1778725940,ratings,v1,Running,True
1778725940,reviews,v3,Running,True
1778725940,reviews,v3,Running,True
1778725940,reviews,v3,Running,True
1778725940,reviews,v3,Pending,False
1778725940,reviews,v3,Running,True
1778725940,reviews,v3,Running,True
1778725940,reviews,v3,Running,True
1778725940,reviews,v3,Running,False
1778725941,details,v1,Running,True
1778725941,details,v1,Running,True
1778725941,details,v1,Running,True
1778725941,productpage,v1,Running,True
1778725941,productpage,v1,Running,True
1778725941,productpage,v1,Running,True
1778725941,productpage,v1,Running,True
1778725941,productpage,v1,Running,True
1778725941,productpage,v1,Running,True
1778725941,productpage,v1,Running,True
1778725941,productpage,v1,Running,True
1778725941,productpage,v1,Running,True
1778725941,productpage,v1,Running,True
1778725941,productpage,v1,Running,True
1778725941,productpage,v1,Running,True
1778725941,productpage,v1,Running,True
1778725941,productpage,v1,Running,True
1778725941,productpage,v1,Running,True
1778725941,ratings,v1,Running,True
1778725941,reviews,v3,Running,True
1778725941,reviews,v3,Running,True
1778725941,reviews,v3,Running,True
1778725941,reviews,v3,Running,False
1778725941,reviews,v3,Running,True
1778725941,reviews,v3,Running,True
1778725941,reviews,v3,Running,True
1778725941,reviews,v3,Running,True
1778725942,details,v1,Running,True
1778725942,details,v1,Running,True
1778725942,details,v1,Running,True
1778725942,productpage,v1,Running,True
1778725942,productpage,v1,Running,True
1778725942,productpage,v1,Running,True
1778725942,productpage,v1,Running,True
1778725942,productpage,v1,Running,True
1778725942,productpage,v1,Running,True
1778725942,productpage,v1,Running,True
1778725942,productpage,v1,Running,True
1778725942,productpage,v1,Running,True
1778725942,productpage,v1,Running,True
1778725942,productpage,v1,Running,True
1778725942,productpage,v1,Running,True
1778725942,productpage,v1,Running,True
1778725942,productpage,v1,Running,True
1778725942,productpage,v1,Running,True
1778725942,ratings,v1,Running,True
1778725942,reviews,v3,Running,True
1778725942,reviews,v3,Running,True
1778725942,reviews,v3,Running,True
1778725942,reviews,v3,Running,True
1778725942,reviews,v3,Running,True
1778725942,reviews,v3,Running,True
1778725942,reviews,v3,Running,True
1778725942,reviews,v3,Running,True
1778725943,details,v1,Running,True
1778725943,details,v1,Running,True
1778725943,details,v1,Running,True
1778725943,productpage,v1,Running,True
1778725943,productpage,v1,Running,True
1778725943,productpage,v1,Running,True
1778725943,productpage,v1,Running,True
1778725943,productpage,v1,Running,True
1778725943,productpage,v1,Running,True
1778725943,productpage,v1,Running,True
1778725943,productpage,v1,Running,True
1778725943,productpage,v1,Running,True
1778725943,productpage,v1,Running,True
1778725943,productpage,v1,Running,True
1778725943,productpage,v1,Running,True
1778725943,productpage,v1,Running,True
1778725943,productpage,v1,Running,True
1778725943,productpage,v1,Running,True
1778725943,ratings,v1,Running,True
1778725943,reviews,v3,Running,True
1778725943,reviews,v3,Running,True
1778725943,reviews,v3,Running,True
1778725943,reviews,v3,Running,True
1778725943,reviews,v3,Running,True
1778725943,reviews,v3,Running,True
1778725943,reviews,v3,Running,True
1778725943,reviews,v3,Running,True
1778725944,details,v1,Running,True
1778725944,details,v1,Running,True
1778725944,details,v1,Running,True
1778725944,productpage,v1,Running,True
1778725944,productpage,v1,Running,True
1778725944,productpage,v1,Running,True
1778725944,productpage,v1,Running,True
1778725944,productpage,v1,Running,True
1778725944,productpage,v1,Running,True
1778725944,productpage,v1,Running,True
1778725944,productpage,v1,Running,True
1778725944,productpage,v1,Running,True
1778725944,productpage,v1,Running,True
1778725944,productpage,v1,Running,True
1778725944,productpage,v1,Running,True
1778725944,productpage,v1,Running,True
1778725944,productpage,v1,Running,True
1778725944,productpage,v1,Running,True
1778725944,ratings,v1,Running,True
1778725944,reviews,v3,Running,True
1778725944,reviews,v3,Running,True
1778725944,reviews,v3,Running,True
1778725944,reviews,v3,Running,True
1778725944,reviews,v3,Running,True
1778725944,reviews,v3,Running,True
1778725944,reviews,v3,Running,True
1778725944,reviews,v3,Running,True
1778725945,details,v1,Running,True
1778725945,details,v1,Running,True
1778725945,details,v1,Running,True
1778725945,productpage,v1,Running,True
1778725945,productpage,v1,Running,True
1778725945,productpage,v1,Running,True
1778725945,productpage,v1,Running,True
1778725945,productpage,v1,Running,True
1778725945,productpage,v1,Running,True
1778725945,productpage,v1,Running,True
1778725945,productpage,v1,Running,True
1778725945,productpage,v1,Running,True
1778725945,productpage,v1,Running,True
1778725945,productpage,v1,Running,True
1778725945,productpage,v1,Running,True
1778725945,productpage,v1,Running,True
1778725945,productpage,v1,Running,True
1778725945,productpage,v1,Running,True
1778725945,ratings,v1,Running,True
1778725945,reviews,v3,Running,True
1778725945,reviews,v3,Running,True
1778725945,reviews,v3,Running,True
1778725945,reviews,v3,Running,True
1778725945,reviews,v3,Running,True
1778725945,reviews,v3,Running,True
1778725945,reviews,v3,Running,True
1778725945,reviews,v3,Running,True
1778725946,details,v1,Running,True
1778725946,details,v1,Running,True
1778725946,details,v1,Running,True
1778725946,productpage,v1,Running,True
1778725946,productpage,v1,Running,True
1778725946,productpage,v1,Running,True
1778725946,productpage,v1,Running,True
1778725946,productpage,v1,Running,True
1778725946,productpage,v1,Running,True
1778725946,productpage,v1,Running,True
1778725946,productpage,v1,Running,True
1778725946,productpage,v1,Running,True
1778725946,productpage,v1,Running,True
1778725946,productpage,v1,Running,True
1778725946,productpage,v1,Running,True
1778725946,productpage,v1,Running,True
1778725946,productpage,v1,Running,True
1778725946,productpage,v1,Running,True
1778725946,ratings,v1,Running,True
1778725946,reviews,v3,Running,True
1778725946,reviews,v3,Running,True
1778725946,reviews,v3,Running,True
1778725946,reviews,v3,Running,True
1778725946,reviews,v3,Running,True
1778725946,reviews,v3,Running,True
1778725946,reviews,v3,Running,True
1778725946,reviews,v3,Running,True
1778725947,details,v1,Running,True
1778725947,details,v1,Running,True
1778725947,details,v1,Running,True
1778725947,productpage,v1,Running,True
1778725947,productpage,v1,Running,True
1778725947,productpage,v1,Running,True
1778725947,productpage,v1,Running,True
1778725947,productpage,v1,Running,True
1778725947,productpage,v1,Running,True
1778725947,productpage,v1,Running,True
1778725947,productpage,v1,Running,True
1778725947,productpage,v1,Running,True
1778725947,productpage,v1,Running,True
1778725947,productpage,v1,Running,True
1778725947,productpage,v1,Running,True
1778725947,productpage,v1,Running,True
1778725947,productpage,v1,Running,True
1778725947,productpage,v1,Running,True
1778725947,ratings,v1,Running,True
1778725947,reviews,v3,Running,True
1778725947,reviews,v3,Running,True
1778725947,reviews,v3,Running,True
1778725947,reviews,v3,Running,True
1778725947,reviews,v3,Running,True
1778725947,reviews,v3,Running,True
1778725947,reviews,v3,Running,True
1778725947,reviews,v3,Running,True
1778725948,details,v1,Running,True
1778725948,details,v1,Running,True
1778725948,details,v1,Running,True
1778725948,productpage,v1,Running,True
1778725948,productpage,v1,Running,True
1778725948,productpage,v1,Running,True
1778725948,productpage,v1,Running,True
1778725948,productpage,v1,Running,True
1778725948,productpage,v1,Running,True
1778725948,productpage,v1,Running,True
1778725948,productpage,v1,Running,True
1778725948,productpage,v1,Running,True
1778725948,productpage,v1,Running,True
1778725948,productpage,v1,Running,True
1778725948,productpage,v1,Running,True
1778725948,productpage,v1,Running,True
1778725948,productpage,v1,Running,True
1778725948,productpage,v1,Running,True
1778725948,ratings,v1,Running,True
1778725948,reviews,v3,Running,True
1778725948,reviews,v3,Running,True
1778725948,reviews,v3,Running,True
1778725948,reviews,v3,Running,True
1778725948,reviews,v3,Running,True
1778725948,reviews,v3,Running,True
1778725948,reviews,v3,Running,True
1778725948,reviews,v3,Running,True
1778725949,details,v1,Running,True
1778725949,details,v1,Running,True
1778725949,details,v1,Running,True
1778725949,productpage,v1,Running,True
1778725949,productpage,v1,Running,True
1778725949,productpage,v1,Running,True
1778725949,productpage,v1,Running,True
1778725949,productpage,v1,Running,True
1778725949,productpage,v1,Running,True
1778725949,productpage,v1,Running,True
1778725949,productpage,v1,Running,True
1778725949,productpage,v1,Running,True
1778725949,productpage,v1,Running,True
1778725949,productpage,v1,Running,True
1778725949,productpage,v1,Running,True
1778725949,productpage,v1,Running,True
1778725949,productpage,v1,Running,True
1778725949,productpage,v1,Running,True
1778725949,ratings,v1,Running,True
1778725949,reviews,v3,Running,True
1778725949,reviews,v3,Running,True
1778725949,reviews,v3,Running,True
1778725949,reviews,v3,Running,True
1778725949,reviews,v3,Running,True
1778725949,reviews,v3,Running,True
1778725949,reviews,v3,Running,True
1778725949,reviews,v3,Running,True
1778725950,details,v1,Running,True
1778725950,details,v1,Running,True
1778725950,details,v1,Running,True
1778725950,productpage,v1,Running,True
1778725950,productpage,v1,Running,True
1778725950,productpage,v1,Running,True
1778725950,productpage,v1,Running,True
1778725950,productpage,v1,Running,True
1778725950,productpage,v1,Running,True
1778725950,productpage,v1,Running,True
1778725950,productpage,v1,Running,True
1778725950,productpage,v1,Running,True
1778725950,productpage,v1,Running,True
1778725950,productpage,v1,Running,True
1778725950,productpage,v1,Running,True
1778725950,productpage,v1,Running,True
1778725950,productpage,v1,Running,True
1778725950,productpage,v1,Running,True
1778725950,ratings,v1,Running,True
1778725950,reviews,v3,Running,True
1778725950,reviews,v3,Running,True
1778725950,reviews,v3,Running,True
1778725950,reviews,v3,Running,True
1778725950,reviews,v3,Running,True
1778725950,reviews,v3,Running,True
1778725950,reviews,v3,Running,True
1778725950,reviews,v3,Running,True
1778725951,details,v1,Running,True
1778725951,details,v1,Running,True
1778725951,details,v1,Running,True
1778725951,productpage,v1,Running,True
1778725951,productpage,v1,Running,True
1778725951,productpage,v1,Running,True
1778725951,productpage,v1,Running,True
1778725951,productpage,v1,Running,True
1778725951,productpage,v1,Running,True
1778725951,productpage,v1,Running,True
1778725951,productpage,v1,Running,True
1778725951,productpage,v1,Running,True
1778725951,productpage,v1,Running,True
1778725951,productpage,v1,Running,True
1778725951,productpage,v1,Running,True
1778725951,productpage,v1,Running,True
1778725951,productpage,v1,Running,True
1778725951,productpage,v1,Running,True
1778725951,ratings,v1,Running,True
1778725951,reviews,v3,Running,True
1778725951,reviews,v3,Running,True
1778725951,reviews,v3,Running,True
1778725951,reviews,v3,Running,True
1778725951,reviews,v3,Running,True
1778725951,reviews,v3,Running,True
1778725951,reviews,v3,Running,True
1778725951,reviews,v3,Running,True
1778725952,details,v1,Running,True
1778725952,details,v1,Running,True
1778725952,details,v1,Running,True
1778725952,productpage,v1,Running,True
1778725952,productpage,v1,Running,True
1778725952,productpage,v1,Running,True
1778725952,productpage,v1,Running,True
1778725952,productpage,v1,Running,True
1778725952,productpage,v1,Running,True
1778725952,productpage,v1,Running,True
1778725952,productpage,v1,Running,True
1778725952,productpage,v1,Running,True
1778725952,productpage,v1,Running,True
1778725952,productpage,v1,Running,True
1778725952,productpage,v1,Running,True
1778725952,productpage,v1,Running,True
1778725952,productpage,v1,Running,True
1778725952,productpage,v1,Running,True
1778725952,ratings,v1,Running,True
1778725952,reviews,v3,Running,True
1778725952,reviews,v3,Running,True
1778725952,reviews,v3,Running,True
1778725952,reviews,v3,Running,True
1778725952,reviews,v3,Running,True
1778725952,reviews,v3,Running,True
1778725952,reviews,v3,Running,True
1778725952,reviews,v3,Running,True
1778725953,details,v1,Running,True
1778725953,details,v1,Running,True
1778725953,details,v1,Running,True
1778725953,productpage,v1,Running,True
1778725953,productpage,v1,Running,True
1778725953,productpage,v1,Running,True
1778725953,productpage,v1,Running,True
1778725953,productpage,v1,Running,True
1778725953,productpage,v1,Running,True
1778725953,productpage,v1,Running,True
1778725953,productpage,v1,Running,True
1778725953,productpage,v1,Running,True
1778725953,productpage,v1,Running,True
1778725953,productpage,v1,Running,True
1778725953,productpage,v1,Running,True
1778725953,productpage,v1,Running,True
1778725953,productpage,v1,Running,True
1778725953,productpage,v1,Running,True
1778725953,ratings,v1,Running,True
1778725953,reviews,v3,Running,True
1778725953,reviews,v3,Running,True
1778725953,reviews,v3,Running,True
1778725953,reviews,v3,Running,True
1778725953,reviews,v3,Running,True
1778725953,reviews,v3,Running,True
1778725953,reviews,v3,Running,True
1778725953,reviews,v3,Running,True
1778725954,details,v1,Running,True
1778725954,details,v1,Running,True
1778725954,details,v1,Running,True
1778725954,productpage,v1,Running,True
1778725954,productpage,v1,Running,True
1778725954,productpage,v1,Running,True
1778725954,productpage,v1,Running,True
1778725954,productpage,v1,Running,True
1778725954,productpage,v1,Running,True
1778725954,productpage,v1,Running,True
1778725954,productpage,v1,Running,True
1778725954,productpage,v1,Running,True
1778725954,productpage,v1,Running,True
1778725954,productpage,v1,Running,True
1778725954,productpage,v1,Running,True
1778725954,productpage,v1,Running,True
1778725954,productpage,v1,Running,True
1778725954,productpage,v1,Running,True
1778725954,ratings,v1,Running,True
1778725954,reviews,v3,Running,True
1778725954,reviews,v3,Running,True
1778725954,reviews,v3,Running,True
1778725954,reviews,v3,Running,True
1778725954,reviews,v3,Running,True
1778725954,reviews,v3,Running,True
1778725954,reviews,v3,Running,True
1778725954,reviews,v3,Running,True
1778725955,details,v1,Running,True
1778725955,details,v1,Running,True
1778725955,details,v1,Running,True
1778725955,productpage,v1,Running,True
1778725955,productpage,v1,Running,True
1778725955,productpage,v1,Running,True
1778725955,productpage,v1,Running,True
1778725955,productpage,v1,Running,True
1778725955,productpage,v1,Running,True
1778725955,productpage,v1,Running,True
1778725955,productpage,v1,Running,True
1778725955,productpage,v1,Running,True
1778725955,productpage,v1,Running,True
1778725955,productpage,v1,Running,True
1778725955,productpage,v1,Running,True
1778725955,productpage,v1,Running,True
1778725955,productpage,v1,Running,True
1778725955,productpage,v1,Running,True
1778725955,ratings,v1,Running,True
1778725955,reviews,v3,Running,True
1778725955,reviews,v3,Running,True
1778725955,reviews,v3,Running,True
1778725955,reviews,v3,Running,True
1778725955,reviews,v3,Running,True
1778725955,reviews,v3,Running,True
1778725955,reviews,v3,Running,True
1778725955,reviews,v3,Running,True
1778725956,details,v1,Running,True
1778725956,details,v1,Running,True
1778725956,details,v1,Running,True
1778725956,productpage,v1,Running,True
1778725956,productpage,v1,Running,True
1778725956,productpage,v1,Running,True
1778725956,productpage,v1,Running,True
1778725956,productpage,v1,Running,True
1778725956,productpage,v1,Running,True
1778725956,productpage,v1,Running,True
1778725956,productpage,v1,Running,True
1778725956,productpage,v1,Running,True
1778725956,productpage,v1,Running,True
1778725956,productpage,v1,Running,True
1778725956,productpage,v1,Running,True
1778725956,productpage,v1,Running,True
1778725956,productpage,v1,Running,True
1778725956,productpage,v1,Running,True
1778725956,ratings,v1,Running,True
1778725956,reviews,v3,Running,True
1778725956,reviews,v3,Running,True
1778725956,reviews,v3,Running,True
1778725956,reviews,v3,Running,True
1778725956,reviews,v3,Running,True
1778725956,reviews,v3,Running,True
1778725956,reviews,v3,Running,True
1778725956,reviews,v3,Running,True
1778725957,details,v1,Running,True
1778725957,details,v1,Running,True
1778725957,details,v1,Running,True
1778725957,productpage,v1,Running,True
1778725957,productpage,v1,Running,True
1778725957,productpage,v1,Running,True
1778725957,productpage,v1,Running,True
1778725957,productpage,v1,Running,True
1778725957,productpage,v1,Running,True
1778725957,productpage,v1,Running,True
1778725957,productpage,v1,Running,True
1778725957,productpage,v1,Running,True
1778725957,productpage,v1,Running,True
1778725957,productpage,v1,Running,True
1778725957,productpage,v1,Running,True
1778725957,productpage,v1,Running,True
1778725957,productpage,v1,Running,True
1778725957,productpage,v1,Running,True
1778725957,ratings,v1,Running,True
1778725957,reviews,v3,Running,True
1778725957,reviews,v3,Running,True
1778725957,reviews,v3,Running,True
1778725957,reviews,v3,Running,True
1778725957,reviews,v3,Running,True
1778725957,reviews,v3,Running,True
1778725957,reviews,v3,Running,True
1778725957,reviews,v3,Running,True
1778725958,details,v1,Running,True
1778725958,details,v1,Running,True
1778725958,details,v1,Running,True
1778725958,productpage,v1,Running,True
1778725958,productpage,v1,Running,True
1778725958,productpage,v1,Running,True
1778725958,productpage,v1,Running,True
1778725958,productpage,v1,Running,True
1778725958,productpage,v1,Running,True
1778725958,productpage,v1,Running,True
1778725958,productpage,v1,Running,True
1778725958,productpage,v1,Running,True
1778725958,productpage,v1,Running,True
1778725958,productpage,v1,Running,True
1778725958,productpage,v1,Running,True
1778725958,productpage,v1,Running,True
1778725958,productpage,v1,Running,True
1778725958,productpage,v1,Running,True
1778725958,ratings,v1,Running,True
1778725958,reviews,v3,Running,True
1778725958,reviews,v3,Running,True
1778725958,reviews,v3,Running,True
1778725958,reviews,v3,Running,True
1778725958,reviews,v3,Running,True
1778725958,reviews,v3,Running,True
1778725958,reviews,v3,Running,True
1778725958,reviews,v3,Running,True
1778725959,details,v1,Running,True
1778725959,details,v1,Running,True
1778725959,details,v1,Running,True
1778725959,productpage,v1,Running,True
1778725959,productpage,v1,Running,True
1778725959,productpage,v1,Running,True
1778725959,productpage,v1,Running,True
1778725959,productpage,v1,Running,True
1778725959,productpage,v1,Running,True
1778725959,productpage,v1,Running,True
1778725959,productpage,v1,Running,True
1778725959,productpage,v1,Running,True
1778725959,productpage,v1,Running,True
1778725959,productpage,v1,Running,True
1778725959,productpage,v1,Running,True
1778725959,productpage,v1,Running,True
1778725959,productpage,v1,Running,True
1778725959,productpage,v1,Running,True
1778725959,ratings,v1,Running,True
1778725959,reviews,v3,Running,True
1778725959,reviews,v3,Running,True
1778725959,reviews,v3,Running,True
1778725959,reviews,v3,Running,True
1778725959,reviews,v3,Running,True
1778725959,reviews,v3,Running,True
1778725959,reviews,v3,Running,True
1778725959,reviews,v3,Running,True
1778725960,details,v1,Running,True
1778725960,details,v1,Running,True
1778725960,details,v1,Running,True
1778725960,productpage,v1,Running,True
1778725960,productpage,v1,Running,True
1778725960,productpage,v1,Running,True
1778725960,productpage,v1,Running,True
1778725960,productpage,v1,Running,True
1778725960,productpage,v1,Running,True
1778725960,productpage,v1,Running,True
1778725960,productpage,v1,Running,True
1778725960,productpage,v1,Running,True
1778725960,productpage,v1,Running,True
1778725960,productpage,v1,Running,True
1778725960,productpage,v1,Running,True
1778725960,productpage,v1,Running,True
1778725960,productpage,v1,Running,True
1778725960,productpage,v1,Running,True
1778725960,ratings,v1,Running,True
1778725960,reviews,v3,Running,True
1778725960,reviews,v3,Running,True
1778725960,reviews,v3,Running,True
1778725960,reviews,v3,Running,True
1778725960,reviews,v3,Running,True
1778725960,reviews,v3,Running,True
1778725960,reviews,v3,Running,True
1778725960,reviews,v3,Running,True
1778725961,details,v1,Running,True
1778725961,details,v1,Running,True
1778725961,details,v1,Running,True
1778725961,productpage,v1,Running,True
1778725961,productpage,v1,Running,True
1778725961,productpage,v1,Running,True
1778725961,productpage,v1,Running,True
1778725961,productpage,v1,Running,True
1778725961,productpage,v1,Running,True
1778725961,productpage,v1,Running,True
1778725961,productpage,v1,Running,True
1778725961,productpage,v1,Running,True
1778725961,productpage,v1,Running,True
1778725961,productpage,v1,Running,True
1778725961,productpage,v1,Running,True
1778725961,productpage,v1,Running,True
1778725961,productpage,v1,Running,True
1778725961,productpage,v1,Running,True
1778725961,ratings,v1,Running,True
1778725961,reviews,v3,Running,True
1778725961,reviews,v3,Running,True
1778725961,reviews,v3,Running,True
1778725961,reviews,v3,Running,True
1778725961,reviews,v3,Running,True
1778725961,reviews,v3,Running,True
1778725961,reviews,v3,Running,True
1778725961,reviews,v3,Running,True
1778725962,details,v1,Running,True
1778725962,details,v1,Running,True
1778725962,details,v1,Running,True
1778725962,productpage,v1,Running,True
1778725962,productpage,v1,Running,True
1778725962,productpage,v1,Running,True
1778725962,productpage,v1,Running,True
1778725962,productpage,v1,Running,True
1778725962,productpage,v1,Running,True
1778725962,productpage,v1,Running,True
1778725962,productpage,v1,Running,True
1778725962,productpage,v1,Running,True
1778725962,productpage,v1,Running,True
1778725962,productpage,v1,Running,True
1778725962,productpage,v1,Running,True
1778725962,productpage,v1,Running,True
1778725962,productpage,v1,Running,True
1778725962,productpage,v1,Running,True
1778725962,ratings,v1,Running,True
1778725962,reviews,v3,Running,True
1778725962,reviews,v3,Running,True
1778725962,reviews,v3,Running,True
1778725962,reviews,v3,Running,True
1778725962,reviews,v3,Running,True
1778725962,reviews,v3,Running,True
1778725962,reviews,v3,Running,True
1778725962,reviews,v3,Running,True
1778725963,details,v1,Running,True
1778725963,details,v1,Running,True
1778725963,details,v1,Running,True
1778725963,productpage,v1,Running,True
1778725963,productpage,v1,Running,True
1778725963,productpage,v1,Running,True
1778725963,productpage,v1,Running,True
1778725963,productpage,v1,Running,True
1778725963,productpage,v1,Running,True
1778725963,productpage,v1,Running,True
1778725963,productpage,v1,Running,True
1778725963,productpage,v1,Running,True
1778725963,productpage,v1,Running,True
1778725963,productpage,v1,Running,True
1778725963,productpage,v1,Running,True
1778725963,productpage,v1,Running,True
1778725963,productpage,v1,Running,True
1778725963,productpage,v1,Running,True
1778725963,ratings,v1,Running,True
1778725963,reviews,v3,Running,True
1778725963,reviews,v3,Running,True
1778725963,reviews,v3,Running,True
1778725963,reviews,v3,Running,True
1778725963,reviews,v3,Running,True
1778725963,reviews,v3,Running,True
1778725963,reviews,v3,Running,True
1778725963,reviews,v3,Running,True
1778725964,details,v1,Running,True
1778725964,details,v1,Running,True
1778725964,details,v1,Running,True
1778725964,productpage,v1,Running,True
1778725964,productpage,v1,Running,True
1778725964,productpage,v1,Running,True
1778725964,productpage,v1,Running,True
1778725964,productpage,v1,Running,True
1778725964,productpage,v1,Running,True
1778725964,productpage,v1,Running,True
1778725964,productpage,v1,Running,True
1778725964,productpage,v1,Running,True
1778725964,productpage,v1,Running,True
1778725964,productpage,v1,Running,True
1778725964,productpage,v1,Running,True
1778725964,productpage,v1,Running,True
1778725964,productpage,v1,Running,True
1778725964,productpage,v1,Running,True
1778725964,ratings,v1,Running,True
1778725964,reviews,v3,Running,True
1778725964,reviews,v3,Running,True
1778725964,reviews,v3,Running,True
1778725964,reviews,v3,Running,True
1778725964,reviews,v3,Running,True
1778725964,reviews,v3,Running,True
1778725964,reviews,v3,Running,True
1778725964,reviews,v3,Running,True
