timestamp,app,version,phase,ready
1779267727,details,v1,Running,True
1779267727,details,v1,Running,True
1779267727,details,v1,Running,True
1779267727,details,v1,Running,True
1779267727,details,v1,Running,True
1779267727,details,v1,Running,True
1779267727,details,v1,Running,True
1779267727,details,v1,Running,True
1779267727,productpage,v1,Running,True
1779267727,productpage,v1,Running,True
1779267727,productpage,v1,Running,True
1779267727,productpage,v1,Running,True
1779267727,productpage,v1,Running,True
1779267727,productpage,v1,Running,True
1779267727,productpage,v1,Running,True
1779267727,productpage,v1,Running,True
1779267727,productpage,v1,Running,True
1779267727,productpage,v1,Running,True
1779267727,productpage,v1,Running,True
1779267727,productpage,v1,Running,True
1779267727,productpage,v1,Running,True
1779267727,productpage,v1,Running,True
1779267727,productpage,v1,Running,True
1779267727,productpage,v1,Running,True
1779267727,productpage,v1,Running,True
1779267727,productpage,v1,Running,True
1779267727,productpage,v1,Running,True
1779267727,productpage,v1,Running,True
1779267727,ratings,v1,Running,True
1779267727,ratings,v1,Running,True
1779267727,reviews,v1,Running,True
1779267727,reviews,v2,Running,True
1779267727,reviews,v2,Running,True
1779267727,reviews,v2,Running,True
1779267727,reviews,v2,Running,True
1779267727,reviews,v2,Running,True
1779267727,reviews,v2,Running,True
1779267727,reviews,v2,Running,True
1779267727,reviews,v2,Running,True
1779267727,reviews,v3,Running,True
1779267728,details,v1,Running,True
1779267728,details,v1,Running,True
1779267728,details,v1,Running,True
1779267728,details,v1,Running,True
1779267728,details,v1,Running,True
1779267728,details,v1,Running,True
1779267728,details,v1,Running,True
1779267728,details,v1,Running,True
1779267728,productpage,v1,Running,True
1779267728,productpage,v1,Running,True
1779267728,productpage,v1,Running,True
1779267728,productpage,v1,Running,True
1779267728,productpage,v1,Running,True
1779267728,productpage,v1,Running,True
1779267728,productpage,v1,Running,True
1779267728,productpage,v1,Running,True
1779267728,productpage,v1,Running,True
1779267728,productpage,v1,Running,True
1779267728,productpage,v1,Running,True
1779267728,productpage,v1,Running,True
1779267728,productpage,v1,Running,True
1779267728,productpage,v1,Running,True
1779267728,productpage,v1,Running,True
1779267728,productpage,v1,Running,True
1779267728,productpage,v1,Running,True
1779267728,productpage,v1,Running,True
1779267728,productpage,v1,Running,True
1779267728,productpage,v1,Running,True
1779267728,ratings,v1,Running,True
1779267728,ratings,v1,Running,True
1779267728,reviews,v1,Running,True
1779267728,reviews,v2,Running,True
1779267728,reviews,v2,Running,True
1779267728,reviews,v2,Running,True
1779267728,reviews,v2,Running,True
1779267728,reviews,v2,Running,True
1779267728,reviews,v2,Running,True
1779267728,reviews,v2,Running,True
1779267728,reviews,v2,Running,True
1779267728,reviews,v3,Running,True
1779267729,details,v1,Running,True
1779267729,details,v1,Running,True
1779267729,details,v1,Running,True
1779267729,details,v1,Running,True
1779267729,details,v1,Running,True
1779267729,details,v1,Running,True
1779267729,details,v1,Running,True
1779267729,details,v1,Running,True
1779267729,productpage,v1,Running,True
1779267729,productpage,v1,Running,True
1779267729,productpage,v1,Running,True
1779267729,productpage,v1,Running,True
1779267729,productpage,v1,Running,True
1779267729,productpage,v1,Running,True
1779267729,productpage,v1,Running,True
1779267729,productpage,v1,Running,True
1779267729,productpage,v1,Running,True
1779267729,productpage,v1,Running,True
1779267729,productpage,v1,Running,True
1779267729,productpage,v1,Running,True
1779267729,productpage,v1,Running,True
1779267729,productpage,v1,Running,True
1779267729,productpage,v1,Running,True
1779267729,productpage,v1,Running,True
1779267729,productpage,v1,Running,True
1779267729,productpage,v1,Running,True
1779267729,productpage,v1,Running,True
1779267729,productpage,v1,Running,True
1779267729,ratings,v1,Running,True
1779267729,ratings,v1,Running,True
1779267729,reviews,v1,Running,True
1779267729,reviews,v2,Running,True
1779267729,reviews,v2,Running,True
1779267729,reviews,v2,Running,True
1779267729,reviews,v2,Running,True
1779267729,reviews,v2,Running,True
1779267729,reviews,v2,Running,True
1779267729,reviews,v2,Running,True
1779267729,reviews,v2,Running,True
1779267729,reviews,v3,Running,True
1779267730,details,v1,Running,True
1779267730,details,v1,Running,True
1779267730,details,v1,Running,True
1779267730,details,v1,Running,True
1779267730,details,v1,Running,True
1779267730,details,v1,Running,True
1779267730,details,v1,Running,True
1779267730,details,v1,Running,True
1779267730,productpage,v1,Running,True
1779267730,productpage,v1,Running,True
1779267730,productpage,v1,Running,True
1779267730,productpage,v1,Running,True
1779267730,productpage,v1,Running,True
1779267730,productpage,v1,Running,True
1779267730,productpage,v1,Running,True
1779267730,productpage,v1,Running,True
1779267730,productpage,v1,Running,True
1779267730,productpage,v1,Running,True
1779267730,productpage,v1,Running,True
1779267730,productpage,v1,Running,True
1779267730,productpage,v1,Running,True
1779267730,productpage,v1,Running,True
1779267730,productpage,v1,Running,True
1779267730,productpage,v1,Running,True
1779267730,productpage,v1,Running,True
1779267730,productpage,v1,Running,True
1779267730,productpage,v1,Running,True
1779267730,productpage,v1,Running,True
1779267730,ratings,v1,Running,True
1779267730,ratings,v1,Running,True
1779267730,reviews,v1,Running,True
1779267730,reviews,v2,Running,True
1779267730,reviews,v2,Running,True
1779267730,reviews,v2,Running,True
1779267730,reviews,v2,Running,True
1779267730,reviews,v2,Running,True
1779267730,reviews,v2,Running,True
1779267730,reviews,v2,Running,True
1779267730,reviews,v2,Running,True
1779267730,reviews,v3,Running,True
1779267731,details,v1,Running,True
1779267731,details,v1,Running,True
1779267731,details,v1,Running,True
1779267731,details,v1,Running,True
1779267731,details,v1,Running,True
1779267731,details,v1,Running,True
1779267731,details,v1,Running,True
1779267731,details,v1,Running,True
1779267731,productpage,v1,Running,True
1779267731,productpage,v1,Running,True
1779267731,productpage,v1,Running,True
1779267731,productpage,v1,Running,True
1779267731,productpage,v1,Running,True
1779267731,productpage,v1,Running,True
1779267731,productpage,v1,Running,True
1779267731,productpage,v1,Running,True
1779267731,productpage,v1,Running,True
1779267731,productpage,v1,Running,True
1779267731,productpage,v1,Running,True
1779267731,productpage,v1,Running,True
1779267731,productpage,v1,Running,True
1779267731,productpage,v1,Running,True
1779267731,productpage,v1,Running,True
1779267731,productpage,v1,Running,True
1779267731,productpage,v1,Running,True
1779267731,productpage,v1,Running,True
1779267731,productpage,v1,Running,True
1779267731,productpage,v1,Running,True
1779267731,ratings,v1,Running,True
1779267731,ratings,v1,Running,True
1779267731,reviews,v1,Running,True
1779267731,reviews,v2,Running,True
1779267731,reviews,v2,Running,True
1779267731,reviews,v2,Running,True
1779267731,reviews,v2,Running,True
1779267731,reviews,v2,Running,True
1779267731,reviews,v2,Running,True
1779267731,reviews,v2,Running,True
1779267731,reviews,v2,Running,True
1779267731,reviews,v3,Running,True
1779267732,details,v1,Running,True
1779267732,details,v1,Running,True
1779267732,details,v1,Running,True
1779267732,details,v1,Running,True
1779267732,details,v1,Running,True
1779267732,details,v1,Running,True
1779267732,details,v1,Running,True
1779267732,details,v1,Running,True
1779267732,productpage,v1,Running,True
1779267732,productpage,v1,Running,True
1779267732,productpage,v1,Running,True
1779267732,productpage,v1,Running,True
1779267732,productpage,v1,Running,True
1779267732,productpage,v1,Running,True
1779267732,productpage,v1,Running,True
1779267732,productpage,v1,Running,True
1779267732,productpage,v1,Running,True
1779267732,productpage,v1,Running,True
1779267732,productpage,v1,Running,True
1779267732,productpage,v1,Running,True
1779267732,productpage,v1,Running,True
1779267732,productpage,v1,Running,True
1779267732,productpage,v1,Running,True
1779267732,productpage,v1,Running,True
1779267732,productpage,v1,Running,True
1779267732,productpage,v1,Running,True
1779267732,productpage,v1,Running,True
1779267732,productpage,v1,Running,True
1779267732,ratings,v1,Running,True
1779267732,ratings,v1,Running,True
1779267732,reviews,v1,Running,True
1779267732,reviews,v2,Running,True
1779267732,reviews,v2,Running,True
1779267732,reviews,v2,Running,True
1779267732,reviews,v2,Running,True
1779267732,reviews,v2,Running,True
1779267732,reviews,v2,Running,True
1779267732,reviews,v2,Running,True
1779267732,reviews,v2,Running,True
1779267732,reviews,v3,Running,True
1779267733,details,v1,Running,True
1779267733,details,v1,Running,True
1779267733,details,v1,Running,True
1779267733,details,v1,Running,True
1779267733,details,v1,Running,True
1779267733,details,v1,Running,True
1779267733,details,v1,Running,True
1779267733,details,v1,Running,True
1779267733,productpage,v1,Running,True
1779267733,productpage,v1,Running,True
1779267733,productpage,v1,Running,True
1779267733,productpage,v1,Running,True
1779267733,productpage,v1,Running,True
1779267733,productpage,v1,Running,True
1779267733,productpage,v1,Running,True
1779267733,productpage,v1,Running,True
1779267733,productpage,v1,Running,True
1779267733,productpage,v1,Running,True
1779267733,productpage,v1,Running,True
1779267733,productpage,v1,Running,True
1779267733,productpage,v1,Running,True
1779267733,productpage,v1,Running,True
1779267733,productpage,v1,Running,True
1779267733,productpage,v1,Running,True
1779267733,productpage,v1,Running,True
1779267733,productpage,v1,Running,True
1779267733,productpage,v1,Running,True
1779267733,productpage,v1,Running,True
1779267733,ratings,v1,Running,True
1779267733,ratings,v1,Running,True
1779267733,reviews,v1,Running,True
1779267733,reviews,v2,Running,True
1779267733,reviews,v2,Running,True
1779267733,reviews,v2,Running,True
1779267733,reviews,v2,Running,True
1779267733,reviews,v2,Running,True
1779267733,reviews,v2,Running,True
1779267733,reviews,v2,Running,True
1779267733,reviews,v2,Running,True
1779267733,reviews,v3,Running,True
1779267734,details,v1,Running,True
1779267734,details,v1,Running,True
1779267734,details,v1,Running,True
1779267734,details,v1,Running,True
1779267734,details,v1,Running,True
1779267734,details,v1,Running,True
1779267734,details,v1,Running,True
1779267734,details,v1,Running,True
1779267734,productpage,v1,Running,True
1779267734,productpage,v1,Running,True
1779267734,productpage,v1,Running,True
1779267734,productpage,v1,Running,True
1779267734,productpage,v1,Running,True
1779267734,productpage,v1,Running,True
1779267734,productpage,v1,Running,True
1779267734,productpage,v1,Running,True
1779267734,productpage,v1,Running,True
1779267734,productpage,v1,Running,True
1779267734,productpage,v1,Running,True
1779267734,productpage,v1,Running,True
1779267734,productpage,v1,Running,True
1779267734,productpage,v1,Running,True
1779267734,productpage,v1,Running,True
1779267734,productpage,v1,Running,True
1779267734,productpage,v1,Running,True
1779267734,productpage,v1,Running,True
1779267734,productpage,v1,Running,True
1779267734,productpage,v1,Running,True
1779267734,ratings,v1,Running,True
1779267734,ratings,v1,Running,True
1779267734,reviews,v1,Running,True
1779267734,reviews,v2,Running,True
1779267734,reviews,v2,Running,True
1779267734,reviews,v2,Running,True
1779267734,reviews,v2,Running,True
1779267734,reviews,v2,Running,True
1779267734,reviews,v2,Running,True
1779267734,reviews,v2,Running,True
1779267734,reviews,v2,Running,True
1779267734,reviews,v3,Running,True
1779267735,details,v1,Running,True
1779267735,details,v1,Running,True
1779267735,details,v1,Running,True
1779267735,details,v1,Running,True
1779267735,details,v1,Running,True
1779267735,details,v1,Running,True
1779267735,details,v1,Running,True
1779267735,details,v1,Running,True
1779267735,productpage,v1,Running,True
1779267735,productpage,v1,Running,True
1779267735,productpage,v1,Running,True
1779267735,productpage,v1,Running,True
1779267735,productpage,v1,Running,True
1779267735,productpage,v1,Running,True
1779267735,productpage,v1,Running,True
1779267735,productpage,v1,Running,True
1779267735,productpage,v1,Running,True
1779267735,productpage,v1,Running,True
1779267735,productpage,v1,Running,True
1779267735,productpage,v1,Running,True
1779267735,productpage,v1,Running,True
1779267735,productpage,v1,Running,True
1779267735,productpage,v1,Running,True
1779267735,productpage,v1,Running,True
1779267735,productpage,v1,Running,True
1779267735,productpage,v1,Running,True
1779267735,productpage,v1,Running,True
1779267735,productpage,v1,Running,True
1779267735,ratings,v1,Running,True
1779267735,ratings,v1,Running,True
1779267735,reviews,v1,Running,True
1779267735,reviews,v2,Running,True
1779267735,reviews,v2,Running,True
1779267735,reviews,v2,Running,True
1779267735,reviews,v2,Running,True
1779267735,reviews,v2,Running,True
1779267735,reviews,v2,Running,True
1779267735,reviews,v2,Running,True
1779267735,reviews,v2,Running,True
1779267735,reviews,v3,Running,True
1779267736,details,v1,Running,True
1779267736,details,v1,Running,True
1779267736,details,v1,Running,True
1779267736,details,v1,Running,True
1779267736,details,v1,Running,True
1779267736,details,v1,Running,True
1779267736,details,v1,Running,True
1779267736,details,v1,Running,True
1779267736,productpage,v1,Running,True
1779267736,productpage,v1,Running,True
1779267736,productpage,v1,Running,True
1779267736,productpage,v1,Running,True
1779267736,productpage,v1,Running,True
1779267736,productpage,v1,Running,True
1779267736,productpage,v1,Running,True
1779267736,productpage,v1,Running,True
1779267736,productpage,v1,Running,True
1779267736,productpage,v1,Running,True
1779267736,productpage,v1,Running,True
1779267736,productpage,v1,Running,True
1779267736,productpage,v1,Running,True
1779267736,productpage,v1,Running,True
1779267736,productpage,v1,Running,True
1779267736,productpage,v1,Running,True
1779267736,productpage,v1,Running,True
1779267736,productpage,v1,Running,True
1779267736,productpage,v1,Running,True
1779267736,productpage,v1,Running,True
1779267736,ratings,v1,Running,True
1779267736,ratings,v1,Running,True
1779267736,reviews,v1,Running,True
1779267736,reviews,v2,Running,True
1779267736,reviews,v2,Running,True
1779267736,reviews,v2,Running,True
1779267736,reviews,v2,Running,True
1779267736,reviews,v2,Running,True
1779267736,reviews,v2,Running,True
1779267736,reviews,v2,Running,True
1779267736,reviews,v2,Running,True
1779267736,reviews,v3,Running,True
1779267737,details,v1,Running,True
1779267737,details,v1,Running,True
1779267737,details,v1,Running,True
1779267737,details,v1,Running,True
1779267737,details,v1,Running,True
1779267737,details,v1,Running,True
1779267737,details,v1,Running,True
1779267737,details,v1,Running,True
1779267737,productpage,v1,Running,True
1779267737,productpage,v1,Running,True
1779267737,productpage,v1,Running,True
1779267737,productpage,v1,Running,True
1779267737,productpage,v1,Running,True
1779267737,productpage,v1,Running,True
1779267737,productpage,v1,Running,True
1779267737,productpage,v1,Running,True
1779267737,productpage,v1,Running,True
1779267737,productpage,v1,Running,True
1779267737,productpage,v1,Running,True
1779267737,productpage,v1,Running,True
1779267737,productpage,v1,Running,True
1779267737,productpage,v1,Running,True
1779267737,productpage,v1,Running,True
1779267737,productpage,v1,Running,True
1779267737,productpage,v1,Running,True
1779267737,productpage,v1,Running,True
1779267737,productpage,v1,Running,True
1779267737,productpage,v1,Running,True
1779267737,ratings,v1,Running,True
1779267737,ratings,v1,Running,True
1779267737,reviews,v1,Running,True
1779267737,reviews,v2,Running,True
1779267737,reviews,v2,Running,True
1779267737,reviews,v2,Running,True
1779267737,reviews,v2,Running,True
1779267737,reviews,v2,Running,True
1779267737,reviews,v2,Running,True
1779267737,reviews,v2,Running,True
1779267737,reviews,v2,Running,True
1779267737,reviews,v3,Running,True
1779267738,details,v1,Running,True
1779267738,details,v1,Running,True
1779267738,details,v1,Running,True
1779267738,details,v1,Running,True
1779267738,details,v1,Running,True
1779267738,details,v1,Running,True
1779267738,details,v1,Running,True
1779267738,details,v1,Running,True
1779267738,productpage,v1,Running,True
1779267738,productpage,v1,Running,True
1779267738,productpage,v1,Running,True
1779267738,productpage,v1,Running,True
1779267738,productpage,v1,Running,True
1779267738,productpage,v1,Running,True
1779267738,productpage,v1,Running,True
1779267738,productpage,v1,Running,True
1779267738,productpage,v1,Running,True
1779267738,productpage,v1,Running,True
1779267738,productpage,v1,Running,True
1779267738,productpage,v1,Running,True
1779267738,productpage,v1,Running,True
1779267738,productpage,v1,Running,True
1779267738,productpage,v1,Running,True
1779267738,productpage,v1,Running,True
1779267738,productpage,v1,Running,True
1779267738,productpage,v1,Running,True
1779267738,productpage,v1,Running,True
1779267738,productpage,v1,Running,True
1779267738,ratings,v1,Running,True
1779267738,ratings,v1,Running,True
1779267738,reviews,v1,Running,True
1779267738,reviews,v2,Running,True
1779267738,reviews,v2,Running,True
1779267738,reviews,v2,Running,True
1779267738,reviews,v2,Running,True
1779267738,reviews,v2,Running,True
1779267738,reviews,v2,Running,True
1779267738,reviews,v2,Running,True
1779267738,reviews,v2,Running,True
1779267738,reviews,v3,Running,True
1779267739,details,v1,Running,True
1779267739,details,v1,Running,True
1779267739,details,v1,Running,True
1779267739,details,v1,Running,True
1779267739,details,v1,Running,True
1779267739,details,v1,Running,True
1779267739,details,v1,Running,True
1779267739,details,v1,Running,True
1779267739,productpage,v1,Running,True
1779267739,productpage,v1,Running,True
1779267739,productpage,v1,Running,True
1779267739,productpage,v1,Running,True
1779267739,productpage,v1,Running,True
1779267739,productpage,v1,Running,True
1779267739,productpage,v1,Running,True
1779267739,productpage,v1,Running,True
1779267739,productpage,v1,Running,True
1779267739,productpage,v1,Running,True
1779267739,productpage,v1,Running,True
1779267739,productpage,v1,Running,True
1779267739,productpage,v1,Running,True
1779267739,productpage,v1,Running,True
1779267739,productpage,v1,Running,True
1779267739,productpage,v1,Running,True
1779267739,productpage,v1,Running,True
1779267739,productpage,v1,Running,True
1779267739,productpage,v1,Running,True
1779267739,productpage,v1,Running,True
1779267739,ratings,v1,Running,True
1779267739,ratings,v1,Running,True
1779267739,reviews,v1,Running,True
1779267739,reviews,v2,Running,True
1779267739,reviews,v2,Running,True
1779267739,reviews,v2,Running,True
1779267739,reviews,v2,Running,True
1779267739,reviews,v2,Running,True
1779267739,reviews,v2,Running,True
1779267739,reviews,v2,Running,True
1779267739,reviews,v2,Running,True
1779267739,reviews,v3,Running,True
1779267740,details,v1,Running,True
1779267740,details,v1,Running,True
1779267740,details,v1,Running,True
1779267740,details,v1,Running,True
1779267740,details,v1,Running,True
1779267740,details,v1,Running,True
1779267740,details,v1,Running,True
1779267740,details,v1,Running,True
1779267740,productpage,v1,Running,True
1779267740,productpage,v1,Running,True
1779267740,productpage,v1,Running,True
1779267740,productpage,v1,Running,True
1779267740,productpage,v1,Running,True
1779267740,productpage,v1,Running,True
1779267740,productpage,v1,Running,True
1779267740,productpage,v1,Running,True
1779267740,productpage,v1,Running,True
1779267740,productpage,v1,Running,True
1779267740,productpage,v1,Running,True
1779267740,productpage,v1,Running,True
1779267740,productpage,v1,Running,True
1779267740,productpage,v1,Running,True
1779267740,productpage,v1,Running,True
1779267740,productpage,v1,Running,True
1779267740,productpage,v1,Running,True
1779267740,productpage,v1,Running,True
1779267740,productpage,v1,Running,True
1779267740,productpage,v1,Running,True
1779267740,ratings,v1,Running,True
1779267740,ratings,v1,Running,True
1779267740,reviews,v1,Running,True
1779267740,reviews,v2,Running,True
1779267740,reviews,v2,Running,True
1779267740,reviews,v2,Running,True
1779267740,reviews,v2,Running,True
1779267740,reviews,v2,Running,True
1779267740,reviews,v2,Running,True
1779267740,reviews,v2,Running,True
1779267740,reviews,v2,Running,True
1779267740,reviews,v3,Running,True
1779267741,details,v1,Running,True
1779267741,details,v1,Running,True
1779267741,details,v1,Running,True
1779267741,details,v1,Running,True
1779267741,details,v1,Running,True
1779267741,details,v1,Running,True
1779267741,details,v1,Running,True
1779267741,details,v1,Running,True
1779267741,productpage,v1,Running,True
1779267741,productpage,v1,Running,True
1779267741,productpage,v1,Running,True
1779267741,productpage,v1,Running,True
1779267741,productpage,v1,Running,True
1779267741,productpage,v1,Running,True
1779267741,productpage,v1,Running,True
1779267741,productpage,v1,Running,True
1779267741,productpage,v1,Running,True
1779267741,productpage,v1,Running,True
1779267741,productpage,v1,Running,True
1779267741,productpage,v1,Running,True
1779267741,productpage,v1,Running,True
1779267741,productpage,v1,Running,True
1779267741,productpage,v1,Running,True
1779267741,productpage,v1,Running,True
1779267741,productpage,v1,Running,True
1779267741,productpage,v1,Running,True
1779267741,productpage,v1,Running,True
1779267741,productpage,v1,Running,True
1779267741,ratings,v1,Running,True
1779267741,ratings,v1,Running,True
1779267741,reviews,v1,Running,True
1779267741,reviews,v2,Running,True
1779267741,reviews,v2,Running,True
1779267741,reviews,v2,Running,True
1779267741,reviews,v2,Running,True
1779267741,reviews,v2,Running,True
1779267741,reviews,v2,Running,True
1779267741,reviews,v2,Running,True
1779267741,reviews,v2,Running,True
1779267741,reviews,v3,Running,True
1779267742,details,v1,Running,True
1779267742,details,v1,Running,True
1779267742,details,v1,Running,True
1779267742,details,v1,Running,True
1779267742,details,v1,Running,True
1779267742,details,v1,Running,True
1779267742,details,v1,Running,True
1779267742,details,v1,Running,True
1779267742,productpage,v1,Running,True
1779267742,productpage,v1,Running,True
1779267742,productpage,v1,Running,True
1779267742,productpage,v1,Running,True
1779267742,productpage,v1,Running,True
1779267742,productpage,v1,Running,True
1779267742,productpage,v1,Running,True
1779267742,productpage,v1,Running,True
1779267742,productpage,v1,Running,True
1779267742,productpage,v1,Running,True
1779267742,productpage,v1,Running,True
1779267742,productpage,v1,Running,True
1779267742,productpage,v1,Running,True
1779267742,productpage,v1,Running,True
1779267742,productpage,v1,Running,True
1779267742,productpage,v1,Running,True
1779267742,productpage,v1,Running,True
1779267742,productpage,v1,Running,True
1779267742,productpage,v1,Running,True
1779267742,productpage,v1,Running,True
1779267742,ratings,v1,Running,True
1779267742,ratings,v1,Running,True
1779267742,reviews,v1,Running,True
1779267742,reviews,v2,Running,True
1779267742,reviews,v2,Running,True
1779267742,reviews,v2,Running,True
1779267742,reviews,v2,Running,True
1779267742,reviews,v2,Running,True
1779267742,reviews,v2,Pending,
1779267742,reviews,v2,Running,True
1779267742,reviews,v2,Running,True
1779267742,reviews,v2,Running,True
1779267742,reviews,v2,Pending,
1779267742,reviews,v3,Running,True
1779267743,details,v1,Running,True
1779267743,details,v1,Running,True
1779267743,details,v1,Running,True
1779267743,details,v1,Running,True
1779267743,details,v1,Running,True
1779267743,details,v1,Running,True
1779267743,details,v1,Running,True
1779267743,details,v1,Running,True
1779267743,productpage,v1,Running,True
1779267743,productpage,v1,Running,True
1779267743,productpage,v1,Running,True
1779267743,productpage,v1,Running,True
1779267743,productpage,v1,Running,True
1779267743,productpage,v1,Running,True
1779267743,productpage,v1,Running,True
1779267743,productpage,v1,Running,True
1779267743,productpage,v1,Running,True
1779267743,productpage,v1,Running,True
1779267743,productpage,v1,Running,True
1779267743,productpage,v1,Running,True
1779267743,productpage,v1,Running,True
1779267743,productpage,v1,Running,True
1779267743,productpage,v1,Running,True
1779267743,productpage,v1,Running,True
1779267743,productpage,v1,Running,True
1779267743,productpage,v1,Running,True
1779267743,productpage,v1,Running,True
1779267743,productpage,v1,Running,True
1779267743,ratings,v1,Running,True
1779267743,ratings,v1,Running,True
1779267743,reviews,v1,Running,True
1779267743,reviews,v2,Running,True
1779267743,reviews,v2,Running,True
1779267743,reviews,v2,Running,True
1779267743,reviews,v2,Running,True
1779267743,reviews,v2,Running,True
1779267743,reviews,v2,Pending,
1779267743,reviews,v2,Running,True
1779267743,reviews,v2,Running,True
1779267743,reviews,v2,Running,True
1779267743,reviews,v2,Pending,
1779267743,reviews,v3,Running,True
1779267744,details,v1,Running,True
1779267744,details,v1,Running,True
1779267744,details,v1,Running,True
1779267744,details,v1,Running,True
1779267744,details,v1,Running,True
1779267744,details,v1,Running,True
1779267744,details,v1,Running,True
1779267744,details,v1,Running,True
1779267744,productpage,v1,Running,True
1779267744,productpage,v1,Running,True
1779267744,productpage,v1,Running,True
1779267744,productpage,v1,Running,True
1779267744,productpage,v1,Running,True
1779267744,productpage,v1,Running,True
1779267744,productpage,v1,Running,True
1779267744,productpage,v1,Running,True
1779267744,productpage,v1,Running,True
1779267744,productpage,v1,Running,True
1779267744,productpage,v1,Running,True
1779267744,productpage,v1,Running,True
1779267744,productpage,v1,Running,True
1779267744,productpage,v1,Running,True
1779267744,productpage,v1,Running,True
1779267744,productpage,v1,Running,True
1779267744,productpage,v1,Running,True
1779267744,productpage,v1,Running,True
1779267744,productpage,v1,Running,True
1779267744,productpage,v1,Running,True
1779267744,ratings,v1,Running,True
1779267744,ratings,v1,Running,True
1779267744,reviews,v1,Running,True
1779267744,reviews,v2,Running,True
1779267744,reviews,v2,Running,True
1779267744,reviews,v2,Running,True
1779267744,reviews,v2,Running,True
1779267744,reviews,v2,Running,True
1779267744,reviews,v2,Pending,
1779267744,reviews,v2,Running,True
1779267744,reviews,v2,Running,True
1779267744,reviews,v2,Running,True
1779267744,reviews,v2,Pending,
1779267744,reviews,v3,Running,True
1779267745,details,v1,Running,True
1779267745,details,v1,Running,True
1779267745,details,v1,Running,True
1779267745,details,v1,Running,True
1779267745,details,v1,Running,True
1779267745,details,v1,Running,True
1779267745,details,v1,Running,True
1779267745,details,v1,Running,True
1779267745,productpage,v1,Running,True
1779267745,productpage,v1,Running,True
1779267745,productpage,v1,Running,True
1779267745,productpage,v1,Running,True
1779267745,productpage,v1,Running,True
1779267745,productpage,v1,Running,True
1779267745,productpage,v1,Running,True
1779267745,productpage,v1,Running,True
1779267745,productpage,v1,Running,True
1779267745,productpage,v1,Running,True
1779267745,productpage,v1,Running,True
1779267745,productpage,v1,Running,True
1779267745,productpage,v1,Running,True
1779267745,productpage,v1,Running,True
1779267745,productpage,v1,Running,True
1779267745,productpage,v1,Running,True
1779267745,productpage,v1,Running,True
1779267745,productpage,v1,Running,True
1779267745,productpage,v1,Running,True
1779267745,productpage,v1,Running,True
1779267745,ratings,v1,Running,True
1779267745,ratings,v1,Running,True
1779267745,reviews,v1,Running,True
1779267745,reviews,v2,Running,True
1779267745,reviews,v2,Running,True
1779267745,reviews,v2,Running,True
1779267745,reviews,v2,Running,True
1779267745,reviews,v2,Running,True
1779267745,reviews,v2,Pending,
1779267745,reviews,v2,Running,True
1779267745,reviews,v2,Running,True
1779267745,reviews,v2,Running,True
1779267745,reviews,v2,Pending,
1779267745,reviews,v3,Running,True
1779267746,details,v1,Running,True
1779267746,details,v1,Running,True
1779267746,details,v1,Running,True
1779267746,details,v1,Running,True
1779267746,details,v1,Running,True
1779267746,details,v1,Running,True
1779267746,details,v1,Running,True
1779267746,details,v1,Running,True
1779267746,productpage,v1,Running,True
1779267746,productpage,v1,Running,True
1779267746,productpage,v1,Running,True
1779267746,productpage,v1,Running,True
1779267746,productpage,v1,Running,True
1779267746,productpage,v1,Running,True
1779267746,productpage,v1,Running,True
1779267746,productpage,v1,Running,True
1779267746,productpage,v1,Running,True
1779267746,productpage,v1,Running,True
1779267746,productpage,v1,Running,True
1779267746,productpage,v1,Running,True
1779267746,productpage,v1,Running,True
1779267746,productpage,v1,Running,True
1779267746,productpage,v1,Running,True
1779267746,productpage,v1,Running,True
1779267746,productpage,v1,Running,True
1779267746,productpage,v1,Running,True
1779267746,productpage,v1,Running,True
1779267746,productpage,v1,Running,True
1779267746,ratings,v1,Running,True
1779267746,ratings,v1,Running,True
1779267746,reviews,v1,Running,True
1779267746,reviews,v2,Running,True
1779267746,reviews,v2,Running,True
1779267746,reviews,v2,Running,True
1779267746,reviews,v2,Running,True
1779267746,reviews,v2,Running,True
1779267746,reviews,v2,Pending,
1779267746,reviews,v2,Running,True
1779267746,reviews,v2,Running,True
1779267746,reviews,v2,Running,True
1779267746,reviews,v2,Pending,
1779267746,reviews,v3,Running,True
1779267747,details,v1,Running,True
1779267747,details,v1,Running,True
1779267747,details,v1,Running,True
1779267747,details,v1,Running,True
1779267747,details,v1,Running,True
1779267747,details,v1,Running,True
1779267747,details,v1,Running,True
1779267747,details,v1,Running,True
1779267747,productpage,v1,Running,True
1779267747,productpage,v1,Running,True
1779267747,productpage,v1,Running,True
1779267747,productpage,v1,Running,True
1779267747,productpage,v1,Running,True
1779267747,productpage,v1,Running,True
1779267747,productpage,v1,Running,True
1779267747,productpage,v1,Running,True
1779267747,productpage,v1,Running,True
1779267747,productpage,v1,Running,True
1779267747,productpage,v1,Running,True
1779267747,productpage,v1,Running,True
1779267747,productpage,v1,Running,True
1779267747,productpage,v1,Running,True
1779267747,productpage,v1,Running,True
1779267747,productpage,v1,Running,True
1779267747,productpage,v1,Running,True
1779267747,productpage,v1,Running,True
1779267747,productpage,v1,Running,True
1779267747,productpage,v1,Running,True
1779267747,ratings,v1,Running,True
1779267747,ratings,v1,Running,True
1779267747,reviews,v1,Running,True
1779267747,reviews,v2,Running,True
1779267747,reviews,v2,Running,True
1779267747,reviews,v2,Running,True
1779267747,reviews,v2,Running,True
1779267747,reviews,v2,Running,True
1779267747,reviews,v2,Pending,
1779267747,reviews,v2,Running,True
1779267747,reviews,v2,Running,True
1779267747,reviews,v2,Running,True
1779267747,reviews,v2,Pending,
1779267747,reviews,v3,Running,True
1779267748,details,v1,Running,True
1779267748,details,v1,Running,True
1779267748,details,v1,Running,True
1779267748,details,v1,Running,True
1779267748,details,v1,Running,True
1779267748,details,v1,Running,True
1779267748,details,v1,Running,True
1779267748,details,v1,Running,True
1779267748,productpage,v1,Running,True
1779267748,productpage,v1,Running,True
1779267748,productpage,v1,Running,True
1779267748,productpage,v1,Running,True
1779267748,productpage,v1,Running,True
1779267748,productpage,v1,Running,True
1779267748,productpage,v1,Running,True
1779267748,productpage,v1,Running,True
1779267748,productpage,v1,Running,True
1779267748,productpage,v1,Running,True
1779267748,productpage,v1,Running,True
1779267748,productpage,v1,Running,True
1779267748,productpage,v1,Running,True
1779267748,productpage,v1,Running,True
1779267748,productpage,v1,Running,True
1779267748,productpage,v1,Running,True
1779267748,productpage,v1,Running,True
1779267748,productpage,v1,Running,True
1779267748,productpage,v1,Running,True
1779267748,productpage,v1,Running,True
1779267748,ratings,v1,Running,True
1779267748,ratings,v1,Running,True
1779267748,reviews,v1,Running,True
1779267748,reviews,v2,Running,True
1779267748,reviews,v2,Running,True
1779267748,reviews,v2,Running,True
1779267748,reviews,v2,Running,True
1779267748,reviews,v2,Running,True
1779267748,reviews,v2,Pending,
1779267748,reviews,v2,Running,True
1779267748,reviews,v2,Running,True
1779267748,reviews,v2,Running,True
1779267748,reviews,v2,Pending,
1779267748,reviews,v3,Running,True
1779267749,details,v1,Running,True
1779267749,details,v1,Running,True
1779267749,details,v1,Running,True
1779267749,details,v1,Running,True
1779267749,details,v1,Running,True
1779267749,details,v1,Running,True
1779267749,details,v1,Running,True
1779267749,details,v1,Running,True
1779267749,productpage,v1,Running,True
1779267749,productpage,v1,Running,True
1779267749,productpage,v1,Running,True
1779267749,productpage,v1,Running,True
1779267749,productpage,v1,Running,True
1779267749,productpage,v1,Running,True
1779267749,productpage,v1,Running,True
1779267749,productpage,v1,Running,True
1779267749,productpage,v1,Running,True
1779267749,productpage,v1,Running,True
1779267749,productpage,v1,Running,True
1779267749,productpage,v1,Running,True
1779267749,productpage,v1,Running,True
1779267749,productpage,v1,Running,True
1779267749,productpage,v1,Running,True
1779267749,productpage,v1,Running,True
1779267749,productpage,v1,Running,True
1779267749,productpage,v1,Running,True
1779267749,productpage,v1,Running,True
1779267749,productpage,v1,Running,True
1779267749,ratings,v1,Running,True
1779267749,ratings,v1,Running,True
1779267749,reviews,v1,Running,True
1779267749,reviews,v2,Running,True
1779267749,reviews,v2,Running,True
1779267749,reviews,v2,Running,True
1779267749,reviews,v2,Running,True
1779267749,reviews,v2,Running,True
1779267749,reviews,v2,Pending,
1779267749,reviews,v2,Running,True
1779267749,reviews,v2,Running,True
1779267749,reviews,v2,Running,True
1779267749,reviews,v2,Pending,
1779267749,reviews,v3,Running,True
1779267750,details,v1,Running,True
1779267750,details,v1,Running,True
1779267750,details,v1,Running,True
1779267750,details,v1,Running,True
1779267750,details,v1,Running,True
1779267750,details,v1,Running,True
1779267750,details,v1,Running,True
1779267750,details,v1,Running,True
1779267750,productpage,v1,Running,True
1779267750,productpage,v1,Running,True
1779267750,productpage,v1,Running,True
1779267750,productpage,v1,Running,True
1779267750,productpage,v1,Running,True
1779267750,productpage,v1,Running,True
1779267750,productpage,v1,Running,True
1779267750,productpage,v1,Running,True
1779267750,productpage,v1,Running,True
1779267750,productpage,v1,Running,True
1779267750,productpage,v1,Running,True
1779267750,productpage,v1,Running,True
1779267750,productpage,v1,Running,True
1779267750,productpage,v1,Running,True
1779267750,productpage,v1,Running,True
1779267750,productpage,v1,Running,True
1779267750,productpage,v1,Running,True
1779267750,productpage,v1,Running,True
1779267750,productpage,v1,Running,True
1779267750,productpage,v1,Running,True
1779267750,ratings,v1,Running,True
1779267750,ratings,v1,Running,True
1779267750,reviews,v1,Running,True
1779267750,reviews,v2,Running,True
1779267750,reviews,v2,Running,True
1779267750,reviews,v2,Running,True
1779267750,reviews,v2,Running,True
1779267750,reviews,v2,Running,True
1779267750,reviews,v2,Pending,
1779267750,reviews,v2,Running,True
1779267750,reviews,v2,Running,True
1779267750,reviews,v2,Running,True
1779267750,reviews,v2,Pending,
1779267750,reviews,v3,Running,True
1779267751,details,v1,Running,True
1779267751,details,v1,Running,True
1779267751,details,v1,Running,True
1779267751,details,v1,Running,True
1779267751,details,v1,Running,True
1779267751,details,v1,Running,True
1779267751,details,v1,Running,True
1779267751,details,v1,Running,True
1779267751,productpage,v1,Running,True
1779267751,productpage,v1,Running,True
1779267751,productpage,v1,Running,True
1779267751,productpage,v1,Running,True
1779267751,productpage,v1,Running,True
1779267751,productpage,v1,Running,True
1779267751,productpage,v1,Running,True
1779267751,productpage,v1,Running,True
1779267751,productpage,v1,Running,True
1779267751,productpage,v1,Running,True
1779267751,productpage,v1,Running,True
1779267751,productpage,v1,Running,True
1779267751,productpage,v1,Running,True
1779267751,productpage,v1,Running,True
1779267751,productpage,v1,Running,True
1779267751,productpage,v1,Running,True
1779267751,productpage,v1,Running,True
1779267751,productpage,v1,Running,True
1779267751,productpage,v1,Running,True
1779267751,productpage,v1,Running,True
1779267751,ratings,v1,Running,True
1779267751,ratings,v1,Running,True
1779267751,reviews,v1,Running,True
1779267751,reviews,v2,Running,True
1779267751,reviews,v2,Running,True
1779267751,reviews,v2,Running,True
1779267751,reviews,v2,Running,True
1779267751,reviews,v2,Running,True
1779267751,reviews,v2,Pending,
1779267751,reviews,v2,Running,True
1779267751,reviews,v2,Running,True
1779267751,reviews,v2,Running,True
1779267751,reviews,v2,Pending,
1779267751,reviews,v3,Running,True
1779267752,details,v1,Running,True
1779267752,details,v1,Running,True
1779267752,details,v1,Running,True
1779267752,details,v1,Running,True
1779267752,details,v1,Running,True
1779267752,details,v1,Running,True
1779267752,details,v1,Running,True
1779267752,details,v1,Running,True
1779267752,productpage,v1,Running,True
1779267752,productpage,v1,Running,True
1779267752,productpage,v1,Running,True
1779267752,productpage,v1,Running,True
1779267752,productpage,v1,Running,True
1779267752,productpage,v1,Running,True
1779267752,productpage,v1,Running,True
1779267752,productpage,v1,Running,True
1779267752,productpage,v1,Running,True
1779267752,productpage,v1,Running,True
1779267752,productpage,v1,Running,True
1779267752,productpage,v1,Running,True
1779267752,productpage,v1,Running,True
1779267752,productpage,v1,Running,True
1779267752,productpage,v1,Running,True
1779267752,productpage,v1,Running,True
1779267752,productpage,v1,Running,True
1779267752,productpage,v1,Running,True
1779267752,productpage,v1,Running,True
1779267752,productpage,v1,Running,True
1779267752,ratings,v1,Running,True
1779267752,ratings,v1,Running,True
1779267752,reviews,v1,Running,True
1779267752,reviews,v2,Running,True
1779267752,reviews,v2,Running,True
1779267752,reviews,v2,Running,True
1779267752,reviews,v2,Running,True
1779267752,reviews,v2,Running,True
1779267752,reviews,v2,Pending,
1779267752,reviews,v2,Running,True
1779267752,reviews,v2,Running,True
1779267752,reviews,v2,Running,True
1779267752,reviews,v2,Pending,
1779267752,reviews,v3,Running,True
1779267753,details,v1,Running,True
1779267753,details,v1,Running,True
1779267753,details,v1,Running,True
1779267753,details,v1,Running,True
1779267753,details,v1,Running,True
1779267753,details,v1,Running,True
1779267753,details,v1,Running,True
1779267753,details,v1,Running,True
1779267753,productpage,v1,Running,True
1779267753,productpage,v1,Running,True
1779267753,productpage,v1,Running,True
1779267753,productpage,v1,Running,True
1779267753,productpage,v1,Running,True
1779267753,productpage,v1,Running,True
1779267753,productpage,v1,Running,True
1779267753,productpage,v1,Running,True
1779267753,productpage,v1,Running,True
1779267753,productpage,v1,Running,True
1779267753,productpage,v1,Running,True
1779267753,productpage,v1,Running,True
1779267753,productpage,v1,Running,True
1779267753,productpage,v1,Running,True
1779267753,productpage,v1,Running,True
1779267753,productpage,v1,Running,True
1779267753,productpage,v1,Running,True
1779267753,productpage,v1,Running,True
1779267753,productpage,v1,Running,True
1779267753,productpage,v1,Running,True
1779267753,ratings,v1,Running,True
1779267753,ratings,v1,Running,True
1779267753,reviews,v1,Running,True
1779267753,reviews,v2,Running,True
1779267753,reviews,v2,Running,True
1779267753,reviews,v2,Running,True
1779267753,reviews,v2,Running,True
1779267753,reviews,v2,Running,True
1779267753,reviews,v2,Pending,
1779267753,reviews,v2,Running,True
1779267753,reviews,v2,Running,True
1779267753,reviews,v2,Running,True
1779267753,reviews,v2,Pending,
1779267753,reviews,v3,Running,True
1779267754,details,v1,Running,True
1779267754,details,v1,Running,True
1779267754,details,v1,Running,True
1779267754,details,v1,Running,True
1779267754,details,v1,Running,True
1779267754,details,v1,Running,True
1779267754,details,v1,Running,True
1779267754,details,v1,Running,True
1779267754,productpage,v1,Running,True
1779267754,productpage,v1,Running,True
1779267754,productpage,v1,Running,True
1779267754,productpage,v1,Running,True
1779267754,productpage,v1,Running,True
1779267754,productpage,v1,Running,True
1779267754,productpage,v1,Running,True
1779267754,productpage,v1,Running,True
1779267754,productpage,v1,Running,True
1779267754,productpage,v1,Running,True
1779267754,productpage,v1,Running,True
1779267754,productpage,v1,Running,True
1779267754,productpage,v1,Running,True
1779267754,productpage,v1,Running,True
1779267754,productpage,v1,Running,True
1779267754,productpage,v1,Running,True
1779267754,productpage,v1,Running,True
1779267754,productpage,v1,Running,True
1779267754,productpage,v1,Running,True
1779267754,productpage,v1,Running,True
1779267754,ratings,v1,Running,True
1779267754,ratings,v1,Running,True
1779267754,reviews,v1,Running,True
1779267754,reviews,v2,Running,True
1779267754,reviews,v2,Running,True
1779267754,reviews,v2,Running,True
1779267754,reviews,v2,Running,True
1779267754,reviews,v2,Running,True
1779267754,reviews,v2,Pending,
1779267754,reviews,v2,Running,True
1779267754,reviews,v2,Running,True
1779267754,reviews,v2,Running,True
1779267754,reviews,v2,Pending,
1779267754,reviews,v3,Running,True
1779267755,details,v1,Running,True
1779267755,details,v1,Running,True
1779267755,details,v1,Running,True
1779267755,details,v1,Running,True
1779267755,details,v1,Running,True
1779267755,details,v1,Running,True
1779267755,details,v1,Running,True
1779267755,details,v1,Running,True
1779267755,productpage,v1,Running,True
1779267755,productpage,v1,Running,True
1779267755,productpage,v1,Running,True
1779267755,productpage,v1,Running,True
1779267755,productpage,v1,Running,True
1779267755,productpage,v1,Running,True
1779267755,productpage,v1,Running,True
1779267755,productpage,v1,Running,True
1779267755,productpage,v1,Running,True
1779267755,productpage,v1,Running,True
1779267755,productpage,v1,Running,True
1779267755,productpage,v1,Running,True
1779267755,productpage,v1,Running,True
1779267755,productpage,v1,Running,True
1779267755,productpage,v1,Running,True
1779267755,productpage,v1,Running,True
1779267755,productpage,v1,Running,True
1779267755,productpage,v1,Running,True
1779267755,productpage,v1,Running,True
1779267755,productpage,v1,Running,True
1779267755,ratings,v1,Running,True
1779267755,ratings,v1,Running,True
1779267755,reviews,v1,Running,True
1779267755,reviews,v2,Running,True
1779267755,reviews,v2,Running,True
1779267755,reviews,v2,Running,True
1779267755,reviews,v2,Running,True
1779267755,reviews,v2,Running,True
1779267755,reviews,v2,Pending,
1779267755,reviews,v2,Running,True
1779267755,reviews,v2,Running,True
1779267755,reviews,v2,Running,True
1779267755,reviews,v2,Pending,
1779267755,reviews,v3,Running,True
1779267756,details,v1,Running,True
1779267756,details,v1,Running,True
1779267756,details,v1,Running,True
1779267756,details,v1,Running,True
1779267756,details,v1,Running,True
1779267756,details,v1,Running,True
1779267756,details,v1,Running,True
1779267756,details,v1,Running,True
1779267756,productpage,v1,Running,True
1779267756,productpage,v1,Running,True
1779267756,productpage,v1,Running,True
1779267756,productpage,v1,Running,True
1779267756,productpage,v1,Running,True
1779267756,productpage,v1,Running,True
1779267756,productpage,v1,Running,True
1779267756,productpage,v1,Running,True
1779267756,productpage,v1,Running,True
1779267756,productpage,v1,Running,True
1779267756,productpage,v1,Running,True
1779267756,productpage,v1,Running,True
1779267756,productpage,v1,Running,True
1779267756,productpage,v1,Running,True
1779267756,productpage,v1,Running,True
1779267756,productpage,v1,Running,True
1779267756,productpage,v1,Running,True
1779267756,productpage,v1,Running,True
1779267756,productpage,v1,Running,True
1779267756,productpage,v1,Running,True
1779267756,ratings,v1,Running,True
1779267756,ratings,v1,Running,True
1779267756,reviews,v1,Running,True
1779267756,reviews,v2,Running,True
1779267756,reviews,v2,Running,True
1779267756,reviews,v2,Running,True
1779267756,reviews,v2,Running,True
1779267756,reviews,v2,Running,True
1779267756,reviews,v2,Pending,
1779267756,reviews,v2,Running,True
1779267756,reviews,v2,Running,True
1779267756,reviews,v2,Running,True
1779267756,reviews,v2,Pending,
1779267756,reviews,v3,Running,True
1779267757,details,v1,Running,True
1779267757,details,v1,Running,True
1779267757,details,v1,Running,True
1779267757,details,v1,Running,True
1779267757,details,v1,Running,True
1779267757,details,v1,Running,True
1779267757,details,v1,Running,True
1779267757,details,v1,Running,True
1779267757,productpage,v1,Running,True
1779267757,productpage,v1,Running,True
1779267757,productpage,v1,Running,True
1779267757,productpage,v1,Running,True
1779267757,productpage,v1,Running,True
1779267757,productpage,v1,Running,True
1779267757,productpage,v1,Running,True
1779267757,productpage,v1,Running,True
1779267757,productpage,v1,Running,True
1779267757,productpage,v1,Running,True
1779267757,productpage,v1,Running,True
1779267757,productpage,v1,Running,True
1779267757,productpage,v1,Running,True
1779267757,productpage,v1,Running,True
1779267757,productpage,v1,Running,True
1779267757,productpage,v1,Running,True
1779267757,productpage,v1,Running,True
1779267757,productpage,v1,Running,True
1779267757,productpage,v1,Running,True
1779267757,productpage,v1,Running,True
1779267757,ratings,v1,Running,True
1779267757,ratings,v1,Running,True
1779267757,reviews,v1,Running,True
1779267757,reviews,v2,Running,True
1779267757,reviews,v2,Running,True
1779267757,reviews,v2,Running,True
1779267757,reviews,v2,Running,True
1779267757,reviews,v2,Running,True
1779267757,reviews,v2,Pending,
1779267757,reviews,v2,Running,True
1779267757,reviews,v2,Running,True
1779267757,reviews,v2,Running,True
1779267757,reviews,v2,Pending,
1779267757,reviews,v3,Running,True
1779267758,details,v1,Running,True
1779267758,details,v1,Running,True
1779267758,details,v1,Running,True
1779267758,details,v1,Running,True
1779267758,details,v1,Running,True
1779267758,details,v1,Running,True
1779267758,details,v1,Running,True
1779267758,details,v1,Running,True
1779267758,productpage,v1,Running,True
1779267758,productpage,v1,Running,True
1779267758,productpage,v1,Running,True
1779267758,productpage,v1,Running,True
1779267758,productpage,v1,Running,True
1779267758,productpage,v1,Running,True
1779267758,productpage,v1,Running,True
1779267758,productpage,v1,Running,True
1779267758,productpage,v1,Running,True
1779267758,productpage,v1,Running,True
1779267758,productpage,v1,Running,True
1779267758,productpage,v1,Running,True
1779267758,productpage,v1,Running,True
1779267758,productpage,v1,Running,True
1779267758,productpage,v1,Running,True
1779267758,productpage,v1,Running,True
1779267758,productpage,v1,Running,True
1779267758,productpage,v1,Running,True
1779267758,productpage,v1,Running,True
1779267758,productpage,v1,Running,True
1779267758,ratings,v1,Running,True
1779267758,ratings,v1,Running,True
1779267758,reviews,v1,Running,True
1779267758,reviews,v2,Running,True
1779267758,reviews,v2,Running,True
1779267758,reviews,v2,Running,True
1779267758,reviews,v2,Running,True
1779267758,reviews,v2,Running,True
1779267758,reviews,v2,Pending,
1779267758,reviews,v2,Running,True
1779267758,reviews,v2,Running,True
1779267758,reviews,v2,Running,True
1779267758,reviews,v2,Pending,
1779267758,reviews,v3,Running,True
1779267759,details,v1,Running,True
1779267759,details,v1,Running,True
1779267759,details,v1,Running,True
1779267759,details,v1,Running,True
1779267759,details,v1,Running,True
1779267759,details,v1,Running,True
1779267759,details,v1,Running,True
1779267759,details,v1,Running,True
1779267759,productpage,v1,Running,True
1779267759,productpage,v1,Running,True
1779267759,productpage,v1,Running,True
1779267759,productpage,v1,Running,True
1779267759,productpage,v1,Running,True
1779267759,productpage,v1,Running,True
1779267759,productpage,v1,Running,True
1779267759,productpage,v1,Running,True
1779267759,productpage,v1,Running,True
1779267759,productpage,v1,Running,True
1779267759,productpage,v1,Running,True
1779267759,productpage,v1,Running,True
1779267759,productpage,v1,Running,True
1779267759,productpage,v1,Running,True
1779267759,productpage,v1,Running,True
1779267759,productpage,v1,Running,True
1779267759,productpage,v1,Running,True
1779267759,productpage,v1,Running,True
1779267759,productpage,v1,Running,True
1779267759,productpage,v1,Running,True
1779267759,ratings,v1,Running,True
1779267759,ratings,v1,Running,True
1779267759,reviews,v1,Running,True
1779267759,reviews,v2,Running,True
1779267759,reviews,v2,Running,True
1779267759,reviews,v2,Running,True
1779267759,reviews,v2,Running,True
1779267759,reviews,v2,Running,True
1779267759,reviews,v2,Pending,
1779267759,reviews,v2,Running,True
1779267759,reviews,v2,Running,True
1779267759,reviews,v2,Running,True
1779267759,reviews,v2,Pending,
1779267759,reviews,v3,Running,True
1779267760,details,v1,Running,True
1779267760,details,v1,Running,True
1779267760,details,v1,Running,True
1779267760,details,v1,Running,True
1779267760,details,v1,Running,True
1779267760,details,v1,Running,True
1779267760,details,v1,Running,True
1779267760,details,v1,Running,True
1779267760,productpage,v1,Running,True
1779267760,productpage,v1,Running,True
1779267760,productpage,v1,Running,True
1779267760,productpage,v1,Running,True
1779267760,productpage,v1,Running,True
1779267760,productpage,v1,Running,True
1779267760,productpage,v1,Running,True
1779267760,productpage,v1,Running,True
1779267760,productpage,v1,Running,True
1779267760,productpage,v1,Running,True
1779267760,productpage,v1,Running,True
1779267760,productpage,v1,Running,True
1779267760,productpage,v1,Running,True
1779267760,productpage,v1,Running,True
1779267760,productpage,v1,Running,True
1779267760,productpage,v1,Running,True
1779267760,productpage,v1,Running,True
1779267760,productpage,v1,Running,True
1779267760,productpage,v1,Running,True
1779267760,productpage,v1,Running,True
1779267760,ratings,v1,Running,True
1779267760,ratings,v1,Running,True
1779267760,reviews,v1,Running,True
1779267760,reviews,v2,Running,True
1779267760,reviews,v2,Running,True
1779267760,reviews,v2,Running,True
1779267760,reviews,v2,Running,True
1779267760,reviews,v2,Running,True
1779267760,reviews,v2,Pending,
1779267760,reviews,v2,Running,True
1779267760,reviews,v2,Running,True
1779267760,reviews,v2,Running,True
1779267760,reviews,v2,Pending,
1779267760,reviews,v3,Running,True
1779267761,details,v1,Running,True
1779267761,details,v1,Running,True
1779267761,details,v1,Running,True
1779267761,details,v1,Running,True
1779267761,details,v1,Running,True
1779267761,details,v1,Running,True
1779267761,details,v1,Running,True
1779267761,details,v1,Running,True
1779267761,productpage,v1,Running,True
1779267761,productpage,v1,Running,True
1779267761,productpage,v1,Running,True
1779267761,productpage,v1,Running,True
1779267761,productpage,v1,Running,True
1779267761,productpage,v1,Running,True
1779267761,productpage,v1,Running,True
1779267761,productpage,v1,Running,True
1779267761,productpage,v1,Running,True
1779267761,productpage,v1,Running,True
1779267761,productpage,v1,Running,True
1779267761,productpage,v1,Running,True
1779267761,productpage,v1,Running,True
1779267761,productpage,v1,Running,True
1779267761,productpage,v1,Running,True
1779267761,productpage,v1,Running,True
1779267761,productpage,v1,Running,True
1779267761,productpage,v1,Running,True
1779267761,productpage,v1,Running,True
1779267761,productpage,v1,Running,True
1779267761,ratings,v1,Running,True
1779267761,ratings,v1,Running,True
1779267761,reviews,v1,Running,True
1779267761,reviews,v2,Running,True
1779267761,reviews,v2,Running,True
1779267761,reviews,v2,Running,True
1779267761,reviews,v2,Running,True
1779267761,reviews,v2,Running,True
1779267761,reviews,v2,Pending,
1779267761,reviews,v2,Running,True
1779267761,reviews,v2,Running,True
1779267761,reviews,v2,Running,True
1779267761,reviews,v2,Pending,
1779267761,reviews,v3,Running,True
1779267762,details,v1,Running,True
1779267762,details,v1,Running,True
1779267762,details,v1,Running,True
1779267762,details,v1,Running,True
1779267762,details,v1,Running,True
1779267762,details,v1,Running,True
1779267762,details,v1,Running,True
1779267762,details,v1,Running,True
1779267762,productpage,v1,Running,True
1779267762,productpage,v1,Running,True
1779267762,productpage,v1,Running,True
1779267762,productpage,v1,Running,True
1779267762,productpage,v1,Running,True
1779267762,productpage,v1,Running,True
1779267762,productpage,v1,Running,True
1779267762,productpage,v1,Running,True
1779267762,productpage,v1,Running,True
1779267762,productpage,v1,Running,True
1779267762,productpage,v1,Running,True
1779267762,productpage,v1,Running,True
1779267762,productpage,v1,Running,True
1779267762,productpage,v1,Running,True
1779267762,productpage,v1,Running,True
1779267762,productpage,v1,Running,True
1779267762,productpage,v1,Running,True
1779267762,productpage,v1,Running,True
1779267762,productpage,v1,Running,True
1779267762,productpage,v1,Running,True
1779267762,ratings,v1,Running,True
1779267762,ratings,v1,Running,True
1779267762,reviews,v1,Running,True
1779267762,reviews,v2,Running,True
1779267762,reviews,v2,Running,True
1779267762,reviews,v2,Running,True
1779267762,reviews,v2,Running,True
1779267762,reviews,v2,Running,True
1779267762,reviews,v2,Pending,
1779267762,reviews,v2,Running,True
1779267762,reviews,v2,Running,True
1779267762,reviews,v2,Running,True
1779267762,reviews,v2,Pending,
1779267762,reviews,v3,Running,True
1779267763,details,v1,Running,True
1779267763,details,v1,Running,True
1779267763,details,v1,Running,True
1779267763,details,v1,Running,True
1779267763,details,v1,Running,True
1779267763,details,v1,Running,True
1779267763,details,v1,Running,True
1779267763,details,v1,Running,True
1779267763,productpage,v1,Running,True
1779267763,productpage,v1,Running,True
1779267763,productpage,v1,Running,True
1779267763,productpage,v1,Running,True
1779267763,productpage,v1,Running,True
1779267763,productpage,v1,Running,True
1779267763,productpage,v1,Running,True
1779267763,productpage,v1,Running,True
1779267763,productpage,v1,Running,True
1779267763,productpage,v1,Running,True
1779267763,productpage,v1,Running,True
1779267763,productpage,v1,Running,True
1779267763,productpage,v1,Running,True
1779267763,productpage,v1,Running,True
1779267763,productpage,v1,Running,True
1779267763,productpage,v1,Running,True
1779267763,productpage,v1,Running,True
1779267763,productpage,v1,Running,True
1779267763,productpage,v1,Running,True
1779267763,productpage,v1,Running,True
1779267763,ratings,v1,Running,True
1779267763,ratings,v1,Running,True
1779267763,reviews,v1,Running,True
1779267763,reviews,v2,Running,True
1779267763,reviews,v2,Running,True
1779267763,reviews,v2,Running,True
1779267763,reviews,v2,Running,True
1779267763,reviews,v2,Running,True
1779267763,reviews,v2,Pending,
1779267763,reviews,v2,Running,True
1779267763,reviews,v2,Running,True
1779267763,reviews,v2,Running,True
1779267763,reviews,v2,Pending,
1779267763,reviews,v3,Running,True
1779267764,details,v1,Running,True
1779267764,details,v1,Running,True
1779267764,details,v1,Running,True
1779267764,details,v1,Running,True
1779267764,details,v1,Running,True
1779267764,details,v1,Running,True
1779267764,details,v1,Running,True
1779267764,details,v1,Running,True
1779267764,productpage,v1,Running,True
1779267764,productpage,v1,Running,True
1779267764,productpage,v1,Running,True
1779267764,productpage,v1,Running,True
1779267764,productpage,v1,Running,True
1779267764,productpage,v1,Running,True
1779267764,productpage,v1,Running,True
1779267764,productpage,v1,Running,True
1779267764,productpage,v1,Running,True
1779267764,productpage,v1,Running,True
1779267764,productpage,v1,Running,True
1779267764,productpage,v1,Running,True
1779267764,productpage,v1,Running,True
1779267764,productpage,v1,Running,True
1779267764,productpage,v1,Running,True
1779267764,productpage,v1,Running,True
1779267764,productpage,v1,Running,True
1779267764,productpage,v1,Running,True
1779267764,productpage,v1,Running,True
1779267764,productpage,v1,Running,True
1779267764,ratings,v1,Running,True
1779267764,ratings,v1,Running,True
1779267764,reviews,v1,Running,True
1779267764,reviews,v2,Running,True
1779267764,reviews,v2,Running,True
1779267764,reviews,v2,Running,True
1779267764,reviews,v2,Running,True
1779267764,reviews,v2,Running,True
1779267764,reviews,v2,Pending,
1779267764,reviews,v2,Running,True
1779267764,reviews,v2,Running,True
1779267764,reviews,v2,Running,True
1779267764,reviews,v2,Pending,
1779267764,reviews,v3,Running,True
1779267765,details,v1,Running,True
1779267765,details,v1,Running,True
1779267765,details,v1,Running,True
1779267765,details,v1,Running,True
1779267765,details,v1,Running,True
1779267765,details,v1,Running,True
1779267765,details,v1,Running,True
1779267765,details,v1,Running,True
1779267765,productpage,v1,Running,True
1779267765,productpage,v1,Running,True
1779267765,productpage,v1,Running,True
1779267765,productpage,v1,Running,True
1779267765,productpage,v1,Running,True
1779267765,productpage,v1,Running,True
1779267765,productpage,v1,Running,True
1779267765,productpage,v1,Running,True
1779267765,productpage,v1,Running,True
1779267765,productpage,v1,Running,True
1779267765,productpage,v1,Running,True
1779267765,productpage,v1,Running,True
1779267765,productpage,v1,Running,True
1779267765,productpage,v1,Running,True
1779267765,productpage,v1,Running,True
1779267765,productpage,v1,Running,True
1779267765,productpage,v1,Running,True
1779267765,productpage,v1,Running,True
1779267765,productpage,v1,Running,True
1779267765,productpage,v1,Running,True
1779267765,ratings,v1,Running,True
1779267765,ratings,v1,Running,True
1779267765,reviews,v1,Running,True
1779267765,reviews,v2,Running,True
1779267765,reviews,v2,Running,True
1779267765,reviews,v2,Running,True
1779267765,reviews,v2,Running,True
1779267765,reviews,v2,Running,True
1779267765,reviews,v2,Pending,
1779267765,reviews,v2,Running,True
1779267765,reviews,v2,Running,True
1779267765,reviews,v2,Running,True
1779267765,reviews,v2,Pending,
1779267765,reviews,v3,Running,True
1779267766,details,v1,Running,True
1779267766,details,v1,Running,True
1779267766,details,v1,Running,True
1779267766,details,v1,Running,True
1779267766,details,v1,Running,True
1779267766,details,v1,Running,True
1779267766,details,v1,Running,True
1779267766,details,v1,Running,True
1779267766,productpage,v1,Running,True
1779267766,productpage,v1,Running,True
1779267766,productpage,v1,Running,True
1779267766,productpage,v1,Running,True
1779267766,productpage,v1,Running,True
1779267766,productpage,v1,Running,True
1779267766,productpage,v1,Running,True
1779267766,productpage,v1,Running,True
1779267766,productpage,v1,Running,True
1779267766,productpage,v1,Running,True
1779267766,productpage,v1,Running,True
1779267766,productpage,v1,Running,True
1779267766,productpage,v1,Running,True
1779267766,productpage,v1,Running,True
1779267766,productpage,v1,Running,True
1779267766,productpage,v1,Running,True
1779267766,productpage,v1,Running,True
1779267766,productpage,v1,Running,True
1779267766,productpage,v1,Running,True
1779267766,productpage,v1,Running,True
1779267766,ratings,v1,Running,True
1779267766,ratings,v1,Running,True
1779267766,reviews,v1,Running,True
1779267766,reviews,v2,Running,True
1779267766,reviews,v2,Running,True
1779267766,reviews,v2,Running,True
1779267766,reviews,v2,Running,True
1779267766,reviews,v2,Running,True
1779267766,reviews,v2,Pending,
1779267766,reviews,v2,Running,True
1779267766,reviews,v2,Running,True
1779267766,reviews,v2,Running,True
1779267766,reviews,v2,Pending,
1779267766,reviews,v3,Running,True
1779267767,details,v1,Running,True
1779267767,details,v1,Running,True
1779267767,details,v1,Running,True
1779267767,details,v1,Running,True
1779267767,details,v1,Running,True
1779267767,details,v1,Running,True
1779267767,details,v1,Running,True
1779267767,details,v1,Running,True
1779267767,productpage,v1,Running,True
1779267767,productpage,v1,Running,True
1779267767,productpage,v1,Running,True
1779267767,productpage,v1,Running,True
1779267767,productpage,v1,Running,True
1779267767,productpage,v1,Running,True
1779267767,productpage,v1,Running,True
1779267767,productpage,v1,Running,True
1779267767,productpage,v1,Running,True
1779267767,productpage,v1,Running,True
1779267767,productpage,v1,Running,True
1779267767,productpage,v1,Running,True
1779267767,productpage,v1,Running,True
1779267767,productpage,v1,Running,True
1779267767,productpage,v1,Running,True
1779267767,productpage,v1,Running,True
1779267767,productpage,v1,Running,True
1779267767,productpage,v1,Running,True
1779267767,productpage,v1,Running,True
1779267767,productpage,v1,Running,True
1779267767,ratings,v1,Running,True
1779267767,ratings,v1,Running,True
1779267767,reviews,v1,Running,True
1779267767,reviews,v2,Running,True
1779267767,reviews,v2,Running,True
1779267767,reviews,v2,Running,True
1779267767,reviews,v2,Running,True
1779267767,reviews,v2,Running,True
1779267767,reviews,v2,Pending,
1779267767,reviews,v2,Running,True
1779267767,reviews,v2,Running,True
1779267767,reviews,v2,Running,True
1779267767,reviews,v2,Pending,
1779267767,reviews,v3,Running,True
1779267768,details,v1,Running,True
1779267768,details,v1,Running,True
1779267768,details,v1,Running,True
1779267768,details,v1,Running,True
1779267768,details,v1,Running,True
1779267768,details,v1,Running,True
1779267768,details,v1,Running,True
1779267768,details,v1,Running,True
1779267768,productpage,v1,Running,True
1779267768,productpage,v1,Running,True
1779267768,productpage,v1,Running,True
1779267768,productpage,v1,Running,True
1779267768,productpage,v1,Running,True
1779267768,productpage,v1,Running,True
1779267768,productpage,v1,Running,True
1779267768,productpage,v1,Running,True
1779267768,productpage,v1,Running,True
1779267768,productpage,v1,Running,True
1779267768,productpage,v1,Running,True
1779267768,productpage,v1,Running,True
1779267768,productpage,v1,Running,True
1779267768,productpage,v1,Running,True
1779267768,productpage,v1,Running,True
1779267768,productpage,v1,Running,True
1779267768,productpage,v1,Running,True
1779267768,productpage,v1,Running,True
1779267768,productpage,v1,Running,True
1779267768,productpage,v1,Running,True
1779267768,ratings,v1,Running,True
1779267768,ratings,v1,Running,True
1779267768,reviews,v1,Running,True
1779267768,reviews,v2,Running,True
1779267768,reviews,v2,Running,True
1779267768,reviews,v2,Running,True
1779267768,reviews,v2,Running,True
1779267768,reviews,v2,Running,True
1779267768,reviews,v2,Pending,
1779267768,reviews,v2,Running,True
1779267768,reviews,v2,Running,True
1779267768,reviews,v2,Running,True
1779267768,reviews,v2,Pending,
1779267768,reviews,v3,Running,True
1779267769,details,v1,Running,True
1779267769,details,v1,Running,True
1779267769,details,v1,Running,True
1779267769,details,v1,Running,True
1779267769,details,v1,Running,True
1779267769,details,v1,Running,True
1779267769,details,v1,Running,True
1779267769,details,v1,Running,True
1779267769,productpage,v1,Running,True
1779267769,productpage,v1,Running,True
1779267769,productpage,v1,Running,True
1779267769,productpage,v1,Running,True
1779267769,productpage,v1,Running,True
1779267769,productpage,v1,Running,True
1779267769,productpage,v1,Running,True
1779267769,productpage,v1,Running,True
1779267769,productpage,v1,Running,True
1779267769,productpage,v1,Running,True
1779267769,productpage,v1,Running,True
1779267769,productpage,v1,Running,True
1779267769,productpage,v1,Running,True
1779267769,productpage,v1,Running,True
1779267769,productpage,v1,Running,True
1779267769,productpage,v1,Running,True
1779267769,productpage,v1,Running,True
1779267769,productpage,v1,Running,True
1779267769,productpage,v1,Running,True
1779267769,productpage,v1,Running,True
1779267769,ratings,v1,Running,True
1779267769,ratings,v1,Running,True
1779267769,reviews,v1,Running,True
1779267769,reviews,v2,Running,True
1779267769,reviews,v2,Running,True
1779267769,reviews,v2,Running,True
1779267769,reviews,v2,Running,True
1779267769,reviews,v2,Running,True
1779267769,reviews,v2,Pending,
1779267769,reviews,v2,Running,True
1779267769,reviews,v2,Running,True
1779267769,reviews,v2,Running,True
1779267769,reviews,v2,Pending,
1779267769,reviews,v3,Running,True
1779267770,details,v1,Running,True
1779267770,details,v1,Running,True
1779267770,details,v1,Running,True
1779267770,details,v1,Running,True
1779267770,details,v1,Running,True
1779267770,details,v1,Running,True
1779267770,details,v1,Running,True
1779267770,details,v1,Running,True
1779267770,productpage,v1,Running,True
1779267770,productpage,v1,Running,True
1779267770,productpage,v1,Running,True
1779267770,productpage,v1,Running,True
1779267770,productpage,v1,Running,True
1779267770,productpage,v1,Running,True
1779267770,productpage,v1,Running,True
1779267770,productpage,v1,Running,True
1779267770,productpage,v1,Running,True
1779267770,productpage,v1,Running,True
1779267770,productpage,v1,Running,True
1779267770,productpage,v1,Running,True
1779267770,productpage,v1,Running,True
1779267770,productpage,v1,Running,True
1779267770,productpage,v1,Running,True
1779267770,productpage,v1,Running,True
1779267770,productpage,v1,Running,True
1779267770,productpage,v1,Running,True
1779267770,productpage,v1,Running,True
1779267770,productpage,v1,Running,True
1779267770,ratings,v1,Running,True
1779267770,ratings,v1,Running,True
1779267770,reviews,v1,Running,True
1779267770,reviews,v2,Running,True
1779267770,reviews,v2,Running,True
1779267770,reviews,v2,Running,True
1779267770,reviews,v2,Running,True
1779267770,reviews,v2,Running,True
1779267770,reviews,v2,Pending,
1779267770,reviews,v2,Running,True
1779267770,reviews,v2,Running,True
1779267770,reviews,v2,Running,True
1779267770,reviews,v2,Pending,
1779267770,reviews,v3,Running,True
1779267771,details,v1,Running,True
1779267771,details,v1,Running,True
1779267771,details,v1,Running,True
1779267771,details,v1,Running,True
1779267771,details,v1,Running,True
1779267771,details,v1,Running,True
1779267771,details,v1,Running,True
1779267771,details,v1,Running,True
1779267771,productpage,v1,Running,True
1779267771,productpage,v1,Running,True
1779267771,productpage,v1,Running,True
1779267771,productpage,v1,Running,True
1779267771,productpage,v1,Running,True
1779267771,productpage,v1,Running,True
1779267771,productpage,v1,Running,True
1779267771,productpage,v1,Running,True
1779267771,productpage,v1,Running,True
1779267771,productpage,v1,Running,True
1779267771,productpage,v1,Running,True
1779267771,productpage,v1,Running,True
1779267771,productpage,v1,Running,True
1779267771,productpage,v1,Running,True
1779267771,productpage,v1,Running,True
1779267771,productpage,v1,Running,True
1779267771,productpage,v1,Running,True
1779267771,productpage,v1,Running,True
1779267771,productpage,v1,Running,True
1779267771,productpage,v1,Running,True
1779267771,ratings,v1,Running,True
1779267771,ratings,v1,Running,True
1779267771,reviews,v1,Running,True
1779267771,reviews,v2,Running,True
1779267771,reviews,v2,Running,True
1779267771,reviews,v2,Running,True
1779267771,reviews,v2,Running,True
1779267771,reviews,v2,Running,True
1779267771,reviews,v2,Pending,
1779267771,reviews,v2,Running,True
1779267771,reviews,v2,Running,True
1779267771,reviews,v2,Running,True
1779267771,reviews,v2,Pending,
1779267771,reviews,v3,Running,True
1779267772,details,v1,Running,True
1779267772,details,v1,Running,True
1779267772,details,v1,Running,True
1779267772,details,v1,Running,True
1779267772,details,v1,Running,True
1779267772,details,v1,Running,True
1779267772,details,v1,Running,True
1779267772,details,v1,Running,True
1779267772,productpage,v1,Running,True
1779267772,productpage,v1,Running,True
1779267772,productpage,v1,Running,True
1779267772,productpage,v1,Running,True
1779267772,productpage,v1,Running,True
1779267772,productpage,v1,Running,True
1779267772,productpage,v1,Running,True
1779267772,productpage,v1,Running,True
1779267772,productpage,v1,Running,True
1779267772,productpage,v1,Running,True
1779267772,productpage,v1,Running,True
1779267772,productpage,v1,Running,True
1779267772,productpage,v1,Running,True
1779267772,productpage,v1,Running,True
1779267772,productpage,v1,Running,True
1779267772,productpage,v1,Running,True
1779267772,productpage,v1,Running,True
1779267772,productpage,v1,Running,True
1779267772,productpage,v1,Running,True
1779267772,productpage,v1,Running,True
1779267772,ratings,v1,Running,True
1779267772,ratings,v1,Running,True
1779267772,reviews,v1,Running,True
1779267772,reviews,v2,Running,True
1779267772,reviews,v2,Running,True
1779267772,reviews,v2,Running,True
1779267772,reviews,v2,Running,True
1779267772,reviews,v2,Running,True
1779267772,reviews,v2,Pending,
1779267772,reviews,v2,Running,True
1779267772,reviews,v2,Running,True
1779267772,reviews,v2,Running,True
1779267772,reviews,v2,Pending,
1779267772,reviews,v3,Running,True
1779267773,details,v1,Running,True
1779267773,details,v1,Running,True
1779267773,details,v1,Running,True
1779267773,details,v1,Running,True
1779267773,details,v1,Running,True
1779267773,details,v1,Running,True
1779267773,details,v1,Running,True
1779267773,details,v1,Running,True
1779267773,productpage,v1,Running,True
1779267773,productpage,v1,Running,True
1779267773,productpage,v1,Running,True
1779267773,productpage,v1,Running,True
1779267773,productpage,v1,Running,True
1779267773,productpage,v1,Running,True
1779267773,productpage,v1,Running,True
1779267773,productpage,v1,Running,True
1779267773,productpage,v1,Running,True
1779267773,productpage,v1,Running,True
1779267773,productpage,v1,Running,True
1779267773,productpage,v1,Running,True
1779267773,productpage,v1,Running,True
1779267773,productpage,v1,Running,True
1779267773,productpage,v1,Running,True
1779267773,productpage,v1,Running,True
1779267773,productpage,v1,Running,True
1779267773,productpage,v1,Running,True
1779267773,productpage,v1,Running,True
1779267773,productpage,v1,Running,True
1779267773,ratings,v1,Running,True
1779267773,ratings,v1,Running,True
1779267773,reviews,v1,Running,True
1779267773,reviews,v2,Running,True
1779267773,reviews,v2,Running,True
1779267773,reviews,v2,Running,True
1779267773,reviews,v2,Running,True
1779267773,reviews,v2,Running,True
1779267773,reviews,v2,Pending,
1779267773,reviews,v2,Running,True
1779267773,reviews,v2,Running,True
1779267773,reviews,v2,Running,True
1779267773,reviews,v2,Pending,
1779267773,reviews,v3,Running,True
1779267774,details,v1,Running,True
1779267774,details,v1,Running,True
1779267774,details,v1,Running,True
1779267774,details,v1,Running,True
1779267774,details,v1,Running,True
1779267774,details,v1,Running,True
1779267774,details,v1,Running,True
1779267774,details,v1,Running,True
1779267774,productpage,v1,Running,True
1779267774,productpage,v1,Running,True
1779267774,productpage,v1,Running,True
1779267774,productpage,v1,Running,True
1779267774,productpage,v1,Running,True
1779267774,productpage,v1,Running,True
1779267774,productpage,v1,Running,True
1779267774,productpage,v1,Running,True
1779267774,productpage,v1,Running,True
1779267774,productpage,v1,Running,True
1779267774,productpage,v1,Running,True
1779267774,productpage,v1,Running,True
1779267774,productpage,v1,Running,True
1779267774,productpage,v1,Running,True
1779267774,productpage,v1,Running,True
1779267774,productpage,v1,Running,True
1779267774,productpage,v1,Running,True
1779267774,productpage,v1,Running,True
1779267774,productpage,v1,Running,True
1779267774,productpage,v1,Running,True
1779267774,ratings,v1,Running,True
1779267774,ratings,v1,Running,True
1779267774,reviews,v1,Running,True
1779267774,reviews,v2,Running,True
1779267774,reviews,v2,Running,True
1779267774,reviews,v2,Running,True
1779267774,reviews,v2,Running,True
1779267774,reviews,v2,Running,True
1779267774,reviews,v2,Pending,
1779267774,reviews,v2,Running,True
1779267774,reviews,v2,Running,True
1779267774,reviews,v2,Running,True
1779267774,reviews,v2,Pending,
1779267774,reviews,v3,Running,True
1779267775,details,v1,Running,True
1779267775,details,v1,Running,True
1779267775,details,v1,Running,True
1779267775,details,v1,Running,True
1779267775,details,v1,Running,True
1779267775,details,v1,Running,True
1779267775,details,v1,Running,True
1779267775,details,v1,Running,True
1779267775,productpage,v1,Running,True
1779267775,productpage,v1,Running,True
1779267775,productpage,v1,Running,True
1779267775,productpage,v1,Running,True
1779267775,productpage,v1,Running,True
1779267775,productpage,v1,Running,True
1779267775,productpage,v1,Running,True
1779267775,productpage,v1,Running,True
1779267775,productpage,v1,Running,True
1779267775,productpage,v1,Running,True
1779267775,productpage,v1,Running,True
1779267775,productpage,v1,Running,True
1779267775,productpage,v1,Running,True
1779267775,productpage,v1,Running,True
1779267775,productpage,v1,Running,True
1779267775,productpage,v1,Running,True
1779267775,productpage,v1,Running,True
1779267775,productpage,v1,Running,True
1779267775,productpage,v1,Running,True
1779267775,productpage,v1,Running,True
1779267775,ratings,v1,Running,True
1779267775,ratings,v1,Running,True
1779267775,reviews,v1,Running,True
1779267775,reviews,v2,Running,True
1779267775,reviews,v2,Running,True
1779267775,reviews,v2,Running,True
1779267775,reviews,v2,Running,True
1779267775,reviews,v2,Running,True
1779267775,reviews,v2,Pending,
1779267775,reviews,v2,Running,True
1779267775,reviews,v2,Running,True
1779267775,reviews,v2,Running,True
1779267775,reviews,v2,Pending,
1779267775,reviews,v3,Running,True
1779267776,details,v1,Running,True
1779267776,details,v1,Running,True
1779267776,details,v1,Running,True
1779267776,details,v1,Running,True
1779267776,details,v1,Running,True
1779267776,details,v1,Running,True
1779267776,details,v1,Running,True
1779267776,details,v1,Running,True
1779267776,productpage,v1,Running,True
1779267776,productpage,v1,Running,True
1779267776,productpage,v1,Running,True
1779267776,productpage,v1,Running,True
1779267776,productpage,v1,Running,True
1779267776,productpage,v1,Running,True
1779267776,productpage,v1,Running,True
1779267776,productpage,v1,Running,True
1779267776,productpage,v1,Running,True
1779267776,productpage,v1,Running,True
1779267776,productpage,v1,Running,True
1779267776,productpage,v1,Running,True
1779267776,productpage,v1,Running,True
1779267776,productpage,v1,Running,True
1779267776,productpage,v1,Running,True
1779267776,productpage,v1,Running,True
1779267776,productpage,v1,Running,True
1779267776,productpage,v1,Running,True
1779267776,productpage,v1,Running,True
1779267776,productpage,v1,Running,True
1779267776,ratings,v1,Running,True
1779267776,ratings,v1,Running,True
1779267776,reviews,v1,Running,True
1779267776,reviews,v2,Running,True
1779267776,reviews,v2,Running,True
1779267776,reviews,v2,Running,True
1779267776,reviews,v2,Running,True
1779267776,reviews,v2,Running,True
1779267776,reviews,v2,Pending,
1779267776,reviews,v2,Running,True
1779267776,reviews,v2,Running,True
1779267776,reviews,v2,Running,True
1779267776,reviews,v2,Pending,
1779267776,reviews,v3,Running,True
1779267777,details,v1,Running,True
1779267777,details,v1,Running,True
1779267777,details,v1,Running,True
1779267777,details,v1,Running,True
1779267777,details,v1,Running,True
1779267777,details,v1,Running,True
1779267777,details,v1,Running,True
1779267777,details,v1,Running,True
1779267777,productpage,v1,Running,True
1779267777,productpage,v1,Running,True
1779267777,productpage,v1,Running,True
1779267777,productpage,v1,Running,True
1779267777,productpage,v1,Running,True
1779267777,productpage,v1,Running,True
1779267777,productpage,v1,Running,True
1779267777,productpage,v1,Running,True
1779267777,productpage,v1,Running,True
1779267777,productpage,v1,Running,True
1779267777,productpage,v1,Running,True
1779267777,productpage,v1,Running,True
1779267777,productpage,v1,Running,True
1779267777,productpage,v1,Running,True
1779267777,productpage,v1,Running,True
1779267777,productpage,v1,Running,True
1779267777,productpage,v1,Running,True
1779267777,productpage,v1,Running,True
1779267777,productpage,v1,Running,True
1779267777,productpage,v1,Running,True
1779267777,ratings,v1,Running,True
1779267777,ratings,v1,Running,True
1779267777,reviews,v1,Running,True
1779267777,reviews,v2,Running,True
1779267777,reviews,v2,Running,True
1779267777,reviews,v2,Running,True
1779267777,reviews,v2,Running,True
1779267777,reviews,v2,Running,True
1779267777,reviews,v2,Pending,
1779267777,reviews,v2,Running,True
1779267777,reviews,v2,Running,True
1779267777,reviews,v2,Running,True
1779267777,reviews,v2,Pending,
1779267777,reviews,v3,Running,True
1779267778,details,v1,Running,True
1779267778,details,v1,Running,True
1779267778,details,v1,Running,True
1779267778,details,v1,Running,True
1779267778,details,v1,Running,True
1779267778,details,v1,Running,True
1779267778,details,v1,Running,True
1779267778,details,v1,Running,True
1779267778,productpage,v1,Running,True
1779267778,productpage,v1,Running,True
1779267778,productpage,v1,Running,True
1779267778,productpage,v1,Running,True
1779267778,productpage,v1,Running,True
1779267778,productpage,v1,Running,True
1779267778,productpage,v1,Running,True
1779267778,productpage,v1,Running,True
1779267778,productpage,v1,Running,True
1779267778,productpage,v1,Running,True
1779267778,productpage,v1,Running,True
1779267778,productpage,v1,Running,True
1779267778,productpage,v1,Running,True
1779267778,productpage,v1,Running,True
1779267778,productpage,v1,Running,True
1779267778,productpage,v1,Running,True
1779267778,productpage,v1,Running,True
1779267778,productpage,v1,Running,True
1779267778,productpage,v1,Running,True
1779267778,productpage,v1,Running,True
1779267778,ratings,v1,Running,True
1779267778,ratings,v1,Running,True
1779267778,reviews,v1,Running,True
1779267778,reviews,v2,Running,True
1779267778,reviews,v2,Running,True
1779267778,reviews,v2,Running,True
1779267778,reviews,v2,Running,True
1779267778,reviews,v2,Running,True
1779267778,reviews,v2,Pending,
1779267778,reviews,v2,Running,True
1779267778,reviews,v2,Running,True
1779267778,reviews,v2,Running,True
1779267778,reviews,v2,Pending,
1779267778,reviews,v3,Running,True
1779267779,details,v1,Running,True
1779267779,details,v1,Running,True
1779267779,details,v1,Running,True
1779267779,details,v1,Running,True
1779267779,details,v1,Running,True
1779267779,details,v1,Running,True
1779267779,details,v1,Running,True
1779267779,details,v1,Running,True
1779267779,productpage,v1,Running,True
1779267779,productpage,v1,Running,True
1779267779,productpage,v1,Running,True
1779267779,productpage,v1,Running,True
1779267779,productpage,v1,Running,True
1779267779,productpage,v1,Running,True
1779267779,productpage,v1,Running,True
1779267779,productpage,v1,Running,True
1779267779,productpage,v1,Running,True
1779267779,productpage,v1,Running,True
1779267779,productpage,v1,Running,True
1779267779,productpage,v1,Running,True
1779267779,productpage,v1,Running,True
1779267779,productpage,v1,Running,True
1779267779,productpage,v1,Running,True
1779267779,productpage,v1,Running,True
1779267779,productpage,v1,Running,True
1779267779,productpage,v1,Running,True
1779267779,productpage,v1,Running,True
1779267779,productpage,v1,Running,True
1779267779,ratings,v1,Running,True
1779267779,ratings,v1,Running,True
1779267779,reviews,v1,Running,True
1779267779,reviews,v2,Running,True
1779267779,reviews,v2,Running,True
1779267779,reviews,v2,Running,True
1779267779,reviews,v2,Running,True
1779267779,reviews,v2,Running,True
1779267779,reviews,v2,Pending,
1779267779,reviews,v2,Running,True
1779267779,reviews,v2,Running,True
1779267779,reviews,v2,Running,True
1779267779,reviews,v2,Pending,
1779267779,reviews,v3,Running,True
1779267780,details,v1,Running,True
1779267780,details,v1,Running,True
1779267780,details,v1,Running,True
1779267780,details,v1,Running,True
1779267780,details,v1,Running,True
1779267780,details,v1,Running,True
1779267780,details,v1,Running,True
1779267780,details,v1,Running,True
1779267780,productpage,v1,Running,True
1779267780,productpage,v1,Running,True
1779267780,productpage,v1,Running,True
1779267780,productpage,v1,Running,True
1779267780,productpage,v1,Running,True
1779267780,productpage,v1,Running,True
1779267780,productpage,v1,Running,True
1779267780,productpage,v1,Running,True
1779267780,productpage,v1,Running,True
1779267780,productpage,v1,Running,True
1779267780,productpage,v1,Running,True
1779267780,productpage,v1,Running,True
1779267780,productpage,v1,Running,True
1779267780,productpage,v1,Running,True
1779267780,productpage,v1,Running,True
1779267780,productpage,v1,Running,True
1779267780,productpage,v1,Running,True
1779267780,productpage,v1,Running,True
1779267780,productpage,v1,Running,True
1779267780,productpage,v1,Running,True
1779267780,ratings,v1,Running,True
1779267780,ratings,v1,Running,True
1779267780,reviews,v1,Running,True
1779267780,reviews,v2,Running,True
1779267780,reviews,v2,Running,True
1779267780,reviews,v2,Running,True
1779267780,reviews,v2,Running,True
1779267780,reviews,v2,Running,True
1779267780,reviews,v2,Pending,
1779267780,reviews,v2,Running,True
1779267780,reviews,v2,Running,True
1779267780,reviews,v2,Running,True
1779267780,reviews,v2,Pending,
1779267780,reviews,v3,Running,True
1779267781,details,v1,Running,True
1779267781,details,v1,Running,True
1779267781,details,v1,Running,True
1779267781,details,v1,Running,True
1779267781,details,v1,Running,True
1779267781,details,v1,Running,True
1779267781,details,v1,Running,True
1779267781,details,v1,Running,True
1779267781,productpage,v1,Running,True
1779267781,productpage,v1,Running,True
1779267781,productpage,v1,Running,True
1779267781,productpage,v1,Running,True
1779267781,productpage,v1,Running,True
1779267781,productpage,v1,Running,True
1779267781,productpage,v1,Running,True
1779267781,productpage,v1,Running,True
1779267781,productpage,v1,Running,True
1779267781,productpage,v1,Running,True
1779267781,productpage,v1,Running,True
1779267781,productpage,v1,Running,True
1779267781,productpage,v1,Running,True
1779267781,productpage,v1,Running,True
1779267781,productpage,v1,Running,True
1779267781,productpage,v1,Running,True
1779267781,productpage,v1,Running,True
1779267781,productpage,v1,Running,True
1779267781,productpage,v1,Running,True
1779267781,productpage,v1,Running,True
1779267781,ratings,v1,Running,True
1779267781,ratings,v1,Running,True
1779267781,reviews,v1,Running,True
1779267781,reviews,v2,Running,True
1779267781,reviews,v2,Running,True
1779267781,reviews,v2,Running,True
1779267781,reviews,v2,Running,True
1779267781,reviews,v2,Running,True
1779267781,reviews,v2,Pending,
1779267781,reviews,v2,Running,True
1779267781,reviews,v2,Running,True
1779267781,reviews,v2,Running,True
1779267781,reviews,v2,Pending,
1779267781,reviews,v3,Running,True
1779267782,details,v1,Running,True
1779267782,details,v1,Running,True
1779267782,details,v1,Running,True
1779267782,details,v1,Running,True
1779267782,details,v1,Running,True
1779267782,details,v1,Running,True
1779267782,details,v1,Running,True
1779267782,details,v1,Running,True
1779267782,productpage,v1,Running,True
1779267782,productpage,v1,Running,True
1779267782,productpage,v1,Running,True
1779267782,productpage,v1,Running,True
1779267782,productpage,v1,Running,True
1779267782,productpage,v1,Running,True
1779267782,productpage,v1,Running,True
1779267782,productpage,v1,Running,True
1779267782,productpage,v1,Running,True
1779267782,productpage,v1,Running,True
1779267782,productpage,v1,Running,True
1779267782,productpage,v1,Running,True
1779267782,productpage,v1,Running,True
1779267782,productpage,v1,Running,True
1779267782,productpage,v1,Running,True
1779267782,productpage,v1,Running,True
1779267782,productpage,v1,Running,True
1779267782,productpage,v1,Running,True
1779267782,productpage,v1,Running,True
1779267782,productpage,v1,Running,True
1779267782,ratings,v1,Running,True
1779267782,ratings,v1,Running,True
1779267782,reviews,v1,Running,True
1779267782,reviews,v2,Running,True
1779267782,reviews,v2,Running,True
1779267782,reviews,v2,Running,True
1779267782,reviews,v2,Running,True
1779267782,reviews,v2,Running,True
1779267782,reviews,v2,Pending,
1779267782,reviews,v2,Running,True
1779267782,reviews,v2,Running,True
1779267782,reviews,v2,Running,True
1779267782,reviews,v2,Pending,
1779267782,reviews,v3,Running,True
1779267783,details,v1,Running,True
1779267783,details,v1,Running,True
1779267783,details,v1,Running,True
1779267783,details,v1,Running,True
1779267783,details,v1,Running,True
1779267783,details,v1,Running,True
1779267783,details,v1,Running,True
1779267783,details,v1,Running,True
1779267783,productpage,v1,Running,True
1779267783,productpage,v1,Running,True
1779267783,productpage,v1,Running,True
1779267783,productpage,v1,Running,True
1779267783,productpage,v1,Running,True
1779267783,productpage,v1,Running,True
1779267783,productpage,v1,Running,True
1779267783,productpage,v1,Running,True
1779267783,productpage,v1,Running,True
1779267783,productpage,v1,Running,True
1779267783,productpage,v1,Running,True
1779267783,productpage,v1,Running,True
1779267783,productpage,v1,Running,True
1779267783,productpage,v1,Running,True
1779267783,productpage,v1,Running,True
1779267783,productpage,v1,Running,True
1779267783,productpage,v1,Running,True
1779267783,productpage,v1,Running,True
1779267783,productpage,v1,Running,True
1779267783,productpage,v1,Running,True
1779267783,ratings,v1,Running,True
1779267783,ratings,v1,Running,True
1779267783,reviews,v1,Running,True
1779267783,reviews,v2,Running,True
1779267783,reviews,v2,Running,True
1779267783,reviews,v2,Running,True
1779267783,reviews,v2,Running,True
1779267783,reviews,v2,Running,True
1779267783,reviews,v2,Pending,
1779267783,reviews,v2,Running,True
1779267783,reviews,v2,Running,True
1779267783,reviews,v2,Running,True
1779267783,reviews,v2,Pending,
1779267783,reviews,v3,Running,True
1779267784,details,v1,Running,True
1779267784,details,v1,Running,True
1779267784,details,v1,Running,True
1779267784,details,v1,Running,True
1779267784,details,v1,Running,True
1779267784,details,v1,Running,True
1779267784,details,v1,Running,True
1779267784,details,v1,Running,True
1779267784,productpage,v1,Running,True
1779267784,productpage,v1,Running,True
1779267784,productpage,v1,Running,True
1779267784,productpage,v1,Running,True
1779267784,productpage,v1,Running,True
1779267784,productpage,v1,Running,True
1779267784,productpage,v1,Running,True
1779267784,productpage,v1,Running,True
1779267784,productpage,v1,Running,True
1779267784,productpage,v1,Running,True
1779267784,productpage,v1,Running,True
1779267784,productpage,v1,Running,True
1779267784,productpage,v1,Running,True
1779267784,productpage,v1,Running,True
1779267784,productpage,v1,Running,True
1779267784,productpage,v1,Running,True
1779267784,productpage,v1,Running,True
1779267784,productpage,v1,Running,True
1779267784,productpage,v1,Running,True
1779267784,productpage,v1,Running,True
1779267784,ratings,v1,Running,True
1779267784,ratings,v1,Running,True
1779267784,reviews,v1,Running,True
1779267784,reviews,v2,Running,True
1779267784,reviews,v2,Running,True
1779267784,reviews,v2,Running,True
1779267784,reviews,v2,Running,True
1779267784,reviews,v2,Running,True
1779267784,reviews,v2,Pending,
1779267784,reviews,v2,Running,True
1779267784,reviews,v2,Running,True
1779267784,reviews,v2,Running,True
1779267784,reviews,v2,Pending,
1779267784,reviews,v3,Running,True
1779267785,details,v1,Running,True
1779267785,details,v1,Running,True
1779267785,details,v1,Running,True
1779267785,details,v1,Running,True
1779267785,details,v1,Running,True
1779267785,details,v1,Running,True
1779267785,details,v1,Running,True
1779267785,details,v1,Running,True
1779267785,productpage,v1,Running,True
1779267785,productpage,v1,Running,True
1779267785,productpage,v1,Running,True
1779267785,productpage,v1,Running,True
1779267785,productpage,v1,Running,True
1779267785,productpage,v1,Running,True
1779267785,productpage,v1,Running,True
1779267785,productpage,v1,Running,True
1779267785,productpage,v1,Running,True
1779267785,productpage,v1,Running,True
1779267785,productpage,v1,Running,True
1779267785,productpage,v1,Running,True
1779267785,productpage,v1,Running,True
1779267785,productpage,v1,Running,True
1779267785,productpage,v1,Running,True
1779267785,productpage,v1,Running,True
1779267785,productpage,v1,Running,True
1779267785,productpage,v1,Running,True
1779267785,productpage,v1,Running,True
1779267785,productpage,v1,Running,True
1779267785,ratings,v1,Running,True
1779267785,ratings,v1,Running,True
1779267785,reviews,v1,Running,True
1779267785,reviews,v2,Running,True
1779267785,reviews,v2,Running,True
1779267785,reviews,v2,Running,True
1779267785,reviews,v2,Running,True
1779267785,reviews,v2,Running,True
1779267785,reviews,v2,Pending,
1779267785,reviews,v2,Running,True
1779267785,reviews,v2,Running,True
1779267785,reviews,v2,Running,True
1779267785,reviews,v2,Pending,
1779267785,reviews,v3,Running,True
1779267786,details,v1,Running,True
1779267786,details,v1,Running,True
1779267786,details,v1,Running,True
1779267786,details,v1,Running,True
1779267786,details,v1,Running,True
1779267786,details,v1,Running,True
1779267786,details,v1,Pending,
1779267786,details,v1,Running,True
1779267786,details,v1,Running,True
1779267786,productpage,v1,Running,True
1779267786,productpage,v1,Running,True
1779267786,productpage,v1,Running,True
1779267786,productpage,v1,Running,True
1779267786,productpage,v1,Running,True
1779267786,productpage,v1,Running,True
1779267786,productpage,v1,Running,True
1779267786,productpage,v1,Running,True
1779267786,productpage,v1,Running,True
1779267786,productpage,v1,Running,True
1779267786,productpage,v1,Running,True
1779267786,productpage,v1,Running,True
1779267786,productpage,v1,Running,True
1779267786,productpage,v1,Running,True
1779267786,productpage,v1,Running,True
1779267786,productpage,v1,Running,True
1779267786,productpage,v1,Running,True
1779267786,productpage,v1,Running,True
1779267786,productpage,v1,Running,True
1779267786,productpage,v1,Running,True
1779267786,ratings,v1,Running,True
1779267786,ratings,v1,Running,True
1779267786,reviews,v1,Running,True
1779267786,reviews,v2,Running,True
1779267786,reviews,v2,Running,True
1779267786,reviews,v2,Running,True
1779267786,reviews,v2,Running,True
1779267786,reviews,v2,Running,True
1779267786,reviews,v2,Pending,
1779267786,reviews,v2,Running,True
1779267786,reviews,v2,Running,True
1779267786,reviews,v2,Running,True
1779267786,reviews,v2,Pending,
1779267786,reviews,v3,Running,True
1779267787,details,v1,Running,True
1779267787,details,v1,Running,True
1779267787,details,v1,Running,True
1779267787,details,v1,Running,True
1779267787,details,v1,Running,True
1779267787,details,v1,Running,True
1779267787,details,v1,Pending,
1779267787,details,v1,Running,True
1779267787,details,v1,Running,True
1779267787,productpage,v1,Running,True
1779267787,productpage,v1,Running,True
1779267787,productpage,v1,Running,True
1779267787,productpage,v1,Running,True
1779267787,productpage,v1,Running,True
1779267787,productpage,v1,Running,True
1779267787,productpage,v1,Running,True
1779267787,productpage,v1,Running,True
1779267787,productpage,v1,Running,True
1779267787,productpage,v1,Running,True
1779267787,productpage,v1,Running,True
1779267787,productpage,v1,Running,True
1779267787,productpage,v1,Running,True
1779267787,productpage,v1,Running,True
1779267787,productpage,v1,Running,True
1779267787,productpage,v1,Running,True
1779267787,productpage,v1,Running,True
1779267787,productpage,v1,Running,True
1779267787,productpage,v1,Running,True
1779267787,productpage,v1,Running,True
1779267787,ratings,v1,Running,True
1779267787,ratings,v1,Running,True
1779267787,reviews,v1,Running,True
1779267787,reviews,v2,Running,True
1779267787,reviews,v2,Running,True
1779267787,reviews,v2,Running,True
1779267787,reviews,v2,Running,True
1779267787,reviews,v2,Running,True
1779267787,reviews,v2,Pending,
1779267787,reviews,v2,Running,True
1779267787,reviews,v2,Running,True
1779267787,reviews,v2,Running,True
1779267787,reviews,v2,Pending,
1779267787,reviews,v3,Running,True
1779267788,details,v1,Running,True
1779267788,details,v1,Running,True
1779267788,details,v1,Running,True
1779267788,details,v1,Running,True
1779267788,details,v1,Running,True
1779267788,details,v1,Running,True
1779267788,details,v1,Pending,
1779267788,details,v1,Running,True
1779267788,details,v1,Running,True
1779267788,productpage,v1,Running,True
1779267788,productpage,v1,Running,True
1779267788,productpage,v1,Running,True
1779267788,productpage,v1,Running,True
1779267788,productpage,v1,Running,True
1779267788,productpage,v1,Running,True
1779267788,productpage,v1,Running,True
1779267788,productpage,v1,Running,True
1779267788,productpage,v1,Running,True
1779267788,productpage,v1,Running,True
1779267788,productpage,v1,Running,True
1779267788,productpage,v1,Running,True
1779267788,productpage,v1,Running,True
1779267788,productpage,v1,Running,True
1779267788,productpage,v1,Running,True
1779267788,productpage,v1,Running,True
1779267788,productpage,v1,Running,True
1779267788,productpage,v1,Running,True
1779267788,productpage,v1,Running,True
1779267788,productpage,v1,Running,True
1779267788,ratings,v1,Running,True
1779267788,ratings,v1,Running,True
1779267788,reviews,v1,Running,True
1779267788,reviews,v2,Running,True
1779267788,reviews,v2,Running,True
1779267788,reviews,v2,Running,True
1779267788,reviews,v2,Running,True
1779267788,reviews,v2,Running,True
1779267788,reviews,v2,Pending,
1779267788,reviews,v2,Running,True
1779267788,reviews,v2,Running,True
1779267788,reviews,v2,Running,True
1779267788,reviews,v2,Pending,
1779267788,reviews,v3,Running,True
1779267789,details,v1,Running,True
1779267789,details,v1,Running,True
1779267789,details,v1,Running,True
1779267789,details,v1,Running,True
1779267789,details,v1,Running,True
1779267789,details,v1,Running,True
1779267789,details,v1,Pending,
1779267789,details,v1,Running,True
1779267789,details,v1,Running,True
1779267789,productpage,v1,Running,True
1779267789,productpage,v1,Running,True
1779267789,productpage,v1,Running,True
1779267789,productpage,v1,Running,True
1779267789,productpage,v1,Running,True
1779267789,productpage,v1,Running,True
1779267789,productpage,v1,Running,True
1779267789,productpage,v1,Running,True
1779267789,productpage,v1,Running,True
1779267789,productpage,v1,Running,True
1779267789,productpage,v1,Running,True
1779267789,productpage,v1,Running,True
1779267789,productpage,v1,Running,True
1779267789,productpage,v1,Running,True
1779267789,productpage,v1,Running,True
1779267789,productpage,v1,Running,True
1779267789,productpage,v1,Running,True
1779267789,productpage,v1,Running,True
1779267789,productpage,v1,Running,True
1779267789,productpage,v1,Running,True
1779267789,ratings,v1,Running,True
1779267789,ratings,v1,Running,True
1779267789,reviews,v1,Running,True
1779267789,reviews,v2,Running,True
1779267789,reviews,v2,Running,True
1779267789,reviews,v2,Running,True
1779267789,reviews,v2,Running,True
1779267789,reviews,v2,Running,True
1779267789,reviews,v2,Pending,
1779267789,reviews,v2,Running,True
1779267789,reviews,v2,Running,True
1779267789,reviews,v2,Running,True
1779267789,reviews,v2,Pending,
1779267789,reviews,v3,Running,True
1779267790,details,v1,Running,True
1779267790,details,v1,Running,True
1779267790,details,v1,Running,True
1779267790,details,v1,Running,True
1779267790,details,v1,Running,True
1779267790,details,v1,Running,True
1779267790,details,v1,Pending,
1779267790,details,v1,Running,True
1779267790,details,v1,Running,True
1779267790,productpage,v1,Running,True
1779267790,productpage,v1,Running,True
1779267790,productpage,v1,Running,True
1779267790,productpage,v1,Running,True
1779267790,productpage,v1,Running,True
1779267790,productpage,v1,Running,True
1779267790,productpage,v1,Running,True
1779267790,productpage,v1,Running,True
1779267790,productpage,v1,Running,True
1779267790,productpage,v1,Running,True
1779267790,productpage,v1,Running,True
1779267790,productpage,v1,Running,True
1779267790,productpage,v1,Running,True
1779267790,productpage,v1,Running,True
1779267790,productpage,v1,Running,True
1779267790,productpage,v1,Running,True
1779267790,productpage,v1,Running,True
1779267790,productpage,v1,Running,True
1779267790,productpage,v1,Running,True
1779267790,productpage,v1,Running,True
1779267790,ratings,v1,Running,True
1779267790,ratings,v1,Running,True
1779267790,reviews,v1,Running,True
1779267790,reviews,v2,Running,True
1779267790,reviews,v2,Running,True
1779267790,reviews,v2,Running,True
1779267790,reviews,v2,Running,True
1779267790,reviews,v2,Running,True
1779267790,reviews,v2,Pending,
1779267790,reviews,v2,Running,True
1779267790,reviews,v2,Running,True
1779267790,reviews,v2,Running,True
1779267790,reviews,v2,Pending,
1779267790,reviews,v3,Running,True
1779267791,details,v1,Running,True
1779267791,details,v1,Running,True
1779267791,details,v1,Running,True
1779267791,details,v1,Running,True
1779267791,details,v1,Running,True
1779267791,details,v1,Running,True
1779267791,details,v1,Pending,
1779267791,details,v1,Running,True
1779267791,details,v1,Running,True
1779267791,productpage,v1,Running,True
1779267791,productpage,v1,Running,True
1779267791,productpage,v1,Running,True
1779267791,productpage,v1,Running,True
1779267791,productpage,v1,Running,True
1779267791,productpage,v1,Running,True
1779267791,productpage,v1,Running,True
1779267791,productpage,v1,Running,True
1779267791,productpage,v1,Running,True
1779267791,productpage,v1,Running,True
1779267791,productpage,v1,Running,True
1779267791,productpage,v1,Running,True
1779267791,productpage,v1,Running,True
1779267791,productpage,v1,Running,True
1779267791,productpage,v1,Running,True
1779267791,productpage,v1,Running,True
1779267791,productpage,v1,Running,True
1779267791,productpage,v1,Running,True
1779267791,productpage,v1,Running,True
1779267791,productpage,v1,Running,True
1779267791,ratings,v1,Running,True
1779267791,ratings,v1,Running,True
1779267791,reviews,v1,Running,True
1779267791,reviews,v2,Running,True
1779267791,reviews,v2,Running,True
1779267791,reviews,v2,Running,True
1779267791,reviews,v2,Running,True
1779267791,reviews,v2,Running,True
1779267791,reviews,v2,Pending,
1779267791,reviews,v2,Running,True
1779267791,reviews,v2,Running,True
1779267791,reviews,v2,Running,True
1779267791,reviews,v2,Pending,
1779267791,reviews,v3,Running,True
1779267792,details,v1,Running,True
1779267792,details,v1,Running,True
1779267792,details,v1,Running,True
1779267792,details,v1,Running,True
1779267792,details,v1,Running,True
1779267792,details,v1,Running,True
1779267792,details,v1,Pending,
1779267792,details,v1,Running,True
1779267792,details,v1,Running,True
1779267792,productpage,v1,Running,True
1779267792,productpage,v1,Running,True
1779267792,productpage,v1,Running,True
1779267792,productpage,v1,Running,True
1779267792,productpage,v1,Running,True
1779267792,productpage,v1,Running,True
1779267792,productpage,v1,Running,True
1779267792,productpage,v1,Running,True
1779267792,productpage,v1,Running,True
1779267792,productpage,v1,Running,True
1779267792,productpage,v1,Running,True
1779267792,productpage,v1,Running,True
1779267792,productpage,v1,Running,True
1779267792,productpage,v1,Running,True
1779267792,productpage,v1,Running,True
1779267792,productpage,v1,Running,True
1779267792,productpage,v1,Running,True
1779267792,productpage,v1,Running,True
1779267792,productpage,v1,Running,True
1779267792,productpage,v1,Running,True
1779267792,ratings,v1,Running,True
1779267792,ratings,v1,Running,True
1779267792,reviews,v1,Running,True
1779267792,reviews,v2,Running,True
1779267792,reviews,v2,Running,True
1779267792,reviews,v2,Running,True
1779267792,reviews,v2,Running,True
1779267792,reviews,v2,Running,True
1779267792,reviews,v2,Pending,
1779267792,reviews,v2,Running,True
1779267792,reviews,v2,Running,True
1779267792,reviews,v2,Running,True
1779267792,reviews,v2,Pending,
1779267792,reviews,v3,Running,True
1779267793,details,v1,Running,True
1779267793,details,v1,Running,True
1779267793,details,v1,Running,True
1779267793,details,v1,Running,True
1779267793,details,v1,Running,True
1779267793,details,v1,Running,True
1779267793,details,v1,Pending,
1779267793,details,v1,Running,True
1779267793,details,v1,Running,True
1779267793,productpage,v1,Running,True
1779267793,productpage,v1,Running,True
1779267793,productpage,v1,Running,True
1779267793,productpage,v1,Running,True
1779267793,productpage,v1,Running,True
1779267793,productpage,v1,Running,True
1779267793,productpage,v1,Running,True
1779267793,productpage,v1,Running,True
1779267793,productpage,v1,Running,True
1779267793,productpage,v1,Running,True
1779267793,productpage,v1,Running,True
1779267793,productpage,v1,Running,True
1779267793,productpage,v1,Running,True
1779267793,productpage,v1,Running,True
1779267793,productpage,v1,Running,True
1779267793,productpage,v1,Running,True
1779267793,productpage,v1,Running,True
1779267793,productpage,v1,Running,True
1779267793,productpage,v1,Running,True
1779267793,productpage,v1,Running,True
1779267793,ratings,v1,Running,True
1779267793,ratings,v1,Running,True
1779267793,reviews,v1,Running,True
1779267793,reviews,v2,Running,True
1779267793,reviews,v2,Running,True
1779267793,reviews,v2,Running,True
1779267793,reviews,v2,Running,True
1779267793,reviews,v2,Running,True
1779267793,reviews,v2,Pending,
1779267793,reviews,v2,Running,True
1779267793,reviews,v2,Running,True
1779267793,reviews,v2,Running,True
1779267793,reviews,v2,Pending,
1779267793,reviews,v3,Running,True
1779267794,details,v1,Running,True
1779267794,details,v1,Running,True
1779267794,details,v1,Running,True
1779267794,details,v1,Running,True
1779267794,details,v1,Running,True
1779267794,details,v1,Running,True
1779267794,details,v1,Pending,
1779267794,details,v1,Running,True
1779267794,details,v1,Running,True
1779267794,productpage,v1,Running,True
1779267794,productpage,v1,Running,True
1779267794,productpage,v1,Running,True
1779267794,productpage,v1,Running,True
1779267794,productpage,v1,Running,True
1779267794,productpage,v1,Running,True
1779267794,productpage,v1,Running,True
1779267794,productpage,v1,Running,True
1779267794,productpage,v1,Running,True
1779267794,productpage,v1,Running,True
1779267794,productpage,v1,Running,True
1779267794,productpage,v1,Running,True
1779267794,productpage,v1,Running,True
1779267794,productpage,v1,Running,True
1779267794,productpage,v1,Running,True
1779267794,productpage,v1,Running,True
1779267794,productpage,v1,Running,True
1779267794,productpage,v1,Running,True
1779267794,productpage,v1,Running,True
1779267794,productpage,v1,Running,True
1779267794,ratings,v1,Running,True
1779267794,ratings,v1,Running,True
1779267794,reviews,v1,Running,True
1779267794,reviews,v2,Running,True
1779267794,reviews,v2,Running,True
1779267794,reviews,v2,Running,True
1779267794,reviews,v2,Running,True
1779267794,reviews,v2,Running,True
1779267794,reviews,v2,Pending,
1779267794,reviews,v2,Running,True
1779267794,reviews,v2,Running,True
1779267794,reviews,v2,Running,True
1779267794,reviews,v2,Pending,
1779267794,reviews,v3,Running,True
1779267795,details,v1,Running,True
1779267795,details,v1,Running,True
1779267795,details,v1,Running,True
1779267795,details,v1,Running,True
1779267795,details,v1,Running,True
1779267795,details,v1,Running,True
1779267795,details,v1,Pending,
1779267795,details,v1,Running,True
1779267795,details,v1,Running,True
1779267795,productpage,v1,Running,True
1779267795,productpage,v1,Running,True
1779267795,productpage,v1,Running,True
1779267795,productpage,v1,Running,True
1779267795,productpage,v1,Running,True
1779267795,productpage,v1,Running,True
1779267795,productpage,v1,Running,True
1779267795,productpage,v1,Running,True
1779267795,productpage,v1,Running,True
1779267795,productpage,v1,Running,True
1779267795,productpage,v1,Running,True
1779267795,productpage,v1,Running,True
1779267795,productpage,v1,Running,True
1779267795,productpage,v1,Running,True
1779267795,productpage,v1,Running,True
1779267795,productpage,v1,Running,True
1779267795,productpage,v1,Running,True
1779267795,productpage,v1,Running,True
1779267795,productpage,v1,Running,True
1779267795,productpage,v1,Running,True
1779267795,ratings,v1,Running,True
1779267795,ratings,v1,Running,True
1779267795,reviews,v1,Running,True
1779267795,reviews,v2,Running,True
1779267795,reviews,v2,Running,True
1779267795,reviews,v2,Running,True
1779267795,reviews,v2,Running,True
1779267795,reviews,v2,Running,True
1779267795,reviews,v2,Pending,
1779267795,reviews,v2,Running,True
1779267795,reviews,v2,Running,True
1779267795,reviews,v2,Running,True
1779267795,reviews,v2,Pending,
1779267795,reviews,v3,Running,True
1779267796,details,v1,Running,True
1779267796,details,v1,Running,True
1779267796,details,v1,Running,True
1779267796,details,v1,Running,True
1779267796,details,v1,Running,True
1779267796,details,v1,Running,True
1779267796,details,v1,Pending,
1779267796,details,v1,Running,True
1779267796,details,v1,Running,True
1779267796,productpage,v1,Running,True
1779267796,productpage,v1,Running,True
1779267796,productpage,v1,Running,True
1779267796,productpage,v1,Running,True
1779267796,productpage,v1,Running,True
1779267796,productpage,v1,Running,True
1779267796,productpage,v1,Running,True
1779267796,productpage,v1,Running,True
1779267796,productpage,v1,Running,True
1779267796,productpage,v1,Running,True
1779267796,productpage,v1,Running,True
1779267796,productpage,v1,Running,True
1779267796,productpage,v1,Running,True
1779267796,productpage,v1,Running,True
1779267796,productpage,v1,Running,True
1779267796,productpage,v1,Running,True
1779267796,productpage,v1,Running,True
1779267796,productpage,v1,Running,True
1779267796,productpage,v1,Running,True
1779267796,productpage,v1,Running,True
1779267796,ratings,v1,Running,True
1779267796,ratings,v1,Running,True
1779267796,reviews,v1,Running,True
1779267796,reviews,v2,Running,True
1779267796,reviews,v2,Running,True
1779267796,reviews,v2,Running,True
1779267796,reviews,v2,Running,True
1779267796,reviews,v2,Running,True
1779267796,reviews,v2,Pending,
1779267796,reviews,v2,Running,True
1779267796,reviews,v2,Running,True
1779267796,reviews,v2,Running,True
1779267796,reviews,v2,Pending,
1779267796,reviews,v3,Running,True
1779267797,details,v1,Running,True
1779267797,details,v1,Running,True
1779267797,details,v1,Running,True
1779267797,details,v1,Running,True
1779267797,details,v1,Running,True
1779267797,details,v1,Running,True
1779267797,details,v1,Pending,
1779267797,details,v1,Running,True
1779267797,details,v1,Running,True
1779267797,productpage,v1,Running,True
1779267797,productpage,v1,Running,True
1779267797,productpage,v1,Running,True
1779267797,productpage,v1,Running,True
1779267797,productpage,v1,Running,True
1779267797,productpage,v1,Running,True
1779267797,productpage,v1,Running,True
1779267797,productpage,v1,Running,True
1779267797,productpage,v1,Running,True
1779267797,productpage,v1,Running,True
1779267797,productpage,v1,Running,True
1779267797,productpage,v1,Running,True
1779267797,productpage,v1,Running,True
1779267797,productpage,v1,Running,True
1779267797,productpage,v1,Running,True
1779267797,productpage,v1,Running,True
1779267797,productpage,v1,Running,True
1779267797,productpage,v1,Running,True
1779267797,productpage,v1,Running,True
1779267797,productpage,v1,Running,True
1779267797,ratings,v1,Running,True
1779267797,ratings,v1,Running,True
1779267797,reviews,v1,Running,True
1779267797,reviews,v2,Running,True
1779267797,reviews,v2,Running,True
1779267797,reviews,v2,Running,True
1779267797,reviews,v2,Running,True
1779267797,reviews,v2,Running,True
1779267797,reviews,v2,Pending,
1779267797,reviews,v2,Running,True
1779267797,reviews,v2,Running,True
1779267797,reviews,v2,Running,True
1779267797,reviews,v2,Pending,
1779267797,reviews,v3,Running,True
1779267798,details,v1,Running,True
1779267798,details,v1,Running,True
1779267798,details,v1,Running,True
1779267798,details,v1,Running,True
1779267798,details,v1,Running,True
1779267798,details,v1,Running,True
1779267798,details,v1,Pending,
1779267798,details,v1,Running,True
1779267798,details,v1,Running,True
1779267798,productpage,v1,Running,True
1779267798,productpage,v1,Running,True
1779267798,productpage,v1,Running,True
1779267798,productpage,v1,Running,True
1779267798,productpage,v1,Running,True
1779267798,productpage,v1,Running,True
1779267798,productpage,v1,Running,True
1779267798,productpage,v1,Running,True
1779267798,productpage,v1,Running,True
1779267798,productpage,v1,Running,True
1779267798,productpage,v1,Running,True
1779267798,productpage,v1,Running,True
1779267798,productpage,v1,Running,True
1779267798,productpage,v1,Running,True
1779267798,productpage,v1,Running,True
1779267798,productpage,v1,Running,True
1779267798,productpage,v1,Running,True
1779267798,productpage,v1,Running,True
1779267798,productpage,v1,Running,True
1779267798,productpage,v1,Running,True
1779267798,ratings,v1,Running,True
1779267798,ratings,v1,Running,True
1779267798,reviews,v1,Running,True
1779267798,reviews,v2,Running,True
1779267798,reviews,v2,Running,True
1779267798,reviews,v2,Running,True
1779267798,reviews,v2,Running,True
1779267798,reviews,v2,Running,True
1779267798,reviews,v2,Pending,
1779267798,reviews,v2,Running,True
1779267798,reviews,v2,Running,True
1779267798,reviews,v2,Running,True
1779267798,reviews,v2,Pending,
1779267798,reviews,v3,Running,True
1779267799,details,v1,Running,True
1779267799,details,v1,Running,True
1779267799,details,v1,Running,True
1779267799,details,v1,Running,True
1779267799,details,v1,Running,True
1779267799,details,v1,Running,True
1779267799,details,v1,Pending,
1779267799,details,v1,Running,True
1779267799,details,v1,Running,True
1779267799,productpage,v1,Running,True
1779267799,productpage,v1,Running,True
1779267799,productpage,v1,Running,True
1779267799,productpage,v1,Running,True
1779267799,productpage,v1,Running,True
1779267799,productpage,v1,Running,True
1779267799,productpage,v1,Running,True
1779267799,productpage,v1,Running,True
1779267799,productpage,v1,Running,True
1779267799,productpage,v1,Running,True
1779267799,productpage,v1,Running,True
1779267799,productpage,v1,Running,True
1779267799,productpage,v1,Running,True
1779267799,productpage,v1,Running,True
1779267799,productpage,v1,Running,True
1779267799,productpage,v1,Running,True
1779267799,productpage,v1,Running,True
1779267799,productpage,v1,Running,True
1779267799,productpage,v1,Running,True
1779267799,productpage,v1,Running,True
1779267799,ratings,v1,Running,True
1779267799,ratings,v1,Running,True
1779267799,reviews,v1,Running,True
1779267799,reviews,v2,Running,True
1779267799,reviews,v2,Running,True
1779267799,reviews,v2,Running,True
1779267799,reviews,v2,Running,True
1779267799,reviews,v2,Running,True
1779267799,reviews,v2,Pending,
1779267799,reviews,v2,Running,True
1779267799,reviews,v2,Running,True
1779267799,reviews,v2,Running,True
1779267799,reviews,v2,Pending,
1779267799,reviews,v3,Running,True
1779267800,details,v1,Running,True
1779267800,details,v1,Running,True
1779267800,details,v1,Running,True
1779267800,details,v1,Running,True
1779267800,details,v1,Running,True
1779267800,details,v1,Running,True
1779267800,details,v1,Pending,
1779267800,details,v1,Running,True
1779267800,details,v1,Running,True
1779267800,productpage,v1,Running,True
1779267800,productpage,v1,Running,True
1779267800,productpage,v1,Running,True
1779267800,productpage,v1,Running,True
1779267800,productpage,v1,Running,True
1779267800,productpage,v1,Running,True
1779267800,productpage,v1,Running,True
1779267800,productpage,v1,Running,True
1779267800,productpage,v1,Running,True
1779267800,productpage,v1,Running,True
1779267800,productpage,v1,Running,True
1779267800,productpage,v1,Running,True
1779267800,productpage,v1,Running,True
1779267800,productpage,v1,Running,True
1779267800,productpage,v1,Running,True
1779267800,productpage,v1,Running,True
1779267800,productpage,v1,Running,True
1779267800,productpage,v1,Running,True
1779267800,productpage,v1,Running,True
1779267800,productpage,v1,Running,True
1779267800,ratings,v1,Running,True
1779267800,ratings,v1,Running,True
1779267800,reviews,v1,Running,True
1779267800,reviews,v2,Running,True
1779267800,reviews,v2,Running,True
1779267800,reviews,v2,Running,True
1779267800,reviews,v2,Running,True
1779267800,reviews,v2,Running,True
1779267800,reviews,v2,Pending,
1779267800,reviews,v2,Running,True
1779267800,reviews,v2,Running,True
1779267800,reviews,v2,Running,True
1779267800,reviews,v2,Pending,
1779267800,reviews,v3,Running,True
1779267801,details,v1,Running,True
1779267801,details,v1,Running,True
1779267801,details,v1,Running,True
1779267801,details,v1,Running,True
1779267801,details,v1,Running,True
1779267801,details,v1,Running,True
1779267801,details,v1,Pending,
1779267801,details,v1,Running,True
1779267801,details,v1,Running,True
1779267801,productpage,v1,Running,True
1779267801,productpage,v1,Running,True
1779267801,productpage,v1,Running,True
1779267801,productpage,v1,Running,True
1779267801,productpage,v1,Running,True
1779267801,productpage,v1,Running,True
1779267801,productpage,v1,Running,True
1779267801,productpage,v1,Running,True
1779267801,productpage,v1,Running,True
1779267801,productpage,v1,Running,True
1779267801,productpage,v1,Running,True
1779267801,productpage,v1,Running,True
1779267801,productpage,v1,Running,True
1779267801,productpage,v1,Running,True
1779267801,productpage,v1,Running,True
1779267801,productpage,v1,Running,True
1779267801,productpage,v1,Running,True
1779267801,productpage,v1,Running,True
1779267801,productpage,v1,Running,True
1779267801,productpage,v1,Running,True
1779267801,ratings,v1,Running,True
1779267801,ratings,v1,Running,True
1779267801,reviews,v1,Running,True
1779267801,reviews,v2,Running,True
1779267801,reviews,v2,Running,True
1779267801,reviews,v2,Running,True
1779267801,reviews,v2,Running,True
1779267801,reviews,v2,Running,True
1779267801,reviews,v2,Pending,
1779267801,reviews,v2,Running,True
1779267801,reviews,v2,Running,True
1779267801,reviews,v2,Running,True
1779267801,reviews,v2,Pending,
1779267801,reviews,v3,Running,True
1779267802,details,v1,Running,True
1779267802,details,v1,Running,True
1779267802,details,v1,Running,True
1779267802,details,v1,Running,True
1779267802,details,v1,Running,True
1779267802,details,v1,Running,True
1779267802,details,v1,Pending,
1779267802,details,v1,Running,True
1779267802,details,v1,Running,True
1779267802,productpage,v1,Running,True
1779267802,productpage,v1,Running,True
1779267802,productpage,v1,Running,True
1779267802,productpage,v1,Running,True
1779267802,productpage,v1,Running,True
1779267802,productpage,v1,Running,True
1779267802,productpage,v1,Running,True
1779267802,productpage,v1,Running,True
1779267802,productpage,v1,Running,True
1779267802,productpage,v1,Running,True
1779267802,productpage,v1,Running,True
1779267802,productpage,v1,Running,True
1779267802,productpage,v1,Running,True
1779267802,productpage,v1,Running,True
1779267802,productpage,v1,Running,True
1779267802,productpage,v1,Running,True
1779267802,productpage,v1,Running,True
1779267802,productpage,v1,Running,True
1779267802,productpage,v1,Running,True
1779267802,productpage,v1,Running,True
1779267802,ratings,v1,Running,True
1779267802,ratings,v1,Running,True
1779267802,reviews,v1,Running,True
1779267802,reviews,v2,Running,True
1779267802,reviews,v2,Running,True
1779267802,reviews,v2,Running,True
1779267802,reviews,v2,Running,True
1779267802,reviews,v2,Running,True
1779267802,reviews,v2,Pending,
1779267802,reviews,v2,Running,True
1779267802,reviews,v2,Running,True
1779267802,reviews,v2,Running,True
1779267802,reviews,v2,Pending,
1779267802,reviews,v3,Running,True
1779267803,details,v1,Running,True
1779267803,details,v1,Running,True
1779267803,details,v1,Running,True
1779267803,details,v1,Running,True
1779267803,details,v1,Running,True
1779267803,details,v1,Running,True
1779267803,details,v1,Pending,
1779267803,details,v1,Running,True
1779267803,details,v1,Running,True
1779267803,productpage,v1,Running,True
1779267803,productpage,v1,Running,True
1779267803,productpage,v1,Running,True
1779267803,productpage,v1,Running,True
1779267803,productpage,v1,Running,True
1779267803,productpage,v1,Running,True
1779267803,productpage,v1,Running,True
1779267803,productpage,v1,Running,True
1779267803,productpage,v1,Running,True
1779267803,productpage,v1,Running,True
1779267803,productpage,v1,Running,True
1779267803,productpage,v1,Running,True
1779267803,productpage,v1,Running,True
1779267803,productpage,v1,Running,True
1779267803,productpage,v1,Running,True
1779267803,productpage,v1,Running,True
1779267803,productpage,v1,Running,True
1779267803,productpage,v1,Running,True
1779267803,productpage,v1,Running,True
1779267803,productpage,v1,Running,True
1779267803,ratings,v1,Running,True
1779267803,ratings,v1,Running,True
1779267803,reviews,v1,Running,True
1779267803,reviews,v2,Running,True
1779267803,reviews,v2,Running,True
1779267803,reviews,v2,Running,True
1779267803,reviews,v2,Running,True
1779267803,reviews,v2,Running,True
1779267803,reviews,v2,Pending,
1779267803,reviews,v2,Running,True
1779267803,reviews,v2,Running,True
1779267803,reviews,v2,Running,True
1779267803,reviews,v2,Pending,
1779267803,reviews,v3,Running,True
1779267804,details,v1,Running,True
1779267804,details,v1,Running,True
1779267804,details,v1,Running,True
1779267804,details,v1,Running,True
1779267804,details,v1,Running,True
1779267804,details,v1,Running,True
1779267804,details,v1,Pending,
1779267804,details,v1,Running,True
1779267804,details,v1,Running,True
1779267804,productpage,v1,Running,True
1779267804,productpage,v1,Running,True
1779267804,productpage,v1,Running,True
1779267804,productpage,v1,Running,True
1779267804,productpage,v1,Running,True
1779267804,productpage,v1,Running,True
1779267804,productpage,v1,Running,True
1779267804,productpage,v1,Running,True
1779267804,productpage,v1,Running,True
1779267804,productpage,v1,Running,True
1779267804,productpage,v1,Running,True
1779267804,productpage,v1,Running,True
1779267804,productpage,v1,Running,True
1779267804,productpage,v1,Running,True
1779267804,productpage,v1,Running,True
1779267804,productpage,v1,Running,True
1779267804,productpage,v1,Running,True
1779267804,productpage,v1,Running,True
1779267804,productpage,v1,Running,True
1779267804,productpage,v1,Running,True
1779267804,ratings,v1,Running,True
1779267804,ratings,v1,Running,True
1779267804,reviews,v1,Running,True
1779267804,reviews,v2,Running,True
1779267804,reviews,v2,Running,True
1779267804,reviews,v2,Running,True
1779267804,reviews,v2,Running,True
1779267804,reviews,v2,Running,True
1779267804,reviews,v2,Pending,
1779267804,reviews,v2,Running,True
1779267804,reviews,v2,Running,True
1779267804,reviews,v2,Running,True
1779267804,reviews,v2,Pending,
1779267804,reviews,v3,Running,True
1779267805,details,v1,Running,True
1779267805,details,v1,Running,True
1779267805,details,v1,Running,True
1779267805,details,v1,Running,True
1779267805,details,v1,Running,True
1779267805,details,v1,Running,True
1779267805,details,v1,Pending,
1779267805,details,v1,Running,True
1779267805,details,v1,Running,True
1779267805,productpage,v1,Running,True
1779267805,productpage,v1,Running,True
1779267805,productpage,v1,Running,True
1779267805,productpage,v1,Running,True
1779267805,productpage,v1,Running,True
1779267805,productpage,v1,Running,True
1779267805,productpage,v1,Running,True
1779267805,productpage,v1,Running,True
1779267805,productpage,v1,Running,True
1779267805,productpage,v1,Running,True
1779267805,productpage,v1,Running,True
1779267805,productpage,v1,Running,True
1779267805,productpage,v1,Running,True
1779267805,productpage,v1,Running,True
1779267805,productpage,v1,Running,True
1779267805,productpage,v1,Running,True
1779267805,productpage,v1,Running,True
1779267805,productpage,v1,Running,True
1779267805,productpage,v1,Running,True
1779267805,productpage,v1,Running,True
1779267805,ratings,v1,Running,True
1779267805,ratings,v1,Running,True
1779267805,reviews,v1,Running,True
1779267805,reviews,v2,Running,True
1779267805,reviews,v2,Running,True
1779267805,reviews,v2,Running,True
1779267805,reviews,v2,Running,True
1779267805,reviews,v2,Running,True
1779267805,reviews,v2,Pending,
1779267805,reviews,v2,Running,True
1779267805,reviews,v2,Running,True
1779267805,reviews,v2,Running,True
1779267805,reviews,v2,Pending,
1779267805,reviews,v3,Running,True
1779267806,details,v1,Running,True
1779267806,details,v1,Running,True
1779267806,details,v1,Running,True
1779267806,details,v1,Running,True
1779267806,details,v1,Running,True
1779267806,details,v1,Running,True
1779267806,details,v1,Pending,
1779267806,details,v1,Running,True
1779267806,details,v1,Running,True
1779267806,productpage,v1,Running,True
1779267806,productpage,v1,Running,True
1779267806,productpage,v1,Running,True
1779267806,productpage,v1,Running,True
1779267806,productpage,v1,Running,True
1779267806,productpage,v1,Running,True
1779267806,productpage,v1,Running,True
1779267806,productpage,v1,Running,True
1779267806,productpage,v1,Running,True
1779267806,productpage,v1,Running,True
1779267806,productpage,v1,Running,True
1779267806,productpage,v1,Running,True
1779267806,productpage,v1,Running,True
1779267806,productpage,v1,Running,True
1779267806,productpage,v1,Running,True
1779267806,productpage,v1,Running,True
1779267806,productpage,v1,Running,True
1779267806,productpage,v1,Running,True
1779267806,productpage,v1,Running,True
1779267806,productpage,v1,Running,True
1779267806,ratings,v1,Running,True
1779267806,ratings,v1,Running,True
1779267806,reviews,v1,Running,True
1779267806,reviews,v2,Running,True
1779267806,reviews,v2,Running,True
1779267806,reviews,v2,Running,True
1779267806,reviews,v2,Running,True
1779267806,reviews,v2,Running,True
1779267806,reviews,v2,Pending,
1779267806,reviews,v2,Running,True
1779267806,reviews,v2,Running,True
1779267806,reviews,v2,Running,True
1779267806,reviews,v2,Pending,
1779267806,reviews,v3,Running,True
1779267807,details,v1,Running,True
1779267807,details,v1,Running,True
1779267807,details,v1,Running,True
1779267807,details,v1,Running,True
1779267807,details,v1,Running,True
1779267807,details,v1,Running,True
1779267807,details,v1,Pending,
1779267807,details,v1,Running,True
1779267807,details,v1,Running,True
1779267807,productpage,v1,Running,True
1779267807,productpage,v1,Running,True
1779267807,productpage,v1,Running,True
1779267807,productpage,v1,Running,True
1779267807,productpage,v1,Running,True
1779267807,productpage,v1,Running,True
1779267807,productpage,v1,Running,True
1779267807,productpage,v1,Running,True
1779267807,productpage,v1,Running,True
1779267807,productpage,v1,Running,True
1779267807,productpage,v1,Running,True
1779267807,productpage,v1,Running,True
1779267807,productpage,v1,Running,True
1779267807,productpage,v1,Running,True
1779267807,productpage,v1,Running,True
1779267807,productpage,v1,Running,True
1779267807,productpage,v1,Running,True
1779267807,productpage,v1,Running,True
1779267807,productpage,v1,Running,True
1779267807,productpage,v1,Running,True
1779267807,ratings,v1,Running,True
1779267807,ratings,v1,Running,True
1779267807,reviews,v1,Running,True
1779267807,reviews,v2,Running,True
1779267807,reviews,v2,Running,True
1779267807,reviews,v2,Running,True
1779267807,reviews,v2,Running,True
1779267807,reviews,v2,Running,True
1779267807,reviews,v2,Pending,
1779267807,reviews,v2,Running,True
1779267807,reviews,v2,Running,True
1779267807,reviews,v2,Running,True
1779267807,reviews,v2,Pending,
1779267807,reviews,v3,Running,True
1779267808,details,v1,Running,True
1779267808,details,v1,Running,True
1779267808,details,v1,Running,True
1779267808,details,v1,Running,True
1779267808,details,v1,Running,True
1779267808,details,v1,Running,True
1779267808,details,v1,Pending,
1779267808,details,v1,Running,True
1779267808,details,v1,Running,True
1779267808,productpage,v1,Running,True
1779267808,productpage,v1,Running,True
1779267808,productpage,v1,Running,True
1779267808,productpage,v1,Running,True
1779267808,productpage,v1,Running,True
1779267808,productpage,v1,Running,True
1779267808,productpage,v1,Running,True
1779267808,productpage,v1,Running,True
1779267808,productpage,v1,Running,True
1779267808,productpage,v1,Running,True
1779267808,productpage,v1,Running,True
1779267808,productpage,v1,Running,True
1779267808,productpage,v1,Running,True
1779267808,productpage,v1,Running,True
1779267808,productpage,v1,Running,True
1779267808,productpage,v1,Running,True
1779267808,productpage,v1,Running,True
1779267808,productpage,v1,Running,True
1779267808,productpage,v1,Running,True
1779267808,productpage,v1,Running,True
1779267808,ratings,v1,Running,True
1779267808,ratings,v1,Running,True
1779267808,reviews,v1,Running,True
1779267808,reviews,v2,Running,True
1779267808,reviews,v2,Running,True
1779267808,reviews,v2,Running,True
1779267808,reviews,v2,Running,True
1779267808,reviews,v2,Running,True
1779267808,reviews,v2,Pending,
1779267808,reviews,v2,Running,True
1779267808,reviews,v2,Running,True
1779267808,reviews,v2,Running,True
1779267808,reviews,v2,Pending,
1779267808,reviews,v3,Running,True
1779267809,details,v1,Running,True
1779267809,details,v1,Running,True
1779267809,details,v1,Running,True
1779267809,details,v1,Running,True
1779267809,details,v1,Running,True
1779267809,details,v1,Running,True
1779267809,details,v1,Pending,
1779267809,details,v1,Running,True
1779267809,details,v1,Running,True
1779267809,productpage,v1,Running,True
1779267809,productpage,v1,Running,True
1779267809,productpage,v1,Running,True
1779267809,productpage,v1,Running,True
1779267809,productpage,v1,Running,True
1779267809,productpage,v1,Running,True
1779267809,productpage,v1,Running,True
1779267809,productpage,v1,Running,True
1779267809,productpage,v1,Running,True
1779267809,productpage,v1,Running,True
1779267809,productpage,v1,Running,True
1779267809,productpage,v1,Running,True
1779267809,productpage,v1,Running,True
1779267809,productpage,v1,Running,True
1779267809,productpage,v1,Running,True
1779267809,productpage,v1,Running,True
1779267809,productpage,v1,Running,True
1779267809,productpage,v1,Running,True
1779267809,productpage,v1,Running,True
1779267809,productpage,v1,Running,True
1779267809,ratings,v1,Running,True
1779267809,ratings,v1,Running,True
1779267809,reviews,v1,Running,True
1779267809,reviews,v2,Running,True
1779267809,reviews,v2,Running,True
1779267809,reviews,v2,Running,True
1779267809,reviews,v2,Running,True
1779267809,reviews,v2,Running,True
1779267809,reviews,v2,Pending,
1779267809,reviews,v2,Running,True
1779267809,reviews,v2,Running,True
1779267809,reviews,v2,Running,True
1779267809,reviews,v2,Pending,
1779267809,reviews,v3,Running,True
1779267810,details,v1,Running,True
1779267810,details,v1,Running,True
1779267810,details,v1,Running,True
1779267810,details,v1,Running,True
1779267810,details,v1,Running,True
1779267810,details,v1,Running,True
1779267810,details,v1,Pending,
1779267810,details,v1,Running,True
1779267810,details,v1,Running,True
1779267810,productpage,v1,Running,True
1779267810,productpage,v1,Running,True
1779267810,productpage,v1,Running,True
1779267810,productpage,v1,Running,True
1779267810,productpage,v1,Running,True
1779267810,productpage,v1,Running,True
1779267810,productpage,v1,Running,True
1779267810,productpage,v1,Running,True
1779267810,productpage,v1,Running,True
1779267810,productpage,v1,Running,True
1779267810,productpage,v1,Running,True
1779267810,productpage,v1,Running,True
1779267810,productpage,v1,Running,True
1779267810,productpage,v1,Running,True
1779267810,productpage,v1,Running,True
1779267810,productpage,v1,Running,True
1779267810,productpage,v1,Running,True
1779267810,productpage,v1,Running,True
1779267810,productpage,v1,Running,True
1779267810,productpage,v1,Running,True
1779267810,ratings,v1,Running,True
1779267810,ratings,v1,Running,True
1779267810,reviews,v1,Running,True
1779267810,reviews,v2,Running,True
1779267810,reviews,v2,Running,True
1779267810,reviews,v2,Running,True
1779267810,reviews,v2,Running,True
1779267810,reviews,v2,Running,True
1779267810,reviews,v2,Pending,
1779267810,reviews,v2,Running,True
1779267810,reviews,v2,Running,True
1779267810,reviews,v2,Running,True
1779267810,reviews,v2,Pending,
1779267810,reviews,v3,Running,True
1779267811,details,v1,Running,True
1779267811,details,v1,Running,True
1779267811,details,v1,Running,True
1779267811,details,v1,Running,True
1779267811,details,v1,Running,True
1779267811,details,v1,Running,True
1779267811,details,v1,Pending,
1779267811,details,v1,Running,True
1779267811,details,v1,Running,True
1779267811,productpage,v1,Running,True
1779267811,productpage,v1,Running,True
1779267811,productpage,v1,Running,True
1779267811,productpage,v1,Running,True
1779267811,productpage,v1,Running,True
1779267811,productpage,v1,Running,True
1779267811,productpage,v1,Running,True
1779267811,productpage,v1,Running,True
1779267811,productpage,v1,Running,True
1779267811,productpage,v1,Running,True
1779267811,productpage,v1,Running,True
1779267811,productpage,v1,Running,True
1779267811,productpage,v1,Running,True
1779267811,productpage,v1,Running,True
1779267811,productpage,v1,Running,True
1779267811,productpage,v1,Running,True
1779267811,productpage,v1,Running,True
1779267811,productpage,v1,Running,True
1779267811,productpage,v1,Running,True
1779267811,productpage,v1,Running,True
1779267811,ratings,v1,Running,True
1779267811,ratings,v1,Running,True
1779267811,reviews,v1,Running,True
1779267811,reviews,v2,Running,True
1779267811,reviews,v2,Running,True
1779267811,reviews,v2,Running,True
1779267811,reviews,v2,Running,True
1779267811,reviews,v2,Running,True
1779267811,reviews,v2,Pending,
1779267811,reviews,v2,Running,True
1779267811,reviews,v2,Running,True
1779267811,reviews,v2,Running,True
1779267811,reviews,v2,Pending,
1779267811,reviews,v3,Running,True
1779267812,details,v1,Running,True
1779267812,details,v1,Running,True
1779267812,details,v1,Running,True
1779267812,details,v1,Running,True
1779267812,details,v1,Running,True
1779267812,details,v1,Running,True
1779267812,details,v1,Pending,
1779267812,details,v1,Running,True
1779267812,details,v1,Running,True
1779267812,productpage,v1,Running,True
1779267812,productpage,v1,Running,True
1779267812,productpage,v1,Running,True
1779267812,productpage,v1,Running,True
1779267812,productpage,v1,Running,True
1779267812,productpage,v1,Running,True
1779267812,productpage,v1,Running,True
1779267812,productpage,v1,Running,True
1779267812,productpage,v1,Running,True
1779267812,productpage,v1,Running,True
1779267812,productpage,v1,Running,True
1779267812,productpage,v1,Running,True
1779267812,productpage,v1,Running,True
1779267812,productpage,v1,Running,True
1779267812,productpage,v1,Running,True
1779267812,productpage,v1,Running,True
1779267812,productpage,v1,Running,True
1779267812,productpage,v1,Running,True
1779267812,productpage,v1,Running,True
1779267812,productpage,v1,Running,True
1779267812,ratings,v1,Running,True
1779267812,ratings,v1,Running,True
1779267812,reviews,v1,Running,True
1779267812,reviews,v2,Running,True
1779267812,reviews,v2,Running,True
1779267812,reviews,v2,Running,True
1779267812,reviews,v2,Running,True
1779267812,reviews,v2,Running,True
1779267812,reviews,v2,Pending,
1779267812,reviews,v2,Running,True
1779267812,reviews,v2,Running,True
1779267812,reviews,v2,Running,True
1779267812,reviews,v2,Pending,
1779267812,reviews,v3,Running,True
1779267813,details,v1,Running,True
1779267813,details,v1,Running,True
1779267813,details,v1,Running,True
1779267813,details,v1,Running,True
1779267813,details,v1,Running,True
1779267813,details,v1,Running,True
1779267813,details,v1,Pending,
1779267813,details,v1,Running,True
1779267813,details,v1,Running,True
1779267813,productpage,v1,Running,True
1779267813,productpage,v1,Running,True
1779267813,productpage,v1,Running,True
1779267813,productpage,v1,Running,True
1779267813,productpage,v1,Running,True
1779267813,productpage,v1,Running,True
1779267813,productpage,v1,Running,True
1779267813,productpage,v1,Running,True
1779267813,productpage,v1,Running,True
1779267813,productpage,v1,Running,True
1779267813,productpage,v1,Running,True
1779267813,productpage,v1,Running,True
1779267813,productpage,v1,Running,True
1779267813,productpage,v1,Running,True
1779267813,productpage,v1,Running,True
1779267813,productpage,v1,Running,True
1779267813,productpage,v1,Running,True
1779267813,productpage,v1,Running,True
1779267813,productpage,v1,Running,True
1779267813,productpage,v1,Running,True
1779267813,ratings,v1,Running,True
1779267813,ratings,v1,Running,True
1779267813,reviews,v1,Running,True
1779267813,reviews,v2,Running,True
1779267813,reviews,v2,Running,True
1779267813,reviews,v2,Running,True
1779267813,reviews,v2,Running,True
1779267813,reviews,v2,Running,True
1779267813,reviews,v2,Pending,
1779267813,reviews,v2,Running,True
1779267813,reviews,v2,Running,True
1779267813,reviews,v2,Running,True
1779267813,reviews,v2,Pending,
1779267813,reviews,v3,Running,True
1779267814,details,v1,Running,True
1779267814,details,v1,Running,True
1779267814,details,v1,Running,True
1779267814,details,v1,Running,True
1779267814,details,v1,Running,True
1779267814,details,v1,Running,True
1779267814,details,v1,Pending,
1779267814,details,v1,Running,True
1779267814,details,v1,Running,True
1779267814,productpage,v1,Running,True
1779267814,productpage,v1,Running,True
1779267814,productpage,v1,Running,True
1779267814,productpage,v1,Running,True
1779267814,productpage,v1,Running,True
1779267814,productpage,v1,Running,True
1779267814,productpage,v1,Running,True
1779267814,productpage,v1,Running,True
1779267814,productpage,v1,Running,True
1779267814,productpage,v1,Running,True
1779267814,productpage,v1,Running,True
1779267814,productpage,v1,Running,True
1779267814,productpage,v1,Running,True
1779267814,productpage,v1,Running,True
1779267814,productpage,v1,Running,True
1779267814,productpage,v1,Running,True
1779267814,productpage,v1,Running,True
1779267814,productpage,v1,Running,True
1779267814,productpage,v1,Running,True
1779267814,productpage,v1,Running,True
1779267814,ratings,v1,Running,True
1779267814,ratings,v1,Running,True
1779267814,reviews,v1,Running,True
1779267814,reviews,v2,Running,True
1779267814,reviews,v2,Running,True
1779267814,reviews,v2,Running,True
1779267814,reviews,v2,Running,True
1779267814,reviews,v2,Running,True
1779267814,reviews,v2,Pending,
1779267814,reviews,v2,Running,True
1779267814,reviews,v2,Running,True
1779267814,reviews,v2,Running,True
1779267814,reviews,v2,Pending,
1779267814,reviews,v3,Running,True
1779267815,details,v1,Running,True
1779267815,details,v1,Running,True
1779267815,details,v1,Running,True
1779267815,details,v1,Running,True
1779267815,details,v1,Running,True
1779267815,details,v1,Running,True
1779267815,details,v1,Pending,
1779267815,details,v1,Running,True
1779267815,details,v1,Running,True
1779267815,productpage,v1,Running,True
1779267815,productpage,v1,Running,True
1779267815,productpage,v1,Running,True
1779267815,productpage,v1,Running,True
1779267815,productpage,v1,Running,True
1779267815,productpage,v1,Running,True
1779267815,productpage,v1,Running,True
1779267815,productpage,v1,Running,True
1779267815,productpage,v1,Running,True
1779267815,productpage,v1,Running,True
1779267815,productpage,v1,Running,True
1779267815,productpage,v1,Running,True
1779267815,productpage,v1,Running,True
1779267815,productpage,v1,Running,True
1779267815,productpage,v1,Running,True
1779267815,productpage,v1,Running,True
1779267815,productpage,v1,Running,True
1779267815,productpage,v1,Running,True
1779267815,productpage,v1,Running,True
1779267815,productpage,v1,Running,True
1779267815,ratings,v1,Running,True
1779267815,ratings,v1,Running,True
1779267815,reviews,v1,Running,True
1779267815,reviews,v2,Running,True
1779267815,reviews,v2,Running,True
1779267815,reviews,v2,Running,True
1779267815,reviews,v2,Running,True
1779267815,reviews,v2,Running,True
1779267815,reviews,v2,Pending,
1779267815,reviews,v2,Running,True
1779267815,reviews,v2,Running,True
1779267815,reviews,v2,Running,True
1779267815,reviews,v2,Pending,
1779267815,reviews,v3,Running,True
1779267816,details,v1,Running,True
1779267816,details,v1,Running,True
1779267816,details,v1,Running,True
1779267816,details,v1,Running,True
1779267816,details,v1,Running,True
1779267816,details,v1,Running,True
1779267816,details,v1,Pending,
1779267816,details,v1,Running,True
1779267816,details,v1,Running,True
1779267816,productpage,v1,Running,True
1779267816,productpage,v1,Running,True
1779267816,productpage,v1,Running,True
1779267816,productpage,v1,Running,True
1779267816,productpage,v1,Running,True
1779267816,productpage,v1,Running,True
1779267816,productpage,v1,Running,True
1779267816,productpage,v1,Running,True
1779267816,productpage,v1,Running,True
1779267816,productpage,v1,Running,True
1779267816,productpage,v1,Running,True
1779267816,productpage,v1,Running,True
1779267816,productpage,v1,Running,True
1779267816,productpage,v1,Running,True
1779267816,productpage,v1,Running,True
1779267816,productpage,v1,Running,True
1779267816,productpage,v1,Running,True
1779267816,productpage,v1,Running,True
1779267816,productpage,v1,Running,True
1779267816,productpage,v1,Running,True
1779267816,ratings,v1,Running,True
1779267816,ratings,v1,Running,True
1779267816,reviews,v1,Running,True
1779267816,reviews,v2,Running,True
1779267816,reviews,v2,Running,True
1779267816,reviews,v2,Running,True
1779267816,reviews,v2,Running,True
1779267816,reviews,v2,Running,True
1779267816,reviews,v2,Pending,
1779267816,reviews,v2,Running,True
1779267816,reviews,v2,Running,True
1779267816,reviews,v2,Running,True
1779267816,reviews,v2,Pending,
1779267816,reviews,v3,Running,True
1779267817,details,v1,Running,True
1779267817,details,v1,Running,True
1779267817,details,v1,Running,True
1779267817,details,v1,Running,True
1779267817,details,v1,Running,True
1779267817,details,v1,Running,True
1779267817,details,v1,Pending,
1779267817,details,v1,Running,True
1779267817,details,v1,Running,True
1779267817,productpage,v1,Running,True
1779267817,productpage,v1,Running,True
1779267817,productpage,v1,Running,True
1779267817,productpage,v1,Running,True
1779267817,productpage,v1,Running,True
1779267817,productpage,v1,Running,True
1779267817,productpage,v1,Running,True
1779267817,productpage,v1,Running,True
1779267817,productpage,v1,Running,True
1779267817,productpage,v1,Running,True
1779267817,productpage,v1,Running,True
1779267817,productpage,v1,Running,True
1779267817,productpage,v1,Running,True
1779267817,productpage,v1,Running,True
1779267817,productpage,v1,Running,True
1779267817,productpage,v1,Running,True
1779267817,productpage,v1,Running,True
1779267817,productpage,v1,Running,True
1779267817,productpage,v1,Running,True
1779267817,productpage,v1,Running,True
1779267817,ratings,v1,Running,True
1779267817,ratings,v1,Running,True
1779267817,reviews,v1,Running,True
1779267817,reviews,v2,Running,True
1779267817,reviews,v2,Running,True
1779267817,reviews,v2,Running,True
1779267817,reviews,v2,Running,True
1779267817,reviews,v2,Running,True
1779267817,reviews,v2,Pending,
1779267817,reviews,v2,Running,True
1779267817,reviews,v2,Running,True
1779267817,reviews,v2,Running,True
1779267817,reviews,v2,Pending,
1779267817,reviews,v3,Running,True
1779267818,details,v1,Running,True
1779267818,details,v1,Running,True
1779267818,details,v1,Running,True
1779267818,details,v1,Running,True
1779267818,details,v1,Running,True
1779267818,details,v1,Running,True
1779267818,details,v1,Pending,
1779267818,details,v1,Running,True
1779267818,details,v1,Running,True
1779267818,productpage,v1,Running,True
1779267818,productpage,v1,Running,True
1779267818,productpage,v1,Running,True
1779267818,productpage,v1,Running,True
1779267818,productpage,v1,Running,True
1779267818,productpage,v1,Running,True
1779267818,productpage,v1,Running,True
1779267818,productpage,v1,Running,True
1779267818,productpage,v1,Running,True
1779267818,productpage,v1,Running,True
1779267818,productpage,v1,Running,True
1779267818,productpage,v1,Running,True
1779267818,productpage,v1,Running,True
1779267818,productpage,v1,Running,True
1779267818,productpage,v1,Running,True
1779267818,productpage,v1,Running,True
1779267818,productpage,v1,Running,True
1779267818,productpage,v1,Running,True
1779267818,productpage,v1,Running,True
1779267818,productpage,v1,Running,True
1779267818,ratings,v1,Running,True
1779267818,ratings,v1,Running,True
1779267818,reviews,v1,Running,True
1779267818,reviews,v2,Running,True
1779267818,reviews,v2,Running,True
1779267818,reviews,v2,Running,True
1779267818,reviews,v2,Running,True
1779267818,reviews,v2,Running,True
1779267818,reviews,v2,Pending,
1779267818,reviews,v2,Running,True
1779267818,reviews,v2,Running,True
1779267818,reviews,v2,Running,True
1779267818,reviews,v2,Pending,
1779267818,reviews,v3,Running,True
1779267819,details,v1,Running,True
1779267819,details,v1,Running,True
1779267819,details,v1,Running,True
1779267819,details,v1,Running,True
1779267819,details,v1,Running,True
1779267819,details,v1,Running,True
1779267819,details,v1,Pending,
1779267819,details,v1,Running,True
1779267819,details,v1,Running,True
1779267819,productpage,v1,Running,True
1779267819,productpage,v1,Running,True
1779267819,productpage,v1,Running,True
1779267819,productpage,v1,Running,True
1779267819,productpage,v1,Running,True
1779267819,productpage,v1,Running,True
1779267819,productpage,v1,Running,True
1779267819,productpage,v1,Running,True
1779267819,productpage,v1,Running,True
1779267819,productpage,v1,Running,True
1779267819,productpage,v1,Running,True
1779267819,productpage,v1,Running,True
1779267819,productpage,v1,Running,True
1779267819,productpage,v1,Running,True
1779267819,productpage,v1,Running,True
1779267819,productpage,v1,Running,True
1779267819,productpage,v1,Running,True
1779267819,productpage,v1,Running,True
1779267819,productpage,v1,Running,True
1779267819,productpage,v1,Running,True
1779267819,ratings,v1,Running,True
1779267819,ratings,v1,Running,True
1779267819,reviews,v1,Running,True
1779267819,reviews,v2,Running,True
1779267819,reviews,v2,Running,True
1779267819,reviews,v2,Running,True
1779267819,reviews,v2,Running,True
1779267819,reviews,v2,Running,True
1779267819,reviews,v2,Pending,
1779267819,reviews,v2,Running,True
1779267819,reviews,v2,Running,True
1779267819,reviews,v2,Running,True
1779267819,reviews,v2,Pending,
1779267819,reviews,v3,Running,True
1779267820,details,v1,Running,True
1779267820,details,v1,Running,True
1779267820,details,v1,Running,True
1779267820,details,v1,Running,True
1779267820,details,v1,Running,True
1779267820,details,v1,Running,True
1779267820,details,v1,Pending,
1779267820,details,v1,Running,True
1779267820,details,v1,Running,True
1779267820,productpage,v1,Running,True
1779267820,productpage,v1,Running,True
1779267820,productpage,v1,Running,True
1779267820,productpage,v1,Running,True
1779267820,productpage,v1,Running,True
1779267820,productpage,v1,Running,True
1779267820,productpage,v1,Running,True
1779267820,productpage,v1,Running,True
1779267820,productpage,v1,Running,True
1779267820,productpage,v1,Running,True
1779267820,productpage,v1,Running,True
1779267820,productpage,v1,Running,True
1779267820,productpage,v1,Running,True
1779267820,productpage,v1,Running,True
1779267820,productpage,v1,Running,True
1779267820,productpage,v1,Running,True
1779267820,productpage,v1,Running,True
1779267820,productpage,v1,Running,True
1779267820,productpage,v1,Running,True
1779267820,productpage,v1,Running,True
1779267820,ratings,v1,Running,True
1779267820,ratings,v1,Running,True
1779267820,reviews,v1,Running,True
1779267820,reviews,v2,Running,True
1779267820,reviews,v2,Running,True
1779267820,reviews,v2,Running,True
1779267820,reviews,v2,Running,True
1779267820,reviews,v2,Running,True
1779267820,reviews,v2,Pending,
1779267820,reviews,v2,Running,True
1779267820,reviews,v2,Running,True
1779267820,reviews,v2,Running,True
1779267820,reviews,v2,Pending,
1779267820,reviews,v3,Running,True
1779267821,details,v1,Running,True
1779267821,details,v1,Running,True
1779267821,details,v1,Running,True
1779267821,details,v1,Running,True
1779267821,details,v1,Running,True
1779267821,details,v1,Running,True
1779267821,details,v1,Pending,
1779267821,details,v1,Running,True
1779267821,details,v1,Running,True
1779267821,productpage,v1,Running,True
1779267821,productpage,v1,Running,True
1779267821,productpage,v1,Running,True
1779267821,productpage,v1,Running,True
1779267821,productpage,v1,Running,True
1779267821,productpage,v1,Running,True
1779267821,productpage,v1,Running,True
1779267821,productpage,v1,Running,True
1779267821,productpage,v1,Running,True
1779267821,productpage,v1,Running,True
1779267821,productpage,v1,Running,True
1779267821,productpage,v1,Running,True
1779267821,productpage,v1,Running,True
1779267821,productpage,v1,Running,True
1779267821,productpage,v1,Running,True
1779267821,productpage,v1,Running,True
1779267821,productpage,v1,Running,True
1779267821,productpage,v1,Running,True
1779267821,productpage,v1,Running,True
1779267821,productpage,v1,Running,True
1779267821,ratings,v1,Running,True
1779267821,ratings,v1,Running,True
1779267821,reviews,v1,Running,True
1779267821,reviews,v2,Running,True
1779267821,reviews,v2,Running,True
1779267821,reviews,v2,Running,True
1779267821,reviews,v2,Running,True
1779267821,reviews,v2,Running,True
1779267821,reviews,v2,Pending,
1779267821,reviews,v2,Running,True
1779267821,reviews,v2,Running,True
1779267821,reviews,v2,Running,True
1779267821,reviews,v2,Pending,
1779267821,reviews,v3,Running,True
1779267823,details,v1,Running,True
1779267823,details,v1,Running,True
1779267823,details,v1,Running,True
1779267823,details,v1,Running,True
1779267823,details,v1,Running,True
1779267823,details,v1,Running,True
1779267823,details,v1,Pending,
1779267823,details,v1,Running,True
1779267823,details,v1,Running,True
1779267823,productpage,v1,Running,True
1779267823,productpage,v1,Running,True
1779267823,productpage,v1,Running,True
1779267823,productpage,v1,Running,True
1779267823,productpage,v1,Running,True
1779267823,productpage,v1,Running,True
1779267823,productpage,v1,Running,True
1779267823,productpage,v1,Running,True
1779267823,productpage,v1,Running,True
1779267823,productpage,v1,Running,True
1779267823,productpage,v1,Running,True
1779267823,productpage,v1,Running,True
1779267823,productpage,v1,Running,True
1779267823,productpage,v1,Running,True
1779267823,productpage,v1,Running,True
1779267823,productpage,v1,Running,True
1779267823,productpage,v1,Running,True
1779267823,productpage,v1,Running,True
1779267823,productpage,v1,Running,True
1779267823,productpage,v1,Running,True
1779267823,ratings,v1,Running,True
1779267823,ratings,v1,Running,True
1779267823,reviews,v1,Running,True
1779267823,reviews,v2,Running,True
1779267823,reviews,v2,Running,True
1779267823,reviews,v2,Running,True
1779267823,reviews,v2,Running,True
1779267823,reviews,v2,Running,True
1779267823,reviews,v2,Pending,
1779267823,reviews,v2,Running,True
1779267823,reviews,v2,Running,True
1779267823,reviews,v2,Running,True
1779267823,reviews,v2,Pending,
1779267823,reviews,v3,Running,True
1779267824,details,v1,Running,True
1779267824,details,v1,Running,True
1779267824,details,v1,Running,True
1779267824,details,v1,Running,True
1779267824,details,v1,Running,True
1779267824,details,v1,Running,True
1779267824,details,v1,Pending,
1779267824,details,v1,Running,True
1779267824,details,v1,Running,True
1779267824,productpage,v1,Running,True
1779267824,productpage,v1,Running,True
1779267824,productpage,v1,Running,True
1779267824,productpage,v1,Running,True
1779267824,productpage,v1,Running,True
1779267824,productpage,v1,Running,True
1779267824,productpage,v1,Running,True
1779267824,productpage,v1,Running,True
1779267824,productpage,v1,Running,True
1779267824,productpage,v1,Running,True
1779267824,productpage,v1,Running,True
1779267824,productpage,v1,Running,True
1779267824,productpage,v1,Running,True
1779267824,productpage,v1,Running,True
1779267824,productpage,v1,Running,True
1779267824,productpage,v1,Running,True
1779267824,productpage,v1,Running,True
1779267824,productpage,v1,Running,True
1779267824,productpage,v1,Running,True
1779267824,productpage,v1,Running,True
1779267824,ratings,v1,Running,True
1779267824,ratings,v1,Running,True
1779267824,reviews,v1,Running,True
1779267824,reviews,v2,Running,True
1779267824,reviews,v2,Running,True
1779267824,reviews,v2,Running,True
1779267824,reviews,v2,Running,True
1779267824,reviews,v2,Running,True
1779267824,reviews,v2,Pending,
1779267824,reviews,v2,Running,True
1779267824,reviews,v2,Running,True
1779267824,reviews,v2,Running,True
1779267824,reviews,v2,Pending,
1779267824,reviews,v3,Running,True
1779267825,details,v1,Running,True
1779267825,details,v1,Running,True
1779267825,details,v1,Running,True
1779267825,details,v1,Running,True
1779267825,details,v1,Running,True
1779267825,details,v1,Running,True
1779267825,details,v1,Pending,
1779267825,details,v1,Running,True
1779267825,details,v1,Running,True
1779267825,productpage,v1,Running,True
1779267825,productpage,v1,Running,True
1779267825,productpage,v1,Running,True
1779267825,productpage,v1,Running,True
1779267825,productpage,v1,Running,True
1779267825,productpage,v1,Running,True
1779267825,productpage,v1,Running,True
1779267825,productpage,v1,Running,True
1779267825,productpage,v1,Running,True
1779267825,productpage,v1,Running,True
1779267825,productpage,v1,Running,True
1779267825,productpage,v1,Running,True
1779267825,productpage,v1,Running,True
1779267825,productpage,v1,Running,True
1779267825,productpage,v1,Running,True
1779267825,productpage,v1,Running,True
1779267825,productpage,v1,Running,True
1779267825,productpage,v1,Running,True
1779267825,productpage,v1,Running,True
1779267825,productpage,v1,Running,True
1779267825,ratings,v1,Running,True
1779267825,ratings,v1,Running,True
1779267825,reviews,v1,Running,True
1779267825,reviews,v2,Running,True
1779267825,reviews,v2,Running,True
1779267825,reviews,v2,Running,True
1779267825,reviews,v2,Running,True
1779267825,reviews,v2,Running,True
1779267825,reviews,v2,Pending,
1779267825,reviews,v2,Running,True
1779267825,reviews,v2,Running,True
1779267825,reviews,v2,Running,True
1779267825,reviews,v2,Pending,
1779267825,reviews,v3,Running,True
1779267826,details,v1,Running,True
1779267826,details,v1,Running,True
1779267826,details,v1,Running,True
1779267826,details,v1,Running,True
1779267826,details,v1,Running,True
1779267826,details,v1,Running,True
1779267826,details,v1,Pending,
1779267826,details,v1,Running,True
1779267826,details,v1,Running,True
1779267826,productpage,v1,Running,True
1779267826,productpage,v1,Running,True
1779267826,productpage,v1,Running,True
1779267826,productpage,v1,Running,True
1779267826,productpage,v1,Running,True
1779267826,productpage,v1,Running,True
1779267826,productpage,v1,Running,True
1779267826,productpage,v1,Running,True
1779267826,productpage,v1,Running,True
1779267826,productpage,v1,Running,True
1779267826,productpage,v1,Running,True
1779267826,productpage,v1,Running,True
1779267826,productpage,v1,Running,True
1779267826,productpage,v1,Running,True
1779267826,productpage,v1,Running,True
1779267826,productpage,v1,Running,True
1779267826,productpage,v1,Running,True
1779267826,productpage,v1,Running,True
1779267826,productpage,v1,Running,True
1779267826,productpage,v1,Running,True
1779267826,ratings,v1,Running,True
1779267826,ratings,v1,Running,True
1779267826,reviews,v1,Running,True
1779267826,reviews,v2,Running,True
1779267826,reviews,v2,Running,True
1779267826,reviews,v2,Running,True
1779267826,reviews,v2,Running,True
1779267826,reviews,v2,Running,True
1779267826,reviews,v2,Pending,
1779267826,reviews,v2,Running,True
1779267826,reviews,v2,Running,True
1779267826,reviews,v2,Running,True
1779267826,reviews,v2,Pending,
1779267826,reviews,v3,Running,True
1779267827,details,v1,Running,True
1779267827,details,v1,Running,True
1779267827,details,v1,Running,True
1779267827,details,v1,Running,True
1779267827,details,v1,Running,True
1779267827,details,v1,Running,True
1779267827,details,v1,Pending,
1779267827,details,v1,Running,True
1779267827,details,v1,Running,True
1779267827,productpage,v1,Running,True
1779267827,productpage,v1,Running,True
1779267827,productpage,v1,Running,True
1779267827,productpage,v1,Running,True
1779267827,productpage,v1,Running,True
1779267827,productpage,v1,Running,True
1779267827,productpage,v1,Running,True
1779267827,productpage,v1,Running,True
1779267827,productpage,v1,Running,True
1779267827,productpage,v1,Running,True
1779267827,productpage,v1,Running,True
1779267827,productpage,v1,Running,True
1779267827,productpage,v1,Running,True
1779267827,productpage,v1,Running,True
1779267827,productpage,v1,Running,True
1779267827,productpage,v1,Running,True
1779267827,productpage,v1,Running,True
1779267827,productpage,v1,Running,True
1779267827,productpage,v1,Running,True
1779267827,productpage,v1,Running,True
1779267827,ratings,v1,Running,True
1779267827,ratings,v1,Running,True
1779267827,reviews,v1,Running,True
1779267827,reviews,v2,Running,True
1779267827,reviews,v2,Running,True
1779267827,reviews,v2,Running,True
1779267827,reviews,v2,Running,True
1779267827,reviews,v2,Running,True
1779267827,reviews,v2,Pending,
1779267827,reviews,v2,Running,True
1779267827,reviews,v2,Running,True
1779267827,reviews,v2,Running,True
1779267827,reviews,v2,Pending,
1779267827,reviews,v3,Running,True
1779267828,details,v1,Running,True
1779267828,details,v1,Running,True
1779267828,details,v1,Running,True
1779267828,details,v1,Running,True
1779267828,details,v1,Running,True
1779267828,details,v1,Running,True
1779267828,details,v1,Pending,
1779267828,details,v1,Running,True
1779267828,details,v1,Running,True
1779267828,productpage,v1,Running,True
1779267828,productpage,v1,Running,True
1779267828,productpage,v1,Running,True
1779267828,productpage,v1,Running,True
1779267828,productpage,v1,Running,True
1779267828,productpage,v1,Running,True
1779267828,productpage,v1,Running,True
1779267828,productpage,v1,Running,True
1779267828,productpage,v1,Running,True
1779267828,productpage,v1,Running,True
1779267828,productpage,v1,Running,True
1779267828,productpage,v1,Running,True
1779267828,productpage,v1,Running,True
1779267828,productpage,v1,Running,True
1779267828,productpage,v1,Running,True
1779267828,productpage,v1,Running,True
1779267828,productpage,v1,Running,True
1779267828,productpage,v1,Running,True
1779267828,productpage,v1,Running,True
1779267828,productpage,v1,Running,True
1779267828,ratings,v1,Running,True
1779267828,ratings,v1,Running,True
1779267828,reviews,v1,Running,True
1779267828,reviews,v2,Running,True
1779267828,reviews,v2,Running,True
1779267828,reviews,v2,Running,True
1779267828,reviews,v2,Running,True
1779267828,reviews,v2,Running,True
1779267828,reviews,v2,Pending,
1779267828,reviews,v2,Running,True
1779267828,reviews,v2,Running,True
1779267828,reviews,v2,Running,True
1779267828,reviews,v2,Pending,
1779267828,reviews,v3,Running,True
1779267829,details,v1,Running,True
1779267829,details,v1,Running,True
1779267829,details,v1,Running,True
1779267829,details,v1,Running,True
1779267829,details,v1,Running,True
1779267829,details,v1,Running,True
1779267829,details,v1,Pending,
1779267829,details,v1,Running,True
1779267829,details,v1,Running,True
1779267829,productpage,v1,Running,True
1779267829,productpage,v1,Running,True
1779267829,productpage,v1,Running,True
1779267829,productpage,v1,Running,True
1779267829,productpage,v1,Running,True
1779267829,productpage,v1,Running,True
1779267829,productpage,v1,Running,True
1779267829,productpage,v1,Running,True
1779267829,productpage,v1,Running,True
1779267829,productpage,v1,Running,True
1779267829,productpage,v1,Running,True
1779267829,productpage,v1,Running,True
1779267829,productpage,v1,Running,True
1779267829,productpage,v1,Running,True
1779267829,productpage,v1,Running,True
1779267829,productpage,v1,Running,True
1779267829,productpage,v1,Running,True
1779267829,productpage,v1,Running,True
1779267829,productpage,v1,Running,True
1779267829,productpage,v1,Running,True
1779267829,ratings,v1,Running,True
1779267829,ratings,v1,Running,True
1779267829,reviews,v1,Running,True
1779267829,reviews,v2,Running,True
1779267829,reviews,v2,Running,True
1779267829,reviews,v2,Running,True
1779267829,reviews,v2,Running,True
1779267829,reviews,v2,Running,True
1779267829,reviews,v2,Pending,
1779267829,reviews,v2,Running,True
1779267829,reviews,v2,Running,True
1779267829,reviews,v2,Running,True
1779267829,reviews,v2,Pending,
1779267829,reviews,v3,Running,True
1779267830,details,v1,Running,True
1779267830,details,v1,Running,True
1779267830,details,v1,Running,True
1779267830,details,v1,Running,True
1779267830,details,v1,Running,True
1779267830,details,v1,Running,True
1779267830,details,v1,Pending,
1779267830,details,v1,Running,True
1779267830,details,v1,Running,True
1779267830,productpage,v1,Running,True
1779267830,productpage,v1,Running,True
1779267830,productpage,v1,Running,True
1779267830,productpage,v1,Running,True
1779267830,productpage,v1,Running,True
1779267830,productpage,v1,Running,True
1779267830,productpage,v1,Running,True
1779267830,productpage,v1,Running,True
1779267830,productpage,v1,Running,True
1779267830,productpage,v1,Running,True
1779267830,productpage,v1,Running,True
1779267830,productpage,v1,Running,True
1779267830,productpage,v1,Running,True
1779267830,productpage,v1,Running,True
1779267830,productpage,v1,Running,True
1779267830,productpage,v1,Running,True
1779267830,productpage,v1,Running,True
1779267830,productpage,v1,Running,True
1779267830,productpage,v1,Running,True
1779267830,productpage,v1,Running,True
1779267830,ratings,v1,Running,True
1779267830,ratings,v1,Running,True
1779267830,reviews,v1,Running,True
1779267830,reviews,v2,Running,True
1779267830,reviews,v2,Running,True
1779267830,reviews,v2,Running,True
1779267830,reviews,v2,Running,True
1779267830,reviews,v2,Running,True
1779267830,reviews,v2,Pending,
1779267830,reviews,v2,Running,True
1779267830,reviews,v2,Running,True
1779267830,reviews,v2,Running,True
1779267830,reviews,v2,Pending,
1779267830,reviews,v3,Running,True
1779267831,details,v1,Running,True
1779267831,details,v1,Running,True
1779267831,details,v1,Running,True
1779267831,details,v1,Running,True
1779267831,details,v1,Running,True
1779267831,details,v1,Running,True
1779267831,details,v1,Pending,
1779267831,details,v1,Running,True
1779267831,details,v1,Running,True
1779267831,productpage,v1,Running,True
1779267831,productpage,v1,Running,True
1779267831,productpage,v1,Running,True
1779267831,productpage,v1,Running,True
1779267831,productpage,v1,Running,True
1779267831,productpage,v1,Running,True
1779267831,productpage,v1,Running,True
1779267831,productpage,v1,Running,True
1779267831,productpage,v1,Running,True
1779267831,productpage,v1,Running,True
1779267831,productpage,v1,Running,True
1779267831,productpage,v1,Running,True
1779267831,productpage,v1,Running,True
1779267831,productpage,v1,Running,True
1779267831,productpage,v1,Running,True
1779267831,productpage,v1,Running,True
1779267831,productpage,v1,Running,True
1779267831,productpage,v1,Running,True
1779267831,productpage,v1,Running,True
1779267831,productpage,v1,Running,True
1779267831,ratings,v1,Running,True
1779267831,ratings,v1,Running,True
1779267831,reviews,v1,Running,True
1779267831,reviews,v2,Running,True
1779267831,reviews,v2,Running,True
1779267831,reviews,v2,Running,True
1779267831,reviews,v2,Running,True
1779267831,reviews,v2,Running,True
1779267831,reviews,v2,Pending,
1779267831,reviews,v2,Running,True
1779267831,reviews,v2,Running,True
1779267831,reviews,v2,Running,True
1779267831,reviews,v2,Pending,
1779267831,reviews,v3,Running,True
1779267832,details,v1,Running,True
1779267832,details,v1,Running,True
1779267832,details,v1,Running,True
1779267832,details,v1,Running,True
1779267832,details,v1,Running,True
1779267832,details,v1,Running,True
1779267832,details,v1,Pending,
1779267832,details,v1,Running,True
1779267832,details,v1,Running,True
1779267832,productpage,v1,Running,True
1779267832,productpage,v1,Running,True
1779267832,productpage,v1,Running,True
1779267832,productpage,v1,Running,True
1779267832,productpage,v1,Running,True
1779267832,productpage,v1,Running,True
1779267832,productpage,v1,Running,True
1779267832,productpage,v1,Running,True
1779267832,productpage,v1,Running,True
1779267832,productpage,v1,Running,True
1779267832,productpage,v1,Running,True
1779267832,productpage,v1,Running,True
1779267832,productpage,v1,Running,True
1779267832,productpage,v1,Running,True
1779267832,productpage,v1,Running,True
1779267832,productpage,v1,Running,True
1779267832,productpage,v1,Running,True
1779267832,productpage,v1,Running,True
1779267832,productpage,v1,Running,True
1779267832,productpage,v1,Running,True
1779267832,ratings,v1,Running,True
1779267832,ratings,v1,Running,True
1779267832,reviews,v1,Running,True
1779267832,reviews,v2,Running,True
1779267832,reviews,v2,Running,True
1779267832,reviews,v2,Running,True
1779267832,reviews,v2,Running,True
1779267832,reviews,v2,Running,True
1779267832,reviews,v2,Pending,
1779267832,reviews,v2,Running,True
1779267832,reviews,v2,Running,True
1779267832,reviews,v2,Running,True
1779267832,reviews,v2,Pending,
1779267832,reviews,v3,Running,True
1779267833,details,v1,Running,True
1779267833,details,v1,Running,True
1779267833,details,v1,Running,True
1779267833,details,v1,Running,True
1779267833,details,v1,Running,True
1779267833,details,v1,Running,True
1779267833,details,v1,Pending,
1779267833,details,v1,Running,True
1779267833,details,v1,Running,True
1779267833,productpage,v1,Running,True
1779267833,productpage,v1,Running,True
1779267833,productpage,v1,Running,True
1779267833,productpage,v1,Running,True
1779267833,productpage,v1,Running,True
1779267833,productpage,v1,Running,True
1779267833,productpage,v1,Running,True
1779267833,productpage,v1,Running,True
1779267833,productpage,v1,Running,True
1779267833,productpage,v1,Running,True
1779267833,productpage,v1,Running,True
1779267833,productpage,v1,Running,True
1779267833,productpage,v1,Running,True
1779267833,productpage,v1,Running,True
1779267833,productpage,v1,Running,True
1779267833,productpage,v1,Running,True
1779267833,productpage,v1,Running,True
1779267833,productpage,v1,Running,True
1779267833,productpage,v1,Running,True
1779267833,productpage,v1,Running,True
1779267833,ratings,v1,Running,True
1779267833,ratings,v1,Running,True
1779267833,reviews,v1,Running,True
1779267833,reviews,v2,Running,True
1779267833,reviews,v2,Running,True
1779267833,reviews,v2,Running,True
1779267833,reviews,v2,Running,True
1779267833,reviews,v2,Running,True
1779267833,reviews,v2,Pending,
1779267833,reviews,v2,Running,True
1779267833,reviews,v2,Running,True
1779267833,reviews,v2,Running,True
1779267833,reviews,v2,Pending,
1779267833,reviews,v3,Running,True
1779267834,details,v1,Running,True
1779267834,details,v1,Running,True
1779267834,details,v1,Running,True
1779267834,details,v1,Running,True
1779267834,details,v1,Running,True
1779267834,details,v1,Running,True
1779267834,details,v1,Pending,
1779267834,details,v1,Running,True
1779267834,details,v1,Running,True
1779267834,productpage,v1,Running,True
1779267834,productpage,v1,Running,True
1779267834,productpage,v1,Running,True
1779267834,productpage,v1,Running,True
1779267834,productpage,v1,Running,True
1779267834,productpage,v1,Running,True
1779267834,productpage,v1,Running,True
1779267834,productpage,v1,Running,True
1779267834,productpage,v1,Running,True
1779267834,productpage,v1,Running,True
1779267834,productpage,v1,Running,True
1779267834,productpage,v1,Running,True
1779267834,productpage,v1,Running,True
1779267834,productpage,v1,Running,True
1779267834,productpage,v1,Running,True
1779267834,productpage,v1,Running,True
1779267834,productpage,v1,Running,True
1779267834,productpage,v1,Running,True
1779267834,productpage,v1,Running,True
1779267834,productpage,v1,Running,True
1779267834,ratings,v1,Running,True
1779267834,ratings,v1,Running,True
1779267834,reviews,v1,Running,True
1779267834,reviews,v2,Running,True
1779267834,reviews,v2,Running,True
1779267834,reviews,v2,Running,True
1779267834,reviews,v2,Running,True
1779267834,reviews,v2,Running,True
1779267834,reviews,v2,Pending,
1779267834,reviews,v2,Running,True
1779267834,reviews,v2,Running,True
1779267834,reviews,v2,Running,True
1779267834,reviews,v2,Pending,
1779267834,reviews,v3,Running,True
1779267835,details,v1,Running,True
1779267835,details,v1,Running,True
1779267835,details,v1,Running,True
1779267835,details,v1,Running,True
1779267835,details,v1,Running,True
1779267835,details,v1,Running,True
1779267835,details,v1,Pending,
1779267835,details,v1,Running,True
1779267835,details,v1,Running,True
1779267835,productpage,v1,Running,True
1779267835,productpage,v1,Running,True
1779267835,productpage,v1,Running,True
1779267835,productpage,v1,Running,True
1779267835,productpage,v1,Running,True
1779267835,productpage,v1,Running,True
1779267835,productpage,v1,Running,True
1779267835,productpage,v1,Running,True
1779267835,productpage,v1,Running,True
1779267835,productpage,v1,Running,True
1779267835,productpage,v1,Running,True
1779267835,productpage,v1,Running,True
1779267835,productpage,v1,Running,True
1779267835,productpage,v1,Running,True
1779267835,productpage,v1,Running,True
1779267835,productpage,v1,Running,True
1779267835,productpage,v1,Running,True
1779267835,productpage,v1,Running,True
1779267835,productpage,v1,Running,True
1779267835,productpage,v1,Running,True
1779267835,ratings,v1,Running,True
1779267835,ratings,v1,Running,True
1779267835,reviews,v1,Running,True
1779267835,reviews,v2,Running,True
1779267835,reviews,v2,Running,True
1779267835,reviews,v2,Running,True
1779267835,reviews,v2,Running,True
1779267835,reviews,v2,Running,True
1779267835,reviews,v2,Pending,
1779267835,reviews,v2,Running,True
1779267835,reviews,v2,Running,True
1779267835,reviews,v2,Running,True
1779267835,reviews,v2,Pending,
1779267835,reviews,v3,Running,True
1779267836,details,v1,Running,True
1779267836,details,v1,Running,True
1779267836,details,v1,Running,True
1779267836,details,v1,Running,True
1779267836,details,v1,Running,True
1779267836,details,v1,Running,True
1779267836,details,v1,Pending,
1779267836,details,v1,Running,True
1779267836,details,v1,Running,True
1779267836,productpage,v1,Running,True
1779267836,productpage,v1,Running,True
1779267836,productpage,v1,Running,True
1779267836,productpage,v1,Running,True
1779267836,productpage,v1,Running,True
1779267836,productpage,v1,Running,True
1779267836,productpage,v1,Running,True
1779267836,productpage,v1,Running,True
1779267836,productpage,v1,Running,True
1779267836,productpage,v1,Running,True
1779267836,productpage,v1,Running,True
1779267836,productpage,v1,Running,True
1779267836,productpage,v1,Running,True
1779267836,productpage,v1,Running,True
1779267836,productpage,v1,Running,True
1779267836,productpage,v1,Running,True
1779267836,productpage,v1,Running,True
1779267836,productpage,v1,Running,True
1779267836,productpage,v1,Running,True
1779267836,productpage,v1,Running,True
1779267836,ratings,v1,Running,True
1779267836,ratings,v1,Running,True
1779267836,reviews,v1,Running,True
1779267836,reviews,v2,Running,True
1779267836,reviews,v2,Running,True
1779267836,reviews,v2,Running,True
1779267836,reviews,v2,Running,True
1779267836,reviews,v2,Running,True
1779267836,reviews,v2,Pending,
1779267836,reviews,v2,Running,True
1779267836,reviews,v2,Running,True
1779267836,reviews,v2,Running,True
1779267836,reviews,v2,Pending,
1779267836,reviews,v3,Running,True
1779267837,details,v1,Running,True
1779267837,details,v1,Running,True
1779267837,details,v1,Running,True
1779267837,details,v1,Running,True
1779267837,details,v1,Running,True
1779267837,details,v1,Running,True
1779267837,details,v1,Pending,
1779267837,details,v1,Running,True
1779267837,details,v1,Running,True
1779267837,productpage,v1,Running,True
1779267837,productpage,v1,Running,True
1779267837,productpage,v1,Running,True
1779267837,productpage,v1,Running,True
1779267837,productpage,v1,Running,True
1779267837,productpage,v1,Running,True
1779267837,productpage,v1,Running,True
1779267837,productpage,v1,Running,True
1779267837,productpage,v1,Running,True
1779267837,productpage,v1,Running,True
1779267837,productpage,v1,Running,True
1779267837,productpage,v1,Running,True
1779267837,productpage,v1,Running,True
1779267837,productpage,v1,Running,True
1779267837,productpage,v1,Running,True
1779267837,productpage,v1,Running,True
1779267837,productpage,v1,Running,True
1779267837,productpage,v1,Running,True
1779267837,productpage,v1,Running,True
1779267837,productpage,v1,Running,True
1779267837,ratings,v1,Running,True
1779267837,ratings,v1,Running,True
1779267837,reviews,v1,Running,True
1779267837,reviews,v2,Running,True
1779267837,reviews,v2,Running,True
1779267837,reviews,v2,Running,True
1779267837,reviews,v2,Running,True
1779267837,reviews,v2,Running,True
1779267837,reviews,v2,Pending,
1779267837,reviews,v2,Running,True
1779267837,reviews,v2,Running,True
1779267837,reviews,v2,Running,True
1779267837,reviews,v2,Pending,
1779267837,reviews,v3,Running,True
1779267838,details,v1,Running,True
1779267838,details,v1,Running,True
1779267838,details,v1,Running,True
1779267838,details,v1,Running,True
1779267838,details,v1,Running,True
1779267838,details,v1,Running,True
1779267838,details,v1,Pending,
1779267838,details,v1,Running,True
1779267838,details,v1,Running,True
1779267838,productpage,v1,Running,True
1779267838,productpage,v1,Running,True
1779267838,productpage,v1,Running,True
1779267838,productpage,v1,Running,True
1779267838,productpage,v1,Running,True
1779267838,productpage,v1,Running,True
1779267838,productpage,v1,Running,True
1779267838,productpage,v1,Running,True
1779267838,productpage,v1,Running,True
1779267838,productpage,v1,Running,True
1779267838,productpage,v1,Running,True
1779267838,productpage,v1,Running,True
1779267838,productpage,v1,Running,True
1779267838,productpage,v1,Running,True
1779267838,productpage,v1,Running,True
1779267838,productpage,v1,Running,True
1779267838,productpage,v1,Running,True
1779267838,productpage,v1,Running,True
1779267838,productpage,v1,Running,True
1779267838,productpage,v1,Running,True
1779267838,ratings,v1,Running,True
1779267838,ratings,v1,Running,True
1779267838,reviews,v1,Running,True
1779267838,reviews,v2,Running,True
1779267838,reviews,v2,Running,True
1779267838,reviews,v2,Running,True
1779267838,reviews,v2,Running,True
1779267838,reviews,v2,Running,True
1779267838,reviews,v2,Pending,
1779267838,reviews,v2,Running,True
1779267838,reviews,v2,Running,True
1779267838,reviews,v2,Running,True
1779267838,reviews,v2,Pending,
1779267838,reviews,v3,Running,True
1779267839,details,v1,Running,True
1779267839,details,v1,Running,True
1779267839,details,v1,Running,True
1779267839,details,v1,Running,True
1779267839,details,v1,Running,True
1779267839,details,v1,Running,True
1779267839,details,v1,Pending,
1779267839,details,v1,Running,True
1779267839,details,v1,Running,True
1779267839,productpage,v1,Running,True
1779267839,productpage,v1,Running,True
1779267839,productpage,v1,Running,True
1779267839,productpage,v1,Running,True
1779267839,productpage,v1,Running,True
1779267839,productpage,v1,Running,True
1779267839,productpage,v1,Running,True
1779267839,productpage,v1,Running,True
1779267839,productpage,v1,Running,True
1779267839,productpage,v1,Running,True
1779267839,productpage,v1,Running,True
1779267839,productpage,v1,Running,True
1779267839,productpage,v1,Running,True
1779267839,productpage,v1,Running,True
1779267839,productpage,v1,Running,True
1779267839,productpage,v1,Running,True
1779267839,productpage,v1,Running,True
1779267839,productpage,v1,Running,True
1779267839,productpage,v1,Running,True
1779267839,productpage,v1,Running,True
1779267839,ratings,v1,Running,True
1779267839,ratings,v1,Running,True
1779267839,reviews,v1,Running,True
1779267839,reviews,v2,Running,True
1779267839,reviews,v2,Running,True
1779267839,reviews,v2,Running,True
1779267839,reviews,v2,Running,True
1779267839,reviews,v2,Running,True
1779267839,reviews,v2,Pending,
1779267839,reviews,v2,Running,True
1779267839,reviews,v2,Running,True
1779267839,reviews,v2,Running,True
1779267839,reviews,v2,Pending,
1779267839,reviews,v3,Running,True
1779267840,details,v1,Running,True
1779267840,details,v1,Running,True
1779267840,details,v1,Running,True
1779267840,details,v1,Running,True
1779267840,details,v1,Running,True
1779267840,details,v1,Running,True
1779267840,details,v1,Pending,
1779267840,details,v1,Running,True
1779267840,details,v1,Running,True
1779267840,productpage,v1,Running,True
1779267840,productpage,v1,Running,True
1779267840,productpage,v1,Running,True
1779267840,productpage,v1,Running,True
1779267840,productpage,v1,Running,True
1779267840,productpage,v1,Running,True
1779267840,productpage,v1,Running,True
1779267840,productpage,v1,Running,True
1779267840,productpage,v1,Running,True
1779267840,productpage,v1,Running,True
1779267840,productpage,v1,Running,True
1779267840,productpage,v1,Running,True
1779267840,productpage,v1,Running,True
1779267840,productpage,v1,Running,True
1779267840,productpage,v1,Running,True
1779267840,productpage,v1,Running,True
1779267840,productpage,v1,Running,True
1779267840,productpage,v1,Running,True
1779267840,productpage,v1,Running,True
1779267840,productpage,v1,Running,True
1779267840,ratings,v1,Running,True
1779267840,ratings,v1,Running,True
1779267840,reviews,v1,Running,True
1779267840,reviews,v2,Running,True
1779267840,reviews,v2,Running,True
1779267840,reviews,v2,Running,True
1779267840,reviews,v2,Running,True
1779267840,reviews,v2,Running,True
1779267840,reviews,v2,Pending,
1779267840,reviews,v2,Running,True
1779267840,reviews,v2,Running,True
1779267840,reviews,v2,Running,True
1779267840,reviews,v2,Pending,
1779267840,reviews,v3,Running,True
1779267841,details,v1,Running,True
1779267841,details,v1,Running,True
1779267841,details,v1,Running,True
1779267841,details,v1,Running,True
1779267841,details,v1,Running,True
1779267841,details,v1,Running,True
1779267841,details,v1,Pending,
1779267841,details,v1,Running,True
1779267841,details,v1,Running,True
1779267841,productpage,v1,Running,True
1779267841,productpage,v1,Running,True
1779267841,productpage,v1,Running,True
1779267841,productpage,v1,Running,True
1779267841,productpage,v1,Running,True
1779267841,productpage,v1,Running,True
1779267841,productpage,v1,Running,True
1779267841,productpage,v1,Running,True
1779267841,productpage,v1,Running,True
1779267841,productpage,v1,Running,True
1779267841,productpage,v1,Running,True
1779267841,productpage,v1,Running,True
1779267841,productpage,v1,Running,True
1779267841,productpage,v1,Running,True
1779267841,productpage,v1,Running,True
1779267841,productpage,v1,Running,True
1779267841,productpage,v1,Running,True
1779267841,productpage,v1,Running,True
1779267841,productpage,v1,Running,True
1779267841,productpage,v1,Running,True
1779267841,ratings,v1,Running,True
1779267841,ratings,v1,Running,True
1779267841,reviews,v1,Running,True
1779267841,reviews,v2,Running,True
1779267841,reviews,v2,Running,True
1779267841,reviews,v2,Running,True
1779267841,reviews,v2,Running,True
1779267841,reviews,v2,Running,True
1779267841,reviews,v2,Pending,
1779267841,reviews,v2,Running,True
1779267841,reviews,v2,Running,True
1779267841,reviews,v2,Running,True
1779267841,reviews,v2,Pending,
1779267841,reviews,v3,Running,True
1779267842,details,v1,Running,True
1779267842,details,v1,Running,True
1779267842,details,v1,Running,True
1779267842,details,v1,Running,True
1779267842,details,v1,Running,True
1779267842,details,v1,Running,True
1779267842,details,v1,Pending,
1779267842,details,v1,Running,True
1779267842,details,v1,Running,True
1779267842,productpage,v1,Running,True
1779267842,productpage,v1,Running,True
1779267842,productpage,v1,Running,True
1779267842,productpage,v1,Running,True
1779267842,productpage,v1,Running,True
1779267842,productpage,v1,Running,True
1779267842,productpage,v1,Running,True
1779267842,productpage,v1,Running,True
1779267842,productpage,v1,Running,True
1779267842,productpage,v1,Running,True
1779267842,productpage,v1,Running,True
1779267842,productpage,v1,Running,True
1779267842,productpage,v1,Running,True
1779267842,productpage,v1,Running,True
1779267842,productpage,v1,Running,True
1779267842,productpage,v1,Running,True
1779267842,productpage,v1,Running,True
1779267842,productpage,v1,Running,True
1779267842,productpage,v1,Running,True
1779267842,productpage,v1,Running,True
1779267842,ratings,v1,Running,True
1779267842,ratings,v1,Running,True
1779267842,reviews,v1,Running,True
1779267842,reviews,v2,Running,True
1779267842,reviews,v2,Running,True
1779267842,reviews,v2,Running,True
1779267842,reviews,v2,Running,True
1779267842,reviews,v2,Running,True
1779267842,reviews,v2,Pending,
1779267842,reviews,v2,Running,True
1779267842,reviews,v2,Running,True
1779267842,reviews,v2,Running,True
1779267842,reviews,v2,Pending,
1779267842,reviews,v3,Running,True
1779267843,details,v1,Running,True
1779267843,details,v1,Running,True
1779267843,details,v1,Running,True
1779267843,details,v1,Running,True
1779267843,details,v1,Running,True
1779267843,details,v1,Running,True
1779267843,details,v1,Pending,
1779267843,details,v1,Running,True
1779267843,details,v1,Running,True
1779267843,productpage,v1,Running,True
1779267843,productpage,v1,Running,True
1779267843,productpage,v1,Running,True
1779267843,productpage,v1,Running,True
1779267843,productpage,v1,Running,True
1779267843,productpage,v1,Running,True
1779267843,productpage,v1,Running,True
1779267843,productpage,v1,Running,True
1779267843,productpage,v1,Running,True
1779267843,productpage,v1,Running,True
1779267843,productpage,v1,Running,True
1779267843,productpage,v1,Running,True
1779267843,productpage,v1,Running,True
1779267843,productpage,v1,Running,True
1779267843,productpage,v1,Running,True
1779267843,productpage,v1,Running,True
1779267843,productpage,v1,Running,True
1779267843,productpage,v1,Running,True
1779267843,productpage,v1,Running,True
1779267843,productpage,v1,Running,True
1779267843,ratings,v1,Running,True
1779267843,ratings,v1,Running,True
1779267843,reviews,v1,Running,True
1779267843,reviews,v2,Running,True
1779267843,reviews,v2,Running,True
1779267843,reviews,v2,Running,True
1779267843,reviews,v2,Running,True
1779267843,reviews,v2,Running,True
1779267843,reviews,v2,Pending,
1779267843,reviews,v2,Running,True
1779267843,reviews,v2,Running,True
1779267843,reviews,v2,Running,True
1779267843,reviews,v2,Pending,
1779267843,reviews,v3,Running,True
1779267844,details,v1,Running,True
1779267844,details,v1,Running,True
1779267844,details,v1,Running,True
1779267844,details,v1,Running,True
1779267844,details,v1,Running,True
1779267844,details,v1,Running,True
1779267844,details,v1,Pending,
1779267844,details,v1,Running,True
1779267844,details,v1,Running,True
1779267844,productpage,v1,Running,True
1779267844,productpage,v1,Running,True
1779267844,productpage,v1,Running,True
1779267844,productpage,v1,Running,True
1779267844,productpage,v1,Running,True
1779267844,productpage,v1,Running,True
1779267844,productpage,v1,Running,True
1779267844,productpage,v1,Running,True
1779267844,productpage,v1,Running,True
1779267844,productpage,v1,Running,True
1779267844,productpage,v1,Running,True
1779267844,productpage,v1,Running,True
1779267844,productpage,v1,Running,True
1779267844,productpage,v1,Running,True
1779267844,productpage,v1,Running,True
1779267844,productpage,v1,Running,True
1779267844,productpage,v1,Running,True
1779267844,productpage,v1,Running,True
1779267844,productpage,v1,Running,True
1779267844,productpage,v1,Running,True
1779267844,ratings,v1,Running,True
1779267844,ratings,v1,Running,True
1779267844,reviews,v1,Running,True
1779267844,reviews,v2,Running,True
1779267844,reviews,v2,Running,True
1779267844,reviews,v2,Running,True
1779267844,reviews,v2,Running,True
1779267844,reviews,v2,Running,True
1779267844,reviews,v2,Pending,
1779267844,reviews,v2,Running,True
1779267844,reviews,v2,Running,True
1779267844,reviews,v2,Running,True
1779267844,reviews,v2,Pending,
1779267844,reviews,v3,Running,True
1779267845,details,v1,Running,True
1779267845,details,v1,Running,True
1779267845,details,v1,Running,True
1779267845,details,v1,Running,True
1779267845,details,v1,Running,True
1779267845,details,v1,Running,True
1779267845,details,v1,Pending,
1779267845,details,v1,Running,True
1779267845,details,v1,Running,True
1779267845,productpage,v1,Running,True
1779267845,productpage,v1,Running,True
1779267845,productpage,v1,Running,True
1779267845,productpage,v1,Running,True
1779267845,productpage,v1,Running,True
1779267845,productpage,v1,Running,True
1779267845,productpage,v1,Running,True
1779267845,productpage,v1,Running,True
1779267845,productpage,v1,Running,True
1779267845,productpage,v1,Running,True
1779267845,productpage,v1,Running,True
1779267845,productpage,v1,Running,True
1779267845,productpage,v1,Running,True
1779267845,productpage,v1,Running,True
1779267845,productpage,v1,Running,True
1779267845,productpage,v1,Running,True
1779267845,productpage,v1,Running,True
1779267845,productpage,v1,Running,True
1779267845,productpage,v1,Running,True
1779267845,productpage,v1,Running,True
1779267845,ratings,v1,Running,True
1779267845,ratings,v1,Running,True
1779267845,reviews,v1,Running,True
1779267845,reviews,v2,Running,True
1779267845,reviews,v2,Running,True
1779267845,reviews,v2,Running,True
1779267845,reviews,v2,Running,True
1779267845,reviews,v2,Running,True
1779267845,reviews,v2,Pending,
1779267845,reviews,v2,Running,True
1779267845,reviews,v2,Running,True
1779267845,reviews,v2,Running,True
1779267845,reviews,v2,Pending,
1779267845,reviews,v3,Running,True
1779267846,details,v1,Running,True
1779267846,details,v1,Running,True
1779267846,details,v1,Running,True
1779267846,details,v1,Running,True
1779267846,details,v1,Running,True
1779267846,details,v1,Running,True
1779267846,details,v1,Pending,
1779267846,details,v1,Running,True
1779267846,details,v1,Running,True
1779267846,productpage,v1,Running,True
1779267846,productpage,v1,Running,True
1779267846,productpage,v1,Running,True
1779267846,productpage,v1,Running,True
1779267846,productpage,v1,Running,True
1779267846,productpage,v1,Running,True
1779267846,productpage,v1,Running,True
1779267846,productpage,v1,Running,True
1779267846,productpage,v1,Running,True
1779267846,productpage,v1,Running,True
1779267846,productpage,v1,Running,True
1779267846,productpage,v1,Running,True
1779267846,productpage,v1,Running,True
1779267846,productpage,v1,Running,True
1779267846,productpage,v1,Running,True
1779267846,productpage,v1,Running,True
1779267846,productpage,v1,Running,True
1779267846,productpage,v1,Running,True
1779267846,productpage,v1,Running,True
1779267846,productpage,v1,Running,True
1779267846,ratings,v1,Running,True
1779267846,ratings,v1,Running,True
1779267846,reviews,v1,Running,True
1779267846,reviews,v2,Running,True
1779267846,reviews,v2,Running,True
1779267846,reviews,v2,Running,True
1779267846,reviews,v2,Running,True
1779267846,reviews,v2,Running,True
1779267846,reviews,v2,Pending,
1779267846,reviews,v2,Running,True
1779267846,reviews,v2,Running,True
1779267846,reviews,v2,Running,True
1779267846,reviews,v2,Pending,
1779267846,reviews,v3,Running,True
1779267847,details,v1,Running,True
1779267847,details,v1,Running,True
1779267847,details,v1,Running,True
1779267847,details,v1,Running,True
1779267847,details,v1,Running,True
1779267847,details,v1,Running,True
1779267847,details,v1,Pending,
1779267847,details,v1,Running,True
1779267847,details,v1,Running,True
1779267847,productpage,v1,Running,True
1779267847,productpage,v1,Running,True
1779267847,productpage,v1,Running,True
1779267847,productpage,v1,Running,True
1779267847,productpage,v1,Running,True
1779267847,productpage,v1,Running,True
1779267847,productpage,v1,Running,True
1779267847,productpage,v1,Running,True
1779267847,productpage,v1,Running,True
1779267847,productpage,v1,Running,True
1779267847,productpage,v1,Running,True
1779267847,productpage,v1,Running,True
1779267847,productpage,v1,Running,True
1779267847,productpage,v1,Running,True
1779267847,productpage,v1,Running,True
1779267847,productpage,v1,Running,True
1779267847,productpage,v1,Running,True
1779267847,productpage,v1,Running,True
1779267847,productpage,v1,Running,True
1779267847,productpage,v1,Running,True
1779267847,ratings,v1,Running,True
1779267847,ratings,v1,Running,True
1779267847,reviews,v1,Running,True
1779267847,reviews,v2,Running,True
1779267847,reviews,v2,Running,True
1779267847,reviews,v2,Running,True
1779267847,reviews,v2,Running,True
1779267847,reviews,v2,Running,True
1779267847,reviews,v2,Pending,
1779267847,reviews,v2,Running,True
1779267847,reviews,v2,Running,True
1779267847,reviews,v2,Running,True
1779267847,reviews,v2,Pending,
1779267847,reviews,v3,Running,True
