timestamp,app,version,phase,ready
1779201624,details,v1,Running,True
1779201624,details,v1,Running,True
1779201624,details,v1,Running,True
1779201624,details,v1,Running,True
1779201624,details,v1,Running,True
1779201624,details,v1,Running,True
1779201624,productpage,v1,Running,True
1779201624,productpage,v1,Running,True
1779201624,productpage,v1,Running,True
1779201624,productpage,v1,Running,True
1779201624,productpage,v1,Running,True
1779201624,productpage,v1,Running,True
1779201624,productpage,v1,Running,True
1779201624,productpage,v1,Running,True
1779201624,productpage,v1,Running,True
1779201624,productpage,v1,Running,True
1779201624,productpage,v1,Running,True
1779201624,productpage,v1,Running,True
1779201624,productpage,v1,Running,True
1779201624,productpage,v1,Running,True
1779201624,productpage,v1,Running,True
1779201624,ratings,v1,Running,True
1779201624,reviews,v1,Running,True
1779201624,reviews,v2,Running,True
1779201624,reviews,v2,Running,True
1779201624,reviews,v2,Running,True
1779201624,reviews,v2,Running,True
1779201624,reviews,v2,Running,True
1779201624,reviews,v2,Running,True
1779201624,reviews,v2,Running,True
1779201624,reviews,v2,Running,True
1779201624,reviews,v2,Running,True
1779201624,reviews,v3,Running,True
1779201624,reviews,v3,Running,True
1779201624,reviews,v3,Running,True
1779201624,reviews,v3,Running,True
1779201624,reviews,v3,Running,True
1779201624,reviews,v3,Running,True
1779201626,details,v1,Running,True
1779201626,details,v1,Running,True
1779201626,details,v1,Running,True
1779201626,details,v1,Running,True
1779201626,details,v1,Running,True
1779201626,details,v1,Running,True
1779201626,productpage,v1,Running,True
1779201626,productpage,v1,Running,True
1779201626,productpage,v1,Running,True
1779201626,productpage,v1,Running,True
1779201626,productpage,v1,Running,True
1779201626,productpage,v1,Running,True
1779201626,productpage,v1,Running,True
1779201626,productpage,v1,Running,True
1779201626,productpage,v1,Running,True
1779201626,productpage,v1,Running,True
1779201626,productpage,v1,Running,True
1779201626,productpage,v1,Running,True
1779201626,productpage,v1,Running,True
1779201626,productpage,v1,Running,True
1779201626,productpage,v1,Running,True
1779201626,ratings,v1,Running,True
1779201626,reviews,v1,Running,True
1779201626,reviews,v2,Running,True
1779201626,reviews,v2,Running,True
1779201626,reviews,v2,Running,True
1779201626,reviews,v2,Running,True
1779201626,reviews,v2,Running,True
1779201626,reviews,v2,Running,True
1779201626,reviews,v2,Running,True
1779201626,reviews,v2,Running,True
1779201626,reviews,v2,Running,True
1779201626,reviews,v3,Running,True
1779201626,reviews,v3,Running,True
1779201626,reviews,v3,Running,True
1779201626,reviews,v3,Running,True
1779201626,reviews,v3,Running,True
1779201626,reviews,v3,Running,True
1779201627,details,v1,Running,True
1779201627,details,v1,Running,True
1779201627,details,v1,Running,True
1779201627,details,v1,Running,True
1779201627,details,v1,Running,True
1779201627,details,v1,Running,True
1779201627,productpage,v1,Running,True
1779201627,productpage,v1,Running,True
1779201627,productpage,v1,Running,True
1779201627,productpage,v1,Running,True
1779201627,productpage,v1,Running,True
1779201627,productpage,v1,Running,True
1779201627,productpage,v1,Running,True
1779201627,productpage,v1,Running,True
1779201627,productpage,v1,Running,True
1779201627,productpage,v1,Running,True
1779201627,productpage,v1,Running,True
1779201627,productpage,v1,Running,True
1779201627,productpage,v1,Running,True
1779201627,productpage,v1,Running,True
1779201627,productpage,v1,Running,True
1779201627,ratings,v1,Running,True
1779201627,reviews,v1,Running,True
1779201627,reviews,v2,Running,True
1779201627,reviews,v2,Running,True
1779201627,reviews,v2,Running,True
1779201627,reviews,v2,Running,True
1779201627,reviews,v2,Running,True
1779201627,reviews,v2,Running,True
1779201627,reviews,v2,Running,True
1779201627,reviews,v2,Running,True
1779201627,reviews,v2,Running,True
1779201627,reviews,v3,Running,True
1779201627,reviews,v3,Running,True
1779201627,reviews,v3,Running,True
1779201627,reviews,v3,Running,True
1779201627,reviews,v3,Running,True
1779201627,reviews,v3,Running,True
1779201628,details,v1,Running,True
1779201628,details,v1,Running,True
1779201628,details,v1,Running,True
1779201628,details,v1,Running,True
1779201628,details,v1,Running,True
1779201628,details,v1,Running,True
1779201628,productpage,v1,Running,True
1779201628,productpage,v1,Running,True
1779201628,productpage,v1,Running,True
1779201628,productpage,v1,Running,True
1779201628,productpage,v1,Running,True
1779201628,productpage,v1,Running,True
1779201628,productpage,v1,Running,True
1779201628,productpage,v1,Running,True
1779201628,productpage,v1,Running,True
1779201628,productpage,v1,Running,True
1779201628,productpage,v1,Running,True
1779201628,productpage,v1,Running,True
1779201628,productpage,v1,Running,True
1779201628,productpage,v1,Running,True
1779201628,productpage,v1,Running,True
1779201628,ratings,v1,Running,True
1779201628,reviews,v1,Running,True
1779201628,reviews,v2,Running,True
1779201628,reviews,v2,Running,True
1779201628,reviews,v2,Running,True
1779201628,reviews,v2,Running,True
1779201628,reviews,v2,Running,True
1779201628,reviews,v2,Running,True
1779201628,reviews,v2,Running,True
1779201628,reviews,v2,Running,True
1779201628,reviews,v2,Running,True
1779201628,reviews,v3,Running,True
1779201628,reviews,v3,Running,True
1779201628,reviews,v3,Running,True
1779201628,reviews,v3,Running,True
1779201628,reviews,v3,Running,True
1779201628,reviews,v3,Running,True
1779201629,details,v1,Running,True
1779201629,details,v1,Running,True
1779201629,details,v1,Running,True
1779201629,details,v1,Running,True
1779201629,details,v1,Running,True
1779201629,details,v1,Running,True
1779201629,productpage,v1,Running,True
1779201629,productpage,v1,Running,True
1779201629,productpage,v1,Running,True
1779201629,productpage,v1,Running,True
1779201629,productpage,v1,Running,True
1779201629,productpage,v1,Running,True
1779201629,productpage,v1,Running,True
1779201629,productpage,v1,Running,True
1779201629,productpage,v1,Running,True
1779201629,productpage,v1,Running,True
1779201629,productpage,v1,Running,True
1779201629,productpage,v1,Running,True
1779201629,productpage,v1,Running,True
1779201629,productpage,v1,Running,True
1779201629,productpage,v1,Running,True
1779201629,ratings,v1,Running,True
1779201629,reviews,v1,Running,True
1779201629,reviews,v2,Running,True
1779201629,reviews,v2,Running,True
1779201629,reviews,v2,Running,True
1779201629,reviews,v2,Running,True
1779201629,reviews,v2,Running,True
1779201629,reviews,v2,Running,True
1779201629,reviews,v2,Running,True
1779201629,reviews,v2,Running,True
1779201629,reviews,v2,Running,True
1779201629,reviews,v3,Running,True
1779201629,reviews,v3,Running,True
1779201629,reviews,v3,Running,True
1779201629,reviews,v3,Running,True
1779201629,reviews,v3,Running,True
1779201629,reviews,v3,Running,True
1779201630,details,v1,Running,True
1779201630,details,v1,Running,True
1779201630,details,v1,Running,True
1779201630,details,v1,Running,True
1779201630,details,v1,Running,True
1779201630,details,v1,Running,True
1779201630,productpage,v1,Running,True
1779201630,productpage,v1,Running,True
1779201630,productpage,v1,Running,True
1779201630,productpage,v1,Running,True
1779201630,productpage,v1,Running,True
1779201630,productpage,v1,Running,True
1779201630,productpage,v1,Running,True
1779201630,productpage,v1,Running,True
1779201630,productpage,v1,Running,True
1779201630,productpage,v1,Running,True
1779201630,productpage,v1,Running,True
1779201630,productpage,v1,Running,True
1779201630,productpage,v1,Running,True
1779201630,productpage,v1,Running,True
1779201630,productpage,v1,Running,True
1779201630,ratings,v1,Running,True
1779201630,reviews,v1,Running,True
1779201630,reviews,v2,Running,True
1779201630,reviews,v2,Running,True
1779201630,reviews,v2,Running,True
1779201630,reviews,v2,Running,True
1779201630,reviews,v2,Running,True
1779201630,reviews,v2,Running,True
1779201630,reviews,v2,Running,True
1779201630,reviews,v2,Running,True
1779201630,reviews,v2,Running,True
1779201630,reviews,v3,Running,True
1779201630,reviews,v3,Running,True
1779201630,reviews,v3,Running,True
1779201630,reviews,v3,Running,True
1779201630,reviews,v3,Running,True
1779201630,reviews,v3,Running,True
1779201631,details,v1,Running,True
1779201631,details,v1,Running,True
1779201631,details,v1,Running,True
1779201631,details,v1,Running,True
1779201631,details,v1,Running,True
1779201631,details,v1,Running,True
1779201631,productpage,v1,Running,True
1779201631,productpage,v1,Running,True
1779201631,productpage,v1,Running,True
1779201631,productpage,v1,Running,True
1779201631,productpage,v1,Running,True
1779201631,productpage,v1,Running,True
1779201631,productpage,v1,Running,True
1779201631,productpage,v1,Running,True
1779201631,productpage,v1,Running,True
1779201631,productpage,v1,Running,True
1779201631,productpage,v1,Running,True
1779201631,productpage,v1,Running,True
1779201631,productpage,v1,Running,True
1779201631,productpage,v1,Running,True
1779201631,productpage,v1,Running,True
1779201631,ratings,v1,Running,True
1779201631,reviews,v1,Running,True
1779201631,reviews,v2,Running,True
1779201631,reviews,v2,Running,True
1779201631,reviews,v2,Running,True
1779201631,reviews,v2,Running,True
1779201631,reviews,v2,Running,True
1779201631,reviews,v2,Running,True
1779201631,reviews,v2,Running,True
1779201631,reviews,v2,Running,True
1779201631,reviews,v2,Running,True
1779201631,reviews,v3,Running,True
1779201631,reviews,v3,Running,True
1779201631,reviews,v3,Running,True
1779201631,reviews,v3,Running,True
1779201631,reviews,v3,Running,True
1779201631,reviews,v3,Running,True
1779201632,details,v1,Running,True
1779201632,details,v1,Running,True
1779201632,details,v1,Running,True
1779201632,details,v1,Running,True
1779201632,details,v1,Running,True
1779201632,details,v1,Running,True
1779201632,productpage,v1,Running,True
1779201632,productpage,v1,Running,True
1779201632,productpage,v1,Running,True
1779201632,productpage,v1,Running,True
1779201632,productpage,v1,Running,True
1779201632,productpage,v1,Running,True
1779201632,productpage,v1,Running,True
1779201632,productpage,v1,Running,True
1779201632,productpage,v1,Running,True
1779201632,productpage,v1,Running,True
1779201632,productpage,v1,Running,True
1779201632,productpage,v1,Running,True
1779201632,productpage,v1,Running,True
1779201632,productpage,v1,Running,True
1779201632,productpage,v1,Running,True
1779201632,ratings,v1,Running,True
1779201632,reviews,v1,Running,True
1779201632,reviews,v2,Running,True
1779201632,reviews,v2,Running,True
1779201632,reviews,v2,Running,True
1779201632,reviews,v2,Running,True
1779201632,reviews,v2,Running,True
1779201632,reviews,v2,Running,True
1779201632,reviews,v2,Running,True
1779201632,reviews,v2,Running,True
1779201632,reviews,v2,Running,True
1779201632,reviews,v3,Running,True
1779201632,reviews,v3,Running,True
1779201632,reviews,v3,Running,True
1779201632,reviews,v3,Running,True
1779201632,reviews,v3,Running,True
1779201632,reviews,v3,Running,True
1779201633,details,v1,Running,True
1779201633,details,v1,Running,True
1779201633,details,v1,Running,True
1779201633,details,v1,Running,True
1779201633,details,v1,Running,True
1779201633,details,v1,Running,True
1779201633,productpage,v1,Running,True
1779201633,productpage,v1,Running,True
1779201633,productpage,v1,Running,True
1779201633,productpage,v1,Running,True
1779201633,productpage,v1,Running,True
1779201633,productpage,v1,Running,True
1779201633,productpage,v1,Running,True
1779201633,productpage,v1,Running,True
1779201633,productpage,v1,Running,True
1779201633,productpage,v1,Running,True
1779201633,productpage,v1,Running,True
1779201633,productpage,v1,Running,True
1779201633,productpage,v1,Running,True
1779201633,productpage,v1,Running,True
1779201633,productpage,v1,Running,True
1779201633,ratings,v1,Running,True
1779201633,reviews,v1,Running,True
1779201633,reviews,v2,Running,True
1779201633,reviews,v2,Running,True
1779201633,reviews,v2,Running,True
1779201633,reviews,v2,Running,True
1779201633,reviews,v2,Running,True
1779201633,reviews,v2,Running,True
1779201633,reviews,v2,Running,True
1779201633,reviews,v2,Running,True
1779201633,reviews,v2,Running,True
1779201633,reviews,v3,Running,True
1779201633,reviews,v3,Running,True
1779201633,reviews,v3,Running,True
1779201633,reviews,v3,Running,True
1779201633,reviews,v3,Running,True
1779201633,reviews,v3,Running,True
1779201634,details,v1,Running,True
1779201634,details,v1,Running,True
1779201634,details,v1,Running,True
1779201634,details,v1,Running,True
1779201634,details,v1,Running,True
1779201634,details,v1,Running,True
1779201634,productpage,v1,Running,True
1779201634,productpage,v1,Running,True
1779201634,productpage,v1,Running,True
1779201634,productpage,v1,Running,True
1779201634,productpage,v1,Running,True
1779201634,productpage,v1,Running,True
1779201634,productpage,v1,Running,True
1779201634,productpage,v1,Running,True
1779201634,productpage,v1,Running,True
1779201634,productpage,v1,Running,True
1779201634,productpage,v1,Running,True
1779201634,productpage,v1,Running,True
1779201634,productpage,v1,Running,True
1779201634,productpage,v1,Running,True
1779201634,productpage,v1,Running,True
1779201634,ratings,v1,Running,True
1779201634,reviews,v1,Running,True
1779201634,reviews,v2,Running,True
1779201634,reviews,v2,Running,True
1779201634,reviews,v2,Running,True
1779201634,reviews,v2,Running,True
1779201634,reviews,v2,Running,True
1779201634,reviews,v2,Running,True
1779201634,reviews,v2,Running,True
1779201634,reviews,v2,Running,True
1779201634,reviews,v2,Running,True
1779201634,reviews,v3,Running,True
1779201634,reviews,v3,Running,True
1779201634,reviews,v3,Running,True
1779201634,reviews,v3,Running,True
1779201634,reviews,v3,Running,True
1779201634,reviews,v3,Running,True
1779201635,details,v1,Running,True
1779201635,details,v1,Running,True
1779201635,details,v1,Running,True
1779201635,details,v1,Running,True
1779201635,details,v1,Running,True
1779201635,details,v1,Running,True
1779201635,productpage,v1,Running,True
1779201635,productpage,v1,Running,True
1779201635,productpage,v1,Running,True
1779201635,productpage,v1,Running,True
1779201635,productpage,v1,Running,True
1779201635,productpage,v1,Running,True
1779201635,productpage,v1,Running,True
1779201635,productpage,v1,Running,True
1779201635,productpage,v1,Running,True
1779201635,productpage,v1,Running,True
1779201635,productpage,v1,Running,True
1779201635,productpage,v1,Running,True
1779201635,productpage,v1,Running,True
1779201635,productpage,v1,Running,True
1779201635,productpage,v1,Running,True
1779201635,ratings,v1,Running,True
1779201635,reviews,v1,Running,True
1779201635,reviews,v2,Running,True
1779201635,reviews,v2,Running,True
1779201635,reviews,v2,Running,True
1779201635,reviews,v2,Running,True
1779201635,reviews,v2,Running,True
1779201635,reviews,v2,Running,True
1779201635,reviews,v2,Running,True
1779201635,reviews,v2,Running,True
1779201635,reviews,v2,Running,True
1779201635,reviews,v3,Running,True
1779201635,reviews,v3,Running,True
1779201635,reviews,v3,Running,True
1779201635,reviews,v3,Running,True
1779201635,reviews,v3,Running,True
1779201635,reviews,v3,Running,True
1779201636,details,v1,Running,True
1779201636,details,v1,Running,True
1779201636,details,v1,Running,True
1779201636,details,v1,Running,True
1779201636,details,v1,Running,True
1779201636,details,v1,Running,True
1779201636,productpage,v1,Running,True
1779201636,productpage,v1,Running,True
1779201636,productpage,v1,Running,True
1779201636,productpage,v1,Running,True
1779201636,productpage,v1,Running,True
1779201636,productpage,v1,Running,True
1779201636,productpage,v1,Running,True
1779201636,productpage,v1,Running,True
1779201636,productpage,v1,Running,True
1779201636,productpage,v1,Running,True
1779201636,productpage,v1,Running,True
1779201636,productpage,v1,Running,True
1779201636,productpage,v1,Running,True
1779201636,productpage,v1,Running,True
1779201636,productpage,v1,Running,True
1779201636,ratings,v1,Running,True
1779201636,reviews,v1,Running,True
1779201636,reviews,v2,Running,True
1779201636,reviews,v2,Running,True
1779201636,reviews,v2,Running,True
1779201636,reviews,v2,Running,True
1779201636,reviews,v2,Running,True
1779201636,reviews,v2,Running,True
1779201636,reviews,v2,Running,True
1779201636,reviews,v2,Running,True
1779201636,reviews,v2,Running,True
1779201636,reviews,v3,Running,True
1779201636,reviews,v3,Running,True
1779201636,reviews,v3,Running,True
1779201636,reviews,v3,Running,True
1779201636,reviews,v3,Running,True
1779201636,reviews,v3,Running,True
1779201637,details,v1,Running,True
1779201637,details,v1,Running,True
1779201637,details,v1,Running,True
1779201637,details,v1,Running,True
1779201637,details,v1,Running,True
1779201637,details,v1,Running,True
1779201637,productpage,v1,Running,True
1779201637,productpage,v1,Running,True
1779201637,productpage,v1,Running,True
1779201637,productpage,v1,Running,True
1779201637,productpage,v1,Running,True
1779201637,productpage,v1,Running,True
1779201637,productpage,v1,Running,True
1779201637,productpage,v1,Running,True
1779201637,productpage,v1,Running,True
1779201637,productpage,v1,Running,True
1779201637,productpage,v1,Running,True
1779201637,productpage,v1,Running,True
1779201637,productpage,v1,Running,True
1779201637,productpage,v1,Running,True
1779201637,productpage,v1,Running,True
1779201637,ratings,v1,Running,True
1779201637,reviews,v1,Running,True
1779201637,reviews,v2,Running,True
1779201637,reviews,v2,Running,True
1779201637,reviews,v2,Running,True
1779201637,reviews,v2,Running,True
1779201637,reviews,v2,Running,True
1779201637,reviews,v2,Running,True
1779201637,reviews,v2,Running,True
1779201637,reviews,v2,Running,True
1779201637,reviews,v2,Running,True
1779201637,reviews,v3,Running,True
1779201637,reviews,v3,Running,True
1779201637,reviews,v3,Running,True
1779201637,reviews,v3,Running,True
1779201637,reviews,v3,Running,True
1779201637,reviews,v3,Running,True
1779201638,details,v1,Running,True
1779201638,details,v1,Running,True
1779201638,details,v1,Running,True
1779201638,details,v1,Running,True
1779201638,details,v1,Running,True
1779201638,details,v1,Running,True
1779201638,productpage,v1,Running,True
1779201638,productpage,v1,Running,True
1779201638,productpage,v1,Running,True
1779201638,productpage,v1,Running,True
1779201638,productpage,v1,Running,True
1779201638,productpage,v1,Running,True
1779201638,productpage,v1,Running,True
1779201638,productpage,v1,Running,True
1779201638,productpage,v1,Running,True
1779201638,productpage,v1,Running,True
1779201638,productpage,v1,Running,True
1779201638,productpage,v1,Running,True
1779201638,productpage,v1,Running,True
1779201638,productpage,v1,Running,True
1779201638,productpage,v1,Running,True
1779201638,ratings,v1,Running,True
1779201638,reviews,v1,Running,True
1779201638,reviews,v2,Running,True
1779201638,reviews,v2,Running,True
1779201638,reviews,v2,Running,True
1779201638,reviews,v2,Running,True
1779201638,reviews,v2,Running,True
1779201638,reviews,v2,Running,True
1779201638,reviews,v2,Running,True
1779201638,reviews,v2,Running,True
1779201638,reviews,v2,Running,True
1779201638,reviews,v3,Running,True
1779201638,reviews,v3,Running,True
1779201638,reviews,v3,Running,True
1779201638,reviews,v3,Running,True
1779201638,reviews,v3,Running,True
1779201638,reviews,v3,Running,True
1779201639,details,v1,Running,True
1779201639,details,v1,Running,True
1779201639,details,v1,Running,True
1779201639,details,v1,Running,True
1779201639,details,v1,Running,True
1779201639,details,v1,Running,True
1779201639,productpage,v1,Running,True
1779201639,productpage,v1,Running,True
1779201639,productpage,v1,Running,True
1779201639,productpage,v1,Running,True
1779201639,productpage,v1,Running,True
1779201639,productpage,v1,Running,True
1779201639,productpage,v1,Running,True
1779201639,productpage,v1,Running,True
1779201639,productpage,v1,Running,True
1779201639,productpage,v1,Running,True
1779201639,productpage,v1,Running,True
1779201639,productpage,v1,Running,True
1779201639,productpage,v1,Running,True
1779201639,productpage,v1,Running,True
1779201639,productpage,v1,Running,True
1779201639,ratings,v1,Running,True
1779201639,reviews,v1,Running,True
1779201639,reviews,v2,Running,True
1779201639,reviews,v2,Running,True
1779201639,reviews,v2,Running,True
1779201639,reviews,v2,Running,True
1779201639,reviews,v2,Running,True
1779201639,reviews,v2,Running,True
1779201639,reviews,v2,Running,True
1779201639,reviews,v2,Running,True
1779201639,reviews,v2,Running,True
1779201639,reviews,v3,Running,True
1779201639,reviews,v3,Running,True
1779201639,reviews,v3,Running,True
1779201639,reviews,v3,Running,True
1779201639,reviews,v3,Running,True
1779201639,reviews,v3,Running,True
1779201640,details,v1,Running,True
1779201640,details,v1,Running,True
1779201640,details,v1,Running,True
1779201640,details,v1,Running,True
1779201640,details,v1,Running,True
1779201640,details,v1,Running,True
1779201640,productpage,v1,Running,True
1779201640,productpage,v1,Running,True
1779201640,productpage,v1,Running,True
1779201640,productpage,v1,Running,True
1779201640,productpage,v1,Running,True
1779201640,productpage,v1,Running,True
1779201640,productpage,v1,Running,True
1779201640,productpage,v1,Running,True
1779201640,productpage,v1,Running,True
1779201640,productpage,v1,Running,True
1779201640,productpage,v1,Running,True
1779201640,productpage,v1,Running,True
1779201640,productpage,v1,Running,True
1779201640,productpage,v1,Running,True
1779201640,productpage,v1,Running,True
1779201640,ratings,v1,Running,True
1779201640,reviews,v1,Running,True
1779201640,reviews,v2,Running,True
1779201640,reviews,v2,Running,True
1779201640,reviews,v2,Running,True
1779201640,reviews,v2,Running,True
1779201640,reviews,v2,Running,True
1779201640,reviews,v2,Running,True
1779201640,reviews,v2,Running,True
1779201640,reviews,v2,Running,True
1779201640,reviews,v2,Running,True
1779201640,reviews,v3,Running,True
1779201640,reviews,v3,Running,True
1779201640,reviews,v3,Running,True
1779201640,reviews,v3,Running,True
1779201640,reviews,v3,Running,True
1779201640,reviews,v3,Running,True
1779201641,details,v1,Running,True
1779201641,details,v1,Running,True
1779201641,details,v1,Running,True
1779201641,details,v1,Running,True
1779201641,details,v1,Running,True
1779201641,details,v1,Running,True
1779201641,productpage,v1,Running,True
1779201641,productpage,v1,Running,True
1779201641,productpage,v1,Running,True
1779201641,productpage,v1,Running,True
1779201641,productpage,v1,Running,True
1779201641,productpage,v1,Running,True
1779201641,productpage,v1,Running,True
1779201641,productpage,v1,Running,True
1779201641,productpage,v1,Running,True
1779201641,productpage,v1,Running,True
1779201641,productpage,v1,Running,True
1779201641,productpage,v1,Running,True
1779201641,productpage,v1,Running,True
1779201641,productpage,v1,Running,True
1779201641,productpage,v1,Running,True
1779201641,ratings,v1,Running,True
1779201641,reviews,v1,Running,True
1779201641,reviews,v2,Running,True
1779201641,reviews,v2,Running,True
1779201641,reviews,v2,Running,True
1779201641,reviews,v2,Running,True
1779201641,reviews,v2,Running,True
1779201641,reviews,v2,Running,True
1779201641,reviews,v2,Running,True
1779201641,reviews,v2,Running,True
1779201641,reviews,v2,Running,True
1779201641,reviews,v3,Running,True
1779201641,reviews,v3,Running,True
1779201641,reviews,v3,Running,True
1779201641,reviews,v3,Running,True
1779201641,reviews,v3,Running,True
1779201641,reviews,v3,Running,True
1779201642,details,v1,Running,True
1779201642,details,v1,Running,True
1779201642,details,v1,Running,True
1779201642,details,v1,Running,True
1779201642,details,v1,Running,True
1779201642,details,v1,Running,True
1779201642,productpage,v1,Running,True
1779201642,productpage,v1,Running,True
1779201642,productpage,v1,Running,True
1779201642,productpage,v1,Running,True
1779201642,productpage,v1,Running,True
1779201642,productpage,v1,Running,True
1779201642,productpage,v1,Running,True
1779201642,productpage,v1,Running,True
1779201642,productpage,v1,Running,True
1779201642,productpage,v1,Running,True
1779201642,productpage,v1,Running,True
1779201642,productpage,v1,Running,True
1779201642,productpage,v1,Running,True
1779201642,productpage,v1,Running,True
1779201642,productpage,v1,Running,True
1779201642,ratings,v1,Running,True
1779201642,reviews,v1,Running,True
1779201642,reviews,v2,Running,True
1779201642,reviews,v2,Running,True
1779201642,reviews,v2,Running,True
1779201642,reviews,v2,Running,True
1779201642,reviews,v2,Running,True
1779201642,reviews,v2,Running,True
1779201642,reviews,v2,Running,True
1779201642,reviews,v2,Running,True
1779201642,reviews,v2,Running,True
1779201642,reviews,v3,Running,True
1779201642,reviews,v3,Running,True
1779201642,reviews,v3,Running,True
1779201642,reviews,v3,Running,True
1779201642,reviews,v3,Running,True
1779201642,reviews,v3,Running,True
1779201643,details,v1,Running,True
1779201643,details,v1,Running,True
1779201643,details,v1,Running,True
1779201643,details,v1,Running,True
1779201643,details,v1,Running,True
1779201643,details,v1,Running,True
1779201643,productpage,v1,Running,True
1779201643,productpage,v1,Running,True
1779201643,productpage,v1,Running,True
1779201643,productpage,v1,Running,True
1779201643,productpage,v1,Running,True
1779201643,productpage,v1,Running,True
1779201643,productpage,v1,Running,True
1779201643,productpage,v1,Running,True
1779201643,productpage,v1,Running,True
1779201643,productpage,v1,Running,True
1779201643,productpage,v1,Running,True
1779201643,productpage,v1,Running,True
1779201643,productpage,v1,Running,True
1779201643,productpage,v1,Running,True
1779201643,productpage,v1,Running,True
1779201643,ratings,v1,Running,True
1779201643,reviews,v1,Running,True
1779201643,reviews,v2,Running,True
1779201643,reviews,v2,Running,True
1779201643,reviews,v2,Running,True
1779201643,reviews,v2,Running,True
1779201643,reviews,v2,Running,True
1779201643,reviews,v2,Running,True
1779201643,reviews,v2,Running,True
1779201643,reviews,v2,Running,True
1779201643,reviews,v2,Running,True
1779201643,reviews,v3,Running,True
1779201643,reviews,v3,Running,True
1779201643,reviews,v3,Running,True
1779201643,reviews,v3,Running,True
1779201643,reviews,v3,Running,True
1779201643,reviews,v3,Running,True
1779201644,details,v1,Running,True
1779201644,details,v1,Running,True
1779201644,details,v1,Running,True
1779201644,details,v1,Running,True
1779201644,details,v1,Running,True
1779201644,details,v1,Running,True
1779201644,productpage,v1,Running,True
1779201644,productpage,v1,Running,True
1779201644,productpage,v1,Running,True
1779201644,productpage,v1,Running,True
1779201644,productpage,v1,Running,True
1779201644,productpage,v1,Running,True
1779201644,productpage,v1,Running,True
1779201644,productpage,v1,Running,True
1779201644,productpage,v1,Running,True
1779201644,productpage,v1,Running,True
1779201644,productpage,v1,Running,True
1779201644,productpage,v1,Running,True
1779201644,productpage,v1,Running,True
1779201644,productpage,v1,Running,True
1779201644,productpage,v1,Running,True
1779201644,ratings,v1,Running,True
1779201644,reviews,v1,Running,True
1779201644,reviews,v2,Running,True
1779201644,reviews,v2,Running,True
1779201644,reviews,v2,Running,True
1779201644,reviews,v2,Running,True
1779201644,reviews,v2,Running,True
1779201644,reviews,v2,Running,True
1779201644,reviews,v2,Running,True
1779201644,reviews,v2,Running,True
1779201644,reviews,v2,Running,True
1779201644,reviews,v3,Running,True
1779201644,reviews,v3,Running,True
1779201644,reviews,v3,Running,True
1779201644,reviews,v3,Running,True
1779201644,reviews,v3,Running,True
1779201644,reviews,v3,Running,True
1779201645,details,v1,Running,True
1779201645,details,v1,Running,True
1779201645,details,v1,Running,True
1779201645,details,v1,Running,True
1779201645,details,v1,Running,True
1779201645,details,v1,Running,True
1779201645,productpage,v1,Running,True
1779201645,productpage,v1,Running,True
1779201645,productpage,v1,Running,True
1779201645,productpage,v1,Running,True
1779201645,productpage,v1,Running,True
1779201645,productpage,v1,Running,True
1779201645,productpage,v1,Running,True
1779201645,productpage,v1,Running,True
1779201645,productpage,v1,Running,True
1779201645,productpage,v1,Running,True
1779201645,productpage,v1,Running,True
1779201645,productpage,v1,Running,True
1779201645,productpage,v1,Running,True
1779201645,productpage,v1,Running,True
1779201645,productpage,v1,Running,True
1779201645,ratings,v1,Running,True
1779201645,reviews,v1,Running,True
1779201645,reviews,v2,Running,True
1779201645,reviews,v2,Running,True
1779201645,reviews,v2,Running,True
1779201645,reviews,v2,Running,True
1779201645,reviews,v2,Running,True
1779201645,reviews,v2,Running,True
1779201645,reviews,v2,Running,True
1779201645,reviews,v2,Running,True
1779201645,reviews,v2,Running,True
1779201645,reviews,v3,Running,True
1779201645,reviews,v3,Running,True
1779201645,reviews,v3,Running,True
1779201645,reviews,v3,Running,True
1779201645,reviews,v3,Running,True
1779201645,reviews,v3,Running,True
1779201646,details,v1,Running,True
1779201646,details,v1,Running,True
1779201646,details,v1,Running,True
1779201646,details,v1,Running,True
1779201646,details,v1,Running,True
1779201646,details,v1,Running,True
1779201646,productpage,v1,Running,True
1779201646,productpage,v1,Running,True
1779201646,productpage,v1,Running,True
1779201646,productpage,v1,Running,True
1779201646,productpage,v1,Running,True
1779201646,productpage,v1,Running,True
1779201646,productpage,v1,Running,True
1779201646,productpage,v1,Running,True
1779201646,productpage,v1,Running,True
1779201646,productpage,v1,Running,True
1779201646,productpage,v1,Running,True
1779201646,productpage,v1,Running,True
1779201646,productpage,v1,Running,True
1779201646,productpage,v1,Running,True
1779201646,productpage,v1,Running,True
1779201646,ratings,v1,Running,True
1779201646,reviews,v1,Running,True
1779201646,reviews,v2,Running,True
1779201646,reviews,v2,Running,True
1779201646,reviews,v2,Running,True
1779201646,reviews,v2,Running,True
1779201646,reviews,v2,Running,True
1779201646,reviews,v2,Running,True
1779201646,reviews,v2,Running,True
1779201646,reviews,v2,Running,True
1779201646,reviews,v2,Running,True
1779201646,reviews,v3,Running,True
1779201646,reviews,v3,Running,True
1779201646,reviews,v3,Running,True
1779201646,reviews,v3,Running,True
1779201646,reviews,v3,Running,True
1779201646,reviews,v3,Running,True
1779201647,details,v1,Running,True
1779201647,details,v1,Running,True
1779201647,details,v1,Running,True
1779201647,details,v1,Running,True
1779201647,details,v1,Running,True
1779201647,details,v1,Running,True
1779201647,productpage,v1,Running,True
1779201647,productpage,v1,Running,True
1779201647,productpage,v1,Running,True
1779201647,productpage,v1,Running,True
1779201647,productpage,v1,Running,True
1779201647,productpage,v1,Running,True
1779201647,productpage,v1,Running,True
1779201647,productpage,v1,Running,True
1779201647,productpage,v1,Running,True
1779201647,productpage,v1,Running,True
1779201647,productpage,v1,Running,True
1779201647,productpage,v1,Running,True
1779201647,productpage,v1,Running,True
1779201647,productpage,v1,Running,True
1779201647,productpage,v1,Running,True
1779201647,ratings,v1,Running,True
1779201647,reviews,v1,Running,True
1779201647,reviews,v2,Running,True
1779201647,reviews,v2,Running,True
1779201647,reviews,v2,Running,True
1779201647,reviews,v2,Running,True
1779201647,reviews,v2,Running,True
1779201647,reviews,v2,Running,True
1779201647,reviews,v2,Running,True
1779201647,reviews,v2,Running,True
1779201647,reviews,v2,Running,True
1779201647,reviews,v3,Running,True
1779201647,reviews,v3,Running,True
1779201647,reviews,v3,Running,True
1779201647,reviews,v3,Running,True
1779201647,reviews,v3,Running,True
1779201647,reviews,v3,Running,True
1779201648,details,v1,Running,True
1779201648,details,v1,Running,True
1779201648,details,v1,Running,True
1779201648,details,v1,Running,True
1779201648,details,v1,Running,True
1779201648,details,v1,Running,True
1779201648,productpage,v1,Running,True
1779201648,productpage,v1,Running,True
1779201648,productpage,v1,Running,True
1779201648,productpage,v1,Running,True
1779201648,productpage,v1,Running,True
1779201648,productpage,v1,Running,True
1779201648,productpage,v1,Running,True
1779201648,productpage,v1,Running,True
1779201648,productpage,v1,Running,True
1779201648,productpage,v1,Running,True
1779201648,productpage,v1,Running,True
1779201648,productpage,v1,Running,True
1779201648,productpage,v1,Running,True
1779201648,productpage,v1,Running,True
1779201648,productpage,v1,Running,True
1779201648,ratings,v1,Running,True
1779201648,reviews,v1,Running,True
1779201648,reviews,v2,Running,True
1779201648,reviews,v2,Running,True
1779201648,reviews,v2,Running,True
1779201648,reviews,v2,Running,True
1779201648,reviews,v2,Running,True
1779201648,reviews,v2,Running,True
1779201648,reviews,v2,Running,True
1779201648,reviews,v2,Running,True
1779201648,reviews,v2,Running,True
1779201648,reviews,v3,Running,True
1779201648,reviews,v3,Running,True
1779201648,reviews,v3,Running,True
1779201648,reviews,v3,Running,True
1779201648,reviews,v3,Running,True
1779201648,reviews,v3,Running,True
1779201649,details,v1,Running,True
1779201649,details,v1,Running,True
1779201649,details,v1,Running,True
1779201649,details,v1,Running,True
1779201649,details,v1,Running,True
1779201649,details,v1,Running,True
1779201649,productpage,v1,Running,True
1779201649,productpage,v1,Running,True
1779201649,productpage,v1,Running,True
1779201649,productpage,v1,Running,True
1779201649,productpage,v1,Running,True
1779201649,productpage,v1,Running,True
1779201649,productpage,v1,Running,True
1779201649,productpage,v1,Running,True
1779201649,productpage,v1,Running,True
1779201649,productpage,v1,Running,True
1779201649,productpage,v1,Running,True
1779201649,productpage,v1,Running,True
1779201649,productpage,v1,Running,True
1779201649,productpage,v1,Running,True
1779201649,productpage,v1,Running,True
1779201649,ratings,v1,Running,True
1779201649,reviews,v1,Running,True
1779201649,reviews,v2,Running,True
1779201649,reviews,v2,Running,True
1779201649,reviews,v2,Running,True
1779201649,reviews,v2,Running,True
1779201649,reviews,v2,Running,True
1779201649,reviews,v2,Running,True
1779201649,reviews,v2,Running,True
1779201649,reviews,v2,Running,True
1779201649,reviews,v2,Running,True
1779201649,reviews,v3,Running,True
1779201649,reviews,v3,Running,True
1779201649,reviews,v3,Running,True
1779201649,reviews,v3,Running,True
1779201649,reviews,v3,Running,True
1779201649,reviews,v3,Running,True
1779201650,details,v1,Running,True
1779201650,details,v1,Running,True
1779201650,details,v1,Running,True
1779201650,details,v1,Running,True
1779201650,details,v1,Running,True
1779201650,details,v1,Running,True
1779201650,productpage,v1,Running,True
1779201650,productpage,v1,Running,True
1779201650,productpage,v1,Running,True
1779201650,productpage,v1,Running,True
1779201650,productpage,v1,Running,True
1779201650,productpage,v1,Running,True
1779201650,productpage,v1,Running,True
1779201650,productpage,v1,Running,True
1779201650,productpage,v1,Running,True
1779201650,productpage,v1,Running,True
1779201650,productpage,v1,Running,True
1779201650,productpage,v1,Running,True
1779201650,productpage,v1,Running,True
1779201650,productpage,v1,Running,True
1779201650,productpage,v1,Running,True
1779201650,ratings,v1,Running,True
1779201650,reviews,v1,Running,True
1779201650,reviews,v2,Running,True
1779201650,reviews,v2,Running,True
1779201650,reviews,v2,Running,True
1779201650,reviews,v2,Running,True
1779201650,reviews,v2,Running,True
1779201650,reviews,v2,Running,True
1779201650,reviews,v2,Running,True
1779201650,reviews,v2,Running,True
1779201650,reviews,v2,Running,True
1779201650,reviews,v3,Running,True
1779201650,reviews,v3,Running,True
1779201650,reviews,v3,Running,True
1779201650,reviews,v3,Running,True
1779201650,reviews,v3,Running,True
1779201650,reviews,v3,Running,True
1779201651,details,v1,Running,True
1779201651,details,v1,Running,True
1779201651,details,v1,Running,True
1779201651,details,v1,Running,True
1779201651,details,v1,Running,True
1779201651,details,v1,Running,True
1779201651,productpage,v1,Running,True
1779201651,productpage,v1,Running,True
1779201651,productpage,v1,Running,True
1779201651,productpage,v1,Running,True
1779201651,productpage,v1,Running,True
1779201651,productpage,v1,Running,True
1779201651,productpage,v1,Running,True
1779201651,productpage,v1,Running,True
1779201651,productpage,v1,Running,True
1779201651,productpage,v1,Running,True
1779201651,productpage,v1,Running,True
1779201651,productpage,v1,Running,True
1779201651,productpage,v1,Running,True
1779201651,productpage,v1,Running,True
1779201651,productpage,v1,Running,True
1779201651,ratings,v1,Running,True
1779201651,reviews,v1,Running,True
1779201651,reviews,v2,Running,True
1779201651,reviews,v2,Running,True
1779201651,reviews,v2,Running,True
1779201651,reviews,v2,Running,True
1779201651,reviews,v2,Running,True
1779201651,reviews,v2,Running,True
1779201651,reviews,v2,Running,True
1779201651,reviews,v2,Running,True
1779201651,reviews,v2,Running,True
1779201651,reviews,v3,Running,True
1779201651,reviews,v3,Running,True
1779201651,reviews,v3,Running,True
1779201651,reviews,v3,Running,True
1779201651,reviews,v3,Running,True
1779201651,reviews,v3,Running,True
1779201652,details,v1,Running,True
1779201652,details,v1,Running,True
1779201652,details,v1,Running,True
1779201652,details,v1,Running,True
1779201652,details,v1,Running,True
1779201652,details,v1,Running,True
1779201652,productpage,v1,Running,True
1779201652,productpage,v1,Running,True
1779201652,productpage,v1,Running,True
1779201652,productpage,v1,Running,True
1779201652,productpage,v1,Running,True
1779201652,productpage,v1,Running,True
1779201652,productpage,v1,Running,True
1779201652,productpage,v1,Running,True
1779201652,productpage,v1,Running,True
1779201652,productpage,v1,Running,True
1779201652,productpage,v1,Running,True
1779201652,productpage,v1,Running,True
1779201652,productpage,v1,Running,True
1779201652,productpage,v1,Running,True
1779201652,productpage,v1,Running,True
1779201652,ratings,v1,Running,True
1779201652,reviews,v1,Running,True
1779201652,reviews,v2,Running,True
1779201652,reviews,v2,Running,True
1779201652,reviews,v2,Running,True
1779201652,reviews,v2,Running,True
1779201652,reviews,v2,Running,True
1779201652,reviews,v2,Running,True
1779201652,reviews,v2,Running,True
1779201652,reviews,v2,Running,True
1779201652,reviews,v2,Running,True
1779201652,reviews,v3,Running,True
1779201652,reviews,v3,Running,True
1779201652,reviews,v3,Running,True
1779201652,reviews,v3,Running,True
1779201652,reviews,v3,Running,True
1779201652,reviews,v3,Running,True
1779201653,details,v1,Running,True
1779201653,details,v1,Running,True
1779201653,details,v1,Running,True
1779201653,details,v1,Running,True
1779201653,details,v1,Running,True
1779201653,details,v1,Running,True
1779201653,productpage,v1,Running,True
1779201653,productpage,v1,Running,True
1779201653,productpage,v1,Running,True
1779201653,productpage,v1,Running,True
1779201653,productpage,v1,Running,True
1779201653,productpage,v1,Running,True
1779201653,productpage,v1,Running,True
1779201653,productpage,v1,Running,True
1779201653,productpage,v1,Running,True
1779201653,productpage,v1,Running,True
1779201653,productpage,v1,Running,True
1779201653,productpage,v1,Running,True
1779201653,productpage,v1,Running,True
1779201653,productpage,v1,Running,True
1779201653,productpage,v1,Running,True
1779201653,ratings,v1,Running,True
1779201653,reviews,v1,Running,True
1779201653,reviews,v2,Running,True
1779201653,reviews,v2,Running,True
1779201653,reviews,v2,Running,True
1779201653,reviews,v2,Running,True
1779201653,reviews,v2,Running,True
1779201653,reviews,v2,Running,True
1779201653,reviews,v2,Running,True
1779201653,reviews,v2,Running,True
1779201653,reviews,v2,Running,True
1779201653,reviews,v3,Running,True
1779201653,reviews,v3,Running,True
1779201653,reviews,v3,Running,True
1779201653,reviews,v3,Running,True
1779201653,reviews,v3,Running,True
1779201653,reviews,v3,Running,True
1779201654,details,v1,Running,True
1779201654,details,v1,Running,True
1779201654,details,v1,Running,True
1779201654,details,v1,Running,True
1779201654,details,v1,Running,True
1779201654,details,v1,Running,True
1779201654,productpage,v1,Running,True
1779201654,productpage,v1,Running,True
1779201654,productpage,v1,Running,True
1779201654,productpage,v1,Running,True
1779201654,productpage,v1,Running,True
1779201654,productpage,v1,Running,True
1779201654,productpage,v1,Running,True
1779201654,productpage,v1,Running,True
1779201654,productpage,v1,Running,True
1779201654,productpage,v1,Running,True
1779201654,productpage,v1,Running,True
1779201654,productpage,v1,Running,True
1779201654,productpage,v1,Running,True
1779201654,productpage,v1,Running,True
1779201654,productpage,v1,Running,True
1779201654,ratings,v1,Running,True
1779201654,reviews,v1,Running,True
1779201654,reviews,v2,Running,True
1779201654,reviews,v2,Running,True
1779201654,reviews,v2,Running,True
1779201654,reviews,v2,Running,True
1779201654,reviews,v2,Running,True
1779201654,reviews,v2,Running,True
1779201654,reviews,v2,Running,True
1779201654,reviews,v2,Running,True
1779201654,reviews,v2,Running,True
1779201654,reviews,v3,Running,True
1779201654,reviews,v3,Running,True
1779201654,reviews,v3,Running,True
1779201654,reviews,v3,Running,True
1779201654,reviews,v3,Running,True
1779201654,reviews,v3,Running,True
1779201655,details,v1,Running,True
1779201655,details,v1,Running,True
1779201655,details,v1,Running,True
1779201655,details,v1,Running,True
1779201655,details,v1,Running,True
1779201655,details,v1,Running,True
1779201655,productpage,v1,Running,True
1779201655,productpage,v1,Running,True
1779201655,productpage,v1,Running,True
1779201655,productpage,v1,Running,True
1779201655,productpage,v1,Running,True
1779201655,productpage,v1,Running,True
1779201655,productpage,v1,Running,True
1779201655,productpage,v1,Running,True
1779201655,productpage,v1,Running,True
1779201655,productpage,v1,Running,True
1779201655,productpage,v1,Running,True
1779201655,productpage,v1,Running,True
1779201655,productpage,v1,Running,True
1779201655,productpage,v1,Running,True
1779201655,productpage,v1,Running,True
1779201655,ratings,v1,Running,True
1779201655,reviews,v1,Running,True
1779201655,reviews,v2,Running,True
1779201655,reviews,v2,Running,True
1779201655,reviews,v2,Running,True
1779201655,reviews,v2,Running,True
1779201655,reviews,v2,Running,True
1779201655,reviews,v2,Running,True
1779201655,reviews,v2,Running,True
1779201655,reviews,v2,Running,True
1779201655,reviews,v2,Running,True
1779201655,reviews,v3,Running,True
1779201655,reviews,v3,Running,True
1779201655,reviews,v3,Running,True
1779201655,reviews,v3,Running,True
1779201655,reviews,v3,Running,True
1779201655,reviews,v3,Running,True
1779201656,details,v1,Running,True
1779201656,details,v1,Running,True
1779201656,details,v1,Running,True
1779201656,details,v1,Running,True
1779201656,details,v1,Running,True
1779201656,details,v1,Running,True
1779201656,productpage,v1,Running,True
1779201656,productpage,v1,Running,True
1779201656,productpage,v1,Running,True
1779201656,productpage,v1,Running,True
1779201656,productpage,v1,Running,True
1779201656,productpage,v1,Running,True
1779201656,productpage,v1,Running,True
1779201656,productpage,v1,Running,True
1779201656,productpage,v1,Running,True
1779201656,productpage,v1,Running,True
1779201656,productpage,v1,Running,True
1779201656,productpage,v1,Running,True
1779201656,productpage,v1,Running,True
1779201656,productpage,v1,Running,True
1779201656,productpage,v1,Running,True
1779201656,ratings,v1,Running,True
1779201656,reviews,v1,Running,True
1779201656,reviews,v2,Running,True
1779201656,reviews,v2,Running,True
1779201656,reviews,v2,Running,True
1779201656,reviews,v2,Running,True
1779201656,reviews,v2,Running,True
1779201656,reviews,v2,Running,True
1779201656,reviews,v2,Running,True
1779201656,reviews,v2,Running,True
1779201656,reviews,v2,Running,True
1779201656,reviews,v3,Running,True
1779201656,reviews,v3,Running,True
1779201656,reviews,v3,Running,True
1779201656,reviews,v3,Running,True
1779201656,reviews,v3,Running,True
1779201656,reviews,v3,Running,True
1779201657,details,v1,Running,True
1779201657,details,v1,Running,True
1779201657,details,v1,Running,True
1779201657,details,v1,Running,True
1779201657,details,v1,Running,True
1779201657,details,v1,Running,True
1779201657,productpage,v1,Running,True
1779201657,productpage,v1,Running,True
1779201657,productpage,v1,Running,True
1779201657,productpage,v1,Running,True
1779201657,productpage,v1,Running,True
1779201657,productpage,v1,Running,True
1779201657,productpage,v1,Running,True
1779201657,productpage,v1,Running,True
1779201657,productpage,v1,Running,True
1779201657,productpage,v1,Running,True
1779201657,productpage,v1,Running,True
1779201657,productpage,v1,Running,True
1779201657,productpage,v1,Running,True
1779201657,productpage,v1,Running,True
1779201657,productpage,v1,Running,True
1779201657,ratings,v1,Running,True
1779201657,reviews,v1,Running,True
1779201657,reviews,v2,Running,True
1779201657,reviews,v2,Running,True
1779201657,reviews,v2,Running,True
1779201657,reviews,v2,Running,True
1779201657,reviews,v2,Running,True
1779201657,reviews,v2,Running,True
1779201657,reviews,v2,Running,True
1779201657,reviews,v2,Running,True
1779201657,reviews,v2,Running,True
1779201657,reviews,v3,Running,True
1779201657,reviews,v3,Running,True
1779201657,reviews,v3,Running,True
1779201657,reviews,v3,Running,True
1779201657,reviews,v3,Running,True
1779201657,reviews,v3,Running,True
1779201658,details,v1,Running,True
1779201658,details,v1,Running,True
1779201658,details,v1,Running,True
1779201658,details,v1,Running,True
1779201658,details,v1,Running,True
1779201658,details,v1,Running,True
1779201658,productpage,v1,Running,True
1779201658,productpage,v1,Running,True
1779201658,productpage,v1,Running,True
1779201658,productpage,v1,Running,True
1779201658,productpage,v1,Running,True
1779201658,productpage,v1,Running,True
1779201658,productpage,v1,Running,True
1779201658,productpage,v1,Running,True
1779201658,productpage,v1,Running,True
1779201658,productpage,v1,Running,True
1779201658,productpage,v1,Running,True
1779201658,productpage,v1,Running,True
1779201658,productpage,v1,Running,True
1779201658,productpage,v1,Running,True
1779201658,productpage,v1,Running,True
1779201658,ratings,v1,Running,True
1779201658,reviews,v1,Running,True
1779201658,reviews,v2,Running,True
1779201658,reviews,v2,Running,True
1779201658,reviews,v2,Running,True
1779201658,reviews,v2,Running,True
1779201658,reviews,v2,Running,True
1779201658,reviews,v2,Running,True
1779201658,reviews,v2,Running,True
1779201658,reviews,v2,Running,True
1779201658,reviews,v2,Running,True
1779201658,reviews,v3,Running,True
1779201658,reviews,v3,Running,True
1779201658,reviews,v3,Running,True
1779201658,reviews,v3,Running,True
1779201658,reviews,v3,Running,True
1779201658,reviews,v3,Running,True
1779201659,details,v1,Running,True
1779201659,details,v1,Running,True
1779201659,details,v1,Running,True
1779201659,details,v1,Running,True
1779201659,details,v1,Running,True
1779201659,details,v1,Running,True
1779201659,productpage,v1,Running,True
1779201659,productpage,v1,Running,True
1779201659,productpage,v1,Running,True
1779201659,productpage,v1,Running,True
1779201659,productpage,v1,Running,True
1779201659,productpage,v1,Running,True
1779201659,productpage,v1,Running,True
1779201659,productpage,v1,Running,True
1779201659,productpage,v1,Running,True
1779201659,productpage,v1,Running,True
1779201659,productpage,v1,Running,True
1779201659,productpage,v1,Running,True
1779201659,productpage,v1,Running,True
1779201659,productpage,v1,Running,True
1779201659,productpage,v1,Running,True
1779201659,ratings,v1,Running,True
1779201659,reviews,v1,Running,True
1779201659,reviews,v2,Running,True
1779201659,reviews,v2,Running,True
1779201659,reviews,v2,Running,True
1779201659,reviews,v2,Running,True
1779201659,reviews,v2,Running,True
1779201659,reviews,v2,Running,True
1779201659,reviews,v2,Running,True
1779201659,reviews,v2,Running,True
1779201659,reviews,v2,Running,True
1779201659,reviews,v3,Running,True
1779201659,reviews,v3,Running,True
1779201659,reviews,v3,Running,True
1779201659,reviews,v3,Running,True
1779201659,reviews,v3,Running,True
1779201659,reviews,v3,Running,True
1779201660,details,v1,Running,True
1779201660,details,v1,Running,True
1779201660,details,v1,Running,True
1779201660,details,v1,Running,True
1779201660,details,v1,Running,True
1779201660,details,v1,Running,True
1779201660,productpage,v1,Running,True
1779201660,productpage,v1,Running,True
1779201660,productpage,v1,Running,True
1779201660,productpage,v1,Running,True
1779201660,productpage,v1,Running,True
1779201660,productpage,v1,Running,True
1779201660,productpage,v1,Running,True
1779201660,productpage,v1,Running,True
1779201660,productpage,v1,Running,True
1779201660,productpage,v1,Running,True
1779201660,productpage,v1,Running,True
1779201660,productpage,v1,Running,True
1779201660,productpage,v1,Running,True
1779201660,productpage,v1,Running,True
1779201660,productpage,v1,Running,True
1779201660,ratings,v1,Running,True
1779201660,reviews,v1,Running,True
1779201660,reviews,v2,Running,True
1779201660,reviews,v2,Running,True
1779201660,reviews,v2,Running,True
1779201660,reviews,v2,Running,True
1779201660,reviews,v2,Running,True
1779201660,reviews,v2,Running,True
1779201660,reviews,v2,Running,True
1779201660,reviews,v2,Running,True
1779201660,reviews,v2,Running,True
1779201660,reviews,v3,Running,True
1779201660,reviews,v3,Running,True
1779201660,reviews,v3,Running,True
1779201660,reviews,v3,Running,True
1779201660,reviews,v3,Running,True
1779201660,reviews,v3,Running,True
1779201661,details,v1,Running,True
1779201661,details,v1,Running,True
1779201661,details,v1,Running,True
1779201661,details,v1,Running,True
1779201661,details,v1,Running,True
1779201661,details,v1,Running,True
1779201661,productpage,v1,Running,True
1779201661,productpage,v1,Running,True
1779201661,productpage,v1,Running,True
1779201661,productpage,v1,Running,True
1779201661,productpage,v1,Running,True
1779201661,productpage,v1,Running,True
1779201661,productpage,v1,Running,True
1779201661,productpage,v1,Running,True
1779201661,productpage,v1,Running,True
1779201661,productpage,v1,Running,True
1779201661,productpage,v1,Running,True
1779201661,productpage,v1,Running,True
1779201661,productpage,v1,Running,True
1779201661,productpage,v1,Running,True
1779201661,productpage,v1,Running,True
1779201661,ratings,v1,Running,True
1779201661,reviews,v1,Running,True
1779201661,reviews,v2,Running,True
1779201661,reviews,v2,Running,True
1779201661,reviews,v2,Running,True
1779201661,reviews,v2,Running,True
1779201661,reviews,v2,Running,True
1779201661,reviews,v2,Running,True
1779201661,reviews,v2,Running,True
1779201661,reviews,v2,Running,True
1779201661,reviews,v2,Running,True
1779201661,reviews,v3,Running,True
1779201661,reviews,v3,Running,True
1779201661,reviews,v3,Running,True
1779201661,reviews,v3,Running,True
1779201661,reviews,v3,Running,True
1779201661,reviews,v3,Running,True
1779201662,details,v1,Running,True
1779201662,details,v1,Running,True
1779201662,details,v1,Running,True
1779201662,details,v1,Running,True
1779201662,details,v1,Running,True
1779201662,details,v1,Running,True
1779201662,productpage,v1,Running,True
1779201662,productpage,v1,Running,True
1779201662,productpage,v1,Running,True
1779201662,productpage,v1,Running,True
1779201662,productpage,v1,Running,True
1779201662,productpage,v1,Running,True
1779201662,productpage,v1,Running,True
1779201662,productpage,v1,Running,True
1779201662,productpage,v1,Running,True
1779201662,productpage,v1,Running,True
1779201662,productpage,v1,Running,True
1779201662,productpage,v1,Running,True
1779201662,productpage,v1,Running,True
1779201662,productpage,v1,Running,True
1779201662,productpage,v1,Running,True
1779201662,ratings,v1,Running,True
1779201662,reviews,v1,Running,True
1779201662,reviews,v2,Running,True
1779201662,reviews,v2,Running,True
1779201662,reviews,v2,Running,True
1779201662,reviews,v2,Running,True
1779201662,reviews,v2,Running,True
1779201662,reviews,v2,Running,True
1779201662,reviews,v2,Running,True
1779201662,reviews,v2,Running,True
1779201662,reviews,v2,Running,True
1779201662,reviews,v3,Running,True
1779201662,reviews,v3,Running,True
1779201662,reviews,v3,Running,True
1779201662,reviews,v3,Running,True
1779201662,reviews,v3,Running,True
1779201662,reviews,v3,Running,True
1779201663,details,v1,Running,True
1779201663,details,v1,Running,True
1779201663,details,v1,Running,True
1779201663,details,v1,Running,True
1779201663,details,v1,Running,True
1779201663,details,v1,Running,True
1779201663,productpage,v1,Running,True
1779201663,productpage,v1,Running,True
1779201663,productpage,v1,Running,True
1779201663,productpage,v1,Running,True
1779201663,productpage,v1,Running,True
1779201663,productpage,v1,Running,True
1779201663,productpage,v1,Running,True
1779201663,productpage,v1,Running,True
1779201663,productpage,v1,Running,True
1779201663,productpage,v1,Running,True
1779201663,productpage,v1,Running,True
1779201663,productpage,v1,Running,True
1779201663,productpage,v1,Running,True
1779201663,productpage,v1,Running,True
1779201663,productpage,v1,Running,True
1779201663,ratings,v1,Running,True
1779201663,reviews,v1,Running,True
1779201663,reviews,v2,Running,True
1779201663,reviews,v2,Running,True
1779201663,reviews,v2,Running,True
1779201663,reviews,v2,Running,True
1779201663,reviews,v2,Running,True
1779201663,reviews,v2,Running,True
1779201663,reviews,v2,Running,True
1779201663,reviews,v2,Running,True
1779201663,reviews,v2,Running,True
1779201663,reviews,v3,Running,True
1779201663,reviews,v3,Running,True
1779201663,reviews,v3,Running,True
1779201663,reviews,v3,Running,True
1779201663,reviews,v3,Running,True
1779201663,reviews,v3,Running,True
1779201664,details,v1,Running,True
1779201664,details,v1,Running,True
1779201664,details,v1,Running,True
1779201664,details,v1,Running,True
1779201664,details,v1,Running,True
1779201664,details,v1,Running,True
1779201664,productpage,v1,Running,True
1779201664,productpage,v1,Running,True
1779201664,productpage,v1,Running,True
1779201664,productpage,v1,Running,True
1779201664,productpage,v1,Running,True
1779201664,productpage,v1,Running,True
1779201664,productpage,v1,Running,True
1779201664,productpage,v1,Running,True
1779201664,productpage,v1,Running,True
1779201664,productpage,v1,Running,True
1779201664,productpage,v1,Running,True
1779201664,productpage,v1,Running,True
1779201664,productpage,v1,Running,True
1779201664,productpage,v1,Running,True
1779201664,productpage,v1,Running,True
1779201664,ratings,v1,Running,True
1779201664,reviews,v1,Running,True
1779201664,reviews,v2,Running,True
1779201664,reviews,v2,Running,True
1779201664,reviews,v2,Running,True
1779201664,reviews,v2,Running,True
1779201664,reviews,v2,Running,True
1779201664,reviews,v2,Running,True
1779201664,reviews,v2,Running,True
1779201664,reviews,v2,Running,True
1779201664,reviews,v2,Running,True
1779201664,reviews,v3,Running,True
1779201664,reviews,v3,Running,True
1779201664,reviews,v3,Running,True
1779201664,reviews,v3,Running,True
1779201664,reviews,v3,Running,True
1779201664,reviews,v3,Running,True
1779201665,details,v1,Running,True
1779201665,details,v1,Running,True
1779201665,details,v1,Running,True
1779201665,details,v1,Running,True
1779201665,details,v1,Running,True
1779201665,details,v1,Running,True
1779201665,productpage,v1,Running,True
1779201665,productpage,v1,Running,True
1779201665,productpage,v1,Running,True
1779201665,productpage,v1,Running,True
1779201665,productpage,v1,Running,True
1779201665,productpage,v1,Running,True
1779201665,productpage,v1,Running,True
1779201665,productpage,v1,Running,True
1779201665,productpage,v1,Running,True
1779201665,productpage,v1,Running,True
1779201665,productpage,v1,Running,True
1779201665,productpage,v1,Running,True
1779201665,productpage,v1,Running,True
1779201665,productpage,v1,Running,True
1779201665,productpage,v1,Running,True
1779201665,ratings,v1,Running,True
1779201665,reviews,v1,Running,True
1779201665,reviews,v2,Running,True
1779201665,reviews,v2,Running,True
1779201665,reviews,v2,Running,True
1779201665,reviews,v2,Running,True
1779201665,reviews,v2,Running,True
1779201665,reviews,v2,Running,True
1779201665,reviews,v2,Running,True
1779201665,reviews,v2,Running,True
1779201665,reviews,v2,Running,True
1779201665,reviews,v3,Running,True
1779201665,reviews,v3,Running,True
1779201665,reviews,v3,Running,True
1779201665,reviews,v3,Running,True
1779201665,reviews,v3,Running,True
1779201665,reviews,v3,Running,True
1779201666,details,v1,Running,True
1779201666,details,v1,Running,True
1779201666,details,v1,Running,True
1779201666,details,v1,Running,True
1779201666,details,v1,Running,True
1779201666,details,v1,Running,True
1779201666,productpage,v1,Running,True
1779201666,productpage,v1,Running,True
1779201666,productpage,v1,Running,True
1779201666,productpage,v1,Running,True
1779201666,productpage,v1,Running,True
1779201666,productpage,v1,Running,True
1779201666,productpage,v1,Running,True
1779201666,productpage,v1,Running,True
1779201666,productpage,v1,Running,True
1779201666,productpage,v1,Running,True
1779201666,productpage,v1,Running,True
1779201666,productpage,v1,Running,True
1779201666,productpage,v1,Running,True
1779201666,productpage,v1,Running,True
1779201666,productpage,v1,Running,True
1779201666,ratings,v1,Running,True
1779201666,reviews,v1,Running,True
1779201666,reviews,v2,Running,True
1779201666,reviews,v2,Running,True
1779201666,reviews,v2,Running,True
1779201666,reviews,v2,Running,True
1779201666,reviews,v2,Running,True
1779201666,reviews,v2,Running,True
1779201666,reviews,v2,Running,True
1779201666,reviews,v2,Running,True
1779201666,reviews,v2,Running,True
1779201666,reviews,v3,Running,True
1779201666,reviews,v3,Running,True
1779201666,reviews,v3,Running,True
1779201666,reviews,v3,Running,True
1779201666,reviews,v3,Running,True
1779201666,reviews,v3,Running,True
1779201667,details,v1,Running,True
1779201667,details,v1,Running,True
1779201667,details,v1,Running,True
1779201667,details,v1,Running,True
1779201667,details,v1,Running,True
1779201667,details,v1,Running,True
1779201667,productpage,v1,Running,True
1779201667,productpage,v1,Running,True
1779201667,productpage,v1,Running,True
1779201667,productpage,v1,Running,True
1779201667,productpage,v1,Running,True
1779201667,productpage,v1,Running,True
1779201667,productpage,v1,Running,True
1779201667,productpage,v1,Running,True
1779201667,productpage,v1,Running,True
1779201667,productpage,v1,Running,True
1779201667,productpage,v1,Running,True
1779201667,productpage,v1,Running,True
1779201667,productpage,v1,Running,True
1779201667,productpage,v1,Running,True
1779201667,productpage,v1,Running,True
1779201667,ratings,v1,Running,True
1779201667,reviews,v1,Running,True
1779201667,reviews,v2,Running,True
1779201667,reviews,v2,Running,True
1779201667,reviews,v2,Running,True
1779201667,reviews,v2,Running,True
1779201667,reviews,v2,Running,True
1779201667,reviews,v2,Running,True
1779201667,reviews,v2,Running,True
1779201667,reviews,v2,Running,True
1779201667,reviews,v2,Running,True
1779201667,reviews,v3,Running,True
1779201667,reviews,v3,Running,True
1779201667,reviews,v3,Running,True
1779201667,reviews,v3,Running,True
1779201667,reviews,v3,Running,True
1779201667,reviews,v3,Running,True
1779201668,details,v1,Running,True
1779201668,details,v1,Pending,False
1779201668,details,v1,Running,True
1779201668,details,v1,Running,True
1779201668,details,v1,Running,True
1779201668,details,v1,Running,True
1779201668,details,v1,Running,True
1779201668,productpage,v1,Running,True
1779201668,productpage,v1,Running,True
1779201668,productpage,v1,Running,True
1779201668,productpage,v1,Running,True
1779201668,productpage,v1,Running,True
1779201668,productpage,v1,Running,True
1779201668,productpage,v1,Running,True
1779201668,productpage,v1,Running,True
1779201668,productpage,v1,Running,True
1779201668,productpage,v1,Running,True
1779201668,productpage,v1,Running,True
1779201668,productpage,v1,Running,True
1779201668,productpage,v1,Running,True
1779201668,productpage,v1,Running,True
1779201668,productpage,v1,Running,True
1779201668,ratings,v1,Running,True
1779201668,reviews,v1,Running,True
1779201668,reviews,v2,Running,True
1779201668,reviews,v2,Running,True
1779201668,reviews,v2,Running,True
1779201668,reviews,v2,Running,True
1779201668,reviews,v2,Running,True
1779201668,reviews,v2,Running,True
1779201668,reviews,v2,Running,True
1779201668,reviews,v2,Running,True
1779201668,reviews,v2,Running,True
1779201668,reviews,v3,Running,True
1779201668,reviews,v3,Running,True
1779201668,reviews,v3,Running,True
1779201668,reviews,v3,Running,True
1779201668,reviews,v3,Running,True
1779201668,reviews,v3,Running,True
1779201669,details,v1,Running,True
1779201669,details,v1,Pending,False
1779201669,details,v1,Running,True
1779201669,details,v1,Running,True
1779201669,details,v1,Running,True
1779201669,details,v1,Running,True
1779201669,details,v1,Running,True
1779201669,productpage,v1,Running,True
1779201669,productpage,v1,Running,True
1779201669,productpage,v1,Running,True
1779201669,productpage,v1,Running,True
1779201669,productpage,v1,Running,True
1779201669,productpage,v1,Running,True
1779201669,productpage,v1,Running,True
1779201669,productpage,v1,Running,True
1779201669,productpage,v1,Running,True
1779201669,productpage,v1,Running,True
1779201669,productpage,v1,Running,True
1779201669,productpage,v1,Running,True
1779201669,productpage,v1,Running,True
1779201669,productpage,v1,Running,True
1779201669,productpage,v1,Running,True
1779201669,ratings,v1,Running,True
1779201669,reviews,v1,Running,True
1779201669,reviews,v2,Running,True
1779201669,reviews,v2,Running,True
1779201669,reviews,v2,Running,True
1779201669,reviews,v2,Running,True
1779201669,reviews,v2,Running,True
1779201669,reviews,v2,Running,True
1779201669,reviews,v2,Running,True
1779201669,reviews,v2,Running,True
1779201669,reviews,v2,Running,True
1779201669,reviews,v3,Running,True
1779201669,reviews,v3,Running,True
1779201669,reviews,v3,Running,True
1779201669,reviews,v3,Running,True
1779201669,reviews,v3,Running,True
1779201669,reviews,v3,Running,True
1779201670,details,v1,Running,True
1779201670,details,v1,Running,False
1779201670,details,v1,Running,True
1779201670,details,v1,Running,True
1779201670,details,v1,Running,True
1779201670,details,v1,Running,True
1779201670,details,v1,Running,True
1779201670,productpage,v1,Running,True
1779201670,productpage,v1,Running,True
1779201670,productpage,v1,Running,True
1779201670,productpage,v1,Running,True
1779201670,productpage,v1,Running,True
1779201670,productpage,v1,Running,True
1779201670,productpage,v1,Running,True
1779201670,productpage,v1,Running,True
1779201670,productpage,v1,Running,True
1779201670,productpage,v1,Running,True
1779201670,productpage,v1,Running,True
1779201670,productpage,v1,Running,True
1779201670,productpage,v1,Running,True
1779201670,productpage,v1,Running,True
1779201670,productpage,v1,Running,True
1779201670,ratings,v1,Running,True
1779201670,reviews,v1,Running,True
1779201670,reviews,v2,Running,True
1779201670,reviews,v2,Running,True
1779201670,reviews,v2,Running,True
1779201670,reviews,v2,Running,True
1779201670,reviews,v2,Running,True
1779201670,reviews,v2,Running,True
1779201670,reviews,v2,Running,True
1779201670,reviews,v2,Running,True
1779201670,reviews,v2,Running,True
1779201670,reviews,v3,Running,True
1779201670,reviews,v3,Running,True
1779201670,reviews,v3,Running,True
1779201670,reviews,v3,Running,True
1779201670,reviews,v3,Running,True
1779201670,reviews,v3,Running,True
1779201671,details,v1,Running,True
1779201671,details,v1,Running,False
1779201671,details,v1,Running,True
1779201671,details,v1,Running,True
1779201671,details,v1,Running,True
1779201671,details,v1,Running,True
1779201671,details,v1,Running,True
1779201671,productpage,v1,Running,True
1779201671,productpage,v1,Running,True
1779201671,productpage,v1,Running,True
1779201671,productpage,v1,Running,True
1779201671,productpage,v1,Running,True
1779201671,productpage,v1,Running,True
1779201671,productpage,v1,Running,True
1779201671,productpage,v1,Running,True
1779201671,productpage,v1,Running,True
1779201671,productpage,v1,Running,True
1779201671,productpage,v1,Running,True
1779201671,productpage,v1,Running,True
1779201671,productpage,v1,Running,True
1779201671,productpage,v1,Running,True
1779201671,productpage,v1,Running,True
1779201671,ratings,v1,Running,True
1779201671,reviews,v1,Running,True
1779201671,reviews,v2,Running,True
1779201671,reviews,v2,Running,True
1779201671,reviews,v2,Running,True
1779201671,reviews,v2,Running,True
1779201671,reviews,v2,Running,True
1779201671,reviews,v2,Running,True
1779201671,reviews,v2,Running,True
1779201671,reviews,v2,Running,True
1779201671,reviews,v2,Running,True
1779201671,reviews,v3,Running,True
1779201671,reviews,v3,Running,True
1779201671,reviews,v3,Running,True
1779201671,reviews,v3,Running,True
1779201671,reviews,v3,Running,True
1779201671,reviews,v3,Running,True
1779201672,details,v1,Running,True
1779201672,details,v1,Running,True
1779201672,details,v1,Running,True
1779201672,details,v1,Running,True
1779201672,details,v1,Running,True
1779201672,details,v1,Running,True
1779201672,details,v1,Running,True
1779201672,productpage,v1,Running,True
1779201672,productpage,v1,Running,True
1779201672,productpage,v1,Running,True
1779201672,productpage,v1,Running,True
1779201672,productpage,v1,Running,True
1779201672,productpage,v1,Running,True
1779201672,productpage,v1,Running,True
1779201672,productpage,v1,Running,True
1779201672,productpage,v1,Running,True
1779201672,productpage,v1,Running,True
1779201672,productpage,v1,Running,True
1779201672,productpage,v1,Running,True
1779201672,productpage,v1,Running,True
1779201672,productpage,v1,Running,True
1779201672,productpage,v1,Running,True
1779201672,ratings,v1,Running,True
1779201672,reviews,v1,Running,True
1779201672,reviews,v2,Running,True
1779201672,reviews,v2,Running,True
1779201672,reviews,v2,Running,True
1779201672,reviews,v2,Running,True
1779201672,reviews,v2,Running,True
1779201672,reviews,v2,Running,True
1779201672,reviews,v2,Running,True
1779201672,reviews,v2,Running,True
1779201672,reviews,v2,Running,True
1779201672,reviews,v3,Running,True
1779201672,reviews,v3,Running,True
1779201672,reviews,v3,Running,True
1779201672,reviews,v3,Running,True
1779201672,reviews,v3,Running,True
1779201672,reviews,v3,Running,True
1779201673,details,v1,Running,True
1779201673,details,v1,Running,True
1779201673,details,v1,Running,True
1779201673,details,v1,Running,True
1779201673,details,v1,Running,True
1779201673,details,v1,Running,True
1779201673,details,v1,Running,True
1779201673,productpage,v1,Running,True
1779201673,productpage,v1,Running,True
1779201673,productpage,v1,Running,True
1779201673,productpage,v1,Running,True
1779201673,productpage,v1,Running,True
1779201673,productpage,v1,Running,True
1779201673,productpage,v1,Running,True
1779201673,productpage,v1,Running,True
1779201673,productpage,v1,Running,True
1779201673,productpage,v1,Running,True
1779201673,productpage,v1,Running,True
1779201673,productpage,v1,Running,True
1779201673,productpage,v1,Running,True
1779201673,productpage,v1,Running,True
1779201673,productpage,v1,Running,True
1779201673,ratings,v1,Running,True
1779201673,reviews,v1,Running,True
1779201673,reviews,v2,Running,True
1779201673,reviews,v2,Running,True
1779201673,reviews,v2,Running,True
1779201673,reviews,v2,Running,True
1779201673,reviews,v2,Running,True
1779201673,reviews,v2,Running,True
1779201673,reviews,v2,Running,True
1779201673,reviews,v2,Running,True
1779201673,reviews,v2,Running,True
1779201673,reviews,v3,Running,True
1779201673,reviews,v3,Running,True
1779201673,reviews,v3,Running,True
1779201673,reviews,v3,Running,True
1779201673,reviews,v3,Running,True
1779201673,reviews,v3,Running,True
1779201674,details,v1,Running,True
1779201674,details,v1,Running,True
1779201674,details,v1,Running,True
1779201674,details,v1,Running,True
1779201674,details,v1,Running,True
1779201674,details,v1,Running,True
1779201674,details,v1,Running,True
1779201674,productpage,v1,Running,True
1779201674,productpage,v1,Running,True
1779201674,productpage,v1,Running,True
1779201674,productpage,v1,Running,True
1779201674,productpage,v1,Running,True
1779201674,productpage,v1,Running,True
1779201674,productpage,v1,Running,True
1779201674,productpage,v1,Running,True
1779201674,productpage,v1,Running,True
1779201674,productpage,v1,Running,True
1779201674,productpage,v1,Running,True
1779201674,productpage,v1,Running,True
1779201674,productpage,v1,Running,True
1779201674,productpage,v1,Running,True
1779201674,productpage,v1,Running,True
1779201674,ratings,v1,Running,True
1779201674,reviews,v1,Running,True
1779201674,reviews,v2,Running,True
1779201674,reviews,v2,Running,True
1779201674,reviews,v2,Running,True
1779201674,reviews,v2,Running,True
1779201674,reviews,v2,Running,True
1779201674,reviews,v2,Running,True
1779201674,reviews,v2,Running,True
1779201674,reviews,v2,Running,True
1779201674,reviews,v2,Running,True
1779201674,reviews,v3,Running,True
1779201674,reviews,v3,Running,True
1779201674,reviews,v3,Running,True
1779201674,reviews,v3,Running,True
1779201674,reviews,v3,Running,True
1779201674,reviews,v3,Running,True
1779201675,details,v1,Running,True
1779201675,details,v1,Running,True
1779201675,details,v1,Running,True
1779201675,details,v1,Running,True
1779201675,details,v1,Running,True
1779201675,details,v1,Running,True
1779201675,details,v1,Running,True
1779201675,productpage,v1,Running,True
1779201675,productpage,v1,Running,True
1779201675,productpage,v1,Running,True
1779201675,productpage,v1,Running,True
1779201675,productpage,v1,Running,True
1779201675,productpage,v1,Running,True
1779201675,productpage,v1,Running,True
1779201675,productpage,v1,Running,True
1779201675,productpage,v1,Running,True
1779201675,productpage,v1,Running,True
1779201675,productpage,v1,Running,True
1779201675,productpage,v1,Running,True
1779201675,productpage,v1,Running,True
1779201675,productpage,v1,Running,True
1779201675,productpage,v1,Running,True
1779201675,ratings,v1,Running,True
1779201675,reviews,v1,Running,True
1779201675,reviews,v2,Running,True
1779201675,reviews,v2,Running,True
1779201675,reviews,v2,Running,True
1779201675,reviews,v2,Running,True
1779201675,reviews,v2,Running,True
1779201675,reviews,v2,Running,True
1779201675,reviews,v2,Running,True
1779201675,reviews,v2,Running,True
1779201675,reviews,v2,Running,True
1779201675,reviews,v3,Running,True
1779201675,reviews,v3,Running,True
1779201675,reviews,v3,Running,True
1779201675,reviews,v3,Running,True
1779201675,reviews,v3,Running,True
1779201675,reviews,v3,Running,True
1779201676,details,v1,Running,True
1779201676,details,v1,Running,True
1779201676,details,v1,Running,True
1779201676,details,v1,Running,True
1779201676,details,v1,Running,True
1779201676,details,v1,Running,True
1779201676,details,v1,Running,True
1779201676,productpage,v1,Running,True
1779201676,productpage,v1,Running,True
1779201676,productpage,v1,Running,True
1779201676,productpage,v1,Running,True
1779201676,productpage,v1,Running,True
1779201676,productpage,v1,Running,True
1779201676,productpage,v1,Running,True
1779201676,productpage,v1,Running,True
1779201676,productpage,v1,Running,True
1779201676,productpage,v1,Running,True
1779201676,productpage,v1,Running,True
1779201676,productpage,v1,Running,True
1779201676,productpage,v1,Running,True
1779201676,productpage,v1,Running,True
1779201676,productpage,v1,Running,True
1779201676,ratings,v1,Running,True
1779201676,reviews,v1,Running,True
1779201676,reviews,v2,Running,True
1779201676,reviews,v2,Running,True
1779201676,reviews,v2,Running,True
1779201676,reviews,v2,Running,True
1779201676,reviews,v2,Running,True
1779201676,reviews,v2,Running,True
1779201676,reviews,v2,Running,True
1779201676,reviews,v2,Running,True
1779201676,reviews,v2,Running,True
1779201676,reviews,v3,Running,True
1779201676,reviews,v3,Running,True
1779201676,reviews,v3,Running,True
1779201676,reviews,v3,Running,True
1779201676,reviews,v3,Running,True
1779201676,reviews,v3,Running,True
1779201677,details,v1,Running,True
1779201677,details,v1,Running,True
1779201677,details,v1,Running,True
1779201677,details,v1,Running,True
1779201677,details,v1,Running,True
1779201677,details,v1,Running,True
1779201677,details,v1,Running,True
1779201677,productpage,v1,Running,True
1779201677,productpage,v1,Running,True
1779201677,productpage,v1,Running,True
1779201677,productpage,v1,Running,True
1779201677,productpage,v1,Running,True
1779201677,productpage,v1,Running,True
1779201677,productpage,v1,Running,True
1779201677,productpage,v1,Running,True
1779201677,productpage,v1,Running,True
1779201677,productpage,v1,Running,True
1779201677,productpage,v1,Running,True
1779201677,productpage,v1,Running,True
1779201677,productpage,v1,Running,True
1779201677,productpage,v1,Running,True
1779201677,productpage,v1,Running,True
1779201677,ratings,v1,Running,True
1779201677,reviews,v1,Running,True
1779201677,reviews,v2,Running,True
1779201677,reviews,v2,Running,True
1779201677,reviews,v2,Running,True
1779201677,reviews,v2,Running,True
1779201677,reviews,v2,Running,True
1779201677,reviews,v2,Running,True
1779201677,reviews,v2,Running,True
1779201677,reviews,v2,Running,True
1779201677,reviews,v2,Running,True
1779201677,reviews,v3,Running,True
1779201677,reviews,v3,Running,True
1779201677,reviews,v3,Running,True
1779201677,reviews,v3,Running,True
1779201677,reviews,v3,Running,True
1779201677,reviews,v3,Running,True
1779201678,details,v1,Running,True
1779201678,details,v1,Running,True
1779201678,details,v1,Running,True
1779201678,details,v1,Running,True
1779201678,details,v1,Running,True
1779201678,details,v1,Running,True
1779201678,details,v1,Running,True
1779201678,productpage,v1,Running,True
1779201678,productpage,v1,Running,True
1779201678,productpage,v1,Running,True
1779201678,productpage,v1,Running,True
1779201678,productpage,v1,Running,True
1779201678,productpage,v1,Running,True
1779201678,productpage,v1,Running,True
1779201678,productpage,v1,Running,True
1779201678,productpage,v1,Running,True
1779201678,productpage,v1,Running,True
1779201678,productpage,v1,Running,True
1779201678,productpage,v1,Running,True
1779201678,productpage,v1,Running,True
1779201678,productpage,v1,Running,True
1779201678,productpage,v1,Running,True
1779201678,ratings,v1,Running,True
1779201678,reviews,v1,Running,True
1779201678,reviews,v2,Running,True
1779201678,reviews,v2,Running,True
1779201678,reviews,v2,Running,True
1779201678,reviews,v2,Running,True
1779201678,reviews,v2,Running,True
1779201678,reviews,v2,Running,True
1779201678,reviews,v2,Running,True
1779201678,reviews,v2,Running,True
1779201678,reviews,v2,Running,True
1779201678,reviews,v3,Running,True
1779201678,reviews,v3,Running,True
1779201678,reviews,v3,Running,True
1779201678,reviews,v3,Running,True
1779201678,reviews,v3,Running,True
1779201678,reviews,v3,Running,True
1779201679,details,v1,Running,True
1779201679,details,v1,Running,True
1779201679,details,v1,Running,True
1779201679,details,v1,Running,True
1779201679,details,v1,Running,True
1779201679,details,v1,Running,True
1779201679,details,v1,Running,True
1779201679,productpage,v1,Running,True
1779201679,productpage,v1,Running,True
1779201679,productpage,v1,Running,True
1779201679,productpage,v1,Running,True
1779201679,productpage,v1,Running,True
1779201679,productpage,v1,Running,True
1779201679,productpage,v1,Running,True
1779201679,productpage,v1,Running,True
1779201679,productpage,v1,Running,True
1779201679,productpage,v1,Running,True
1779201679,productpage,v1,Running,True
1779201679,productpage,v1,Running,True
1779201679,productpage,v1,Running,True
1779201679,productpage,v1,Running,True
1779201679,productpage,v1,Running,True
1779201679,ratings,v1,Running,True
1779201679,reviews,v1,Running,True
1779201679,reviews,v2,Running,True
1779201679,reviews,v2,Running,True
1779201679,reviews,v2,Running,True
1779201679,reviews,v2,Running,True
1779201679,reviews,v2,Running,True
1779201679,reviews,v2,Running,True
1779201679,reviews,v2,Running,True
1779201679,reviews,v2,Running,True
1779201679,reviews,v2,Running,True
1779201679,reviews,v3,Running,True
1779201679,reviews,v3,Running,True
1779201679,reviews,v3,Running,True
1779201679,reviews,v3,Running,True
1779201679,reviews,v3,Running,True
1779201679,reviews,v3,Running,True
1779201680,details,v1,Running,True
1779201680,details,v1,Running,True
1779201680,details,v1,Running,True
1779201680,details,v1,Running,True
1779201680,details,v1,Running,True
1779201680,details,v1,Running,True
1779201680,details,v1,Running,True
1779201680,productpage,v1,Running,True
1779201680,productpage,v1,Running,True
1779201680,productpage,v1,Running,True
1779201680,productpage,v1,Running,True
1779201680,productpage,v1,Running,True
1779201680,productpage,v1,Running,True
1779201680,productpage,v1,Running,True
1779201680,productpage,v1,Running,True
1779201680,productpage,v1,Running,True
1779201680,productpage,v1,Running,True
1779201680,productpage,v1,Running,True
1779201680,productpage,v1,Running,True
1779201680,productpage,v1,Running,True
1779201680,productpage,v1,Running,True
1779201680,productpage,v1,Running,True
1779201680,ratings,v1,Running,True
1779201680,reviews,v1,Running,True
1779201680,reviews,v2,Running,True
1779201680,reviews,v2,Running,True
1779201680,reviews,v2,Running,True
1779201680,reviews,v2,Running,True
1779201680,reviews,v2,Running,True
1779201680,reviews,v2,Running,True
1779201680,reviews,v2,Running,True
1779201680,reviews,v2,Running,True
1779201680,reviews,v2,Running,True
1779201680,reviews,v3,Running,True
1779201680,reviews,v3,Running,True
1779201680,reviews,v3,Running,True
1779201680,reviews,v3,Running,True
1779201680,reviews,v3,Running,True
1779201680,reviews,v3,Running,True
1779201681,details,v1,Running,True
1779201681,details,v1,Running,True
1779201681,details,v1,Running,True
1779201681,details,v1,Running,True
1779201681,details,v1,Running,True
1779201681,details,v1,Running,True
1779201681,details,v1,Running,True
1779201681,productpage,v1,Running,True
1779201681,productpage,v1,Running,True
1779201681,productpage,v1,Running,True
1779201681,productpage,v1,Running,True
1779201681,productpage,v1,Running,True
1779201681,productpage,v1,Running,True
1779201681,productpage,v1,Running,True
1779201681,productpage,v1,Running,True
1779201681,productpage,v1,Running,True
1779201681,productpage,v1,Running,True
1779201681,productpage,v1,Running,True
1779201681,productpage,v1,Running,True
1779201681,productpage,v1,Running,True
1779201681,productpage,v1,Running,True
1779201681,productpage,v1,Running,True
1779201681,ratings,v1,Running,True
1779201681,reviews,v1,Running,True
1779201681,reviews,v2,Running,True
1779201681,reviews,v2,Running,True
1779201681,reviews,v2,Running,True
1779201681,reviews,v2,Running,True
1779201681,reviews,v2,Running,True
1779201681,reviews,v2,Running,True
1779201681,reviews,v2,Running,True
1779201681,reviews,v2,Running,True
1779201681,reviews,v2,Running,True
1779201681,reviews,v3,Running,True
1779201681,reviews,v3,Running,True
1779201681,reviews,v3,Running,True
1779201681,reviews,v3,Running,True
1779201681,reviews,v3,Running,True
1779201681,reviews,v3,Running,True
1779201682,details,v1,Running,True
1779201682,details,v1,Running,True
1779201682,details,v1,Running,True
1779201682,details,v1,Running,True
1779201682,details,v1,Running,True
1779201682,details,v1,Running,True
1779201682,details,v1,Running,True
1779201682,productpage,v1,Running,True
1779201682,productpage,v1,Running,True
1779201682,productpage,v1,Running,True
1779201682,productpage,v1,Running,True
1779201682,productpage,v1,Running,True
1779201682,productpage,v1,Running,True
1779201682,productpage,v1,Running,True
1779201682,productpage,v1,Running,True
1779201682,productpage,v1,Running,True
1779201682,productpage,v1,Running,True
1779201682,productpage,v1,Running,True
1779201682,productpage,v1,Running,True
1779201682,productpage,v1,Running,True
1779201682,productpage,v1,Running,True
1779201682,productpage,v1,Running,True
1779201682,ratings,v1,Running,True
1779201682,reviews,v1,Running,True
1779201682,reviews,v2,Running,True
1779201682,reviews,v2,Running,True
1779201682,reviews,v2,Running,True
1779201682,reviews,v2,Running,True
1779201682,reviews,v2,Running,True
1779201682,reviews,v2,Running,True
1779201682,reviews,v2,Running,True
1779201682,reviews,v2,Running,True
1779201682,reviews,v2,Running,True
1779201682,reviews,v3,Running,True
1779201682,reviews,v3,Running,True
1779201682,reviews,v3,Running,True
1779201682,reviews,v3,Running,True
1779201682,reviews,v3,Running,True
1779201682,reviews,v3,Running,True
1779201683,details,v1,Running,True
1779201683,details,v1,Running,True
1779201683,details,v1,Running,True
1779201683,details,v1,Running,True
1779201683,details,v1,Running,True
1779201683,details,v1,Running,True
1779201683,details,v1,Running,True
1779201683,productpage,v1,Running,True
1779201683,productpage,v1,Running,True
1779201683,productpage,v1,Running,True
1779201683,productpage,v1,Running,True
1779201683,productpage,v1,Running,True
1779201683,productpage,v1,Running,True
1779201683,productpage,v1,Running,True
1779201683,productpage,v1,Running,True
1779201683,productpage,v1,Running,True
1779201683,productpage,v1,Running,True
1779201683,productpage,v1,Running,True
1779201683,productpage,v1,Running,True
1779201683,productpage,v1,Running,True
1779201683,productpage,v1,Running,True
1779201683,productpage,v1,Running,True
1779201683,ratings,v1,Running,True
1779201683,reviews,v1,Running,True
1779201683,reviews,v2,Running,True
1779201683,reviews,v2,Running,True
1779201683,reviews,v2,Running,True
1779201683,reviews,v2,Running,True
1779201683,reviews,v2,Running,True
1779201683,reviews,v2,Running,True
1779201683,reviews,v2,Running,True
1779201683,reviews,v2,Running,True
1779201683,reviews,v2,Running,True
1779201683,reviews,v3,Running,True
1779201683,reviews,v3,Running,True
1779201683,reviews,v3,Running,True
1779201683,reviews,v3,Running,True
1779201683,reviews,v3,Running,True
1779201683,reviews,v3,Running,True
1779201684,details,v1,Running,True
1779201684,details,v1,Running,True
1779201684,details,v1,Running,True
1779201684,details,v1,Running,True
1779201684,details,v1,Running,True
1779201684,details,v1,Running,True
1779201684,details,v1,Running,True
1779201684,productpage,v1,Running,True
1779201684,productpage,v1,Running,True
1779201684,productpage,v1,Running,True
1779201684,productpage,v1,Running,True
1779201684,productpage,v1,Running,True
1779201684,productpage,v1,Running,True
1779201684,productpage,v1,Running,True
1779201684,productpage,v1,Running,True
1779201684,productpage,v1,Running,True
1779201684,productpage,v1,Running,True
1779201684,productpage,v1,Running,True
1779201684,productpage,v1,Running,True
1779201684,productpage,v1,Running,True
1779201684,productpage,v1,Running,True
1779201684,productpage,v1,Running,True
1779201684,ratings,v1,Running,True
1779201684,reviews,v1,Running,True
1779201684,reviews,v2,Running,True
1779201684,reviews,v2,Running,True
1779201684,reviews,v2,Running,True
1779201684,reviews,v2,Running,True
1779201684,reviews,v2,Running,True
1779201684,reviews,v2,Running,True
1779201684,reviews,v2,Running,True
1779201684,reviews,v2,Running,True
1779201684,reviews,v2,Running,True
1779201684,reviews,v3,Running,True
1779201684,reviews,v3,Running,True
1779201684,reviews,v3,Running,True
1779201684,reviews,v3,Running,True
1779201684,reviews,v3,Running,True
1779201684,reviews,v3,Running,True
1779201685,details,v1,Running,True
1779201685,details,v1,Running,True
1779201685,details,v1,Running,True
1779201685,details,v1,Running,True
1779201685,details,v1,Running,True
1779201685,details,v1,Running,True
1779201685,details,v1,Running,True
1779201685,productpage,v1,Running,True
1779201685,productpage,v1,Running,True
1779201685,productpage,v1,Running,True
1779201685,productpage,v1,Running,True
1779201685,productpage,v1,Running,True
1779201685,productpage,v1,Running,True
1779201685,productpage,v1,Running,True
1779201685,productpage,v1,Running,True
1779201685,productpage,v1,Running,True
1779201685,productpage,v1,Running,True
1779201685,productpage,v1,Running,True
1779201685,productpage,v1,Running,True
1779201685,productpage,v1,Running,True
1779201685,productpage,v1,Running,True
1779201685,productpage,v1,Running,True
1779201685,ratings,v1,Running,True
1779201685,reviews,v1,Running,True
1779201685,reviews,v2,Running,True
1779201685,reviews,v2,Running,True
1779201685,reviews,v2,Running,True
1779201685,reviews,v2,Running,True
1779201685,reviews,v2,Running,True
1779201685,reviews,v2,Running,True
1779201685,reviews,v2,Running,True
1779201685,reviews,v2,Running,True
1779201685,reviews,v2,Running,True
1779201685,reviews,v3,Running,True
1779201685,reviews,v3,Running,True
1779201685,reviews,v3,Running,True
1779201685,reviews,v3,Running,True
1779201685,reviews,v3,Running,True
1779201685,reviews,v3,Running,True
1779201686,details,v1,Running,True
1779201686,details,v1,Running,True
1779201686,details,v1,Running,True
1779201686,details,v1,Running,True
1779201686,details,v1,Running,True
1779201686,details,v1,Running,True
1779201686,details,v1,Running,True
1779201686,productpage,v1,Running,True
1779201686,productpage,v1,Running,True
1779201686,productpage,v1,Running,True
1779201686,productpage,v1,Running,True
1779201686,productpage,v1,Running,True
1779201686,productpage,v1,Running,True
1779201686,productpage,v1,Running,True
1779201686,productpage,v1,Running,True
1779201686,productpage,v1,Running,True
1779201686,productpage,v1,Running,True
1779201686,productpage,v1,Running,True
1779201686,productpage,v1,Running,True
1779201686,productpage,v1,Running,True
1779201686,productpage,v1,Running,True
1779201686,productpage,v1,Running,True
1779201686,ratings,v1,Running,True
1779201686,reviews,v1,Running,True
1779201686,reviews,v2,Running,True
1779201686,reviews,v2,Running,True
1779201686,reviews,v2,Running,True
1779201686,reviews,v2,Running,True
1779201686,reviews,v2,Running,True
1779201686,reviews,v2,Running,True
1779201686,reviews,v2,Running,True
1779201686,reviews,v2,Running,True
1779201686,reviews,v2,Running,True
1779201686,reviews,v3,Running,True
1779201686,reviews,v3,Running,True
1779201686,reviews,v3,Running,True
1779201686,reviews,v3,Running,True
1779201686,reviews,v3,Running,True
1779201686,reviews,v3,Running,True
1779201687,details,v1,Running,True
1779201687,details,v1,Running,True
1779201687,details,v1,Running,True
1779201687,details,v1,Running,True
1779201687,details,v1,Running,True
1779201687,details,v1,Running,True
1779201687,details,v1,Running,True
1779201687,productpage,v1,Running,True
1779201687,productpage,v1,Running,True
1779201687,productpage,v1,Running,True
1779201687,productpage,v1,Running,True
1779201687,productpage,v1,Running,True
1779201687,productpage,v1,Running,True
1779201687,productpage,v1,Running,True
1779201687,productpage,v1,Running,True
1779201687,productpage,v1,Running,True
1779201687,productpage,v1,Running,True
1779201687,productpage,v1,Running,True
1779201687,productpage,v1,Running,True
1779201687,productpage,v1,Running,True
1779201687,productpage,v1,Running,True
1779201687,productpage,v1,Running,True
1779201687,ratings,v1,Running,True
1779201687,reviews,v1,Running,True
1779201687,reviews,v2,Running,True
1779201687,reviews,v2,Running,True
1779201687,reviews,v2,Running,True
1779201687,reviews,v2,Running,True
1779201687,reviews,v2,Running,True
1779201687,reviews,v2,Running,True
1779201687,reviews,v2,Running,True
1779201687,reviews,v2,Running,True
1779201687,reviews,v2,Running,True
1779201687,reviews,v3,Running,True
1779201687,reviews,v3,Running,True
1779201687,reviews,v3,Running,True
1779201687,reviews,v3,Running,True
1779201687,reviews,v3,Running,True
1779201687,reviews,v3,Running,True
1779201688,details,v1,Running,True
1779201688,details,v1,Running,True
1779201688,details,v1,Running,True
1779201688,details,v1,Running,True
1779201688,details,v1,Running,True
1779201688,details,v1,Running,True
1779201688,details,v1,Running,True
1779201688,productpage,v1,Running,True
1779201688,productpage,v1,Running,True
1779201688,productpage,v1,Running,True
1779201688,productpage,v1,Running,True
1779201688,productpage,v1,Running,True
1779201688,productpage,v1,Running,True
1779201688,productpage,v1,Running,True
1779201688,productpage,v1,Running,True
1779201688,productpage,v1,Running,True
1779201688,productpage,v1,Running,True
1779201688,productpage,v1,Running,True
1779201688,productpage,v1,Running,True
1779201688,productpage,v1,Running,True
1779201688,productpage,v1,Running,True
1779201688,productpage,v1,Running,True
1779201688,ratings,v1,Running,True
1779201688,reviews,v1,Running,True
1779201688,reviews,v2,Running,True
1779201688,reviews,v2,Running,True
1779201688,reviews,v2,Running,True
1779201688,reviews,v2,Running,True
1779201688,reviews,v2,Running,True
1779201688,reviews,v2,Running,True
1779201688,reviews,v2,Running,True
1779201688,reviews,v2,Running,True
1779201688,reviews,v2,Running,True
1779201688,reviews,v3,Running,True
1779201688,reviews,v3,Running,True
1779201688,reviews,v3,Running,True
1779201688,reviews,v3,Running,True
1779201688,reviews,v3,Running,True
1779201688,reviews,v3,Running,True
1779201689,details,v1,Running,True
1779201689,details,v1,Running,True
1779201689,details,v1,Running,True
1779201689,details,v1,Running,True
1779201689,details,v1,Running,True
1779201689,details,v1,Running,True
1779201689,details,v1,Running,True
1779201689,productpage,v1,Running,True
1779201689,productpage,v1,Running,True
1779201689,productpage,v1,Running,True
1779201689,productpage,v1,Running,True
1779201689,productpage,v1,Running,True
1779201689,productpage,v1,Running,True
1779201689,productpage,v1,Running,True
1779201689,productpage,v1,Running,True
1779201689,productpage,v1,Running,True
1779201689,productpage,v1,Running,True
1779201689,productpage,v1,Running,True
1779201689,productpage,v1,Running,True
1779201689,productpage,v1,Running,True
1779201689,productpage,v1,Running,True
1779201689,productpage,v1,Running,True
1779201689,ratings,v1,Running,True
1779201689,reviews,v1,Running,True
1779201689,reviews,v2,Running,True
1779201689,reviews,v2,Running,True
1779201689,reviews,v2,Running,True
1779201689,reviews,v2,Running,True
1779201689,reviews,v2,Running,True
1779201689,reviews,v2,Running,True
1779201689,reviews,v2,Running,True
1779201689,reviews,v2,Running,True
1779201689,reviews,v2,Running,True
1779201689,reviews,v3,Running,True
1779201689,reviews,v3,Running,True
1779201689,reviews,v3,Running,True
1779201689,reviews,v3,Running,True
1779201689,reviews,v3,Running,True
1779201689,reviews,v3,Running,True
1779201690,details,v1,Running,True
1779201690,details,v1,Running,True
1779201690,details,v1,Running,True
1779201690,details,v1,Running,True
1779201690,details,v1,Running,True
1779201690,details,v1,Running,True
1779201690,details,v1,Running,True
1779201690,productpage,v1,Running,True
1779201690,productpage,v1,Running,True
1779201690,productpage,v1,Running,True
1779201690,productpage,v1,Running,True
1779201690,productpage,v1,Running,True
1779201690,productpage,v1,Running,True
1779201690,productpage,v1,Running,True
1779201690,productpage,v1,Running,True
1779201690,productpage,v1,Running,True
1779201690,productpage,v1,Running,True
1779201690,productpage,v1,Running,True
1779201690,productpage,v1,Running,True
1779201690,productpage,v1,Running,True
1779201690,productpage,v1,Running,True
1779201690,productpage,v1,Running,True
1779201690,ratings,v1,Running,True
1779201690,reviews,v1,Running,True
1779201690,reviews,v2,Running,True
1779201690,reviews,v2,Running,True
1779201690,reviews,v2,Running,True
1779201690,reviews,v2,Running,True
1779201690,reviews,v2,Running,True
1779201690,reviews,v2,Running,True
1779201690,reviews,v2,Running,True
1779201690,reviews,v2,Running,True
1779201690,reviews,v2,Running,True
1779201690,reviews,v3,Running,True
1779201690,reviews,v3,Running,True
1779201690,reviews,v3,Running,True
1779201690,reviews,v3,Running,True
1779201690,reviews,v3,Running,True
1779201690,reviews,v3,Running,True
1779201691,details,v1,Running,True
1779201691,details,v1,Running,True
1779201691,details,v1,Running,True
1779201691,details,v1,Running,True
1779201691,details,v1,Running,True
1779201691,details,v1,Running,True
1779201691,details,v1,Running,True
1779201691,productpage,v1,Running,True
1779201691,productpage,v1,Running,True
1779201691,productpage,v1,Running,True
1779201691,productpage,v1,Running,True
1779201691,productpage,v1,Running,True
1779201691,productpage,v1,Running,True
1779201691,productpage,v1,Running,True
1779201691,productpage,v1,Running,True
1779201691,productpage,v1,Running,True
1779201691,productpage,v1,Running,True
1779201691,productpage,v1,Running,True
1779201691,productpage,v1,Running,True
1779201691,productpage,v1,Running,True
1779201691,productpage,v1,Running,True
1779201691,productpage,v1,Running,True
1779201691,ratings,v1,Running,True
1779201691,reviews,v1,Running,True
1779201691,reviews,v2,Running,True
1779201691,reviews,v2,Running,True
1779201691,reviews,v2,Running,True
1779201691,reviews,v2,Running,True
1779201691,reviews,v2,Running,True
1779201691,reviews,v2,Running,True
1779201691,reviews,v2,Running,True
1779201691,reviews,v2,Running,True
1779201691,reviews,v2,Running,True
1779201691,reviews,v3,Running,True
1779201691,reviews,v3,Running,True
1779201691,reviews,v3,Running,True
1779201691,reviews,v3,Running,True
1779201691,reviews,v3,Running,True
1779201691,reviews,v3,Running,True
1779201692,details,v1,Running,True
1779201692,details,v1,Running,True
1779201692,details,v1,Running,True
1779201692,details,v1,Running,True
1779201692,details,v1,Running,True
1779201692,details,v1,Running,True
1779201692,details,v1,Running,True
1779201692,productpage,v1,Running,True
1779201692,productpage,v1,Running,True
1779201692,productpage,v1,Running,True
1779201692,productpage,v1,Running,True
1779201692,productpage,v1,Running,True
1779201692,productpage,v1,Running,True
1779201692,productpage,v1,Running,True
1779201692,productpage,v1,Running,True
1779201692,productpage,v1,Running,True
1779201692,productpage,v1,Running,True
1779201692,productpage,v1,Running,True
1779201692,productpage,v1,Running,True
1779201692,productpage,v1,Running,True
1779201692,productpage,v1,Running,True
1779201692,productpage,v1,Running,True
1779201692,ratings,v1,Running,True
1779201692,reviews,v1,Running,True
1779201692,reviews,v2,Running,True
1779201692,reviews,v2,Running,True
1779201692,reviews,v2,Running,True
1779201692,reviews,v2,Running,True
1779201692,reviews,v2,Running,True
1779201692,reviews,v2,Running,True
1779201692,reviews,v2,Running,True
1779201692,reviews,v2,Running,True
1779201692,reviews,v2,Running,True
1779201692,reviews,v3,Running,True
1779201692,reviews,v3,Running,True
1779201692,reviews,v3,Running,True
1779201692,reviews,v3,Running,True
1779201692,reviews,v3,Running,True
1779201692,reviews,v3,Running,True
1779201693,details,v1,Running,True
1779201693,details,v1,Running,True
1779201693,details,v1,Running,True
1779201693,details,v1,Running,True
1779201693,details,v1,Running,True
1779201693,details,v1,Running,True
1779201693,details,v1,Running,True
1779201693,productpage,v1,Running,True
1779201693,productpage,v1,Running,True
1779201693,productpage,v1,Running,True
1779201693,productpage,v1,Running,True
1779201693,productpage,v1,Running,True
1779201693,productpage,v1,Running,True
1779201693,productpage,v1,Running,True
1779201693,productpage,v1,Running,True
1779201693,productpage,v1,Running,True
1779201693,productpage,v1,Running,True
1779201693,productpage,v1,Running,True
1779201693,productpage,v1,Running,True
1779201693,productpage,v1,Running,True
1779201693,productpage,v1,Running,True
1779201693,productpage,v1,Running,True
1779201693,ratings,v1,Running,True
1779201693,reviews,v1,Running,True
1779201693,reviews,v2,Running,True
1779201693,reviews,v2,Running,True
1779201693,reviews,v2,Running,True
1779201693,reviews,v2,Running,True
1779201693,reviews,v2,Running,True
1779201693,reviews,v2,Running,True
1779201693,reviews,v2,Running,True
1779201693,reviews,v2,Running,True
1779201693,reviews,v2,Running,True
1779201693,reviews,v3,Running,True
1779201693,reviews,v3,Running,True
1779201693,reviews,v3,Running,True
1779201693,reviews,v3,Running,True
1779201693,reviews,v3,Running,True
1779201693,reviews,v3,Running,True
1779201694,details,v1,Running,True
1779201694,details,v1,Running,True
1779201694,details,v1,Running,True
1779201694,details,v1,Running,True
1779201694,details,v1,Running,True
1779201694,details,v1,Running,True
1779201694,details,v1,Running,True
1779201694,productpage,v1,Running,True
1779201694,productpage,v1,Running,True
1779201694,productpage,v1,Running,True
1779201694,productpage,v1,Running,True
1779201694,productpage,v1,Running,True
1779201694,productpage,v1,Running,True
1779201694,productpage,v1,Running,True
1779201694,productpage,v1,Running,True
1779201694,productpage,v1,Running,True
1779201694,productpage,v1,Running,True
1779201694,productpage,v1,Running,True
1779201694,productpage,v1,Running,True
1779201694,productpage,v1,Running,True
1779201694,productpage,v1,Running,True
1779201694,productpage,v1,Running,True
1779201694,ratings,v1,Running,True
1779201694,reviews,v1,Running,True
1779201694,reviews,v2,Running,True
1779201694,reviews,v2,Running,True
1779201694,reviews,v2,Running,True
1779201694,reviews,v2,Running,True
1779201694,reviews,v2,Running,True
1779201694,reviews,v2,Running,True
1779201694,reviews,v2,Running,True
1779201694,reviews,v2,Running,True
1779201694,reviews,v2,Running,True
1779201694,reviews,v3,Running,True
1779201694,reviews,v3,Running,True
1779201694,reviews,v3,Running,True
1779201694,reviews,v3,Running,True
1779201694,reviews,v3,Running,True
1779201694,reviews,v3,Running,True
1779201695,details,v1,Running,True
1779201695,details,v1,Running,True
1779201695,details,v1,Running,True
1779201695,details,v1,Running,True
1779201695,details,v1,Running,True
1779201695,details,v1,Running,True
1779201695,details,v1,Running,True
1779201695,productpage,v1,Running,True
1779201695,productpage,v1,Running,True
1779201695,productpage,v1,Running,True
1779201695,productpage,v1,Running,True
1779201695,productpage,v1,Running,True
1779201695,productpage,v1,Running,True
1779201695,productpage,v1,Running,True
1779201695,productpage,v1,Running,True
1779201695,productpage,v1,Running,True
1779201695,productpage,v1,Running,True
1779201695,productpage,v1,Running,True
1779201695,productpage,v1,Running,True
1779201695,productpage,v1,Running,True
1779201695,productpage,v1,Running,True
1779201695,productpage,v1,Running,True
1779201695,ratings,v1,Running,True
1779201695,reviews,v1,Running,True
1779201695,reviews,v2,Running,True
1779201695,reviews,v2,Running,True
1779201695,reviews,v2,Running,True
1779201695,reviews,v2,Running,True
1779201695,reviews,v2,Running,True
1779201695,reviews,v2,Running,True
1779201695,reviews,v2,Running,True
1779201695,reviews,v2,Running,True
1779201695,reviews,v2,Running,True
1779201695,reviews,v3,Running,True
1779201695,reviews,v3,Running,True
1779201695,reviews,v3,Running,True
1779201695,reviews,v3,Running,True
1779201695,reviews,v3,Running,True
1779201695,reviews,v3,Running,True
1779201696,details,v1,Running,True
1779201696,details,v1,Running,True
1779201696,details,v1,Running,True
1779201696,details,v1,Running,True
1779201696,details,v1,Running,True
1779201696,details,v1,Running,True
1779201696,details,v1,Running,True
1779201696,productpage,v1,Running,True
1779201696,productpage,v1,Running,True
1779201696,productpage,v1,Running,True
1779201696,productpage,v1,Running,True
1779201696,productpage,v1,Running,True
1779201696,productpage,v1,Running,True
1779201696,productpage,v1,Running,True
1779201696,productpage,v1,Running,True
1779201696,productpage,v1,Running,True
1779201696,productpage,v1,Running,True
1779201696,productpage,v1,Running,True
1779201696,productpage,v1,Running,True
1779201696,productpage,v1,Running,True
1779201696,productpage,v1,Running,True
1779201696,productpage,v1,Running,True
1779201696,ratings,v1,Running,True
1779201696,reviews,v1,Running,True
1779201696,reviews,v2,Running,True
1779201696,reviews,v2,Running,True
1779201696,reviews,v2,Running,True
1779201696,reviews,v2,Running,True
1779201696,reviews,v2,Running,True
1779201696,reviews,v2,Running,True
1779201696,reviews,v2,Running,True
1779201696,reviews,v2,Running,True
1779201696,reviews,v2,Running,True
1779201696,reviews,v3,Running,True
1779201696,reviews,v3,Running,True
1779201696,reviews,v3,Running,True
1779201696,reviews,v3,Running,True
1779201696,reviews,v3,Running,True
1779201696,reviews,v3,Running,True
1779201697,details,v1,Running,True
1779201697,details,v1,Running,True
1779201697,details,v1,Running,True
1779201697,details,v1,Running,True
1779201697,details,v1,Running,True
1779201697,details,v1,Running,True
1779201697,details,v1,Running,True
1779201697,productpage,v1,Running,True
1779201697,productpage,v1,Running,True
1779201697,productpage,v1,Running,True
1779201697,productpage,v1,Running,True
1779201697,productpage,v1,Running,True
1779201697,productpage,v1,Running,True
1779201697,productpage,v1,Running,True
1779201697,productpage,v1,Running,True
1779201697,productpage,v1,Running,True
1779201697,productpage,v1,Running,True
1779201697,productpage,v1,Running,True
1779201697,productpage,v1,Running,True
1779201697,productpage,v1,Running,True
1779201697,productpage,v1,Running,True
1779201697,productpage,v1,Running,True
1779201697,ratings,v1,Running,True
1779201697,reviews,v1,Running,True
1779201697,reviews,v2,Running,True
1779201697,reviews,v2,Running,True
1779201697,reviews,v2,Running,True
1779201697,reviews,v2,Running,True
1779201697,reviews,v2,Running,True
1779201697,reviews,v2,Running,True
1779201697,reviews,v2,Running,True
1779201697,reviews,v2,Running,True
1779201697,reviews,v2,Running,True
1779201697,reviews,v3,Running,True
1779201697,reviews,v3,Running,True
1779201697,reviews,v3,Running,True
1779201697,reviews,v3,Running,True
1779201697,reviews,v3,Running,True
1779201697,reviews,v3,Running,True
1779201698,details,v1,Running,True
1779201698,details,v1,Running,True
1779201698,details,v1,Running,True
1779201698,details,v1,Running,True
1779201698,details,v1,Running,True
1779201698,details,v1,Running,True
1779201698,details,v1,Running,True
1779201698,productpage,v1,Running,True
1779201698,productpage,v1,Running,True
1779201698,productpage,v1,Running,True
1779201698,productpage,v1,Running,True
1779201698,productpage,v1,Running,True
1779201698,productpage,v1,Running,True
1779201698,productpage,v1,Running,True
1779201698,productpage,v1,Running,True
1779201698,productpage,v1,Running,True
1779201698,productpage,v1,Running,True
1779201698,productpage,v1,Running,True
1779201698,productpage,v1,Running,True
1779201698,productpage,v1,Running,True
1779201698,productpage,v1,Running,True
1779201698,productpage,v1,Running,True
1779201698,ratings,v1,Running,True
1779201698,reviews,v1,Running,True
1779201698,reviews,v2,Running,True
1779201698,reviews,v2,Running,True
1779201698,reviews,v2,Running,True
1779201698,reviews,v2,Running,True
1779201698,reviews,v2,Running,True
1779201698,reviews,v2,Running,True
1779201698,reviews,v2,Running,True
1779201698,reviews,v2,Running,True
1779201698,reviews,v2,Running,True
1779201698,reviews,v3,Running,True
1779201698,reviews,v3,Running,True
1779201698,reviews,v3,Running,True
1779201698,reviews,v3,Running,True
1779201698,reviews,v3,Running,True
1779201698,reviews,v3,Running,True
1779201699,details,v1,Running,True
1779201699,details,v1,Running,True
1779201699,details,v1,Running,True
1779201699,details,v1,Running,True
1779201699,details,v1,Running,True
1779201699,details,v1,Running,True
1779201699,details,v1,Running,True
1779201699,productpage,v1,Running,True
1779201699,productpage,v1,Running,True
1779201699,productpage,v1,Running,True
1779201699,productpage,v1,Running,True
1779201699,productpage,v1,Running,True
1779201699,productpage,v1,Running,True
1779201699,productpage,v1,Running,True
1779201699,productpage,v1,Running,True
1779201699,productpage,v1,Running,True
1779201699,productpage,v1,Running,True
1779201699,productpage,v1,Running,True
1779201699,productpage,v1,Running,True
1779201699,productpage,v1,Running,True
1779201699,productpage,v1,Running,True
1779201699,productpage,v1,Running,True
1779201699,ratings,v1,Running,True
1779201699,reviews,v1,Running,True
1779201699,reviews,v2,Running,True
1779201699,reviews,v2,Running,True
1779201699,reviews,v2,Running,True
1779201699,reviews,v2,Running,True
1779201699,reviews,v2,Running,True
1779201699,reviews,v2,Running,True
1779201699,reviews,v2,Running,True
1779201699,reviews,v2,Running,True
1779201699,reviews,v2,Running,True
1779201699,reviews,v3,Running,True
1779201699,reviews,v3,Running,True
1779201699,reviews,v3,Running,True
1779201699,reviews,v3,Running,True
1779201699,reviews,v3,Running,True
1779201699,reviews,v3,Running,True
1779201700,details,v1,Running,True
1779201700,details,v1,Running,True
1779201700,details,v1,Running,True
1779201700,details,v1,Running,True
1779201700,details,v1,Running,True
1779201700,details,v1,Running,True
1779201700,details,v1,Running,True
1779201700,productpage,v1,Running,True
1779201700,productpage,v1,Running,True
1779201700,productpage,v1,Running,True
1779201700,productpage,v1,Running,True
1779201700,productpage,v1,Running,True
1779201700,productpage,v1,Running,True
1779201700,productpage,v1,Running,True
1779201700,productpage,v1,Running,True
1779201700,productpage,v1,Running,True
1779201700,productpage,v1,Running,True
1779201700,productpage,v1,Running,True
1779201700,productpage,v1,Running,True
1779201700,productpage,v1,Running,True
1779201700,productpage,v1,Running,True
1779201700,productpage,v1,Running,True
1779201700,ratings,v1,Running,True
1779201700,reviews,v1,Running,True
1779201700,reviews,v2,Running,True
1779201700,reviews,v2,Running,True
1779201700,reviews,v2,Running,True
1779201700,reviews,v2,Running,True
1779201700,reviews,v2,Running,True
1779201700,reviews,v2,Running,True
1779201700,reviews,v2,Running,True
1779201700,reviews,v2,Running,True
1779201700,reviews,v2,Running,True
1779201700,reviews,v3,Running,True
1779201700,reviews,v3,Running,True
1779201700,reviews,v3,Running,True
1779201700,reviews,v3,Running,True
1779201700,reviews,v3,Running,True
1779201700,reviews,v3,Running,True
1779201701,details,v1,Running,True
1779201701,details,v1,Running,True
1779201701,details,v1,Running,True
1779201701,details,v1,Running,True
1779201701,details,v1,Running,True
1779201701,details,v1,Running,True
1779201701,details,v1,Running,True
1779201701,productpage,v1,Running,True
1779201701,productpage,v1,Running,True
1779201701,productpage,v1,Running,True
1779201701,productpage,v1,Running,True
1779201701,productpage,v1,Running,True
1779201701,productpage,v1,Running,True
1779201701,productpage,v1,Running,True
1779201701,productpage,v1,Running,True
1779201701,productpage,v1,Running,True
1779201701,productpage,v1,Running,True
1779201701,productpage,v1,Running,True
1779201701,productpage,v1,Running,True
1779201701,productpage,v1,Running,True
1779201701,productpage,v1,Running,True
1779201701,productpage,v1,Running,True
1779201701,ratings,v1,Running,True
1779201701,reviews,v1,Running,True
1779201701,reviews,v2,Running,True
1779201701,reviews,v2,Running,True
1779201701,reviews,v2,Running,True
1779201701,reviews,v2,Running,True
1779201701,reviews,v2,Running,True
1779201701,reviews,v2,Running,True
1779201701,reviews,v2,Running,True
1779201701,reviews,v2,Running,True
1779201701,reviews,v2,Running,True
1779201701,reviews,v3,Running,True
1779201701,reviews,v3,Running,True
1779201701,reviews,v3,Running,True
1779201701,reviews,v3,Running,True
1779201701,reviews,v3,Running,True
1779201701,reviews,v3,Running,True
1779201702,details,v1,Running,True
1779201702,details,v1,Running,True
1779201702,details,v1,Running,True
1779201702,details,v1,Running,True
1779201702,details,v1,Running,True
1779201702,details,v1,Running,True
1779201702,details,v1,Running,True
1779201702,productpage,v1,Running,True
1779201702,productpage,v1,Running,True
1779201702,productpage,v1,Running,True
1779201702,productpage,v1,Running,True
1779201702,productpage,v1,Running,True
1779201702,productpage,v1,Running,True
1779201702,productpage,v1,Running,True
1779201702,productpage,v1,Running,True
1779201702,productpage,v1,Running,True
1779201702,productpage,v1,Running,True
1779201702,productpage,v1,Running,True
1779201702,productpage,v1,Running,True
1779201702,productpage,v1,Running,True
1779201702,productpage,v1,Running,True
1779201702,productpage,v1,Running,True
1779201702,ratings,v1,Running,True
1779201702,reviews,v1,Running,True
1779201702,reviews,v2,Running,True
1779201702,reviews,v2,Running,True
1779201702,reviews,v2,Running,True
1779201702,reviews,v2,Running,True
1779201702,reviews,v2,Running,True
1779201702,reviews,v2,Running,True
1779201702,reviews,v2,Running,True
1779201702,reviews,v2,Running,True
1779201702,reviews,v2,Running,True
1779201702,reviews,v3,Running,True
1779201702,reviews,v3,Running,True
1779201702,reviews,v3,Running,True
1779201702,reviews,v3,Running,True
1779201702,reviews,v3,Running,True
1779201702,reviews,v3,Running,True
1779201703,details,v1,Running,True
1779201703,details,v1,Running,True
1779201703,details,v1,Running,True
1779201703,details,v1,Running,True
1779201703,details,v1,Running,True
1779201703,details,v1,Running,True
1779201703,details,v1,Running,True
1779201703,productpage,v1,Running,True
1779201703,productpage,v1,Running,True
1779201703,productpage,v1,Running,True
1779201703,productpage,v1,Running,True
1779201703,productpage,v1,Running,True
1779201703,productpage,v1,Running,True
1779201703,productpage,v1,Running,True
1779201703,productpage,v1,Running,True
1779201703,productpage,v1,Running,True
1779201703,productpage,v1,Running,True
1779201703,productpage,v1,Running,True
1779201703,productpage,v1,Running,True
1779201703,productpage,v1,Running,True
1779201703,productpage,v1,Running,True
1779201703,productpage,v1,Running,True
1779201703,ratings,v1,Running,True
1779201703,reviews,v1,Running,True
1779201703,reviews,v2,Running,True
1779201703,reviews,v2,Running,True
1779201703,reviews,v2,Running,True
1779201703,reviews,v2,Running,True
1779201703,reviews,v2,Running,True
1779201703,reviews,v2,Running,True
1779201703,reviews,v2,Running,True
1779201703,reviews,v2,Running,True
1779201703,reviews,v2,Running,True
1779201703,reviews,v3,Running,True
1779201703,reviews,v3,Running,True
1779201703,reviews,v3,Running,True
1779201703,reviews,v3,Running,True
1779201703,reviews,v3,Running,True
1779201703,reviews,v3,Running,True
1779201704,details,v1,Running,True
1779201704,details,v1,Running,True
1779201704,details,v1,Running,True
1779201704,details,v1,Running,True
1779201704,details,v1,Running,True
1779201704,details,v1,Running,True
1779201704,details,v1,Running,True
1779201704,productpage,v1,Running,True
1779201704,productpage,v1,Running,True
1779201704,productpage,v1,Running,True
1779201704,productpage,v1,Running,True
1779201704,productpage,v1,Running,True
1779201704,productpage,v1,Running,True
1779201704,productpage,v1,Running,True
1779201704,productpage,v1,Running,True
1779201704,productpage,v1,Running,True
1779201704,productpage,v1,Running,True
1779201704,productpage,v1,Running,True
1779201704,productpage,v1,Running,True
1779201704,productpage,v1,Running,True
1779201704,productpage,v1,Running,True
1779201704,productpage,v1,Running,True
1779201704,ratings,v1,Running,True
1779201704,reviews,v1,Running,True
1779201704,reviews,v2,Running,True
1779201704,reviews,v2,Running,True
1779201704,reviews,v2,Running,True
1779201704,reviews,v2,Running,True
1779201704,reviews,v2,Running,True
1779201704,reviews,v2,Running,True
1779201704,reviews,v2,Running,True
1779201704,reviews,v2,Running,True
1779201704,reviews,v2,Running,True
1779201704,reviews,v3,Running,True
1779201704,reviews,v3,Running,True
1779201704,reviews,v3,Running,True
1779201704,reviews,v3,Running,True
1779201704,reviews,v3,Running,True
1779201704,reviews,v3,Running,True
1779201705,details,v1,Running,True
1779201705,details,v1,Running,True
1779201705,details,v1,Running,True
1779201705,details,v1,Running,True
1779201705,details,v1,Running,True
1779201705,details,v1,Running,True
1779201705,details,v1,Running,True
1779201705,productpage,v1,Running,True
1779201705,productpage,v1,Running,True
1779201705,productpage,v1,Running,True
1779201705,productpage,v1,Running,True
1779201705,productpage,v1,Running,True
1779201705,productpage,v1,Running,True
1779201705,productpage,v1,Running,True
1779201705,productpage,v1,Running,True
1779201705,productpage,v1,Running,True
1779201705,productpage,v1,Running,True
1779201705,productpage,v1,Running,True
1779201705,productpage,v1,Running,True
1779201705,productpage,v1,Running,True
1779201705,productpage,v1,Running,True
1779201705,productpage,v1,Running,True
1779201705,ratings,v1,Running,True
1779201705,reviews,v1,Running,True
1779201705,reviews,v2,Running,True
1779201705,reviews,v2,Running,True
1779201705,reviews,v2,Running,True
1779201705,reviews,v2,Running,True
1779201705,reviews,v2,Running,True
1779201705,reviews,v2,Running,True
1779201705,reviews,v2,Running,True
1779201705,reviews,v2,Running,True
1779201705,reviews,v2,Running,True
1779201705,reviews,v3,Running,True
1779201705,reviews,v3,Running,True
1779201705,reviews,v3,Running,True
1779201705,reviews,v3,Running,True
1779201705,reviews,v3,Running,True
1779201705,reviews,v3,Running,True
1779201706,details,v1,Running,True
1779201706,details,v1,Running,True
1779201706,details,v1,Running,True
1779201706,details,v1,Running,True
1779201706,details,v1,Running,True
1779201706,details,v1,Running,True
1779201706,details,v1,Running,True
1779201706,productpage,v1,Running,True
1779201706,productpage,v1,Running,True
1779201706,productpage,v1,Running,True
1779201706,productpage,v1,Running,True
1779201706,productpage,v1,Running,True
1779201706,productpage,v1,Running,True
1779201706,productpage,v1,Running,True
1779201706,productpage,v1,Running,True
1779201706,productpage,v1,Running,True
1779201706,productpage,v1,Running,True
1779201706,productpage,v1,Running,True
1779201706,productpage,v1,Running,True
1779201706,productpage,v1,Running,True
1779201706,productpage,v1,Running,True
1779201706,productpage,v1,Running,True
1779201706,ratings,v1,Running,True
1779201706,reviews,v1,Running,True
1779201706,reviews,v2,Running,True
1779201706,reviews,v2,Running,True
1779201706,reviews,v2,Running,True
1779201706,reviews,v2,Running,True
1779201706,reviews,v2,Running,True
1779201706,reviews,v2,Running,True
1779201706,reviews,v2,Running,True
1779201706,reviews,v2,Running,True
1779201706,reviews,v2,Running,True
1779201706,reviews,v3,Running,True
1779201706,reviews,v3,Running,True
1779201706,reviews,v3,Running,True
1779201706,reviews,v3,Running,True
1779201706,reviews,v3,Running,True
1779201706,reviews,v3,Running,True
1779201707,details,v1,Running,True
1779201707,details,v1,Running,True
1779201707,details,v1,Running,True
1779201707,details,v1,Running,True
1779201707,details,v1,Running,True
1779201707,details,v1,Running,True
1779201707,details,v1,Running,True
1779201707,productpage,v1,Running,True
1779201707,productpage,v1,Running,True
1779201707,productpage,v1,Running,True
1779201707,productpage,v1,Running,True
1779201707,productpage,v1,Running,True
1779201707,productpage,v1,Running,True
1779201707,productpage,v1,Running,True
1779201707,productpage,v1,Running,True
1779201707,productpage,v1,Running,True
1779201707,productpage,v1,Running,True
1779201707,productpage,v1,Running,True
1779201707,productpage,v1,Running,True
1779201707,productpage,v1,Running,True
1779201707,productpage,v1,Running,True
1779201707,productpage,v1,Running,True
1779201707,ratings,v1,Running,True
1779201707,reviews,v1,Running,True
1779201707,reviews,v2,Running,True
1779201707,reviews,v2,Running,True
1779201707,reviews,v2,Running,True
1779201707,reviews,v2,Running,True
1779201707,reviews,v2,Running,True
1779201707,reviews,v2,Running,True
1779201707,reviews,v2,Running,True
1779201707,reviews,v2,Running,True
1779201707,reviews,v2,Running,True
1779201707,reviews,v3,Running,True
1779201707,reviews,v3,Running,True
1779201707,reviews,v3,Running,True
1779201707,reviews,v3,Running,True
1779201707,reviews,v3,Running,True
1779201707,reviews,v3,Running,True
1779201708,details,v1,Running,True
1779201708,details,v1,Running,True
1779201708,details,v1,Running,True
1779201708,details,v1,Running,True
1779201708,details,v1,Running,True
1779201708,details,v1,Running,True
1779201708,details,v1,Running,True
1779201708,productpage,v1,Running,True
1779201708,productpage,v1,Running,True
1779201708,productpage,v1,Running,True
1779201708,productpage,v1,Running,True
1779201708,productpage,v1,Running,True
1779201708,productpage,v1,Running,True
1779201708,productpage,v1,Running,True
1779201708,productpage,v1,Running,True
1779201708,productpage,v1,Running,True
1779201708,productpage,v1,Running,True
1779201708,productpage,v1,Running,True
1779201708,productpage,v1,Running,True
1779201708,productpage,v1,Running,True
1779201708,productpage,v1,Running,True
1779201708,productpage,v1,Running,True
1779201708,ratings,v1,Running,True
1779201708,reviews,v1,Running,True
1779201708,reviews,v2,Running,True
1779201708,reviews,v2,Running,True
1779201708,reviews,v2,Running,True
1779201708,reviews,v2,Running,True
1779201708,reviews,v2,Running,True
1779201708,reviews,v2,Running,True
1779201708,reviews,v2,Running,True
1779201708,reviews,v2,Running,True
1779201708,reviews,v2,Running,True
1779201708,reviews,v3,Running,True
1779201708,reviews,v3,Running,True
1779201708,reviews,v3,Running,True
1779201708,reviews,v3,Running,True
1779201708,reviews,v3,Running,True
1779201708,reviews,v3,Running,True
1779201709,details,v1,Running,True
1779201709,details,v1,Running,True
1779201709,details,v1,Running,True
1779201709,details,v1,Running,True
1779201709,details,v1,Running,True
1779201709,details,v1,Running,True
1779201709,details,v1,Running,True
1779201709,productpage,v1,Running,True
1779201709,productpage,v1,Running,True
1779201709,productpage,v1,Running,True
1779201709,productpage,v1,Running,True
1779201709,productpage,v1,Running,True
1779201709,productpage,v1,Running,True
1779201709,productpage,v1,Running,True
1779201709,productpage,v1,Running,True
1779201709,productpage,v1,Running,True
1779201709,productpage,v1,Running,True
1779201709,productpage,v1,Running,True
1779201709,productpage,v1,Running,True
1779201709,productpage,v1,Running,True
1779201709,productpage,v1,Running,True
1779201709,productpage,v1,Running,True
1779201709,ratings,v1,Running,True
1779201709,reviews,v1,Running,True
1779201709,reviews,v2,Running,True
1779201709,reviews,v2,Running,True
1779201709,reviews,v2,Running,True
1779201709,reviews,v2,Running,True
1779201709,reviews,v2,Running,True
1779201709,reviews,v2,Running,True
1779201709,reviews,v2,Running,True
1779201709,reviews,v2,Running,True
1779201709,reviews,v2,Running,True
1779201709,reviews,v3,Running,True
1779201709,reviews,v3,Running,True
1779201709,reviews,v3,Running,True
1779201709,reviews,v3,Running,True
1779201709,reviews,v3,Running,True
1779201709,reviews,v3,Running,True
1779201710,details,v1,Running,True
1779201710,details,v1,Running,True
1779201710,details,v1,Running,True
1779201710,details,v1,Running,True
1779201710,details,v1,Running,True
1779201710,details,v1,Running,True
1779201710,details,v1,Running,True
1779201710,productpage,v1,Running,True
1779201710,productpage,v1,Running,True
1779201710,productpage,v1,Running,True
1779201710,productpage,v1,Running,True
1779201710,productpage,v1,Running,True
1779201710,productpage,v1,Running,True
1779201710,productpage,v1,Running,True
1779201710,productpage,v1,Running,True
1779201710,productpage,v1,Running,True
1779201710,productpage,v1,Running,True
1779201710,productpage,v1,Running,True
1779201710,productpage,v1,Running,True
1779201710,productpage,v1,Running,True
1779201710,productpage,v1,Running,True
1779201710,productpage,v1,Running,True
1779201710,ratings,v1,Running,True
1779201710,reviews,v1,Running,True
1779201710,reviews,v2,Running,True
1779201710,reviews,v2,Running,True
1779201710,reviews,v2,Running,True
1779201710,reviews,v2,Running,True
1779201710,reviews,v2,Running,True
1779201710,reviews,v2,Running,True
1779201710,reviews,v2,Running,True
1779201710,reviews,v2,Running,True
1779201710,reviews,v2,Running,True
1779201710,reviews,v3,Running,True
1779201710,reviews,v3,Running,True
1779201710,reviews,v3,Running,True
1779201710,reviews,v3,Running,True
1779201710,reviews,v3,Running,True
1779201710,reviews,v3,Running,True
1779201711,details,v1,Running,True
1779201711,details,v1,Running,True
1779201711,details,v1,Running,True
1779201711,details,v1,Running,True
1779201711,details,v1,Running,True
1779201711,details,v1,Running,True
1779201711,details,v1,Running,True
1779201711,productpage,v1,Running,True
1779201711,productpage,v1,Running,True
1779201711,productpage,v1,Running,True
1779201711,productpage,v1,Running,True
1779201711,productpage,v1,Running,True
1779201711,productpage,v1,Running,True
1779201711,productpage,v1,Running,True
1779201711,productpage,v1,Running,True
1779201711,productpage,v1,Running,True
1779201711,productpage,v1,Running,True
1779201711,productpage,v1,Running,True
1779201711,productpage,v1,Running,True
1779201711,productpage,v1,Running,True
1779201711,productpage,v1,Running,True
1779201711,productpage,v1,Running,True
1779201711,ratings,v1,Running,True
1779201711,reviews,v1,Running,True
1779201711,reviews,v2,Running,True
1779201711,reviews,v2,Running,True
1779201711,reviews,v2,Running,True
1779201711,reviews,v2,Running,True
1779201711,reviews,v2,Running,True
1779201711,reviews,v2,Running,True
1779201711,reviews,v2,Running,True
1779201711,reviews,v2,Running,True
1779201711,reviews,v2,Running,True
1779201711,reviews,v3,Running,True
1779201711,reviews,v3,Running,True
1779201711,reviews,v3,Running,True
1779201711,reviews,v3,Running,True
1779201711,reviews,v3,Running,True
1779201711,reviews,v3,Running,True
1779201712,details,v1,Running,True
1779201712,details,v1,Running,True
1779201712,details,v1,Running,True
1779201712,details,v1,Running,True
1779201712,details,v1,Running,True
1779201712,details,v1,Running,True
1779201712,details,v1,Running,True
1779201712,productpage,v1,Running,True
1779201712,productpage,v1,Running,True
1779201712,productpage,v1,Running,True
1779201712,productpage,v1,Running,True
1779201712,productpage,v1,Running,True
1779201712,productpage,v1,Running,True
1779201712,productpage,v1,Running,True
1779201712,productpage,v1,Running,True
1779201712,productpage,v1,Running,True
1779201712,productpage,v1,Running,True
1779201712,productpage,v1,Running,True
1779201712,productpage,v1,Running,True
1779201712,productpage,v1,Running,True
1779201712,productpage,v1,Running,True
1779201712,productpage,v1,Running,True
1779201712,ratings,v1,Running,True
1779201712,reviews,v1,Running,True
1779201712,reviews,v2,Running,True
1779201712,reviews,v2,Running,True
1779201712,reviews,v2,Running,True
1779201712,reviews,v2,Running,True
1779201712,reviews,v2,Running,True
1779201712,reviews,v2,Running,True
1779201712,reviews,v2,Running,True
1779201712,reviews,v2,Running,True
1779201712,reviews,v2,Running,True
1779201712,reviews,v3,Running,True
1779201712,reviews,v3,Running,True
1779201712,reviews,v3,Running,True
1779201712,reviews,v3,Running,True
1779201712,reviews,v3,Running,True
1779201712,reviews,v3,Running,True
1779201713,details,v1,Running,True
1779201713,details,v1,Running,True
1779201713,details,v1,Running,True
1779201713,details,v1,Running,True
1779201713,details,v1,Running,True
1779201713,details,v1,Running,True
1779201713,details,v1,Running,True
1779201713,productpage,v1,Running,True
1779201713,productpage,v1,Running,True
1779201713,productpage,v1,Running,True
1779201713,productpage,v1,Running,True
1779201713,productpage,v1,Running,True
1779201713,productpage,v1,Running,True
1779201713,productpage,v1,Running,True
1779201713,productpage,v1,Running,True
1779201713,productpage,v1,Running,True
1779201713,productpage,v1,Running,True
1779201713,productpage,v1,Running,True
1779201713,productpage,v1,Running,True
1779201713,productpage,v1,Running,True
1779201713,productpage,v1,Running,True
1779201713,productpage,v1,Running,True
1779201713,ratings,v1,Running,True
1779201713,reviews,v1,Running,True
1779201713,reviews,v2,Running,True
1779201713,reviews,v2,Running,True
1779201713,reviews,v2,Running,True
1779201713,reviews,v2,Running,True
1779201713,reviews,v2,Running,True
1779201713,reviews,v2,Running,True
1779201713,reviews,v2,Running,True
1779201713,reviews,v2,Running,True
1779201713,reviews,v2,Running,True
1779201713,reviews,v3,Running,True
1779201713,reviews,v3,Running,True
1779201713,reviews,v3,Running,True
1779201713,reviews,v3,Running,True
1779201713,reviews,v3,Running,True
1779201713,reviews,v3,Running,True
1779201714,details,v1,Running,True
1779201714,details,v1,Running,True
1779201714,details,v1,Running,True
1779201714,details,v1,Running,True
1779201714,details,v1,Running,True
1779201714,details,v1,Running,True
1779201714,details,v1,Running,True
1779201714,productpage,v1,Running,True
1779201714,productpage,v1,Running,True
1779201714,productpage,v1,Running,True
1779201714,productpage,v1,Running,True
1779201714,productpage,v1,Running,True
1779201714,productpage,v1,Running,True
1779201714,productpage,v1,Running,True
1779201714,productpage,v1,Running,True
1779201714,productpage,v1,Running,True
1779201714,productpage,v1,Running,True
1779201714,productpage,v1,Running,True
1779201714,productpage,v1,Running,True
1779201714,productpage,v1,Running,True
1779201714,productpage,v1,Running,True
1779201714,productpage,v1,Running,True
1779201714,ratings,v1,Running,True
1779201714,reviews,v1,Running,True
1779201714,reviews,v2,Running,True
1779201714,reviews,v2,Running,True
1779201714,reviews,v2,Running,True
1779201714,reviews,v2,Running,True
1779201714,reviews,v2,Running,True
1779201714,reviews,v2,Running,True
1779201714,reviews,v2,Running,True
1779201714,reviews,v2,Running,True
1779201714,reviews,v2,Running,True
1779201714,reviews,v3,Running,True
1779201714,reviews,v3,Running,True
1779201714,reviews,v3,Running,True
1779201714,reviews,v3,Running,True
1779201714,reviews,v3,Running,True
1779201714,reviews,v3,Running,True
1779201715,details,v1,Running,True
1779201715,details,v1,Running,True
1779201715,details,v1,Running,True
1779201715,details,v1,Running,True
1779201715,details,v1,Running,True
1779201715,details,v1,Running,True
1779201715,details,v1,Running,True
1779201715,productpage,v1,Running,True
1779201715,productpage,v1,Running,True
1779201715,productpage,v1,Running,True
1779201715,productpage,v1,Running,True
1779201715,productpage,v1,Running,True
1779201715,productpage,v1,Running,True
1779201715,productpage,v1,Running,True
1779201715,productpage,v1,Running,True
1779201715,productpage,v1,Running,True
1779201715,productpage,v1,Running,True
1779201715,productpage,v1,Running,True
1779201715,productpage,v1,Running,True
1779201715,productpage,v1,Running,True
1779201715,productpage,v1,Running,True
1779201715,productpage,v1,Running,True
1779201715,ratings,v1,Running,True
1779201715,reviews,v1,Running,True
1779201715,reviews,v2,Running,True
1779201715,reviews,v2,Running,True
1779201715,reviews,v2,Running,True
1779201715,reviews,v2,Running,True
1779201715,reviews,v2,Running,True
1779201715,reviews,v2,Running,True
1779201715,reviews,v2,Running,True
1779201715,reviews,v2,Running,True
1779201715,reviews,v2,Running,True
1779201715,reviews,v3,Running,True
1779201715,reviews,v3,Running,True
1779201715,reviews,v3,Running,True
1779201715,reviews,v3,Running,True
1779201715,reviews,v3,Running,True
1779201715,reviews,v3,Running,True
1779201716,details,v1,Running,True
1779201716,details,v1,Running,True
1779201716,details,v1,Running,True
1779201716,details,v1,Running,True
1779201716,details,v1,Running,True
1779201716,details,v1,Running,True
1779201716,details,v1,Running,True
1779201716,productpage,v1,Running,True
1779201716,productpage,v1,Running,True
1779201716,productpage,v1,Running,True
1779201716,productpage,v1,Running,True
1779201716,productpage,v1,Running,True
1779201716,productpage,v1,Running,True
1779201716,productpage,v1,Running,True
1779201716,productpage,v1,Running,True
1779201716,productpage,v1,Running,True
1779201716,productpage,v1,Running,True
1779201716,productpage,v1,Running,True
1779201716,productpage,v1,Running,True
1779201716,productpage,v1,Running,True
1779201716,productpage,v1,Running,True
1779201716,productpage,v1,Running,True
1779201716,ratings,v1,Running,True
1779201716,reviews,v1,Running,True
1779201716,reviews,v2,Running,True
1779201716,reviews,v2,Running,True
1779201716,reviews,v2,Running,True
1779201716,reviews,v2,Running,True
1779201716,reviews,v2,Running,True
1779201716,reviews,v2,Running,True
1779201716,reviews,v2,Running,True
1779201716,reviews,v2,Running,True
1779201716,reviews,v2,Running,True
1779201716,reviews,v3,Running,True
1779201716,reviews,v3,Running,True
1779201716,reviews,v3,Running,True
1779201716,reviews,v3,Running,True
1779201716,reviews,v3,Running,True
1779201716,reviews,v3,Running,True
1779201717,details,v1,Running,True
1779201717,details,v1,Running,True
1779201717,details,v1,Running,True
1779201717,details,v1,Running,True
1779201717,details,v1,Running,True
1779201717,details,v1,Running,True
1779201717,details,v1,Running,True
1779201717,productpage,v1,Running,True
1779201717,productpage,v1,Running,True
1779201717,productpage,v1,Running,True
1779201717,productpage,v1,Running,True
1779201717,productpage,v1,Running,True
1779201717,productpage,v1,Running,True
1779201717,productpage,v1,Running,True
1779201717,productpage,v1,Running,True
1779201717,productpage,v1,Running,True
1779201717,productpage,v1,Running,True
1779201717,productpage,v1,Running,True
1779201717,productpage,v1,Running,True
1779201717,productpage,v1,Running,True
1779201717,productpage,v1,Running,True
1779201717,productpage,v1,Running,True
1779201717,ratings,v1,Running,True
1779201717,reviews,v1,Running,True
1779201717,reviews,v2,Running,True
1779201717,reviews,v2,Running,True
1779201717,reviews,v2,Running,True
1779201717,reviews,v2,Running,True
1779201717,reviews,v2,Running,True
1779201717,reviews,v2,Running,True
1779201717,reviews,v2,Running,True
1779201717,reviews,v2,Running,True
1779201717,reviews,v2,Running,True
1779201717,reviews,v3,Running,True
1779201717,reviews,v3,Running,True
1779201717,reviews,v3,Running,True
1779201717,reviews,v3,Running,True
1779201717,reviews,v3,Running,True
1779201717,reviews,v3,Running,True
1779201718,details,v1,Running,True
1779201718,details,v1,Running,True
1779201718,details,v1,Running,True
1779201718,details,v1,Running,True
1779201718,details,v1,Running,True
1779201718,details,v1,Running,True
1779201718,details,v1,Running,True
1779201718,productpage,v1,Running,True
1779201718,productpage,v1,Running,True
1779201718,productpage,v1,Running,True
1779201718,productpage,v1,Running,True
1779201718,productpage,v1,Running,True
1779201718,productpage,v1,Running,True
1779201718,productpage,v1,Running,True
1779201718,productpage,v1,Running,True
1779201718,productpage,v1,Running,True
1779201718,productpage,v1,Running,True
1779201718,productpage,v1,Running,True
1779201718,productpage,v1,Running,True
1779201718,productpage,v1,Running,True
1779201718,productpage,v1,Running,True
1779201718,productpage,v1,Running,True
1779201718,ratings,v1,Running,True
1779201718,reviews,v1,Running,True
1779201718,reviews,v2,Running,True
1779201718,reviews,v2,Running,True
1779201718,reviews,v2,Running,True
1779201718,reviews,v2,Running,True
1779201718,reviews,v2,Running,True
1779201718,reviews,v2,Running,True
1779201718,reviews,v2,Running,True
1779201718,reviews,v2,Running,True
1779201718,reviews,v2,Running,True
1779201718,reviews,v3,Running,True
1779201718,reviews,v3,Running,True
1779201718,reviews,v3,Running,True
1779201718,reviews,v3,Running,True
1779201718,reviews,v3,Running,True
1779201718,reviews,v3,Running,True
1779201719,details,v1,Running,True
1779201719,details,v1,Running,True
1779201719,details,v1,Running,True
1779201719,details,v1,Running,True
1779201719,details,v1,Running,True
1779201719,details,v1,Running,True
1779201719,details,v1,Running,True
1779201719,productpage,v1,Running,True
1779201719,productpage,v1,Running,True
1779201719,productpage,v1,Running,True
1779201719,productpage,v1,Running,True
1779201719,productpage,v1,Running,True
1779201719,productpage,v1,Running,True
1779201719,productpage,v1,Running,True
1779201719,productpage,v1,Running,True
1779201719,productpage,v1,Running,True
1779201719,productpage,v1,Running,True
1779201719,productpage,v1,Running,True
1779201719,productpage,v1,Running,True
1779201719,productpage,v1,Running,True
1779201719,productpage,v1,Running,True
1779201719,productpage,v1,Running,True
1779201719,ratings,v1,Running,True
1779201719,reviews,v1,Running,True
1779201719,reviews,v2,Running,True
1779201719,reviews,v2,Running,True
1779201719,reviews,v2,Running,True
1779201719,reviews,v2,Running,True
1779201719,reviews,v2,Running,True
1779201719,reviews,v2,Running,True
1779201719,reviews,v2,Running,True
1779201719,reviews,v2,Running,True
1779201719,reviews,v2,Running,True
1779201719,reviews,v3,Running,True
1779201719,reviews,v3,Running,True
1779201719,reviews,v3,Running,True
1779201719,reviews,v3,Running,True
1779201719,reviews,v3,Running,True
1779201719,reviews,v3,Running,True
1779201720,details,v1,Running,True
1779201720,details,v1,Running,True
1779201720,details,v1,Running,True
1779201720,details,v1,Running,True
1779201720,details,v1,Running,True
1779201720,details,v1,Running,True
1779201720,details,v1,Running,True
1779201720,productpage,v1,Running,True
1779201720,productpage,v1,Running,True
1779201720,productpage,v1,Running,True
1779201720,productpage,v1,Running,True
1779201720,productpage,v1,Running,True
1779201720,productpage,v1,Running,True
1779201720,productpage,v1,Running,True
1779201720,productpage,v1,Running,True
1779201720,productpage,v1,Running,True
1779201720,productpage,v1,Running,True
1779201720,productpage,v1,Running,True
1779201720,productpage,v1,Running,True
1779201720,productpage,v1,Running,True
1779201720,productpage,v1,Running,True
1779201720,productpage,v1,Running,True
1779201720,ratings,v1,Running,True
1779201720,reviews,v1,Running,True
1779201720,reviews,v2,Running,True
1779201720,reviews,v2,Running,True
1779201720,reviews,v2,Running,True
1779201720,reviews,v2,Running,True
1779201720,reviews,v2,Running,True
1779201720,reviews,v2,Running,True
1779201720,reviews,v2,Running,True
1779201720,reviews,v2,Running,True
1779201720,reviews,v2,Running,True
1779201720,reviews,v3,Running,True
1779201720,reviews,v3,Running,True
1779201720,reviews,v3,Running,True
1779201720,reviews,v3,Running,True
1779201720,reviews,v3,Running,True
1779201720,reviews,v3,Running,True
1779201721,details,v1,Running,True
1779201721,details,v1,Running,True
1779201721,details,v1,Running,True
1779201721,details,v1,Running,True
1779201721,details,v1,Running,True
1779201721,details,v1,Running,True
1779201721,details,v1,Running,True
1779201721,productpage,v1,Running,True
1779201721,productpage,v1,Running,True
1779201721,productpage,v1,Running,True
1779201721,productpage,v1,Running,True
1779201721,productpage,v1,Running,True
1779201721,productpage,v1,Running,True
1779201721,productpage,v1,Running,True
1779201721,productpage,v1,Running,True
1779201721,productpage,v1,Running,True
1779201721,productpage,v1,Running,True
1779201721,productpage,v1,Running,True
1779201721,productpage,v1,Running,True
1779201721,productpage,v1,Running,True
1779201721,productpage,v1,Running,True
1779201721,productpage,v1,Running,True
1779201721,ratings,v1,Running,True
1779201721,reviews,v1,Running,True
1779201721,reviews,v2,Running,True
1779201721,reviews,v2,Running,True
1779201721,reviews,v2,Running,True
1779201721,reviews,v2,Running,True
1779201721,reviews,v2,Running,True
1779201721,reviews,v2,Running,True
1779201721,reviews,v2,Running,True
1779201721,reviews,v2,Running,True
1779201721,reviews,v2,Running,True
1779201721,reviews,v3,Running,True
1779201721,reviews,v3,Running,True
1779201721,reviews,v3,Running,True
1779201721,reviews,v3,Running,True
1779201721,reviews,v3,Running,True
1779201721,reviews,v3,Running,True
1779201722,details,v1,Running,True
1779201722,details,v1,Running,True
1779201722,details,v1,Running,True
1779201722,details,v1,Running,True
1779201722,details,v1,Running,True
1779201722,details,v1,Running,True
1779201722,details,v1,Running,True
1779201722,productpage,v1,Running,True
1779201722,productpage,v1,Running,True
1779201722,productpage,v1,Running,True
1779201722,productpage,v1,Running,True
1779201722,productpage,v1,Running,True
1779201722,productpage,v1,Running,True
1779201722,productpage,v1,Running,True
1779201722,productpage,v1,Running,True
1779201722,productpage,v1,Running,True
1779201722,productpage,v1,Running,True
1779201722,productpage,v1,Running,True
1779201722,productpage,v1,Running,True
1779201722,productpage,v1,Running,True
1779201722,productpage,v1,Running,True
1779201722,productpage,v1,Running,True
1779201722,ratings,v1,Running,True
1779201722,reviews,v1,Running,True
1779201722,reviews,v2,Running,True
1779201722,reviews,v2,Running,True
1779201722,reviews,v2,Running,True
1779201722,reviews,v2,Running,True
1779201722,reviews,v2,Running,True
1779201722,reviews,v2,Running,True
1779201722,reviews,v2,Running,True
1779201722,reviews,v2,Running,True
1779201722,reviews,v2,Running,True
1779201722,reviews,v3,Running,True
1779201722,reviews,v3,Running,True
1779201722,reviews,v3,Running,True
1779201722,reviews,v3,Running,True
1779201722,reviews,v3,Running,True
1779201722,reviews,v3,Running,True
1779201723,details,v1,Running,True
1779201723,details,v1,Running,True
1779201723,details,v1,Running,True
1779201723,details,v1,Running,True
1779201723,details,v1,Running,True
1779201723,details,v1,Running,True
1779201723,details,v1,Running,True
1779201723,productpage,v1,Running,True
1779201723,productpage,v1,Running,True
1779201723,productpage,v1,Running,True
1779201723,productpage,v1,Running,True
1779201723,productpage,v1,Running,True
1779201723,productpage,v1,Running,True
1779201723,productpage,v1,Running,True
1779201723,productpage,v1,Running,True
1779201723,productpage,v1,Running,True
1779201723,productpage,v1,Running,True
1779201723,productpage,v1,Running,True
1779201723,productpage,v1,Running,True
1779201723,productpage,v1,Running,True
1779201723,productpage,v1,Running,True
1779201723,productpage,v1,Running,True
1779201723,ratings,v1,Running,True
1779201723,reviews,v1,Running,True
1779201723,reviews,v2,Running,True
1779201723,reviews,v2,Running,True
1779201723,reviews,v2,Running,True
1779201723,reviews,v2,Running,True
1779201723,reviews,v2,Running,True
1779201723,reviews,v2,Running,True
1779201723,reviews,v2,Running,True
1779201723,reviews,v2,Running,True
1779201723,reviews,v2,Running,True
1779201723,reviews,v3,Running,True
1779201723,reviews,v3,Running,True
1779201723,reviews,v3,Running,True
1779201723,reviews,v3,Running,True
1779201723,reviews,v3,Running,True
1779201723,reviews,v3,Running,True
1779201724,details,v1,Running,True
1779201724,details,v1,Running,True
1779201724,details,v1,Running,True
1779201724,details,v1,Running,True
1779201724,details,v1,Running,True
1779201724,details,v1,Running,True
1779201724,details,v1,Running,True
1779201724,productpage,v1,Running,True
1779201724,productpage,v1,Running,True
1779201724,productpage,v1,Running,True
1779201724,productpage,v1,Running,True
1779201724,productpage,v1,Running,True
1779201724,productpage,v1,Running,True
1779201724,productpage,v1,Running,True
1779201724,productpage,v1,Running,True
1779201724,productpage,v1,Running,True
1779201724,productpage,v1,Running,True
1779201724,productpage,v1,Running,True
1779201724,productpage,v1,Running,True
1779201724,productpage,v1,Running,True
1779201724,productpage,v1,Running,True
1779201724,productpage,v1,Running,True
1779201724,ratings,v1,Running,True
1779201724,reviews,v1,Running,True
1779201724,reviews,v2,Running,True
1779201724,reviews,v2,Running,True
1779201724,reviews,v2,Running,True
1779201724,reviews,v2,Running,True
1779201724,reviews,v2,Running,True
1779201724,reviews,v2,Running,True
1779201724,reviews,v2,Running,True
1779201724,reviews,v2,Running,True
1779201724,reviews,v2,Running,True
1779201724,reviews,v3,Running,True
1779201724,reviews,v3,Running,True
1779201724,reviews,v3,Running,True
1779201724,reviews,v3,Running,True
1779201724,reviews,v3,Running,True
1779201724,reviews,v3,Running,True
1779201725,details,v1,Running,True
1779201725,details,v1,Running,True
1779201725,details,v1,Running,True
1779201725,details,v1,Running,True
1779201725,details,v1,Running,True
1779201725,details,v1,Running,True
1779201725,details,v1,Running,True
1779201725,productpage,v1,Running,True
1779201725,productpage,v1,Running,True
1779201725,productpage,v1,Running,True
1779201725,productpage,v1,Running,True
1779201725,productpage,v1,Running,True
1779201725,productpage,v1,Running,True
1779201725,productpage,v1,Running,True
1779201725,productpage,v1,Running,True
1779201725,productpage,v1,Running,True
1779201725,productpage,v1,Running,True
1779201725,productpage,v1,Running,True
1779201725,productpage,v1,Running,True
1779201725,productpage,v1,Running,True
1779201725,productpage,v1,Running,True
1779201725,productpage,v1,Running,True
1779201725,ratings,v1,Running,True
1779201725,reviews,v1,Running,True
1779201725,reviews,v2,Running,True
1779201725,reviews,v2,Running,True
1779201725,reviews,v2,Running,True
1779201725,reviews,v2,Running,True
1779201725,reviews,v2,Running,True
1779201725,reviews,v2,Running,True
1779201725,reviews,v2,Running,True
1779201725,reviews,v2,Running,True
1779201725,reviews,v2,Running,True
1779201725,reviews,v3,Running,True
1779201725,reviews,v3,Running,True
1779201725,reviews,v3,Running,True
1779201725,reviews,v3,Running,True
1779201725,reviews,v3,Running,True
1779201725,reviews,v3,Running,True
1779201726,details,v1,Running,True
1779201726,details,v1,Running,True
1779201726,details,v1,Running,True
1779201726,details,v1,Running,True
1779201726,details,v1,Running,True
1779201726,details,v1,Running,True
1779201726,details,v1,Running,True
1779201726,productpage,v1,Running,True
1779201726,productpage,v1,Running,True
1779201726,productpage,v1,Running,True
1779201726,productpage,v1,Running,True
1779201726,productpage,v1,Running,True
1779201726,productpage,v1,Running,True
1779201726,productpage,v1,Running,True
1779201726,productpage,v1,Running,True
1779201726,productpage,v1,Running,True
1779201726,productpage,v1,Running,True
1779201726,productpage,v1,Running,True
1779201726,productpage,v1,Running,True
1779201726,productpage,v1,Running,True
1779201726,productpage,v1,Running,True
1779201726,productpage,v1,Running,True
1779201726,ratings,v1,Running,True
1779201726,reviews,v1,Running,True
1779201726,reviews,v2,Running,True
1779201726,reviews,v2,Running,True
1779201726,reviews,v2,Running,True
1779201726,reviews,v2,Running,True
1779201726,reviews,v2,Running,True
1779201726,reviews,v2,Running,True
1779201726,reviews,v2,Running,True
1779201726,reviews,v2,Running,True
1779201726,reviews,v2,Running,True
1779201726,reviews,v3,Running,True
1779201726,reviews,v3,Running,True
1779201726,reviews,v3,Running,True
1779201726,reviews,v3,Running,True
1779201726,reviews,v3,Running,True
1779201726,reviews,v3,Running,True
1779201727,details,v1,Running,True
1779201727,details,v1,Running,True
1779201727,details,v1,Running,True
1779201727,details,v1,Running,True
1779201727,details,v1,Running,True
1779201727,details,v1,Running,True
1779201727,details,v1,Running,True
1779201727,productpage,v1,Running,True
1779201727,productpage,v1,Running,True
1779201727,productpage,v1,Running,True
1779201727,productpage,v1,Running,True
1779201727,productpage,v1,Running,True
1779201727,productpage,v1,Running,True
1779201727,productpage,v1,Running,True
1779201727,productpage,v1,Running,True
1779201727,productpage,v1,Running,True
1779201727,productpage,v1,Running,True
1779201727,productpage,v1,Running,True
1779201727,productpage,v1,Running,True
1779201727,productpage,v1,Running,True
1779201727,productpage,v1,Running,True
1779201727,productpage,v1,Running,True
1779201727,ratings,v1,Running,True
1779201727,reviews,v1,Running,True
1779201727,reviews,v2,Running,True
1779201727,reviews,v2,Running,True
1779201727,reviews,v2,Running,True
1779201727,reviews,v2,Running,True
1779201727,reviews,v2,Running,True
1779201727,reviews,v2,Running,True
1779201727,reviews,v2,Running,True
1779201727,reviews,v2,Running,True
1779201727,reviews,v2,Running,True
1779201727,reviews,v3,Running,True
1779201727,reviews,v3,Running,True
1779201727,reviews,v3,Running,True
1779201727,reviews,v3,Running,True
1779201727,reviews,v3,Running,True
1779201727,reviews,v3,Running,True
1779201728,details,v1,Running,True
1779201728,details,v1,Running,True
1779201728,details,v1,Running,True
1779201728,details,v1,Running,True
1779201728,details,v1,Running,True
1779201728,details,v1,Running,True
1779201728,details,v1,Running,True
1779201728,productpage,v1,Running,True
1779201728,productpage,v1,Running,True
1779201728,productpage,v1,Running,True
1779201728,productpage,v1,Running,True
1779201728,productpage,v1,Running,True
1779201728,productpage,v1,Running,True
1779201728,productpage,v1,Running,True
1779201728,productpage,v1,Running,True
1779201728,productpage,v1,Running,True
1779201728,productpage,v1,Running,True
1779201728,productpage,v1,Running,True
1779201728,productpage,v1,Running,True
1779201728,productpage,v1,Running,True
1779201728,productpage,v1,Running,True
1779201728,productpage,v1,Running,True
1779201728,ratings,v1,Running,True
1779201728,reviews,v1,Running,True
1779201728,reviews,v2,Running,True
1779201728,reviews,v2,Running,True
1779201728,reviews,v2,Running,True
1779201728,reviews,v2,Running,True
1779201728,reviews,v2,Running,True
1779201728,reviews,v2,Running,True
1779201728,reviews,v2,Running,True
1779201728,reviews,v2,Running,True
1779201728,reviews,v2,Running,True
1779201728,reviews,v3,Running,True
1779201728,reviews,v3,Running,True
1779201728,reviews,v3,Running,True
1779201728,reviews,v3,Running,True
1779201728,reviews,v3,Running,True
1779201728,reviews,v3,Running,True
1779201729,details,v1,Running,True
1779201729,details,v1,Running,True
1779201729,details,v1,Running,True
1779201729,details,v1,Running,True
1779201729,details,v1,Running,True
1779201729,details,v1,Running,True
1779201729,details,v1,Running,True
1779201729,productpage,v1,Running,True
1779201729,productpage,v1,Running,True
1779201729,productpage,v1,Running,True
1779201729,productpage,v1,Running,True
1779201729,productpage,v1,Running,True
1779201729,productpage,v1,Running,True
1779201729,productpage,v1,Running,True
1779201729,productpage,v1,Running,True
1779201729,productpage,v1,Running,True
1779201729,productpage,v1,Running,True
1779201729,productpage,v1,Running,True
1779201729,productpage,v1,Running,True
1779201729,productpage,v1,Running,True
1779201729,productpage,v1,Running,True
1779201729,productpage,v1,Running,True
1779201729,ratings,v1,Running,True
1779201729,reviews,v1,Running,True
1779201729,reviews,v2,Running,True
1779201729,reviews,v2,Running,True
1779201729,reviews,v2,Running,True
1779201729,reviews,v2,Running,True
1779201729,reviews,v2,Running,True
1779201729,reviews,v2,Running,True
1779201729,reviews,v2,Running,True
1779201729,reviews,v2,Running,True
1779201729,reviews,v2,Running,True
1779201729,reviews,v3,Running,True
1779201729,reviews,v3,Running,True
1779201729,reviews,v3,Running,True
1779201729,reviews,v3,Running,True
1779201729,reviews,v3,Running,True
1779201729,reviews,v3,Running,True
1779201730,details,v1,Running,True
1779201730,details,v1,Running,True
1779201730,details,v1,Running,True
1779201730,details,v1,Running,True
1779201730,details,v1,Running,True
1779201730,details,v1,Running,True
1779201730,details,v1,Running,True
1779201730,productpage,v1,Running,True
1779201730,productpage,v1,Running,True
1779201730,productpage,v1,Running,True
1779201730,productpage,v1,Running,True
1779201730,productpage,v1,Running,True
1779201730,productpage,v1,Running,True
1779201730,productpage,v1,Running,True
1779201730,productpage,v1,Running,True
1779201730,productpage,v1,Running,True
1779201730,productpage,v1,Running,True
1779201730,productpage,v1,Running,True
1779201730,productpage,v1,Running,True
1779201730,productpage,v1,Running,True
1779201730,productpage,v1,Running,True
1779201730,productpage,v1,Running,True
1779201730,ratings,v1,Running,True
1779201730,reviews,v1,Running,True
1779201730,reviews,v2,Running,True
1779201730,reviews,v2,Running,True
1779201730,reviews,v2,Running,True
1779201730,reviews,v2,Running,True
1779201730,reviews,v2,Running,True
1779201730,reviews,v2,Running,True
1779201730,reviews,v2,Running,True
1779201730,reviews,v2,Running,True
1779201730,reviews,v2,Running,True
1779201730,reviews,v3,Running,True
1779201730,reviews,v3,Running,True
1779201730,reviews,v3,Running,True
1779201730,reviews,v3,Running,True
1779201730,reviews,v3,Running,True
1779201730,reviews,v3,Running,True
1779201731,details,v1,Running,True
1779201731,details,v1,Running,True
1779201731,details,v1,Running,True
1779201731,details,v1,Running,True
1779201731,details,v1,Running,True
1779201731,details,v1,Running,True
1779201731,details,v1,Running,True
1779201731,productpage,v1,Running,True
1779201731,productpage,v1,Running,True
1779201731,productpage,v1,Running,True
1779201731,productpage,v1,Running,True
1779201731,productpage,v1,Running,True
1779201731,productpage,v1,Running,True
1779201731,productpage,v1,Running,True
1779201731,productpage,v1,Running,True
1779201731,productpage,v1,Running,True
1779201731,productpage,v1,Running,True
1779201731,productpage,v1,Running,True
1779201731,productpage,v1,Running,True
1779201731,productpage,v1,Running,True
1779201731,productpage,v1,Running,True
1779201731,productpage,v1,Running,True
1779201731,ratings,v1,Running,True
1779201731,reviews,v1,Running,True
1779201731,reviews,v2,Running,True
1779201731,reviews,v2,Running,True
1779201731,reviews,v2,Running,True
1779201731,reviews,v2,Running,True
1779201731,reviews,v2,Running,True
1779201731,reviews,v2,Running,True
1779201731,reviews,v2,Running,True
1779201731,reviews,v2,Running,True
1779201731,reviews,v2,Running,True
1779201731,reviews,v3,Running,True
1779201731,reviews,v3,Running,True
1779201731,reviews,v3,Running,True
1779201731,reviews,v3,Running,True
1779201731,reviews,v3,Running,True
1779201731,reviews,v3,Running,True
1779201732,details,v1,Running,True
1779201732,details,v1,Running,True
1779201732,details,v1,Running,True
1779201732,details,v1,Running,True
1779201732,details,v1,Running,True
1779201732,details,v1,Running,True
1779201732,details,v1,Running,True
1779201732,productpage,v1,Running,True
1779201732,productpage,v1,Running,True
1779201732,productpage,v1,Running,True
1779201732,productpage,v1,Running,True
1779201732,productpage,v1,Running,True
1779201732,productpage,v1,Running,True
1779201732,productpage,v1,Running,True
1779201732,productpage,v1,Running,True
1779201732,productpage,v1,Running,True
1779201732,productpage,v1,Running,True
1779201732,productpage,v1,Running,True
1779201732,productpage,v1,Running,True
1779201732,productpage,v1,Running,True
1779201732,productpage,v1,Running,True
1779201732,productpage,v1,Running,True
1779201732,ratings,v1,Running,True
1779201732,reviews,v1,Running,True
1779201732,reviews,v2,Running,True
1779201732,reviews,v2,Running,True
1779201732,reviews,v2,Running,True
1779201732,reviews,v2,Running,True
1779201732,reviews,v2,Running,True
1779201732,reviews,v2,Running,True
1779201732,reviews,v2,Running,True
1779201732,reviews,v2,Running,True
1779201732,reviews,v2,Running,True
1779201732,reviews,v3,Running,True
1779201732,reviews,v3,Running,True
1779201732,reviews,v3,Running,True
1779201732,reviews,v3,Running,True
1779201732,reviews,v3,Running,True
1779201732,reviews,v3,Running,True
1779201733,details,v1,Running,True
1779201733,details,v1,Running,True
1779201733,details,v1,Running,True
1779201733,details,v1,Running,True
1779201733,details,v1,Running,True
1779201733,details,v1,Running,True
1779201733,details,v1,Running,True
1779201733,productpage,v1,Running,True
1779201733,productpage,v1,Running,True
1779201733,productpage,v1,Running,True
1779201733,productpage,v1,Running,True
1779201733,productpage,v1,Running,True
1779201733,productpage,v1,Running,True
1779201733,productpage,v1,Running,True
1779201733,productpage,v1,Running,True
1779201733,productpage,v1,Running,True
1779201733,productpage,v1,Running,True
1779201733,productpage,v1,Running,True
1779201733,productpage,v1,Running,True
1779201733,productpage,v1,Running,True
1779201733,productpage,v1,Running,True
1779201733,productpage,v1,Running,True
1779201733,ratings,v1,Running,True
1779201733,reviews,v1,Running,True
1779201733,reviews,v2,Running,True
1779201733,reviews,v2,Running,True
1779201733,reviews,v2,Running,True
1779201733,reviews,v2,Running,True
1779201733,reviews,v2,Running,True
1779201733,reviews,v2,Running,True
1779201733,reviews,v2,Running,True
1779201733,reviews,v2,Running,True
1779201733,reviews,v2,Running,True
1779201733,reviews,v3,Running,True
1779201733,reviews,v3,Running,True
1779201733,reviews,v3,Running,True
1779201733,reviews,v3,Running,True
1779201733,reviews,v3,Running,True
1779201733,reviews,v3,Running,True
1779201734,details,v1,Running,True
1779201734,details,v1,Running,True
1779201734,details,v1,Running,True
1779201734,details,v1,Running,True
1779201734,details,v1,Running,True
1779201734,details,v1,Running,True
1779201734,details,v1,Running,True
1779201734,productpage,v1,Running,True
1779201734,productpage,v1,Running,True
1779201734,productpage,v1,Running,True
1779201734,productpage,v1,Running,True
1779201734,productpage,v1,Running,True
1779201734,productpage,v1,Running,True
1779201734,productpage,v1,Running,True
1779201734,productpage,v1,Running,True
1779201734,productpage,v1,Running,True
1779201734,productpage,v1,Running,True
1779201734,productpage,v1,Running,True
1779201734,productpage,v1,Running,True
1779201734,productpage,v1,Running,True
1779201734,productpage,v1,Running,True
1779201734,productpage,v1,Running,True
1779201734,ratings,v1,Running,True
1779201734,reviews,v1,Running,True
1779201734,reviews,v2,Running,True
1779201734,reviews,v2,Running,True
1779201734,reviews,v2,Running,True
1779201734,reviews,v2,Running,True
1779201734,reviews,v2,Running,True
1779201734,reviews,v2,Running,True
1779201734,reviews,v2,Running,True
1779201734,reviews,v2,Running,True
1779201734,reviews,v2,Running,True
1779201734,reviews,v3,Running,True
1779201734,reviews,v3,Running,True
1779201734,reviews,v3,Running,True
1779201734,reviews,v3,Running,True
1779201734,reviews,v3,Running,True
1779201734,reviews,v3,Running,True
1779201735,details,v1,Running,True
1779201735,details,v1,Running,True
1779201735,details,v1,Running,True
1779201735,details,v1,Running,True
1779201735,details,v1,Running,True
1779201735,details,v1,Running,True
1779201735,details,v1,Running,True
1779201735,productpage,v1,Running,True
1779201735,productpage,v1,Running,True
1779201735,productpage,v1,Running,True
1779201735,productpage,v1,Running,True
1779201735,productpage,v1,Running,True
1779201735,productpage,v1,Running,True
1779201735,productpage,v1,Running,True
1779201735,productpage,v1,Running,True
1779201735,productpage,v1,Running,True
1779201735,productpage,v1,Running,True
1779201735,productpage,v1,Running,True
1779201735,productpage,v1,Running,True
1779201735,productpage,v1,Running,True
1779201735,productpage,v1,Running,True
1779201735,productpage,v1,Running,True
1779201735,ratings,v1,Running,True
1779201735,reviews,v1,Running,True
1779201735,reviews,v2,Running,True
1779201735,reviews,v2,Running,True
1779201735,reviews,v2,Running,True
1779201735,reviews,v2,Running,True
1779201735,reviews,v2,Running,True
1779201735,reviews,v2,Running,True
1779201735,reviews,v2,Running,True
1779201735,reviews,v2,Running,True
1779201735,reviews,v2,Running,True
1779201735,reviews,v3,Running,True
1779201735,reviews,v3,Running,True
1779201735,reviews,v3,Running,True
1779201735,reviews,v3,Running,True
1779201735,reviews,v3,Running,True
1779201735,reviews,v3,Running,True
1779201736,details,v1,Running,True
1779201736,details,v1,Running,True
1779201736,details,v1,Running,True
1779201736,details,v1,Running,True
1779201736,details,v1,Running,True
1779201736,details,v1,Running,True
1779201736,details,v1,Running,True
1779201736,productpage,v1,Running,True
1779201736,productpage,v1,Running,True
1779201736,productpage,v1,Running,True
1779201736,productpage,v1,Running,True
1779201736,productpage,v1,Running,True
1779201736,productpage,v1,Running,True
1779201736,productpage,v1,Running,True
1779201736,productpage,v1,Running,True
1779201736,productpage,v1,Running,True
1779201736,productpage,v1,Running,True
1779201736,productpage,v1,Running,True
1779201736,productpage,v1,Running,True
1779201736,productpage,v1,Running,True
1779201736,productpage,v1,Running,True
1779201736,productpage,v1,Running,True
1779201736,ratings,v1,Running,True
1779201736,reviews,v1,Running,True
1779201736,reviews,v2,Running,True
1779201736,reviews,v2,Running,True
1779201736,reviews,v2,Running,True
1779201736,reviews,v2,Running,True
1779201736,reviews,v2,Running,True
1779201736,reviews,v2,Running,True
1779201736,reviews,v2,Running,True
1779201736,reviews,v2,Running,True
1779201736,reviews,v2,Running,True
1779201736,reviews,v3,Running,True
1779201736,reviews,v3,Running,True
1779201736,reviews,v3,Running,True
1779201736,reviews,v3,Running,True
1779201736,reviews,v3,Running,True
1779201736,reviews,v3,Running,True
1779201737,details,v1,Running,True
1779201737,details,v1,Running,True
1779201737,details,v1,Running,True
1779201737,details,v1,Running,True
1779201737,details,v1,Running,True
1779201737,details,v1,Running,True
1779201737,details,v1,Running,True
1779201737,productpage,v1,Running,True
1779201737,productpage,v1,Running,True
1779201737,productpage,v1,Running,True
1779201737,productpage,v1,Running,True
1779201737,productpage,v1,Running,True
1779201737,productpage,v1,Running,True
1779201737,productpage,v1,Running,True
1779201737,productpage,v1,Running,True
1779201737,productpage,v1,Running,True
1779201737,productpage,v1,Running,True
1779201737,productpage,v1,Running,True
1779201737,productpage,v1,Running,True
1779201737,productpage,v1,Running,True
1779201737,productpage,v1,Running,True
1779201737,productpage,v1,Running,True
1779201737,ratings,v1,Running,True
1779201737,reviews,v1,Running,True
1779201737,reviews,v2,Running,True
1779201737,reviews,v2,Running,True
1779201737,reviews,v2,Running,True
1779201737,reviews,v2,Running,True
1779201737,reviews,v2,Running,True
1779201737,reviews,v2,Running,True
1779201737,reviews,v2,Running,True
1779201737,reviews,v2,Running,True
1779201737,reviews,v2,Running,True
1779201737,reviews,v3,Running,True
1779201737,reviews,v3,Running,True
1779201737,reviews,v3,Running,True
1779201737,reviews,v3,Running,True
1779201737,reviews,v3,Running,True
1779201737,reviews,v3,Running,True
1779201738,details,v1,Running,True
1779201738,details,v1,Running,True
1779201738,details,v1,Running,True
1779201738,details,v1,Running,True
1779201738,details,v1,Running,True
1779201738,details,v1,Running,True
1779201738,details,v1,Running,True
1779201738,productpage,v1,Running,True
1779201738,productpage,v1,Running,True
1779201738,productpage,v1,Running,True
1779201738,productpage,v1,Running,True
1779201738,productpage,v1,Running,True
1779201738,productpage,v1,Running,True
1779201738,productpage,v1,Running,True
1779201738,productpage,v1,Running,True
1779201738,productpage,v1,Running,True
1779201738,productpage,v1,Running,True
1779201738,productpage,v1,Running,True
1779201738,productpage,v1,Running,True
1779201738,productpage,v1,Running,True
1779201738,productpage,v1,Running,True
1779201738,productpage,v1,Running,True
1779201738,ratings,v1,Running,True
1779201738,reviews,v1,Running,True
1779201738,reviews,v2,Running,True
1779201738,reviews,v2,Running,True
1779201738,reviews,v2,Running,True
1779201738,reviews,v2,Running,True
1779201738,reviews,v2,Running,True
1779201738,reviews,v2,Running,True
1779201738,reviews,v2,Running,True
1779201738,reviews,v2,Running,True
1779201738,reviews,v2,Running,True
1779201738,reviews,v3,Running,True
1779201738,reviews,v3,Running,True
1779201738,reviews,v3,Running,True
1779201738,reviews,v3,Running,True
1779201738,reviews,v3,Running,True
1779201738,reviews,v3,Running,True
1779201739,details,v1,Running,True
1779201739,details,v1,Running,True
1779201739,details,v1,Running,True
1779201739,details,v1,Running,True
1779201739,details,v1,Running,True
1779201739,details,v1,Running,True
1779201739,details,v1,Running,True
1779201739,productpage,v1,Running,True
1779201739,productpage,v1,Running,True
1779201739,productpage,v1,Running,True
1779201739,productpage,v1,Running,True
1779201739,productpage,v1,Running,True
1779201739,productpage,v1,Running,True
1779201739,productpage,v1,Running,True
1779201739,productpage,v1,Running,True
1779201739,productpage,v1,Running,True
1779201739,productpage,v1,Running,True
1779201739,productpage,v1,Running,True
1779201739,productpage,v1,Running,True
1779201739,productpage,v1,Running,True
1779201739,productpage,v1,Running,True
1779201739,productpage,v1,Running,True
1779201739,ratings,v1,Running,True
1779201739,reviews,v1,Running,True
1779201739,reviews,v2,Running,True
1779201739,reviews,v2,Running,True
1779201739,reviews,v2,Running,True
1779201739,reviews,v2,Running,True
1779201739,reviews,v2,Running,True
1779201739,reviews,v2,Running,True
1779201739,reviews,v2,Running,True
1779201739,reviews,v2,Running,True
1779201739,reviews,v2,Running,True
1779201739,reviews,v3,Running,True
1779201739,reviews,v3,Running,True
1779201739,reviews,v3,Running,True
1779201739,reviews,v3,Running,True
1779201739,reviews,v3,Running,True
1779201739,reviews,v3,Running,True
1779201740,details,v1,Running,True
1779201740,details,v1,Running,True
1779201740,details,v1,Running,True
1779201740,details,v1,Running,True
1779201740,details,v1,Running,True
1779201740,details,v1,Running,True
1779201740,details,v1,Running,True
1779201740,productpage,v1,Running,True
1779201740,productpage,v1,Running,True
1779201740,productpage,v1,Running,True
1779201740,productpage,v1,Running,True
1779201740,productpage,v1,Running,True
1779201740,productpage,v1,Running,True
1779201740,productpage,v1,Running,True
1779201740,productpage,v1,Running,True
1779201740,productpage,v1,Running,True
1779201740,productpage,v1,Running,True
1779201740,productpage,v1,Running,True
1779201740,productpage,v1,Running,True
1779201740,productpage,v1,Running,True
1779201740,productpage,v1,Running,True
1779201740,productpage,v1,Running,True
1779201740,ratings,v1,Running,True
1779201740,reviews,v1,Running,True
1779201740,reviews,v2,Running,True
1779201740,reviews,v2,Running,True
1779201740,reviews,v2,Running,True
1779201740,reviews,v2,Running,True
1779201740,reviews,v2,Running,True
1779201740,reviews,v2,Running,True
1779201740,reviews,v2,Running,True
1779201740,reviews,v2,Running,True
1779201740,reviews,v2,Running,True
1779201740,reviews,v3,Running,True
1779201740,reviews,v3,Running,True
1779201740,reviews,v3,Running,True
1779201740,reviews,v3,Running,True
1779201740,reviews,v3,Running,True
1779201740,reviews,v3,Running,True
1779201741,details,v1,Running,True
1779201741,details,v1,Running,True
1779201741,details,v1,Running,True
1779201741,details,v1,Running,True
1779201741,details,v1,Running,True
1779201741,details,v1,Running,True
1779201741,details,v1,Running,True
1779201741,productpage,v1,Running,True
1779201741,productpage,v1,Running,True
1779201741,productpage,v1,Running,True
1779201741,productpage,v1,Running,True
1779201741,productpage,v1,Running,True
1779201741,productpage,v1,Running,True
1779201741,productpage,v1,Running,True
1779201741,productpage,v1,Running,True
1779201741,productpage,v1,Running,True
1779201741,productpage,v1,Running,True
1779201741,productpage,v1,Running,True
1779201741,productpage,v1,Running,True
1779201741,productpage,v1,Running,True
1779201741,productpage,v1,Running,True
1779201741,productpage,v1,Running,True
1779201741,ratings,v1,Running,True
1779201741,reviews,v1,Running,True
1779201741,reviews,v2,Running,True
1779201741,reviews,v2,Running,True
1779201741,reviews,v2,Running,True
1779201741,reviews,v2,Running,True
1779201741,reviews,v2,Running,True
1779201741,reviews,v2,Running,True
1779201741,reviews,v2,Running,True
1779201741,reviews,v2,Running,True
1779201741,reviews,v2,Running,True
1779201741,reviews,v3,Running,True
1779201741,reviews,v3,Running,True
1779201741,reviews,v3,Running,True
1779201741,reviews,v3,Running,True
1779201741,reviews,v3,Running,True
1779201741,reviews,v3,Running,True
1779201742,details,v1,Running,True
1779201742,details,v1,Running,True
1779201742,details,v1,Running,True
1779201742,details,v1,Running,True
1779201742,details,v1,Running,True
1779201742,details,v1,Running,True
1779201742,details,v1,Running,True
1779201742,productpage,v1,Running,True
1779201742,productpage,v1,Running,True
1779201742,productpage,v1,Running,True
1779201742,productpage,v1,Running,True
1779201742,productpage,v1,Running,True
1779201742,productpage,v1,Running,True
1779201742,productpage,v1,Running,True
1779201742,productpage,v1,Running,True
1779201742,productpage,v1,Running,True
1779201742,productpage,v1,Running,True
1779201742,productpage,v1,Running,True
1779201742,productpage,v1,Running,True
1779201742,productpage,v1,Running,True
1779201742,productpage,v1,Running,True
1779201742,productpage,v1,Running,True
1779201742,ratings,v1,Running,True
1779201742,reviews,v1,Running,True
1779201742,reviews,v2,Running,True
1779201742,reviews,v2,Running,True
1779201742,reviews,v2,Running,True
1779201742,reviews,v2,Running,True
1779201742,reviews,v2,Running,True
1779201742,reviews,v2,Running,True
1779201742,reviews,v2,Running,True
1779201742,reviews,v2,Running,True
1779201742,reviews,v2,Running,True
1779201742,reviews,v3,Running,True
1779201742,reviews,v3,Running,True
1779201742,reviews,v3,Running,True
1779201742,reviews,v3,Running,True
1779201742,reviews,v3,Running,True
1779201742,reviews,v3,Running,True
1779201743,details,v1,Running,True
1779201743,details,v1,Running,True
1779201743,details,v1,Running,True
1779201743,details,v1,Running,True
1779201743,details,v1,Running,True
1779201743,details,v1,Running,True
1779201743,details,v1,Running,True
1779201743,productpage,v1,Running,True
1779201743,productpage,v1,Running,True
1779201743,productpage,v1,Running,True
1779201743,productpage,v1,Running,True
1779201743,productpage,v1,Running,True
1779201743,productpage,v1,Running,True
1779201743,productpage,v1,Running,True
1779201743,productpage,v1,Running,True
1779201743,productpage,v1,Running,True
1779201743,productpage,v1,Running,True
1779201743,productpage,v1,Running,True
1779201743,productpage,v1,Running,True
1779201743,productpage,v1,Running,True
1779201743,productpage,v1,Running,True
1779201743,productpage,v1,Running,True
1779201743,ratings,v1,Running,True
1779201743,reviews,v1,Running,True
1779201743,reviews,v2,Running,True
1779201743,reviews,v2,Running,True
1779201743,reviews,v2,Running,True
1779201743,reviews,v2,Running,True
1779201743,reviews,v2,Running,True
1779201743,reviews,v2,Running,True
1779201743,reviews,v2,Running,True
1779201743,reviews,v2,Running,True
1779201743,reviews,v2,Running,True
1779201743,reviews,v3,Running,True
1779201743,reviews,v3,Running,True
1779201743,reviews,v3,Running,True
1779201743,reviews,v3,Running,True
1779201743,reviews,v3,Running,True
1779201743,reviews,v3,Running,True
