timestamp,app,version,phase,ready
1779217139,details,v1,Running,True
1779217139,details,v1,Running,True
1779217139,details,v1,Running,True
1779217139,details,v1,Running,True
1779217139,productpage,v1,Running,True
1779217139,productpage,v1,Running,True
1779217139,productpage,v1,Running,True
1779217139,productpage,v1,Running,True
1779217139,productpage,v1,Running,True
1779217139,productpage,v1,Running,True
1779217139,productpage,v1,Running,True
1779217139,productpage,v1,Running,True
1779217139,productpage,v1,Running,True
1779217139,productpage,v1,Running,True
1779217139,productpage,v1,Running,True
1779217139,productpage,v1,Running,True
1779217139,productpage,v1,Running,True
1779217139,productpage,v1,Running,True
1779217139,productpage,v1,Running,True
1779217139,ratings,v1,Running,True
1779217139,reviews,v1,Running,True
1779217139,reviews,v2,Running,True
1779217139,reviews,v2,Running,True
1779217139,reviews,v3,Running,True
1779217139,reviews,v3,Running,True
1779217140,details,v1,Running,True
1779217140,details,v1,Running,True
1779217140,details,v1,Running,True
1779217140,details,v1,Running,True
1779217140,productpage,v1,Running,True
1779217140,productpage,v1,Running,True
1779217140,productpage,v1,Running,True
1779217140,productpage,v1,Running,True
1779217140,productpage,v1,Running,True
1779217140,productpage,v1,Running,True
1779217140,productpage,v1,Running,True
1779217140,productpage,v1,Running,True
1779217140,productpage,v1,Running,True
1779217140,productpage,v1,Running,True
1779217140,productpage,v1,Running,True
1779217140,productpage,v1,Running,True
1779217140,productpage,v1,Running,True
1779217140,productpage,v1,Running,True
1779217140,productpage,v1,Running,True
1779217140,ratings,v1,Running,True
1779217140,reviews,v1,Running,True
1779217140,reviews,v2,Running,True
1779217140,reviews,v2,Running,True
1779217140,reviews,v3,Running,True
1779217140,reviews,v3,Running,True
1779217141,details,v1,Running,True
1779217141,details,v1,Running,True
1779217141,details,v1,Running,True
1779217141,details,v1,Running,True
1779217141,productpage,v1,Running,True
1779217141,productpage,v1,Running,True
1779217141,productpage,v1,Running,True
1779217141,productpage,v1,Running,True
1779217141,productpage,v1,Running,True
1779217141,productpage,v1,Running,True
1779217141,productpage,v1,Running,True
1779217141,productpage,v1,Running,True
1779217141,productpage,v1,Running,True
1779217141,productpage,v1,Running,True
1779217141,productpage,v1,Running,True
1779217141,productpage,v1,Running,True
1779217141,productpage,v1,Running,True
1779217141,productpage,v1,Running,True
1779217141,productpage,v1,Running,True
1779217141,ratings,v1,Running,True
1779217141,reviews,v1,Running,True
1779217141,reviews,v2,Running,True
1779217141,reviews,v2,Running,True
1779217141,reviews,v3,Running,True
1779217141,reviews,v3,Running,True
1779217142,details,v1,Running,True
1779217142,details,v1,Running,True
1779217142,details,v1,Running,True
1779217142,details,v1,Running,True
1779217142,productpage,v1,Running,True
1779217142,productpage,v1,Running,True
1779217142,productpage,v1,Running,True
1779217142,productpage,v1,Running,True
1779217142,productpage,v1,Running,True
1779217142,productpage,v1,Running,True
1779217142,productpage,v1,Running,True
1779217142,productpage,v1,Running,True
1779217142,productpage,v1,Running,True
1779217142,productpage,v1,Running,True
1779217142,productpage,v1,Running,True
1779217142,productpage,v1,Running,True
1779217142,productpage,v1,Running,True
1779217142,productpage,v1,Running,True
1779217142,productpage,v1,Running,True
1779217142,ratings,v1,Running,True
1779217142,reviews,v1,Running,True
1779217142,reviews,v2,Running,True
1779217142,reviews,v2,Running,True
1779217142,reviews,v3,Running,True
1779217142,reviews,v3,Running,True
1779217143,details,v1,Running,True
1779217143,details,v1,Running,True
1779217143,details,v1,Running,True
1779217143,details,v1,Running,True
1779217143,productpage,v1,Running,True
1779217143,productpage,v1,Running,True
1779217143,productpage,v1,Running,True
1779217143,productpage,v1,Running,True
1779217143,productpage,v1,Running,True
1779217143,productpage,v1,Running,True
1779217143,productpage,v1,Running,True
1779217143,productpage,v1,Running,True
1779217143,productpage,v1,Running,True
1779217143,productpage,v1,Running,True
1779217143,productpage,v1,Running,True
1779217143,productpage,v1,Running,True
1779217143,productpage,v1,Running,True
1779217143,productpage,v1,Running,True
1779217143,productpage,v1,Running,True
1779217143,ratings,v1,Running,True
1779217143,reviews,v1,Running,True
1779217143,reviews,v2,Running,True
1779217143,reviews,v2,Running,True
1779217143,reviews,v3,Running,True
1779217143,reviews,v3,Running,True
1779217144,details,v1,Running,True
1779217144,details,v1,Running,True
1779217144,details,v1,Running,True
1779217144,details,v1,Running,True
1779217144,productpage,v1,Running,True
1779217144,productpage,v1,Running,True
1779217144,productpage,v1,Running,True
1779217144,productpage,v1,Running,True
1779217144,productpage,v1,Running,True
1779217144,productpage,v1,Running,True
1779217144,productpage,v1,Running,True
1779217144,productpage,v1,Running,True
1779217144,productpage,v1,Running,True
1779217144,productpage,v1,Running,True
1779217144,productpage,v1,Running,True
1779217144,productpage,v1,Running,True
1779217144,productpage,v1,Running,True
1779217144,productpage,v1,Running,True
1779217144,productpage,v1,Running,True
1779217144,ratings,v1,Running,True
1779217144,reviews,v1,Running,True
1779217144,reviews,v2,Running,True
1779217144,reviews,v2,Running,True
1779217144,reviews,v3,Running,True
1779217144,reviews,v3,Running,True
1779217145,details,v1,Running,True
1779217145,details,v1,Running,True
1779217145,details,v1,Running,True
1779217145,details,v1,Running,True
1779217145,productpage,v1,Running,True
1779217145,productpage,v1,Running,True
1779217145,productpage,v1,Running,True
1779217145,productpage,v1,Running,True
1779217145,productpage,v1,Running,True
1779217145,productpage,v1,Running,True
1779217145,productpage,v1,Running,True
1779217145,productpage,v1,Running,True
1779217145,productpage,v1,Running,True
1779217145,productpage,v1,Running,True
1779217145,productpage,v1,Running,True
1779217145,productpage,v1,Running,True
1779217145,productpage,v1,Running,True
1779217145,productpage,v1,Running,True
1779217145,productpage,v1,Running,True
1779217145,ratings,v1,Running,True
1779217145,reviews,v1,Running,True
1779217145,reviews,v2,Running,True
1779217145,reviews,v2,Running,True
1779217145,reviews,v3,Running,True
1779217145,reviews,v3,Running,True
1779217146,details,v1,Running,True
1779217146,details,v1,Running,True
1779217146,details,v1,Running,True
1779217146,details,v1,Running,True
1779217146,productpage,v1,Running,True
1779217146,productpage,v1,Running,True
1779217146,productpage,v1,Running,True
1779217146,productpage,v1,Running,True
1779217146,productpage,v1,Running,True
1779217146,productpage,v1,Running,True
1779217146,productpage,v1,Running,True
1779217146,productpage,v1,Running,True
1779217146,productpage,v1,Running,True
1779217146,productpage,v1,Running,True
1779217146,productpage,v1,Running,True
1779217146,productpage,v1,Running,True
1779217146,productpage,v1,Running,True
1779217146,productpage,v1,Running,True
1779217146,productpage,v1,Running,True
1779217146,ratings,v1,Running,True
1779217146,reviews,v1,Running,True
1779217146,reviews,v2,Running,True
1779217146,reviews,v2,Running,True
1779217146,reviews,v3,Running,True
1779217146,reviews,v3,Running,True
1779217147,details,v1,Running,True
1779217147,details,v1,Running,True
1779217147,details,v1,Running,True
1779217147,details,v1,Running,True
1779217147,productpage,v1,Running,True
1779217147,productpage,v1,Running,True
1779217147,productpage,v1,Running,True
1779217147,productpage,v1,Running,True
1779217147,productpage,v1,Running,True
1779217147,productpage,v1,Running,True
1779217147,productpage,v1,Running,True
1779217147,productpage,v1,Running,True
1779217147,productpage,v1,Running,True
1779217147,productpage,v1,Running,True
1779217147,productpage,v1,Running,True
1779217147,productpage,v1,Running,True
1779217147,productpage,v1,Running,True
1779217147,productpage,v1,Running,True
1779217147,productpage,v1,Running,True
1779217147,ratings,v1,Running,True
1779217147,reviews,v1,Running,True
1779217147,reviews,v2,Running,True
1779217147,reviews,v2,Running,True
1779217147,reviews,v3,Running,True
1779217147,reviews,v3,Running,True
1779217148,details,v1,Running,True
1779217148,details,v1,Running,True
1779217148,details,v1,Running,True
1779217148,details,v1,Running,True
1779217148,productpage,v1,Running,True
1779217148,productpage,v1,Running,True
1779217148,productpage,v1,Running,True
1779217148,productpage,v1,Running,True
1779217148,productpage,v1,Running,True
1779217148,productpage,v1,Running,True
1779217148,productpage,v1,Running,True
1779217148,productpage,v1,Running,True
1779217148,productpage,v1,Running,True
1779217148,productpage,v1,Running,True
1779217148,productpage,v1,Running,True
1779217148,productpage,v1,Running,True
1779217148,productpage,v1,Running,True
1779217148,productpage,v1,Running,True
1779217148,productpage,v1,Running,True
1779217148,ratings,v1,Running,True
1779217148,reviews,v1,Running,True
1779217148,reviews,v2,Running,True
1779217148,reviews,v2,Running,True
1779217148,reviews,v3,Running,True
1779217148,reviews,v3,Running,True
1779217149,details,v1,Running,True
1779217149,details,v1,Running,True
1779217149,details,v1,Running,True
1779217149,details,v1,Running,True
1779217149,productpage,v1,Running,True
1779217149,productpage,v1,Running,True
1779217149,productpage,v1,Running,True
1779217149,productpage,v1,Running,True
1779217149,productpage,v1,Running,True
1779217149,productpage,v1,Running,True
1779217149,productpage,v1,Running,True
1779217149,productpage,v1,Running,True
1779217149,productpage,v1,Running,True
1779217149,productpage,v1,Running,True
1779217149,productpage,v1,Running,True
1779217149,productpage,v1,Running,True
1779217149,productpage,v1,Running,True
1779217149,productpage,v1,Running,True
1779217149,productpage,v1,Running,True
1779217149,ratings,v1,Running,True
1779217149,reviews,v1,Running,True
1779217149,reviews,v2,Running,True
1779217149,reviews,v2,Running,True
1779217149,reviews,v3,Running,True
1779217149,reviews,v3,Running,True
1779217150,details,v1,Running,True
1779217150,details,v1,Running,True
1779217150,details,v1,Running,True
1779217150,details,v1,Running,True
1779217150,productpage,v1,Running,True
1779217150,productpage,v1,Running,True
1779217150,productpage,v1,Running,True
1779217150,productpage,v1,Running,True
1779217150,productpage,v1,Running,True
1779217150,productpage,v1,Running,True
1779217150,productpage,v1,Running,True
1779217150,productpage,v1,Running,True
1779217150,productpage,v1,Running,True
1779217150,productpage,v1,Running,True
1779217150,productpage,v1,Running,True
1779217150,productpage,v1,Running,True
1779217150,productpage,v1,Running,True
1779217150,productpage,v1,Running,True
1779217150,productpage,v1,Running,True
1779217150,ratings,v1,Running,True
1779217150,reviews,v1,Running,True
1779217150,reviews,v2,Running,True
1779217150,reviews,v2,Running,True
1779217150,reviews,v3,Running,True
1779217150,reviews,v3,Running,True
1779217151,details,v1,Running,True
1779217151,details,v1,Running,True
1779217151,details,v1,Running,True
1779217151,details,v1,Running,True
1779217151,productpage,v1,Running,True
1779217151,productpage,v1,Running,True
1779217151,productpage,v1,Running,True
1779217151,productpage,v1,Running,True
1779217151,productpage,v1,Running,True
1779217151,productpage,v1,Running,True
1779217151,productpage,v1,Running,True
1779217151,productpage,v1,Running,True
1779217151,productpage,v1,Running,True
1779217151,productpage,v1,Running,True
1779217151,productpage,v1,Running,True
1779217151,productpage,v1,Running,True
1779217151,productpage,v1,Running,True
1779217151,productpage,v1,Running,True
1779217151,productpage,v1,Running,True
1779217151,ratings,v1,Running,True
1779217151,reviews,v1,Running,True
1779217151,reviews,v2,Running,True
1779217151,reviews,v2,Running,True
1779217151,reviews,v3,Running,True
1779217151,reviews,v3,Running,True
1779217152,details,v1,Running,True
1779217152,details,v1,Running,True
1779217152,details,v1,Running,True
1779217152,details,v1,Running,True
1779217152,productpage,v1,Running,True
1779217152,productpage,v1,Running,True
1779217152,productpage,v1,Running,True
1779217152,productpage,v1,Running,True
1779217152,productpage,v1,Running,True
1779217152,productpage,v1,Running,True
1779217152,productpage,v1,Running,True
1779217152,productpage,v1,Running,True
1779217152,productpage,v1,Running,True
1779217152,productpage,v1,Running,True
1779217152,productpage,v1,Running,True
1779217152,productpage,v1,Running,True
1779217152,productpage,v1,Running,True
1779217152,productpage,v1,Running,True
1779217152,productpage,v1,Running,True
1779217152,ratings,v1,Running,True
1779217152,reviews,v1,Running,True
1779217152,reviews,v2,Running,True
1779217152,reviews,v2,Running,True
1779217152,reviews,v3,Running,True
1779217152,reviews,v3,Running,True
1779217153,details,v1,Running,True
1779217153,details,v1,Running,True
1779217153,details,v1,Running,True
1779217153,details,v1,Running,True
1779217153,productpage,v1,Running,True
1779217153,productpage,v1,Running,True
1779217153,productpage,v1,Running,True
1779217153,productpage,v1,Running,True
1779217153,productpage,v1,Running,True
1779217153,productpage,v1,Running,True
1779217153,productpage,v1,Running,True
1779217153,productpage,v1,Running,True
1779217153,productpage,v1,Running,True
1779217153,productpage,v1,Running,True
1779217153,productpage,v1,Running,True
1779217153,productpage,v1,Running,True
1779217153,productpage,v1,Running,True
1779217153,productpage,v1,Running,True
1779217153,productpage,v1,Running,True
1779217153,ratings,v1,Running,True
1779217153,reviews,v1,Running,True
1779217153,reviews,v2,Running,True
1779217153,reviews,v2,Running,True
1779217153,reviews,v3,Running,True
1779217153,reviews,v3,Running,True
1779217154,details,v1,Running,True
1779217154,details,v1,Running,True
1779217154,details,v1,Running,True
1779217154,details,v1,Running,True
1779217154,productpage,v1,Running,True
1779217154,productpage,v1,Running,True
1779217154,productpage,v1,Running,True
1779217154,productpage,v1,Running,True
1779217154,productpage,v1,Running,True
1779217154,productpage,v1,Running,True
1779217154,productpage,v1,Running,True
1779217154,productpage,v1,Running,True
1779217154,productpage,v1,Running,True
1779217154,productpage,v1,Running,True
1779217154,productpage,v1,Running,True
1779217154,productpage,v1,Running,True
1779217154,productpage,v1,Running,True
1779217154,productpage,v1,Running,True
1779217154,productpage,v1,Running,True
1779217154,ratings,v1,Running,True
1779217154,reviews,v1,Running,True
1779217154,reviews,v2,Running,True
1779217154,reviews,v2,Running,True
1779217154,reviews,v3,Running,True
1779217154,reviews,v3,Running,True
1779217155,details,v1,Running,True
1779217155,details,v1,Running,True
1779217155,details,v1,Running,True
1779217155,details,v1,Running,True
1779217155,productpage,v1,Running,True
1779217155,productpage,v1,Running,True
1779217155,productpage,v1,Running,True
1779217155,productpage,v1,Running,True
1779217155,productpage,v1,Running,True
1779217155,productpage,v1,Running,True
1779217155,productpage,v1,Running,True
1779217155,productpage,v1,Running,True
1779217155,productpage,v1,Running,True
1779217155,productpage,v1,Running,True
1779217155,productpage,v1,Running,True
1779217155,productpage,v1,Running,True
1779217155,productpage,v1,Running,True
1779217155,productpage,v1,Running,True
1779217155,productpage,v1,Running,True
1779217155,ratings,v1,Running,True
1779217155,reviews,v1,Running,True
1779217155,reviews,v2,Running,True
1779217155,reviews,v2,Running,True
1779217155,reviews,v3,Running,True
1779217155,reviews,v3,Running,True
1779217156,details,v1,Running,True
1779217156,details,v1,Running,True
1779217156,details,v1,Running,True
1779217156,details,v1,Running,True
1779217156,productpage,v1,Running,True
1779217156,productpage,v1,Running,True
1779217156,productpage,v1,Running,True
1779217156,productpage,v1,Running,True
1779217156,productpage,v1,Running,True
1779217156,productpage,v1,Running,True
1779217156,productpage,v1,Running,True
1779217156,productpage,v1,Running,True
1779217156,productpage,v1,Running,True
1779217156,productpage,v1,Running,True
1779217156,productpage,v1,Running,True
1779217156,productpage,v1,Running,True
1779217156,productpage,v1,Running,True
1779217156,productpage,v1,Running,True
1779217156,productpage,v1,Running,True
1779217156,ratings,v1,Running,True
1779217156,reviews,v1,Running,True
1779217156,reviews,v2,Running,True
1779217156,reviews,v2,Running,True
1779217156,reviews,v3,Running,True
1779217156,reviews,v3,Running,True
1779217157,details,v1,Running,True
1779217157,details,v1,Running,True
1779217157,details,v1,Running,True
1779217157,details,v1,Running,True
1779217157,productpage,v1,Running,True
1779217157,productpage,v1,Running,True
1779217157,productpage,v1,Running,True
1779217157,productpage,v1,Running,True
1779217157,productpage,v1,Running,True
1779217157,productpage,v1,Running,True
1779217157,productpage,v1,Running,True
1779217157,productpage,v1,Running,True
1779217157,productpage,v1,Running,True
1779217157,productpage,v1,Running,True
1779217157,productpage,v1,Running,True
1779217157,productpage,v1,Running,True
1779217157,productpage,v1,Running,True
1779217157,productpage,v1,Running,True
1779217157,productpage,v1,Running,True
1779217157,ratings,v1,Running,True
1779217157,reviews,v1,Running,True
1779217157,reviews,v2,Running,True
1779217157,reviews,v2,Running,True
1779217157,reviews,v3,Running,True
1779217157,reviews,v3,Running,True
1779217158,details,v1,Running,True
1779217158,details,v1,Running,True
1779217158,details,v1,Running,True
1779217158,details,v1,Running,True
1779217158,productpage,v1,Running,True
1779217158,productpage,v1,Running,True
1779217158,productpage,v1,Running,True
1779217158,productpage,v1,Running,True
1779217158,productpage,v1,Running,True
1779217158,productpage,v1,Running,True
1779217158,productpage,v1,Running,True
1779217158,productpage,v1,Running,True
1779217158,productpage,v1,Running,True
1779217158,productpage,v1,Running,True
1779217158,productpage,v1,Running,True
1779217158,productpage,v1,Running,True
1779217158,productpage,v1,Running,True
1779217158,productpage,v1,Running,True
1779217158,productpage,v1,Running,True
1779217158,ratings,v1,Running,True
1779217158,reviews,v1,Running,True
1779217158,reviews,v2,Running,True
1779217158,reviews,v2,Running,True
1779217158,reviews,v3,Running,True
1779217158,reviews,v3,Running,True
1779217159,details,v1,Running,True
1779217159,details,v1,Running,True
1779217159,details,v1,Running,True
1779217159,details,v1,Running,True
1779217159,productpage,v1,Running,True
1779217159,productpage,v1,Running,True
1779217159,productpage,v1,Running,True
1779217159,productpage,v1,Running,True
1779217159,productpage,v1,Running,True
1779217159,productpage,v1,Running,True
1779217159,productpage,v1,Running,True
1779217159,productpage,v1,Running,True
1779217159,productpage,v1,Running,True
1779217159,productpage,v1,Running,True
1779217159,productpage,v1,Running,True
1779217159,productpage,v1,Running,True
1779217159,productpage,v1,Running,True
1779217159,productpage,v1,Running,True
1779217159,productpage,v1,Running,True
1779217159,ratings,v1,Running,True
1779217159,reviews,v1,Running,True
1779217159,reviews,v2,Running,True
1779217159,reviews,v2,Running,True
1779217159,reviews,v3,Running,True
1779217159,reviews,v3,Running,True
1779217160,details,v1,Running,True
1779217160,details,v1,Running,True
1779217160,details,v1,Running,True
1779217160,details,v1,Running,True
1779217160,productpage,v1,Running,True
1779217160,productpage,v1,Running,True
1779217160,productpage,v1,Running,True
1779217160,productpage,v1,Running,True
1779217160,productpage,v1,Running,True
1779217160,productpage,v1,Running,True
1779217160,productpage,v1,Running,True
1779217160,productpage,v1,Running,True
1779217160,productpage,v1,Running,True
1779217160,productpage,v1,Running,True
1779217160,productpage,v1,Running,True
1779217160,productpage,v1,Running,True
1779217160,productpage,v1,Running,True
1779217160,productpage,v1,Running,True
1779217160,productpage,v1,Running,True
1779217160,ratings,v1,Running,True
1779217160,reviews,v1,Running,True
1779217160,reviews,v2,Running,True
1779217160,reviews,v2,Running,True
1779217160,reviews,v3,Running,True
1779217160,reviews,v3,Running,True
1779217161,details,v1,Running,True
1779217161,details,v1,Running,True
1779217161,details,v1,Running,True
1779217161,details,v1,Running,True
1779217161,productpage,v1,Running,True
1779217161,productpage,v1,Running,True
1779217161,productpage,v1,Running,True
1779217161,productpage,v1,Running,True
1779217161,productpage,v1,Running,True
1779217161,productpage,v1,Running,True
1779217161,productpage,v1,Running,True
1779217161,productpage,v1,Running,True
1779217161,productpage,v1,Running,True
1779217161,productpage,v1,Running,True
1779217161,productpage,v1,Running,True
1779217161,productpage,v1,Running,True
1779217161,productpage,v1,Running,True
1779217161,productpage,v1,Running,True
1779217161,productpage,v1,Running,True
1779217161,ratings,v1,Running,True
1779217161,reviews,v1,Running,True
1779217161,reviews,v2,Running,True
1779217161,reviews,v2,Running,True
1779217161,reviews,v3,Running,True
1779217161,reviews,v3,Running,True
1779217162,details,v1,Running,True
1779217162,details,v1,Running,True
1779217162,details,v1,Running,True
1779217162,details,v1,Running,True
1779217162,productpage,v1,Running,True
1779217162,productpage,v1,Running,True
1779217162,productpage,v1,Running,True
1779217162,productpage,v1,Running,True
1779217162,productpage,v1,Running,True
1779217162,productpage,v1,Running,True
1779217162,productpage,v1,Running,True
1779217162,productpage,v1,Running,True
1779217162,productpage,v1,Running,True
1779217162,productpage,v1,Running,True
1779217162,productpage,v1,Running,True
1779217162,productpage,v1,Running,True
1779217162,productpage,v1,Running,True
1779217162,productpage,v1,Running,True
1779217162,productpage,v1,Running,True
1779217162,ratings,v1,Running,True
1779217162,reviews,v1,Running,True
1779217162,reviews,v2,Running,True
1779217162,reviews,v2,Running,True
1779217162,reviews,v3,Running,True
1779217162,reviews,v3,Running,True
1779217163,details,v1,Running,True
1779217163,details,v1,Running,True
1779217163,details,v1,Running,True
1779217163,details,v1,Running,True
1779217163,productpage,v1,Running,True
1779217163,productpage,v1,Running,True
1779217163,productpage,v1,Running,True
1779217163,productpage,v1,Running,True
1779217163,productpage,v1,Running,True
1779217163,productpage,v1,Running,True
1779217163,productpage,v1,Running,True
1779217163,productpage,v1,Running,True
1779217163,productpage,v1,Running,True
1779217163,productpage,v1,Running,True
1779217163,productpage,v1,Running,True
1779217163,productpage,v1,Running,True
1779217163,productpage,v1,Running,True
1779217163,productpage,v1,Running,True
1779217163,productpage,v1,Running,True
1779217163,ratings,v1,Running,True
1779217163,reviews,v1,Running,True
1779217163,reviews,v2,Running,True
1779217163,reviews,v2,Running,True
1779217163,reviews,v3,Running,True
1779217163,reviews,v3,Running,True
1779217164,details,v1,Running,True
1779217164,details,v1,Running,True
1779217164,details,v1,Running,True
1779217164,details,v1,Running,True
1779217164,productpage,v1,Running,True
1779217164,productpage,v1,Running,True
1779217164,productpage,v1,Running,True
1779217164,productpage,v1,Running,True
1779217164,productpage,v1,Running,True
1779217164,productpage,v1,Running,True
1779217164,productpage,v1,Running,True
1779217164,productpage,v1,Running,True
1779217164,productpage,v1,Running,True
1779217164,productpage,v1,Running,True
1779217164,productpage,v1,Running,True
1779217164,productpage,v1,Running,True
1779217164,productpage,v1,Running,True
1779217164,productpage,v1,Running,True
1779217164,productpage,v1,Running,True
1779217164,ratings,v1,Running,True
1779217164,reviews,v1,Running,True
1779217164,reviews,v2,Running,True
1779217164,reviews,v2,Running,True
1779217164,reviews,v3,Running,True
1779217164,reviews,v3,Running,True
1779217166,details,v1,Running,True
1779217166,details,v1,Running,True
1779217166,details,v1,Running,True
1779217166,details,v1,Running,True
1779217166,productpage,v1,Running,True
1779217166,productpage,v1,Running,True
1779217166,productpage,v1,Running,True
1779217166,productpage,v1,Running,True
1779217166,productpage,v1,Running,True
1779217166,productpage,v1,Running,True
1779217166,productpage,v1,Running,True
1779217166,productpage,v1,Running,True
1779217166,productpage,v1,Running,True
1779217166,productpage,v1,Running,True
1779217166,productpage,v1,Running,True
1779217166,productpage,v1,Running,True
1779217166,productpage,v1,Running,True
1779217166,productpage,v1,Running,True
1779217166,productpage,v1,Running,True
1779217166,ratings,v1,Running,True
1779217166,reviews,v1,Running,True
1779217166,reviews,v2,Running,True
1779217166,reviews,v2,Running,True
1779217166,reviews,v3,Running,True
1779217166,reviews,v3,Running,True
1779217167,details,v1,Running,True
1779217167,details,v1,Running,True
1779217167,details,v1,Running,True
1779217167,details,v1,Running,True
1779217167,productpage,v1,Running,True
1779217167,productpage,v1,Running,True
1779217167,productpage,v1,Running,True
1779217167,productpage,v1,Running,True
1779217167,productpage,v1,Running,True
1779217167,productpage,v1,Running,True
1779217167,productpage,v1,Running,True
1779217167,productpage,v1,Running,True
1779217167,productpage,v1,Running,True
1779217167,productpage,v1,Running,True
1779217167,productpage,v1,Running,True
1779217167,productpage,v1,Running,True
1779217167,productpage,v1,Running,True
1779217167,productpage,v1,Running,True
1779217167,productpage,v1,Running,True
1779217167,ratings,v1,Running,True
1779217167,reviews,v1,Running,True
1779217167,reviews,v2,Running,True
1779217167,reviews,v2,Running,True
1779217167,reviews,v3,Running,True
1779217167,reviews,v3,Running,True
1779217168,details,v1,Running,True
1779217168,details,v1,Running,True
1779217168,details,v1,Running,True
1779217168,details,v1,Running,True
1779217168,productpage,v1,Running,True
1779217168,productpage,v1,Running,True
1779217168,productpage,v1,Running,True
1779217168,productpage,v1,Running,True
1779217168,productpage,v1,Running,True
1779217168,productpage,v1,Running,True
1779217168,productpage,v1,Running,True
1779217168,productpage,v1,Running,True
1779217168,productpage,v1,Running,True
1779217168,productpage,v1,Running,True
1779217168,productpage,v1,Running,True
1779217168,productpage,v1,Running,True
1779217168,productpage,v1,Running,True
1779217168,productpage,v1,Running,True
1779217168,productpage,v1,Running,True
1779217168,ratings,v1,Running,True
1779217168,reviews,v1,Running,True
1779217168,reviews,v2,Running,True
1779217168,reviews,v2,Running,True
1779217168,reviews,v3,Running,True
1779217168,reviews,v3,Running,True
1779217169,details,v1,Running,True
1779217169,details,v1,Running,True
1779217169,details,v1,Running,True
1779217169,details,v1,Running,True
1779217169,productpage,v1,Running,True
1779217169,productpage,v1,Running,True
1779217169,productpage,v1,Running,True
1779217169,productpage,v1,Running,True
1779217169,productpage,v1,Running,True
1779217169,productpage,v1,Running,True
1779217169,productpage,v1,Running,True
1779217169,productpage,v1,Running,True
1779217169,productpage,v1,Running,True
1779217169,productpage,v1,Running,True
1779217169,productpage,v1,Running,True
1779217169,productpage,v1,Running,True
1779217169,productpage,v1,Running,True
1779217169,productpage,v1,Running,True
1779217169,productpage,v1,Running,True
1779217169,ratings,v1,Running,True
1779217169,reviews,v1,Running,True
1779217169,reviews,v2,Running,True
1779217169,reviews,v2,Running,True
1779217169,reviews,v3,Running,True
1779217169,reviews,v3,Running,True
1779217170,details,v1,Running,True
1779217170,details,v1,Running,True
1779217170,details,v1,Running,True
1779217170,details,v1,Running,True
1779217170,productpage,v1,Running,True
1779217170,productpage,v1,Running,True
1779217170,productpage,v1,Running,True
1779217170,productpage,v1,Running,True
1779217170,productpage,v1,Running,True
1779217170,productpage,v1,Running,True
1779217170,productpage,v1,Running,True
1779217170,productpage,v1,Running,True
1779217170,productpage,v1,Running,True
1779217170,productpage,v1,Running,True
1779217170,productpage,v1,Running,True
1779217170,productpage,v1,Running,True
1779217170,productpage,v1,Running,True
1779217170,productpage,v1,Running,True
1779217170,productpage,v1,Running,True
1779217170,ratings,v1,Running,True
1779217170,reviews,v1,Running,True
1779217170,reviews,v2,Running,True
1779217170,reviews,v2,Running,True
1779217170,reviews,v3,Running,True
1779217170,reviews,v3,Running,True
1779217171,details,v1,Running,True
1779217171,details,v1,Running,True
1779217171,details,v1,Running,True
1779217171,details,v1,Running,True
1779217171,productpage,v1,Running,True
1779217171,productpage,v1,Running,True
1779217171,productpage,v1,Running,True
1779217171,productpage,v1,Running,True
1779217171,productpage,v1,Running,True
1779217171,productpage,v1,Running,True
1779217171,productpage,v1,Running,True
1779217171,productpage,v1,Running,True
1779217171,productpage,v1,Running,True
1779217171,productpage,v1,Running,True
1779217171,productpage,v1,Running,True
1779217171,productpage,v1,Running,True
1779217171,productpage,v1,Running,True
1779217171,productpage,v1,Running,True
1779217171,productpage,v1,Running,True
1779217171,ratings,v1,Running,True
1779217171,reviews,v1,Running,True
1779217171,reviews,v2,Running,True
1779217171,reviews,v2,Running,True
1779217171,reviews,v3,Running,True
1779217171,reviews,v3,Running,True
1779217172,details,v1,Running,True
1779217172,details,v1,Running,True
1779217172,details,v1,Running,True
1779217172,details,v1,Running,True
1779217172,productpage,v1,Running,True
1779217172,productpage,v1,Running,True
1779217172,productpage,v1,Running,True
1779217172,productpage,v1,Running,True
1779217172,productpage,v1,Running,True
1779217172,productpage,v1,Running,True
1779217172,productpage,v1,Running,True
1779217172,productpage,v1,Running,True
1779217172,productpage,v1,Running,True
1779217172,productpage,v1,Running,True
1779217172,productpage,v1,Running,True
1779217172,productpage,v1,Running,True
1779217172,productpage,v1,Running,True
1779217172,productpage,v1,Running,True
1779217172,productpage,v1,Running,True
1779217172,ratings,v1,Running,True
1779217172,reviews,v1,Running,True
1779217172,reviews,v2,Running,True
1779217172,reviews,v2,Running,True
1779217172,reviews,v3,Running,True
1779217172,reviews,v3,Running,True
1779217173,details,v1,Running,True
1779217173,details,v1,Running,True
1779217173,details,v1,Running,True
1779217173,details,v1,Running,True
1779217173,productpage,v1,Running,True
1779217173,productpage,v1,Running,True
1779217173,productpage,v1,Running,True
1779217173,productpage,v1,Running,True
1779217173,productpage,v1,Running,True
1779217173,productpage,v1,Running,True
1779217173,productpage,v1,Running,True
1779217173,productpage,v1,Running,True
1779217173,productpage,v1,Running,True
1779217173,productpage,v1,Running,True
1779217173,productpage,v1,Running,True
1779217173,productpage,v1,Running,True
1779217173,productpage,v1,Running,True
1779217173,productpage,v1,Running,True
1779217173,productpage,v1,Running,True
1779217173,ratings,v1,Running,True
1779217173,reviews,v1,Running,True
1779217173,reviews,v2,Running,True
1779217173,reviews,v2,Running,True
1779217173,reviews,v3,Running,True
1779217173,reviews,v3,Running,True
1779217174,details,v1,Running,True
1779217174,details,v1,Running,True
1779217174,details,v1,Running,True
1779217174,details,v1,Running,True
1779217174,productpage,v1,Running,True
1779217174,productpage,v1,Running,True
1779217174,productpage,v1,Running,True
1779217174,productpage,v1,Running,True
1779217174,productpage,v1,Running,True
1779217174,productpage,v1,Running,True
1779217174,productpage,v1,Running,True
1779217174,productpage,v1,Running,True
1779217174,productpage,v1,Running,True
1779217174,productpage,v1,Running,True
1779217174,productpage,v1,Running,True
1779217174,productpage,v1,Running,True
1779217174,productpage,v1,Running,True
1779217174,productpage,v1,Running,True
1779217174,productpage,v1,Running,True
1779217174,ratings,v1,Running,True
1779217174,reviews,v1,Running,True
1779217174,reviews,v2,Running,True
1779217174,reviews,v2,Running,True
1779217174,reviews,v3,Running,True
1779217174,reviews,v3,Running,True
1779217175,details,v1,Running,True
1779217175,details,v1,Running,True
1779217175,details,v1,Running,True
1779217175,details,v1,Running,True
1779217175,productpage,v1,Running,True
1779217175,productpage,v1,Running,True
1779217175,productpage,v1,Running,True
1779217175,productpage,v1,Running,True
1779217175,productpage,v1,Running,True
1779217175,productpage,v1,Running,True
1779217175,productpage,v1,Running,True
1779217175,productpage,v1,Running,True
1779217175,productpage,v1,Running,True
1779217175,productpage,v1,Running,True
1779217175,productpage,v1,Running,True
1779217175,productpage,v1,Running,True
1779217175,productpage,v1,Running,True
1779217175,productpage,v1,Running,True
1779217175,productpage,v1,Running,True
1779217175,ratings,v1,Running,True
1779217175,reviews,v1,Running,True
1779217175,reviews,v2,Running,True
1779217175,reviews,v2,Running,True
1779217175,reviews,v3,Running,True
1779217175,reviews,v3,Running,True
1779217176,details,v1,Running,True
1779217176,details,v1,Running,True
1779217176,details,v1,Running,True
1779217176,details,v1,Running,True
1779217176,productpage,v1,Running,True
1779217176,productpage,v1,Running,True
1779217176,productpage,v1,Running,True
1779217176,productpage,v1,Running,True
1779217176,productpage,v1,Running,True
1779217176,productpage,v1,Running,True
1779217176,productpage,v1,Running,True
1779217176,productpage,v1,Running,True
1779217176,productpage,v1,Running,True
1779217176,productpage,v1,Running,True
1779217176,productpage,v1,Running,True
1779217176,productpage,v1,Running,True
1779217176,productpage,v1,Running,True
1779217176,productpage,v1,Running,True
1779217176,productpage,v1,Running,True
1779217176,ratings,v1,Running,True
1779217176,reviews,v1,Running,True
1779217176,reviews,v2,Running,True
1779217176,reviews,v2,Running,True
1779217176,reviews,v3,Running,True
1779217176,reviews,v3,Running,True
1779217177,details,v1,Running,True
1779217177,details,v1,Running,True
1779217177,details,v1,Running,True
1779217177,details,v1,Running,True
1779217177,productpage,v1,Running,True
1779217177,productpage,v1,Running,True
1779217177,productpage,v1,Running,True
1779217177,productpage,v1,Running,True
1779217177,productpage,v1,Running,True
1779217177,productpage,v1,Running,True
1779217177,productpage,v1,Running,True
1779217177,productpage,v1,Running,True
1779217177,productpage,v1,Running,True
1779217177,productpage,v1,Running,True
1779217177,productpage,v1,Running,True
1779217177,productpage,v1,Running,True
1779217177,productpage,v1,Running,True
1779217177,productpage,v1,Running,True
1779217177,productpage,v1,Running,True
1779217177,ratings,v1,Running,True
1779217177,reviews,v1,Running,True
1779217177,reviews,v2,Running,True
1779217177,reviews,v2,Running,True
1779217177,reviews,v3,Running,True
1779217177,reviews,v3,Running,True
1779217178,details,v1,Running,True
1779217178,details,v1,Running,True
1779217178,details,v1,Running,True
1779217178,details,v1,Running,True
1779217178,productpage,v1,Running,True
1779217178,productpage,v1,Running,True
1779217178,productpage,v1,Running,True
1779217178,productpage,v1,Running,True
1779217178,productpage,v1,Running,True
1779217178,productpage,v1,Running,True
1779217178,productpage,v1,Running,True
1779217178,productpage,v1,Running,True
1779217178,productpage,v1,Running,True
1779217178,productpage,v1,Running,True
1779217178,productpage,v1,Running,True
1779217178,productpage,v1,Running,True
1779217178,productpage,v1,Running,True
1779217178,productpage,v1,Running,True
1779217178,productpage,v1,Running,True
1779217178,ratings,v1,Running,True
1779217178,reviews,v1,Running,True
1779217178,reviews,v2,Running,True
1779217178,reviews,v2,Running,True
1779217178,reviews,v3,Running,True
1779217178,reviews,v3,Running,True
1779217179,details,v1,Running,True
1779217179,details,v1,Running,True
1779217179,details,v1,Running,True
1779217179,details,v1,Running,True
1779217179,productpage,v1,Running,True
1779217179,productpage,v1,Running,True
1779217179,productpage,v1,Running,True
1779217179,productpage,v1,Running,True
1779217179,productpage,v1,Running,True
1779217179,productpage,v1,Running,True
1779217179,productpage,v1,Running,True
1779217179,productpage,v1,Running,True
1779217179,productpage,v1,Running,True
1779217179,productpage,v1,Running,True
1779217179,productpage,v1,Running,True
1779217179,productpage,v1,Running,True
1779217179,productpage,v1,Running,True
1779217179,productpage,v1,Running,True
1779217179,productpage,v1,Running,True
1779217179,ratings,v1,Running,True
1779217179,reviews,v1,Running,True
1779217179,reviews,v2,Running,True
1779217179,reviews,v2,Running,True
1779217179,reviews,v3,Running,True
1779217179,reviews,v3,Running,True
1779217180,details,v1,Running,True
1779217180,details,v1,Running,True
1779217180,details,v1,Running,True
1779217180,details,v1,Running,True
1779217180,productpage,v1,Running,True
1779217180,productpage,v1,Running,True
1779217180,productpage,v1,Running,True
1779217180,productpage,v1,Running,True
1779217180,productpage,v1,Running,True
1779217180,productpage,v1,Running,True
1779217180,productpage,v1,Running,True
1779217180,productpage,v1,Running,True
1779217180,productpage,v1,Running,True
1779217180,productpage,v1,Running,True
1779217180,productpage,v1,Running,True
1779217180,productpage,v1,Running,True
1779217180,productpage,v1,Running,True
1779217180,productpage,v1,Running,True
1779217180,productpage,v1,Running,True
1779217180,ratings,v1,Running,True
1779217180,reviews,v1,Running,True
1779217180,reviews,v2,Running,True
1779217180,reviews,v2,Running,True
1779217180,reviews,v3,Running,True
1779217180,reviews,v3,Running,True
1779217181,details,v1,Running,True
1779217181,details,v1,Running,True
1779217181,details,v1,Running,True
1779217181,details,v1,Running,True
1779217181,productpage,v1,Running,True
1779217181,productpage,v1,Running,True
1779217181,productpage,v1,Running,True
1779217181,productpage,v1,Running,True
1779217181,productpage,v1,Running,True
1779217181,productpage,v1,Running,True
1779217181,productpage,v1,Running,True
1779217181,productpage,v1,Running,True
1779217181,productpage,v1,Running,True
1779217181,productpage,v1,Running,True
1779217181,productpage,v1,Running,True
1779217181,productpage,v1,Running,True
1779217181,productpage,v1,Running,True
1779217181,productpage,v1,Running,True
1779217181,productpage,v1,Running,True
1779217181,ratings,v1,Running,True
1779217181,reviews,v1,Running,True
1779217181,reviews,v2,Running,True
1779217181,reviews,v2,Running,True
1779217181,reviews,v3,Running,True
1779217181,reviews,v3,Running,True
1779217182,details,v1,Running,True
1779217182,details,v1,Running,True
1779217182,details,v1,Running,True
1779217182,details,v1,Running,True
1779217182,productpage,v1,Running,True
1779217182,productpage,v1,Running,True
1779217182,productpage,v1,Running,True
1779217182,productpage,v1,Running,True
1779217182,productpage,v1,Running,True
1779217182,productpage,v1,Running,True
1779217182,productpage,v1,Running,True
1779217182,productpage,v1,Running,True
1779217182,productpage,v1,Running,True
1779217182,productpage,v1,Running,True
1779217182,productpage,v1,Running,True
1779217182,productpage,v1,Running,True
1779217182,productpage,v1,Running,True
1779217182,productpage,v1,Running,True
1779217182,productpage,v1,Running,True
1779217182,ratings,v1,Running,True
1779217182,reviews,v1,Running,True
1779217182,reviews,v2,Running,True
1779217182,reviews,v2,Running,True
1779217182,reviews,v3,Running,True
1779217182,reviews,v3,Running,True
1779217183,details,v1,Running,True
1779217183,details,v1,Running,True
1779217183,details,v1,Running,True
1779217183,details,v1,Running,True
1779217183,productpage,v1,Running,True
1779217183,productpage,v1,Running,True
1779217183,productpage,v1,Running,True
1779217183,productpage,v1,Running,True
1779217183,productpage,v1,Running,True
1779217183,productpage,v1,Running,True
1779217183,productpage,v1,Running,True
1779217183,productpage,v1,Running,True
1779217183,productpage,v1,Running,True
1779217183,productpage,v1,Running,True
1779217183,productpage,v1,Running,True
1779217183,productpage,v1,Running,True
1779217183,productpage,v1,Running,True
1779217183,productpage,v1,Running,True
1779217183,productpage,v1,Running,True
1779217183,ratings,v1,Running,True
1779217183,reviews,v1,Running,True
1779217183,reviews,v2,Running,True
1779217183,reviews,v2,Running,True
1779217183,reviews,v3,Running,True
1779217183,reviews,v3,Running,True
1779217184,details,v1,Running,True
1779217184,details,v1,Running,True
1779217184,details,v1,Running,True
1779217184,details,v1,Running,True
1779217184,productpage,v1,Running,True
1779217184,productpage,v1,Running,True
1779217184,productpage,v1,Running,True
1779217184,productpage,v1,Running,True
1779217184,productpage,v1,Running,True
1779217184,productpage,v1,Running,True
1779217184,productpage,v1,Running,True
1779217184,productpage,v1,Running,True
1779217184,productpage,v1,Running,True
1779217184,productpage,v1,Running,True
1779217184,productpage,v1,Running,True
1779217184,productpage,v1,Running,True
1779217184,productpage,v1,Running,True
1779217184,productpage,v1,Running,True
1779217184,productpage,v1,Running,True
1779217184,ratings,v1,Running,True
1779217184,reviews,v1,Running,True
1779217184,reviews,v2,Running,True
1779217184,reviews,v2,Running,True
1779217184,reviews,v3,Running,True
1779217184,reviews,v3,Running,True
1779217185,details,v1,Running,True
1779217185,details,v1,Running,True
1779217185,details,v1,Running,True
1779217185,details,v1,Running,True
1779217185,productpage,v1,Running,True
1779217185,productpage,v1,Running,True
1779217185,productpage,v1,Running,True
1779217185,productpage,v1,Running,True
1779217185,productpage,v1,Running,True
1779217185,productpage,v1,Running,True
1779217185,productpage,v1,Running,True
1779217185,productpage,v1,Running,True
1779217185,productpage,v1,Running,True
1779217185,productpage,v1,Running,True
1779217185,productpage,v1,Running,True
1779217185,productpage,v1,Running,True
1779217185,productpage,v1,Running,True
1779217185,productpage,v1,Running,True
1779217185,productpage,v1,Running,True
1779217185,ratings,v1,Running,True
1779217185,reviews,v1,Running,True
1779217185,reviews,v2,Running,True
1779217185,reviews,v2,Running,True
1779217185,reviews,v3,Running,True
1779217185,reviews,v3,Running,True
1779217186,details,v1,Running,True
1779217186,details,v1,Running,True
1779217186,details,v1,Running,True
1779217186,details,v1,Running,True
1779217186,productpage,v1,Running,True
1779217186,productpage,v1,Running,True
1779217186,productpage,v1,Running,True
1779217186,productpage,v1,Running,True
1779217186,productpage,v1,Running,True
1779217186,productpage,v1,Running,True
1779217186,productpage,v1,Running,True
1779217186,productpage,v1,Running,True
1779217186,productpage,v1,Running,True
1779217186,productpage,v1,Running,True
1779217186,productpage,v1,Running,True
1779217186,productpage,v1,Running,True
1779217186,productpage,v1,Running,True
1779217186,productpage,v1,Running,True
1779217186,productpage,v1,Running,True
1779217186,ratings,v1,Running,True
1779217186,reviews,v1,Running,True
1779217186,reviews,v2,Running,True
1779217186,reviews,v2,Running,True
1779217186,reviews,v3,Running,True
1779217186,reviews,v3,Running,True
1779217187,details,v1,Running,True
1779217187,details,v1,Running,True
1779217187,details,v1,Running,True
1779217187,details,v1,Running,True
1779217187,productpage,v1,Running,True
1779217187,productpage,v1,Running,True
1779217187,productpage,v1,Running,True
1779217187,productpage,v1,Running,True
1779217187,productpage,v1,Running,True
1779217187,productpage,v1,Running,True
1779217187,productpage,v1,Running,True
1779217187,productpage,v1,Running,True
1779217187,productpage,v1,Running,True
1779217187,productpage,v1,Running,True
1779217187,productpage,v1,Running,True
1779217187,productpage,v1,Running,True
1779217187,productpage,v1,Running,True
1779217187,productpage,v1,Running,True
1779217187,productpage,v1,Running,True
1779217187,ratings,v1,Running,True
1779217187,reviews,v1,Running,True
1779217187,reviews,v2,Running,True
1779217187,reviews,v2,Running,True
1779217187,reviews,v3,Running,True
1779217187,reviews,v3,Running,True
1779217188,details,v1,Running,True
1779217188,details,v1,Running,True
1779217188,details,v1,Running,True
1779217188,details,v1,Running,True
1779217188,productpage,v1,Running,True
1779217188,productpage,v1,Running,True
1779217188,productpage,v1,Running,True
1779217188,productpage,v1,Running,True
1779217188,productpage,v1,Running,True
1779217188,productpage,v1,Running,True
1779217188,productpage,v1,Running,True
1779217188,productpage,v1,Running,True
1779217188,productpage,v1,Running,True
1779217188,productpage,v1,Running,True
1779217188,productpage,v1,Running,True
1779217188,productpage,v1,Running,True
1779217188,productpage,v1,Running,True
1779217188,productpage,v1,Running,True
1779217188,productpage,v1,Running,True
1779217188,ratings,v1,Running,True
1779217188,reviews,v1,Running,True
1779217188,reviews,v2,Running,True
1779217188,reviews,v2,Running,True
1779217188,reviews,v3,Running,True
1779217188,reviews,v3,Running,True
1779217189,details,v1,Running,True
1779217189,details,v1,Running,True
1779217189,details,v1,Running,True
1779217189,details,v1,Running,True
1779217189,productpage,v1,Running,True
1779217189,productpage,v1,Running,True
1779217189,productpage,v1,Running,True
1779217189,productpage,v1,Running,True
1779217189,productpage,v1,Running,True
1779217189,productpage,v1,Running,True
1779217189,productpage,v1,Running,True
1779217189,productpage,v1,Running,True
1779217189,productpage,v1,Running,True
1779217189,productpage,v1,Running,True
1779217189,productpage,v1,Running,True
1779217189,productpage,v1,Running,True
1779217189,productpage,v1,Running,True
1779217189,productpage,v1,Running,True
1779217189,productpage,v1,Running,True
1779217189,ratings,v1,Running,True
1779217189,reviews,v1,Running,True
1779217189,reviews,v2,Running,True
1779217189,reviews,v2,Running,True
1779217189,reviews,v3,Running,True
1779217189,reviews,v3,Running,True
1779217190,details,v1,Running,True
1779217190,details,v1,Running,True
1779217190,details,v1,Running,True
1779217190,details,v1,Running,True
1779217190,productpage,v1,Running,True
1779217190,productpage,v1,Running,True
1779217190,productpage,v1,Running,True
1779217190,productpage,v1,Running,True
1779217190,productpage,v1,Running,True
1779217190,productpage,v1,Running,True
1779217190,productpage,v1,Running,True
1779217190,productpage,v1,Running,True
1779217190,productpage,v1,Running,True
1779217190,productpage,v1,Running,True
1779217190,productpage,v1,Running,True
1779217190,productpage,v1,Running,True
1779217190,productpage,v1,Running,True
1779217190,productpage,v1,Running,True
1779217190,productpage,v1,Running,True
1779217190,ratings,v1,Running,True
1779217190,reviews,v1,Running,True
1779217190,reviews,v2,Running,True
1779217190,reviews,v2,Running,True
1779217190,reviews,v3,Running,True
1779217190,reviews,v3,Running,True
1779217191,details,v1,Running,True
1779217191,details,v1,Running,True
1779217191,details,v1,Running,True
1779217191,details,v1,Running,True
1779217191,productpage,v1,Running,True
1779217191,productpage,v1,Running,True
1779217191,productpage,v1,Running,True
1779217191,productpage,v1,Running,True
1779217191,productpage,v1,Running,True
1779217191,productpage,v1,Running,True
1779217191,productpage,v1,Running,True
1779217191,productpage,v1,Running,True
1779217191,productpage,v1,Running,True
1779217191,productpage,v1,Running,True
1779217191,productpage,v1,Running,True
1779217191,productpage,v1,Running,True
1779217191,productpage,v1,Running,True
1779217191,productpage,v1,Running,True
1779217191,productpage,v1,Running,True
1779217191,ratings,v1,Running,True
1779217191,reviews,v1,Running,True
1779217191,reviews,v2,Running,True
1779217191,reviews,v2,Running,True
1779217191,reviews,v3,Running,True
1779217191,reviews,v3,Running,True
1779217192,details,v1,Running,True
1779217192,details,v1,Running,True
1779217192,details,v1,Running,True
1779217192,details,v1,Running,True
1779217192,productpage,v1,Running,True
1779217192,productpage,v1,Running,True
1779217192,productpage,v1,Running,True
1779217192,productpage,v1,Running,True
1779217192,productpage,v1,Running,True
1779217192,productpage,v1,Running,True
1779217192,productpage,v1,Running,True
1779217192,productpage,v1,Running,True
1779217192,productpage,v1,Running,True
1779217192,productpage,v1,Running,True
1779217192,productpage,v1,Running,True
1779217192,productpage,v1,Running,True
1779217192,productpage,v1,Running,True
1779217192,productpage,v1,Running,True
1779217192,productpage,v1,Running,True
1779217192,ratings,v1,Running,True
1779217192,reviews,v1,Running,True
1779217192,reviews,v2,Running,True
1779217192,reviews,v2,Running,True
1779217192,reviews,v3,Running,True
1779217192,reviews,v3,Running,True
1779217193,details,v1,Running,True
1779217193,details,v1,Running,True
1779217193,details,v1,Running,True
1779217193,details,v1,Running,True
1779217193,productpage,v1,Running,True
1779217193,productpage,v1,Running,True
1779217193,productpage,v1,Running,True
1779217193,productpage,v1,Running,True
1779217193,productpage,v1,Running,True
1779217193,productpage,v1,Running,True
1779217193,productpage,v1,Running,True
1779217193,productpage,v1,Running,True
1779217193,productpage,v1,Running,True
1779217193,productpage,v1,Running,True
1779217193,productpage,v1,Running,True
1779217193,productpage,v1,Running,True
1779217193,productpage,v1,Running,True
1779217193,productpage,v1,Running,True
1779217193,productpage,v1,Running,True
1779217193,ratings,v1,Running,True
1779217193,reviews,v1,Running,True
1779217193,reviews,v2,Running,True
1779217193,reviews,v2,Running,True
1779217193,reviews,v3,Running,True
1779217193,reviews,v3,Running,True
1779217194,details,v1,Running,True
1779217194,details,v1,Running,True
1779217194,details,v1,Running,True
1779217194,details,v1,Running,True
1779217194,productpage,v1,Running,True
1779217194,productpage,v1,Running,True
1779217194,productpage,v1,Running,True
1779217194,productpage,v1,Running,True
1779217194,productpage,v1,Running,True
1779217194,productpage,v1,Running,True
1779217194,productpage,v1,Running,True
1779217194,productpage,v1,Running,True
1779217194,productpage,v1,Running,True
1779217194,productpage,v1,Running,True
1779217194,productpage,v1,Running,True
1779217194,productpage,v1,Running,True
1779217194,productpage,v1,Running,True
1779217194,productpage,v1,Running,True
1779217194,productpage,v1,Running,True
1779217194,ratings,v1,Running,True
1779217194,reviews,v1,Running,True
1779217194,reviews,v2,Running,True
1779217194,reviews,v2,Running,True
1779217194,reviews,v3,Running,True
1779217194,reviews,v3,Running,True
1779217195,details,v1,Running,True
1779217195,details,v1,Running,True
1779217195,details,v1,Running,True
1779217195,details,v1,Running,True
1779217195,productpage,v1,Running,True
1779217195,productpage,v1,Running,True
1779217195,productpage,v1,Running,True
1779217195,productpage,v1,Running,True
1779217195,productpage,v1,Running,True
1779217195,productpage,v1,Running,True
1779217195,productpage,v1,Running,True
1779217195,productpage,v1,Running,True
1779217195,productpage,v1,Running,True
1779217195,productpage,v1,Running,True
1779217195,productpage,v1,Running,True
1779217195,productpage,v1,Running,True
1779217195,productpage,v1,Running,True
1779217195,productpage,v1,Running,True
1779217195,productpage,v1,Running,True
1779217195,ratings,v1,Running,True
1779217195,reviews,v1,Running,True
1779217195,reviews,v2,Running,True
1779217195,reviews,v2,Running,True
1779217195,reviews,v3,Running,True
1779217195,reviews,v3,Running,True
1779217196,details,v1,Running,True
1779217196,details,v1,Running,True
1779217196,details,v1,Running,True
1779217196,details,v1,Running,True
1779217196,productpage,v1,Running,True
1779217196,productpage,v1,Running,True
1779217196,productpage,v1,Running,True
1779217196,productpage,v1,Running,True
1779217196,productpage,v1,Running,True
1779217196,productpage,v1,Running,True
1779217196,productpage,v1,Running,True
1779217196,productpage,v1,Running,True
1779217196,productpage,v1,Running,True
1779217196,productpage,v1,Running,True
1779217196,productpage,v1,Running,True
1779217196,productpage,v1,Running,True
1779217196,productpage,v1,Running,True
1779217196,productpage,v1,Running,True
1779217196,productpage,v1,Running,True
1779217196,ratings,v1,Running,True
1779217196,reviews,v1,Running,True
1779217196,reviews,v2,Running,True
1779217196,reviews,v2,Running,True
1779217196,reviews,v3,Running,True
1779217196,reviews,v3,Running,True
1779217197,details,v1,Running,True
1779217197,details,v1,Running,True
1779217197,details,v1,Running,True
1779217197,details,v1,Running,True
1779217197,productpage,v1,Running,True
1779217197,productpage,v1,Running,True
1779217197,productpage,v1,Running,True
1779217197,productpage,v1,Running,True
1779217197,productpage,v1,Running,True
1779217197,productpage,v1,Running,True
1779217197,productpage,v1,Running,True
1779217197,productpage,v1,Running,True
1779217197,productpage,v1,Running,True
1779217197,productpage,v1,Running,True
1779217197,productpage,v1,Running,True
1779217197,productpage,v1,Running,True
1779217197,productpage,v1,Running,True
1779217197,productpage,v1,Running,True
1779217197,productpage,v1,Running,True
1779217197,ratings,v1,Running,True
1779217197,reviews,v1,Running,True
1779217197,reviews,v2,Running,True
1779217197,reviews,v2,Running,True
1779217197,reviews,v3,Running,True
1779217197,reviews,v3,Running,True
1779217198,details,v1,Running,True
1779217198,details,v1,Running,True
1779217198,details,v1,Running,True
1779217198,details,v1,Running,True
1779217198,productpage,v1,Running,True
1779217198,productpage,v1,Running,True
1779217198,productpage,v1,Running,True
1779217198,productpage,v1,Running,True
1779217198,productpage,v1,Running,True
1779217198,productpage,v1,Running,True
1779217198,productpage,v1,Running,True
1779217198,productpage,v1,Running,True
1779217198,productpage,v1,Running,True
1779217198,productpage,v1,Running,True
1779217198,productpage,v1,Running,True
1779217198,productpage,v1,Running,True
1779217198,productpage,v1,Running,True
1779217198,productpage,v1,Running,True
1779217198,productpage,v1,Running,True
1779217198,ratings,v1,Running,True
1779217198,reviews,v1,Running,True
1779217198,reviews,v2,Running,True
1779217198,reviews,v2,Running,True
1779217198,reviews,v3,Running,True
1779217198,reviews,v3,Running,True
1779217199,details,v1,Running,True
1779217199,details,v1,Running,True
1779217199,details,v1,Running,True
1779217199,details,v1,Running,True
1779217199,productpage,v1,Running,True
1779217199,productpage,v1,Running,True
1779217199,productpage,v1,Running,True
1779217199,productpage,v1,Running,True
1779217199,productpage,v1,Running,True
1779217199,productpage,v1,Running,True
1779217199,productpage,v1,Running,True
1779217199,productpage,v1,Running,True
1779217199,productpage,v1,Running,True
1779217199,productpage,v1,Running,True
1779217199,productpage,v1,Running,True
1779217199,productpage,v1,Running,True
1779217199,productpage,v1,Running,True
1779217199,productpage,v1,Running,True
1779217199,productpage,v1,Running,True
1779217199,ratings,v1,Running,True
1779217199,reviews,v1,Running,True
1779217199,reviews,v2,Running,True
1779217199,reviews,v2,Running,True
1779217199,reviews,v3,Running,True
1779217199,reviews,v3,Running,True
1779217200,details,v1,Running,True
1779217200,details,v1,Running,True
1779217200,details,v1,Running,True
1779217200,details,v1,Running,True
1779217200,productpage,v1,Running,True
1779217200,productpage,v1,Running,True
1779217200,productpage,v1,Running,True
1779217200,productpage,v1,Running,True
1779217200,productpage,v1,Running,True
1779217200,productpage,v1,Running,True
1779217200,productpage,v1,Running,True
1779217200,productpage,v1,Running,True
1779217200,productpage,v1,Running,True
1779217200,productpage,v1,Running,True
1779217200,productpage,v1,Running,True
1779217200,productpage,v1,Running,True
1779217200,productpage,v1,Running,True
1779217200,productpage,v1,Running,True
1779217200,productpage,v1,Running,True
1779217200,ratings,v1,Running,True
1779217200,reviews,v1,Running,True
1779217200,reviews,v2,Running,True
1779217200,reviews,v2,Running,True
1779217200,reviews,v3,Running,True
1779217200,reviews,v3,Running,True
1779217201,details,v1,Running,True
1779217201,details,v1,Running,True
1779217201,details,v1,Running,True
1779217201,details,v1,Running,True
1779217201,productpage,v1,Running,True
1779217201,productpage,v1,Running,True
1779217201,productpage,v1,Running,True
1779217201,productpage,v1,Running,True
1779217201,productpage,v1,Running,True
1779217201,productpage,v1,Running,True
1779217201,productpage,v1,Running,True
1779217201,productpage,v1,Running,True
1779217201,productpage,v1,Running,True
1779217201,productpage,v1,Running,True
1779217201,productpage,v1,Running,True
1779217201,productpage,v1,Running,True
1779217201,productpage,v1,Running,True
1779217201,productpage,v1,Running,True
1779217201,productpage,v1,Running,True
1779217201,ratings,v1,Running,True
1779217201,reviews,v1,Running,True
1779217201,reviews,v2,Running,True
1779217201,reviews,v2,Running,True
1779217201,reviews,v3,Running,True
1779217201,reviews,v3,Running,True
1779217202,details,v1,Running,True
1779217202,details,v1,Running,True
1779217202,details,v1,Running,True
1779217202,details,v1,Running,True
1779217202,productpage,v1,Running,True
1779217202,productpage,v1,Running,True
1779217202,productpage,v1,Running,True
1779217202,productpage,v1,Running,True
1779217202,productpage,v1,Running,True
1779217202,productpage,v1,Running,True
1779217202,productpage,v1,Running,True
1779217202,productpage,v1,Running,True
1779217202,productpage,v1,Running,True
1779217202,productpage,v1,Running,True
1779217202,productpage,v1,Running,True
1779217202,productpage,v1,Running,True
1779217202,productpage,v1,Running,True
1779217202,productpage,v1,Running,True
1779217202,productpage,v1,Running,True
1779217202,ratings,v1,Running,True
1779217202,reviews,v1,Running,True
1779217202,reviews,v2,Running,True
1779217202,reviews,v2,Running,True
1779217202,reviews,v3,Running,True
1779217202,reviews,v3,Running,True
1779217203,details,v1,Running,True
1779217203,details,v1,Running,True
1779217203,details,v1,Running,True
1779217203,details,v1,Running,True
1779217203,productpage,v1,Running,True
1779217203,productpage,v1,Running,True
1779217203,productpage,v1,Running,True
1779217203,productpage,v1,Running,True
1779217203,productpage,v1,Running,True
1779217203,productpage,v1,Running,True
1779217203,productpage,v1,Running,True
1779217203,productpage,v1,Running,True
1779217203,productpage,v1,Running,True
1779217203,productpage,v1,Running,True
1779217203,productpage,v1,Running,True
1779217203,productpage,v1,Running,True
1779217203,productpage,v1,Running,True
1779217203,productpage,v1,Running,True
1779217203,productpage,v1,Running,True
1779217203,ratings,v1,Running,True
1779217203,reviews,v1,Running,True
1779217203,reviews,v2,Running,True
1779217203,reviews,v2,Running,True
1779217203,reviews,v3,Running,True
1779217203,reviews,v3,Running,True
1779217204,details,v1,Running,True
1779217204,details,v1,Running,True
1779217204,details,v1,Running,True
1779217204,details,v1,Running,True
1779217204,productpage,v1,Running,True
1779217204,productpage,v1,Running,True
1779217204,productpage,v1,Running,True
1779217204,productpage,v1,Running,True
1779217204,productpage,v1,Running,True
1779217204,productpage,v1,Running,True
1779217204,productpage,v1,Running,True
1779217204,productpage,v1,Running,True
1779217204,productpage,v1,Running,True
1779217204,productpage,v1,Running,True
1779217204,productpage,v1,Running,True
1779217204,productpage,v1,Running,True
1779217204,productpage,v1,Running,True
1779217204,productpage,v1,Running,True
1779217204,productpage,v1,Running,True
1779217204,ratings,v1,Running,True
1779217204,reviews,v1,Running,True
1779217204,reviews,v2,Running,True
1779217204,reviews,v2,Running,True
1779217204,reviews,v3,Running,True
1779217204,reviews,v3,Running,True
1779217205,details,v1,Running,True
1779217205,details,v1,Running,True
1779217205,details,v1,Running,True
1779217205,details,v1,Running,True
1779217205,productpage,v1,Running,True
1779217205,productpage,v1,Running,True
1779217205,productpage,v1,Running,True
1779217205,productpage,v1,Running,True
1779217205,productpage,v1,Running,True
1779217205,productpage,v1,Running,True
1779217205,productpage,v1,Running,True
1779217205,productpage,v1,Running,True
1779217205,productpage,v1,Running,True
1779217205,productpage,v1,Running,True
1779217205,productpage,v1,Running,True
1779217205,productpage,v1,Running,True
1779217205,productpage,v1,Running,True
1779217205,productpage,v1,Running,True
1779217205,productpage,v1,Running,True
1779217205,ratings,v1,Running,True
1779217205,reviews,v1,Running,True
1779217205,reviews,v2,Running,True
1779217205,reviews,v2,Running,True
1779217205,reviews,v3,Running,True
1779217205,reviews,v3,Running,True
1779217206,details,v1,Running,True
1779217206,details,v1,Running,True
1779217206,details,v1,Running,True
1779217206,details,v1,Running,True
1779217206,productpage,v1,Running,True
1779217206,productpage,v1,Running,True
1779217206,productpage,v1,Running,True
1779217206,productpage,v1,Running,True
1779217206,productpage,v1,Running,True
1779217206,productpage,v1,Running,True
1779217206,productpage,v1,Running,True
1779217206,productpage,v1,Running,True
1779217206,productpage,v1,Running,True
1779217206,productpage,v1,Running,True
1779217206,productpage,v1,Running,True
1779217206,productpage,v1,Running,True
1779217206,productpage,v1,Running,True
1779217206,productpage,v1,Running,True
1779217206,productpage,v1,Running,True
1779217206,ratings,v1,Running,True
1779217206,reviews,v1,Running,True
1779217206,reviews,v2,Running,True
1779217206,reviews,v2,Running,True
1779217206,reviews,v3,Running,True
1779217206,reviews,v3,Running,True
1779217207,details,v1,Running,True
1779217207,details,v1,Running,True
1779217207,details,v1,Running,True
1779217207,details,v1,Running,True
1779217207,productpage,v1,Running,True
1779217207,productpage,v1,Running,True
1779217207,productpage,v1,Running,True
1779217207,productpage,v1,Running,True
1779217207,productpage,v1,Running,True
1779217207,productpage,v1,Running,True
1779217207,productpage,v1,Running,True
1779217207,productpage,v1,Running,True
1779217207,productpage,v1,Running,True
1779217207,productpage,v1,Running,True
1779217207,productpage,v1,Running,True
1779217207,productpage,v1,Running,True
1779217207,productpage,v1,Running,True
1779217207,productpage,v1,Running,True
1779217207,productpage,v1,Running,True
1779217207,ratings,v1,Running,True
1779217207,reviews,v1,Running,True
1779217207,reviews,v2,Running,True
1779217207,reviews,v2,Running,True
1779217207,reviews,v3,Running,True
1779217207,reviews,v3,Running,True
1779217208,details,v1,Running,True
1779217208,details,v1,Running,True
1779217208,details,v1,Running,True
1779217208,details,v1,Running,True
1779217208,productpage,v1,Running,True
1779217208,productpage,v1,Running,True
1779217208,productpage,v1,Running,True
1779217208,productpage,v1,Running,True
1779217208,productpage,v1,Running,True
1779217208,productpage,v1,Running,True
1779217208,productpage,v1,Running,True
1779217208,productpage,v1,Running,True
1779217208,productpage,v1,Running,True
1779217208,productpage,v1,Running,True
1779217208,productpage,v1,Running,True
1779217208,productpage,v1,Running,True
1779217208,productpage,v1,Running,True
1779217208,productpage,v1,Running,True
1779217208,productpage,v1,Running,True
1779217208,ratings,v1,Running,True
1779217208,reviews,v1,Running,True
1779217208,reviews,v2,Running,True
1779217208,reviews,v2,Running,True
1779217208,reviews,v3,Running,True
1779217208,reviews,v3,Running,True
1779217209,details,v1,Running,True
1779217209,details,v1,Running,True
1779217209,details,v1,Running,True
1779217209,details,v1,Running,True
1779217209,productpage,v1,Running,True
1779217209,productpage,v1,Running,True
1779217209,productpage,v1,Running,True
1779217209,productpage,v1,Running,True
1779217209,productpage,v1,Running,True
1779217209,productpage,v1,Running,True
1779217209,productpage,v1,Running,True
1779217209,productpage,v1,Running,True
1779217209,productpage,v1,Running,True
1779217209,productpage,v1,Running,True
1779217209,productpage,v1,Running,True
1779217209,productpage,v1,Running,True
1779217209,productpage,v1,Running,True
1779217209,productpage,v1,Running,True
1779217209,productpage,v1,Running,True
1779217209,ratings,v1,Running,True
1779217209,reviews,v1,Running,True
1779217209,reviews,v2,Running,True
1779217209,reviews,v2,Running,True
1779217209,reviews,v3,Running,True
1779217209,reviews,v3,Running,True
1779217210,details,v1,Running,True
1779217210,details,v1,Running,True
1779217210,details,v1,Running,True
1779217210,details,v1,Running,True
1779217210,productpage,v1,Running,True
1779217210,productpage,v1,Running,True
1779217210,productpage,v1,Running,True
1779217210,productpage,v1,Running,True
1779217210,productpage,v1,Running,True
1779217210,productpage,v1,Running,True
1779217210,productpage,v1,Running,True
1779217210,productpage,v1,Running,True
1779217210,productpage,v1,Running,True
1779217210,productpage,v1,Running,True
1779217210,productpage,v1,Running,True
1779217210,productpage,v1,Running,True
1779217210,productpage,v1,Running,True
1779217210,productpage,v1,Running,True
1779217210,productpage,v1,Running,True
1779217210,ratings,v1,Running,True
1779217210,reviews,v1,Running,True
1779217210,reviews,v2,Running,True
1779217210,reviews,v2,Running,True
1779217210,reviews,v3,Running,True
1779217210,reviews,v3,Running,True
1779217211,details,v1,Running,True
1779217211,details,v1,Running,True
1779217211,details,v1,Running,True
1779217211,details,v1,Running,True
1779217211,productpage,v1,Running,True
1779217211,productpage,v1,Running,True
1779217211,productpage,v1,Running,True
1779217211,productpage,v1,Running,True
1779217211,productpage,v1,Running,True
1779217211,productpage,v1,Running,True
1779217211,productpage,v1,Running,True
1779217211,productpage,v1,Running,True
1779217211,productpage,v1,Running,True
1779217211,productpage,v1,Running,True
1779217211,productpage,v1,Running,True
1779217211,productpage,v1,Running,True
1779217211,productpage,v1,Running,True
1779217211,productpage,v1,Running,True
1779217211,productpage,v1,Running,True
1779217211,ratings,v1,Running,True
1779217211,reviews,v1,Running,True
1779217211,reviews,v2,Running,True
1779217211,reviews,v2,Running,True
1779217211,reviews,v3,Running,True
1779217211,reviews,v3,Running,True
1779217212,details,v1,Running,True
1779217212,details,v1,Running,True
1779217212,details,v1,Running,True
1779217212,details,v1,Running,True
1779217212,productpage,v1,Running,True
1779217212,productpage,v1,Running,True
1779217212,productpage,v1,Running,True
1779217212,productpage,v1,Running,True
1779217212,productpage,v1,Running,True
1779217212,productpage,v1,Running,True
1779217212,productpage,v1,Running,True
1779217212,productpage,v1,Running,True
1779217212,productpage,v1,Running,True
1779217212,productpage,v1,Running,True
1779217212,productpage,v1,Running,True
1779217212,productpage,v1,Running,True
1779217212,productpage,v1,Running,True
1779217212,productpage,v1,Running,True
1779217212,productpage,v1,Running,True
1779217212,ratings,v1,Running,True
1779217212,reviews,v1,Running,True
1779217212,reviews,v2,Running,True
1779217212,reviews,v2,Running,True
1779217212,reviews,v3,Running,True
1779217212,reviews,v3,Running,True
1779217213,details,v1,Running,True
1779217213,details,v1,Running,True
1779217213,details,v1,Running,True
1779217213,details,v1,Running,True
1779217213,productpage,v1,Running,True
1779217213,productpage,v1,Running,True
1779217213,productpage,v1,Running,True
1779217213,productpage,v1,Running,True
1779217213,productpage,v1,Running,True
1779217213,productpage,v1,Running,True
1779217213,productpage,v1,Running,True
1779217213,productpage,v1,Running,True
1779217213,productpage,v1,Running,True
1779217213,productpage,v1,Running,True
1779217213,productpage,v1,Running,True
1779217213,productpage,v1,Running,True
1779217213,productpage,v1,Running,True
1779217213,productpage,v1,Running,True
1779217213,productpage,v1,Running,True
1779217213,ratings,v1,Running,True
1779217213,reviews,v1,Running,True
1779217213,reviews,v2,Running,True
1779217213,reviews,v2,Running,True
1779217213,reviews,v3,Running,True
1779217213,reviews,v3,Running,True
1779217214,details,v1,Running,True
1779217214,details,v1,Running,True
1779217214,details,v1,Running,True
1779217214,details,v1,Running,True
1779217214,productpage,v1,Running,True
1779217214,productpage,v1,Running,True
1779217214,productpage,v1,Running,True
1779217214,productpage,v1,Running,True
1779217214,productpage,v1,Running,True
1779217214,productpage,v1,Running,True
1779217214,productpage,v1,Running,True
1779217214,productpage,v1,Running,True
1779217214,productpage,v1,Running,True
1779217214,productpage,v1,Running,True
1779217214,productpage,v1,Running,True
1779217214,productpage,v1,Running,True
1779217214,productpage,v1,Running,True
1779217214,productpage,v1,Running,True
1779217214,productpage,v1,Running,True
1779217214,ratings,v1,Running,True
1779217214,reviews,v1,Running,True
1779217214,reviews,v2,Running,True
1779217214,reviews,v2,Running,True
1779217214,reviews,v3,Running,True
1779217214,reviews,v3,Running,True
1779217215,details,v1,Running,True
1779217215,details,v1,Running,True
1779217215,details,v1,Running,True
1779217215,details,v1,Running,True
1779217215,productpage,v1,Running,True
1779217215,productpage,v1,Running,True
1779217215,productpage,v1,Running,True
1779217215,productpage,v1,Running,True
1779217215,productpage,v1,Running,True
1779217215,productpage,v1,Running,True
1779217215,productpage,v1,Running,True
1779217215,productpage,v1,Running,True
1779217215,productpage,v1,Running,True
1779217215,productpage,v1,Running,True
1779217215,productpage,v1,Running,True
1779217215,productpage,v1,Running,True
1779217215,productpage,v1,Running,True
1779217215,productpage,v1,Running,True
1779217215,productpage,v1,Running,True
1779217215,ratings,v1,Running,True
1779217215,reviews,v1,Running,True
1779217215,reviews,v2,Running,True
1779217215,reviews,v2,Running,True
1779217215,reviews,v3,Running,True
1779217215,reviews,v3,Running,True
1779217216,details,v1,Running,True
1779217216,details,v1,Running,True
1779217216,details,v1,Running,True
1779217216,details,v1,Running,True
1779217216,productpage,v1,Running,True
1779217216,productpage,v1,Running,True
1779217216,productpage,v1,Running,True
1779217216,productpage,v1,Running,True
1779217216,productpage,v1,Running,True
1779217216,productpage,v1,Running,True
1779217216,productpage,v1,Running,True
1779217216,productpage,v1,Running,True
1779217216,productpage,v1,Running,True
1779217216,productpage,v1,Running,True
1779217216,productpage,v1,Running,True
1779217216,productpage,v1,Running,True
1779217216,productpage,v1,Running,True
1779217216,productpage,v1,Running,True
1779217216,productpage,v1,Running,True
1779217216,ratings,v1,Running,True
1779217216,reviews,v1,Running,True
1779217216,reviews,v2,Running,True
1779217216,reviews,v2,Running,True
1779217216,reviews,v3,Running,True
1779217216,reviews,v3,Running,True
1779217217,details,v1,Running,True
1779217217,details,v1,Running,True
1779217217,details,v1,Running,True
1779217217,details,v1,Running,True
1779217217,productpage,v1,Running,True
1779217217,productpage,v1,Running,True
1779217217,productpage,v1,Running,True
1779217217,productpage,v1,Running,True
1779217217,productpage,v1,Running,True
1779217217,productpage,v1,Running,True
1779217217,productpage,v1,Running,True
1779217217,productpage,v1,Running,True
1779217217,productpage,v1,Running,True
1779217217,productpage,v1,Running,True
1779217217,productpage,v1,Running,True
1779217217,productpage,v1,Running,True
1779217217,productpage,v1,Running,True
1779217217,productpage,v1,Running,True
1779217217,productpage,v1,Running,True
1779217217,ratings,v1,Running,True
1779217217,reviews,v1,Running,True
1779217217,reviews,v2,Running,True
1779217217,reviews,v2,Running,True
1779217217,reviews,v3,Running,True
1779217217,reviews,v3,Running,True
1779217218,details,v1,Running,True
1779217218,details,v1,Running,True
1779217218,details,v1,Running,True
1779217218,details,v1,Running,True
1779217218,productpage,v1,Running,True
1779217218,productpage,v1,Running,True
1779217218,productpage,v1,Running,True
1779217218,productpage,v1,Running,True
1779217218,productpage,v1,Running,True
1779217218,productpage,v1,Running,True
1779217218,productpage,v1,Running,True
1779217218,productpage,v1,Running,True
1779217218,productpage,v1,Running,True
1779217218,productpage,v1,Running,True
1779217218,productpage,v1,Running,True
1779217218,productpage,v1,Running,True
1779217218,productpage,v1,Running,True
1779217218,productpage,v1,Running,True
1779217218,productpage,v1,Running,True
1779217218,ratings,v1,Running,True
1779217218,reviews,v1,Running,True
1779217218,reviews,v2,Running,True
1779217218,reviews,v2,Running,True
1779217218,reviews,v3,Running,True
1779217218,reviews,v3,Running,True
1779217219,details,v1,Running,True
1779217219,details,v1,Running,True
1779217219,details,v1,Running,True
1779217219,details,v1,Running,True
1779217219,productpage,v1,Running,True
1779217219,productpage,v1,Running,True
1779217219,productpage,v1,Running,True
1779217219,productpage,v1,Running,True
1779217219,productpage,v1,Running,True
1779217219,productpage,v1,Running,True
1779217219,productpage,v1,Running,True
1779217219,productpage,v1,Running,True
1779217219,productpage,v1,Running,True
1779217219,productpage,v1,Running,True
1779217219,productpage,v1,Running,True
1779217219,productpage,v1,Running,True
1779217219,productpage,v1,Running,True
1779217219,productpage,v1,Running,True
1779217219,productpage,v1,Running,True
1779217219,ratings,v1,Running,True
1779217219,reviews,v1,Running,True
1779217219,reviews,v2,Running,True
1779217219,reviews,v2,Running,True
1779217219,reviews,v3,Running,True
1779217219,reviews,v3,Running,True
1779217220,details,v1,Running,True
1779217220,details,v1,Running,True
1779217220,details,v1,Running,True
1779217220,details,v1,Running,True
1779217220,productpage,v1,Running,True
1779217220,productpage,v1,Running,True
1779217220,productpage,v1,Running,True
1779217220,productpage,v1,Running,True
1779217220,productpage,v1,Running,True
1779217220,productpage,v1,Running,True
1779217220,productpage,v1,Running,True
1779217220,productpage,v1,Running,True
1779217220,productpage,v1,Running,True
1779217220,productpage,v1,Running,True
1779217220,productpage,v1,Running,True
1779217220,productpage,v1,Running,True
1779217220,productpage,v1,Running,True
1779217220,productpage,v1,Running,True
1779217220,productpage,v1,Running,True
1779217220,ratings,v1,Running,True
1779217220,reviews,v1,Running,True
1779217220,reviews,v2,Running,True
1779217220,reviews,v2,Running,True
1779217220,reviews,v3,Running,True
1779217220,reviews,v3,Running,True
1779217221,details,v1,Running,True
1779217221,details,v1,Running,True
1779217221,details,v1,Running,True
1779217221,details,v1,Running,True
1779217221,productpage,v1,Running,True
1779217221,productpage,v1,Running,True
1779217221,productpage,v1,Running,True
1779217221,productpage,v1,Running,True
1779217221,productpage,v1,Running,True
1779217221,productpage,v1,Running,True
1779217221,productpage,v1,Running,True
1779217221,productpage,v1,Running,True
1779217221,productpage,v1,Running,True
1779217221,productpage,v1,Running,True
1779217221,productpage,v1,Running,True
1779217221,productpage,v1,Running,True
1779217221,productpage,v1,Running,True
1779217221,productpage,v1,Running,True
1779217221,productpage,v1,Running,True
1779217221,ratings,v1,Running,True
1779217221,reviews,v1,Running,True
1779217221,reviews,v2,Running,True
1779217221,reviews,v2,Running,True
1779217221,reviews,v3,Running,True
1779217221,reviews,v3,Running,True
1779217222,details,v1,Running,True
1779217222,details,v1,Running,True
1779217222,details,v1,Running,True
1779217222,details,v1,Running,True
1779217222,productpage,v1,Running,True
1779217222,productpage,v1,Running,True
1779217222,productpage,v1,Running,True
1779217222,productpage,v1,Running,True
1779217222,productpage,v1,Running,True
1779217222,productpage,v1,Running,True
1779217222,productpage,v1,Running,True
1779217222,productpage,v1,Running,True
1779217222,productpage,v1,Running,True
1779217222,productpage,v1,Running,True
1779217222,productpage,v1,Running,True
1779217222,productpage,v1,Running,True
1779217222,productpage,v1,Running,True
1779217222,productpage,v1,Running,True
1779217222,productpage,v1,Running,True
1779217222,ratings,v1,Running,True
1779217222,reviews,v1,Running,True
1779217222,reviews,v2,Running,True
1779217222,reviews,v2,Running,True
1779217222,reviews,v3,Running,True
1779217222,reviews,v3,Running,True
1779217223,details,v1,Running,True
1779217223,details,v1,Running,True
1779217223,details,v1,Running,True
1779217223,details,v1,Running,True
1779217223,productpage,v1,Running,True
1779217223,productpage,v1,Running,True
1779217223,productpage,v1,Running,True
1779217223,productpage,v1,Running,True
1779217223,productpage,v1,Running,True
1779217223,productpage,v1,Running,True
1779217223,productpage,v1,Running,True
1779217223,productpage,v1,Running,True
1779217223,productpage,v1,Running,True
1779217223,productpage,v1,Running,True
1779217223,productpage,v1,Running,True
1779217223,productpage,v1,Running,True
1779217223,productpage,v1,Running,True
1779217223,productpage,v1,Running,True
1779217223,productpage,v1,Running,True
1779217223,ratings,v1,Running,True
1779217223,reviews,v1,Running,True
1779217223,reviews,v2,Running,True
1779217223,reviews,v2,Running,True
1779217223,reviews,v3,Running,True
1779217223,reviews,v3,Running,True
1779217224,details,v1,Running,True
1779217224,details,v1,Running,True
1779217224,details,v1,Running,True
1779217224,details,v1,Running,True
1779217224,productpage,v1,Running,True
1779217224,productpage,v1,Running,True
1779217224,productpage,v1,Running,True
1779217224,productpage,v1,Running,True
1779217224,productpage,v1,Running,True
1779217224,productpage,v1,Running,True
1779217224,productpage,v1,Running,True
1779217224,productpage,v1,Running,True
1779217224,productpage,v1,Running,True
1779217224,productpage,v1,Running,True
1779217224,productpage,v1,Running,True
1779217224,productpage,v1,Running,True
1779217224,productpage,v1,Running,True
1779217224,productpage,v1,Running,True
1779217224,productpage,v1,Running,True
1779217224,ratings,v1,Running,True
1779217224,reviews,v1,Running,True
1779217224,reviews,v2,Running,True
1779217224,reviews,v2,Running,True
1779217224,reviews,v3,Running,True
1779217224,reviews,v3,Running,True
1779217225,details,v1,Running,True
1779217225,details,v1,Running,True
1779217225,details,v1,Running,True
1779217225,details,v1,Running,True
1779217225,productpage,v1,Running,True
1779217225,productpage,v1,Running,True
1779217225,productpage,v1,Running,True
1779217225,productpage,v1,Running,True
1779217225,productpage,v1,Running,True
1779217225,productpage,v1,Running,True
1779217225,productpage,v1,Running,True
1779217225,productpage,v1,Running,True
1779217225,productpage,v1,Running,True
1779217225,productpage,v1,Running,True
1779217225,productpage,v1,Running,True
1779217225,productpage,v1,Running,True
1779217225,productpage,v1,Running,True
1779217225,productpage,v1,Running,True
1779217225,productpage,v1,Running,True
1779217225,ratings,v1,Running,True
1779217225,reviews,v1,Running,True
1779217225,reviews,v2,Running,True
1779217225,reviews,v2,Running,True
1779217225,reviews,v3,Running,True
1779217225,reviews,v3,Running,True
1779217226,details,v1,Running,True
1779217226,details,v1,Running,True
1779217226,details,v1,Running,True
1779217226,details,v1,Running,True
1779217226,productpage,v1,Running,True
1779217226,productpage,v1,Running,True
1779217226,productpage,v1,Running,True
1779217226,productpage,v1,Running,True
1779217226,productpage,v1,Running,True
1779217226,productpage,v1,Running,True
1779217226,productpage,v1,Running,True
1779217226,productpage,v1,Running,True
1779217226,productpage,v1,Running,True
1779217226,productpage,v1,Running,True
1779217226,productpage,v1,Running,True
1779217226,productpage,v1,Running,True
1779217226,productpage,v1,Running,True
1779217226,productpage,v1,Running,True
1779217226,productpage,v1,Running,True
1779217226,ratings,v1,Running,True
1779217226,reviews,v1,Running,True
1779217226,reviews,v2,Running,True
1779217226,reviews,v2,Running,True
1779217226,reviews,v3,Running,True
1779217226,reviews,v3,Running,True
1779217227,details,v1,Running,True
1779217227,details,v1,Running,True
1779217227,details,v1,Running,True
1779217227,details,v1,Running,True
1779217227,productpage,v1,Running,True
1779217227,productpage,v1,Running,True
1779217227,productpage,v1,Running,True
1779217227,productpage,v1,Running,True
1779217227,productpage,v1,Running,True
1779217227,productpage,v1,Running,True
1779217227,productpage,v1,Running,True
1779217227,productpage,v1,Running,True
1779217227,productpage,v1,Running,True
1779217227,productpage,v1,Running,True
1779217227,productpage,v1,Running,True
1779217227,productpage,v1,Running,True
1779217227,productpage,v1,Running,True
1779217227,productpage,v1,Running,True
1779217227,productpage,v1,Running,True
1779217227,ratings,v1,Running,True
1779217227,reviews,v1,Running,True
1779217227,reviews,v2,Running,True
1779217227,reviews,v2,Running,True
1779217227,reviews,v3,Running,True
1779217227,reviews,v3,Running,True
1779217228,details,v1,Running,True
1779217228,details,v1,Running,True
1779217228,details,v1,Running,True
1779217228,details,v1,Running,True
1779217228,productpage,v1,Running,True
1779217228,productpage,v1,Running,True
1779217228,productpage,v1,Running,True
1779217228,productpage,v1,Running,True
1779217228,productpage,v1,Running,True
1779217228,productpage,v1,Running,True
1779217228,productpage,v1,Running,True
1779217228,productpage,v1,Running,True
1779217228,productpage,v1,Running,True
1779217228,productpage,v1,Running,True
1779217228,productpage,v1,Running,True
1779217228,productpage,v1,Running,True
1779217228,productpage,v1,Running,True
1779217228,productpage,v1,Running,True
1779217228,productpage,v1,Running,True
1779217228,ratings,v1,Running,True
1779217228,reviews,v1,Running,True
1779217228,reviews,v2,Running,True
1779217228,reviews,v2,Running,True
1779217228,reviews,v3,Running,True
1779217228,reviews,v3,Running,True
1779217229,details,v1,Running,True
1779217229,details,v1,Running,True
1779217229,details,v1,Running,True
1779217229,details,v1,Running,True
1779217229,productpage,v1,Running,True
1779217229,productpage,v1,Running,True
1779217229,productpage,v1,Running,True
1779217229,productpage,v1,Running,True
1779217229,productpage,v1,Running,True
1779217229,productpage,v1,Running,True
1779217229,productpage,v1,Running,True
1779217229,productpage,v1,Running,True
1779217229,productpage,v1,Running,True
1779217229,productpage,v1,Running,True
1779217229,productpage,v1,Running,True
1779217229,productpage,v1,Running,True
1779217229,productpage,v1,Running,True
1779217229,productpage,v1,Running,True
1779217229,productpage,v1,Running,True
1779217229,ratings,v1,Running,True
1779217229,reviews,v1,Running,True
1779217229,reviews,v2,Running,True
1779217229,reviews,v2,Running,True
1779217229,reviews,v3,Running,True
1779217229,reviews,v3,Running,True
1779217230,details,v1,Running,True
1779217230,details,v1,Running,True
1779217230,details,v1,Running,True
1779217230,details,v1,Running,True
1779217230,productpage,v1,Running,True
1779217230,productpage,v1,Running,True
1779217230,productpage,v1,Running,True
1779217230,productpage,v1,Running,True
1779217230,productpage,v1,Running,True
1779217230,productpage,v1,Running,True
1779217230,productpage,v1,Running,True
1779217230,productpage,v1,Running,True
1779217230,productpage,v1,Running,True
1779217230,productpage,v1,Running,True
1779217230,productpage,v1,Running,True
1779217230,productpage,v1,Running,True
1779217230,productpage,v1,Running,True
1779217230,productpage,v1,Running,True
1779217230,productpage,v1,Running,True
1779217230,ratings,v1,Running,True
1779217230,reviews,v1,Running,True
1779217230,reviews,v2,Running,True
1779217230,reviews,v2,Running,True
1779217230,reviews,v3,Running,True
1779217230,reviews,v3,Running,True
1779217231,details,v1,Running,True
1779217231,details,v1,Running,True
1779217231,details,v1,Running,True
1779217231,details,v1,Running,True
1779217231,productpage,v1,Running,True
1779217231,productpage,v1,Running,True
1779217231,productpage,v1,Running,True
1779217231,productpage,v1,Running,True
1779217231,productpage,v1,Running,True
1779217231,productpage,v1,Running,True
1779217231,productpage,v1,Running,True
1779217231,productpage,v1,Running,True
1779217231,productpage,v1,Running,True
1779217231,productpage,v1,Running,True
1779217231,productpage,v1,Running,True
1779217231,productpage,v1,Running,True
1779217231,productpage,v1,Running,True
1779217231,productpage,v1,Running,True
1779217231,productpage,v1,Running,True
1779217231,ratings,v1,Running,True
1779217231,reviews,v1,Running,True
1779217231,reviews,v2,Running,True
1779217231,reviews,v2,Running,True
1779217231,reviews,v3,Running,True
1779217231,reviews,v3,Running,True
1779217232,details,v1,Running,True
1779217232,details,v1,Running,True
1779217232,details,v1,Running,True
1779217232,details,v1,Running,True
1779217232,productpage,v1,Running,True
1779217232,productpage,v1,Running,True
1779217232,productpage,v1,Running,True
1779217232,productpage,v1,Running,True
1779217232,productpage,v1,Running,True
1779217232,productpage,v1,Running,True
1779217232,productpage,v1,Running,True
1779217232,productpage,v1,Running,True
1779217232,productpage,v1,Running,True
1779217232,productpage,v1,Running,True
1779217232,productpage,v1,Running,True
1779217232,productpage,v1,Running,True
1779217232,productpage,v1,Running,True
1779217232,productpage,v1,Running,True
1779217232,productpage,v1,Running,True
1779217232,ratings,v1,Running,True
1779217232,reviews,v1,Running,True
1779217232,reviews,v2,Running,True
1779217232,reviews,v2,Running,True
1779217232,reviews,v3,Running,True
1779217232,reviews,v3,Running,True
1779217233,details,v1,Running,True
1779217233,details,v1,Running,True
1779217233,details,v1,Running,True
1779217233,details,v1,Running,True
1779217233,productpage,v1,Running,True
1779217233,productpage,v1,Running,True
1779217233,productpage,v1,Running,True
1779217233,productpage,v1,Running,True
1779217233,productpage,v1,Running,True
1779217233,productpage,v1,Running,True
1779217233,productpage,v1,Running,True
1779217233,productpage,v1,Running,True
1779217233,productpage,v1,Running,True
1779217233,productpage,v1,Running,True
1779217233,productpage,v1,Running,True
1779217233,productpage,v1,Running,True
1779217233,productpage,v1,Running,True
1779217233,productpage,v1,Running,True
1779217233,productpage,v1,Running,True
1779217233,ratings,v1,Running,True
1779217233,reviews,v1,Running,True
1779217233,reviews,v2,Running,True
1779217233,reviews,v2,Running,True
1779217233,reviews,v3,Running,True
1779217233,reviews,v3,Running,True
1779217234,details,v1,Running,True
1779217234,details,v1,Running,True
1779217234,details,v1,Running,True
1779217234,details,v1,Running,True
1779217234,productpage,v1,Running,True
1779217234,productpage,v1,Running,True
1779217234,productpage,v1,Running,True
1779217234,productpage,v1,Running,True
1779217234,productpage,v1,Running,True
1779217234,productpage,v1,Running,True
1779217234,productpage,v1,Running,True
1779217234,productpage,v1,Running,True
1779217234,productpage,v1,Running,True
1779217234,productpage,v1,Running,True
1779217234,productpage,v1,Running,True
1779217234,productpage,v1,Running,True
1779217234,productpage,v1,Running,True
1779217234,productpage,v1,Running,True
1779217234,productpage,v1,Running,True
1779217234,ratings,v1,Running,True
1779217234,reviews,v1,Running,True
1779217234,reviews,v2,Running,True
1779217234,reviews,v2,Running,True
1779217234,reviews,v3,Running,True
1779217234,reviews,v3,Running,True
1779217235,details,v1,Running,True
1779217235,details,v1,Running,True
1779217235,details,v1,Running,True
1779217235,details,v1,Running,True
1779217235,productpage,v1,Running,True
1779217235,productpage,v1,Running,True
1779217235,productpage,v1,Running,True
1779217235,productpage,v1,Running,True
1779217235,productpage,v1,Running,True
1779217235,productpage,v1,Running,True
1779217235,productpage,v1,Running,True
1779217235,productpage,v1,Running,True
1779217235,productpage,v1,Running,True
1779217235,productpage,v1,Running,True
1779217235,productpage,v1,Running,True
1779217235,productpage,v1,Running,True
1779217235,productpage,v1,Running,True
1779217235,productpage,v1,Running,True
1779217235,productpage,v1,Running,True
1779217235,ratings,v1,Running,True
1779217235,reviews,v1,Running,True
1779217235,reviews,v2,Running,True
1779217235,reviews,v2,Running,True
1779217235,reviews,v3,Running,True
1779217235,reviews,v3,Running,True
1779217236,details,v1,Running,True
1779217236,details,v1,Running,True
1779217236,details,v1,Running,True
1779217236,details,v1,Running,True
1779217236,productpage,v1,Running,True
1779217236,productpage,v1,Running,True
1779217236,productpage,v1,Running,True
1779217236,productpage,v1,Running,True
1779217236,productpage,v1,Running,True
1779217236,productpage,v1,Running,True
1779217236,productpage,v1,Running,True
1779217236,productpage,v1,Running,True
1779217236,productpage,v1,Running,True
1779217236,productpage,v1,Running,True
1779217236,productpage,v1,Running,True
1779217236,productpage,v1,Running,True
1779217236,productpage,v1,Running,True
1779217236,productpage,v1,Running,True
1779217236,productpage,v1,Running,True
1779217236,ratings,v1,Running,True
1779217236,reviews,v1,Running,True
1779217236,reviews,v2,Running,True
1779217236,reviews,v2,Running,True
1779217236,reviews,v3,Running,True
1779217236,reviews,v3,Running,True
1779217237,details,v1,Running,True
1779217237,details,v1,Running,True
1779217237,details,v1,Running,True
1779217237,details,v1,Running,True
1779217237,productpage,v1,Running,True
1779217237,productpage,v1,Running,True
1779217237,productpage,v1,Running,True
1779217237,productpage,v1,Running,True
1779217237,productpage,v1,Running,True
1779217237,productpage,v1,Running,True
1779217237,productpage,v1,Running,True
1779217237,productpage,v1,Running,True
1779217237,productpage,v1,Running,True
1779217237,productpage,v1,Running,True
1779217237,productpage,v1,Running,True
1779217237,productpage,v1,Running,True
1779217237,productpage,v1,Running,True
1779217237,productpage,v1,Running,True
1779217237,productpage,v1,Running,True
1779217237,ratings,v1,Running,True
1779217237,reviews,v1,Running,True
1779217237,reviews,v2,Running,True
1779217237,reviews,v2,Running,True
1779217237,reviews,v3,Running,True
1779217237,reviews,v3,Running,True
1779217238,details,v1,Running,True
1779217238,details,v1,Running,True
1779217238,details,v1,Running,True
1779217238,details,v1,Running,True
1779217238,productpage,v1,Running,True
1779217238,productpage,v1,Running,True
1779217238,productpage,v1,Running,True
1779217238,productpage,v1,Running,True
1779217238,productpage,v1,Running,True
1779217238,productpage,v1,Running,True
1779217238,productpage,v1,Running,True
1779217238,productpage,v1,Running,True
1779217238,productpage,v1,Running,True
1779217238,productpage,v1,Running,True
1779217238,productpage,v1,Running,True
1779217238,productpage,v1,Running,True
1779217238,productpage,v1,Running,True
1779217238,productpage,v1,Running,True
1779217238,productpage,v1,Running,True
1779217238,ratings,v1,Running,True
1779217238,reviews,v1,Running,True
1779217238,reviews,v2,Running,True
1779217238,reviews,v2,Running,True
1779217238,reviews,v3,Running,True
1779217238,reviews,v3,Running,True
1779217239,details,v1,Running,True
1779217239,details,v1,Running,True
1779217239,details,v1,Running,True
1779217239,details,v1,Running,True
1779217239,productpage,v1,Running,True
1779217239,productpage,v1,Running,True
1779217239,productpage,v1,Running,True
1779217239,productpage,v1,Running,True
1779217239,productpage,v1,Running,True
1779217239,productpage,v1,Running,True
1779217239,productpage,v1,Running,True
1779217239,productpage,v1,Running,True
1779217239,productpage,v1,Running,True
1779217239,productpage,v1,Running,True
1779217239,productpage,v1,Running,True
1779217239,productpage,v1,Running,True
1779217239,productpage,v1,Running,True
1779217239,productpage,v1,Running,True
1779217239,productpage,v1,Running,True
1779217239,ratings,v1,Running,True
1779217239,reviews,v1,Running,True
1779217239,reviews,v2,Running,True
1779217239,reviews,v2,Running,True
1779217239,reviews,v3,Running,True
1779217239,reviews,v3,Running,True
1779217240,details,v1,Running,True
1779217240,details,v1,Running,True
1779217240,details,v1,Running,True
1779217240,details,v1,Running,True
1779217240,productpage,v1,Running,True
1779217240,productpage,v1,Running,True
1779217240,productpage,v1,Running,True
1779217240,productpage,v1,Running,True
1779217240,productpage,v1,Running,True
1779217240,productpage,v1,Running,True
1779217240,productpage,v1,Running,True
1779217240,productpage,v1,Running,True
1779217240,productpage,v1,Running,True
1779217240,productpage,v1,Running,True
1779217240,productpage,v1,Running,True
1779217240,productpage,v1,Running,True
1779217240,productpage,v1,Running,True
1779217240,productpage,v1,Running,True
1779217240,productpage,v1,Running,True
1779217240,ratings,v1,Running,True
1779217240,reviews,v1,Running,True
1779217240,reviews,v2,Running,True
1779217240,reviews,v2,Running,True
1779217240,reviews,v3,Running,True
1779217240,reviews,v3,Running,True
1779217241,details,v1,Running,True
1779217241,details,v1,Running,True
1779217241,details,v1,Running,True
1779217241,details,v1,Running,True
1779217241,productpage,v1,Running,True
1779217241,productpage,v1,Running,True
1779217241,productpage,v1,Running,True
1779217241,productpage,v1,Running,True
1779217241,productpage,v1,Running,True
1779217241,productpage,v1,Running,True
1779217241,productpage,v1,Running,True
1779217241,productpage,v1,Running,True
1779217241,productpage,v1,Running,True
1779217241,productpage,v1,Running,True
1779217241,productpage,v1,Running,True
1779217241,productpage,v1,Running,True
1779217241,productpage,v1,Running,True
1779217241,productpage,v1,Running,True
1779217241,productpage,v1,Running,True
1779217241,ratings,v1,Running,True
1779217241,reviews,v1,Running,True
1779217241,reviews,v2,Running,True
1779217241,reviews,v2,Running,True
1779217241,reviews,v3,Running,True
1779217241,reviews,v3,Running,True
1779217242,details,v1,Running,True
1779217242,details,v1,Running,True
1779217242,details,v1,Running,True
1779217242,details,v1,Running,True
1779217242,productpage,v1,Running,True
1779217242,productpage,v1,Running,True
1779217242,productpage,v1,Running,True
1779217242,productpage,v1,Running,True
1779217242,productpage,v1,Running,True
1779217242,productpage,v1,Running,True
1779217242,productpage,v1,Running,True
1779217242,productpage,v1,Running,True
1779217242,productpage,v1,Running,True
1779217242,productpage,v1,Running,True
1779217242,productpage,v1,Running,True
1779217242,productpage,v1,Running,True
1779217242,productpage,v1,Running,True
1779217242,productpage,v1,Running,True
1779217242,productpage,v1,Running,True
1779217242,ratings,v1,Running,True
1779217242,reviews,v1,Running,True
1779217242,reviews,v2,Running,True
1779217242,reviews,v2,Running,True
1779217242,reviews,v3,Running,True
1779217242,reviews,v3,Running,True
1779217243,details,v1,Running,True
1779217243,details,v1,Running,True
1779217243,details,v1,Running,True
1779217243,details,v1,Running,True
1779217243,productpage,v1,Running,True
1779217243,productpage,v1,Running,True
1779217243,productpage,v1,Running,True
1779217243,productpage,v1,Running,True
1779217243,productpage,v1,Running,True
1779217243,productpage,v1,Running,True
1779217243,productpage,v1,Running,True
1779217243,productpage,v1,Running,True
1779217243,productpage,v1,Running,True
1779217243,productpage,v1,Running,True
1779217243,productpage,v1,Running,True
1779217243,productpage,v1,Running,True
1779217243,productpage,v1,Running,True
1779217243,productpage,v1,Running,True
1779217243,productpage,v1,Running,True
1779217243,ratings,v1,Running,True
1779217243,reviews,v1,Running,True
1779217243,reviews,v2,Running,True
1779217243,reviews,v2,Running,True
1779217243,reviews,v3,Running,True
1779217243,reviews,v3,Running,True
1779217244,details,v1,Running,True
1779217244,details,v1,Running,True
1779217244,details,v1,Running,True
1779217244,details,v1,Running,True
1779217244,productpage,v1,Running,True
1779217244,productpage,v1,Running,True
1779217244,productpage,v1,Running,True
1779217244,productpage,v1,Running,True
1779217244,productpage,v1,Running,True
1779217244,productpage,v1,Running,True
1779217244,productpage,v1,Running,True
1779217244,productpage,v1,Running,True
1779217244,productpage,v1,Running,True
1779217244,productpage,v1,Running,True
1779217244,productpage,v1,Running,True
1779217244,productpage,v1,Running,True
1779217244,productpage,v1,Running,True
1779217244,productpage,v1,Running,True
1779217244,productpage,v1,Running,True
1779217244,ratings,v1,Running,True
1779217244,reviews,v1,Running,True
1779217244,reviews,v2,Running,True
1779217244,reviews,v2,Running,True
1779217244,reviews,v3,Running,True
1779217244,reviews,v3,Running,True
1779217245,details,v1,Running,True
1779217245,details,v1,Running,True
1779217245,details,v1,Running,True
1779217245,details,v1,Running,True
1779217245,productpage,v1,Running,True
1779217245,productpage,v1,Running,True
1779217245,productpage,v1,Running,True
1779217245,productpage,v1,Running,True
1779217245,productpage,v1,Running,True
1779217245,productpage,v1,Running,True
1779217245,productpage,v1,Running,True
1779217245,productpage,v1,Running,True
1779217245,productpage,v1,Running,True
1779217245,productpage,v1,Running,True
1779217245,productpage,v1,Running,True
1779217245,productpage,v1,Running,True
1779217245,productpage,v1,Running,True
1779217245,productpage,v1,Running,True
1779217245,productpage,v1,Running,True
1779217245,ratings,v1,Running,True
1779217245,reviews,v1,Running,True
1779217245,reviews,v2,Running,True
1779217245,reviews,v2,Running,True
1779217245,reviews,v3,Running,True
1779217245,reviews,v3,Running,True
1779217246,details,v1,Running,True
1779217246,details,v1,Running,True
1779217246,details,v1,Running,True
1779217246,details,v1,Running,True
1779217246,productpage,v1,Running,True
1779217246,productpage,v1,Running,True
1779217246,productpage,v1,Running,True
1779217246,productpage,v1,Running,True
1779217246,productpage,v1,Running,True
1779217246,productpage,v1,Running,True
1779217246,productpage,v1,Running,True
1779217246,productpage,v1,Running,True
1779217246,productpage,v1,Running,True
1779217246,productpage,v1,Running,True
1779217246,productpage,v1,Running,True
1779217246,productpage,v1,Running,True
1779217246,productpage,v1,Running,True
1779217246,productpage,v1,Running,True
1779217246,productpage,v1,Running,True
1779217246,ratings,v1,Running,True
1779217246,reviews,v1,Running,True
1779217246,reviews,v2,Running,True
1779217246,reviews,v2,Running,True
1779217246,reviews,v3,Running,True
1779217246,reviews,v3,Running,True
1779217247,details,v1,Running,True
1779217247,details,v1,Running,True
1779217247,details,v1,Running,True
1779217247,details,v1,Running,True
1779217247,productpage,v1,Running,True
1779217247,productpage,v1,Running,True
1779217247,productpage,v1,Running,True
1779217247,productpage,v1,Running,True
1779217247,productpage,v1,Running,True
1779217247,productpage,v1,Running,True
1779217247,productpage,v1,Running,True
1779217247,productpage,v1,Running,True
1779217247,productpage,v1,Running,True
1779217247,productpage,v1,Running,True
1779217247,productpage,v1,Running,True
1779217247,productpage,v1,Running,True
1779217247,productpage,v1,Running,True
1779217247,productpage,v1,Running,True
1779217247,productpage,v1,Running,True
1779217247,ratings,v1,Running,True
1779217247,reviews,v1,Running,True
1779217247,reviews,v2,Running,True
1779217247,reviews,v2,Running,True
1779217247,reviews,v3,Running,True
1779217247,reviews,v3,Running,True
1779217248,details,v1,Running,True
1779217248,details,v1,Running,True
1779217248,details,v1,Running,True
1779217248,details,v1,Running,True
1779217248,productpage,v1,Running,True
1779217248,productpage,v1,Running,True
1779217248,productpage,v1,Running,True
1779217248,productpage,v1,Running,True
1779217248,productpage,v1,Running,True
1779217248,productpage,v1,Running,True
1779217248,productpage,v1,Running,True
1779217248,productpage,v1,Running,True
1779217248,productpage,v1,Running,True
1779217248,productpage,v1,Running,True
1779217248,productpage,v1,Running,True
1779217248,productpage,v1,Running,True
1779217248,productpage,v1,Running,True
1779217248,productpage,v1,Running,True
1779217248,productpage,v1,Running,True
1779217248,ratings,v1,Running,True
1779217248,reviews,v1,Running,True
1779217248,reviews,v2,Running,True
1779217248,reviews,v2,Running,True
1779217248,reviews,v3,Running,True
1779217248,reviews,v3,Running,True
1779217249,details,v1,Running,True
1779217249,details,v1,Running,True
1779217249,details,v1,Running,True
1779217249,details,v1,Running,True
1779217249,productpage,v1,Running,True
1779217249,productpage,v1,Running,True
1779217249,productpage,v1,Running,True
1779217249,productpage,v1,Running,True
1779217249,productpage,v1,Running,True
1779217249,productpage,v1,Running,True
1779217249,productpage,v1,Running,True
1779217249,productpage,v1,Running,True
1779217249,productpage,v1,Running,True
1779217249,productpage,v1,Running,True
1779217249,productpage,v1,Running,True
1779217249,productpage,v1,Running,True
1779217249,productpage,v1,Running,True
1779217249,productpage,v1,Running,True
1779217249,productpage,v1,Running,True
1779217249,ratings,v1,Running,True
1779217249,reviews,v1,Running,True
1779217249,reviews,v2,Running,True
1779217249,reviews,v2,Running,True
1779217249,reviews,v3,Running,True
1779217249,reviews,v3,Running,True
1779217250,details,v1,Running,True
1779217250,details,v1,Running,True
1779217250,details,v1,Running,True
1779217250,details,v1,Running,True
1779217250,productpage,v1,Running,True
1779217250,productpage,v1,Running,True
1779217250,productpage,v1,Running,True
1779217250,productpage,v1,Running,True
1779217250,productpage,v1,Running,True
1779217250,productpage,v1,Running,True
1779217250,productpage,v1,Running,True
1779217250,productpage,v1,Running,True
1779217250,productpage,v1,Running,True
1779217250,productpage,v1,Running,True
1779217250,productpage,v1,Running,True
1779217250,productpage,v1,Running,True
1779217250,productpage,v1,Running,True
1779217250,productpage,v1,Running,True
1779217250,productpage,v1,Running,True
1779217250,ratings,v1,Running,True
1779217250,reviews,v1,Running,True
1779217250,reviews,v2,Running,True
1779217250,reviews,v2,Running,True
1779217250,reviews,v3,Running,True
1779217250,reviews,v3,Running,True
1779217251,details,v1,Running,True
1779217251,details,v1,Running,True
1779217251,details,v1,Running,True
1779217251,details,v1,Running,True
1779217251,productpage,v1,Running,True
1779217251,productpage,v1,Running,True
1779217251,productpage,v1,Running,True
1779217251,productpage,v1,Running,True
1779217251,productpage,v1,Running,True
1779217251,productpage,v1,Running,True
1779217251,productpage,v1,Running,True
1779217251,productpage,v1,Running,True
1779217251,productpage,v1,Running,True
1779217251,productpage,v1,Running,True
1779217251,productpage,v1,Running,True
1779217251,productpage,v1,Running,True
1779217251,productpage,v1,Running,True
1779217251,productpage,v1,Running,True
1779217251,productpage,v1,Running,True
1779217251,ratings,v1,Running,True
1779217251,reviews,v1,Running,True
1779217251,reviews,v2,Running,True
1779217251,reviews,v2,Running,True
1779217251,reviews,v3,Running,True
1779217251,reviews,v3,Running,True
1779217252,details,v1,Running,True
1779217252,details,v1,Running,True
1779217252,details,v1,Running,True
1779217252,details,v1,Running,True
1779217252,productpage,v1,Running,True
1779217252,productpage,v1,Running,True
1779217252,productpage,v1,Running,True
1779217252,productpage,v1,Running,True
1779217252,productpage,v1,Running,True
1779217252,productpage,v1,Running,True
1779217252,productpage,v1,Running,True
1779217252,productpage,v1,Running,True
1779217252,productpage,v1,Running,True
1779217252,productpage,v1,Running,True
1779217252,productpage,v1,Running,True
1779217252,productpage,v1,Running,True
1779217252,productpage,v1,Running,True
1779217252,productpage,v1,Running,True
1779217252,productpage,v1,Running,True
1779217252,ratings,v1,Running,True
1779217252,reviews,v1,Running,True
1779217252,reviews,v2,Running,True
1779217252,reviews,v2,Running,True
1779217252,reviews,v3,Running,True
1779217252,reviews,v3,Running,True
1779217253,details,v1,Running,True
1779217253,details,v1,Running,True
1779217253,details,v1,Running,True
1779217253,details,v1,Running,True
1779217253,productpage,v1,Running,True
1779217253,productpage,v1,Running,True
1779217253,productpage,v1,Running,True
1779217253,productpage,v1,Running,True
1779217253,productpage,v1,Running,True
1779217253,productpage,v1,Running,True
1779217253,productpage,v1,Running,True
1779217253,productpage,v1,Running,True
1779217253,productpage,v1,Running,True
1779217253,productpage,v1,Running,True
1779217253,productpage,v1,Running,True
1779217253,productpage,v1,Running,True
1779217253,productpage,v1,Running,True
1779217253,productpage,v1,Running,True
1779217253,productpage,v1,Running,True
1779217253,ratings,v1,Running,True
1779217253,reviews,v1,Running,True
1779217253,reviews,v2,Running,True
1779217253,reviews,v2,Running,True
1779217253,reviews,v3,Running,True
1779217253,reviews,v3,Running,True
1779217254,details,v1,Running,True
1779217254,details,v1,Running,True
1779217254,details,v1,Running,True
1779217254,details,v1,Running,True
1779217254,productpage,v1,Running,True
1779217254,productpage,v1,Running,True
1779217254,productpage,v1,Running,True
1779217254,productpage,v1,Running,True
1779217254,productpage,v1,Running,True
1779217254,productpage,v1,Running,True
1779217254,productpage,v1,Running,True
1779217254,productpage,v1,Running,True
1779217254,productpage,v1,Running,True
1779217254,productpage,v1,Running,True
1779217254,productpage,v1,Running,True
1779217254,productpage,v1,Running,True
1779217254,productpage,v1,Running,True
1779217254,productpage,v1,Running,True
1779217254,productpage,v1,Running,True
1779217254,ratings,v1,Running,True
1779217254,reviews,v1,Running,True
1779217254,reviews,v2,Running,True
1779217254,reviews,v2,Running,True
1779217254,reviews,v3,Running,True
1779217254,reviews,v3,Running,True
1779217255,details,v1,Running,True
1779217255,details,v1,Running,True
1779217255,details,v1,Running,True
1779217255,details,v1,Running,True
1779217255,productpage,v1,Running,True
1779217255,productpage,v1,Running,True
1779217255,productpage,v1,Running,True
1779217255,productpage,v1,Running,True
1779217255,productpage,v1,Running,True
1779217255,productpage,v1,Running,True
1779217255,productpage,v1,Running,True
1779217255,productpage,v1,Running,True
1779217255,productpage,v1,Running,True
1779217255,productpage,v1,Running,True
1779217255,productpage,v1,Running,True
1779217255,productpage,v1,Running,True
1779217255,productpage,v1,Running,True
1779217255,productpage,v1,Running,True
1779217255,productpage,v1,Running,True
1779217255,ratings,v1,Running,True
1779217255,reviews,v1,Running,True
1779217255,reviews,v2,Running,True
1779217255,reviews,v2,Running,True
1779217255,reviews,v3,Running,True
1779217255,reviews,v3,Running,True
1779217256,details,v1,Running,True
1779217256,details,v1,Running,True
1779217256,details,v1,Running,True
1779217256,details,v1,Running,True
1779217256,productpage,v1,Running,True
1779217256,productpage,v1,Running,True
1779217256,productpage,v1,Running,True
1779217256,productpage,v1,Running,True
1779217256,productpage,v1,Running,True
1779217256,productpage,v1,Running,True
1779217256,productpage,v1,Running,True
1779217256,productpage,v1,Running,True
1779217256,productpage,v1,Running,True
1779217256,productpage,v1,Running,True
1779217256,productpage,v1,Running,True
1779217256,productpage,v1,Running,True
1779217256,productpage,v1,Running,True
1779217256,productpage,v1,Running,True
1779217256,productpage,v1,Running,True
1779217256,ratings,v1,Running,True
1779217256,reviews,v1,Running,True
1779217256,reviews,v2,Running,True
1779217256,reviews,v2,Running,True
1779217256,reviews,v3,Running,True
1779217256,reviews,v3,Running,True
1779217257,details,v1,Running,True
1779217257,details,v1,Running,True
1779217257,details,v1,Running,True
1779217257,details,v1,Running,True
1779217257,productpage,v1,Running,True
1779217257,productpage,v1,Running,True
1779217257,productpage,v1,Running,True
1779217257,productpage,v1,Running,True
1779217257,productpage,v1,Running,True
1779217257,productpage,v1,Running,True
1779217257,productpage,v1,Running,True
1779217257,productpage,v1,Running,True
1779217257,productpage,v1,Running,True
1779217257,productpage,v1,Running,True
1779217257,productpage,v1,Running,True
1779217257,productpage,v1,Running,True
1779217257,productpage,v1,Running,True
1779217257,productpage,v1,Running,True
1779217257,productpage,v1,Running,True
1779217257,ratings,v1,Running,True
1779217257,reviews,v1,Running,True
1779217257,reviews,v2,Running,True
1779217257,reviews,v2,Running,True
1779217257,reviews,v3,Running,True
1779217257,reviews,v3,Running,True
1779217258,details,v1,Running,True
1779217258,details,v1,Running,True
1779217258,details,v1,Running,True
1779217258,details,v1,Running,True
1779217258,productpage,v1,Running,True
1779217258,productpage,v1,Running,True
1779217258,productpage,v1,Running,True
1779217258,productpage,v1,Running,True
1779217258,productpage,v1,Running,True
1779217258,productpage,v1,Running,True
1779217258,productpage,v1,Running,True
1779217258,productpage,v1,Running,True
1779217258,productpage,v1,Running,True
1779217258,productpage,v1,Running,True
1779217258,productpage,v1,Running,True
1779217258,productpage,v1,Running,True
1779217258,productpage,v1,Running,True
1779217258,productpage,v1,Running,True
1779217258,productpage,v1,Running,True
1779217258,ratings,v1,Running,True
1779217258,reviews,v1,Running,True
1779217258,reviews,v2,Running,True
1779217258,reviews,v2,Running,True
1779217258,reviews,v3,Running,True
1779217258,reviews,v3,Running,True
