timestamp,app,version,phase,ready
1779262176,details,v1,Running,True
1779262176,details,v1,Running,True
1779262176,details,v1,Running,True
1779262176,productpage,v1,Running,True
1779262176,productpage,v1,Running,True
1779262176,productpage,v1,Running,True
1779262176,productpage,v1,Running,True
1779262176,productpage,v1,Running,True
1779262176,productpage,v1,Running,True
1779262176,productpage,v1,Running,True
1779262176,productpage,v1,Running,True
1779262176,productpage,v1,Running,True
1779262176,productpage,v1,Running,True
1779262176,productpage,v1,Running,True
1779262176,productpage,v1,Running,True
1779262176,productpage,v1,Running,True
1779262176,productpage,v1,Running,True
1779262176,productpage,v1,Running,True
1779262176,productpage,v1,Running,True
1779262176,productpage,v1,Running,True
1779262176,productpage,v1,Running,True
1779262176,productpage,v1,Running,True
1779262176,ratings,v1,Running,True
1779262176,reviews,v1,Running,True
1779262176,reviews,v2,Running,True
1779262176,reviews,v3,Running,True
1779262177,details,v1,Running,True
1779262177,details,v1,Running,True
1779262177,details,v1,Running,True
1779262177,productpage,v1,Running,True
1779262177,productpage,v1,Running,True
1779262177,productpage,v1,Running,True
1779262177,productpage,v1,Running,True
1779262177,productpage,v1,Running,True
1779262177,productpage,v1,Running,True
1779262177,productpage,v1,Running,True
1779262177,productpage,v1,Running,True
1779262177,productpage,v1,Running,True
1779262177,productpage,v1,Running,True
1779262177,productpage,v1,Running,True
1779262177,productpage,v1,Running,True
1779262177,productpage,v1,Running,True
1779262177,productpage,v1,Running,True
1779262177,productpage,v1,Running,True
1779262177,productpage,v1,Running,True
1779262177,productpage,v1,Running,True
1779262177,productpage,v1,Running,True
1779262177,productpage,v1,Running,True
1779262177,ratings,v1,Running,True
1779262177,reviews,v1,Running,True
1779262177,reviews,v2,Running,True
1779262177,reviews,v3,Running,True
1779262178,details,v1,Running,True
1779262178,details,v1,Running,True
1779262178,details,v1,Running,True
1779262178,productpage,v1,Running,True
1779262178,productpage,v1,Running,True
1779262178,productpage,v1,Running,True
1779262178,productpage,v1,Running,True
1779262178,productpage,v1,Running,True
1779262178,productpage,v1,Running,True
1779262178,productpage,v1,Running,True
1779262178,productpage,v1,Running,True
1779262178,productpage,v1,Running,True
1779262178,productpage,v1,Running,True
1779262178,productpage,v1,Running,True
1779262178,productpage,v1,Running,True
1779262178,productpage,v1,Running,True
1779262178,productpage,v1,Running,True
1779262178,productpage,v1,Running,True
1779262178,productpage,v1,Running,True
1779262178,productpage,v1,Running,True
1779262178,productpage,v1,Running,True
1779262178,productpage,v1,Running,True
1779262178,ratings,v1,Running,True
1779262178,reviews,v1,Running,True
1779262178,reviews,v2,Running,True
1779262178,reviews,v3,Running,True
1779262179,details,v1,Running,True
1779262179,details,v1,Running,True
1779262179,details,v1,Running,True
1779262179,productpage,v1,Running,True
1779262179,productpage,v1,Running,True
1779262179,productpage,v1,Running,True
1779262179,productpage,v1,Running,True
1779262179,productpage,v1,Running,True
1779262179,productpage,v1,Running,True
1779262179,productpage,v1,Running,True
1779262179,productpage,v1,Running,True
1779262179,productpage,v1,Running,True
1779262179,productpage,v1,Running,True
1779262179,productpage,v1,Running,True
1779262179,productpage,v1,Running,True
1779262179,productpage,v1,Running,True
1779262179,productpage,v1,Running,True
1779262179,productpage,v1,Running,True
1779262179,productpage,v1,Running,True
1779262179,productpage,v1,Running,True
1779262179,productpage,v1,Running,True
1779262179,productpage,v1,Running,True
1779262179,ratings,v1,Running,True
1779262179,reviews,v1,Running,True
1779262179,reviews,v2,Running,True
1779262179,reviews,v3,Running,True
1779262180,details,v1,Running,True
1779262180,details,v1,Running,True
1779262180,details,v1,Running,True
1779262180,productpage,v1,Running,True
1779262180,productpage,v1,Running,True
1779262180,productpage,v1,Running,True
1779262180,productpage,v1,Running,True
1779262180,productpage,v1,Running,True
1779262180,productpage,v1,Running,True
1779262180,productpage,v1,Running,True
1779262180,productpage,v1,Running,True
1779262180,productpage,v1,Running,True
1779262180,productpage,v1,Running,True
1779262180,productpage,v1,Running,True
1779262180,productpage,v1,Running,True
1779262180,productpage,v1,Running,True
1779262180,productpage,v1,Running,True
1779262180,productpage,v1,Running,True
1779262180,productpage,v1,Running,True
1779262180,productpage,v1,Running,True
1779262180,productpage,v1,Running,True
1779262180,productpage,v1,Running,True
1779262180,ratings,v1,Running,True
1779262180,reviews,v1,Running,True
1779262180,reviews,v2,Running,True
1779262180,reviews,v3,Running,True
1779262181,details,v1,Running,True
1779262181,details,v1,Running,True
1779262181,details,v1,Running,True
1779262181,productpage,v1,Running,True
1779262181,productpage,v1,Running,True
1779262181,productpage,v1,Running,True
1779262181,productpage,v1,Running,True
1779262181,productpage,v1,Running,True
1779262181,productpage,v1,Running,True
1779262181,productpage,v1,Running,True
1779262181,productpage,v1,Running,True
1779262181,productpage,v1,Running,True
1779262181,productpage,v1,Running,True
1779262181,productpage,v1,Running,True
1779262181,productpage,v1,Running,True
1779262181,productpage,v1,Running,True
1779262181,productpage,v1,Running,True
1779262181,productpage,v1,Running,True
1779262181,productpage,v1,Running,True
1779262181,productpage,v1,Running,True
1779262181,productpage,v1,Running,True
1779262181,productpage,v1,Running,True
1779262181,ratings,v1,Running,True
1779262181,reviews,v1,Running,True
1779262181,reviews,v2,Running,True
1779262181,reviews,v3,Running,True
1779262182,details,v1,Running,True
1779262182,details,v1,Running,True
1779262182,details,v1,Running,True
1779262182,productpage,v1,Running,True
1779262182,productpage,v1,Running,True
1779262182,productpage,v1,Running,True
1779262182,productpage,v1,Running,True
1779262182,productpage,v1,Running,True
1779262182,productpage,v1,Running,True
1779262182,productpage,v1,Running,True
1779262182,productpage,v1,Running,True
1779262182,productpage,v1,Running,True
1779262182,productpage,v1,Running,True
1779262182,productpage,v1,Running,True
1779262182,productpage,v1,Running,True
1779262182,productpage,v1,Running,True
1779262182,productpage,v1,Running,True
1779262182,productpage,v1,Running,True
1779262182,productpage,v1,Running,True
1779262182,productpage,v1,Running,True
1779262182,productpage,v1,Running,True
1779262182,productpage,v1,Running,True
1779262182,ratings,v1,Running,True
1779262182,reviews,v1,Running,True
1779262182,reviews,v2,Running,True
1779262182,reviews,v3,Running,True
1779262183,details,v1,Running,True
1779262183,details,v1,Running,True
1779262183,details,v1,Running,True
1779262183,productpage,v1,Running,True
1779262183,productpage,v1,Running,True
1779262183,productpage,v1,Running,True
1779262183,productpage,v1,Running,True
1779262183,productpage,v1,Running,True
1779262183,productpage,v1,Running,True
1779262183,productpage,v1,Running,True
1779262183,productpage,v1,Running,True
1779262183,productpage,v1,Running,True
1779262183,productpage,v1,Running,True
1779262183,productpage,v1,Running,True
1779262183,productpage,v1,Running,True
1779262183,productpage,v1,Running,True
1779262183,productpage,v1,Running,True
1779262183,productpage,v1,Running,True
1779262183,productpage,v1,Running,True
1779262183,productpage,v1,Running,True
1779262183,productpage,v1,Running,True
1779262183,productpage,v1,Running,True
1779262183,ratings,v1,Running,True
1779262183,reviews,v1,Running,True
1779262183,reviews,v2,Running,True
1779262183,reviews,v3,Running,True
1779262184,details,v1,Running,True
1779262184,details,v1,Running,True
1779262184,details,v1,Running,True
1779262184,productpage,v1,Running,True
1779262184,productpage,v1,Running,True
1779262184,productpage,v1,Running,True
1779262184,productpage,v1,Running,True
1779262184,productpage,v1,Running,True
1779262184,productpage,v1,Running,True
1779262184,productpage,v1,Running,True
1779262184,productpage,v1,Running,True
1779262184,productpage,v1,Running,True
1779262184,productpage,v1,Running,True
1779262184,productpage,v1,Running,True
1779262184,productpage,v1,Running,True
1779262184,productpage,v1,Running,True
1779262184,productpage,v1,Running,True
1779262184,productpage,v1,Running,True
1779262184,productpage,v1,Running,True
1779262184,productpage,v1,Running,True
1779262184,productpage,v1,Running,True
1779262184,productpage,v1,Running,True
1779262184,ratings,v1,Running,True
1779262184,reviews,v1,Running,True
1779262184,reviews,v2,Running,True
1779262184,reviews,v3,Running,True
1779262185,details,v1,Running,True
1779262185,details,v1,Running,True
1779262185,details,v1,Running,True
1779262185,productpage,v1,Running,True
1779262185,productpage,v1,Running,True
1779262185,productpage,v1,Running,True
1779262185,productpage,v1,Running,True
1779262185,productpage,v1,Running,True
1779262185,productpage,v1,Running,True
1779262185,productpage,v1,Running,True
1779262185,productpage,v1,Running,True
1779262185,productpage,v1,Running,True
1779262185,productpage,v1,Running,True
1779262185,productpage,v1,Running,True
1779262185,productpage,v1,Running,True
1779262185,productpage,v1,Running,True
1779262185,productpage,v1,Running,True
1779262185,productpage,v1,Running,True
1779262185,productpage,v1,Running,True
1779262185,productpage,v1,Running,True
1779262185,productpage,v1,Running,True
1779262185,productpage,v1,Running,True
1779262185,ratings,v1,Running,True
1779262185,reviews,v1,Running,True
1779262185,reviews,v2,Running,True
1779262185,reviews,v3,Running,True
1779262186,details,v1,Running,True
1779262186,details,v1,Running,True
1779262186,details,v1,Running,True
1779262186,productpage,v1,Running,True
1779262186,productpage,v1,Running,True
1779262186,productpage,v1,Running,True
1779262186,productpage,v1,Running,True
1779262186,productpage,v1,Running,True
1779262186,productpage,v1,Running,True
1779262186,productpage,v1,Running,True
1779262186,productpage,v1,Running,True
1779262186,productpage,v1,Running,True
1779262186,productpage,v1,Running,True
1779262186,productpage,v1,Running,True
1779262186,productpage,v1,Running,True
1779262186,productpage,v1,Running,True
1779262186,productpage,v1,Running,True
1779262186,productpage,v1,Running,True
1779262186,productpage,v1,Running,True
1779262186,productpage,v1,Running,True
1779262186,productpage,v1,Running,True
1779262186,productpage,v1,Running,True
1779262186,ratings,v1,Running,True
1779262186,reviews,v1,Running,True
1779262186,reviews,v2,Running,True
1779262186,reviews,v3,Running,True
1779262187,details,v1,Running,True
1779262187,details,v1,Running,True
1779262187,details,v1,Running,True
1779262187,productpage,v1,Running,True
1779262187,productpage,v1,Running,True
1779262187,productpage,v1,Running,True
1779262187,productpage,v1,Running,True
1779262187,productpage,v1,Running,True
1779262187,productpage,v1,Running,True
1779262187,productpage,v1,Running,True
1779262187,productpage,v1,Running,True
1779262187,productpage,v1,Running,True
1779262187,productpage,v1,Running,True
1779262187,productpage,v1,Running,True
1779262187,productpage,v1,Running,True
1779262187,productpage,v1,Running,True
1779262187,productpage,v1,Running,True
1779262187,productpage,v1,Running,True
1779262187,productpage,v1,Running,True
1779262187,productpage,v1,Running,True
1779262187,productpage,v1,Running,True
1779262187,productpage,v1,Running,True
1779262187,ratings,v1,Running,True
1779262187,reviews,v1,Running,True
1779262187,reviews,v2,Running,True
1779262187,reviews,v3,Running,True
1779262188,details,v1,Running,True
1779262188,details,v1,Running,True
1779262188,details,v1,Running,True
1779262188,productpage,v1,Running,True
1779262188,productpage,v1,Running,True
1779262188,productpage,v1,Running,True
1779262188,productpage,v1,Running,True
1779262188,productpage,v1,Running,True
1779262188,productpage,v1,Running,True
1779262188,productpage,v1,Running,True
1779262188,productpage,v1,Running,True
1779262188,productpage,v1,Running,True
1779262188,productpage,v1,Running,True
1779262188,productpage,v1,Running,True
1779262188,productpage,v1,Running,True
1779262188,productpage,v1,Running,True
1779262188,productpage,v1,Running,True
1779262188,productpage,v1,Running,True
1779262188,productpage,v1,Running,True
1779262188,productpage,v1,Running,True
1779262188,productpage,v1,Running,True
1779262188,productpage,v1,Running,True
1779262188,ratings,v1,Running,True
1779262188,reviews,v1,Running,True
1779262188,reviews,v2,Running,True
1779262188,reviews,v3,Running,True
1779262189,details,v1,Running,True
1779262189,details,v1,Running,True
1779262189,details,v1,Running,True
1779262189,productpage,v1,Running,True
1779262189,productpage,v1,Running,True
1779262189,productpage,v1,Running,True
1779262189,productpage,v1,Running,True
1779262189,productpage,v1,Running,True
1779262189,productpage,v1,Running,True
1779262189,productpage,v1,Running,True
1779262189,productpage,v1,Running,True
1779262189,productpage,v1,Running,True
1779262189,productpage,v1,Running,True
1779262189,productpage,v1,Running,True
1779262189,productpage,v1,Running,True
1779262189,productpage,v1,Running,True
1779262189,productpage,v1,Running,True
1779262189,productpage,v1,Running,True
1779262189,productpage,v1,Running,True
1779262189,productpage,v1,Running,True
1779262189,productpage,v1,Running,True
1779262189,productpage,v1,Running,True
1779262189,ratings,v1,Running,True
1779262189,reviews,v1,Running,True
1779262189,reviews,v2,Running,True
1779262189,reviews,v3,Running,True
1779262190,details,v1,Running,True
1779262190,details,v1,Running,True
1779262190,details,v1,Running,True
1779262190,productpage,v1,Running,True
1779262190,productpage,v1,Running,True
1779262190,productpage,v1,Running,True
1779262190,productpage,v1,Running,True
1779262190,productpage,v1,Running,True
1779262190,productpage,v1,Running,True
1779262190,productpage,v1,Running,True
1779262190,productpage,v1,Running,True
1779262190,productpage,v1,Running,True
1779262190,productpage,v1,Running,True
1779262190,productpage,v1,Running,True
1779262190,productpage,v1,Running,True
1779262190,productpage,v1,Running,True
1779262190,productpage,v1,Running,True
1779262190,productpage,v1,Running,True
1779262190,productpage,v1,Running,True
1779262190,productpage,v1,Running,True
1779262190,productpage,v1,Running,True
1779262190,productpage,v1,Running,True
1779262190,ratings,v1,Running,True
1779262190,reviews,v1,Running,True
1779262190,reviews,v2,Running,True
1779262190,reviews,v3,Running,True
1779262191,details,v1,Running,True
1779262191,details,v1,Running,True
1779262191,details,v1,Running,True
1779262191,productpage,v1,Running,True
1779262191,productpage,v1,Running,True
1779262191,productpage,v1,Running,True
1779262191,productpage,v1,Running,True
1779262191,productpage,v1,Running,True
1779262191,productpage,v1,Running,True
1779262191,productpage,v1,Running,True
1779262191,productpage,v1,Running,True
1779262191,productpage,v1,Running,True
1779262191,productpage,v1,Running,True
1779262191,productpage,v1,Running,True
1779262191,productpage,v1,Running,True
1779262191,productpage,v1,Running,True
1779262191,productpage,v1,Running,True
1779262191,productpage,v1,Running,True
1779262191,productpage,v1,Running,True
1779262191,productpage,v1,Running,True
1779262191,productpage,v1,Running,True
1779262191,productpage,v1,Running,True
1779262191,ratings,v1,Running,True
1779262191,reviews,v1,Running,True
1779262191,reviews,v2,Running,True
1779262191,reviews,v3,Running,True
1779262193,details,v1,Running,True
1779262193,details,v1,Running,True
1779262193,details,v1,Running,True
1779262193,productpage,v1,Running,True
1779262193,productpage,v1,Running,True
1779262193,productpage,v1,Running,True
1779262193,productpage,v1,Running,True
1779262193,productpage,v1,Running,True
1779262193,productpage,v1,Running,True
1779262193,productpage,v1,Running,True
1779262193,productpage,v1,Running,True
1779262193,productpage,v1,Running,True
1779262193,productpage,v1,Running,True
1779262193,productpage,v1,Running,True
1779262193,productpage,v1,Running,True
1779262193,productpage,v1,Running,True
1779262193,productpage,v1,Running,True
1779262193,productpage,v1,Running,True
1779262193,productpage,v1,Running,True
1779262193,productpage,v1,Running,True
1779262193,productpage,v1,Running,True
1779262193,productpage,v1,Running,True
1779262193,ratings,v1,Running,True
1779262193,reviews,v1,Running,True
1779262193,reviews,v2,Running,True
1779262193,reviews,v3,Running,True
1779262194,details,v1,Running,True
1779262194,details,v1,Running,True
1779262194,details,v1,Running,True
1779262194,productpage,v1,Running,True
1779262194,productpage,v1,Running,True
1779262194,productpage,v1,Running,True
1779262194,productpage,v1,Running,True
1779262194,productpage,v1,Running,True
1779262194,productpage,v1,Running,True
1779262194,productpage,v1,Running,True
1779262194,productpage,v1,Running,True
1779262194,productpage,v1,Running,True
1779262194,productpage,v1,Running,True
1779262194,productpage,v1,Running,True
1779262194,productpage,v1,Running,True
1779262194,productpage,v1,Running,True
1779262194,productpage,v1,Running,True
1779262194,productpage,v1,Running,True
1779262194,productpage,v1,Running,True
1779262194,productpage,v1,Running,True
1779262194,productpage,v1,Running,True
1779262194,productpage,v1,Running,True
1779262194,ratings,v1,Running,True
1779262194,reviews,v1,Running,True
1779262194,reviews,v2,Running,True
1779262194,reviews,v3,Running,True
1779262195,details,v1,Running,True
1779262195,details,v1,Running,True
1779262195,details,v1,Running,True
1779262195,productpage,v1,Running,True
1779262195,productpage,v1,Running,True
1779262195,productpage,v1,Running,True
1779262195,productpage,v1,Running,True
1779262195,productpage,v1,Running,True
1779262195,productpage,v1,Running,True
1779262195,productpage,v1,Running,True
1779262195,productpage,v1,Running,True
1779262195,productpage,v1,Running,True
1779262195,productpage,v1,Running,True
1779262195,productpage,v1,Running,True
1779262195,productpage,v1,Running,True
1779262195,productpage,v1,Running,True
1779262195,productpage,v1,Running,True
1779262195,productpage,v1,Running,True
1779262195,productpage,v1,Running,True
1779262195,productpage,v1,Running,True
1779262195,productpage,v1,Running,True
1779262195,productpage,v1,Running,True
1779262195,ratings,v1,Running,True
1779262195,reviews,v1,Running,True
1779262195,reviews,v2,Running,True
1779262195,reviews,v3,Running,True
1779262196,details,v1,Running,True
1779262196,details,v1,Running,True
1779262196,details,v1,Running,True
1779262196,productpage,v1,Running,True
1779262196,productpage,v1,Running,True
1779262196,productpage,v1,Running,True
1779262196,productpage,v1,Running,True
1779262196,productpage,v1,Running,True
1779262196,productpage,v1,Running,True
1779262196,productpage,v1,Running,True
1779262196,productpage,v1,Running,True
1779262196,productpage,v1,Running,True
1779262196,productpage,v1,Running,True
1779262196,productpage,v1,Running,True
1779262196,productpage,v1,Running,True
1779262196,productpage,v1,Running,True
1779262196,productpage,v1,Running,True
1779262196,productpage,v1,Running,True
1779262196,productpage,v1,Running,True
1779262196,productpage,v1,Running,True
1779262196,productpage,v1,Running,True
1779262196,productpage,v1,Running,True
1779262196,ratings,v1,Running,True
1779262196,reviews,v1,Running,True
1779262196,reviews,v2,Running,True
1779262196,reviews,v3,Running,True
1779262197,details,v1,Running,True
1779262197,details,v1,Running,True
1779262197,details,v1,Running,True
1779262197,productpage,v1,Running,True
1779262197,productpage,v1,Running,True
1779262197,productpage,v1,Running,True
1779262197,productpage,v1,Running,True
1779262197,productpage,v1,Running,True
1779262197,productpage,v1,Running,True
1779262197,productpage,v1,Running,True
1779262197,productpage,v1,Running,True
1779262197,productpage,v1,Running,True
1779262197,productpage,v1,Running,True
1779262197,productpage,v1,Running,True
1779262197,productpage,v1,Running,True
1779262197,productpage,v1,Running,True
1779262197,productpage,v1,Running,True
1779262197,productpage,v1,Running,True
1779262197,productpage,v1,Running,True
1779262197,productpage,v1,Running,True
1779262197,productpage,v1,Running,True
1779262197,productpage,v1,Running,True
1779262197,ratings,v1,Running,True
1779262197,reviews,v1,Running,True
1779262197,reviews,v2,Running,True
1779262197,reviews,v3,Running,True
1779262198,details,v1,Running,True
1779262198,details,v1,Running,True
1779262198,details,v1,Running,True
1779262198,productpage,v1,Running,True
1779262198,productpage,v1,Running,True
1779262198,productpage,v1,Running,True
1779262198,productpage,v1,Running,True
1779262198,productpage,v1,Running,True
1779262198,productpage,v1,Running,True
1779262198,productpage,v1,Running,True
1779262198,productpage,v1,Running,True
1779262198,productpage,v1,Running,True
1779262198,productpage,v1,Running,True
1779262198,productpage,v1,Running,True
1779262198,productpage,v1,Running,True
1779262198,productpage,v1,Running,True
1779262198,productpage,v1,Running,True
1779262198,productpage,v1,Running,True
1779262198,productpage,v1,Running,True
1779262198,productpage,v1,Running,True
1779262198,productpage,v1,Running,True
1779262198,productpage,v1,Running,True
1779262198,ratings,v1,Running,True
1779262198,reviews,v1,Running,True
1779262198,reviews,v2,Running,True
1779262198,reviews,v3,Running,True
1779262199,details,v1,Running,True
1779262199,details,v1,Running,True
1779262199,details,v1,Running,True
1779262199,productpage,v1,Running,True
1779262199,productpage,v1,Running,True
1779262199,productpage,v1,Running,True
1779262199,productpage,v1,Running,True
1779262199,productpage,v1,Running,True
1779262199,productpage,v1,Running,True
1779262199,productpage,v1,Running,True
1779262199,productpage,v1,Running,True
1779262199,productpage,v1,Running,True
1779262199,productpage,v1,Running,True
1779262199,productpage,v1,Running,True
1779262199,productpage,v1,Running,True
1779262199,productpage,v1,Running,True
1779262199,productpage,v1,Running,True
1779262199,productpage,v1,Running,True
1779262199,productpage,v1,Running,True
1779262199,productpage,v1,Running,True
1779262199,productpage,v1,Running,True
1779262199,productpage,v1,Running,True
1779262199,ratings,v1,Running,True
1779262199,reviews,v1,Running,True
1779262199,reviews,v2,Running,True
1779262199,reviews,v3,Running,True
1779262200,details,v1,Running,True
1779262200,details,v1,Running,True
1779262200,details,v1,Running,True
1779262200,productpage,v1,Running,True
1779262200,productpage,v1,Running,True
1779262200,productpage,v1,Running,True
1779262200,productpage,v1,Running,True
1779262200,productpage,v1,Running,True
1779262200,productpage,v1,Running,True
1779262200,productpage,v1,Running,True
1779262200,productpage,v1,Running,True
1779262200,productpage,v1,Running,True
1779262200,productpage,v1,Running,True
1779262200,productpage,v1,Running,True
1779262200,productpage,v1,Running,True
1779262200,productpage,v1,Running,True
1779262200,productpage,v1,Running,True
1779262200,productpage,v1,Running,True
1779262200,productpage,v1,Running,True
1779262200,productpage,v1,Running,True
1779262200,productpage,v1,Running,True
1779262200,productpage,v1,Running,True
1779262200,ratings,v1,Running,True
1779262200,reviews,v1,Running,True
1779262200,reviews,v2,Running,True
1779262200,reviews,v3,Running,True
1779262201,details,v1,Running,True
1779262201,details,v1,Running,True
1779262201,details,v1,Running,True
1779262201,productpage,v1,Running,True
1779262201,productpage,v1,Running,True
1779262201,productpage,v1,Running,True
1779262201,productpage,v1,Running,True
1779262201,productpage,v1,Running,True
1779262201,productpage,v1,Running,True
1779262201,productpage,v1,Running,True
1779262201,productpage,v1,Running,True
1779262201,productpage,v1,Running,True
1779262201,productpage,v1,Running,True
1779262201,productpage,v1,Running,True
1779262201,productpage,v1,Running,True
1779262201,productpage,v1,Running,True
1779262201,productpage,v1,Running,True
1779262201,productpage,v1,Running,True
1779262201,productpage,v1,Running,True
1779262201,productpage,v1,Running,True
1779262201,productpage,v1,Running,True
1779262201,productpage,v1,Running,True
1779262201,ratings,v1,Running,True
1779262201,reviews,v1,Running,True
1779262201,reviews,v2,Running,True
1779262201,reviews,v3,Running,True
1779262202,details,v1,Running,True
1779262202,details,v1,Running,True
1779262202,details,v1,Running,True
1779262202,productpage,v1,Running,True
1779262202,productpage,v1,Running,True
1779262202,productpage,v1,Running,True
1779262202,productpage,v1,Running,True
1779262202,productpage,v1,Running,True
1779262202,productpage,v1,Running,True
1779262202,productpage,v1,Running,True
1779262202,productpage,v1,Running,True
1779262202,productpage,v1,Running,True
1779262202,productpage,v1,Running,True
1779262202,productpage,v1,Running,True
1779262202,productpage,v1,Running,True
1779262202,productpage,v1,Running,True
1779262202,productpage,v1,Running,True
1779262202,productpage,v1,Running,True
1779262202,productpage,v1,Running,True
1779262202,productpage,v1,Running,True
1779262202,productpage,v1,Running,True
1779262202,productpage,v1,Running,True
1779262202,ratings,v1,Running,True
1779262202,reviews,v1,Running,True
1779262202,reviews,v2,Running,True
1779262202,reviews,v3,Running,True
1779262203,details,v1,Running,True
1779262203,details,v1,Running,True
1779262203,details,v1,Running,True
1779262203,productpage,v1,Running,True
1779262203,productpage,v1,Running,True
1779262203,productpage,v1,Running,True
1779262203,productpage,v1,Running,True
1779262203,productpage,v1,Running,True
1779262203,productpage,v1,Running,True
1779262203,productpage,v1,Running,True
1779262203,productpage,v1,Running,True
1779262203,productpage,v1,Running,True
1779262203,productpage,v1,Running,True
1779262203,productpage,v1,Running,True
1779262203,productpage,v1,Running,True
1779262203,productpage,v1,Running,True
1779262203,productpage,v1,Running,True
1779262203,productpage,v1,Running,True
1779262203,productpage,v1,Running,True
1779262203,productpage,v1,Running,True
1779262203,productpage,v1,Running,True
1779262203,productpage,v1,Running,True
1779262203,ratings,v1,Running,True
1779262203,reviews,v1,Running,True
1779262203,reviews,v2,Running,True
1779262203,reviews,v3,Running,True
1779262204,details,v1,Running,True
1779262204,details,v1,Running,True
1779262204,details,v1,Running,True
1779262204,productpage,v1,Running,True
1779262204,productpage,v1,Running,True
1779262204,productpage,v1,Running,True
1779262204,productpage,v1,Running,True
1779262204,productpage,v1,Running,True
1779262204,productpage,v1,Running,True
1779262204,productpage,v1,Running,True
1779262204,productpage,v1,Running,True
1779262204,productpage,v1,Running,True
1779262204,productpage,v1,Running,True
1779262204,productpage,v1,Running,True
1779262204,productpage,v1,Running,True
1779262204,productpage,v1,Running,True
1779262204,productpage,v1,Running,True
1779262204,productpage,v1,Running,True
1779262204,productpage,v1,Running,True
1779262204,productpage,v1,Running,True
1779262204,productpage,v1,Running,True
1779262204,productpage,v1,Running,True
1779262204,ratings,v1,Running,True
1779262204,reviews,v1,Running,True
1779262204,reviews,v2,Running,True
1779262204,reviews,v3,Running,True
1779262205,details,v1,Running,True
1779262205,details,v1,Running,True
1779262205,details,v1,Running,True
1779262205,productpage,v1,Running,True
1779262205,productpage,v1,Running,True
1779262205,productpage,v1,Running,True
1779262205,productpage,v1,Running,True
1779262205,productpage,v1,Running,True
1779262205,productpage,v1,Running,True
1779262205,productpage,v1,Running,True
1779262205,productpage,v1,Running,True
1779262205,productpage,v1,Running,True
1779262205,productpage,v1,Running,True
1779262205,productpage,v1,Running,True
1779262205,productpage,v1,Running,True
1779262205,productpage,v1,Running,True
1779262205,productpage,v1,Running,True
1779262205,productpage,v1,Running,True
1779262205,productpage,v1,Running,True
1779262205,productpage,v1,Running,True
1779262205,productpage,v1,Running,True
1779262205,productpage,v1,Running,True
1779262205,ratings,v1,Running,True
1779262205,reviews,v1,Running,True
1779262205,reviews,v2,Running,True
1779262205,reviews,v2,Pending,False
1779262205,reviews,v3,Pending,False
1779262205,reviews,v3,Running,True
1779262206,details,v1,Running,True
1779262206,details,v1,Running,True
1779262206,details,v1,Running,True
1779262206,productpage,v1,Running,True
1779262206,productpage,v1,Running,True
1779262206,productpage,v1,Running,True
1779262206,productpage,v1,Running,True
1779262206,productpage,v1,Running,True
1779262206,productpage,v1,Running,True
1779262206,productpage,v1,Running,True
1779262206,productpage,v1,Running,True
1779262206,productpage,v1,Running,True
1779262206,productpage,v1,Running,True
1779262206,productpage,v1,Running,True
1779262206,productpage,v1,Running,True
1779262206,productpage,v1,Pending,False
1779262206,productpage,v1,Running,True
1779262206,productpage,v1,Running,True
1779262206,productpage,v1,Running,True
1779262206,productpage,v1,Running,True
1779262206,productpage,v1,Running,True
1779262206,productpage,v1,Running,True
1779262206,productpage,v1,Running,True
1779262206,ratings,v1,Running,True
1779262206,reviews,v1,Running,True
1779262206,reviews,v2,Running,True
1779262206,reviews,v2,Pending,False
1779262206,reviews,v3,Pending,False
1779262206,reviews,v3,Running,True
1779262207,details,v1,Running,True
1779262207,details,v1,Running,True
1779262207,details,v1,Running,True
1779262207,productpage,v1,Running,True
1779262207,productpage,v1,Running,True
1779262207,productpage,v1,Running,True
1779262207,productpage,v1,Running,True
1779262207,productpage,v1,Running,True
1779262207,productpage,v1,Running,True
1779262207,productpage,v1,Running,True
1779262207,productpage,v1,Running,True
1779262207,productpage,v1,Running,True
1779262207,productpage,v1,Running,True
1779262207,productpage,v1,Running,True
1779262207,productpage,v1,Running,True
1779262207,productpage,v1,Pending,False
1779262207,productpage,v1,Running,True
1779262207,productpage,v1,Running,True
1779262207,productpage,v1,Running,True
1779262207,productpage,v1,Running,True
1779262207,productpage,v1,Running,True
1779262207,productpage,v1,Running,True
1779262207,productpage,v1,Running,True
1779262207,ratings,v1,Running,True
1779262207,reviews,v1,Running,True
1779262207,reviews,v2,Running,True
1779262207,reviews,v2,Running,False
1779262207,reviews,v3,Running,False
1779262207,reviews,v3,Running,True
1779262208,details,v1,Running,True
1779262208,details,v1,Running,True
1779262208,details,v1,Running,True
1779262208,productpage,v1,Running,True
1779262208,productpage,v1,Running,True
1779262208,productpage,v1,Running,True
1779262208,productpage,v1,Running,True
1779262208,productpage,v1,Running,True
1779262208,productpage,v1,Running,True
1779262208,productpage,v1,Running,True
1779262208,productpage,v1,Running,True
1779262208,productpage,v1,Running,True
1779262208,productpage,v1,Running,True
1779262208,productpage,v1,Running,True
1779262208,productpage,v1,Running,True
1779262208,productpage,v1,Running,False
1779262208,productpage,v1,Running,True
1779262208,productpage,v1,Running,True
1779262208,productpage,v1,Running,True
1779262208,productpage,v1,Running,True
1779262208,productpage,v1,Running,True
1779262208,productpage,v1,Running,True
1779262208,productpage,v1,Running,True
1779262208,ratings,v1,Running,True
1779262208,reviews,v1,Running,True
1779262208,reviews,v2,Running,True
1779262208,reviews,v2,Running,True
1779262208,reviews,v3,Running,True
1779262208,reviews,v3,Running,True
1779262209,details,v1,Running,True
1779262209,details,v1,Running,True
1779262209,details,v1,Running,True
1779262209,productpage,v1,Running,True
1779262209,productpage,v1,Running,True
1779262209,productpage,v1,Running,True
1779262209,productpage,v1,Running,True
1779262209,productpage,v1,Running,True
1779262209,productpage,v1,Running,True
1779262209,productpage,v1,Running,True
1779262209,productpage,v1,Running,True
1779262209,productpage,v1,Running,True
1779262209,productpage,v1,Running,True
1779262209,productpage,v1,Running,True
1779262209,productpage,v1,Running,True
1779262209,productpage,v1,Running,True
1779262209,productpage,v1,Running,True
1779262209,productpage,v1,Running,True
1779262209,productpage,v1,Running,True
1779262209,productpage,v1,Running,True
1779262209,productpage,v1,Running,True
1779262209,productpage,v1,Running,True
1779262209,productpage,v1,Running,True
1779262209,ratings,v1,Running,True
1779262209,reviews,v1,Running,True
1779262209,reviews,v2,Running,True
1779262209,reviews,v2,Running,True
1779262209,reviews,v3,Running,True
1779262209,reviews,v3,Running,True
1779262210,details,v1,Running,True
1779262210,details,v1,Running,True
1779262210,details,v1,Running,True
1779262210,productpage,v1,Running,True
1779262210,productpage,v1,Running,True
1779262210,productpage,v1,Running,True
1779262210,productpage,v1,Running,True
1779262210,productpage,v1,Running,True
1779262210,productpage,v1,Running,True
1779262210,productpage,v1,Running,True
1779262210,productpage,v1,Running,True
1779262210,productpage,v1,Running,True
1779262210,productpage,v1,Running,True
1779262210,productpage,v1,Running,True
1779262210,productpage,v1,Running,True
1779262210,productpage,v1,Running,True
1779262210,productpage,v1,Running,True
1779262210,productpage,v1,Running,True
1779262210,productpage,v1,Running,True
1779262210,productpage,v1,Running,True
1779262210,productpage,v1,Running,True
1779262210,productpage,v1,Running,True
1779262210,productpage,v1,Running,True
1779262210,ratings,v1,Running,True
1779262210,reviews,v1,Running,True
1779262210,reviews,v2,Running,True
1779262210,reviews,v2,Running,True
1779262210,reviews,v3,Running,True
1779262210,reviews,v3,Running,True
1779262211,details,v1,Running,True
1779262211,details,v1,Running,True
1779262211,details,v1,Running,True
1779262211,productpage,v1,Running,True
1779262211,productpage,v1,Running,True
1779262211,productpage,v1,Running,True
1779262211,productpage,v1,Running,True
1779262211,productpage,v1,Running,True
1779262211,productpage,v1,Running,True
1779262211,productpage,v1,Running,True
1779262211,productpage,v1,Running,True
1779262211,productpage,v1,Running,True
1779262211,productpage,v1,Running,True
1779262211,productpage,v1,Running,True
1779262211,productpage,v1,Running,True
1779262211,productpage,v1,Running,True
1779262211,productpage,v1,Running,True
1779262211,productpage,v1,Running,True
1779262211,productpage,v1,Running,True
1779262211,productpage,v1,Running,True
1779262211,productpage,v1,Running,True
1779262211,productpage,v1,Running,True
1779262211,productpage,v1,Running,True
1779262211,ratings,v1,Running,True
1779262211,reviews,v1,Running,True
1779262211,reviews,v2,Running,True
1779262211,reviews,v2,Running,True
1779262211,reviews,v3,Running,True
1779262211,reviews,v3,Running,True
1779262212,details,v1,Running,True
1779262212,details,v1,Running,True
1779262212,details,v1,Running,True
1779262212,productpage,v1,Running,True
1779262212,productpage,v1,Running,True
1779262212,productpage,v1,Running,True
1779262212,productpage,v1,Running,True
1779262212,productpage,v1,Running,True
1779262212,productpage,v1,Running,True
1779262212,productpage,v1,Running,True
1779262212,productpage,v1,Running,True
1779262212,productpage,v1,Running,True
1779262212,productpage,v1,Running,True
1779262212,productpage,v1,Running,True
1779262212,productpage,v1,Running,True
1779262212,productpage,v1,Running,True
1779262212,productpage,v1,Running,True
1779262212,productpage,v1,Running,True
1779262212,productpage,v1,Running,True
1779262212,productpage,v1,Running,True
1779262212,productpage,v1,Running,True
1779262212,productpage,v1,Running,True
1779262212,productpage,v1,Running,True
1779262212,ratings,v1,Running,True
1779262212,reviews,v1,Running,True
1779262212,reviews,v2,Running,True
1779262212,reviews,v2,Running,True
1779262212,reviews,v3,Running,True
1779262212,reviews,v3,Running,True
1779262213,details,v1,Running,True
1779262213,details,v1,Running,True
1779262213,details,v1,Running,True
1779262213,productpage,v1,Running,True
1779262213,productpage,v1,Running,True
1779262213,productpage,v1,Running,True
1779262213,productpage,v1,Running,True
1779262213,productpage,v1,Running,True
1779262213,productpage,v1,Running,True
1779262213,productpage,v1,Running,True
1779262213,productpage,v1,Running,True
1779262213,productpage,v1,Running,True
1779262213,productpage,v1,Running,True
1779262213,productpage,v1,Running,True
1779262213,productpage,v1,Running,True
1779262213,productpage,v1,Running,True
1779262213,productpage,v1,Running,True
1779262213,productpage,v1,Running,True
1779262213,productpage,v1,Running,True
1779262213,productpage,v1,Running,True
1779262213,productpage,v1,Running,True
1779262213,productpage,v1,Running,True
1779262213,productpage,v1,Running,True
1779262213,ratings,v1,Running,True
1779262213,reviews,v1,Running,True
1779262213,reviews,v2,Running,True
1779262213,reviews,v2,Running,True
1779262213,reviews,v3,Running,True
1779262213,reviews,v3,Running,True
1779262214,details,v1,Running,True
1779262214,details,v1,Running,True
1779262214,details,v1,Running,True
1779262214,productpage,v1,Running,True
1779262214,productpage,v1,Running,True
1779262214,productpage,v1,Running,True
1779262214,productpage,v1,Running,True
1779262214,productpage,v1,Running,True
1779262214,productpage,v1,Running,True
1779262214,productpage,v1,Running,True
1779262214,productpage,v1,Running,True
1779262214,productpage,v1,Running,True
1779262214,productpage,v1,Running,True
1779262214,productpage,v1,Running,True
1779262214,productpage,v1,Running,True
1779262214,productpage,v1,Running,True
1779262214,productpage,v1,Running,True
1779262214,productpage,v1,Running,True
1779262214,productpage,v1,Running,True
1779262214,productpage,v1,Running,True
1779262214,productpage,v1,Running,True
1779262214,productpage,v1,Running,True
1779262214,productpage,v1,Running,True
1779262214,ratings,v1,Running,True
1779262214,reviews,v1,Running,True
1779262214,reviews,v2,Running,True
1779262214,reviews,v2,Running,True
1779262214,reviews,v3,Running,True
1779262214,reviews,v3,Running,True
1779262215,details,v1,Running,True
1779262215,details,v1,Running,True
1779262215,details,v1,Running,True
1779262215,productpage,v1,Running,True
1779262215,productpage,v1,Running,True
1779262215,productpage,v1,Running,True
1779262215,productpage,v1,Running,True
1779262215,productpage,v1,Running,True
1779262215,productpage,v1,Running,True
1779262215,productpage,v1,Running,True
1779262215,productpage,v1,Running,True
1779262215,productpage,v1,Running,True
1779262215,productpage,v1,Running,True
1779262215,productpage,v1,Running,True
1779262215,productpage,v1,Running,True
1779262215,productpage,v1,Running,True
1779262215,productpage,v1,Running,True
1779262215,productpage,v1,Running,True
1779262215,productpage,v1,Running,True
1779262215,productpage,v1,Running,True
1779262215,productpage,v1,Running,True
1779262215,productpage,v1,Running,True
1779262215,productpage,v1,Running,True
1779262215,ratings,v1,Running,True
1779262215,reviews,v1,Running,True
1779262215,reviews,v2,Running,True
1779262215,reviews,v2,Running,True
1779262215,reviews,v3,Running,True
1779262215,reviews,v3,Running,True
1779262216,details,v1,Running,True
1779262216,details,v1,Running,True
1779262216,details,v1,Running,True
1779262216,productpage,v1,Running,True
1779262216,productpage,v1,Running,True
1779262216,productpage,v1,Running,True
1779262216,productpage,v1,Running,True
1779262216,productpage,v1,Running,True
1779262216,productpage,v1,Running,True
1779262216,productpage,v1,Running,True
1779262216,productpage,v1,Running,True
1779262216,productpage,v1,Running,True
1779262216,productpage,v1,Running,True
1779262216,productpage,v1,Running,True
1779262216,productpage,v1,Running,True
1779262216,productpage,v1,Running,True
1779262216,productpage,v1,Running,True
1779262216,productpage,v1,Running,True
1779262216,productpage,v1,Running,True
1779262216,productpage,v1,Running,True
1779262216,productpage,v1,Running,True
1779262216,productpage,v1,Running,True
1779262216,productpage,v1,Running,True
1779262216,ratings,v1,Running,True
1779262216,reviews,v1,Running,True
1779262216,reviews,v2,Running,True
1779262216,reviews,v2,Running,True
1779262216,reviews,v3,Running,True
1779262216,reviews,v3,Running,True
1779262217,details,v1,Running,True
1779262217,details,v1,Running,True
1779262217,details,v1,Running,True
1779262217,productpage,v1,Running,True
1779262217,productpage,v1,Running,True
1779262217,productpage,v1,Running,True
1779262217,productpage,v1,Running,True
1779262217,productpage,v1,Running,True
1779262217,productpage,v1,Running,True
1779262217,productpage,v1,Running,True
1779262217,productpage,v1,Running,True
1779262217,productpage,v1,Running,True
1779262217,productpage,v1,Running,True
1779262217,productpage,v1,Running,True
1779262217,productpage,v1,Running,True
1779262217,productpage,v1,Running,True
1779262217,productpage,v1,Running,True
1779262217,productpage,v1,Running,True
1779262217,productpage,v1,Running,True
1779262217,productpage,v1,Running,True
1779262217,productpage,v1,Running,True
1779262217,productpage,v1,Running,True
1779262217,productpage,v1,Running,True
1779262217,ratings,v1,Running,True
1779262217,reviews,v1,Running,True
1779262217,reviews,v2,Running,True
1779262217,reviews,v2,Running,True
1779262217,reviews,v3,Running,True
1779262217,reviews,v3,Running,True
1779262218,details,v1,Running,True
1779262218,details,v1,Running,True
1779262218,details,v1,Running,True
1779262218,productpage,v1,Running,True
1779262218,productpage,v1,Running,True
1779262218,productpage,v1,Running,True
1779262218,productpage,v1,Running,True
1779262218,productpage,v1,Running,True
1779262218,productpage,v1,Running,True
1779262218,productpage,v1,Running,True
1779262218,productpage,v1,Running,True
1779262218,productpage,v1,Running,True
1779262218,productpage,v1,Running,True
1779262218,productpage,v1,Running,True
1779262218,productpage,v1,Running,True
1779262218,productpage,v1,Running,True
1779262218,productpage,v1,Running,True
1779262218,productpage,v1,Running,True
1779262218,productpage,v1,Running,True
1779262218,productpage,v1,Running,True
1779262218,productpage,v1,Running,True
1779262218,productpage,v1,Running,True
1779262218,productpage,v1,Running,True
1779262218,ratings,v1,Running,True
1779262218,reviews,v1,Running,True
1779262218,reviews,v2,Running,True
1779262218,reviews,v2,Running,True
1779262218,reviews,v3,Running,True
1779262218,reviews,v3,Running,True
1779262219,details,v1,Running,True
1779262219,details,v1,Running,True
1779262219,details,v1,Running,True
1779262219,productpage,v1,Running,True
1779262219,productpage,v1,Running,True
1779262219,productpage,v1,Running,True
1779262219,productpage,v1,Running,True
1779262219,productpage,v1,Running,True
1779262219,productpage,v1,Running,True
1779262219,productpage,v1,Running,True
1779262219,productpage,v1,Running,True
1779262219,productpage,v1,Running,True
1779262219,productpage,v1,Running,True
1779262219,productpage,v1,Running,True
1779262219,productpage,v1,Running,True
1779262219,productpage,v1,Running,True
1779262219,productpage,v1,Running,True
1779262219,productpage,v1,Running,True
1779262219,productpage,v1,Running,True
1779262219,productpage,v1,Running,True
1779262219,productpage,v1,Running,True
1779262219,productpage,v1,Running,True
1779262219,productpage,v1,Running,True
1779262219,ratings,v1,Running,True
1779262219,reviews,v1,Running,True
1779262219,reviews,v2,Running,True
1779262219,reviews,v2,Running,True
1779262219,reviews,v3,Running,True
1779262219,reviews,v3,Running,True
1779262220,details,v1,Running,True
1779262220,details,v1,Running,True
1779262220,details,v1,Running,True
1779262220,productpage,v1,Running,True
1779262220,productpage,v1,Running,True
1779262220,productpage,v1,Running,True
1779262220,productpage,v1,Running,True
1779262220,productpage,v1,Running,True
1779262220,productpage,v1,Running,True
1779262220,productpage,v1,Running,True
1779262220,productpage,v1,Running,True
1779262220,productpage,v1,Running,True
1779262220,productpage,v1,Running,True
1779262220,productpage,v1,Running,True
1779262220,productpage,v1,Running,True
1779262220,productpage,v1,Running,True
1779262220,productpage,v1,Running,True
1779262220,productpage,v1,Running,True
1779262220,productpage,v1,Running,True
1779262220,productpage,v1,Running,True
1779262220,productpage,v1,Running,True
1779262220,productpage,v1,Running,True
1779262220,productpage,v1,Running,True
1779262220,ratings,v1,Running,True
1779262220,reviews,v1,Running,True
1779262220,reviews,v2,Running,True
1779262220,reviews,v2,Running,True
1779262220,reviews,v3,Running,True
1779262220,reviews,v3,Running,True
1779262221,details,v1,Running,True
1779262221,details,v1,Running,True
1779262221,details,v1,Running,True
1779262221,productpage,v1,Running,True
1779262221,productpage,v1,Running,True
1779262221,productpage,v1,Running,True
1779262221,productpage,v1,Running,True
1779262221,productpage,v1,Running,True
1779262221,productpage,v1,Running,True
1779262221,productpage,v1,Running,True
1779262221,productpage,v1,Running,True
1779262221,productpage,v1,Running,True
1779262221,productpage,v1,Running,True
1779262221,productpage,v1,Running,True
1779262221,productpage,v1,Running,True
1779262221,productpage,v1,Running,True
1779262221,productpage,v1,Running,True
1779262221,productpage,v1,Running,True
1779262221,productpage,v1,Running,True
1779262221,productpage,v1,Running,True
1779262221,productpage,v1,Running,True
1779262221,productpage,v1,Running,True
1779262221,productpage,v1,Running,True
1779262221,ratings,v1,Running,True
1779262221,reviews,v1,Running,True
1779262221,reviews,v2,Running,True
1779262221,reviews,v2,Running,True
1779262221,reviews,v3,Running,True
1779262221,reviews,v3,Running,True
1779262222,details,v1,Running,True
1779262222,details,v1,Running,True
1779262222,details,v1,Running,True
1779262222,productpage,v1,Running,True
1779262222,productpage,v1,Running,True
1779262222,productpage,v1,Running,True
1779262222,productpage,v1,Running,True
1779262222,productpage,v1,Running,True
1779262222,productpage,v1,Running,True
1779262222,productpage,v1,Running,True
1779262222,productpage,v1,Running,True
1779262222,productpage,v1,Running,True
1779262222,productpage,v1,Running,True
1779262222,productpage,v1,Running,True
1779262222,productpage,v1,Running,True
1779262222,productpage,v1,Running,True
1779262222,productpage,v1,Running,True
1779262222,productpage,v1,Running,True
1779262222,productpage,v1,Running,True
1779262222,productpage,v1,Running,True
1779262222,productpage,v1,Running,True
1779262222,productpage,v1,Running,True
1779262222,productpage,v1,Running,True
1779262222,ratings,v1,Running,True
1779262222,reviews,v1,Running,True
1779262222,reviews,v2,Running,True
1779262222,reviews,v2,Running,True
1779262222,reviews,v3,Running,True
1779262222,reviews,v3,Running,True
1779262223,details,v1,Running,True
1779262223,details,v1,Running,True
1779262223,details,v1,Running,True
1779262223,productpage,v1,Running,True
1779262223,productpage,v1,Running,True
1779262223,productpage,v1,Running,True
1779262223,productpage,v1,Running,True
1779262223,productpage,v1,Running,True
1779262223,productpage,v1,Running,True
1779262223,productpage,v1,Running,True
1779262223,productpage,v1,Running,True
1779262223,productpage,v1,Running,True
1779262223,productpage,v1,Running,True
1779262223,productpage,v1,Running,True
1779262223,productpage,v1,Running,True
1779262223,productpage,v1,Running,True
1779262223,productpage,v1,Running,True
1779262223,productpage,v1,Running,True
1779262223,productpage,v1,Running,True
1779262223,productpage,v1,Running,True
1779262223,productpage,v1,Running,True
1779262223,productpage,v1,Running,True
1779262223,productpage,v1,Running,True
1779262223,ratings,v1,Running,True
1779262223,reviews,v1,Running,True
1779262223,reviews,v2,Running,True
1779262223,reviews,v2,Running,True
1779262223,reviews,v3,Running,True
1779262223,reviews,v3,Running,True
1779262224,details,v1,Running,True
1779262224,details,v1,Running,True
1779262224,details,v1,Running,True
1779262224,productpage,v1,Running,True
1779262224,productpage,v1,Running,True
1779262224,productpage,v1,Running,True
1779262224,productpage,v1,Running,True
1779262224,productpage,v1,Running,True
1779262224,productpage,v1,Running,True
1779262224,productpage,v1,Running,True
1779262224,productpage,v1,Running,True
1779262224,productpage,v1,Running,True
1779262224,productpage,v1,Running,True
1779262224,productpage,v1,Running,True
1779262224,productpage,v1,Running,True
1779262224,productpage,v1,Running,True
1779262224,productpage,v1,Running,True
1779262224,productpage,v1,Running,True
1779262224,productpage,v1,Running,True
1779262224,productpage,v1,Running,True
1779262224,productpage,v1,Running,True
1779262224,productpage,v1,Running,True
1779262224,productpage,v1,Running,True
1779262224,ratings,v1,Running,True
1779262224,reviews,v1,Running,True
1779262224,reviews,v2,Running,True
1779262224,reviews,v2,Running,True
1779262224,reviews,v3,Running,True
1779262224,reviews,v3,Running,True
1779262225,details,v1,Running,True
1779262225,details,v1,Running,True
1779262225,details,v1,Running,True
1779262225,productpage,v1,Running,True
1779262225,productpage,v1,Running,True
1779262225,productpage,v1,Running,True
1779262225,productpage,v1,Running,True
1779262225,productpage,v1,Running,True
1779262225,productpage,v1,Running,True
1779262225,productpage,v1,Running,True
1779262225,productpage,v1,Running,True
1779262225,productpage,v1,Running,True
1779262225,productpage,v1,Running,True
1779262225,productpage,v1,Running,True
1779262225,productpage,v1,Running,True
1779262225,productpage,v1,Running,True
1779262225,productpage,v1,Running,True
1779262225,productpage,v1,Running,True
1779262225,productpage,v1,Running,True
1779262225,productpage,v1,Running,True
1779262225,productpage,v1,Running,True
1779262225,productpage,v1,Running,True
1779262225,productpage,v1,Running,True
1779262225,ratings,v1,Running,True
1779262225,reviews,v1,Running,True
1779262225,reviews,v2,Running,True
1779262225,reviews,v2,Running,True
1779262225,reviews,v3,Running,True
1779262225,reviews,v3,Running,True
1779262226,details,v1,Running,True
1779262226,details,v1,Running,True
1779262226,details,v1,Running,True
1779262226,productpage,v1,Running,True
1779262226,productpage,v1,Running,True
1779262226,productpage,v1,Running,True
1779262226,productpage,v1,Running,True
1779262226,productpage,v1,Running,True
1779262226,productpage,v1,Running,True
1779262226,productpage,v1,Running,True
1779262226,productpage,v1,Running,True
1779262226,productpage,v1,Running,True
1779262226,productpage,v1,Running,True
1779262226,productpage,v1,Running,True
1779262226,productpage,v1,Running,True
1779262226,productpage,v1,Running,True
1779262226,productpage,v1,Running,True
1779262226,productpage,v1,Running,True
1779262226,productpage,v1,Running,True
1779262226,productpage,v1,Running,True
1779262226,productpage,v1,Running,True
1779262226,productpage,v1,Running,True
1779262226,productpage,v1,Running,True
1779262226,ratings,v1,Running,True
1779262226,reviews,v1,Running,True
1779262226,reviews,v2,Running,True
1779262226,reviews,v2,Running,True
1779262226,reviews,v3,Running,True
1779262226,reviews,v3,Running,True
1779262227,details,v1,Running,True
1779262227,details,v1,Running,True
1779262227,details,v1,Running,True
1779262227,productpage,v1,Running,True
1779262227,productpage,v1,Running,True
1779262227,productpage,v1,Running,True
1779262227,productpage,v1,Running,True
1779262227,productpage,v1,Running,True
1779262227,productpage,v1,Running,True
1779262227,productpage,v1,Running,True
1779262227,productpage,v1,Running,True
1779262227,productpage,v1,Running,True
1779262227,productpage,v1,Running,True
1779262227,productpage,v1,Running,True
1779262227,productpage,v1,Running,True
1779262227,productpage,v1,Running,True
1779262227,productpage,v1,Running,True
1779262227,productpage,v1,Running,True
1779262227,productpage,v1,Running,True
1779262227,productpage,v1,Running,True
1779262227,productpage,v1,Running,True
1779262227,productpage,v1,Running,True
1779262227,productpage,v1,Running,True
1779262227,ratings,v1,Running,True
1779262227,reviews,v1,Running,True
1779262227,reviews,v2,Running,True
1779262227,reviews,v2,Running,True
1779262227,reviews,v3,Running,True
1779262227,reviews,v3,Running,True
1779262228,details,v1,Running,True
1779262228,details,v1,Running,True
1779262228,details,v1,Running,True
1779262228,productpage,v1,Running,True
1779262228,productpage,v1,Running,True
1779262228,productpage,v1,Running,True
1779262228,productpage,v1,Running,True
1779262228,productpage,v1,Running,True
1779262228,productpage,v1,Running,True
1779262228,productpage,v1,Running,True
1779262228,productpage,v1,Running,True
1779262228,productpage,v1,Running,True
1779262228,productpage,v1,Running,True
1779262228,productpage,v1,Running,True
1779262228,productpage,v1,Running,True
1779262228,productpage,v1,Running,True
1779262228,productpage,v1,Running,True
1779262228,productpage,v1,Running,True
1779262228,productpage,v1,Running,True
1779262228,productpage,v1,Running,True
1779262228,productpage,v1,Running,True
1779262228,productpage,v1,Running,True
1779262228,productpage,v1,Running,True
1779262228,ratings,v1,Running,True
1779262228,reviews,v1,Running,True
1779262228,reviews,v2,Running,True
1779262228,reviews,v2,Running,True
1779262228,reviews,v3,Running,True
1779262228,reviews,v3,Running,True
1779262229,details,v1,Running,True
1779262229,details,v1,Running,True
1779262229,details,v1,Running,True
1779262229,productpage,v1,Running,True
1779262229,productpage,v1,Running,True
1779262229,productpage,v1,Running,True
1779262229,productpage,v1,Running,True
1779262229,productpage,v1,Running,True
1779262229,productpage,v1,Running,True
1779262229,productpage,v1,Running,True
1779262229,productpage,v1,Running,True
1779262229,productpage,v1,Running,True
1779262229,productpage,v1,Running,True
1779262229,productpage,v1,Running,True
1779262229,productpage,v1,Running,True
1779262229,productpage,v1,Running,True
1779262229,productpage,v1,Running,True
1779262229,productpage,v1,Running,True
1779262229,productpage,v1,Running,True
1779262229,productpage,v1,Running,True
1779262229,productpage,v1,Running,True
1779262229,productpage,v1,Running,True
1779262229,productpage,v1,Running,True
1779262229,ratings,v1,Running,True
1779262229,reviews,v1,Running,True
1779262229,reviews,v2,Running,True
1779262229,reviews,v2,Running,True
1779262229,reviews,v3,Running,True
1779262229,reviews,v3,Running,True
1779262230,details,v1,Running,True
1779262230,details,v1,Running,True
1779262230,details,v1,Running,True
1779262230,productpage,v1,Running,True
1779262230,productpage,v1,Running,True
1779262230,productpage,v1,Running,True
1779262230,productpage,v1,Running,True
1779262230,productpage,v1,Running,True
1779262230,productpage,v1,Running,True
1779262230,productpage,v1,Running,True
1779262230,productpage,v1,Running,True
1779262230,productpage,v1,Running,True
1779262230,productpage,v1,Running,True
1779262230,productpage,v1,Running,True
1779262230,productpage,v1,Running,True
1779262230,productpage,v1,Running,True
1779262230,productpage,v1,Running,True
1779262230,productpage,v1,Running,True
1779262230,productpage,v1,Running,True
1779262230,productpage,v1,Running,True
1779262230,productpage,v1,Running,True
1779262230,productpage,v1,Running,True
1779262230,productpage,v1,Running,True
1779262230,ratings,v1,Running,True
1779262230,reviews,v1,Running,True
1779262230,reviews,v2,Running,True
1779262230,reviews,v2,Running,True
1779262230,reviews,v3,Running,True
1779262230,reviews,v3,Running,True
1779262231,details,v1,Running,True
1779262231,details,v1,Running,True
1779262231,details,v1,Running,True
1779262231,productpage,v1,Running,True
1779262231,productpage,v1,Running,True
1779262231,productpage,v1,Running,True
1779262231,productpage,v1,Running,True
1779262231,productpage,v1,Running,True
1779262231,productpage,v1,Running,True
1779262231,productpage,v1,Running,True
1779262231,productpage,v1,Running,True
1779262231,productpage,v1,Running,True
1779262231,productpage,v1,Running,True
1779262231,productpage,v1,Running,True
1779262231,productpage,v1,Running,True
1779262231,productpage,v1,Running,True
1779262231,productpage,v1,Running,True
1779262231,productpage,v1,Running,True
1779262231,productpage,v1,Running,True
1779262231,productpage,v1,Running,True
1779262231,productpage,v1,Running,True
1779262231,productpage,v1,Running,True
1779262231,productpage,v1,Running,True
1779262231,ratings,v1,Running,True
1779262231,reviews,v1,Running,True
1779262231,reviews,v2,Running,True
1779262231,reviews,v2,Running,True
1779262231,reviews,v3,Running,True
1779262231,reviews,v3,Running,True
1779262232,details,v1,Running,True
1779262232,details,v1,Running,True
1779262232,details,v1,Running,True
1779262232,productpage,v1,Running,True
1779262232,productpage,v1,Running,True
1779262232,productpage,v1,Running,True
1779262232,productpage,v1,Running,True
1779262232,productpage,v1,Running,True
1779262232,productpage,v1,Running,True
1779262232,productpage,v1,Running,True
1779262232,productpage,v1,Running,True
1779262232,productpage,v1,Running,True
1779262232,productpage,v1,Running,True
1779262232,productpage,v1,Running,True
1779262232,productpage,v1,Running,True
1779262232,productpage,v1,Running,True
1779262232,productpage,v1,Running,True
1779262232,productpage,v1,Running,True
1779262232,productpage,v1,Running,True
1779262232,productpage,v1,Running,True
1779262232,productpage,v1,Running,True
1779262232,productpage,v1,Running,True
1779262232,productpage,v1,Running,True
1779262232,ratings,v1,Running,True
1779262232,reviews,v1,Running,True
1779262232,reviews,v2,Running,True
1779262232,reviews,v2,Running,True
1779262232,reviews,v3,Running,True
1779262232,reviews,v3,Running,True
1779262233,details,v1,Running,True
1779262233,details,v1,Running,True
1779262233,details,v1,Running,True
1779262233,productpage,v1,Running,True
1779262233,productpage,v1,Running,True
1779262233,productpage,v1,Running,True
1779262233,productpage,v1,Running,True
1779262233,productpage,v1,Running,True
1779262233,productpage,v1,Running,True
1779262233,productpage,v1,Running,True
1779262233,productpage,v1,Running,True
1779262233,productpage,v1,Running,True
1779262233,productpage,v1,Running,True
1779262233,productpage,v1,Running,True
1779262233,productpage,v1,Running,True
1779262233,productpage,v1,Running,True
1779262233,productpage,v1,Running,True
1779262233,productpage,v1,Running,True
1779262233,productpage,v1,Running,True
1779262233,productpage,v1,Running,True
1779262233,productpage,v1,Running,True
1779262233,productpage,v1,Running,True
1779262233,productpage,v1,Running,True
1779262233,ratings,v1,Running,True
1779262233,reviews,v1,Running,True
1779262233,reviews,v2,Running,True
1779262233,reviews,v2,Running,True
1779262233,reviews,v3,Running,True
1779262233,reviews,v3,Running,True
1779262234,details,v1,Running,True
1779262234,details,v1,Running,True
1779262234,details,v1,Running,True
1779262234,productpage,v1,Running,True
1779262234,productpage,v1,Running,True
1779262234,productpage,v1,Running,True
1779262234,productpage,v1,Running,True
1779262234,productpage,v1,Running,True
1779262234,productpage,v1,Running,True
1779262234,productpage,v1,Running,True
1779262234,productpage,v1,Running,True
1779262234,productpage,v1,Running,True
1779262234,productpage,v1,Running,True
1779262234,productpage,v1,Running,True
1779262234,productpage,v1,Running,True
1779262234,productpage,v1,Running,True
1779262234,productpage,v1,Running,True
1779262234,productpage,v1,Running,True
1779262234,productpage,v1,Running,True
1779262234,productpage,v1,Running,True
1779262234,productpage,v1,Running,True
1779262234,productpage,v1,Running,True
1779262234,productpage,v1,Running,True
1779262234,ratings,v1,Running,True
1779262234,reviews,v1,Running,True
1779262234,reviews,v2,Running,True
1779262234,reviews,v2,Running,True
1779262234,reviews,v3,Running,True
1779262234,reviews,v3,Running,True
1779262235,details,v1,Running,True
1779262235,details,v1,Running,True
1779262235,details,v1,Running,True
1779262235,productpage,v1,Running,True
1779262235,productpage,v1,Running,True
1779262235,productpage,v1,Running,True
1779262235,productpage,v1,Running,True
1779262235,productpage,v1,Running,True
1779262235,productpage,v1,Running,True
1779262235,productpage,v1,Running,True
1779262235,productpage,v1,Running,True
1779262235,productpage,v1,Running,True
1779262235,productpage,v1,Running,True
1779262235,productpage,v1,Running,True
1779262235,productpage,v1,Running,True
1779262235,productpage,v1,Running,True
1779262235,productpage,v1,Running,True
1779262235,productpage,v1,Running,True
1779262235,productpage,v1,Running,True
1779262235,productpage,v1,Running,True
1779262235,productpage,v1,Running,True
1779262235,productpage,v1,Running,True
1779262235,productpage,v1,Running,True
1779262235,ratings,v1,Running,True
1779262235,reviews,v1,Running,True
1779262235,reviews,v2,Running,True
1779262235,reviews,v2,Running,True
1779262235,reviews,v3,Running,True
1779262235,reviews,v3,Running,True
1779262235,reviews,v3,Pending,False
1779262235,reviews,v3,Pending,False
1779262236,details,v1,Running,True
1779262236,details,v1,Running,True
1779262236,details,v1,Running,True
1779262236,productpage,v1,Running,True
1779262236,productpage,v1,Running,True
1779262236,productpage,v1,Running,True
1779262236,productpage,v1,Running,True
1779262236,productpage,v1,Running,True
1779262236,productpage,v1,Running,True
1779262236,productpage,v1,Running,True
1779262236,productpage,v1,Running,True
1779262236,productpage,v1,Running,True
1779262236,productpage,v1,Running,True
1779262236,productpage,v1,Running,True
1779262236,productpage,v1,Running,True
1779262236,productpage,v1,Running,True
1779262236,productpage,v1,Running,True
1779262236,productpage,v1,Running,True
1779262236,productpage,v1,Running,True
1779262236,productpage,v1,Running,True
1779262236,productpage,v1,Running,True
1779262236,productpage,v1,Running,True
1779262236,productpage,v1,Running,True
1779262236,ratings,v1,Running,True
1779262236,reviews,v1,Running,True
1779262236,reviews,v2,Running,True
1779262236,reviews,v2,Running,True
1779262236,reviews,v3,Running,True
1779262236,reviews,v3,Running,True
1779262236,reviews,v3,Pending,False
1779262236,reviews,v3,Pending,False
1779262237,details,v1,Running,True
1779262237,details,v1,Running,True
1779262237,details,v1,Running,True
1779262237,productpage,v1,Running,True
1779262237,productpage,v1,Running,True
1779262237,productpage,v1,Running,True
1779262237,productpage,v1,Running,True
1779262237,productpage,v1,Running,True
1779262237,productpage,v1,Running,True
1779262237,productpage,v1,Running,True
1779262237,productpage,v1,Running,True
1779262237,productpage,v1,Running,True
1779262237,productpage,v1,Running,True
1779262237,productpage,v1,Running,True
1779262237,productpage,v1,Running,True
1779262237,productpage,v1,Running,True
1779262237,productpage,v1,Running,True
1779262237,productpage,v1,Running,True
1779262237,productpage,v1,Running,True
1779262237,productpage,v1,Running,True
1779262237,productpage,v1,Running,True
1779262237,productpage,v1,Running,True
1779262237,productpage,v1,Running,True
1779262237,ratings,v1,Running,True
1779262237,reviews,v1,Running,True
1779262237,reviews,v2,Running,True
1779262237,reviews,v2,Running,True
1779262237,reviews,v3,Running,True
1779262237,reviews,v3,Running,True
1779262237,reviews,v3,Running,False
1779262237,reviews,v3,Running,False
1779262238,details,v1,Running,True
1779262238,details,v1,Running,True
1779262238,details,v1,Running,True
1779262238,productpage,v1,Running,True
1779262238,productpage,v1,Running,True
1779262238,productpage,v1,Running,True
1779262238,productpage,v1,Running,True
1779262238,productpage,v1,Running,True
1779262238,productpage,v1,Running,True
1779262238,productpage,v1,Running,True
1779262238,productpage,v1,Running,True
1779262238,productpage,v1,Running,True
1779262238,productpage,v1,Running,True
1779262238,productpage,v1,Running,True
1779262238,productpage,v1,Running,True
1779262238,productpage,v1,Running,True
1779262238,productpage,v1,Running,True
1779262238,productpage,v1,Running,True
1779262238,productpage,v1,Running,True
1779262238,productpage,v1,Running,True
1779262238,productpage,v1,Running,True
1779262238,productpage,v1,Running,True
1779262238,productpage,v1,Running,True
1779262238,ratings,v1,Running,True
1779262238,reviews,v1,Running,True
1779262238,reviews,v2,Running,True
1779262238,reviews,v2,Running,True
1779262238,reviews,v3,Running,True
1779262238,reviews,v3,Running,True
1779262238,reviews,v3,Running,True
1779262238,reviews,v3,Running,True
1779262239,details,v1,Running,True
1779262239,details,v1,Running,True
1779262239,details,v1,Running,True
1779262239,productpage,v1,Running,True
1779262239,productpage,v1,Running,True
1779262239,productpage,v1,Running,True
1779262239,productpage,v1,Running,True
1779262239,productpage,v1,Running,True
1779262239,productpage,v1,Running,True
1779262239,productpage,v1,Running,True
1779262239,productpage,v1,Running,True
1779262239,productpage,v1,Running,True
1779262239,productpage,v1,Running,True
1779262239,productpage,v1,Running,True
1779262239,productpage,v1,Running,True
1779262239,productpage,v1,Running,True
1779262239,productpage,v1,Running,True
1779262239,productpage,v1,Running,True
1779262239,productpage,v1,Running,True
1779262239,productpage,v1,Running,True
1779262239,productpage,v1,Running,True
1779262239,productpage,v1,Running,True
1779262239,productpage,v1,Running,True
1779262239,ratings,v1,Running,True
1779262239,reviews,v1,Running,True
1779262239,reviews,v2,Running,True
1779262239,reviews,v2,Running,True
1779262239,reviews,v3,Running,True
1779262239,reviews,v3,Running,True
1779262239,reviews,v3,Running,True
1779262239,reviews,v3,Running,True
1779262240,details,v1,Running,True
1779262240,details,v1,Running,True
1779262240,details,v1,Running,True
1779262240,productpage,v1,Running,True
1779262240,productpage,v1,Running,True
1779262240,productpage,v1,Running,True
1779262240,productpage,v1,Running,True
1779262240,productpage,v1,Running,True
1779262240,productpage,v1,Running,True
1779262240,productpage,v1,Running,True
1779262240,productpage,v1,Running,True
1779262240,productpage,v1,Running,True
1779262240,productpage,v1,Running,True
1779262240,productpage,v1,Running,True
1779262240,productpage,v1,Running,True
1779262240,productpage,v1,Running,True
1779262240,productpage,v1,Running,True
1779262240,productpage,v1,Running,True
1779262240,productpage,v1,Running,True
1779262240,productpage,v1,Running,True
1779262240,productpage,v1,Running,True
1779262240,productpage,v1,Running,True
1779262240,productpage,v1,Running,True
1779262240,ratings,v1,Running,True
1779262240,reviews,v1,Running,True
1779262240,reviews,v2,Running,True
1779262240,reviews,v2,Running,True
1779262240,reviews,v3,Running,True
1779262240,reviews,v3,Running,True
1779262240,reviews,v3,Running,True
1779262240,reviews,v3,Running,True
1779262241,details,v1,Running,True
1779262241,details,v1,Running,True
1779262241,details,v1,Running,True
1779262241,productpage,v1,Running,True
1779262241,productpage,v1,Running,True
1779262241,productpage,v1,Running,True
1779262241,productpage,v1,Running,True
1779262241,productpage,v1,Running,True
1779262241,productpage,v1,Running,True
1779262241,productpage,v1,Running,True
1779262241,productpage,v1,Running,True
1779262241,productpage,v1,Running,True
1779262241,productpage,v1,Running,True
1779262241,productpage,v1,Running,True
1779262241,productpage,v1,Running,True
1779262241,productpage,v1,Running,True
1779262241,productpage,v1,Running,True
1779262241,productpage,v1,Running,True
1779262241,productpage,v1,Running,True
1779262241,productpage,v1,Running,True
1779262241,productpage,v1,Running,True
1779262241,productpage,v1,Running,True
1779262241,productpage,v1,Running,True
1779262241,ratings,v1,Running,True
1779262241,reviews,v1,Running,True
1779262241,reviews,v2,Running,True
1779262241,reviews,v2,Running,True
1779262241,reviews,v3,Running,True
1779262241,reviews,v3,Running,True
1779262241,reviews,v3,Running,True
1779262241,reviews,v3,Running,True
1779262242,details,v1,Running,True
1779262242,details,v1,Running,True
1779262242,details,v1,Running,True
1779262242,productpage,v1,Running,True
1779262242,productpage,v1,Running,True
1779262242,productpage,v1,Running,True
1779262242,productpage,v1,Running,True
1779262242,productpage,v1,Running,True
1779262242,productpage,v1,Running,True
1779262242,productpage,v1,Running,True
1779262242,productpage,v1,Running,True
1779262242,productpage,v1,Running,True
1779262242,productpage,v1,Running,True
1779262242,productpage,v1,Running,True
1779262242,productpage,v1,Running,True
1779262242,productpage,v1,Running,True
1779262242,productpage,v1,Running,True
1779262242,productpage,v1,Running,True
1779262242,productpage,v1,Running,True
1779262242,productpage,v1,Running,True
1779262242,productpage,v1,Running,True
1779262242,productpage,v1,Running,True
1779262242,productpage,v1,Running,True
1779262242,ratings,v1,Running,True
1779262242,reviews,v1,Running,True
1779262242,reviews,v2,Running,True
1779262242,reviews,v2,Running,True
1779262242,reviews,v3,Running,True
1779262242,reviews,v3,Running,True
1779262242,reviews,v3,Running,True
1779262242,reviews,v3,Running,True
1779262243,details,v1,Running,True
1779262243,details,v1,Running,True
1779262243,details,v1,Running,True
1779262243,productpage,v1,Running,True
1779262243,productpage,v1,Running,True
1779262243,productpage,v1,Running,True
1779262243,productpage,v1,Running,True
1779262243,productpage,v1,Running,True
1779262243,productpage,v1,Running,True
1779262243,productpage,v1,Running,True
1779262243,productpage,v1,Running,True
1779262243,productpage,v1,Running,True
1779262243,productpage,v1,Running,True
1779262243,productpage,v1,Running,True
1779262243,productpage,v1,Running,True
1779262243,productpage,v1,Running,True
1779262243,productpage,v1,Running,True
1779262243,productpage,v1,Running,True
1779262243,productpage,v1,Running,True
1779262243,productpage,v1,Running,True
1779262243,productpage,v1,Running,True
1779262243,productpage,v1,Running,True
1779262243,productpage,v1,Running,True
1779262243,ratings,v1,Running,True
1779262243,reviews,v1,Running,True
1779262243,reviews,v2,Running,True
1779262243,reviews,v2,Running,True
1779262243,reviews,v3,Running,True
1779262243,reviews,v3,Running,True
1779262243,reviews,v3,Running,True
1779262243,reviews,v3,Running,True
1779262244,details,v1,Running,True
1779262244,details,v1,Running,True
1779262244,details,v1,Running,True
1779262244,productpage,v1,Running,True
1779262244,productpage,v1,Running,True
1779262244,productpage,v1,Running,True
1779262244,productpage,v1,Running,True
1779262244,productpage,v1,Running,True
1779262244,productpage,v1,Running,True
1779262244,productpage,v1,Running,True
1779262244,productpage,v1,Running,True
1779262244,productpage,v1,Running,True
1779262244,productpage,v1,Running,True
1779262244,productpage,v1,Running,True
1779262244,productpage,v1,Running,True
1779262244,productpage,v1,Running,True
1779262244,productpage,v1,Running,True
1779262244,productpage,v1,Running,True
1779262244,productpage,v1,Running,True
1779262244,productpage,v1,Running,True
1779262244,productpage,v1,Running,True
1779262244,productpage,v1,Running,True
1779262244,productpage,v1,Running,True
1779262244,ratings,v1,Running,True
1779262244,reviews,v1,Running,True
1779262244,reviews,v2,Running,True
1779262244,reviews,v2,Running,True
1779262244,reviews,v3,Running,True
1779262244,reviews,v3,Running,True
1779262244,reviews,v3,Running,True
1779262244,reviews,v3,Running,True
1779262245,details,v1,Running,True
1779262245,details,v1,Running,True
1779262245,details,v1,Running,True
1779262245,productpage,v1,Running,True
1779262245,productpage,v1,Running,True
1779262245,productpage,v1,Running,True
1779262245,productpage,v1,Running,True
1779262245,productpage,v1,Running,True
1779262245,productpage,v1,Running,True
1779262245,productpage,v1,Running,True
1779262245,productpage,v1,Running,True
1779262245,productpage,v1,Running,True
1779262245,productpage,v1,Running,True
1779262245,productpage,v1,Running,True
1779262245,productpage,v1,Running,True
1779262245,productpage,v1,Running,True
1779262245,productpage,v1,Running,True
1779262245,productpage,v1,Running,True
1779262245,productpage,v1,Running,True
1779262245,productpage,v1,Running,True
1779262245,productpage,v1,Running,True
1779262245,productpage,v1,Running,True
1779262245,productpage,v1,Running,True
1779262245,ratings,v1,Running,True
1779262245,reviews,v1,Running,True
1779262245,reviews,v2,Running,True
1779262245,reviews,v2,Running,True
1779262245,reviews,v3,Running,True
1779262245,reviews,v3,Running,True
1779262245,reviews,v3,Running,True
1779262245,reviews,v3,Running,True
1779262246,details,v1,Running,True
1779262246,details,v1,Running,True
1779262246,details,v1,Running,True
1779262246,productpage,v1,Running,True
1779262246,productpage,v1,Running,True
1779262246,productpage,v1,Running,True
1779262246,productpage,v1,Running,True
1779262246,productpage,v1,Running,True
1779262246,productpage,v1,Running,True
1779262246,productpage,v1,Running,True
1779262246,productpage,v1,Running,True
1779262246,productpage,v1,Running,True
1779262246,productpage,v1,Running,True
1779262246,productpage,v1,Running,True
1779262246,productpage,v1,Running,True
1779262246,productpage,v1,Running,True
1779262246,productpage,v1,Running,True
1779262246,productpage,v1,Running,True
1779262246,productpage,v1,Running,True
1779262246,productpage,v1,Running,True
1779262246,productpage,v1,Running,True
1779262246,productpage,v1,Running,True
1779262246,productpage,v1,Running,True
1779262246,ratings,v1,Running,True
1779262246,reviews,v1,Running,True
1779262246,reviews,v2,Running,True
1779262246,reviews,v2,Running,True
1779262246,reviews,v3,Running,True
1779262246,reviews,v3,Running,True
1779262246,reviews,v3,Running,True
1779262246,reviews,v3,Running,True
1779262247,details,v1,Running,True
1779262247,details,v1,Running,True
1779262247,details,v1,Running,True
1779262247,productpage,v1,Running,True
1779262247,productpage,v1,Running,True
1779262247,productpage,v1,Running,True
1779262247,productpage,v1,Running,True
1779262247,productpage,v1,Running,True
1779262247,productpage,v1,Running,True
1779262247,productpage,v1,Running,True
1779262247,productpage,v1,Running,True
1779262247,productpage,v1,Running,True
1779262247,productpage,v1,Running,True
1779262247,productpage,v1,Running,True
1779262247,productpage,v1,Running,True
1779262247,productpage,v1,Running,True
1779262247,productpage,v1,Running,True
1779262247,productpage,v1,Running,True
1779262247,productpage,v1,Running,True
1779262247,productpage,v1,Running,True
1779262247,productpage,v1,Running,True
1779262247,productpage,v1,Running,True
1779262247,productpage,v1,Running,True
1779262247,ratings,v1,Running,True
1779262247,reviews,v1,Running,True
1779262247,reviews,v2,Running,True
1779262247,reviews,v2,Running,True
1779262247,reviews,v3,Running,True
1779262247,reviews,v3,Running,True
1779262247,reviews,v3,Running,True
1779262247,reviews,v3,Running,True
1779262248,details,v1,Running,True
1779262248,details,v1,Running,True
1779262248,details,v1,Running,True
1779262248,productpage,v1,Running,True
1779262248,productpage,v1,Running,True
1779262248,productpage,v1,Running,True
1779262248,productpage,v1,Running,True
1779262248,productpage,v1,Running,True
1779262248,productpage,v1,Running,True
1779262248,productpage,v1,Running,True
1779262248,productpage,v1,Running,True
1779262248,productpage,v1,Running,True
1779262248,productpage,v1,Running,True
1779262248,productpage,v1,Running,True
1779262248,productpage,v1,Running,True
1779262248,productpage,v1,Running,True
1779262248,productpage,v1,Running,True
1779262248,productpage,v1,Running,True
1779262248,productpage,v1,Running,True
1779262248,productpage,v1,Running,True
1779262248,productpage,v1,Running,True
1779262248,productpage,v1,Running,True
1779262248,productpage,v1,Running,True
1779262248,ratings,v1,Running,True
1779262248,reviews,v1,Running,True
1779262248,reviews,v2,Running,True
1779262248,reviews,v2,Running,True
1779262248,reviews,v3,Running,True
1779262248,reviews,v3,Running,True
1779262248,reviews,v3,Running,True
1779262248,reviews,v3,Running,True
1779262249,details,v1,Running,True
1779262249,details,v1,Running,True
1779262249,details,v1,Running,True
1779262249,productpage,v1,Running,True
1779262249,productpage,v1,Running,True
1779262249,productpage,v1,Running,True
1779262249,productpage,v1,Running,True
1779262249,productpage,v1,Running,True
1779262249,productpage,v1,Running,True
1779262249,productpage,v1,Running,True
1779262249,productpage,v1,Running,True
1779262249,productpage,v1,Running,True
1779262249,productpage,v1,Running,True
1779262249,productpage,v1,Running,True
1779262249,productpage,v1,Running,True
1779262249,productpage,v1,Running,True
1779262249,productpage,v1,Running,True
1779262249,productpage,v1,Running,True
1779262249,productpage,v1,Running,True
1779262249,productpage,v1,Running,True
1779262249,productpage,v1,Running,True
1779262249,productpage,v1,Running,True
1779262249,productpage,v1,Running,True
1779262249,ratings,v1,Running,True
1779262249,reviews,v1,Running,True
1779262249,reviews,v2,Running,True
1779262249,reviews,v2,Running,True
1779262249,reviews,v3,Running,True
1779262249,reviews,v3,Running,True
1779262249,reviews,v3,Running,True
1779262249,reviews,v3,Running,True
1779262250,details,v1,Running,True
1779262250,details,v1,Running,True
1779262250,details,v1,Running,True
1779262250,productpage,v1,Running,True
1779262250,productpage,v1,Running,True
1779262250,productpage,v1,Running,True
1779262250,productpage,v1,Running,True
1779262250,productpage,v1,Running,True
1779262250,productpage,v1,Running,True
1779262250,productpage,v1,Running,True
1779262250,productpage,v1,Running,True
1779262250,productpage,v1,Running,True
1779262250,productpage,v1,Running,True
1779262250,productpage,v1,Running,True
1779262250,productpage,v1,Running,True
1779262250,productpage,v1,Running,True
1779262250,productpage,v1,Running,True
1779262250,productpage,v1,Running,True
1779262250,productpage,v1,Running,True
1779262250,productpage,v1,Running,True
1779262250,productpage,v1,Running,True
1779262250,productpage,v1,Running,True
1779262250,productpage,v1,Running,True
1779262250,ratings,v1,Running,True
1779262250,reviews,v1,Running,True
1779262250,reviews,v2,Running,True
1779262250,reviews,v2,Running,True
1779262250,reviews,v2,Pending,False
1779262250,reviews,v3,Running,True
1779262250,reviews,v3,Running,True
1779262250,reviews,v3,Running,True
1779262250,reviews,v3,Running,True
1779262251,details,v1,Running,True
1779262251,details,v1,Running,True
1779262251,details,v1,Running,True
1779262251,productpage,v1,Running,True
1779262251,productpage,v1,Running,True
1779262251,productpage,v1,Running,True
1779262251,productpage,v1,Running,True
1779262251,productpage,v1,Running,True
1779262251,productpage,v1,Running,True
1779262251,productpage,v1,Running,True
1779262251,productpage,v1,Running,True
1779262251,productpage,v1,Running,True
1779262251,productpage,v1,Running,True
1779262251,productpage,v1,Running,True
1779262251,productpage,v1,Running,True
1779262251,productpage,v1,Running,True
1779262251,productpage,v1,Running,True
1779262251,productpage,v1,Running,True
1779262251,productpage,v1,Running,True
1779262251,productpage,v1,Running,True
1779262251,productpage,v1,Running,True
1779262251,productpage,v1,Running,True
1779262251,productpage,v1,Running,True
1779262251,ratings,v1,Running,True
1779262251,reviews,v1,Running,True
1779262251,reviews,v2,Running,True
1779262251,reviews,v2,Running,True
1779262251,reviews,v2,Pending,False
1779262251,reviews,v3,Running,True
1779262251,reviews,v3,Running,True
1779262251,reviews,v3,Running,True
1779262251,reviews,v3,Running,True
1779262252,details,v1,Running,True
1779262252,details,v1,Running,True
1779262252,details,v1,Running,True
1779262252,productpage,v1,Running,True
1779262252,productpage,v1,Running,True
1779262252,productpage,v1,Running,True
1779262252,productpage,v1,Running,True
1779262252,productpage,v1,Running,True
1779262252,productpage,v1,Running,True
1779262252,productpage,v1,Running,True
1779262252,productpage,v1,Running,True
1779262252,productpage,v1,Running,True
1779262252,productpage,v1,Running,True
1779262252,productpage,v1,Running,True
1779262252,productpage,v1,Running,True
1779262252,productpage,v1,Running,True
1779262252,productpage,v1,Running,True
1779262252,productpage,v1,Running,True
1779262252,productpage,v1,Running,True
1779262252,productpage,v1,Running,True
1779262252,productpage,v1,Running,True
1779262252,productpage,v1,Running,True
1779262252,productpage,v1,Running,True
1779262252,ratings,v1,Running,True
1779262252,reviews,v1,Running,True
1779262252,reviews,v2,Running,True
1779262252,reviews,v2,Running,True
1779262252,reviews,v2,Running,False
1779262252,reviews,v3,Running,True
1779262252,reviews,v3,Running,True
1779262252,reviews,v3,Running,True
1779262252,reviews,v3,Running,True
1779262253,details,v1,Running,True
1779262253,details,v1,Running,True
1779262253,details,v1,Running,True
1779262253,productpage,v1,Running,True
1779262253,productpage,v1,Running,True
1779262253,productpage,v1,Running,True
1779262253,productpage,v1,Running,True
1779262253,productpage,v1,Running,True
1779262253,productpage,v1,Running,True
1779262253,productpage,v1,Running,True
1779262253,productpage,v1,Running,True
1779262253,productpage,v1,Running,True
1779262253,productpage,v1,Running,True
1779262253,productpage,v1,Running,True
1779262253,productpage,v1,Running,True
1779262253,productpage,v1,Running,True
1779262253,productpage,v1,Running,True
1779262253,productpage,v1,Running,True
1779262253,productpage,v1,Running,True
1779262253,productpage,v1,Running,True
1779262253,productpage,v1,Running,True
1779262253,productpage,v1,Running,True
1779262253,productpage,v1,Running,True
1779262253,ratings,v1,Running,True
1779262253,reviews,v1,Running,True
1779262253,reviews,v2,Running,True
1779262253,reviews,v2,Running,True
1779262253,reviews,v2,Running,True
1779262253,reviews,v3,Running,True
1779262253,reviews,v3,Running,True
1779262253,reviews,v3,Running,True
1779262253,reviews,v3,Running,True
1779262254,details,v1,Running,True
1779262254,details,v1,Running,True
1779262254,details,v1,Running,True
1779262254,productpage,v1,Running,True
1779262254,productpage,v1,Running,True
1779262254,productpage,v1,Running,True
1779262254,productpage,v1,Running,True
1779262254,productpage,v1,Running,True
1779262254,productpage,v1,Running,True
1779262254,productpage,v1,Running,True
1779262254,productpage,v1,Running,True
1779262254,productpage,v1,Running,True
1779262254,productpage,v1,Running,True
1779262254,productpage,v1,Running,True
1779262254,productpage,v1,Running,True
1779262254,productpage,v1,Running,True
1779262254,productpage,v1,Running,True
1779262254,productpage,v1,Running,True
1779262254,productpage,v1,Running,True
1779262254,productpage,v1,Running,True
1779262254,productpage,v1,Running,True
1779262254,productpage,v1,Running,True
1779262254,productpage,v1,Running,True
1779262254,ratings,v1,Running,True
1779262254,reviews,v1,Running,True
1779262254,reviews,v2,Running,True
1779262254,reviews,v2,Running,True
1779262254,reviews,v2,Running,True
1779262254,reviews,v3,Running,True
1779262254,reviews,v3,Running,True
1779262254,reviews,v3,Running,True
1779262254,reviews,v3,Running,True
1779262255,details,v1,Running,True
1779262255,details,v1,Running,True
1779262255,details,v1,Running,True
1779262255,productpage,v1,Running,True
1779262255,productpage,v1,Running,True
1779262255,productpage,v1,Running,True
1779262255,productpage,v1,Running,True
1779262255,productpage,v1,Running,True
1779262255,productpage,v1,Running,True
1779262255,productpage,v1,Running,True
1779262255,productpage,v1,Running,True
1779262255,productpage,v1,Running,True
1779262255,productpage,v1,Running,True
1779262255,productpage,v1,Running,True
1779262255,productpage,v1,Running,True
1779262255,productpage,v1,Running,True
1779262255,productpage,v1,Running,True
1779262255,productpage,v1,Running,True
1779262255,productpage,v1,Running,True
1779262255,productpage,v1,Running,True
1779262255,productpage,v1,Running,True
1779262255,productpage,v1,Running,True
1779262255,productpage,v1,Running,True
1779262255,ratings,v1,Running,True
1779262255,reviews,v1,Running,True
1779262255,reviews,v2,Running,True
1779262255,reviews,v2,Running,True
1779262255,reviews,v2,Running,True
1779262255,reviews,v3,Running,True
1779262255,reviews,v3,Running,True
1779262255,reviews,v3,Running,True
1779262255,reviews,v3,Running,True
1779262256,details,v1,Running,True
1779262256,details,v1,Running,True
1779262256,details,v1,Running,True
1779262256,productpage,v1,Running,True
1779262256,productpage,v1,Running,True
1779262256,productpage,v1,Running,True
1779262256,productpage,v1,Running,True
1779262256,productpage,v1,Running,True
1779262256,productpage,v1,Running,True
1779262256,productpage,v1,Running,True
1779262256,productpage,v1,Running,True
1779262256,productpage,v1,Running,True
1779262256,productpage,v1,Running,True
1779262256,productpage,v1,Running,True
1779262256,productpage,v1,Running,True
1779262256,productpage,v1,Running,True
1779262256,productpage,v1,Running,True
1779262256,productpage,v1,Running,True
1779262256,productpage,v1,Running,True
1779262256,productpage,v1,Running,True
1779262256,productpage,v1,Running,True
1779262256,productpage,v1,Running,True
1779262256,productpage,v1,Running,True
1779262256,ratings,v1,Running,True
1779262256,reviews,v1,Running,True
1779262256,reviews,v2,Running,True
1779262256,reviews,v2,Running,True
1779262256,reviews,v2,Running,True
1779262256,reviews,v3,Running,True
1779262256,reviews,v3,Running,True
1779262256,reviews,v3,Running,True
1779262256,reviews,v3,Running,True
1779262257,details,v1,Running,True
1779262257,details,v1,Running,True
1779262257,details,v1,Running,True
1779262257,productpage,v1,Running,True
1779262257,productpage,v1,Running,True
1779262257,productpage,v1,Running,True
1779262257,productpage,v1,Running,True
1779262257,productpage,v1,Running,True
1779262257,productpage,v1,Running,True
1779262257,productpage,v1,Running,True
1779262257,productpage,v1,Running,True
1779262257,productpage,v1,Running,True
1779262257,productpage,v1,Running,True
1779262257,productpage,v1,Running,True
1779262257,productpage,v1,Running,True
1779262257,productpage,v1,Running,True
1779262257,productpage,v1,Running,True
1779262257,productpage,v1,Running,True
1779262257,productpage,v1,Running,True
1779262257,productpage,v1,Running,True
1779262257,productpage,v1,Running,True
1779262257,productpage,v1,Running,True
1779262257,productpage,v1,Running,True
1779262257,ratings,v1,Running,True
1779262257,reviews,v1,Running,True
1779262257,reviews,v2,Running,True
1779262257,reviews,v2,Running,True
1779262257,reviews,v2,Running,True
1779262257,reviews,v3,Running,True
1779262257,reviews,v3,Running,True
1779262257,reviews,v3,Running,True
1779262257,reviews,v3,Running,True
1779262258,details,v1,Running,True
1779262258,details,v1,Running,True
1779262258,details,v1,Running,True
1779262258,productpage,v1,Running,True
1779262258,productpage,v1,Running,True
1779262258,productpage,v1,Running,True
1779262258,productpage,v1,Running,True
1779262258,productpage,v1,Running,True
1779262258,productpage,v1,Running,True
1779262258,productpage,v1,Running,True
1779262258,productpage,v1,Running,True
1779262258,productpage,v1,Running,True
1779262258,productpage,v1,Running,True
1779262258,productpage,v1,Running,True
1779262258,productpage,v1,Running,True
1779262258,productpage,v1,Running,True
1779262258,productpage,v1,Running,True
1779262258,productpage,v1,Running,True
1779262258,productpage,v1,Running,True
1779262258,productpage,v1,Running,True
1779262258,productpage,v1,Running,True
1779262258,productpage,v1,Running,True
1779262258,productpage,v1,Running,True
1779262258,ratings,v1,Running,True
1779262258,reviews,v1,Running,True
1779262258,reviews,v2,Running,True
1779262258,reviews,v2,Running,True
1779262258,reviews,v2,Running,True
1779262258,reviews,v3,Running,True
1779262258,reviews,v3,Running,True
1779262258,reviews,v3,Running,True
1779262258,reviews,v3,Running,True
1779262259,details,v1,Running,True
1779262259,details,v1,Running,True
1779262259,details,v1,Running,True
1779262259,productpage,v1,Running,True
1779262259,productpage,v1,Running,True
1779262259,productpage,v1,Running,True
1779262259,productpage,v1,Running,True
1779262259,productpage,v1,Running,True
1779262259,productpage,v1,Running,True
1779262259,productpage,v1,Running,True
1779262259,productpage,v1,Running,True
1779262259,productpage,v1,Running,True
1779262259,productpage,v1,Running,True
1779262259,productpage,v1,Running,True
1779262259,productpage,v1,Running,True
1779262259,productpage,v1,Running,True
1779262259,productpage,v1,Running,True
1779262259,productpage,v1,Running,True
1779262259,productpage,v1,Running,True
1779262259,productpage,v1,Running,True
1779262259,productpage,v1,Running,True
1779262259,productpage,v1,Running,True
1779262259,productpage,v1,Running,True
1779262259,ratings,v1,Running,True
1779262259,reviews,v1,Running,True
1779262259,reviews,v2,Running,True
1779262259,reviews,v2,Running,True
1779262259,reviews,v2,Running,True
1779262259,reviews,v3,Running,True
1779262259,reviews,v3,Running,True
1779262259,reviews,v3,Running,True
1779262259,reviews,v3,Running,True
1779262260,details,v1,Running,True
1779262260,details,v1,Running,True
1779262260,details,v1,Running,True
1779262260,productpage,v1,Running,True
1779262260,productpage,v1,Running,True
1779262260,productpage,v1,Running,True
1779262260,productpage,v1,Running,True
1779262260,productpage,v1,Running,True
1779262260,productpage,v1,Running,True
1779262260,productpage,v1,Running,True
1779262260,productpage,v1,Running,True
1779262260,productpage,v1,Running,True
1779262260,productpage,v1,Running,True
1779262260,productpage,v1,Running,True
1779262260,productpage,v1,Running,True
1779262260,productpage,v1,Running,True
1779262260,productpage,v1,Running,True
1779262260,productpage,v1,Running,True
1779262260,productpage,v1,Running,True
1779262260,productpage,v1,Running,True
1779262260,productpage,v1,Running,True
1779262260,productpage,v1,Running,True
1779262260,productpage,v1,Running,True
1779262260,ratings,v1,Running,True
1779262260,reviews,v1,Running,True
1779262260,reviews,v2,Running,True
1779262260,reviews,v2,Running,True
1779262260,reviews,v2,Running,True
1779262260,reviews,v3,Running,True
1779262260,reviews,v3,Running,True
1779262260,reviews,v3,Running,True
1779262260,reviews,v3,Running,True
1779262261,details,v1,Running,True
1779262261,details,v1,Running,True
1779262261,details,v1,Running,True
1779262261,productpage,v1,Running,True
1779262261,productpage,v1,Running,True
1779262261,productpage,v1,Running,True
1779262261,productpage,v1,Running,True
1779262261,productpage,v1,Running,True
1779262261,productpage,v1,Running,True
1779262261,productpage,v1,Running,True
1779262261,productpage,v1,Running,True
1779262261,productpage,v1,Running,True
1779262261,productpage,v1,Running,True
1779262261,productpage,v1,Running,True
1779262261,productpage,v1,Running,True
1779262261,productpage,v1,Running,True
1779262261,productpage,v1,Running,True
1779262261,productpage,v1,Running,True
1779262261,productpage,v1,Running,True
1779262261,productpage,v1,Running,True
1779262261,productpage,v1,Running,True
1779262261,productpage,v1,Running,True
1779262261,productpage,v1,Running,True
1779262261,ratings,v1,Running,True
1779262261,reviews,v1,Running,True
1779262261,reviews,v2,Running,True
1779262261,reviews,v2,Running,True
1779262261,reviews,v2,Running,True
1779262261,reviews,v3,Running,True
1779262261,reviews,v3,Running,True
1779262261,reviews,v3,Running,True
1779262261,reviews,v3,Running,True
1779262262,details,v1,Running,True
1779262262,details,v1,Running,True
1779262262,details,v1,Running,True
1779262262,productpage,v1,Running,True
1779262262,productpage,v1,Running,True
1779262262,productpage,v1,Running,True
1779262262,productpage,v1,Running,True
1779262262,productpage,v1,Running,True
1779262262,productpage,v1,Running,True
1779262262,productpage,v1,Running,True
1779262262,productpage,v1,Running,True
1779262262,productpage,v1,Running,True
1779262262,productpage,v1,Running,True
1779262262,productpage,v1,Running,True
1779262262,productpage,v1,Running,True
1779262262,productpage,v1,Running,True
1779262262,productpage,v1,Running,True
1779262262,productpage,v1,Running,True
1779262262,productpage,v1,Running,True
1779262262,productpage,v1,Running,True
1779262262,productpage,v1,Running,True
1779262262,productpage,v1,Running,True
1779262262,productpage,v1,Running,True
1779262262,ratings,v1,Running,True
1779262262,reviews,v1,Running,True
1779262262,reviews,v2,Running,True
1779262262,reviews,v2,Running,True
1779262262,reviews,v2,Running,True
1779262262,reviews,v3,Running,True
1779262262,reviews,v3,Running,True
1779262262,reviews,v3,Running,True
1779262262,reviews,v3,Running,True
1779262263,details,v1,Running,True
1779262263,details,v1,Running,True
1779262263,details,v1,Running,True
1779262263,productpage,v1,Running,True
1779262263,productpage,v1,Running,True
1779262263,productpage,v1,Running,True
1779262263,productpage,v1,Running,True
1779262263,productpage,v1,Running,True
1779262263,productpage,v1,Running,True
1779262263,productpage,v1,Running,True
1779262263,productpage,v1,Running,True
1779262263,productpage,v1,Running,True
1779262263,productpage,v1,Running,True
1779262263,productpage,v1,Running,True
1779262263,productpage,v1,Running,True
1779262263,productpage,v1,Running,True
1779262263,productpage,v1,Running,True
1779262263,productpage,v1,Running,True
1779262263,productpage,v1,Running,True
1779262263,productpage,v1,Running,True
1779262263,productpage,v1,Running,True
1779262263,productpage,v1,Running,True
1779262263,productpage,v1,Running,True
1779262263,ratings,v1,Running,True
1779262263,reviews,v1,Running,True
1779262263,reviews,v2,Running,True
1779262263,reviews,v2,Running,True
1779262263,reviews,v2,Running,True
1779262263,reviews,v3,Running,True
1779262263,reviews,v3,Running,True
1779262263,reviews,v3,Running,True
1779262263,reviews,v3,Running,True
1779262264,details,v1,Running,True
1779262264,details,v1,Running,True
1779262264,details,v1,Running,True
1779262264,productpage,v1,Running,True
1779262264,productpage,v1,Running,True
1779262264,productpage,v1,Running,True
1779262264,productpage,v1,Running,True
1779262264,productpage,v1,Running,True
1779262264,productpage,v1,Running,True
1779262264,productpage,v1,Running,True
1779262264,productpage,v1,Running,True
1779262264,productpage,v1,Running,True
1779262264,productpage,v1,Running,True
1779262264,productpage,v1,Running,True
1779262264,productpage,v1,Running,True
1779262264,productpage,v1,Running,True
1779262264,productpage,v1,Running,True
1779262264,productpage,v1,Running,True
1779262264,productpage,v1,Running,True
1779262264,productpage,v1,Running,True
1779262264,productpage,v1,Running,True
1779262264,productpage,v1,Running,True
1779262264,productpage,v1,Running,True
1779262264,ratings,v1,Running,True
1779262264,reviews,v1,Running,True
1779262264,reviews,v2,Running,True
1779262264,reviews,v2,Running,True
1779262264,reviews,v2,Running,True
1779262264,reviews,v3,Running,True
1779262264,reviews,v3,Running,True
1779262264,reviews,v3,Running,True
1779262264,reviews,v3,Running,True
1779262265,details,v1,Running,True
1779262265,details,v1,Running,True
1779262265,details,v1,Running,True
1779262265,productpage,v1,Running,True
1779262265,productpage,v1,Running,True
1779262265,productpage,v1,Running,True
1779262265,productpage,v1,Running,True
1779262265,productpage,v1,Running,True
1779262265,productpage,v1,Running,True
1779262265,productpage,v1,Running,True
1779262265,productpage,v1,Running,True
1779262265,productpage,v1,Running,True
1779262265,productpage,v1,Running,True
1779262265,productpage,v1,Running,True
1779262265,productpage,v1,Running,True
1779262265,productpage,v1,Running,True
1779262265,productpage,v1,Running,True
1779262265,productpage,v1,Running,True
1779262265,productpage,v1,Running,True
1779262265,productpage,v1,Running,True
1779262265,productpage,v1,Running,True
1779262265,productpage,v1,Running,True
1779262265,productpage,v1,Running,True
1779262265,ratings,v1,Running,True
1779262265,reviews,v1,Running,True
1779262265,reviews,v2,Running,True
1779262265,reviews,v2,Running,True
1779262265,reviews,v2,Running,True
1779262265,reviews,v3,Running,True
1779262265,reviews,v3,Running,True
1779262265,reviews,v3,Running,True
1779262265,reviews,v3,Running,True
1779262266,details,v1,Running,True
1779262266,details,v1,Running,True
1779262266,details,v1,Running,True
1779262266,productpage,v1,Running,True
1779262266,productpage,v1,Running,True
1779262266,productpage,v1,Running,True
1779262266,productpage,v1,Running,True
1779262266,productpage,v1,Running,True
1779262266,productpage,v1,Running,True
1779262266,productpage,v1,Running,True
1779262266,productpage,v1,Running,True
1779262266,productpage,v1,Running,True
1779262266,productpage,v1,Running,True
1779262266,productpage,v1,Running,True
1779262266,productpage,v1,Running,True
1779262266,productpage,v1,Running,True
1779262266,productpage,v1,Running,True
1779262266,productpage,v1,Running,True
1779262266,productpage,v1,Running,True
1779262266,productpage,v1,Running,True
1779262266,productpage,v1,Running,True
1779262266,productpage,v1,Running,True
1779262266,productpage,v1,Running,True
1779262266,ratings,v1,Running,True
1779262266,reviews,v1,Running,True
1779262266,reviews,v2,Running,True
1779262266,reviews,v2,Running,True
1779262266,reviews,v2,Running,True
1779262266,reviews,v3,Running,True
1779262266,reviews,v3,Running,True
1779262266,reviews,v3,Running,True
1779262266,reviews,v3,Running,True
1779262267,details,v1,Running,True
1779262267,details,v1,Running,True
1779262267,details,v1,Running,True
1779262267,productpage,v1,Running,True
1779262267,productpage,v1,Running,True
1779262267,productpage,v1,Running,True
1779262267,productpage,v1,Running,True
1779262267,productpage,v1,Running,True
1779262267,productpage,v1,Running,True
1779262267,productpage,v1,Running,True
1779262267,productpage,v1,Running,True
1779262267,productpage,v1,Running,True
1779262267,productpage,v1,Running,True
1779262267,productpage,v1,Running,True
1779262267,productpage,v1,Running,True
1779262267,productpage,v1,Running,True
1779262267,productpage,v1,Running,True
1779262267,productpage,v1,Running,True
1779262267,productpage,v1,Running,True
1779262267,productpage,v1,Running,True
1779262267,productpage,v1,Running,True
1779262267,productpage,v1,Running,True
1779262267,productpage,v1,Running,True
1779262267,ratings,v1,Running,True
1779262267,reviews,v1,Running,True
1779262267,reviews,v2,Running,True
1779262267,reviews,v2,Running,True
1779262267,reviews,v2,Running,True
1779262267,reviews,v3,Running,True
1779262267,reviews,v3,Running,True
1779262267,reviews,v3,Running,True
1779262267,reviews,v3,Running,True
1779262268,details,v1,Running,True
1779262268,details,v1,Running,True
1779262268,details,v1,Running,True
1779262268,productpage,v1,Running,True
1779262268,productpage,v1,Running,True
1779262268,productpage,v1,Running,True
1779262268,productpage,v1,Running,True
1779262268,productpage,v1,Running,True
1779262268,productpage,v1,Running,True
1779262268,productpage,v1,Running,True
1779262268,productpage,v1,Running,True
1779262268,productpage,v1,Running,True
1779262268,productpage,v1,Running,True
1779262268,productpage,v1,Running,True
1779262268,productpage,v1,Running,True
1779262268,productpage,v1,Running,True
1779262268,productpage,v1,Running,True
1779262268,productpage,v1,Running,True
1779262268,productpage,v1,Running,True
1779262268,productpage,v1,Running,True
1779262268,productpage,v1,Running,True
1779262268,productpage,v1,Running,True
1779262268,productpage,v1,Running,True
1779262268,ratings,v1,Running,True
1779262268,reviews,v1,Running,True
1779262268,reviews,v2,Running,True
1779262268,reviews,v2,Running,True
1779262268,reviews,v2,Running,True
1779262268,reviews,v3,Running,True
1779262268,reviews,v3,Running,True
1779262268,reviews,v3,Running,True
1779262268,reviews,v3,Running,True
1779262269,details,v1,Running,True
1779262269,details,v1,Running,True
1779262269,details,v1,Running,True
1779262269,productpage,v1,Running,True
1779262269,productpage,v1,Running,True
1779262269,productpage,v1,Running,True
1779262269,productpage,v1,Running,True
1779262269,productpage,v1,Running,True
1779262269,productpage,v1,Running,True
1779262269,productpage,v1,Running,True
1779262269,productpage,v1,Running,True
1779262269,productpage,v1,Running,True
1779262269,productpage,v1,Running,True
1779262269,productpage,v1,Running,True
1779262269,productpage,v1,Running,True
1779262269,productpage,v1,Running,True
1779262269,productpage,v1,Running,True
1779262269,productpage,v1,Running,True
1779262269,productpage,v1,Running,True
1779262269,productpage,v1,Running,True
1779262269,productpage,v1,Running,True
1779262269,productpage,v1,Running,True
1779262269,productpage,v1,Running,True
1779262269,ratings,v1,Running,True
1779262269,reviews,v1,Running,True
1779262269,reviews,v2,Running,True
1779262269,reviews,v2,Running,True
1779262269,reviews,v2,Running,True
1779262269,reviews,v3,Running,True
1779262269,reviews,v3,Running,True
1779262269,reviews,v3,Running,True
1779262269,reviews,v3,Running,True
1779262270,details,v1,Running,True
1779262270,details,v1,Running,True
1779262270,details,v1,Running,True
1779262270,productpage,v1,Running,True
1779262270,productpage,v1,Running,True
1779262270,productpage,v1,Running,True
1779262270,productpage,v1,Running,True
1779262270,productpage,v1,Running,True
1779262270,productpage,v1,Running,True
1779262270,productpage,v1,Running,True
1779262270,productpage,v1,Running,True
1779262270,productpage,v1,Running,True
1779262270,productpage,v1,Running,True
1779262270,productpage,v1,Running,True
1779262270,productpage,v1,Running,True
1779262270,productpage,v1,Running,True
1779262270,productpage,v1,Running,True
1779262270,productpage,v1,Running,True
1779262270,productpage,v1,Running,True
1779262270,productpage,v1,Running,True
1779262270,productpage,v1,Running,True
1779262270,productpage,v1,Running,True
1779262270,productpage,v1,Running,True
1779262270,ratings,v1,Running,True
1779262270,reviews,v1,Running,True
1779262270,reviews,v2,Running,True
1779262270,reviews,v2,Running,True
1779262270,reviews,v2,Running,True
1779262270,reviews,v3,Running,True
1779262270,reviews,v3,Running,True
1779262270,reviews,v3,Running,True
1779262270,reviews,v3,Running,True
1779262271,details,v1,Running,True
1779262271,details,v1,Running,True
1779262271,details,v1,Running,True
1779262271,productpage,v1,Running,True
1779262271,productpage,v1,Running,True
1779262271,productpage,v1,Running,True
1779262271,productpage,v1,Running,True
1779262271,productpage,v1,Running,True
1779262271,productpage,v1,Running,True
1779262271,productpage,v1,Running,True
1779262271,productpage,v1,Running,True
1779262271,productpage,v1,Running,True
1779262271,productpage,v1,Running,True
1779262271,productpage,v1,Running,True
1779262271,productpage,v1,Running,True
1779262271,productpage,v1,Running,True
1779262271,productpage,v1,Running,True
1779262271,productpage,v1,Running,True
1779262271,productpage,v1,Running,True
1779262271,productpage,v1,Running,True
1779262271,productpage,v1,Running,True
1779262271,productpage,v1,Running,True
1779262271,productpage,v1,Running,True
1779262271,ratings,v1,Running,True
1779262271,reviews,v1,Running,True
1779262271,reviews,v2,Running,True
1779262271,reviews,v2,Running,True
1779262271,reviews,v2,Running,True
1779262271,reviews,v3,Running,True
1779262271,reviews,v3,Running,True
1779262271,reviews,v3,Running,True
1779262271,reviews,v3,Running,True
1779262272,details,v1,Running,True
1779262272,details,v1,Running,True
1779262272,details,v1,Running,True
1779262272,productpage,v1,Running,True
1779262272,productpage,v1,Running,True
1779262272,productpage,v1,Running,True
1779262272,productpage,v1,Running,True
1779262272,productpage,v1,Running,True
1779262272,productpage,v1,Running,True
1779262272,productpage,v1,Running,True
1779262272,productpage,v1,Running,True
1779262272,productpage,v1,Running,True
1779262272,productpage,v1,Running,True
1779262272,productpage,v1,Running,True
1779262272,productpage,v1,Running,True
1779262272,productpage,v1,Running,True
1779262272,productpage,v1,Running,True
1779262272,productpage,v1,Running,True
1779262272,productpage,v1,Running,True
1779262272,productpage,v1,Running,True
1779262272,productpage,v1,Running,True
1779262272,productpage,v1,Running,True
1779262272,productpage,v1,Running,True
1779262272,ratings,v1,Running,True
1779262272,reviews,v1,Running,True
1779262272,reviews,v2,Running,True
1779262272,reviews,v2,Running,True
1779262272,reviews,v2,Running,True
1779262272,reviews,v3,Running,True
1779262272,reviews,v3,Running,True
1779262272,reviews,v3,Running,True
1779262272,reviews,v3,Running,True
1779262273,details,v1,Running,True
1779262273,details,v1,Running,True
1779262273,details,v1,Running,True
1779262273,productpage,v1,Running,True
1779262273,productpage,v1,Running,True
1779262273,productpage,v1,Running,True
1779262273,productpage,v1,Running,True
1779262273,productpage,v1,Running,True
1779262273,productpage,v1,Running,True
1779262273,productpage,v1,Running,True
1779262273,productpage,v1,Running,True
1779262273,productpage,v1,Running,True
1779262273,productpage,v1,Running,True
1779262273,productpage,v1,Running,True
1779262273,productpage,v1,Running,True
1779262273,productpage,v1,Running,True
1779262273,productpage,v1,Running,True
1779262273,productpage,v1,Running,True
1779262273,productpage,v1,Running,True
1779262273,productpage,v1,Running,True
1779262273,productpage,v1,Running,True
1779262273,productpage,v1,Running,True
1779262273,productpage,v1,Running,True
1779262273,ratings,v1,Running,True
1779262273,reviews,v1,Running,True
1779262273,reviews,v2,Running,True
1779262273,reviews,v2,Running,True
1779262273,reviews,v2,Running,True
1779262273,reviews,v3,Running,True
1779262273,reviews,v3,Running,True
1779262273,reviews,v3,Running,True
1779262273,reviews,v3,Running,True
1779262274,details,v1,Running,True
1779262274,details,v1,Running,True
1779262274,details,v1,Running,True
1779262274,productpage,v1,Running,True
1779262274,productpage,v1,Running,True
1779262274,productpage,v1,Running,True
1779262274,productpage,v1,Running,True
1779262274,productpage,v1,Running,True
1779262274,productpage,v1,Running,True
1779262274,productpage,v1,Running,True
1779262274,productpage,v1,Running,True
1779262274,productpage,v1,Running,True
1779262274,productpage,v1,Running,True
1779262274,productpage,v1,Running,True
1779262274,productpage,v1,Running,True
1779262274,productpage,v1,Running,True
1779262274,productpage,v1,Running,True
1779262274,productpage,v1,Running,True
1779262274,productpage,v1,Running,True
1779262274,productpage,v1,Running,True
1779262274,productpage,v1,Running,True
1779262274,productpage,v1,Running,True
1779262274,productpage,v1,Running,True
1779262274,ratings,v1,Running,True
1779262274,reviews,v1,Running,True
1779262274,reviews,v2,Running,True
1779262274,reviews,v2,Running,True
1779262274,reviews,v2,Running,True
1779262274,reviews,v3,Running,True
1779262274,reviews,v3,Running,True
1779262274,reviews,v3,Running,True
1779262274,reviews,v3,Running,True
1779262275,details,v1,Running,True
1779262275,details,v1,Running,True
1779262275,details,v1,Running,True
1779262275,productpage,v1,Running,True
1779262275,productpage,v1,Running,True
1779262275,productpage,v1,Running,True
1779262275,productpage,v1,Running,True
1779262275,productpage,v1,Running,True
1779262275,productpage,v1,Running,True
1779262275,productpage,v1,Running,True
1779262275,productpage,v1,Running,True
1779262275,productpage,v1,Running,True
1779262275,productpage,v1,Running,True
1779262275,productpage,v1,Running,True
1779262275,productpage,v1,Running,True
1779262275,productpage,v1,Running,True
1779262275,productpage,v1,Running,True
1779262275,productpage,v1,Running,True
1779262275,productpage,v1,Running,True
1779262275,productpage,v1,Running,True
1779262275,productpage,v1,Running,True
1779262275,productpage,v1,Running,True
1779262275,productpage,v1,Running,True
1779262275,ratings,v1,Running,True
1779262275,reviews,v1,Running,True
1779262275,reviews,v2,Running,True
1779262275,reviews,v2,Running,True
1779262275,reviews,v2,Running,True
1779262275,reviews,v3,Running,True
1779262275,reviews,v3,Running,True
1779262275,reviews,v3,Running,True
1779262275,reviews,v3,Running,True
1779262276,details,v1,Running,True
1779262276,details,v1,Running,True
1779262276,details,v1,Running,True
1779262276,productpage,v1,Running,True
1779262276,productpage,v1,Running,True
1779262276,productpage,v1,Running,True
1779262276,productpage,v1,Running,True
1779262276,productpage,v1,Running,True
1779262276,productpage,v1,Running,True
1779262276,productpage,v1,Running,True
1779262276,productpage,v1,Running,True
1779262276,productpage,v1,Running,True
1779262276,productpage,v1,Running,True
1779262276,productpage,v1,Running,True
1779262276,productpage,v1,Running,True
1779262276,productpage,v1,Running,True
1779262276,productpage,v1,Running,True
1779262276,productpage,v1,Running,True
1779262276,productpage,v1,Running,True
1779262276,productpage,v1,Running,True
1779262276,productpage,v1,Running,True
1779262276,productpage,v1,Running,True
1779262276,productpage,v1,Running,True
1779262276,ratings,v1,Running,True
1779262276,reviews,v1,Running,True
1779262276,reviews,v2,Running,True
1779262276,reviews,v2,Running,True
1779262276,reviews,v2,Running,True
1779262276,reviews,v3,Running,True
1779262276,reviews,v3,Running,True
1779262276,reviews,v3,Running,True
1779262276,reviews,v3,Running,True
1779262277,details,v1,Running,True
1779262277,details,v1,Running,True
1779262277,details,v1,Running,True
1779262277,productpage,v1,Running,True
1779262277,productpage,v1,Running,True
1779262277,productpage,v1,Running,True
1779262277,productpage,v1,Running,True
1779262277,productpage,v1,Running,True
1779262277,productpage,v1,Running,True
1779262277,productpage,v1,Running,True
1779262277,productpage,v1,Running,True
1779262277,productpage,v1,Running,True
1779262277,productpage,v1,Running,True
1779262277,productpage,v1,Running,True
1779262277,productpage,v1,Running,True
1779262277,productpage,v1,Running,True
1779262277,productpage,v1,Running,True
1779262277,productpage,v1,Running,True
1779262277,productpage,v1,Running,True
1779262277,productpage,v1,Running,True
1779262277,productpage,v1,Running,True
1779262277,productpage,v1,Running,True
1779262277,productpage,v1,Running,True
1779262277,ratings,v1,Running,True
1779262277,reviews,v1,Running,True
1779262277,reviews,v2,Running,True
1779262277,reviews,v2,Running,True
1779262277,reviews,v2,Running,True
1779262277,reviews,v3,Running,True
1779262277,reviews,v3,Running,True
1779262277,reviews,v3,Running,True
1779262277,reviews,v3,Running,True
1779262278,details,v1,Running,True
1779262278,details,v1,Running,True
1779262278,details,v1,Running,True
1779262278,productpage,v1,Running,True
1779262278,productpage,v1,Running,True
1779262278,productpage,v1,Running,True
1779262278,productpage,v1,Running,True
1779262278,productpage,v1,Running,True
1779262278,productpage,v1,Running,True
1779262278,productpage,v1,Running,True
1779262278,productpage,v1,Running,True
1779262278,productpage,v1,Running,True
1779262278,productpage,v1,Running,True
1779262278,productpage,v1,Running,True
1779262278,productpage,v1,Running,True
1779262278,productpage,v1,Running,True
1779262278,productpage,v1,Running,True
1779262278,productpage,v1,Running,True
1779262278,productpage,v1,Running,True
1779262278,productpage,v1,Running,True
1779262278,productpage,v1,Running,True
1779262278,productpage,v1,Running,True
1779262278,productpage,v1,Running,True
1779262278,ratings,v1,Running,True
1779262278,reviews,v1,Running,True
1779262278,reviews,v2,Running,True
1779262278,reviews,v2,Running,True
1779262278,reviews,v2,Running,True
1779262278,reviews,v3,Running,True
1779262278,reviews,v3,Running,True
1779262278,reviews,v3,Running,True
1779262278,reviews,v3,Running,True
1779262279,details,v1,Running,True
1779262279,details,v1,Running,True
1779262279,details,v1,Running,True
1779262279,productpage,v1,Running,True
1779262279,productpage,v1,Running,True
1779262279,productpage,v1,Running,True
1779262279,productpage,v1,Running,True
1779262279,productpage,v1,Running,True
1779262279,productpage,v1,Running,True
1779262279,productpage,v1,Running,True
1779262279,productpage,v1,Running,True
1779262279,productpage,v1,Running,True
1779262279,productpage,v1,Running,True
1779262279,productpage,v1,Running,True
1779262279,productpage,v1,Running,True
1779262279,productpage,v1,Running,True
1779262279,productpage,v1,Running,True
1779262279,productpage,v1,Running,True
1779262279,productpage,v1,Running,True
1779262279,productpage,v1,Running,True
1779262279,productpage,v1,Running,True
1779262279,productpage,v1,Running,True
1779262279,productpage,v1,Running,True
1779262279,ratings,v1,Running,True
1779262279,reviews,v1,Running,True
1779262279,reviews,v2,Running,True
1779262279,reviews,v2,Running,True
1779262279,reviews,v2,Running,True
1779262279,reviews,v3,Running,True
1779262279,reviews,v3,Running,True
1779262279,reviews,v3,Running,True
1779262279,reviews,v3,Running,True
1779262280,details,v1,Running,True
1779262280,details,v1,Running,True
1779262280,details,v1,Running,True
1779262280,productpage,v1,Running,True
1779262280,productpage,v1,Running,True
1779262280,productpage,v1,Running,True
1779262280,productpage,v1,Running,True
1779262280,productpage,v1,Running,True
1779262280,productpage,v1,Running,True
1779262280,productpage,v1,Running,True
1779262280,productpage,v1,Running,True
1779262280,productpage,v1,Running,True
1779262280,productpage,v1,Running,True
1779262280,productpage,v1,Running,True
1779262280,productpage,v1,Running,True
1779262280,productpage,v1,Running,True
1779262280,productpage,v1,Running,True
1779262280,productpage,v1,Running,True
1779262280,productpage,v1,Running,True
1779262280,productpage,v1,Running,True
1779262280,productpage,v1,Running,True
1779262280,productpage,v1,Running,True
1779262280,productpage,v1,Running,True
1779262280,ratings,v1,Running,True
1779262280,reviews,v1,Running,True
1779262280,reviews,v2,Running,True
1779262280,reviews,v2,Running,True
1779262280,reviews,v2,Running,True
1779262280,reviews,v3,Pending,False
1779262280,reviews,v3,Running,True
1779262280,reviews,v3,Pending,False
1779262280,reviews,v3,Running,True
1779262280,reviews,v3,Running,True
1779262280,reviews,v3,Running,True
1779262281,details,v1,Running,True
1779262281,details,v1,Running,True
1779262281,details,v1,Running,True
1779262281,productpage,v1,Running,True
1779262281,productpage,v1,Running,True
1779262281,productpage,v1,Running,True
1779262281,productpage,v1,Running,True
1779262281,productpage,v1,Running,True
1779262281,productpage,v1,Running,True
1779262281,productpage,v1,Running,True
1779262281,productpage,v1,Running,True
1779262281,productpage,v1,Running,True
1779262281,productpage,v1,Running,True
1779262281,productpage,v1,Running,True
1779262281,productpage,v1,Running,True
1779262281,productpage,v1,Running,True
1779262281,productpage,v1,Running,True
1779262281,productpage,v1,Running,True
1779262281,productpage,v1,Running,True
1779262281,productpage,v1,Running,True
1779262281,productpage,v1,Running,True
1779262281,productpage,v1,Running,True
1779262281,productpage,v1,Running,True
1779262281,ratings,v1,Running,True
1779262281,reviews,v1,Running,True
1779262281,reviews,v2,Running,True
1779262281,reviews,v2,Running,True
1779262281,reviews,v2,Running,True
1779262281,reviews,v3,Pending,False
1779262281,reviews,v3,Running,True
1779262281,reviews,v3,Pending,False
1779262281,reviews,v3,Running,True
1779262281,reviews,v3,Running,True
1779262281,reviews,v3,Running,True
1779262282,details,v1,Running,True
1779262282,details,v1,Running,True
1779262282,details,v1,Running,True
1779262282,productpage,v1,Running,True
1779262282,productpage,v1,Running,True
1779262282,productpage,v1,Running,True
1779262282,productpage,v1,Running,True
1779262282,productpage,v1,Running,True
1779262282,productpage,v1,Running,True
1779262282,productpage,v1,Running,True
1779262282,productpage,v1,Running,True
1779262282,productpage,v1,Running,True
1779262282,productpage,v1,Running,True
1779262282,productpage,v1,Running,True
1779262282,productpage,v1,Running,True
1779262282,productpage,v1,Running,True
1779262282,productpage,v1,Running,True
1779262282,productpage,v1,Running,True
1779262282,productpage,v1,Running,True
1779262282,productpage,v1,Running,True
1779262282,productpage,v1,Running,True
1779262282,productpage,v1,Running,True
1779262282,productpage,v1,Running,True
1779262282,ratings,v1,Running,True
1779262282,reviews,v1,Running,True
1779262282,reviews,v2,Running,True
1779262282,reviews,v2,Running,True
1779262282,reviews,v2,Running,True
1779262282,reviews,v3,Running,False
1779262282,reviews,v3,Running,True
1779262282,reviews,v3,Running,False
1779262282,reviews,v3,Running,True
1779262282,reviews,v3,Running,True
1779262282,reviews,v3,Running,True
1779262283,details,v1,Running,True
1779262283,details,v1,Running,True
1779262283,details,v1,Running,True
1779262283,productpage,v1,Running,True
1779262283,productpage,v1,Running,True
1779262283,productpage,v1,Running,True
1779262283,productpage,v1,Running,True
1779262283,productpage,v1,Running,True
1779262283,productpage,v1,Running,True
1779262283,productpage,v1,Running,True
1779262283,productpage,v1,Running,True
1779262283,productpage,v1,Running,True
1779262283,productpage,v1,Running,True
1779262283,productpage,v1,Running,True
1779262283,productpage,v1,Running,True
1779262283,productpage,v1,Running,True
1779262283,productpage,v1,Running,True
1779262283,productpage,v1,Running,True
1779262283,productpage,v1,Running,True
1779262283,productpage,v1,Running,True
1779262283,productpage,v1,Running,True
1779262283,productpage,v1,Running,True
1779262283,productpage,v1,Running,True
1779262283,ratings,v1,Running,True
1779262283,reviews,v1,Running,True
1779262283,reviews,v2,Running,True
1779262283,reviews,v2,Running,True
1779262283,reviews,v2,Running,True
1779262283,reviews,v3,Running,True
1779262283,reviews,v3,Running,True
1779262283,reviews,v3,Running,True
1779262283,reviews,v3,Running,True
1779262283,reviews,v3,Running,True
1779262283,reviews,v3,Running,True
1779262284,details,v1,Running,True
1779262284,details,v1,Running,True
1779262284,details,v1,Running,True
1779262284,productpage,v1,Running,True
1779262284,productpage,v1,Running,True
1779262284,productpage,v1,Running,True
1779262284,productpage,v1,Running,True
1779262284,productpage,v1,Running,True
1779262284,productpage,v1,Running,True
1779262284,productpage,v1,Running,True
1779262284,productpage,v1,Running,True
1779262284,productpage,v1,Running,True
1779262284,productpage,v1,Running,True
1779262284,productpage,v1,Running,True
1779262284,productpage,v1,Running,True
1779262284,productpage,v1,Running,True
1779262284,productpage,v1,Running,True
1779262284,productpage,v1,Running,True
1779262284,productpage,v1,Running,True
1779262284,productpage,v1,Running,True
1779262284,productpage,v1,Running,True
1779262284,productpage,v1,Running,True
1779262284,productpage,v1,Running,True
1779262284,ratings,v1,Running,True
1779262284,reviews,v1,Running,True
1779262284,reviews,v2,Running,True
1779262284,reviews,v2,Running,True
1779262284,reviews,v2,Running,True
1779262284,reviews,v3,Running,True
1779262284,reviews,v3,Running,True
1779262284,reviews,v3,Running,True
1779262284,reviews,v3,Running,True
1779262284,reviews,v3,Running,True
1779262284,reviews,v3,Running,True
1779262285,details,v1,Running,True
1779262285,details,v1,Running,True
1779262285,details,v1,Running,True
1779262285,productpage,v1,Running,True
1779262285,productpage,v1,Running,True
1779262285,productpage,v1,Running,True
1779262285,productpage,v1,Running,True
1779262285,productpage,v1,Running,True
1779262285,productpage,v1,Running,True
1779262285,productpage,v1,Running,True
1779262285,productpage,v1,Running,True
1779262285,productpage,v1,Running,True
1779262285,productpage,v1,Running,True
1779262285,productpage,v1,Running,True
1779262285,productpage,v1,Running,True
1779262285,productpage,v1,Running,True
1779262285,productpage,v1,Running,True
1779262285,productpage,v1,Running,True
1779262285,productpage,v1,Running,True
1779262285,productpage,v1,Running,True
1779262285,productpage,v1,Running,True
1779262285,productpage,v1,Running,True
1779262285,productpage,v1,Running,True
1779262285,ratings,v1,Running,True
1779262285,reviews,v1,Running,True
1779262285,reviews,v2,Running,True
1779262285,reviews,v2,Running,True
1779262285,reviews,v2,Running,True
1779262285,reviews,v3,Running,True
1779262285,reviews,v3,Running,True
1779262285,reviews,v3,Running,True
1779262285,reviews,v3,Running,True
1779262285,reviews,v3,Running,True
1779262285,reviews,v3,Running,True
1779262286,details,v1,Running,True
1779262286,details,v1,Running,True
1779262286,details,v1,Running,True
1779262286,productpage,v1,Running,True
1779262286,productpage,v1,Running,True
1779262286,productpage,v1,Running,True
1779262286,productpage,v1,Running,True
1779262286,productpage,v1,Running,True
1779262286,productpage,v1,Running,True
1779262286,productpage,v1,Running,True
1779262286,productpage,v1,Running,True
1779262286,productpage,v1,Running,True
1779262286,productpage,v1,Running,True
1779262286,productpage,v1,Running,True
1779262286,productpage,v1,Running,True
1779262286,productpage,v1,Running,True
1779262286,productpage,v1,Running,True
1779262286,productpage,v1,Running,True
1779262286,productpage,v1,Running,True
1779262286,productpage,v1,Running,True
1779262286,productpage,v1,Running,True
1779262286,productpage,v1,Running,True
1779262286,productpage,v1,Running,True
1779262286,ratings,v1,Running,True
1779262286,reviews,v1,Running,True
1779262286,reviews,v2,Running,True
1779262286,reviews,v2,Running,True
1779262286,reviews,v2,Running,True
1779262286,reviews,v3,Running,True
1779262286,reviews,v3,Running,True
1779262286,reviews,v3,Running,True
1779262286,reviews,v3,Running,True
1779262286,reviews,v3,Running,True
1779262286,reviews,v3,Running,True
1779262287,details,v1,Running,True
1779262287,details,v1,Running,True
1779262287,details,v1,Running,True
1779262287,productpage,v1,Running,True
1779262287,productpage,v1,Running,True
1779262287,productpage,v1,Running,True
1779262287,productpage,v1,Running,True
1779262287,productpage,v1,Running,True
1779262287,productpage,v1,Running,True
1779262287,productpage,v1,Running,True
1779262287,productpage,v1,Running,True
1779262287,productpage,v1,Running,True
1779262287,productpage,v1,Running,True
1779262287,productpage,v1,Running,True
1779262287,productpage,v1,Running,True
1779262287,productpage,v1,Running,True
1779262287,productpage,v1,Running,True
1779262287,productpage,v1,Running,True
1779262287,productpage,v1,Running,True
1779262287,productpage,v1,Running,True
1779262287,productpage,v1,Running,True
1779262287,productpage,v1,Running,True
1779262287,productpage,v1,Running,True
1779262287,ratings,v1,Running,True
1779262287,reviews,v1,Running,True
1779262287,reviews,v2,Running,True
1779262287,reviews,v2,Running,True
1779262287,reviews,v2,Running,True
1779262287,reviews,v3,Running,True
1779262287,reviews,v3,Running,True
1779262287,reviews,v3,Running,True
1779262287,reviews,v3,Running,True
1779262287,reviews,v3,Running,True
1779262287,reviews,v3,Running,True
1779262288,details,v1,Running,True
1779262288,details,v1,Running,True
1779262288,details,v1,Running,True
1779262288,productpage,v1,Running,True
1779262288,productpage,v1,Running,True
1779262288,productpage,v1,Running,True
1779262288,productpage,v1,Running,True
1779262288,productpage,v1,Running,True
1779262288,productpage,v1,Running,True
1779262288,productpage,v1,Running,True
1779262288,productpage,v1,Running,True
1779262288,productpage,v1,Running,True
1779262288,productpage,v1,Running,True
1779262288,productpage,v1,Running,True
1779262288,productpage,v1,Running,True
1779262288,productpage,v1,Running,True
1779262288,productpage,v1,Running,True
1779262288,productpage,v1,Running,True
1779262288,productpage,v1,Running,True
1779262288,productpage,v1,Running,True
1779262288,productpage,v1,Running,True
1779262288,productpage,v1,Running,True
1779262288,productpage,v1,Running,True
1779262288,ratings,v1,Running,True
1779262288,reviews,v1,Running,True
1779262288,reviews,v2,Running,True
1779262288,reviews,v2,Running,True
1779262288,reviews,v2,Running,True
1779262288,reviews,v3,Running,True
1779262288,reviews,v3,Running,True
1779262288,reviews,v3,Running,True
1779262288,reviews,v3,Running,True
1779262288,reviews,v3,Running,True
1779262288,reviews,v3,Running,True
1779262289,details,v1,Running,True
1779262289,details,v1,Running,True
1779262289,details,v1,Running,True
1779262289,productpage,v1,Running,True
1779262289,productpage,v1,Running,True
1779262289,productpage,v1,Running,True
1779262289,productpage,v1,Running,True
1779262289,productpage,v1,Running,True
1779262289,productpage,v1,Running,True
1779262289,productpage,v1,Running,True
1779262289,productpage,v1,Running,True
1779262289,productpage,v1,Running,True
1779262289,productpage,v1,Running,True
1779262289,productpage,v1,Running,True
1779262289,productpage,v1,Running,True
1779262289,productpage,v1,Running,True
1779262289,productpage,v1,Running,True
1779262289,productpage,v1,Running,True
1779262289,productpage,v1,Running,True
1779262289,productpage,v1,Running,True
1779262289,productpage,v1,Running,True
1779262289,productpage,v1,Running,True
1779262289,productpage,v1,Running,True
1779262289,ratings,v1,Running,True
1779262289,reviews,v1,Running,True
1779262289,reviews,v2,Running,True
1779262289,reviews,v2,Running,True
1779262289,reviews,v2,Running,True
1779262289,reviews,v3,Running,True
1779262289,reviews,v3,Running,True
1779262289,reviews,v3,Running,True
1779262289,reviews,v3,Running,True
1779262289,reviews,v3,Running,True
1779262289,reviews,v3,Running,True
1779262290,details,v1,Running,True
1779262290,details,v1,Running,True
1779262290,details,v1,Running,True
1779262290,productpage,v1,Running,True
1779262290,productpage,v1,Running,True
1779262290,productpage,v1,Running,True
1779262290,productpage,v1,Running,True
1779262290,productpage,v1,Running,True
1779262290,productpage,v1,Running,True
1779262290,productpage,v1,Running,True
1779262290,productpage,v1,Running,True
1779262290,productpage,v1,Running,True
1779262290,productpage,v1,Running,True
1779262290,productpage,v1,Running,True
1779262290,productpage,v1,Running,True
1779262290,productpage,v1,Running,True
1779262290,productpage,v1,Running,True
1779262290,productpage,v1,Running,True
1779262290,productpage,v1,Running,True
1779262290,productpage,v1,Running,True
1779262290,productpage,v1,Running,True
1779262290,productpage,v1,Running,True
1779262290,productpage,v1,Running,True
1779262290,ratings,v1,Running,True
1779262290,reviews,v1,Running,True
1779262290,reviews,v2,Running,True
1779262290,reviews,v2,Running,True
1779262290,reviews,v2,Running,True
1779262290,reviews,v3,Running,True
1779262290,reviews,v3,Running,True
1779262290,reviews,v3,Running,True
1779262290,reviews,v3,Running,True
1779262290,reviews,v3,Running,True
1779262290,reviews,v3,Running,True
1779262291,details,v1,Running,True
1779262291,details,v1,Running,True
1779262291,details,v1,Running,True
1779262291,productpage,v1,Running,True
1779262291,productpage,v1,Running,True
1779262291,productpage,v1,Running,True
1779262291,productpage,v1,Running,True
1779262291,productpage,v1,Running,True
1779262291,productpage,v1,Running,True
1779262291,productpage,v1,Running,True
1779262291,productpage,v1,Running,True
1779262291,productpage,v1,Running,True
1779262291,productpage,v1,Running,True
1779262291,productpage,v1,Running,True
1779262291,productpage,v1,Running,True
1779262291,productpage,v1,Running,True
1779262291,productpage,v1,Running,True
1779262291,productpage,v1,Running,True
1779262291,productpage,v1,Running,True
1779262291,productpage,v1,Running,True
1779262291,productpage,v1,Running,True
1779262291,productpage,v1,Running,True
1779262291,productpage,v1,Running,True
1779262291,ratings,v1,Running,True
1779262291,reviews,v1,Running,True
1779262291,reviews,v2,Running,True
1779262291,reviews,v2,Running,True
1779262291,reviews,v2,Running,True
1779262291,reviews,v3,Running,True
1779262291,reviews,v3,Running,True
1779262291,reviews,v3,Running,True
1779262291,reviews,v3,Running,True
1779262291,reviews,v3,Running,True
1779262291,reviews,v3,Running,True
1779262292,details,v1,Running,True
1779262292,details,v1,Running,True
1779262292,details,v1,Running,True
1779262292,productpage,v1,Running,True
1779262292,productpage,v1,Running,True
1779262292,productpage,v1,Running,True
1779262292,productpage,v1,Running,True
1779262292,productpage,v1,Running,True
1779262292,productpage,v1,Running,True
1779262292,productpage,v1,Running,True
1779262292,productpage,v1,Running,True
1779262292,productpage,v1,Running,True
1779262292,productpage,v1,Running,True
1779262292,productpage,v1,Running,True
1779262292,productpage,v1,Running,True
1779262292,productpage,v1,Running,True
1779262292,productpage,v1,Running,True
1779262292,productpage,v1,Running,True
1779262292,productpage,v1,Running,True
1779262292,productpage,v1,Running,True
1779262292,productpage,v1,Running,True
1779262292,productpage,v1,Running,True
1779262292,productpage,v1,Running,True
1779262292,ratings,v1,Running,True
1779262292,reviews,v1,Running,True
1779262292,reviews,v2,Running,True
1779262292,reviews,v2,Running,True
1779262292,reviews,v2,Running,True
1779262292,reviews,v3,Running,True
1779262292,reviews,v3,Running,True
1779262292,reviews,v3,Running,True
1779262292,reviews,v3,Running,True
1779262292,reviews,v3,Running,True
1779262292,reviews,v3,Running,True
1779262293,details,v1,Running,True
1779262293,details,v1,Running,True
1779262293,details,v1,Running,True
1779262293,productpage,v1,Running,True
1779262293,productpage,v1,Running,True
1779262293,productpage,v1,Running,True
1779262293,productpage,v1,Running,True
1779262293,productpage,v1,Running,True
1779262293,productpage,v1,Running,True
1779262293,productpage,v1,Running,True
1779262293,productpage,v1,Running,True
1779262293,productpage,v1,Running,True
1779262293,productpage,v1,Running,True
1779262293,productpage,v1,Running,True
1779262293,productpage,v1,Running,True
1779262293,productpage,v1,Running,True
1779262293,productpage,v1,Running,True
1779262293,productpage,v1,Running,True
1779262293,productpage,v1,Running,True
1779262293,productpage,v1,Running,True
1779262293,productpage,v1,Running,True
1779262293,productpage,v1,Running,True
1779262293,productpage,v1,Running,True
1779262293,ratings,v1,Running,True
1779262293,reviews,v1,Running,True
1779262293,reviews,v2,Running,True
1779262293,reviews,v2,Running,True
1779262293,reviews,v2,Running,True
1779262293,reviews,v3,Running,True
1779262293,reviews,v3,Running,True
1779262293,reviews,v3,Running,True
1779262293,reviews,v3,Running,True
1779262293,reviews,v3,Running,True
1779262293,reviews,v3,Running,True
1779262294,details,v1,Running,True
1779262294,details,v1,Running,True
1779262294,details,v1,Running,True
1779262294,productpage,v1,Running,True
1779262294,productpage,v1,Running,True
1779262294,productpage,v1,Running,True
1779262294,productpage,v1,Running,True
1779262294,productpage,v1,Running,True
1779262294,productpage,v1,Running,True
1779262294,productpage,v1,Running,True
1779262294,productpage,v1,Running,True
1779262294,productpage,v1,Running,True
1779262294,productpage,v1,Running,True
1779262294,productpage,v1,Running,True
1779262294,productpage,v1,Running,True
1779262294,productpage,v1,Running,True
1779262294,productpage,v1,Running,True
1779262294,productpage,v1,Running,True
1779262294,productpage,v1,Running,True
1779262294,productpage,v1,Running,True
1779262294,productpage,v1,Running,True
1779262294,productpage,v1,Running,True
1779262294,productpage,v1,Running,True
1779262294,ratings,v1,Running,True
1779262294,reviews,v1,Running,True
1779262294,reviews,v2,Running,True
1779262294,reviews,v2,Running,True
1779262294,reviews,v2,Running,True
1779262294,reviews,v3,Running,True
1779262294,reviews,v3,Running,True
1779262294,reviews,v3,Running,True
1779262294,reviews,v3,Running,True
1779262294,reviews,v3,Running,True
1779262294,reviews,v3,Running,True
1779262295,details,v1,Running,True
1779262295,details,v1,Running,True
1779262295,details,v1,Running,True
1779262295,productpage,v1,Running,True
1779262295,productpage,v1,Running,True
1779262295,productpage,v1,Running,True
1779262295,productpage,v1,Running,True
1779262295,productpage,v1,Running,True
1779262295,productpage,v1,Running,True
1779262295,productpage,v1,Running,True
1779262295,productpage,v1,Running,True
1779262295,productpage,v1,Running,True
1779262295,productpage,v1,Running,True
1779262295,productpage,v1,Running,True
1779262295,productpage,v1,Running,True
1779262295,productpage,v1,Running,True
1779262295,productpage,v1,Running,True
1779262295,productpage,v1,Running,True
1779262295,productpage,v1,Running,True
1779262295,productpage,v1,Running,True
1779262295,productpage,v1,Running,True
1779262295,productpage,v1,Running,True
1779262295,productpage,v1,Running,True
1779262295,ratings,v1,Running,True
1779262295,reviews,v1,Running,True
1779262295,reviews,v2,Running,True
1779262295,reviews,v2,Running,True
1779262295,reviews,v2,Running,True
1779262295,reviews,v3,Running,True
1779262295,reviews,v3,Running,True
1779262295,reviews,v3,Running,True
1779262295,reviews,v3,Running,True
1779262295,reviews,v3,Running,True
1779262295,reviews,v3,Running,True
