timestamp,app,version,phase,ready
1779218951,details,v1,Running,True
1779218951,details,v1,Pending,
1779218951,details,v1,Running,True
1779218951,details,v1,Running,True
1779218951,details,v1,Running,True
1779218951,details,v1,Running,True
1779218951,details,v1,Running,True
1779218951,productpage,v1,Running,True
1779218951,productpage,v1,Running,True
1779218951,productpage,v1,Running,True
1779218951,productpage,v1,Running,True
1779218951,productpage,v1,Running,True
1779218951,productpage,v1,Running,True
1779218951,productpage,v1,Running,True
1779218951,productpage,v1,Running,True
1779218951,productpage,v1,Running,True
1779218951,productpage,v1,Running,True
1779218951,productpage,v1,Running,True
1779218951,productpage,v1,Running,True
1779218951,productpage,v1,Running,True
1779218951,productpage,v1,Running,True
1779218951,productpage,v1,Running,True
1779218951,ratings,v1,Running,True
1779218951,reviews,v1,Running,True
1779218951,reviews,v2,Running,True
1779218951,reviews,v2,Running,True
1779218951,reviews,v2,Running,True
1779218951,reviews,v2,Running,True
1779218951,reviews,v2,Running,True
1779218951,reviews,v2,Running,True
1779218951,reviews,v2,Running,True
1779218951,reviews,v3,Running,True
1779218951,reviews,v3,Running,True
1779218951,reviews,v3,Running,True
1779218951,reviews,v3,Running,True
1779218951,reviews,v3,Running,True
1779218951,reviews,v3,Running,True
1779218951,reviews,v3,Running,True
1779218951,reviews,v3,Running,True
1779218951,reviews,v3,Running,True
1779218951,reviews,v3,Running,True
1779218952,details,v1,Running,True
1779218952,details,v1,Pending,
1779218952,details,v1,Running,True
1779218952,details,v1,Running,True
1779218952,details,v1,Running,True
1779218952,details,v1,Running,True
1779218952,details,v1,Running,True
1779218952,productpage,v1,Running,True
1779218952,productpage,v1,Running,True
1779218952,productpage,v1,Running,True
1779218952,productpage,v1,Running,True
1779218952,productpage,v1,Running,True
1779218952,productpage,v1,Running,True
1779218952,productpage,v1,Running,True
1779218952,productpage,v1,Running,True
1779218952,productpage,v1,Running,True
1779218952,productpage,v1,Running,True
1779218952,productpage,v1,Running,True
1779218952,productpage,v1,Running,True
1779218952,productpage,v1,Running,True
1779218952,productpage,v1,Running,True
1779218952,productpage,v1,Running,True
1779218952,ratings,v1,Running,True
1779218952,reviews,v1,Running,True
1779218952,reviews,v2,Running,True
1779218952,reviews,v2,Running,True
1779218952,reviews,v2,Running,True
1779218952,reviews,v2,Running,True
1779218952,reviews,v2,Running,True
1779218952,reviews,v2,Running,True
1779218952,reviews,v2,Running,True
1779218952,reviews,v3,Running,True
1779218952,reviews,v3,Running,True
1779218952,reviews,v3,Running,True
1779218952,reviews,v3,Running,True
1779218952,reviews,v3,Running,True
1779218952,reviews,v3,Running,True
1779218952,reviews,v3,Running,True
1779218952,reviews,v3,Running,True
1779218952,reviews,v3,Running,True
1779218952,reviews,v3,Running,True
1779218953,details,v1,Running,True
1779218953,details,v1,Pending,
1779218953,details,v1,Running,True
1779218953,details,v1,Running,True
1779218953,details,v1,Running,True
1779218953,details,v1,Running,True
1779218953,details,v1,Running,True
1779218953,productpage,v1,Running,True
1779218953,productpage,v1,Running,True
1779218953,productpage,v1,Running,True
1779218953,productpage,v1,Running,True
1779218953,productpage,v1,Running,True
1779218953,productpage,v1,Running,True
1779218953,productpage,v1,Running,True
1779218953,productpage,v1,Running,True
1779218953,productpage,v1,Running,True
1779218953,productpage,v1,Running,True
1779218953,productpage,v1,Running,True
1779218953,productpage,v1,Running,True
1779218953,productpage,v1,Running,True
1779218953,productpage,v1,Running,True
1779218953,productpage,v1,Running,True
1779218953,ratings,v1,Running,True
1779218953,reviews,v1,Running,True
1779218953,reviews,v2,Running,True
1779218953,reviews,v2,Running,True
1779218953,reviews,v2,Running,True
1779218953,reviews,v2,Running,True
1779218953,reviews,v2,Running,True
1779218953,reviews,v2,Running,True
1779218953,reviews,v2,Running,True
1779218953,reviews,v3,Running,True
1779218953,reviews,v3,Running,True
1779218953,reviews,v3,Running,True
1779218953,reviews,v3,Running,True
1779218953,reviews,v3,Running,True
1779218953,reviews,v3,Running,True
1779218953,reviews,v3,Running,True
1779218953,reviews,v3,Running,True
1779218953,reviews,v3,Running,True
1779218953,reviews,v3,Running,True
1779218954,details,v1,Running,True
1779218954,details,v1,Pending,
1779218954,details,v1,Running,True
1779218954,details,v1,Running,True
1779218954,details,v1,Running,True
1779218954,details,v1,Running,True
1779218954,details,v1,Running,True
1779218954,productpage,v1,Running,True
1779218954,productpage,v1,Running,True
1779218954,productpage,v1,Running,True
1779218954,productpage,v1,Running,True
1779218954,productpage,v1,Running,True
1779218954,productpage,v1,Running,True
1779218954,productpage,v1,Running,True
1779218954,productpage,v1,Running,True
1779218954,productpage,v1,Running,True
1779218954,productpage,v1,Running,True
1779218954,productpage,v1,Running,True
1779218954,productpage,v1,Running,True
1779218954,productpage,v1,Running,True
1779218954,productpage,v1,Running,True
1779218954,productpage,v1,Running,True
1779218954,ratings,v1,Running,True
1779218954,reviews,v1,Running,True
1779218954,reviews,v2,Running,True
1779218954,reviews,v2,Running,True
1779218954,reviews,v2,Running,True
1779218954,reviews,v2,Running,True
1779218954,reviews,v2,Running,True
1779218954,reviews,v2,Running,True
1779218954,reviews,v2,Running,True
1779218954,reviews,v3,Running,True
1779218954,reviews,v3,Running,True
1779218954,reviews,v3,Running,True
1779218954,reviews,v3,Running,True
1779218954,reviews,v3,Running,True
1779218954,reviews,v3,Running,True
1779218954,reviews,v3,Running,True
1779218954,reviews,v3,Running,True
1779218954,reviews,v3,Running,True
1779218954,reviews,v3,Running,True
1779218955,details,v1,Running,True
1779218955,details,v1,Pending,
1779218955,details,v1,Running,True
1779218955,details,v1,Running,True
1779218955,details,v1,Running,True
1779218955,details,v1,Running,True
1779218955,details,v1,Running,True
1779218955,productpage,v1,Running,True
1779218955,productpage,v1,Running,True
1779218955,productpage,v1,Running,True
1779218955,productpage,v1,Running,True
1779218955,productpage,v1,Running,True
1779218955,productpage,v1,Running,True
1779218955,productpage,v1,Running,True
1779218955,productpage,v1,Running,True
1779218955,productpage,v1,Running,True
1779218955,productpage,v1,Running,True
1779218955,productpage,v1,Running,True
1779218955,productpage,v1,Running,True
1779218955,productpage,v1,Running,True
1779218955,productpage,v1,Running,True
1779218955,productpage,v1,Running,True
1779218955,ratings,v1,Running,True
1779218955,reviews,v1,Running,True
1779218955,reviews,v2,Running,True
1779218955,reviews,v2,Running,True
1779218955,reviews,v2,Running,True
1779218955,reviews,v2,Running,True
1779218955,reviews,v2,Running,True
1779218955,reviews,v2,Running,True
1779218955,reviews,v2,Running,True
1779218955,reviews,v3,Running,True
1779218955,reviews,v3,Running,True
1779218955,reviews,v3,Running,True
1779218955,reviews,v3,Running,True
1779218955,reviews,v3,Running,True
1779218955,reviews,v3,Running,True
1779218955,reviews,v3,Running,True
1779218955,reviews,v3,Running,True
1779218955,reviews,v3,Running,True
1779218955,reviews,v3,Running,True
1779218956,details,v1,Running,True
1779218956,details,v1,Pending,
1779218956,details,v1,Running,True
1779218956,details,v1,Running,True
1779218956,details,v1,Running,True
1779218956,details,v1,Running,True
1779218956,details,v1,Running,True
1779218956,productpage,v1,Running,True
1779218956,productpage,v1,Running,True
1779218956,productpage,v1,Running,True
1779218956,productpage,v1,Running,True
1779218956,productpage,v1,Running,True
1779218956,productpage,v1,Running,True
1779218956,productpage,v1,Running,True
1779218956,productpage,v1,Running,True
1779218956,productpage,v1,Running,True
1779218956,productpage,v1,Running,True
1779218956,productpage,v1,Running,True
1779218956,productpage,v1,Running,True
1779218956,productpage,v1,Running,True
1779218956,productpage,v1,Running,True
1779218956,productpage,v1,Running,True
1779218956,ratings,v1,Running,True
1779218956,reviews,v1,Running,True
1779218956,reviews,v2,Running,True
1779218956,reviews,v2,Running,True
1779218956,reviews,v2,Running,True
1779218956,reviews,v2,Running,True
1779218956,reviews,v2,Running,True
1779218956,reviews,v2,Running,True
1779218956,reviews,v2,Running,True
1779218956,reviews,v3,Running,True
1779218956,reviews,v3,Running,True
1779218956,reviews,v3,Running,True
1779218956,reviews,v3,Running,True
1779218956,reviews,v3,Running,True
1779218956,reviews,v3,Running,True
1779218956,reviews,v3,Running,True
1779218956,reviews,v3,Running,True
1779218956,reviews,v3,Running,True
1779218956,reviews,v3,Running,True
1779218957,details,v1,Running,True
1779218957,details,v1,Pending,
1779218957,details,v1,Running,True
1779218957,details,v1,Running,True
1779218957,details,v1,Running,True
1779218957,details,v1,Running,True
1779218957,details,v1,Running,True
1779218957,productpage,v1,Running,True
1779218957,productpage,v1,Running,True
1779218957,productpage,v1,Running,True
1779218957,productpage,v1,Running,True
1779218957,productpage,v1,Running,True
1779218957,productpage,v1,Running,True
1779218957,productpage,v1,Running,True
1779218957,productpage,v1,Running,True
1779218957,productpage,v1,Running,True
1779218957,productpage,v1,Running,True
1779218957,productpage,v1,Running,True
1779218957,productpage,v1,Running,True
1779218957,productpage,v1,Running,True
1779218957,productpage,v1,Running,True
1779218957,productpage,v1,Running,True
1779218957,ratings,v1,Running,True
1779218957,reviews,v1,Running,True
1779218957,reviews,v2,Running,True
1779218957,reviews,v2,Running,True
1779218957,reviews,v2,Running,True
1779218957,reviews,v2,Running,True
1779218957,reviews,v2,Running,True
1779218957,reviews,v2,Running,True
1779218957,reviews,v2,Running,True
1779218957,reviews,v3,Running,True
1779218957,reviews,v3,Running,True
1779218957,reviews,v3,Running,True
1779218957,reviews,v3,Running,True
1779218957,reviews,v3,Running,True
1779218957,reviews,v3,Running,True
1779218957,reviews,v3,Running,True
1779218957,reviews,v3,Running,True
1779218957,reviews,v3,Running,True
1779218957,reviews,v3,Running,True
1779218958,details,v1,Running,True
1779218958,details,v1,Pending,
1779218958,details,v1,Running,True
1779218958,details,v1,Running,True
1779218958,details,v1,Running,True
1779218958,details,v1,Running,True
1779218958,details,v1,Running,True
1779218958,productpage,v1,Running,True
1779218958,productpage,v1,Running,True
1779218958,productpage,v1,Running,True
1779218958,productpage,v1,Running,True
1779218958,productpage,v1,Running,True
1779218958,productpage,v1,Running,True
1779218958,productpage,v1,Running,True
1779218958,productpage,v1,Running,True
1779218958,productpage,v1,Running,True
1779218958,productpage,v1,Running,True
1779218958,productpage,v1,Running,True
1779218958,productpage,v1,Running,True
1779218958,productpage,v1,Running,True
1779218958,productpage,v1,Running,True
1779218958,productpage,v1,Running,True
1779218958,ratings,v1,Running,True
1779218958,reviews,v1,Running,True
1779218958,reviews,v2,Running,True
1779218958,reviews,v2,Running,True
1779218958,reviews,v2,Running,True
1779218958,reviews,v2,Running,True
1779218958,reviews,v2,Running,True
1779218958,reviews,v2,Running,True
1779218958,reviews,v2,Running,True
1779218958,reviews,v3,Running,True
1779218958,reviews,v3,Running,True
1779218958,reviews,v3,Running,True
1779218958,reviews,v3,Running,True
1779218958,reviews,v3,Running,True
1779218958,reviews,v3,Running,True
1779218958,reviews,v3,Running,True
1779218958,reviews,v3,Running,True
1779218958,reviews,v3,Running,True
1779218958,reviews,v3,Running,True
1779218959,details,v1,Running,True
1779218959,details,v1,Pending,
1779218959,details,v1,Running,True
1779218959,details,v1,Running,True
1779218959,details,v1,Running,True
1779218959,details,v1,Running,True
1779218959,details,v1,Running,True
1779218959,productpage,v1,Running,True
1779218959,productpage,v1,Running,True
1779218959,productpage,v1,Running,True
1779218959,productpage,v1,Running,True
1779218959,productpage,v1,Running,True
1779218959,productpage,v1,Running,True
1779218959,productpage,v1,Running,True
1779218959,productpage,v1,Running,True
1779218959,productpage,v1,Running,True
1779218959,productpage,v1,Running,True
1779218959,productpage,v1,Running,True
1779218959,productpage,v1,Running,True
1779218959,productpage,v1,Running,True
1779218959,productpage,v1,Running,True
1779218959,productpage,v1,Running,True
1779218959,ratings,v1,Running,True
1779218959,reviews,v1,Running,True
1779218959,reviews,v2,Running,True
1779218959,reviews,v2,Running,True
1779218959,reviews,v2,Running,True
1779218959,reviews,v2,Running,True
1779218959,reviews,v2,Running,True
1779218959,reviews,v2,Running,True
1779218959,reviews,v2,Running,True
1779218959,reviews,v3,Running,True
1779218959,reviews,v3,Running,True
1779218959,reviews,v3,Running,True
1779218959,reviews,v3,Running,True
1779218959,reviews,v3,Running,True
1779218959,reviews,v3,Running,True
1779218959,reviews,v3,Running,True
1779218959,reviews,v3,Running,True
1779218959,reviews,v3,Running,True
1779218959,reviews,v3,Running,True
1779218960,details,v1,Running,True
1779218960,details,v1,Pending,
1779218960,details,v1,Running,True
1779218960,details,v1,Running,True
1779218960,details,v1,Running,True
1779218960,details,v1,Running,True
1779218960,details,v1,Running,True
1779218960,productpage,v1,Running,True
1779218960,productpage,v1,Running,True
1779218960,productpage,v1,Running,True
1779218960,productpage,v1,Running,True
1779218960,productpage,v1,Running,True
1779218960,productpage,v1,Running,True
1779218960,productpage,v1,Running,True
1779218960,productpage,v1,Running,True
1779218960,productpage,v1,Running,True
1779218960,productpage,v1,Running,True
1779218960,productpage,v1,Running,True
1779218960,productpage,v1,Running,True
1779218960,productpage,v1,Running,True
1779218960,productpage,v1,Running,True
1779218960,productpage,v1,Running,True
1779218960,ratings,v1,Running,True
1779218960,reviews,v1,Running,True
1779218960,reviews,v2,Running,True
1779218960,reviews,v2,Running,True
1779218960,reviews,v2,Running,True
1779218960,reviews,v2,Running,True
1779218960,reviews,v2,Running,True
1779218960,reviews,v2,Running,True
1779218960,reviews,v2,Running,True
1779218960,reviews,v3,Running,True
1779218960,reviews,v3,Running,True
1779218960,reviews,v3,Running,True
1779218960,reviews,v3,Running,True
1779218960,reviews,v3,Running,True
1779218960,reviews,v3,Running,True
1779218960,reviews,v3,Running,True
1779218960,reviews,v3,Running,True
1779218960,reviews,v3,Running,True
1779218960,reviews,v3,Running,True
1779218961,details,v1,Running,True
1779218961,details,v1,Pending,
1779218961,details,v1,Running,True
1779218961,details,v1,Running,True
1779218961,details,v1,Running,True
1779218961,details,v1,Running,True
1779218961,details,v1,Running,True
1779218961,productpage,v1,Running,True
1779218961,productpage,v1,Running,True
1779218961,productpage,v1,Running,True
1779218961,productpage,v1,Running,True
1779218961,productpage,v1,Running,True
1779218961,productpage,v1,Running,True
1779218961,productpage,v1,Running,True
1779218961,productpage,v1,Running,True
1779218961,productpage,v1,Running,True
1779218961,productpage,v1,Running,True
1779218961,productpage,v1,Running,True
1779218961,productpage,v1,Running,True
1779218961,productpage,v1,Running,True
1779218961,productpage,v1,Running,True
1779218961,productpage,v1,Running,True
1779218961,ratings,v1,Running,True
1779218961,reviews,v1,Running,True
1779218961,reviews,v2,Running,True
1779218961,reviews,v2,Running,True
1779218961,reviews,v2,Running,True
1779218961,reviews,v2,Running,True
1779218961,reviews,v2,Running,True
1779218961,reviews,v2,Running,True
1779218961,reviews,v2,Running,True
1779218961,reviews,v3,Running,True
1779218961,reviews,v3,Running,True
1779218961,reviews,v3,Running,True
1779218961,reviews,v3,Running,True
1779218961,reviews,v3,Running,True
1779218961,reviews,v3,Running,True
1779218961,reviews,v3,Running,True
1779218961,reviews,v3,Running,True
1779218961,reviews,v3,Running,True
1779218961,reviews,v3,Running,True
1779218962,details,v1,Running,True
1779218962,details,v1,Pending,
1779218962,details,v1,Running,True
1779218962,details,v1,Running,True
1779218962,details,v1,Running,True
1779218962,details,v1,Running,True
1779218962,details,v1,Running,True
1779218962,productpage,v1,Running,True
1779218962,productpage,v1,Running,True
1779218962,productpage,v1,Running,True
1779218962,productpage,v1,Running,True
1779218962,productpage,v1,Running,True
1779218962,productpage,v1,Running,True
1779218962,productpage,v1,Running,True
1779218962,productpage,v1,Running,True
1779218962,productpage,v1,Running,True
1779218962,productpage,v1,Running,True
1779218962,productpage,v1,Running,True
1779218962,productpage,v1,Running,True
1779218962,productpage,v1,Running,True
1779218962,productpage,v1,Running,True
1779218962,productpage,v1,Running,True
1779218962,ratings,v1,Running,True
1779218962,reviews,v1,Running,True
1779218962,reviews,v2,Running,True
1779218962,reviews,v2,Running,True
1779218962,reviews,v2,Running,True
1779218962,reviews,v2,Running,True
1779218962,reviews,v2,Running,True
1779218962,reviews,v2,Running,True
1779218962,reviews,v2,Running,True
1779218962,reviews,v3,Running,True
1779218962,reviews,v3,Running,True
1779218962,reviews,v3,Running,True
1779218962,reviews,v3,Running,True
1779218962,reviews,v3,Running,True
1779218962,reviews,v3,Running,True
1779218962,reviews,v3,Running,True
1779218962,reviews,v3,Running,True
1779218962,reviews,v3,Running,True
1779218962,reviews,v3,Running,True
1779218963,details,v1,Running,True
1779218963,details,v1,Pending,
1779218963,details,v1,Running,True
1779218963,details,v1,Running,True
1779218963,details,v1,Running,True
1779218963,details,v1,Running,True
1779218963,details,v1,Running,True
1779218963,productpage,v1,Running,True
1779218963,productpage,v1,Running,True
1779218963,productpage,v1,Running,True
1779218963,productpage,v1,Running,True
1779218963,productpage,v1,Running,True
1779218963,productpage,v1,Running,True
1779218963,productpage,v1,Running,True
1779218963,productpage,v1,Running,True
1779218963,productpage,v1,Running,True
1779218963,productpage,v1,Running,True
1779218963,productpage,v1,Running,True
1779218963,productpage,v1,Running,True
1779218963,productpage,v1,Running,True
1779218963,productpage,v1,Running,True
1779218963,productpage,v1,Running,True
1779218963,ratings,v1,Running,True
1779218963,reviews,v1,Running,True
1779218963,reviews,v2,Running,True
1779218963,reviews,v2,Running,True
1779218963,reviews,v2,Running,True
1779218963,reviews,v2,Running,True
1779218963,reviews,v2,Running,True
1779218963,reviews,v2,Running,True
1779218963,reviews,v2,Running,True
1779218963,reviews,v3,Running,True
1779218963,reviews,v3,Running,True
1779218963,reviews,v3,Running,True
1779218963,reviews,v3,Running,True
1779218963,reviews,v3,Running,True
1779218963,reviews,v3,Running,True
1779218963,reviews,v3,Running,True
1779218963,reviews,v3,Running,True
1779218963,reviews,v3,Running,True
1779218963,reviews,v3,Running,True
1779218964,details,v1,Running,True
1779218964,details,v1,Pending,
1779218964,details,v1,Running,True
1779218964,details,v1,Running,True
1779218964,details,v1,Running,True
1779218964,details,v1,Running,True
1779218964,details,v1,Running,True
1779218964,productpage,v1,Running,True
1779218964,productpage,v1,Running,True
1779218964,productpage,v1,Running,True
1779218964,productpage,v1,Running,True
1779218964,productpage,v1,Running,True
1779218964,productpage,v1,Running,True
1779218964,productpage,v1,Running,True
1779218964,productpage,v1,Running,True
1779218964,productpage,v1,Running,True
1779218964,productpage,v1,Running,True
1779218964,productpage,v1,Running,True
1779218964,productpage,v1,Running,True
1779218964,productpage,v1,Running,True
1779218964,productpage,v1,Running,True
1779218964,productpage,v1,Running,True
1779218964,ratings,v1,Running,True
1779218964,reviews,v1,Running,True
1779218964,reviews,v2,Running,True
1779218964,reviews,v2,Running,True
1779218964,reviews,v2,Running,True
1779218964,reviews,v2,Running,True
1779218964,reviews,v2,Running,True
1779218964,reviews,v2,Running,True
1779218964,reviews,v2,Running,True
1779218964,reviews,v3,Running,True
1779218964,reviews,v3,Running,True
1779218964,reviews,v3,Running,True
1779218964,reviews,v3,Running,True
1779218964,reviews,v3,Running,True
1779218964,reviews,v3,Running,True
1779218964,reviews,v3,Running,True
1779218964,reviews,v3,Running,True
1779218964,reviews,v3,Running,True
1779218964,reviews,v3,Running,True
1779218965,details,v1,Running,True
1779218965,details,v1,Pending,
1779218965,details,v1,Running,True
1779218965,details,v1,Running,True
1779218965,details,v1,Running,True
1779218965,details,v1,Running,True
1779218965,details,v1,Running,True
1779218965,productpage,v1,Running,True
1779218965,productpage,v1,Running,True
1779218965,productpage,v1,Running,True
1779218965,productpage,v1,Running,True
1779218965,productpage,v1,Running,True
1779218965,productpage,v1,Running,True
1779218965,productpage,v1,Running,True
1779218965,productpage,v1,Running,True
1779218965,productpage,v1,Running,True
1779218965,productpage,v1,Running,True
1779218965,productpage,v1,Running,True
1779218965,productpage,v1,Running,True
1779218965,productpage,v1,Running,True
1779218965,productpage,v1,Running,True
1779218965,productpage,v1,Running,True
1779218965,ratings,v1,Running,True
1779218965,reviews,v1,Running,True
1779218965,reviews,v2,Running,True
1779218965,reviews,v2,Running,True
1779218965,reviews,v2,Running,True
1779218965,reviews,v2,Running,True
1779218965,reviews,v2,Running,True
1779218965,reviews,v2,Running,True
1779218965,reviews,v2,Running,True
1779218965,reviews,v3,Running,True
1779218965,reviews,v3,Running,True
1779218965,reviews,v3,Running,True
1779218965,reviews,v3,Running,True
1779218965,reviews,v3,Running,True
1779218965,reviews,v3,Running,True
1779218965,reviews,v3,Running,True
1779218965,reviews,v3,Running,True
1779218965,reviews,v3,Running,True
1779218965,reviews,v3,Running,True
1779218966,details,v1,Running,True
1779218966,details,v1,Pending,
1779218966,details,v1,Running,True
1779218966,details,v1,Running,True
1779218966,details,v1,Running,True
1779218966,details,v1,Running,True
1779218966,details,v1,Running,True
1779218966,productpage,v1,Running,True
1779218966,productpage,v1,Running,True
1779218966,productpage,v1,Running,True
1779218966,productpage,v1,Running,True
1779218966,productpage,v1,Running,True
1779218966,productpage,v1,Running,True
1779218966,productpage,v1,Running,True
1779218966,productpage,v1,Running,True
1779218966,productpage,v1,Running,True
1779218966,productpage,v1,Running,True
1779218966,productpage,v1,Running,True
1779218966,productpage,v1,Running,True
1779218966,productpage,v1,Running,True
1779218966,productpage,v1,Running,True
1779218966,productpage,v1,Running,True
1779218966,ratings,v1,Running,True
1779218966,reviews,v1,Running,True
1779218966,reviews,v2,Running,True
1779218966,reviews,v2,Running,True
1779218966,reviews,v2,Running,True
1779218966,reviews,v2,Running,True
1779218966,reviews,v2,Running,True
1779218966,reviews,v2,Running,True
1779218966,reviews,v2,Running,True
1779218966,reviews,v3,Running,True
1779218966,reviews,v3,Running,True
1779218966,reviews,v3,Running,True
1779218966,reviews,v3,Running,True
1779218966,reviews,v3,Running,True
1779218966,reviews,v3,Running,True
1779218966,reviews,v3,Running,True
1779218966,reviews,v3,Running,True
1779218966,reviews,v3,Running,True
1779218966,reviews,v3,Running,True
1779218967,details,v1,Running,True
1779218967,details,v1,Pending,
1779218967,details,v1,Running,True
1779218967,details,v1,Running,True
1779218967,details,v1,Running,True
1779218967,details,v1,Running,True
1779218967,details,v1,Running,True
1779218967,productpage,v1,Running,True
1779218967,productpage,v1,Running,True
1779218967,productpage,v1,Running,True
1779218967,productpage,v1,Running,True
1779218967,productpage,v1,Running,True
1779218967,productpage,v1,Running,True
1779218967,productpage,v1,Running,True
1779218967,productpage,v1,Running,True
1779218967,productpage,v1,Running,True
1779218967,productpage,v1,Running,True
1779218967,productpage,v1,Running,True
1779218967,productpage,v1,Running,True
1779218967,productpage,v1,Running,True
1779218967,productpage,v1,Running,True
1779218967,productpage,v1,Running,True
1779218967,ratings,v1,Running,True
1779218967,reviews,v1,Running,True
1779218967,reviews,v2,Running,True
1779218967,reviews,v2,Running,True
1779218967,reviews,v2,Running,True
1779218967,reviews,v2,Running,True
1779218967,reviews,v2,Running,True
1779218967,reviews,v2,Running,True
1779218967,reviews,v2,Running,True
1779218967,reviews,v3,Running,True
1779218967,reviews,v3,Running,True
1779218967,reviews,v3,Running,True
1779218967,reviews,v3,Running,True
1779218967,reviews,v3,Running,True
1779218967,reviews,v3,Running,True
1779218967,reviews,v3,Running,True
1779218967,reviews,v3,Running,True
1779218967,reviews,v3,Running,True
1779218967,reviews,v3,Running,True
1779218968,details,v1,Running,True
1779218968,details,v1,Pending,
1779218968,details,v1,Running,True
1779218968,details,v1,Running,True
1779218968,details,v1,Running,True
1779218968,details,v1,Running,True
1779218968,details,v1,Running,True
1779218968,productpage,v1,Running,True
1779218968,productpage,v1,Running,True
1779218968,productpage,v1,Running,True
1779218968,productpage,v1,Running,True
1779218968,productpage,v1,Running,True
1779218968,productpage,v1,Running,True
1779218968,productpage,v1,Running,True
1779218968,productpage,v1,Running,True
1779218968,productpage,v1,Running,True
1779218968,productpage,v1,Running,True
1779218968,productpage,v1,Running,True
1779218968,productpage,v1,Running,True
1779218968,productpage,v1,Running,True
1779218968,productpage,v1,Running,True
1779218968,productpage,v1,Running,True
1779218968,ratings,v1,Running,True
1779218968,reviews,v1,Running,True
1779218968,reviews,v2,Running,True
1779218968,reviews,v2,Running,True
1779218968,reviews,v2,Running,True
1779218968,reviews,v2,Running,True
1779218968,reviews,v2,Running,True
1779218968,reviews,v2,Running,True
1779218968,reviews,v2,Running,True
1779218968,reviews,v3,Running,True
1779218968,reviews,v3,Running,True
1779218968,reviews,v3,Running,True
1779218968,reviews,v3,Running,True
1779218968,reviews,v3,Running,True
1779218968,reviews,v3,Running,True
1779218968,reviews,v3,Running,True
1779218968,reviews,v3,Running,True
1779218968,reviews,v3,Running,True
1779218968,reviews,v3,Running,True
1779218969,details,v1,Running,True
1779218969,details,v1,Pending,
1779218969,details,v1,Running,True
1779218969,details,v1,Running,True
1779218969,details,v1,Running,True
1779218969,details,v1,Running,True
1779218969,details,v1,Running,True
1779218969,productpage,v1,Running,True
1779218969,productpage,v1,Running,True
1779218969,productpage,v1,Running,True
1779218969,productpage,v1,Running,True
1779218969,productpage,v1,Running,True
1779218969,productpage,v1,Running,True
1779218969,productpage,v1,Running,True
1779218969,productpage,v1,Running,True
1779218969,productpage,v1,Running,True
1779218969,productpage,v1,Running,True
1779218969,productpage,v1,Running,True
1779218969,productpage,v1,Running,True
1779218969,productpage,v1,Running,True
1779218969,productpage,v1,Running,True
1779218969,productpage,v1,Running,True
1779218969,ratings,v1,Running,True
1779218969,reviews,v1,Running,True
1779218969,reviews,v2,Running,True
1779218969,reviews,v2,Running,True
1779218969,reviews,v2,Running,True
1779218969,reviews,v2,Running,True
1779218969,reviews,v2,Running,True
1779218969,reviews,v2,Running,True
1779218969,reviews,v2,Running,True
1779218969,reviews,v3,Running,True
1779218969,reviews,v3,Running,True
1779218969,reviews,v3,Running,True
1779218969,reviews,v3,Running,True
1779218969,reviews,v3,Running,True
1779218969,reviews,v3,Running,True
1779218969,reviews,v3,Running,True
1779218969,reviews,v3,Running,True
1779218969,reviews,v3,Running,True
1779218969,reviews,v3,Running,True
1779218970,details,v1,Running,True
1779218970,details,v1,Pending,
1779218970,details,v1,Running,True
1779218970,details,v1,Running,True
1779218970,details,v1,Running,True
1779218970,details,v1,Running,True
1779218970,details,v1,Running,True
1779218970,productpage,v1,Running,True
1779218970,productpage,v1,Running,True
1779218970,productpage,v1,Running,True
1779218970,productpage,v1,Running,True
1779218970,productpage,v1,Running,True
1779218970,productpage,v1,Running,True
1779218970,productpage,v1,Running,True
1779218970,productpage,v1,Running,True
1779218970,productpage,v1,Running,True
1779218970,productpage,v1,Running,True
1779218970,productpage,v1,Running,True
1779218970,productpage,v1,Running,True
1779218970,productpage,v1,Running,True
1779218970,productpage,v1,Running,True
1779218970,productpage,v1,Running,True
1779218970,ratings,v1,Running,True
1779218970,reviews,v1,Running,True
1779218970,reviews,v2,Running,True
1779218970,reviews,v2,Running,True
1779218970,reviews,v2,Running,True
1779218970,reviews,v2,Running,True
1779218970,reviews,v2,Running,True
1779218970,reviews,v2,Running,True
1779218970,reviews,v2,Running,True
1779218970,reviews,v3,Running,True
1779218970,reviews,v3,Running,True
1779218970,reviews,v3,Running,True
1779218970,reviews,v3,Running,True
1779218970,reviews,v3,Running,True
1779218970,reviews,v3,Running,True
1779218970,reviews,v3,Running,True
1779218970,reviews,v3,Running,True
1779218970,reviews,v3,Running,True
1779218970,reviews,v3,Running,True
1779218971,details,v1,Running,True
1779218971,details,v1,Pending,
1779218971,details,v1,Running,True
1779218971,details,v1,Running,True
1779218971,details,v1,Running,True
1779218971,details,v1,Running,True
1779218971,details,v1,Running,True
1779218971,productpage,v1,Running,True
1779218971,productpage,v1,Running,True
1779218971,productpage,v1,Running,True
1779218971,productpage,v1,Running,True
1779218971,productpage,v1,Running,True
1779218971,productpage,v1,Running,True
1779218971,productpage,v1,Running,True
1779218971,productpage,v1,Running,True
1779218971,productpage,v1,Running,True
1779218971,productpage,v1,Running,True
1779218971,productpage,v1,Running,True
1779218971,productpage,v1,Running,True
1779218971,productpage,v1,Running,True
1779218971,productpage,v1,Running,True
1779218971,productpage,v1,Running,True
1779218971,ratings,v1,Running,True
1779218971,reviews,v1,Running,True
1779218971,reviews,v2,Running,True
1779218971,reviews,v2,Running,True
1779218971,reviews,v2,Running,True
1779218971,reviews,v2,Running,True
1779218971,reviews,v2,Running,True
1779218971,reviews,v2,Running,True
1779218971,reviews,v2,Running,True
1779218971,reviews,v3,Running,True
1779218971,reviews,v3,Running,True
1779218971,reviews,v3,Running,True
1779218971,reviews,v3,Running,True
1779218971,reviews,v3,Running,True
1779218971,reviews,v3,Running,True
1779218971,reviews,v3,Running,True
1779218971,reviews,v3,Running,True
1779218971,reviews,v3,Running,True
1779218971,reviews,v3,Running,True
1779218972,details,v1,Running,True
1779218972,details,v1,Pending,
1779218972,details,v1,Running,True
1779218972,details,v1,Running,True
1779218972,details,v1,Running,True
1779218972,details,v1,Running,True
1779218972,details,v1,Running,True
1779218972,productpage,v1,Running,True
1779218972,productpage,v1,Running,True
1779218972,productpage,v1,Running,True
1779218972,productpage,v1,Running,True
1779218972,productpage,v1,Running,True
1779218972,productpage,v1,Running,True
1779218972,productpage,v1,Running,True
1779218972,productpage,v1,Running,True
1779218972,productpage,v1,Running,True
1779218972,productpage,v1,Running,True
1779218972,productpage,v1,Running,True
1779218972,productpage,v1,Running,True
1779218972,productpage,v1,Running,True
1779218972,productpage,v1,Running,True
1779218972,productpage,v1,Running,True
1779218972,ratings,v1,Running,True
1779218972,reviews,v1,Running,True
1779218972,reviews,v2,Running,True
1779218972,reviews,v2,Running,True
1779218972,reviews,v2,Running,True
1779218972,reviews,v2,Running,True
1779218972,reviews,v2,Running,True
1779218972,reviews,v2,Running,True
1779218972,reviews,v2,Running,True
1779218972,reviews,v3,Running,True
1779218972,reviews,v3,Running,True
1779218972,reviews,v3,Running,True
1779218972,reviews,v3,Running,True
1779218972,reviews,v3,Running,True
1779218972,reviews,v3,Running,True
1779218972,reviews,v3,Running,True
1779218972,reviews,v3,Running,True
1779218972,reviews,v3,Running,True
1779218972,reviews,v3,Running,True
1779218973,details,v1,Running,True
1779218973,details,v1,Pending,
1779218973,details,v1,Running,True
1779218973,details,v1,Running,True
1779218973,details,v1,Running,True
1779218973,details,v1,Running,True
1779218973,details,v1,Running,True
1779218973,productpage,v1,Running,True
1779218973,productpage,v1,Running,True
1779218973,productpage,v1,Running,True
1779218973,productpage,v1,Running,True
1779218973,productpage,v1,Running,True
1779218973,productpage,v1,Running,True
1779218973,productpage,v1,Running,True
1779218973,productpage,v1,Running,True
1779218973,productpage,v1,Running,True
1779218973,productpage,v1,Running,True
1779218973,productpage,v1,Running,True
1779218973,productpage,v1,Running,True
1779218973,productpage,v1,Running,True
1779218973,productpage,v1,Running,True
1779218973,productpage,v1,Running,True
1779218973,ratings,v1,Running,True
1779218973,reviews,v1,Running,True
1779218973,reviews,v2,Running,True
1779218973,reviews,v2,Running,True
1779218973,reviews,v2,Running,True
1779218973,reviews,v2,Running,True
1779218973,reviews,v2,Running,True
1779218973,reviews,v2,Running,True
1779218973,reviews,v2,Running,True
1779218973,reviews,v3,Running,True
1779218973,reviews,v3,Running,True
1779218973,reviews,v3,Running,True
1779218973,reviews,v3,Running,True
1779218973,reviews,v3,Running,True
1779218973,reviews,v3,Running,True
1779218973,reviews,v3,Running,True
1779218973,reviews,v3,Running,True
1779218973,reviews,v3,Running,True
1779218973,reviews,v3,Running,True
1779218974,details,v1,Running,True
1779218974,details,v1,Pending,
1779218974,details,v1,Running,True
1779218974,details,v1,Running,True
1779218974,details,v1,Running,True
1779218974,details,v1,Running,True
1779218974,details,v1,Running,True
1779218974,productpage,v1,Running,True
1779218974,productpage,v1,Running,True
1779218974,productpage,v1,Running,True
1779218974,productpage,v1,Running,True
1779218974,productpage,v1,Running,True
1779218974,productpage,v1,Running,True
1779218974,productpage,v1,Running,True
1779218974,productpage,v1,Running,True
1779218974,productpage,v1,Running,True
1779218974,productpage,v1,Running,True
1779218974,productpage,v1,Running,True
1779218974,productpage,v1,Running,True
1779218974,productpage,v1,Running,True
1779218974,productpage,v1,Running,True
1779218974,productpage,v1,Running,True
1779218974,ratings,v1,Running,True
1779218974,reviews,v1,Running,True
1779218974,reviews,v2,Running,True
1779218974,reviews,v2,Running,True
1779218974,reviews,v2,Running,True
1779218974,reviews,v2,Running,True
1779218974,reviews,v2,Running,True
1779218974,reviews,v2,Running,True
1779218974,reviews,v2,Running,True
1779218974,reviews,v3,Running,True
1779218974,reviews,v3,Running,True
1779218974,reviews,v3,Running,True
1779218974,reviews,v3,Running,True
1779218974,reviews,v3,Running,True
1779218974,reviews,v3,Running,True
1779218974,reviews,v3,Running,True
1779218974,reviews,v3,Running,True
1779218974,reviews,v3,Running,True
1779218974,reviews,v3,Running,True
1779218975,details,v1,Running,True
1779218975,details,v1,Pending,
1779218975,details,v1,Running,True
1779218975,details,v1,Running,True
1779218975,details,v1,Running,True
1779218975,details,v1,Running,True
1779218975,details,v1,Running,True
1779218975,productpage,v1,Running,True
1779218975,productpage,v1,Running,True
1779218975,productpage,v1,Running,True
1779218975,productpage,v1,Running,True
1779218975,productpage,v1,Running,True
1779218975,productpage,v1,Running,True
1779218975,productpage,v1,Running,True
1779218975,productpage,v1,Running,True
1779218975,productpage,v1,Running,True
1779218975,productpage,v1,Running,True
1779218975,productpage,v1,Running,True
1779218975,productpage,v1,Running,True
1779218975,productpage,v1,Running,True
1779218975,productpage,v1,Running,True
1779218975,productpage,v1,Running,True
1779218975,ratings,v1,Running,True
1779218975,reviews,v1,Running,True
1779218975,reviews,v2,Running,True
1779218975,reviews,v2,Running,True
1779218975,reviews,v2,Running,True
1779218975,reviews,v2,Running,True
1779218975,reviews,v2,Running,True
1779218975,reviews,v2,Running,True
1779218975,reviews,v2,Running,True
1779218975,reviews,v3,Running,True
1779218975,reviews,v3,Running,True
1779218975,reviews,v3,Running,True
1779218975,reviews,v3,Running,True
1779218975,reviews,v3,Running,True
1779218975,reviews,v3,Running,True
1779218975,reviews,v3,Running,True
1779218975,reviews,v3,Running,True
1779218975,reviews,v3,Running,True
1779218975,reviews,v3,Running,True
1779218976,details,v1,Running,True
1779218976,details,v1,Pending,
1779218976,details,v1,Running,True
1779218976,details,v1,Running,True
1779218976,details,v1,Running,True
1779218976,details,v1,Running,True
1779218976,details,v1,Running,True
1779218976,productpage,v1,Running,True
1779218976,productpage,v1,Running,True
1779218976,productpage,v1,Running,True
1779218976,productpage,v1,Running,True
1779218976,productpage,v1,Running,True
1779218976,productpage,v1,Running,True
1779218976,productpage,v1,Running,True
1779218976,productpage,v1,Running,True
1779218976,productpage,v1,Running,True
1779218976,productpage,v1,Running,True
1779218976,productpage,v1,Running,True
1779218976,productpage,v1,Running,True
1779218976,productpage,v1,Running,True
1779218976,productpage,v1,Running,True
1779218976,productpage,v1,Running,True
1779218976,ratings,v1,Running,True
1779218976,reviews,v1,Running,True
1779218976,reviews,v2,Running,True
1779218976,reviews,v2,Running,True
1779218976,reviews,v2,Running,True
1779218976,reviews,v2,Running,True
1779218976,reviews,v2,Running,True
1779218976,reviews,v2,Running,True
1779218976,reviews,v2,Running,True
1779218976,reviews,v3,Running,True
1779218976,reviews,v3,Running,True
1779218976,reviews,v3,Running,True
1779218976,reviews,v3,Running,True
1779218976,reviews,v3,Running,True
1779218976,reviews,v3,Running,True
1779218976,reviews,v3,Running,True
1779218976,reviews,v3,Running,True
1779218976,reviews,v3,Running,True
1779218976,reviews,v3,Running,True
1779218977,details,v1,Running,True
1779218977,details,v1,Pending,
1779218977,details,v1,Running,True
1779218977,details,v1,Running,True
1779218977,details,v1,Running,True
1779218977,details,v1,Running,True
1779218977,details,v1,Running,True
1779218977,productpage,v1,Running,True
1779218977,productpage,v1,Running,True
1779218977,productpage,v1,Running,True
1779218977,productpage,v1,Running,True
1779218977,productpage,v1,Running,True
1779218977,productpage,v1,Running,True
1779218977,productpage,v1,Running,True
1779218977,productpage,v1,Running,True
1779218977,productpage,v1,Running,True
1779218977,productpage,v1,Running,True
1779218977,productpage,v1,Running,True
1779218977,productpage,v1,Running,True
1779218977,productpage,v1,Running,True
1779218977,productpage,v1,Running,True
1779218977,productpage,v1,Running,True
1779218977,ratings,v1,Running,True
1779218977,reviews,v1,Running,True
1779218977,reviews,v2,Running,True
1779218977,reviews,v2,Running,True
1779218977,reviews,v2,Running,True
1779218977,reviews,v2,Running,True
1779218977,reviews,v2,Running,True
1779218977,reviews,v2,Running,True
1779218977,reviews,v2,Running,True
1779218977,reviews,v3,Running,True
1779218977,reviews,v3,Running,True
1779218977,reviews,v3,Running,True
1779218977,reviews,v3,Running,True
1779218977,reviews,v3,Running,True
1779218977,reviews,v3,Running,True
1779218977,reviews,v3,Running,True
1779218977,reviews,v3,Running,True
1779218977,reviews,v3,Running,True
1779218977,reviews,v3,Running,True
1779218978,details,v1,Running,True
1779218978,details,v1,Pending,
1779218978,details,v1,Running,True
1779218978,details,v1,Running,True
1779218978,details,v1,Running,True
1779218978,details,v1,Running,True
1779218978,details,v1,Running,True
1779218978,productpage,v1,Running,True
1779218978,productpage,v1,Running,True
1779218978,productpage,v1,Running,True
1779218978,productpage,v1,Running,True
1779218978,productpage,v1,Running,True
1779218978,productpage,v1,Running,True
1779218978,productpage,v1,Running,True
1779218978,productpage,v1,Running,True
1779218978,productpage,v1,Running,True
1779218978,productpage,v1,Running,True
1779218978,productpage,v1,Running,True
1779218978,productpage,v1,Running,True
1779218978,productpage,v1,Running,True
1779218978,productpage,v1,Running,True
1779218978,productpage,v1,Running,True
1779218978,ratings,v1,Running,True
1779218978,reviews,v1,Running,True
1779218978,reviews,v2,Running,True
1779218978,reviews,v2,Running,True
1779218978,reviews,v2,Running,True
1779218978,reviews,v2,Running,True
1779218978,reviews,v2,Running,True
1779218978,reviews,v2,Running,True
1779218978,reviews,v2,Running,True
1779218978,reviews,v3,Running,True
1779218978,reviews,v3,Running,True
1779218978,reviews,v3,Running,True
1779218978,reviews,v3,Running,True
1779218978,reviews,v3,Running,True
1779218978,reviews,v3,Running,True
1779218978,reviews,v3,Running,True
1779218978,reviews,v3,Running,True
1779218978,reviews,v3,Running,True
1779218978,reviews,v3,Running,True
1779218979,details,v1,Running,True
1779218979,details,v1,Pending,
1779218979,details,v1,Running,True
1779218979,details,v1,Running,True
1779218979,details,v1,Running,True
1779218979,details,v1,Running,True
1779218979,details,v1,Running,True
1779218979,productpage,v1,Running,True
1779218979,productpage,v1,Running,True
1779218979,productpage,v1,Running,True
1779218979,productpage,v1,Running,True
1779218979,productpage,v1,Running,True
1779218979,productpage,v1,Running,True
1779218979,productpage,v1,Running,True
1779218979,productpage,v1,Running,True
1779218979,productpage,v1,Running,True
1779218979,productpage,v1,Running,True
1779218979,productpage,v1,Running,True
1779218979,productpage,v1,Running,True
1779218979,productpage,v1,Running,True
1779218979,productpage,v1,Running,True
1779218979,productpage,v1,Running,True
1779218979,ratings,v1,Running,True
1779218979,reviews,v1,Running,True
1779218979,reviews,v2,Running,True
1779218979,reviews,v2,Running,True
1779218979,reviews,v2,Running,True
1779218979,reviews,v2,Running,True
1779218979,reviews,v2,Running,True
1779218979,reviews,v2,Running,True
1779218979,reviews,v2,Running,True
1779218979,reviews,v3,Running,True
1779218979,reviews,v3,Running,True
1779218979,reviews,v3,Running,True
1779218979,reviews,v3,Running,True
1779218979,reviews,v3,Running,True
1779218979,reviews,v3,Running,True
1779218979,reviews,v3,Running,True
1779218979,reviews,v3,Running,True
1779218979,reviews,v3,Running,True
1779218979,reviews,v3,Running,True
1779218980,details,v1,Running,True
1779218980,details,v1,Pending,
1779218980,details,v1,Running,True
1779218980,details,v1,Running,True
1779218980,details,v1,Running,True
1779218980,details,v1,Running,True
1779218980,details,v1,Running,True
1779218980,productpage,v1,Running,True
1779218980,productpage,v1,Running,True
1779218980,productpage,v1,Running,True
1779218980,productpage,v1,Running,True
1779218980,productpage,v1,Running,True
1779218980,productpage,v1,Running,True
1779218980,productpage,v1,Running,True
1779218980,productpage,v1,Running,True
1779218980,productpage,v1,Running,True
1779218980,productpage,v1,Running,True
1779218980,productpage,v1,Running,True
1779218980,productpage,v1,Running,True
1779218980,productpage,v1,Running,True
1779218980,productpage,v1,Running,True
1779218980,productpage,v1,Running,True
1779218980,ratings,v1,Running,True
1779218980,reviews,v1,Running,True
1779218980,reviews,v2,Running,True
1779218980,reviews,v2,Running,True
1779218980,reviews,v2,Running,True
1779218980,reviews,v2,Running,True
1779218980,reviews,v2,Running,True
1779218980,reviews,v2,Running,True
1779218980,reviews,v2,Running,True
1779218980,reviews,v3,Running,True
1779218980,reviews,v3,Running,True
1779218980,reviews,v3,Running,True
1779218980,reviews,v3,Running,True
1779218980,reviews,v3,Running,True
1779218980,reviews,v3,Running,True
1779218980,reviews,v3,Running,True
1779218980,reviews,v3,Running,True
1779218980,reviews,v3,Running,True
1779218980,reviews,v3,Running,True
1779218981,details,v1,Running,True
1779218981,details,v1,Pending,
1779218981,details,v1,Running,True
1779218981,details,v1,Running,True
1779218981,details,v1,Running,True
1779218981,details,v1,Running,True
1779218981,details,v1,Running,True
1779218981,productpage,v1,Running,True
1779218981,productpage,v1,Running,True
1779218981,productpage,v1,Running,True
1779218981,productpage,v1,Running,True
1779218981,productpage,v1,Running,True
1779218981,productpage,v1,Running,True
1779218981,productpage,v1,Running,True
1779218981,productpage,v1,Running,True
1779218981,productpage,v1,Running,True
1779218981,productpage,v1,Running,True
1779218981,productpage,v1,Running,True
1779218981,productpage,v1,Running,True
1779218981,productpage,v1,Running,True
1779218981,productpage,v1,Running,True
1779218981,productpage,v1,Running,True
1779218981,ratings,v1,Running,True
1779218981,reviews,v1,Running,True
1779218981,reviews,v2,Running,True
1779218981,reviews,v2,Running,True
1779218981,reviews,v2,Running,True
1779218981,reviews,v2,Running,True
1779218981,reviews,v2,Running,True
1779218981,reviews,v2,Running,True
1779218981,reviews,v2,Running,True
1779218981,reviews,v3,Running,True
1779218981,reviews,v3,Running,True
1779218981,reviews,v3,Running,True
1779218981,reviews,v3,Running,True
1779218981,reviews,v3,Running,True
1779218981,reviews,v3,Running,True
1779218981,reviews,v3,Running,True
1779218981,reviews,v3,Running,True
1779218981,reviews,v3,Running,True
1779218981,reviews,v3,Running,True
1779218982,details,v1,Running,True
1779218982,details,v1,Pending,
1779218982,details,v1,Running,True
1779218982,details,v1,Running,True
1779218982,details,v1,Running,True
1779218982,details,v1,Running,True
1779218982,details,v1,Running,True
1779218982,productpage,v1,Running,True
1779218982,productpage,v1,Running,True
1779218982,productpage,v1,Running,True
1779218982,productpage,v1,Running,True
1779218982,productpage,v1,Running,True
1779218982,productpage,v1,Running,True
1779218982,productpage,v1,Running,True
1779218982,productpage,v1,Running,True
1779218982,productpage,v1,Running,True
1779218982,productpage,v1,Running,True
1779218982,productpage,v1,Running,True
1779218982,productpage,v1,Running,True
1779218982,productpage,v1,Running,True
1779218982,productpage,v1,Running,True
1779218982,productpage,v1,Running,True
1779218982,ratings,v1,Running,True
1779218982,reviews,v1,Running,True
1779218982,reviews,v2,Running,True
1779218982,reviews,v2,Running,True
1779218982,reviews,v2,Running,True
1779218982,reviews,v2,Running,True
1779218982,reviews,v2,Running,True
1779218982,reviews,v2,Running,True
1779218982,reviews,v2,Running,True
1779218982,reviews,v3,Running,True
1779218982,reviews,v3,Running,True
1779218982,reviews,v3,Running,True
1779218982,reviews,v3,Running,True
1779218982,reviews,v3,Running,True
1779218982,reviews,v3,Running,True
1779218982,reviews,v3,Running,True
1779218982,reviews,v3,Running,True
1779218982,reviews,v3,Running,True
1779218982,reviews,v3,Running,True
1779218983,details,v1,Running,True
1779218983,details,v1,Pending,
1779218983,details,v1,Running,True
1779218983,details,v1,Running,True
1779218983,details,v1,Running,True
1779218983,details,v1,Running,True
1779218983,details,v1,Running,True
1779218983,productpage,v1,Running,True
1779218983,productpage,v1,Running,True
1779218983,productpage,v1,Running,True
1779218983,productpage,v1,Running,True
1779218983,productpage,v1,Running,True
1779218983,productpage,v1,Running,True
1779218983,productpage,v1,Running,True
1779218983,productpage,v1,Running,True
1779218983,productpage,v1,Running,True
1779218983,productpage,v1,Running,True
1779218983,productpage,v1,Running,True
1779218983,productpage,v1,Running,True
1779218983,productpage,v1,Running,True
1779218983,productpage,v1,Running,True
1779218983,productpage,v1,Running,True
1779218983,ratings,v1,Running,True
1779218983,reviews,v1,Running,True
1779218983,reviews,v2,Running,True
1779218983,reviews,v2,Running,True
1779218983,reviews,v2,Running,True
1779218983,reviews,v2,Running,True
1779218983,reviews,v2,Running,True
1779218983,reviews,v2,Running,True
1779218983,reviews,v2,Running,True
1779218983,reviews,v3,Running,True
1779218983,reviews,v3,Running,True
1779218983,reviews,v3,Running,True
1779218983,reviews,v3,Running,True
1779218983,reviews,v3,Running,True
1779218983,reviews,v3,Running,True
1779218983,reviews,v3,Running,True
1779218983,reviews,v3,Running,True
1779218983,reviews,v3,Running,True
1779218983,reviews,v3,Running,True
1779218984,details,v1,Running,True
1779218984,details,v1,Pending,
1779218984,details,v1,Running,True
1779218984,details,v1,Running,True
1779218984,details,v1,Running,True
1779218984,details,v1,Running,True
1779218984,details,v1,Running,True
1779218984,productpage,v1,Running,True
1779218984,productpage,v1,Running,True
1779218984,productpage,v1,Running,True
1779218984,productpage,v1,Running,True
1779218984,productpage,v1,Running,True
1779218984,productpage,v1,Running,True
1779218984,productpage,v1,Running,True
1779218984,productpage,v1,Running,True
1779218984,productpage,v1,Running,True
1779218984,productpage,v1,Running,True
1779218984,productpage,v1,Running,True
1779218984,productpage,v1,Running,True
1779218984,productpage,v1,Running,True
1779218984,productpage,v1,Running,True
1779218984,productpage,v1,Running,True
1779218984,ratings,v1,Running,True
1779218984,reviews,v1,Running,True
1779218984,reviews,v2,Running,True
1779218984,reviews,v2,Running,True
1779218984,reviews,v2,Running,True
1779218984,reviews,v2,Running,True
1779218984,reviews,v2,Running,True
1779218984,reviews,v2,Running,True
1779218984,reviews,v2,Running,True
1779218984,reviews,v3,Running,True
1779218984,reviews,v3,Running,True
1779218984,reviews,v3,Running,True
1779218984,reviews,v3,Running,True
1779218984,reviews,v3,Running,True
1779218984,reviews,v3,Running,True
1779218984,reviews,v3,Running,True
1779218984,reviews,v3,Running,True
1779218984,reviews,v3,Running,True
1779218984,reviews,v3,Running,True
1779218985,details,v1,Running,True
1779218985,details,v1,Pending,
1779218985,details,v1,Running,True
1779218985,details,v1,Running,True
1779218985,details,v1,Running,True
1779218985,details,v1,Running,True
1779218985,details,v1,Running,True
1779218985,productpage,v1,Running,True
1779218985,productpage,v1,Running,True
1779218985,productpage,v1,Running,True
1779218985,productpage,v1,Running,True
1779218985,productpage,v1,Running,True
1779218985,productpage,v1,Running,True
1779218985,productpage,v1,Running,True
1779218985,productpage,v1,Running,True
1779218985,productpage,v1,Running,True
1779218985,productpage,v1,Running,True
1779218985,productpage,v1,Running,True
1779218985,productpage,v1,Running,True
1779218985,productpage,v1,Running,True
1779218985,productpage,v1,Running,True
1779218985,productpage,v1,Running,True
1779218985,ratings,v1,Running,True
1779218985,reviews,v1,Running,True
1779218985,reviews,v2,Running,True
1779218985,reviews,v2,Running,True
1779218985,reviews,v2,Running,True
1779218985,reviews,v2,Running,True
1779218985,reviews,v2,Running,True
1779218985,reviews,v2,Running,True
1779218985,reviews,v2,Running,True
1779218985,reviews,v3,Running,True
1779218985,reviews,v3,Running,True
1779218985,reviews,v3,Running,True
1779218985,reviews,v3,Running,True
1779218985,reviews,v3,Running,True
1779218985,reviews,v3,Running,True
1779218985,reviews,v3,Running,True
1779218985,reviews,v3,Running,True
1779218985,reviews,v3,Running,True
1779218985,reviews,v3,Running,True
1779218986,details,v1,Running,True
1779218986,details,v1,Pending,
1779218986,details,v1,Running,True
1779218986,details,v1,Running,True
1779218986,details,v1,Running,True
1779218986,details,v1,Running,True
1779218986,details,v1,Running,True
1779218986,productpage,v1,Running,True
1779218986,productpage,v1,Running,True
1779218986,productpage,v1,Running,True
1779218986,productpage,v1,Running,True
1779218986,productpage,v1,Running,True
1779218986,productpage,v1,Running,True
1779218986,productpage,v1,Running,True
1779218986,productpage,v1,Running,True
1779218986,productpage,v1,Running,True
1779218986,productpage,v1,Running,True
1779218986,productpage,v1,Running,True
1779218986,productpage,v1,Running,True
1779218986,productpage,v1,Running,True
1779218986,productpage,v1,Running,True
1779218986,productpage,v1,Running,True
1779218986,ratings,v1,Running,True
1779218986,reviews,v1,Running,True
1779218986,reviews,v2,Running,True
1779218986,reviews,v2,Running,True
1779218986,reviews,v2,Running,True
1779218986,reviews,v2,Running,True
1779218986,reviews,v2,Running,True
1779218986,reviews,v2,Running,True
1779218986,reviews,v2,Running,True
1779218986,reviews,v3,Running,True
1779218986,reviews,v3,Running,True
1779218986,reviews,v3,Running,True
1779218986,reviews,v3,Running,True
1779218986,reviews,v3,Running,True
1779218986,reviews,v3,Running,True
1779218986,reviews,v3,Running,True
1779218986,reviews,v3,Running,True
1779218986,reviews,v3,Running,True
1779218986,reviews,v3,Running,True
1779218987,details,v1,Running,True
1779218987,details,v1,Pending,
1779218987,details,v1,Running,True
1779218987,details,v1,Running,True
1779218987,details,v1,Running,True
1779218987,details,v1,Running,True
1779218987,details,v1,Running,True
1779218987,productpage,v1,Running,True
1779218987,productpage,v1,Running,True
1779218987,productpage,v1,Running,True
1779218987,productpage,v1,Running,True
1779218987,productpage,v1,Running,True
1779218987,productpage,v1,Running,True
1779218987,productpage,v1,Running,True
1779218987,productpage,v1,Running,True
1779218987,productpage,v1,Running,True
1779218987,productpage,v1,Running,True
1779218987,productpage,v1,Running,True
1779218987,productpage,v1,Running,True
1779218987,productpage,v1,Running,True
1779218987,productpage,v1,Running,True
1779218987,productpage,v1,Running,True
1779218987,ratings,v1,Running,True
1779218987,reviews,v1,Running,True
1779218987,reviews,v2,Running,True
1779218987,reviews,v2,Running,True
1779218987,reviews,v2,Running,True
1779218987,reviews,v2,Running,True
1779218987,reviews,v2,Running,True
1779218987,reviews,v2,Running,True
1779218987,reviews,v2,Running,True
1779218987,reviews,v3,Running,True
1779218987,reviews,v3,Running,True
1779218987,reviews,v3,Running,True
1779218987,reviews,v3,Running,True
1779218987,reviews,v3,Running,True
1779218987,reviews,v3,Running,True
1779218987,reviews,v3,Running,True
1779218987,reviews,v3,Running,True
1779218987,reviews,v3,Running,True
1779218987,reviews,v3,Running,True
1779218988,details,v1,Running,True
1779218988,details,v1,Pending,
1779218988,details,v1,Running,True
1779218988,details,v1,Running,True
1779218988,details,v1,Running,True
1779218988,details,v1,Running,True
1779218988,details,v1,Running,True
1779218988,productpage,v1,Running,True
1779218988,productpage,v1,Running,True
1779218988,productpage,v1,Running,True
1779218988,productpage,v1,Running,True
1779218988,productpage,v1,Running,True
1779218988,productpage,v1,Running,True
1779218988,productpage,v1,Running,True
1779218988,productpage,v1,Running,True
1779218988,productpage,v1,Running,True
1779218988,productpage,v1,Running,True
1779218988,productpage,v1,Running,True
1779218988,productpage,v1,Running,True
1779218988,productpage,v1,Running,True
1779218988,productpage,v1,Running,True
1779218988,productpage,v1,Running,True
1779218988,ratings,v1,Running,True
1779218988,reviews,v1,Running,True
1779218988,reviews,v2,Running,True
1779218988,reviews,v2,Running,True
1779218988,reviews,v2,Running,True
1779218988,reviews,v2,Running,True
1779218988,reviews,v2,Running,True
1779218988,reviews,v2,Running,True
1779218988,reviews,v2,Running,True
1779218988,reviews,v3,Running,True
1779218988,reviews,v3,Running,True
1779218988,reviews,v3,Running,True
1779218988,reviews,v3,Running,True
1779218988,reviews,v3,Running,True
1779218988,reviews,v3,Running,True
1779218988,reviews,v3,Running,True
1779218988,reviews,v3,Running,True
1779218988,reviews,v3,Running,True
1779218988,reviews,v3,Running,True
1779218989,details,v1,Running,True
1779218989,details,v1,Pending,
1779218989,details,v1,Running,True
1779218989,details,v1,Running,True
1779218989,details,v1,Running,True
1779218989,details,v1,Running,True
1779218989,details,v1,Running,True
1779218989,productpage,v1,Running,True
1779218989,productpage,v1,Running,True
1779218989,productpage,v1,Running,True
1779218989,productpage,v1,Running,True
1779218989,productpage,v1,Running,True
1779218989,productpage,v1,Running,True
1779218989,productpage,v1,Running,True
1779218989,productpage,v1,Running,True
1779218989,productpage,v1,Running,True
1779218989,productpage,v1,Running,True
1779218989,productpage,v1,Running,True
1779218989,productpage,v1,Running,True
1779218989,productpage,v1,Running,True
1779218989,productpage,v1,Running,True
1779218989,productpage,v1,Running,True
1779218989,ratings,v1,Running,True
1779218989,reviews,v1,Running,True
1779218989,reviews,v2,Running,True
1779218989,reviews,v2,Running,True
1779218989,reviews,v2,Running,True
1779218989,reviews,v2,Running,True
1779218989,reviews,v2,Running,True
1779218989,reviews,v2,Running,True
1779218989,reviews,v2,Running,True
1779218989,reviews,v3,Running,True
1779218989,reviews,v3,Running,True
1779218989,reviews,v3,Running,True
1779218989,reviews,v3,Running,True
1779218989,reviews,v3,Running,True
1779218989,reviews,v3,Running,True
1779218989,reviews,v3,Running,True
1779218989,reviews,v3,Running,True
1779218989,reviews,v3,Running,True
1779218989,reviews,v3,Running,True
1779218990,details,v1,Running,True
1779218990,details,v1,Pending,
1779218990,details,v1,Running,True
1779218990,details,v1,Running,True
1779218990,details,v1,Running,True
1779218990,details,v1,Running,True
1779218990,details,v1,Running,True
1779218990,productpage,v1,Running,True
1779218990,productpage,v1,Running,True
1779218990,productpage,v1,Running,True
1779218990,productpage,v1,Running,True
1779218990,productpage,v1,Running,True
1779218990,productpage,v1,Running,True
1779218990,productpage,v1,Running,True
1779218990,productpage,v1,Running,True
1779218990,productpage,v1,Running,True
1779218990,productpage,v1,Running,True
1779218990,productpage,v1,Running,True
1779218990,productpage,v1,Running,True
1779218990,productpage,v1,Running,True
1779218990,productpage,v1,Running,True
1779218990,productpage,v1,Running,True
1779218990,ratings,v1,Running,True
1779218990,reviews,v1,Running,True
1779218990,reviews,v2,Running,True
1779218990,reviews,v2,Running,True
1779218990,reviews,v2,Running,True
1779218990,reviews,v2,Running,True
1779218990,reviews,v2,Running,True
1779218990,reviews,v2,Running,True
1779218990,reviews,v2,Running,True
1779218990,reviews,v3,Running,True
1779218990,reviews,v3,Running,True
1779218990,reviews,v3,Running,True
1779218990,reviews,v3,Running,True
1779218990,reviews,v3,Running,True
1779218990,reviews,v3,Running,True
1779218990,reviews,v3,Running,True
1779218990,reviews,v3,Running,True
1779218990,reviews,v3,Running,True
1779218990,reviews,v3,Running,True
1779218991,details,v1,Running,True
1779218991,details,v1,Pending,
1779218991,details,v1,Running,True
1779218991,details,v1,Running,True
1779218991,details,v1,Running,True
1779218991,details,v1,Running,True
1779218991,details,v1,Running,True
1779218991,productpage,v1,Running,True
1779218991,productpage,v1,Running,True
1779218991,productpage,v1,Running,True
1779218991,productpage,v1,Running,True
1779218991,productpage,v1,Running,True
1779218991,productpage,v1,Running,True
1779218991,productpage,v1,Running,True
1779218991,productpage,v1,Running,True
1779218991,productpage,v1,Running,True
1779218991,productpage,v1,Running,True
1779218991,productpage,v1,Running,True
1779218991,productpage,v1,Running,True
1779218991,productpage,v1,Running,True
1779218991,productpage,v1,Running,True
1779218991,productpage,v1,Running,True
1779218991,ratings,v1,Running,True
1779218991,reviews,v1,Running,True
1779218991,reviews,v2,Running,True
1779218991,reviews,v2,Running,True
1779218991,reviews,v2,Running,True
1779218991,reviews,v2,Running,True
1779218991,reviews,v2,Running,True
1779218991,reviews,v2,Running,True
1779218991,reviews,v2,Running,True
1779218991,reviews,v3,Running,True
1779218991,reviews,v3,Running,True
1779218991,reviews,v3,Running,True
1779218991,reviews,v3,Running,True
1779218991,reviews,v3,Running,True
1779218991,reviews,v3,Running,True
1779218991,reviews,v3,Running,True
1779218991,reviews,v3,Running,True
1779218991,reviews,v3,Running,True
1779218991,reviews,v3,Running,True
1779218992,details,v1,Running,True
1779218992,details,v1,Pending,
1779218992,details,v1,Running,True
1779218992,details,v1,Running,True
1779218992,details,v1,Running,True
1779218992,details,v1,Running,True
1779218992,details,v1,Running,True
1779218992,productpage,v1,Running,True
1779218992,productpage,v1,Running,True
1779218992,productpage,v1,Running,True
1779218992,productpage,v1,Running,True
1779218992,productpage,v1,Running,True
1779218992,productpage,v1,Running,True
1779218992,productpage,v1,Running,True
1779218992,productpage,v1,Running,True
1779218992,productpage,v1,Running,True
1779218992,productpage,v1,Running,True
1779218992,productpage,v1,Running,True
1779218992,productpage,v1,Running,True
1779218992,productpage,v1,Running,True
1779218992,productpage,v1,Running,True
1779218992,productpage,v1,Running,True
1779218992,ratings,v1,Running,True
1779218992,reviews,v1,Running,True
1779218992,reviews,v2,Running,True
1779218992,reviews,v2,Running,True
1779218992,reviews,v2,Running,True
1779218992,reviews,v2,Running,True
1779218992,reviews,v2,Running,True
1779218992,reviews,v2,Running,True
1779218992,reviews,v2,Running,True
1779218992,reviews,v3,Running,True
1779218992,reviews,v3,Running,True
1779218992,reviews,v3,Running,True
1779218992,reviews,v3,Running,True
1779218992,reviews,v3,Running,True
1779218992,reviews,v3,Running,True
1779218992,reviews,v3,Running,True
1779218992,reviews,v3,Running,True
1779218992,reviews,v3,Running,True
1779218992,reviews,v3,Running,True
1779218993,details,v1,Running,True
1779218993,details,v1,Pending,
1779218993,details,v1,Running,True
1779218993,details,v1,Running,True
1779218993,details,v1,Running,True
1779218993,details,v1,Running,True
1779218993,details,v1,Running,True
1779218993,productpage,v1,Running,True
1779218993,productpage,v1,Running,True
1779218993,productpage,v1,Running,True
1779218993,productpage,v1,Running,True
1779218993,productpage,v1,Running,True
1779218993,productpage,v1,Running,True
1779218993,productpage,v1,Running,True
1779218993,productpage,v1,Running,True
1779218993,productpage,v1,Running,True
1779218993,productpage,v1,Running,True
1779218993,productpage,v1,Running,True
1779218993,productpage,v1,Running,True
1779218993,productpage,v1,Running,True
1779218993,productpage,v1,Running,True
1779218993,productpage,v1,Running,True
1779218993,ratings,v1,Running,True
1779218993,reviews,v1,Running,True
1779218993,reviews,v2,Running,True
1779218993,reviews,v2,Running,True
1779218993,reviews,v2,Running,True
1779218993,reviews,v2,Running,True
1779218993,reviews,v2,Running,True
1779218993,reviews,v2,Running,True
1779218993,reviews,v2,Running,True
1779218993,reviews,v3,Running,True
1779218993,reviews,v3,Running,True
1779218993,reviews,v3,Running,True
1779218993,reviews,v3,Running,True
1779218993,reviews,v3,Running,True
1779218993,reviews,v3,Running,True
1779218993,reviews,v3,Running,True
1779218993,reviews,v3,Running,True
1779218993,reviews,v3,Running,True
1779218993,reviews,v3,Running,True
1779218994,details,v1,Running,True
1779218994,details,v1,Pending,
1779218994,details,v1,Running,True
1779218994,details,v1,Running,True
1779218994,details,v1,Running,True
1779218994,details,v1,Running,True
1779218994,details,v1,Running,True
1779218994,productpage,v1,Running,True
1779218994,productpage,v1,Running,True
1779218994,productpage,v1,Running,True
1779218994,productpage,v1,Running,True
1779218994,productpage,v1,Running,True
1779218994,productpage,v1,Running,True
1779218994,productpage,v1,Running,True
1779218994,productpage,v1,Running,True
1779218994,productpage,v1,Running,True
1779218994,productpage,v1,Running,True
1779218994,productpage,v1,Running,True
1779218994,productpage,v1,Running,True
1779218994,productpage,v1,Running,True
1779218994,productpage,v1,Running,True
1779218994,productpage,v1,Running,True
1779218994,ratings,v1,Running,True
1779218994,reviews,v1,Running,True
1779218994,reviews,v2,Running,True
1779218994,reviews,v2,Running,True
1779218994,reviews,v2,Running,True
1779218994,reviews,v2,Running,True
1779218994,reviews,v2,Running,True
1779218994,reviews,v2,Running,True
1779218994,reviews,v2,Running,True
1779218994,reviews,v3,Running,True
1779218994,reviews,v3,Running,True
1779218994,reviews,v3,Running,True
1779218994,reviews,v3,Running,True
1779218994,reviews,v3,Running,True
1779218994,reviews,v3,Running,True
1779218994,reviews,v3,Running,True
1779218994,reviews,v3,Running,True
1779218994,reviews,v3,Running,True
1779218994,reviews,v3,Running,True
1779218995,details,v1,Running,True
1779218995,details,v1,Pending,
1779218995,details,v1,Running,True
1779218995,details,v1,Running,True
1779218995,details,v1,Running,True
1779218995,details,v1,Running,True
1779218995,details,v1,Running,True
1779218995,productpage,v1,Running,True
1779218995,productpage,v1,Running,True
1779218995,productpage,v1,Running,True
1779218995,productpage,v1,Running,True
1779218995,productpage,v1,Running,True
1779218995,productpage,v1,Running,True
1779218995,productpage,v1,Running,True
1779218995,productpage,v1,Running,True
1779218995,productpage,v1,Running,True
1779218995,productpage,v1,Running,True
1779218995,productpage,v1,Running,True
1779218995,productpage,v1,Running,True
1779218995,productpage,v1,Running,True
1779218995,productpage,v1,Running,True
1779218995,productpage,v1,Running,True
1779218995,ratings,v1,Running,True
1779218995,reviews,v1,Running,True
1779218995,reviews,v2,Running,True
1779218995,reviews,v2,Running,True
1779218995,reviews,v2,Running,True
1779218995,reviews,v2,Running,True
1779218995,reviews,v2,Running,True
1779218995,reviews,v2,Running,True
1779218995,reviews,v2,Running,True
1779218995,reviews,v3,Running,True
1779218995,reviews,v3,Running,True
1779218995,reviews,v3,Running,True
1779218995,reviews,v3,Running,True
1779218995,reviews,v3,Running,True
1779218995,reviews,v3,Running,True
1779218995,reviews,v3,Running,True
1779218995,reviews,v3,Running,True
1779218995,reviews,v3,Running,True
1779218995,reviews,v3,Running,True
1779218996,details,v1,Running,True
1779218996,details,v1,Pending,
1779218996,details,v1,Running,True
1779218996,details,v1,Running,True
1779218996,details,v1,Running,True
1779218996,details,v1,Running,True
1779218996,details,v1,Running,True
1779218996,productpage,v1,Running,True
1779218996,productpage,v1,Running,True
1779218996,productpage,v1,Running,True
1779218996,productpage,v1,Running,True
1779218996,productpage,v1,Running,True
1779218996,productpage,v1,Running,True
1779218996,productpage,v1,Running,True
1779218996,productpage,v1,Running,True
1779218996,productpage,v1,Running,True
1779218996,productpage,v1,Running,True
1779218996,productpage,v1,Running,True
1779218996,productpage,v1,Running,True
1779218996,productpage,v1,Running,True
1779218996,productpage,v1,Running,True
1779218996,productpage,v1,Running,True
1779218996,ratings,v1,Running,True
1779218996,reviews,v1,Running,True
1779218996,reviews,v2,Running,True
1779218996,reviews,v2,Running,True
1779218996,reviews,v2,Running,True
1779218996,reviews,v2,Running,True
1779218996,reviews,v2,Running,True
1779218996,reviews,v2,Running,True
1779218996,reviews,v2,Running,True
1779218996,reviews,v3,Running,True
1779218996,reviews,v3,Running,True
1779218996,reviews,v3,Running,True
1779218996,reviews,v3,Running,True
1779218996,reviews,v3,Running,True
1779218996,reviews,v3,Running,True
1779218996,reviews,v3,Running,True
1779218996,reviews,v3,Running,True
1779218996,reviews,v3,Running,True
1779218996,reviews,v3,Running,True
1779218997,details,v1,Running,True
1779218997,details,v1,Pending,
1779218997,details,v1,Running,True
1779218997,details,v1,Running,True
1779218997,details,v1,Running,True
1779218997,details,v1,Running,True
1779218997,details,v1,Running,True
1779218997,productpage,v1,Running,True
1779218997,productpage,v1,Running,True
1779218997,productpage,v1,Running,True
1779218997,productpage,v1,Running,True
1779218997,productpage,v1,Running,True
1779218997,productpage,v1,Running,True
1779218997,productpage,v1,Running,True
1779218997,productpage,v1,Running,True
1779218997,productpage,v1,Running,True
1779218997,productpage,v1,Running,True
1779218997,productpage,v1,Running,True
1779218997,productpage,v1,Running,True
1779218997,productpage,v1,Running,True
1779218997,productpage,v1,Running,True
1779218997,productpage,v1,Running,True
1779218997,ratings,v1,Running,True
1779218997,reviews,v1,Running,True
1779218997,reviews,v2,Running,True
1779218997,reviews,v2,Running,True
1779218997,reviews,v2,Running,True
1779218997,reviews,v2,Running,True
1779218997,reviews,v2,Running,True
1779218997,reviews,v2,Running,True
1779218997,reviews,v2,Running,True
1779218997,reviews,v3,Running,True
1779218997,reviews,v3,Running,True
1779218997,reviews,v3,Running,True
1779218997,reviews,v3,Running,True
1779218997,reviews,v3,Running,True
1779218997,reviews,v3,Running,True
1779218997,reviews,v3,Running,True
1779218997,reviews,v3,Running,True
1779218997,reviews,v3,Running,True
1779218997,reviews,v3,Running,True
1779218998,details,v1,Running,True
1779218998,details,v1,Pending,
1779218998,details,v1,Running,True
1779218998,details,v1,Running,True
1779218998,details,v1,Running,True
1779218998,details,v1,Running,True
1779218998,details,v1,Running,True
1779218998,productpage,v1,Running,True
1779218998,productpage,v1,Running,True
1779218998,productpage,v1,Running,True
1779218998,productpage,v1,Running,True
1779218998,productpage,v1,Running,True
1779218998,productpage,v1,Running,True
1779218998,productpage,v1,Running,True
1779218998,productpage,v1,Running,True
1779218998,productpage,v1,Running,True
1779218998,productpage,v1,Running,True
1779218998,productpage,v1,Running,True
1779218998,productpage,v1,Running,True
1779218998,productpage,v1,Running,True
1779218998,productpage,v1,Running,True
1779218998,productpage,v1,Running,True
1779218998,ratings,v1,Running,True
1779218998,reviews,v1,Running,True
1779218998,reviews,v2,Running,True
1779218998,reviews,v2,Running,True
1779218998,reviews,v2,Running,True
1779218998,reviews,v2,Running,True
1779218998,reviews,v2,Running,True
1779218998,reviews,v2,Running,True
1779218998,reviews,v2,Running,True
1779218998,reviews,v3,Running,True
1779218998,reviews,v3,Running,True
1779218998,reviews,v3,Running,True
1779218998,reviews,v3,Running,True
1779218998,reviews,v3,Running,True
1779218998,reviews,v3,Running,True
1779218998,reviews,v3,Running,True
1779218998,reviews,v3,Running,True
1779218998,reviews,v3,Running,True
1779218998,reviews,v3,Running,True
1779218999,details,v1,Running,True
1779218999,details,v1,Pending,
1779218999,details,v1,Running,True
1779218999,details,v1,Running,True
1779218999,details,v1,Running,True
1779218999,details,v1,Running,True
1779218999,details,v1,Running,True
1779218999,productpage,v1,Running,True
1779218999,productpage,v1,Running,True
1779218999,productpage,v1,Running,True
1779218999,productpage,v1,Running,True
1779218999,productpage,v1,Running,True
1779218999,productpage,v1,Running,True
1779218999,productpage,v1,Running,True
1779218999,productpage,v1,Running,True
1779218999,productpage,v1,Running,True
1779218999,productpage,v1,Running,True
1779218999,productpage,v1,Running,True
1779218999,productpage,v1,Running,True
1779218999,productpage,v1,Running,True
1779218999,productpage,v1,Running,True
1779218999,productpage,v1,Running,True
1779218999,ratings,v1,Running,True
1779218999,reviews,v1,Running,True
1779218999,reviews,v2,Running,True
1779218999,reviews,v2,Running,True
1779218999,reviews,v2,Running,True
1779218999,reviews,v2,Running,True
1779218999,reviews,v2,Running,True
1779218999,reviews,v2,Running,True
1779218999,reviews,v2,Running,True
1779218999,reviews,v3,Running,True
1779218999,reviews,v3,Running,True
1779218999,reviews,v3,Running,True
1779218999,reviews,v3,Running,True
1779218999,reviews,v3,Running,True
1779218999,reviews,v3,Running,True
1779218999,reviews,v3,Running,True
1779218999,reviews,v3,Running,True
1779218999,reviews,v3,Running,True
1779218999,reviews,v3,Running,True
1779219000,details,v1,Running,True
1779219000,details,v1,Pending,
1779219000,details,v1,Running,True
1779219000,details,v1,Running,True
1779219000,details,v1,Running,True
1779219000,details,v1,Running,True
1779219000,details,v1,Running,True
1779219000,productpage,v1,Running,True
1779219000,productpage,v1,Running,True
1779219000,productpage,v1,Running,True
1779219000,productpage,v1,Running,True
1779219000,productpage,v1,Running,True
1779219000,productpage,v1,Running,True
1779219000,productpage,v1,Running,True
1779219000,productpage,v1,Running,True
1779219000,productpage,v1,Running,True
1779219000,productpage,v1,Running,True
1779219000,productpage,v1,Running,True
1779219000,productpage,v1,Running,True
1779219000,productpage,v1,Running,True
1779219000,productpage,v1,Running,True
1779219000,productpage,v1,Running,True
1779219000,ratings,v1,Running,True
1779219000,reviews,v1,Running,True
1779219000,reviews,v2,Running,True
1779219000,reviews,v2,Running,True
1779219000,reviews,v2,Running,True
1779219000,reviews,v2,Running,True
1779219000,reviews,v2,Running,True
1779219000,reviews,v2,Running,True
1779219000,reviews,v2,Running,True
1779219000,reviews,v3,Running,True
1779219000,reviews,v3,Running,True
1779219000,reviews,v3,Running,True
1779219000,reviews,v3,Running,True
1779219000,reviews,v3,Running,True
1779219000,reviews,v3,Running,True
1779219000,reviews,v3,Running,True
1779219000,reviews,v3,Running,True
1779219000,reviews,v3,Running,True
1779219000,reviews,v3,Running,True
1779219001,details,v1,Running,True
1779219001,details,v1,Pending,
1779219001,details,v1,Running,True
1779219001,details,v1,Running,True
1779219001,details,v1,Running,True
1779219001,details,v1,Running,True
1779219001,details,v1,Running,True
1779219001,productpage,v1,Running,True
1779219001,productpage,v1,Running,True
1779219001,productpage,v1,Running,True
1779219001,productpage,v1,Running,True
1779219001,productpage,v1,Running,True
1779219001,productpage,v1,Running,True
1779219001,productpage,v1,Running,True
1779219001,productpage,v1,Running,True
1779219001,productpage,v1,Running,True
1779219001,productpage,v1,Running,True
1779219001,productpage,v1,Running,True
1779219001,productpage,v1,Running,True
1779219001,productpage,v1,Running,True
1779219001,productpage,v1,Running,True
1779219001,productpage,v1,Running,True
1779219001,ratings,v1,Running,True
1779219001,reviews,v1,Running,True
1779219001,reviews,v2,Running,True
1779219001,reviews,v2,Running,True
1779219001,reviews,v2,Running,True
1779219001,reviews,v2,Running,True
1779219001,reviews,v2,Running,True
1779219001,reviews,v2,Running,True
1779219001,reviews,v2,Running,True
1779219001,reviews,v3,Running,True
1779219001,reviews,v3,Running,True
1779219001,reviews,v3,Running,True
1779219001,reviews,v3,Running,True
1779219001,reviews,v3,Running,True
1779219001,reviews,v3,Running,True
1779219001,reviews,v3,Running,True
1779219001,reviews,v3,Running,True
1779219001,reviews,v3,Running,True
1779219001,reviews,v3,Running,True
1779219002,details,v1,Running,True
1779219002,details,v1,Pending,
1779219002,details,v1,Running,True
1779219002,details,v1,Running,True
1779219002,details,v1,Running,True
1779219002,details,v1,Running,True
1779219002,details,v1,Running,True
1779219002,productpage,v1,Running,True
1779219002,productpage,v1,Running,True
1779219002,productpage,v1,Running,True
1779219002,productpage,v1,Running,True
1779219002,productpage,v1,Running,True
1779219002,productpage,v1,Running,True
1779219002,productpage,v1,Running,True
1779219002,productpage,v1,Running,True
1779219002,productpage,v1,Running,True
1779219002,productpage,v1,Running,True
1779219002,productpage,v1,Running,True
1779219002,productpage,v1,Running,True
1779219002,productpage,v1,Running,True
1779219002,productpage,v1,Running,True
1779219002,productpage,v1,Running,True
1779219002,ratings,v1,Running,True
1779219002,reviews,v1,Running,True
1779219002,reviews,v2,Running,True
1779219002,reviews,v2,Running,True
1779219002,reviews,v2,Running,True
1779219002,reviews,v2,Running,True
1779219002,reviews,v2,Running,True
1779219002,reviews,v2,Running,True
1779219002,reviews,v2,Running,True
1779219002,reviews,v3,Running,True
1779219002,reviews,v3,Running,True
1779219002,reviews,v3,Running,True
1779219002,reviews,v3,Running,True
1779219002,reviews,v3,Running,True
1779219002,reviews,v3,Running,True
1779219002,reviews,v3,Running,True
1779219002,reviews,v3,Running,True
1779219002,reviews,v3,Running,True
1779219002,reviews,v3,Running,True
1779219003,details,v1,Running,True
1779219003,details,v1,Pending,
1779219003,details,v1,Running,True
1779219003,details,v1,Running,True
1779219003,details,v1,Running,True
1779219003,details,v1,Running,True
1779219003,details,v1,Running,True
1779219003,productpage,v1,Running,True
1779219003,productpage,v1,Running,True
1779219003,productpage,v1,Running,True
1779219003,productpage,v1,Running,True
1779219003,productpage,v1,Running,True
1779219003,productpage,v1,Running,True
1779219003,productpage,v1,Running,True
1779219003,productpage,v1,Running,True
1779219003,productpage,v1,Running,True
1779219003,productpage,v1,Running,True
1779219003,productpage,v1,Running,True
1779219003,productpage,v1,Running,True
1779219003,productpage,v1,Running,True
1779219003,productpage,v1,Running,True
1779219003,productpage,v1,Running,True
1779219003,ratings,v1,Running,True
1779219003,reviews,v1,Running,True
1779219003,reviews,v2,Running,True
1779219003,reviews,v2,Running,True
1779219003,reviews,v2,Running,True
1779219003,reviews,v2,Running,True
1779219003,reviews,v2,Running,True
1779219003,reviews,v2,Running,True
1779219003,reviews,v2,Running,True
1779219003,reviews,v3,Running,True
1779219003,reviews,v3,Running,True
1779219003,reviews,v3,Running,True
1779219003,reviews,v3,Running,True
1779219003,reviews,v3,Running,True
1779219003,reviews,v3,Running,True
1779219003,reviews,v3,Running,True
1779219003,reviews,v3,Running,True
1779219003,reviews,v3,Running,True
1779219003,reviews,v3,Running,True
1779219004,details,v1,Running,True
1779219004,details,v1,Pending,
1779219004,details,v1,Running,True
1779219004,details,v1,Running,True
1779219004,details,v1,Running,True
1779219004,details,v1,Running,True
1779219004,details,v1,Running,True
1779219004,productpage,v1,Running,True
1779219004,productpage,v1,Running,True
1779219004,productpage,v1,Running,True
1779219004,productpage,v1,Running,True
1779219004,productpage,v1,Running,True
1779219004,productpage,v1,Running,True
1779219004,productpage,v1,Running,True
1779219004,productpage,v1,Running,True
1779219004,productpage,v1,Running,True
1779219004,productpage,v1,Running,True
1779219004,productpage,v1,Running,True
1779219004,productpage,v1,Running,True
1779219004,productpage,v1,Running,True
1779219004,productpage,v1,Running,True
1779219004,productpage,v1,Running,True
1779219004,ratings,v1,Running,True
1779219004,reviews,v1,Running,True
1779219004,reviews,v2,Running,True
1779219004,reviews,v2,Running,True
1779219004,reviews,v2,Running,True
1779219004,reviews,v2,Running,True
1779219004,reviews,v2,Running,True
1779219004,reviews,v2,Running,True
1779219004,reviews,v2,Running,True
1779219004,reviews,v3,Running,True
1779219004,reviews,v3,Running,True
1779219004,reviews,v3,Running,True
1779219004,reviews,v3,Running,True
1779219004,reviews,v3,Running,True
1779219004,reviews,v3,Running,True
1779219004,reviews,v3,Running,True
1779219004,reviews,v3,Running,True
1779219004,reviews,v3,Running,True
1779219004,reviews,v3,Running,True
1779219005,details,v1,Running,True
1779219005,details,v1,Pending,
1779219005,details,v1,Running,True
1779219005,details,v1,Running,True
1779219005,details,v1,Running,True
1779219005,details,v1,Running,True
1779219005,details,v1,Running,True
1779219005,productpage,v1,Running,True
1779219005,productpage,v1,Running,True
1779219005,productpage,v1,Running,True
1779219005,productpage,v1,Running,True
1779219005,productpage,v1,Running,True
1779219005,productpage,v1,Running,True
1779219005,productpage,v1,Running,True
1779219005,productpage,v1,Running,True
1779219005,productpage,v1,Running,True
1779219005,productpage,v1,Running,True
1779219005,productpage,v1,Running,True
1779219005,productpage,v1,Running,True
1779219005,productpage,v1,Running,True
1779219005,productpage,v1,Running,True
1779219005,productpage,v1,Running,True
1779219005,ratings,v1,Running,True
1779219005,reviews,v1,Running,True
1779219005,reviews,v2,Running,True
1779219005,reviews,v2,Running,True
1779219005,reviews,v2,Running,True
1779219005,reviews,v2,Running,True
1779219005,reviews,v2,Running,True
1779219005,reviews,v2,Running,True
1779219005,reviews,v2,Running,True
1779219005,reviews,v3,Running,True
1779219005,reviews,v3,Running,True
1779219005,reviews,v3,Running,True
1779219005,reviews,v3,Running,True
1779219005,reviews,v3,Running,True
1779219005,reviews,v3,Running,True
1779219005,reviews,v3,Running,True
1779219005,reviews,v3,Running,True
1779219005,reviews,v3,Running,True
1779219005,reviews,v3,Running,True
1779219006,details,v1,Running,True
1779219006,details,v1,Pending,
1779219006,details,v1,Running,True
1779219006,details,v1,Running,True
1779219006,details,v1,Running,True
1779219006,details,v1,Running,True
1779219006,details,v1,Running,True
1779219006,productpage,v1,Running,True
1779219006,productpage,v1,Running,True
1779219006,productpage,v1,Running,True
1779219006,productpage,v1,Running,True
1779219006,productpage,v1,Running,True
1779219006,productpage,v1,Running,True
1779219006,productpage,v1,Running,True
1779219006,productpage,v1,Running,True
1779219006,productpage,v1,Running,True
1779219006,productpage,v1,Running,True
1779219006,productpage,v1,Running,True
1779219006,productpage,v1,Running,True
1779219006,productpage,v1,Running,True
1779219006,productpage,v1,Running,True
1779219006,productpage,v1,Running,True
1779219006,ratings,v1,Running,True
1779219006,reviews,v1,Running,True
1779219006,reviews,v2,Running,True
1779219006,reviews,v2,Running,True
1779219006,reviews,v2,Running,True
1779219006,reviews,v2,Running,True
1779219006,reviews,v2,Running,True
1779219006,reviews,v2,Running,True
1779219006,reviews,v2,Running,True
1779219006,reviews,v3,Running,True
1779219006,reviews,v3,Running,True
1779219006,reviews,v3,Running,True
1779219006,reviews,v3,Running,True
1779219006,reviews,v3,Running,True
1779219006,reviews,v3,Running,True
1779219006,reviews,v3,Running,True
1779219006,reviews,v3,Running,True
1779219006,reviews,v3,Running,True
1779219006,reviews,v3,Running,True
1779219007,details,v1,Running,True
1779219007,details,v1,Pending,
1779219007,details,v1,Running,True
1779219007,details,v1,Running,True
1779219007,details,v1,Running,True
1779219007,details,v1,Running,True
1779219007,details,v1,Running,True
1779219007,productpage,v1,Running,True
1779219007,productpage,v1,Running,True
1779219007,productpage,v1,Running,True
1779219007,productpage,v1,Running,True
1779219007,productpage,v1,Running,True
1779219007,productpage,v1,Running,True
1779219007,productpage,v1,Running,True
1779219007,productpage,v1,Running,True
1779219007,productpage,v1,Running,True
1779219007,productpage,v1,Running,True
1779219007,productpage,v1,Running,True
1779219007,productpage,v1,Running,True
1779219007,productpage,v1,Running,True
1779219007,productpage,v1,Running,True
1779219007,productpage,v1,Running,True
1779219007,ratings,v1,Running,True
1779219007,reviews,v1,Running,True
1779219007,reviews,v2,Running,True
1779219007,reviews,v2,Running,True
1779219007,reviews,v2,Running,True
1779219007,reviews,v2,Running,True
1779219007,reviews,v2,Running,True
1779219007,reviews,v2,Running,True
1779219007,reviews,v2,Running,True
1779219007,reviews,v3,Running,True
1779219007,reviews,v3,Running,True
1779219007,reviews,v3,Running,True
1779219007,reviews,v3,Running,True
1779219007,reviews,v3,Running,True
1779219007,reviews,v3,Running,True
1779219007,reviews,v3,Running,True
1779219007,reviews,v3,Running,True
1779219007,reviews,v3,Running,True
1779219007,reviews,v3,Running,True
1779219008,details,v1,Running,True
1779219008,details,v1,Pending,
1779219008,details,v1,Running,True
1779219008,details,v1,Running,True
1779219008,details,v1,Running,True
1779219008,details,v1,Running,True
1779219008,details,v1,Running,True
1779219008,productpage,v1,Running,True
1779219008,productpage,v1,Running,True
1779219008,productpage,v1,Running,True
1779219008,productpage,v1,Running,True
1779219008,productpage,v1,Running,True
1779219008,productpage,v1,Running,True
1779219008,productpage,v1,Running,True
1779219008,productpage,v1,Running,True
1779219008,productpage,v1,Running,True
1779219008,productpage,v1,Running,True
1779219008,productpage,v1,Running,True
1779219008,productpage,v1,Running,True
1779219008,productpage,v1,Running,True
1779219008,productpage,v1,Running,True
1779219008,productpage,v1,Running,True
1779219008,ratings,v1,Running,True
1779219008,reviews,v1,Running,True
1779219008,reviews,v2,Running,True
1779219008,reviews,v2,Running,True
1779219008,reviews,v2,Running,True
1779219008,reviews,v2,Running,True
1779219008,reviews,v2,Running,True
1779219008,reviews,v2,Running,True
1779219008,reviews,v2,Running,True
1779219008,reviews,v3,Running,True
1779219008,reviews,v3,Running,True
1779219008,reviews,v3,Running,True
1779219008,reviews,v3,Running,True
1779219008,reviews,v3,Running,True
1779219008,reviews,v3,Running,True
1779219008,reviews,v3,Running,True
1779219008,reviews,v3,Running,True
1779219008,reviews,v3,Running,True
1779219008,reviews,v3,Running,True
1779219009,details,v1,Running,True
1779219009,details,v1,Pending,
1779219009,details,v1,Running,True
1779219009,details,v1,Running,True
1779219009,details,v1,Running,True
1779219009,details,v1,Running,True
1779219009,details,v1,Running,True
1779219009,productpage,v1,Running,True
1779219009,productpage,v1,Running,True
1779219009,productpage,v1,Running,True
1779219009,productpage,v1,Running,True
1779219009,productpage,v1,Running,True
1779219009,productpage,v1,Running,True
1779219009,productpage,v1,Running,True
1779219009,productpage,v1,Running,True
1779219009,productpage,v1,Running,True
1779219009,productpage,v1,Running,True
1779219009,productpage,v1,Running,True
1779219009,productpage,v1,Running,True
1779219009,productpage,v1,Running,True
1779219009,productpage,v1,Running,True
1779219009,productpage,v1,Running,True
1779219009,ratings,v1,Running,True
1779219009,reviews,v1,Running,True
1779219009,reviews,v2,Running,True
1779219009,reviews,v2,Running,True
1779219009,reviews,v2,Running,True
1779219009,reviews,v2,Running,True
1779219009,reviews,v2,Running,True
1779219009,reviews,v2,Running,True
1779219009,reviews,v2,Running,True
1779219009,reviews,v3,Running,True
1779219009,reviews,v3,Running,True
1779219009,reviews,v3,Running,True
1779219009,reviews,v3,Running,True
1779219009,reviews,v3,Running,True
1779219009,reviews,v3,Running,True
1779219009,reviews,v3,Running,True
1779219009,reviews,v3,Running,True
1779219009,reviews,v3,Running,True
1779219009,reviews,v3,Running,True
1779219010,details,v1,Running,True
1779219010,details,v1,Pending,
1779219010,details,v1,Running,True
1779219010,details,v1,Running,True
1779219010,details,v1,Running,True
1779219010,details,v1,Running,True
1779219010,details,v1,Running,True
1779219010,productpage,v1,Running,True
1779219010,productpage,v1,Running,True
1779219010,productpage,v1,Running,True
1779219010,productpage,v1,Running,True
1779219010,productpage,v1,Running,True
1779219010,productpage,v1,Running,True
1779219010,productpage,v1,Running,True
1779219010,productpage,v1,Running,True
1779219010,productpage,v1,Running,True
1779219010,productpage,v1,Running,True
1779219010,productpage,v1,Running,True
1779219010,productpage,v1,Running,True
1779219010,productpage,v1,Running,True
1779219010,productpage,v1,Running,True
1779219010,productpage,v1,Running,True
1779219010,ratings,v1,Running,True
1779219010,reviews,v1,Running,True
1779219010,reviews,v2,Running,True
1779219010,reviews,v2,Running,True
1779219010,reviews,v2,Running,True
1779219010,reviews,v2,Running,True
1779219010,reviews,v2,Running,True
1779219010,reviews,v2,Running,True
1779219010,reviews,v2,Running,True
1779219010,reviews,v3,Running,True
1779219010,reviews,v3,Running,True
1779219010,reviews,v3,Running,True
1779219010,reviews,v3,Running,True
1779219010,reviews,v3,Running,True
1779219010,reviews,v3,Running,True
1779219010,reviews,v3,Running,True
1779219010,reviews,v3,Running,True
1779219010,reviews,v3,Running,True
1779219010,reviews,v3,Running,True
1779219011,details,v1,Running,True
1779219011,details,v1,Pending,
1779219011,details,v1,Running,True
1779219011,details,v1,Running,True
1779219011,details,v1,Running,True
1779219011,details,v1,Running,True
1779219011,details,v1,Running,True
1779219011,productpage,v1,Running,True
1779219011,productpage,v1,Running,True
1779219011,productpage,v1,Running,True
1779219011,productpage,v1,Running,True
1779219011,productpage,v1,Running,True
1779219011,productpage,v1,Running,True
1779219011,productpage,v1,Running,True
1779219011,productpage,v1,Running,True
1779219011,productpage,v1,Running,True
1779219011,productpage,v1,Running,True
1779219011,productpage,v1,Running,True
1779219011,productpage,v1,Running,True
1779219011,productpage,v1,Running,True
1779219011,productpage,v1,Running,True
1779219011,productpage,v1,Running,True
1779219011,ratings,v1,Running,True
1779219011,reviews,v1,Running,True
1779219011,reviews,v2,Running,True
1779219011,reviews,v2,Running,True
1779219011,reviews,v2,Running,True
1779219011,reviews,v2,Running,True
1779219011,reviews,v2,Running,True
1779219011,reviews,v2,Running,True
1779219011,reviews,v2,Running,True
1779219011,reviews,v3,Running,True
1779219011,reviews,v3,Running,True
1779219011,reviews,v3,Running,True
1779219011,reviews,v3,Running,True
1779219011,reviews,v3,Running,True
1779219011,reviews,v3,Running,True
1779219011,reviews,v3,Running,True
1779219011,reviews,v3,Running,True
1779219011,reviews,v3,Running,True
1779219011,reviews,v3,Running,True
1779219012,details,v1,Running,True
1779219012,details,v1,Pending,
1779219012,details,v1,Running,True
1779219012,details,v1,Running,True
1779219012,details,v1,Running,True
1779219012,details,v1,Running,True
1779219012,details,v1,Running,True
1779219012,productpage,v1,Running,True
1779219012,productpage,v1,Running,True
1779219012,productpage,v1,Running,True
1779219012,productpage,v1,Running,True
1779219012,productpage,v1,Running,True
1779219012,productpage,v1,Running,True
1779219012,productpage,v1,Running,True
1779219012,productpage,v1,Running,True
1779219012,productpage,v1,Running,True
1779219012,productpage,v1,Running,True
1779219012,productpage,v1,Running,True
1779219012,productpage,v1,Running,True
1779219012,productpage,v1,Running,True
1779219012,productpage,v1,Running,True
1779219012,productpage,v1,Running,True
1779219012,ratings,v1,Running,True
1779219012,reviews,v1,Running,True
1779219012,reviews,v2,Running,True
1779219012,reviews,v2,Running,True
1779219012,reviews,v2,Running,True
1779219012,reviews,v2,Running,True
1779219012,reviews,v2,Running,True
1779219012,reviews,v2,Running,True
1779219012,reviews,v2,Running,True
1779219012,reviews,v3,Running,True
1779219012,reviews,v3,Running,True
1779219012,reviews,v3,Running,True
1779219012,reviews,v3,Running,True
1779219012,reviews,v3,Running,True
1779219012,reviews,v3,Running,True
1779219012,reviews,v3,Running,True
1779219012,reviews,v3,Running,True
1779219012,reviews,v3,Running,True
1779219012,reviews,v3,Running,True
1779219013,details,v1,Running,True
1779219013,details,v1,Pending,
1779219013,details,v1,Running,True
1779219013,details,v1,Running,True
1779219013,details,v1,Running,True
1779219013,details,v1,Running,True
1779219013,details,v1,Running,True
1779219013,productpage,v1,Running,True
1779219013,productpage,v1,Running,True
1779219013,productpage,v1,Running,True
1779219013,productpage,v1,Running,True
1779219013,productpage,v1,Running,True
1779219013,productpage,v1,Running,True
1779219013,productpage,v1,Running,True
1779219013,productpage,v1,Running,True
1779219013,productpage,v1,Running,True
1779219013,productpage,v1,Running,True
1779219013,productpage,v1,Running,True
1779219013,productpage,v1,Running,True
1779219013,productpage,v1,Running,True
1779219013,productpage,v1,Running,True
1779219013,productpage,v1,Running,True
1779219013,ratings,v1,Running,True
1779219013,reviews,v1,Running,True
1779219013,reviews,v2,Running,True
1779219013,reviews,v2,Running,True
1779219013,reviews,v2,Running,True
1779219013,reviews,v2,Running,True
1779219013,reviews,v2,Running,True
1779219013,reviews,v2,Running,True
1779219013,reviews,v2,Running,True
1779219013,reviews,v3,Running,True
1779219013,reviews,v3,Running,True
1779219013,reviews,v3,Running,True
1779219013,reviews,v3,Running,True
1779219013,reviews,v3,Running,True
1779219013,reviews,v3,Running,True
1779219013,reviews,v3,Running,True
1779219013,reviews,v3,Running,True
1779219013,reviews,v3,Running,True
1779219013,reviews,v3,Running,True
1779219014,details,v1,Running,True
1779219014,details,v1,Pending,
1779219014,details,v1,Running,True
1779219014,details,v1,Running,True
1779219014,details,v1,Running,True
1779219014,details,v1,Running,True
1779219014,details,v1,Running,True
1779219014,productpage,v1,Running,True
1779219014,productpage,v1,Running,True
1779219014,productpage,v1,Running,True
1779219014,productpage,v1,Running,True
1779219014,productpage,v1,Running,True
1779219014,productpage,v1,Running,True
1779219014,productpage,v1,Running,True
1779219014,productpage,v1,Running,True
1779219014,productpage,v1,Running,True
1779219014,productpage,v1,Running,True
1779219014,productpage,v1,Running,True
1779219014,productpage,v1,Running,True
1779219014,productpage,v1,Running,True
1779219014,productpage,v1,Running,True
1779219014,productpage,v1,Running,True
1779219014,ratings,v1,Running,True
1779219014,reviews,v1,Running,True
1779219014,reviews,v2,Running,True
1779219014,reviews,v2,Running,True
1779219014,reviews,v2,Running,True
1779219014,reviews,v2,Running,True
1779219014,reviews,v2,Running,True
1779219014,reviews,v2,Running,True
1779219014,reviews,v2,Running,True
1779219014,reviews,v3,Running,True
1779219014,reviews,v3,Running,True
1779219014,reviews,v3,Running,True
1779219014,reviews,v3,Running,True
1779219014,reviews,v3,Running,True
1779219014,reviews,v3,Running,True
1779219014,reviews,v3,Running,True
1779219014,reviews,v3,Running,True
1779219014,reviews,v3,Running,True
1779219014,reviews,v3,Running,True
1779219015,details,v1,Running,True
1779219015,details,v1,Pending,
1779219015,details,v1,Running,True
1779219015,details,v1,Running,True
1779219015,details,v1,Running,True
1779219015,details,v1,Running,True
1779219015,details,v1,Running,True
1779219015,productpage,v1,Running,True
1779219015,productpage,v1,Running,True
1779219015,productpage,v1,Running,True
1779219015,productpage,v1,Running,True
1779219015,productpage,v1,Running,True
1779219015,productpage,v1,Running,True
1779219015,productpage,v1,Running,True
1779219015,productpage,v1,Running,True
1779219015,productpage,v1,Running,True
1779219015,productpage,v1,Running,True
1779219015,productpage,v1,Running,True
1779219015,productpage,v1,Running,True
1779219015,productpage,v1,Running,True
1779219015,productpage,v1,Running,True
1779219015,productpage,v1,Running,True
1779219015,ratings,v1,Running,True
1779219015,reviews,v1,Running,True
1779219015,reviews,v2,Running,True
1779219015,reviews,v2,Running,True
1779219015,reviews,v2,Running,True
1779219015,reviews,v2,Running,True
1779219015,reviews,v2,Running,True
1779219015,reviews,v2,Running,True
1779219015,reviews,v2,Running,True
1779219015,reviews,v3,Running,True
1779219015,reviews,v3,Running,True
1779219015,reviews,v3,Running,True
1779219015,reviews,v3,Running,True
1779219015,reviews,v3,Running,True
1779219015,reviews,v3,Running,True
1779219015,reviews,v3,Running,True
1779219015,reviews,v3,Running,True
1779219015,reviews,v3,Running,True
1779219015,reviews,v3,Running,True
1779219016,details,v1,Running,True
1779219016,details,v1,Pending,
1779219016,details,v1,Running,True
1779219016,details,v1,Running,True
1779219016,details,v1,Running,True
1779219016,details,v1,Running,True
1779219016,details,v1,Running,True
1779219016,productpage,v1,Running,True
1779219016,productpage,v1,Running,True
1779219016,productpage,v1,Running,True
1779219016,productpage,v1,Running,True
1779219016,productpage,v1,Running,True
1779219016,productpage,v1,Running,True
1779219016,productpage,v1,Running,True
1779219016,productpage,v1,Running,True
1779219016,productpage,v1,Running,True
1779219016,productpage,v1,Running,True
1779219016,productpage,v1,Running,True
1779219016,productpage,v1,Running,True
1779219016,productpage,v1,Running,True
1779219016,productpage,v1,Running,True
1779219016,productpage,v1,Running,True
1779219016,ratings,v1,Running,True
1779219016,reviews,v1,Running,True
1779219016,reviews,v2,Running,True
1779219016,reviews,v2,Running,True
1779219016,reviews,v2,Running,True
1779219016,reviews,v2,Running,True
1779219016,reviews,v2,Running,True
1779219016,reviews,v2,Running,True
1779219016,reviews,v2,Running,True
1779219016,reviews,v3,Running,True
1779219016,reviews,v3,Running,True
1779219016,reviews,v3,Running,True
1779219016,reviews,v3,Running,True
1779219016,reviews,v3,Running,True
1779219016,reviews,v3,Running,True
1779219016,reviews,v3,Running,True
1779219016,reviews,v3,Running,True
1779219016,reviews,v3,Running,True
1779219016,reviews,v3,Running,True
1779219017,details,v1,Running,True
1779219017,details,v1,Pending,
1779219017,details,v1,Running,True
1779219017,details,v1,Running,True
1779219017,details,v1,Running,True
1779219017,details,v1,Running,True
1779219017,details,v1,Running,True
1779219017,productpage,v1,Running,True
1779219017,productpage,v1,Running,True
1779219017,productpage,v1,Running,True
1779219017,productpage,v1,Running,True
1779219017,productpage,v1,Running,True
1779219017,productpage,v1,Running,True
1779219017,productpage,v1,Running,True
1779219017,productpage,v1,Running,True
1779219017,productpage,v1,Running,True
1779219017,productpage,v1,Running,True
1779219017,productpage,v1,Running,True
1779219017,productpage,v1,Running,True
1779219017,productpage,v1,Running,True
1779219017,productpage,v1,Running,True
1779219017,productpage,v1,Running,True
1779219017,ratings,v1,Running,True
1779219017,reviews,v1,Running,True
1779219017,reviews,v2,Running,True
1779219017,reviews,v2,Running,True
1779219017,reviews,v2,Running,True
1779219017,reviews,v2,Running,True
1779219017,reviews,v2,Running,True
1779219017,reviews,v2,Running,True
1779219017,reviews,v2,Running,True
1779219017,reviews,v3,Running,True
1779219017,reviews,v3,Running,True
1779219017,reviews,v3,Running,True
1779219017,reviews,v3,Running,True
1779219017,reviews,v3,Running,True
1779219017,reviews,v3,Running,True
1779219017,reviews,v3,Running,True
1779219017,reviews,v3,Running,True
1779219017,reviews,v3,Running,True
1779219017,reviews,v3,Running,True
1779219018,details,v1,Running,True
1779219018,details,v1,Pending,
1779219018,details,v1,Running,True
1779219018,details,v1,Running,True
1779219018,details,v1,Running,True
1779219018,details,v1,Running,True
1779219018,details,v1,Running,True
1779219018,productpage,v1,Running,True
1779219018,productpage,v1,Running,True
1779219018,productpage,v1,Running,True
1779219018,productpage,v1,Running,True
1779219018,productpage,v1,Running,True
1779219018,productpage,v1,Running,True
1779219018,productpage,v1,Running,True
1779219018,productpage,v1,Running,True
1779219018,productpage,v1,Running,True
1779219018,productpage,v1,Running,True
1779219018,productpage,v1,Running,True
1779219018,productpage,v1,Running,True
1779219018,productpage,v1,Running,True
1779219018,productpage,v1,Running,True
1779219018,productpage,v1,Running,True
1779219018,ratings,v1,Running,True
1779219018,reviews,v1,Running,True
1779219018,reviews,v2,Running,True
1779219018,reviews,v2,Running,True
1779219018,reviews,v2,Running,True
1779219018,reviews,v2,Running,True
1779219018,reviews,v2,Running,True
1779219018,reviews,v2,Running,True
1779219018,reviews,v2,Running,True
1779219018,reviews,v3,Running,True
1779219018,reviews,v3,Running,True
1779219018,reviews,v3,Running,True
1779219018,reviews,v3,Running,True
1779219018,reviews,v3,Running,True
1779219018,reviews,v3,Running,True
1779219018,reviews,v3,Running,True
1779219018,reviews,v3,Running,True
1779219018,reviews,v3,Running,True
1779219018,reviews,v3,Running,True
1779219019,details,v1,Running,True
1779219019,details,v1,Pending,
1779219019,details,v1,Running,True
1779219019,details,v1,Running,True
1779219019,details,v1,Running,True
1779219019,details,v1,Running,True
1779219019,details,v1,Running,True
1779219019,productpage,v1,Running,True
1779219019,productpage,v1,Running,True
1779219019,productpage,v1,Running,True
1779219019,productpage,v1,Running,True
1779219019,productpage,v1,Running,True
1779219019,productpage,v1,Running,True
1779219019,productpage,v1,Running,True
1779219019,productpage,v1,Running,True
1779219019,productpage,v1,Running,True
1779219019,productpage,v1,Running,True
1779219019,productpage,v1,Running,True
1779219019,productpage,v1,Running,True
1779219019,productpage,v1,Running,True
1779219019,productpage,v1,Running,True
1779219019,productpage,v1,Running,True
1779219019,ratings,v1,Running,True
1779219019,reviews,v1,Running,True
1779219019,reviews,v2,Running,True
1779219019,reviews,v2,Running,True
1779219019,reviews,v2,Running,True
1779219019,reviews,v2,Running,True
1779219019,reviews,v2,Running,True
1779219019,reviews,v2,Running,True
1779219019,reviews,v2,Running,True
1779219019,reviews,v3,Running,True
1779219019,reviews,v3,Running,True
1779219019,reviews,v3,Running,True
1779219019,reviews,v3,Running,True
1779219019,reviews,v3,Running,True
1779219019,reviews,v3,Running,True
1779219019,reviews,v3,Running,True
1779219019,reviews,v3,Running,True
1779219019,reviews,v3,Running,True
1779219019,reviews,v3,Running,True
1779219020,details,v1,Running,True
1779219020,details,v1,Pending,
1779219020,details,v1,Running,True
1779219020,details,v1,Running,True
1779219020,details,v1,Running,True
1779219020,details,v1,Running,True
1779219020,details,v1,Running,True
1779219020,productpage,v1,Running,True
1779219020,productpage,v1,Running,True
1779219020,productpage,v1,Running,True
1779219020,productpage,v1,Running,True
1779219020,productpage,v1,Running,True
1779219020,productpage,v1,Running,True
1779219020,productpage,v1,Running,True
1779219020,productpage,v1,Running,True
1779219020,productpage,v1,Running,True
1779219020,productpage,v1,Running,True
1779219020,productpage,v1,Running,True
1779219020,productpage,v1,Running,True
1779219020,productpage,v1,Running,True
1779219020,productpage,v1,Running,True
1779219020,productpage,v1,Running,True
1779219020,ratings,v1,Running,True
1779219020,reviews,v1,Running,True
1779219020,reviews,v2,Running,True
1779219020,reviews,v2,Running,True
1779219020,reviews,v2,Running,True
1779219020,reviews,v2,Running,True
1779219020,reviews,v2,Running,True
1779219020,reviews,v2,Running,True
1779219020,reviews,v2,Running,True
1779219020,reviews,v3,Running,True
1779219020,reviews,v3,Running,True
1779219020,reviews,v3,Running,True
1779219020,reviews,v3,Running,True
1779219020,reviews,v3,Running,True
1779219020,reviews,v3,Running,True
1779219020,reviews,v3,Running,True
1779219020,reviews,v3,Running,True
1779219020,reviews,v3,Running,True
1779219020,reviews,v3,Running,True
1779219021,details,v1,Running,True
1779219021,details,v1,Pending,
1779219021,details,v1,Running,True
1779219021,details,v1,Running,True
1779219021,details,v1,Running,True
1779219021,details,v1,Running,True
1779219021,details,v1,Running,True
1779219021,productpage,v1,Running,True
1779219021,productpage,v1,Running,True
1779219021,productpage,v1,Running,True
1779219021,productpage,v1,Running,True
1779219021,productpage,v1,Running,True
1779219021,productpage,v1,Running,True
1779219021,productpage,v1,Running,True
1779219021,productpage,v1,Running,True
1779219021,productpage,v1,Running,True
1779219021,productpage,v1,Running,True
1779219021,productpage,v1,Running,True
1779219021,productpage,v1,Running,True
1779219021,productpage,v1,Running,True
1779219021,productpage,v1,Running,True
1779219021,productpage,v1,Running,True
1779219021,ratings,v1,Running,True
1779219021,reviews,v1,Running,True
1779219021,reviews,v2,Running,True
1779219021,reviews,v2,Running,True
1779219021,reviews,v2,Running,True
1779219021,reviews,v2,Running,True
1779219021,reviews,v2,Running,True
1779219021,reviews,v2,Running,True
1779219021,reviews,v2,Running,True
1779219021,reviews,v3,Running,True
1779219021,reviews,v3,Running,True
1779219021,reviews,v3,Running,True
1779219021,reviews,v3,Running,True
1779219021,reviews,v3,Running,True
1779219021,reviews,v3,Running,True
1779219021,reviews,v3,Running,True
1779219021,reviews,v3,Running,True
1779219021,reviews,v3,Running,True
1779219021,reviews,v3,Running,True
1779219022,details,v1,Running,True
1779219022,details,v1,Pending,
1779219022,details,v1,Running,True
1779219022,details,v1,Running,True
1779219022,details,v1,Running,True
1779219022,details,v1,Running,True
1779219022,details,v1,Running,True
1779219022,productpage,v1,Running,True
1779219022,productpage,v1,Running,True
1779219022,productpage,v1,Running,True
1779219022,productpage,v1,Running,True
1779219022,productpage,v1,Running,True
1779219022,productpage,v1,Running,True
1779219022,productpage,v1,Running,True
1779219022,productpage,v1,Running,True
1779219022,productpage,v1,Running,True
1779219022,productpage,v1,Running,True
1779219022,productpage,v1,Running,True
1779219022,productpage,v1,Running,True
1779219022,productpage,v1,Running,True
1779219022,productpage,v1,Running,True
1779219022,productpage,v1,Running,True
1779219022,ratings,v1,Running,True
1779219022,reviews,v1,Running,True
1779219022,reviews,v2,Running,True
1779219022,reviews,v2,Running,True
1779219022,reviews,v2,Running,True
1779219022,reviews,v2,Running,True
1779219022,reviews,v2,Running,True
1779219022,reviews,v2,Running,True
1779219022,reviews,v2,Running,True
1779219022,reviews,v3,Running,True
1779219022,reviews,v3,Running,True
1779219022,reviews,v3,Running,True
1779219022,reviews,v3,Running,True
1779219022,reviews,v3,Running,True
1779219022,reviews,v3,Running,True
1779219022,reviews,v3,Running,True
1779219022,reviews,v3,Running,True
1779219022,reviews,v3,Running,True
1779219022,reviews,v3,Running,True
1779219023,details,v1,Running,True
1779219023,details,v1,Pending,
1779219023,details,v1,Running,True
1779219023,details,v1,Running,True
1779219023,details,v1,Running,True
1779219023,details,v1,Running,True
1779219023,details,v1,Running,True
1779219023,productpage,v1,Running,True
1779219023,productpage,v1,Running,True
1779219023,productpage,v1,Running,True
1779219023,productpage,v1,Running,True
1779219023,productpage,v1,Running,True
1779219023,productpage,v1,Running,True
1779219023,productpage,v1,Running,True
1779219023,productpage,v1,Running,True
1779219023,productpage,v1,Running,True
1779219023,productpage,v1,Running,True
1779219023,productpage,v1,Running,True
1779219023,productpage,v1,Running,True
1779219023,productpage,v1,Running,True
1779219023,productpage,v1,Running,True
1779219023,productpage,v1,Running,True
1779219023,ratings,v1,Running,True
1779219023,reviews,v1,Running,True
1779219023,reviews,v2,Running,True
1779219023,reviews,v2,Running,True
1779219023,reviews,v2,Running,True
1779219023,reviews,v2,Running,True
1779219023,reviews,v2,Running,True
1779219023,reviews,v2,Running,True
1779219023,reviews,v2,Running,True
1779219023,reviews,v3,Running,True
1779219023,reviews,v3,Running,True
1779219023,reviews,v3,Running,True
1779219023,reviews,v3,Running,True
1779219023,reviews,v3,Running,True
1779219023,reviews,v3,Running,True
1779219023,reviews,v3,Running,True
1779219023,reviews,v3,Running,True
1779219023,reviews,v3,Running,True
1779219023,reviews,v3,Running,True
1779219024,details,v1,Running,True
1779219024,details,v1,Pending,
1779219024,details,v1,Running,True
1779219024,details,v1,Running,True
1779219024,details,v1,Running,True
1779219024,details,v1,Running,True
1779219024,details,v1,Running,True
1779219024,productpage,v1,Running,True
1779219024,productpage,v1,Running,True
1779219024,productpage,v1,Running,True
1779219024,productpage,v1,Running,True
1779219024,productpage,v1,Running,True
1779219024,productpage,v1,Running,True
1779219024,productpage,v1,Running,True
1779219024,productpage,v1,Running,True
1779219024,productpage,v1,Running,True
1779219024,productpage,v1,Running,True
1779219024,productpage,v1,Running,True
1779219024,productpage,v1,Running,True
1779219024,productpage,v1,Running,True
1779219024,productpage,v1,Running,True
1779219024,productpage,v1,Running,True
1779219024,ratings,v1,Running,True
1779219024,reviews,v1,Running,True
1779219024,reviews,v2,Running,True
1779219024,reviews,v2,Running,True
1779219024,reviews,v2,Running,True
1779219024,reviews,v2,Running,True
1779219024,reviews,v2,Running,True
1779219024,reviews,v2,Running,True
1779219024,reviews,v2,Running,True
1779219024,reviews,v3,Running,True
1779219024,reviews,v3,Running,True
1779219024,reviews,v3,Running,True
1779219024,reviews,v3,Running,True
1779219024,reviews,v3,Running,True
1779219024,reviews,v3,Running,True
1779219024,reviews,v3,Running,True
1779219024,reviews,v3,Running,True
1779219024,reviews,v3,Running,True
1779219024,reviews,v3,Running,True
1779219025,details,v1,Running,True
1779219025,details,v1,Pending,
1779219025,details,v1,Running,True
1779219025,details,v1,Running,True
1779219025,details,v1,Running,True
1779219025,details,v1,Running,True
1779219025,details,v1,Running,True
1779219025,productpage,v1,Running,True
1779219025,productpage,v1,Running,True
1779219025,productpage,v1,Running,True
1779219025,productpage,v1,Running,True
1779219025,productpage,v1,Running,True
1779219025,productpage,v1,Running,True
1779219025,productpage,v1,Running,True
1779219025,productpage,v1,Running,True
1779219025,productpage,v1,Running,True
1779219025,productpage,v1,Running,True
1779219025,productpage,v1,Running,True
1779219025,productpage,v1,Running,True
1779219025,productpage,v1,Running,True
1779219025,productpage,v1,Running,True
1779219025,productpage,v1,Running,True
1779219025,ratings,v1,Running,True
1779219025,reviews,v1,Running,True
1779219025,reviews,v2,Running,True
1779219025,reviews,v2,Running,True
1779219025,reviews,v2,Running,True
1779219025,reviews,v2,Running,True
1779219025,reviews,v2,Running,True
1779219025,reviews,v2,Running,True
1779219025,reviews,v2,Running,True
1779219025,reviews,v3,Running,True
1779219025,reviews,v3,Running,True
1779219025,reviews,v3,Running,True
1779219025,reviews,v3,Running,True
1779219025,reviews,v3,Running,True
1779219025,reviews,v3,Running,True
1779219025,reviews,v3,Running,True
1779219025,reviews,v3,Running,True
1779219025,reviews,v3,Running,True
1779219025,reviews,v3,Running,True
1779219026,details,v1,Running,True
1779219026,details,v1,Pending,
1779219026,details,v1,Running,True
1779219026,details,v1,Running,True
1779219026,details,v1,Running,True
1779219026,details,v1,Running,True
1779219026,details,v1,Running,True
1779219026,productpage,v1,Running,True
1779219026,productpage,v1,Running,True
1779219026,productpage,v1,Running,True
1779219026,productpage,v1,Running,True
1779219026,productpage,v1,Running,True
1779219026,productpage,v1,Running,True
1779219026,productpage,v1,Running,True
1779219026,productpage,v1,Running,True
1779219026,productpage,v1,Running,True
1779219026,productpage,v1,Running,True
1779219026,productpage,v1,Running,True
1779219026,productpage,v1,Running,True
1779219026,productpage,v1,Running,True
1779219026,productpage,v1,Running,True
1779219026,productpage,v1,Running,True
1779219026,ratings,v1,Running,True
1779219026,reviews,v1,Running,True
1779219026,reviews,v2,Running,True
1779219026,reviews,v2,Running,True
1779219026,reviews,v2,Running,True
1779219026,reviews,v2,Running,True
1779219026,reviews,v2,Running,True
1779219026,reviews,v2,Running,True
1779219026,reviews,v2,Running,True
1779219026,reviews,v3,Running,True
1779219026,reviews,v3,Running,True
1779219026,reviews,v3,Running,True
1779219026,reviews,v3,Running,True
1779219026,reviews,v3,Running,True
1779219026,reviews,v3,Running,True
1779219026,reviews,v3,Running,True
1779219026,reviews,v3,Running,True
1779219026,reviews,v3,Running,True
1779219026,reviews,v3,Running,True
1779219027,details,v1,Running,True
1779219027,details,v1,Pending,
1779219027,details,v1,Running,True
1779219027,details,v1,Running,True
1779219027,details,v1,Running,True
1779219027,details,v1,Running,True
1779219027,details,v1,Running,True
1779219027,productpage,v1,Running,True
1779219027,productpage,v1,Running,True
1779219027,productpage,v1,Running,True
1779219027,productpage,v1,Running,True
1779219027,productpage,v1,Running,True
1779219027,productpage,v1,Running,True
1779219027,productpage,v1,Running,True
1779219027,productpage,v1,Running,True
1779219027,productpage,v1,Running,True
1779219027,productpage,v1,Running,True
1779219027,productpage,v1,Running,True
1779219027,productpage,v1,Running,True
1779219027,productpage,v1,Running,True
1779219027,productpage,v1,Running,True
1779219027,productpage,v1,Running,True
1779219027,ratings,v1,Running,True
1779219027,reviews,v1,Running,True
1779219027,reviews,v2,Running,True
1779219027,reviews,v2,Running,True
1779219027,reviews,v2,Running,True
1779219027,reviews,v2,Running,True
1779219027,reviews,v2,Running,True
1779219027,reviews,v2,Running,True
1779219027,reviews,v2,Running,True
1779219027,reviews,v3,Running,True
1779219027,reviews,v3,Running,True
1779219027,reviews,v3,Running,True
1779219027,reviews,v3,Running,True
1779219027,reviews,v3,Running,True
1779219027,reviews,v3,Running,True
1779219027,reviews,v3,Running,True
1779219027,reviews,v3,Running,True
1779219027,reviews,v3,Running,True
1779219027,reviews,v3,Running,True
1779219028,details,v1,Running,True
1779219028,details,v1,Pending,
1779219028,details,v1,Running,True
1779219028,details,v1,Running,True
1779219028,details,v1,Running,True
1779219028,details,v1,Running,True
1779219028,details,v1,Running,True
1779219028,productpage,v1,Running,True
1779219028,productpage,v1,Running,True
1779219028,productpage,v1,Running,True
1779219028,productpage,v1,Running,True
1779219028,productpage,v1,Running,True
1779219028,productpage,v1,Running,True
1779219028,productpage,v1,Running,True
1779219028,productpage,v1,Running,True
1779219028,productpage,v1,Running,True
1779219028,productpage,v1,Running,True
1779219028,productpage,v1,Running,True
1779219028,productpage,v1,Running,True
1779219028,productpage,v1,Running,True
1779219028,productpage,v1,Running,True
1779219028,productpage,v1,Running,True
1779219028,ratings,v1,Running,True
1779219028,reviews,v1,Running,True
1779219028,reviews,v2,Running,True
1779219028,reviews,v2,Running,True
1779219028,reviews,v2,Running,True
1779219028,reviews,v2,Running,True
1779219028,reviews,v2,Running,True
1779219028,reviews,v2,Running,True
1779219028,reviews,v2,Running,True
1779219028,reviews,v3,Running,True
1779219028,reviews,v3,Running,True
1779219028,reviews,v3,Running,True
1779219028,reviews,v3,Running,True
1779219028,reviews,v3,Running,True
1779219028,reviews,v3,Running,True
1779219028,reviews,v3,Running,True
1779219028,reviews,v3,Running,True
1779219028,reviews,v3,Running,True
1779219028,reviews,v3,Running,True
1779219029,details,v1,Running,True
1779219029,details,v1,Pending,
1779219029,details,v1,Running,True
1779219029,details,v1,Running,True
1779219029,details,v1,Running,True
1779219029,details,v1,Running,True
1779219029,details,v1,Running,True
1779219029,productpage,v1,Running,True
1779219029,productpage,v1,Running,True
1779219029,productpage,v1,Running,True
1779219029,productpage,v1,Running,True
1779219029,productpage,v1,Running,True
1779219029,productpage,v1,Running,True
1779219029,productpage,v1,Running,True
1779219029,productpage,v1,Running,True
1779219029,productpage,v1,Running,True
1779219029,productpage,v1,Running,True
1779219029,productpage,v1,Running,True
1779219029,productpage,v1,Running,True
1779219029,productpage,v1,Running,True
1779219029,productpage,v1,Running,True
1779219029,productpage,v1,Running,True
1779219029,ratings,v1,Running,True
1779219029,reviews,v1,Running,True
1779219029,reviews,v2,Running,True
1779219029,reviews,v2,Running,True
1779219029,reviews,v2,Running,True
1779219029,reviews,v2,Running,True
1779219029,reviews,v2,Running,True
1779219029,reviews,v2,Running,True
1779219029,reviews,v2,Running,True
1779219029,reviews,v3,Running,True
1779219029,reviews,v3,Running,True
1779219029,reviews,v3,Running,True
1779219029,reviews,v3,Running,True
1779219029,reviews,v3,Running,True
1779219029,reviews,v3,Running,True
1779219029,reviews,v3,Running,True
1779219029,reviews,v3,Running,True
1779219029,reviews,v3,Running,True
1779219029,reviews,v3,Running,True
1779219030,details,v1,Running,True
1779219030,details,v1,Pending,
1779219030,details,v1,Running,True
1779219030,details,v1,Running,True
1779219030,details,v1,Running,True
1779219030,details,v1,Running,True
1779219030,details,v1,Running,True
1779219030,productpage,v1,Running,True
1779219030,productpage,v1,Running,True
1779219030,productpage,v1,Running,True
1779219030,productpage,v1,Running,True
1779219030,productpage,v1,Running,True
1779219030,productpage,v1,Running,True
1779219030,productpage,v1,Running,True
1779219030,productpage,v1,Running,True
1779219030,productpage,v1,Running,True
1779219030,productpage,v1,Running,True
1779219030,productpage,v1,Running,True
1779219030,productpage,v1,Running,True
1779219030,productpage,v1,Running,True
1779219030,productpage,v1,Running,True
1779219030,productpage,v1,Running,True
1779219030,ratings,v1,Running,True
1779219030,reviews,v1,Running,True
1779219030,reviews,v2,Running,True
1779219030,reviews,v2,Running,True
1779219030,reviews,v2,Running,True
1779219030,reviews,v2,Running,True
1779219030,reviews,v2,Running,True
1779219030,reviews,v2,Running,True
1779219030,reviews,v2,Running,True
1779219030,reviews,v3,Running,True
1779219030,reviews,v3,Running,True
1779219030,reviews,v3,Running,True
1779219030,reviews,v3,Running,True
1779219030,reviews,v3,Running,True
1779219030,reviews,v3,Running,True
1779219030,reviews,v3,Running,True
1779219030,reviews,v3,Running,True
1779219030,reviews,v3,Running,True
1779219030,reviews,v3,Running,True
1779219031,details,v1,Running,True
1779219031,details,v1,Pending,
1779219031,details,v1,Running,True
1779219031,details,v1,Running,True
1779219031,details,v1,Running,True
1779219031,details,v1,Running,True
1779219031,details,v1,Running,True
1779219031,productpage,v1,Running,True
1779219031,productpage,v1,Running,True
1779219031,productpage,v1,Running,True
1779219031,productpage,v1,Running,True
1779219031,productpage,v1,Running,True
1779219031,productpage,v1,Running,True
1779219031,productpage,v1,Running,True
1779219031,productpage,v1,Running,True
1779219031,productpage,v1,Running,True
1779219031,productpage,v1,Running,True
1779219031,productpage,v1,Running,True
1779219031,productpage,v1,Running,True
1779219031,productpage,v1,Running,True
1779219031,productpage,v1,Running,True
1779219031,productpage,v1,Running,True
1779219031,ratings,v1,Running,True
1779219031,reviews,v1,Running,True
1779219031,reviews,v2,Running,True
1779219031,reviews,v2,Running,True
1779219031,reviews,v2,Running,True
1779219031,reviews,v2,Running,True
1779219031,reviews,v2,Running,True
1779219031,reviews,v2,Running,True
1779219031,reviews,v2,Running,True
1779219031,reviews,v3,Running,True
1779219031,reviews,v3,Running,True
1779219031,reviews,v3,Running,True
1779219031,reviews,v3,Running,True
1779219031,reviews,v3,Running,True
1779219031,reviews,v3,Running,True
1779219031,reviews,v3,Running,True
1779219031,reviews,v3,Running,True
1779219031,reviews,v3,Running,True
1779219031,reviews,v3,Running,True
1779219032,details,v1,Running,True
1779219032,details,v1,Pending,
1779219032,details,v1,Running,True
1779219032,details,v1,Running,True
1779219032,details,v1,Running,True
1779219032,details,v1,Running,True
1779219032,details,v1,Running,True
1779219032,productpage,v1,Running,True
1779219032,productpage,v1,Running,True
1779219032,productpage,v1,Running,True
1779219032,productpage,v1,Running,True
1779219032,productpage,v1,Running,True
1779219032,productpage,v1,Running,True
1779219032,productpage,v1,Running,True
1779219032,productpage,v1,Running,True
1779219032,productpage,v1,Running,True
1779219032,productpage,v1,Running,True
1779219032,productpage,v1,Running,True
1779219032,productpage,v1,Running,True
1779219032,productpage,v1,Running,True
1779219032,productpage,v1,Running,True
1779219032,productpage,v1,Running,True
1779219032,ratings,v1,Running,True
1779219032,reviews,v1,Running,True
1779219032,reviews,v2,Running,True
1779219032,reviews,v2,Running,True
1779219032,reviews,v2,Running,True
1779219032,reviews,v2,Running,True
1779219032,reviews,v2,Running,True
1779219032,reviews,v2,Running,True
1779219032,reviews,v2,Running,True
1779219032,reviews,v3,Running,True
1779219032,reviews,v3,Running,True
1779219032,reviews,v3,Running,True
1779219032,reviews,v3,Running,True
1779219032,reviews,v3,Running,True
1779219032,reviews,v3,Running,True
1779219032,reviews,v3,Running,True
1779219032,reviews,v3,Running,True
1779219032,reviews,v3,Running,True
1779219032,reviews,v3,Running,True
1779219033,details,v1,Running,True
1779219033,details,v1,Pending,
1779219033,details,v1,Running,True
1779219033,details,v1,Running,True
1779219033,details,v1,Running,True
1779219033,details,v1,Running,True
1779219033,details,v1,Running,True
1779219033,productpage,v1,Running,True
1779219033,productpage,v1,Running,True
1779219033,productpage,v1,Running,True
1779219033,productpage,v1,Running,True
1779219033,productpage,v1,Running,True
1779219033,productpage,v1,Running,True
1779219033,productpage,v1,Running,True
1779219033,productpage,v1,Running,True
1779219033,productpage,v1,Running,True
1779219033,productpage,v1,Running,True
1779219033,productpage,v1,Running,True
1779219033,productpage,v1,Running,True
1779219033,productpage,v1,Running,True
1779219033,productpage,v1,Running,True
1779219033,productpage,v1,Running,True
1779219033,ratings,v1,Running,True
1779219033,reviews,v1,Running,True
1779219033,reviews,v2,Running,True
1779219033,reviews,v2,Running,True
1779219033,reviews,v2,Running,True
1779219033,reviews,v2,Running,True
1779219033,reviews,v2,Running,True
1779219033,reviews,v2,Running,True
1779219033,reviews,v2,Running,True
1779219033,reviews,v3,Running,True
1779219033,reviews,v3,Running,True
1779219033,reviews,v3,Running,True
1779219033,reviews,v3,Running,True
1779219033,reviews,v3,Running,True
1779219033,reviews,v3,Running,True
1779219033,reviews,v3,Running,True
1779219033,reviews,v3,Running,True
1779219033,reviews,v3,Running,True
1779219033,reviews,v3,Running,True
1779219034,details,v1,Running,True
1779219034,details,v1,Pending,
1779219034,details,v1,Running,True
1779219034,details,v1,Running,True
1779219034,details,v1,Running,True
1779219034,details,v1,Running,True
1779219034,details,v1,Running,True
1779219034,productpage,v1,Running,True
1779219034,productpage,v1,Running,True
1779219034,productpage,v1,Running,True
1779219034,productpage,v1,Running,True
1779219034,productpage,v1,Running,True
1779219034,productpage,v1,Running,True
1779219034,productpage,v1,Running,True
1779219034,productpage,v1,Running,True
1779219034,productpage,v1,Running,True
1779219034,productpage,v1,Running,True
1779219034,productpage,v1,Running,True
1779219034,productpage,v1,Running,True
1779219034,productpage,v1,Running,True
1779219034,productpage,v1,Running,True
1779219034,productpage,v1,Running,True
1779219034,ratings,v1,Running,True
1779219034,reviews,v1,Running,True
1779219034,reviews,v2,Running,True
1779219034,reviews,v2,Running,True
1779219034,reviews,v2,Running,True
1779219034,reviews,v2,Running,True
1779219034,reviews,v2,Running,True
1779219034,reviews,v2,Running,True
1779219034,reviews,v2,Running,True
1779219034,reviews,v3,Running,True
1779219034,reviews,v3,Running,True
1779219034,reviews,v3,Running,True
1779219034,reviews,v3,Running,True
1779219034,reviews,v3,Running,True
1779219034,reviews,v3,Running,True
1779219034,reviews,v3,Running,True
1779219034,reviews,v3,Running,True
1779219034,reviews,v3,Running,True
1779219034,reviews,v3,Running,True
1779219035,details,v1,Running,True
1779219035,details,v1,Pending,
1779219035,details,v1,Running,True
1779219035,details,v1,Running,True
1779219035,details,v1,Running,True
1779219035,details,v1,Running,True
1779219035,details,v1,Running,True
1779219035,productpage,v1,Running,True
1779219035,productpage,v1,Running,True
1779219035,productpage,v1,Running,True
1779219035,productpage,v1,Running,True
1779219035,productpage,v1,Running,True
1779219035,productpage,v1,Running,True
1779219035,productpage,v1,Running,True
1779219035,productpage,v1,Running,True
1779219035,productpage,v1,Running,True
1779219035,productpage,v1,Running,True
1779219035,productpage,v1,Running,True
1779219035,productpage,v1,Running,True
1779219035,productpage,v1,Running,True
1779219035,productpage,v1,Running,True
1779219035,productpage,v1,Running,True
1779219035,ratings,v1,Running,True
1779219035,reviews,v1,Running,True
1779219035,reviews,v2,Running,True
1779219035,reviews,v2,Running,True
1779219035,reviews,v2,Running,True
1779219035,reviews,v2,Running,True
1779219035,reviews,v2,Running,True
1779219035,reviews,v2,Running,True
1779219035,reviews,v2,Running,True
1779219035,reviews,v3,Running,True
1779219035,reviews,v3,Running,True
1779219035,reviews,v3,Running,True
1779219035,reviews,v3,Running,True
1779219035,reviews,v3,Running,True
1779219035,reviews,v3,Running,True
1779219035,reviews,v3,Running,True
1779219035,reviews,v3,Running,True
1779219035,reviews,v3,Running,True
1779219035,reviews,v3,Running,True
1779219036,details,v1,Running,True
1779219036,details,v1,Pending,
1779219036,details,v1,Running,True
1779219036,details,v1,Running,True
1779219036,details,v1,Running,True
1779219036,details,v1,Running,True
1779219036,details,v1,Running,True
1779219036,productpage,v1,Running,True
1779219036,productpage,v1,Running,True
1779219036,productpage,v1,Running,True
1779219036,productpage,v1,Running,True
1779219036,productpage,v1,Running,True
1779219036,productpage,v1,Running,True
1779219036,productpage,v1,Running,True
1779219036,productpage,v1,Running,True
1779219036,productpage,v1,Running,True
1779219036,productpage,v1,Running,True
1779219036,productpage,v1,Running,True
1779219036,productpage,v1,Running,True
1779219036,productpage,v1,Running,True
1779219036,productpage,v1,Running,True
1779219036,productpage,v1,Running,True
1779219036,ratings,v1,Running,True
1779219036,reviews,v1,Running,True
1779219036,reviews,v2,Running,True
1779219036,reviews,v2,Running,True
1779219036,reviews,v2,Running,True
1779219036,reviews,v2,Running,True
1779219036,reviews,v2,Running,True
1779219036,reviews,v2,Running,True
1779219036,reviews,v2,Running,True
1779219036,reviews,v3,Running,True
1779219036,reviews,v3,Running,True
1779219036,reviews,v3,Running,True
1779219036,reviews,v3,Running,True
1779219036,reviews,v3,Running,True
1779219036,reviews,v3,Running,True
1779219036,reviews,v3,Running,True
1779219036,reviews,v3,Running,True
1779219036,reviews,v3,Running,True
1779219036,reviews,v3,Running,True
1779219037,details,v1,Running,True
1779219037,details,v1,Pending,
1779219037,details,v1,Running,True
1779219037,details,v1,Running,True
1779219037,details,v1,Running,True
1779219037,details,v1,Running,True
1779219037,details,v1,Running,True
1779219037,productpage,v1,Running,True
1779219037,productpage,v1,Running,True
1779219037,productpage,v1,Running,True
1779219037,productpage,v1,Running,True
1779219037,productpage,v1,Running,True
1779219037,productpage,v1,Running,True
1779219037,productpage,v1,Running,True
1779219037,productpage,v1,Running,True
1779219037,productpage,v1,Running,True
1779219037,productpage,v1,Running,True
1779219037,productpage,v1,Running,True
1779219037,productpage,v1,Running,True
1779219037,productpage,v1,Running,True
1779219037,productpage,v1,Running,True
1779219037,productpage,v1,Running,True
1779219037,ratings,v1,Running,True
1779219037,reviews,v1,Running,True
1779219037,reviews,v2,Running,True
1779219037,reviews,v2,Running,True
1779219037,reviews,v2,Running,True
1779219037,reviews,v2,Running,True
1779219037,reviews,v2,Running,True
1779219037,reviews,v2,Running,True
1779219037,reviews,v2,Running,True
1779219037,reviews,v3,Running,True
1779219037,reviews,v3,Running,True
1779219037,reviews,v3,Running,True
1779219037,reviews,v3,Running,True
1779219037,reviews,v3,Running,True
1779219037,reviews,v3,Running,True
1779219037,reviews,v3,Running,True
1779219037,reviews,v3,Running,True
1779219037,reviews,v3,Running,True
1779219037,reviews,v3,Running,True
1779219038,details,v1,Running,True
1779219038,details,v1,Pending,
1779219038,details,v1,Running,True
1779219038,details,v1,Running,True
1779219038,details,v1,Running,True
1779219038,details,v1,Running,True
1779219038,details,v1,Running,True
1779219038,productpage,v1,Running,True
1779219038,productpage,v1,Running,True
1779219038,productpage,v1,Running,True
1779219038,productpage,v1,Running,True
1779219038,productpage,v1,Running,True
1779219038,productpage,v1,Running,True
1779219038,productpage,v1,Running,True
1779219038,productpage,v1,Running,True
1779219038,productpage,v1,Running,True
1779219038,productpage,v1,Running,True
1779219038,productpage,v1,Running,True
1779219038,productpage,v1,Running,True
1779219038,productpage,v1,Running,True
1779219038,productpage,v1,Running,True
1779219038,productpage,v1,Running,True
1779219038,ratings,v1,Pending,
1779219038,ratings,v1,Running,True
1779219038,reviews,v1,Running,True
1779219038,reviews,v2,Running,True
1779219038,reviews,v2,Running,True
1779219038,reviews,v2,Running,True
1779219038,reviews,v2,Running,True
1779219038,reviews,v2,Running,True
1779219038,reviews,v2,Running,True
1779219038,reviews,v2,Running,True
1779219038,reviews,v3,Running,True
1779219038,reviews,v3,Running,True
1779219038,reviews,v3,Running,True
1779219038,reviews,v3,Running,True
1779219038,reviews,v3,Running,True
1779219038,reviews,v3,Running,True
1779219038,reviews,v3,Running,True
1779219038,reviews,v3,Running,True
1779219038,reviews,v3,Running,True
1779219038,reviews,v3,Running,True
1779219039,details,v1,Running,True
1779219039,details,v1,Pending,
1779219039,details,v1,Running,True
1779219039,details,v1,Running,True
1779219039,details,v1,Running,True
1779219039,details,v1,Running,True
1779219039,details,v1,Running,True
1779219039,productpage,v1,Running,True
1779219039,productpage,v1,Running,True
1779219039,productpage,v1,Running,True
1779219039,productpage,v1,Running,True
1779219039,productpage,v1,Running,True
1779219039,productpage,v1,Running,True
1779219039,productpage,v1,Running,True
1779219039,productpage,v1,Running,True
1779219039,productpage,v1,Running,True
1779219039,productpage,v1,Running,True
1779219039,productpage,v1,Running,True
1779219039,productpage,v1,Running,True
1779219039,productpage,v1,Running,True
1779219039,productpage,v1,Running,True
1779219039,productpage,v1,Running,True
1779219039,ratings,v1,Pending,
1779219039,ratings,v1,Running,True
1779219039,reviews,v1,Running,True
1779219039,reviews,v2,Running,True
1779219039,reviews,v2,Running,True
1779219039,reviews,v2,Running,True
1779219039,reviews,v2,Running,True
1779219039,reviews,v2,Running,True
1779219039,reviews,v2,Running,True
1779219039,reviews,v2,Running,True
1779219039,reviews,v3,Running,True
1779219039,reviews,v3,Running,True
1779219039,reviews,v3,Running,True
1779219039,reviews,v3,Running,True
1779219039,reviews,v3,Running,True
1779219039,reviews,v3,Running,True
1779219039,reviews,v3,Running,True
1779219039,reviews,v3,Running,True
1779219039,reviews,v3,Running,True
1779219039,reviews,v3,Running,True
1779219040,details,v1,Running,True
1779219040,details,v1,Pending,
1779219040,details,v1,Running,True
1779219040,details,v1,Running,True
1779219040,details,v1,Running,True
1779219040,details,v1,Running,True
1779219040,details,v1,Running,True
1779219040,productpage,v1,Running,True
1779219040,productpage,v1,Running,True
1779219040,productpage,v1,Running,True
1779219040,productpage,v1,Running,True
1779219040,productpage,v1,Running,True
1779219040,productpage,v1,Running,True
1779219040,productpage,v1,Running,True
1779219040,productpage,v1,Running,True
1779219040,productpage,v1,Running,True
1779219040,productpage,v1,Running,True
1779219040,productpage,v1,Running,True
1779219040,productpage,v1,Running,True
1779219040,productpage,v1,Running,True
1779219040,productpage,v1,Running,True
1779219040,productpage,v1,Running,True
1779219040,ratings,v1,Pending,
1779219040,ratings,v1,Running,True
1779219040,reviews,v1,Running,True
1779219040,reviews,v2,Running,True
1779219040,reviews,v2,Running,True
1779219040,reviews,v2,Running,True
1779219040,reviews,v2,Running,True
1779219040,reviews,v2,Running,True
1779219040,reviews,v2,Running,True
1779219040,reviews,v2,Running,True
1779219040,reviews,v3,Running,True
1779219040,reviews,v3,Running,True
1779219040,reviews,v3,Running,True
1779219040,reviews,v3,Running,True
1779219040,reviews,v3,Running,True
1779219040,reviews,v3,Running,True
1779219040,reviews,v3,Running,True
1779219040,reviews,v3,Running,True
1779219040,reviews,v3,Running,True
1779219040,reviews,v3,Running,True
1779219041,details,v1,Running,True
1779219041,details,v1,Pending,
1779219041,details,v1,Running,True
1779219041,details,v1,Running,True
1779219041,details,v1,Running,True
1779219041,details,v1,Running,True
1779219041,details,v1,Running,True
1779219041,productpage,v1,Running,True
1779219041,productpage,v1,Running,True
1779219041,productpage,v1,Running,True
1779219041,productpage,v1,Running,True
1779219041,productpage,v1,Running,True
1779219041,productpage,v1,Running,True
1779219041,productpage,v1,Running,True
1779219041,productpage,v1,Running,True
1779219041,productpage,v1,Running,True
1779219041,productpage,v1,Running,True
1779219041,productpage,v1,Running,True
1779219041,productpage,v1,Running,True
1779219041,productpage,v1,Running,True
1779219041,productpage,v1,Running,True
1779219041,productpage,v1,Running,True
1779219041,ratings,v1,Pending,
1779219041,ratings,v1,Running,True
1779219041,reviews,v1,Running,True
1779219041,reviews,v2,Running,True
1779219041,reviews,v2,Running,True
1779219041,reviews,v2,Running,True
1779219041,reviews,v2,Running,True
1779219041,reviews,v2,Running,True
1779219041,reviews,v2,Running,True
1779219041,reviews,v2,Running,True
1779219041,reviews,v3,Running,True
1779219041,reviews,v3,Running,True
1779219041,reviews,v3,Running,True
1779219041,reviews,v3,Running,True
1779219041,reviews,v3,Running,True
1779219041,reviews,v3,Running,True
1779219041,reviews,v3,Running,True
1779219041,reviews,v3,Running,True
1779219041,reviews,v3,Running,True
1779219041,reviews,v3,Running,True
1779219042,details,v1,Running,True
1779219042,details,v1,Pending,
1779219042,details,v1,Running,True
1779219042,details,v1,Running,True
1779219042,details,v1,Running,True
1779219042,details,v1,Running,True
1779219042,details,v1,Running,True
1779219042,productpage,v1,Running,True
1779219042,productpage,v1,Running,True
1779219042,productpage,v1,Running,True
1779219042,productpage,v1,Running,True
1779219042,productpage,v1,Running,True
1779219042,productpage,v1,Running,True
1779219042,productpage,v1,Running,True
1779219042,productpage,v1,Running,True
1779219042,productpage,v1,Running,True
1779219042,productpage,v1,Running,True
1779219042,productpage,v1,Running,True
1779219042,productpage,v1,Running,True
1779219042,productpage,v1,Running,True
1779219042,productpage,v1,Running,True
1779219042,productpage,v1,Running,True
1779219042,ratings,v1,Pending,
1779219042,ratings,v1,Running,True
1779219042,reviews,v1,Running,True
1779219042,reviews,v2,Running,True
1779219042,reviews,v2,Running,True
1779219042,reviews,v2,Running,True
1779219042,reviews,v2,Running,True
1779219042,reviews,v2,Running,True
1779219042,reviews,v2,Running,True
1779219042,reviews,v2,Running,True
1779219042,reviews,v3,Running,True
1779219042,reviews,v3,Running,True
1779219042,reviews,v3,Running,True
1779219042,reviews,v3,Running,True
1779219042,reviews,v3,Running,True
1779219042,reviews,v3,Running,True
1779219042,reviews,v3,Running,True
1779219042,reviews,v3,Running,True
1779219042,reviews,v3,Running,True
1779219042,reviews,v3,Running,True
1779219043,details,v1,Running,True
1779219043,details,v1,Pending,
1779219043,details,v1,Running,True
1779219043,details,v1,Running,True
1779219043,details,v1,Running,True
1779219043,details,v1,Running,True
1779219043,details,v1,Running,True
1779219043,productpage,v1,Running,True
1779219043,productpage,v1,Running,True
1779219043,productpage,v1,Running,True
1779219043,productpage,v1,Running,True
1779219043,productpage,v1,Running,True
1779219043,productpage,v1,Running,True
1779219043,productpage,v1,Running,True
1779219043,productpage,v1,Running,True
1779219043,productpage,v1,Running,True
1779219043,productpage,v1,Running,True
1779219043,productpage,v1,Running,True
1779219043,productpage,v1,Running,True
1779219043,productpage,v1,Running,True
1779219043,productpage,v1,Running,True
1779219043,productpage,v1,Running,True
1779219043,ratings,v1,Pending,
1779219043,ratings,v1,Running,True
1779219043,reviews,v1,Running,True
1779219043,reviews,v2,Running,True
1779219043,reviews,v2,Running,True
1779219043,reviews,v2,Running,True
1779219043,reviews,v2,Running,True
1779219043,reviews,v2,Running,True
1779219043,reviews,v2,Running,True
1779219043,reviews,v2,Running,True
1779219043,reviews,v3,Running,True
1779219043,reviews,v3,Running,True
1779219043,reviews,v3,Running,True
1779219043,reviews,v3,Running,True
1779219043,reviews,v3,Running,True
1779219043,reviews,v3,Running,True
1779219043,reviews,v3,Running,True
1779219043,reviews,v3,Running,True
1779219043,reviews,v3,Running,True
1779219043,reviews,v3,Running,True
1779219044,details,v1,Running,True
1779219044,details,v1,Pending,
1779219044,details,v1,Running,True
1779219044,details,v1,Running,True
1779219044,details,v1,Running,True
1779219044,details,v1,Running,True
1779219044,details,v1,Running,True
1779219044,productpage,v1,Running,True
1779219044,productpage,v1,Running,True
1779219044,productpage,v1,Running,True
1779219044,productpage,v1,Running,True
1779219044,productpage,v1,Running,True
1779219044,productpage,v1,Running,True
1779219044,productpage,v1,Running,True
1779219044,productpage,v1,Running,True
1779219044,productpage,v1,Running,True
1779219044,productpage,v1,Running,True
1779219044,productpage,v1,Running,True
1779219044,productpage,v1,Running,True
1779219044,productpage,v1,Running,True
1779219044,productpage,v1,Running,True
1779219044,productpage,v1,Running,True
1779219044,ratings,v1,Pending,
1779219044,ratings,v1,Running,True
1779219044,reviews,v1,Running,True
1779219044,reviews,v2,Running,True
1779219044,reviews,v2,Running,True
1779219044,reviews,v2,Running,True
1779219044,reviews,v2,Running,True
1779219044,reviews,v2,Running,True
1779219044,reviews,v2,Running,True
1779219044,reviews,v2,Running,True
1779219044,reviews,v3,Running,True
1779219044,reviews,v3,Running,True
1779219044,reviews,v3,Running,True
1779219044,reviews,v3,Running,True
1779219044,reviews,v3,Running,True
1779219044,reviews,v3,Running,True
1779219044,reviews,v3,Running,True
1779219044,reviews,v3,Running,True
1779219044,reviews,v3,Running,True
1779219044,reviews,v3,Running,True
1779219045,details,v1,Running,True
1779219045,details,v1,Pending,
1779219045,details,v1,Running,True
1779219045,details,v1,Running,True
1779219045,details,v1,Running,True
1779219045,details,v1,Running,True
1779219045,details,v1,Running,True
1779219045,productpage,v1,Running,True
1779219045,productpage,v1,Running,True
1779219045,productpage,v1,Running,True
1779219045,productpage,v1,Running,True
1779219045,productpage,v1,Running,True
1779219045,productpage,v1,Running,True
1779219045,productpage,v1,Running,True
1779219045,productpage,v1,Running,True
1779219045,productpage,v1,Running,True
1779219045,productpage,v1,Running,True
1779219045,productpage,v1,Running,True
1779219045,productpage,v1,Running,True
1779219045,productpage,v1,Running,True
1779219045,productpage,v1,Running,True
1779219045,productpage,v1,Running,True
1779219045,ratings,v1,Pending,
1779219045,ratings,v1,Running,True
1779219045,reviews,v1,Running,True
1779219045,reviews,v2,Running,True
1779219045,reviews,v2,Running,True
1779219045,reviews,v2,Running,True
1779219045,reviews,v2,Running,True
1779219045,reviews,v2,Running,True
1779219045,reviews,v2,Running,True
1779219045,reviews,v2,Running,True
1779219045,reviews,v3,Running,True
1779219045,reviews,v3,Running,True
1779219045,reviews,v3,Running,True
1779219045,reviews,v3,Running,True
1779219045,reviews,v3,Running,True
1779219045,reviews,v3,Running,True
1779219045,reviews,v3,Running,True
1779219045,reviews,v3,Running,True
1779219045,reviews,v3,Running,True
1779219045,reviews,v3,Running,True
1779219046,details,v1,Running,True
1779219046,details,v1,Pending,
1779219046,details,v1,Running,True
1779219046,details,v1,Running,True
1779219046,details,v1,Running,True
1779219046,details,v1,Running,True
1779219046,details,v1,Running,True
1779219046,productpage,v1,Running,True
1779219046,productpage,v1,Running,True
1779219046,productpage,v1,Running,True
1779219046,productpage,v1,Running,True
1779219046,productpage,v1,Running,True
1779219046,productpage,v1,Running,True
1779219046,productpage,v1,Running,True
1779219046,productpage,v1,Running,True
1779219046,productpage,v1,Running,True
1779219046,productpage,v1,Running,True
1779219046,productpage,v1,Running,True
1779219046,productpage,v1,Running,True
1779219046,productpage,v1,Running,True
1779219046,productpage,v1,Running,True
1779219046,productpage,v1,Running,True
1779219046,ratings,v1,Pending,
1779219046,ratings,v1,Running,True
1779219046,reviews,v1,Running,True
1779219046,reviews,v2,Running,True
1779219046,reviews,v2,Running,True
1779219046,reviews,v2,Running,True
1779219046,reviews,v2,Running,True
1779219046,reviews,v2,Running,True
1779219046,reviews,v2,Running,True
1779219046,reviews,v2,Running,True
1779219046,reviews,v3,Running,True
1779219046,reviews,v3,Running,True
1779219046,reviews,v3,Running,True
1779219046,reviews,v3,Running,True
1779219046,reviews,v3,Running,True
1779219046,reviews,v3,Running,True
1779219046,reviews,v3,Running,True
1779219046,reviews,v3,Running,True
1779219046,reviews,v3,Running,True
1779219046,reviews,v3,Running,True
1779219047,details,v1,Running,True
1779219047,details,v1,Pending,
1779219047,details,v1,Running,True
1779219047,details,v1,Running,True
1779219047,details,v1,Running,True
1779219047,details,v1,Running,True
1779219047,details,v1,Running,True
1779219047,productpage,v1,Running,True
1779219047,productpage,v1,Running,True
1779219047,productpage,v1,Running,True
1779219047,productpage,v1,Running,True
1779219047,productpage,v1,Running,True
1779219047,productpage,v1,Running,True
1779219047,productpage,v1,Running,True
1779219047,productpage,v1,Running,True
1779219047,productpage,v1,Running,True
1779219047,productpage,v1,Running,True
1779219047,productpage,v1,Running,True
1779219047,productpage,v1,Running,True
1779219047,productpage,v1,Running,True
1779219047,productpage,v1,Running,True
1779219047,productpage,v1,Running,True
1779219047,ratings,v1,Pending,
1779219047,ratings,v1,Running,True
1779219047,reviews,v1,Running,True
1779219047,reviews,v2,Running,True
1779219047,reviews,v2,Running,True
1779219047,reviews,v2,Running,True
1779219047,reviews,v2,Running,True
1779219047,reviews,v2,Running,True
1779219047,reviews,v2,Running,True
1779219047,reviews,v2,Running,True
1779219047,reviews,v3,Running,True
1779219047,reviews,v3,Running,True
1779219047,reviews,v3,Running,True
1779219047,reviews,v3,Running,True
1779219047,reviews,v3,Running,True
1779219047,reviews,v3,Running,True
1779219047,reviews,v3,Running,True
1779219047,reviews,v3,Running,True
1779219047,reviews,v3,Running,True
1779219047,reviews,v3,Running,True
1779219048,details,v1,Running,True
1779219048,details,v1,Pending,
1779219048,details,v1,Running,True
1779219048,details,v1,Running,True
1779219048,details,v1,Running,True
1779219048,details,v1,Running,True
1779219048,details,v1,Running,True
1779219048,productpage,v1,Running,True
1779219048,productpage,v1,Running,True
1779219048,productpage,v1,Running,True
1779219048,productpage,v1,Running,True
1779219048,productpage,v1,Running,True
1779219048,productpage,v1,Running,True
1779219048,productpage,v1,Running,True
1779219048,productpage,v1,Running,True
1779219048,productpage,v1,Running,True
1779219048,productpage,v1,Running,True
1779219048,productpage,v1,Running,True
1779219048,productpage,v1,Running,True
1779219048,productpage,v1,Running,True
1779219048,productpage,v1,Running,True
1779219048,productpage,v1,Running,True
1779219048,ratings,v1,Pending,
1779219048,ratings,v1,Running,True
1779219048,reviews,v1,Running,True
1779219048,reviews,v2,Running,True
1779219048,reviews,v2,Running,True
1779219048,reviews,v2,Running,True
1779219048,reviews,v2,Running,True
1779219048,reviews,v2,Running,True
1779219048,reviews,v2,Running,True
1779219048,reviews,v2,Running,True
1779219048,reviews,v3,Running,True
1779219048,reviews,v3,Running,True
1779219048,reviews,v3,Running,True
1779219048,reviews,v3,Running,True
1779219048,reviews,v3,Running,True
1779219048,reviews,v3,Running,True
1779219048,reviews,v3,Running,True
1779219048,reviews,v3,Running,True
1779219048,reviews,v3,Running,True
1779219048,reviews,v3,Running,True
1779219049,details,v1,Running,True
1779219049,details,v1,Pending,
1779219049,details,v1,Running,True
1779219049,details,v1,Running,True
1779219049,details,v1,Running,True
1779219049,details,v1,Running,True
1779219049,details,v1,Running,True
1779219049,productpage,v1,Running,True
1779219049,productpage,v1,Running,True
1779219049,productpage,v1,Running,True
1779219049,productpage,v1,Running,True
1779219049,productpage,v1,Running,True
1779219049,productpage,v1,Running,True
1779219049,productpage,v1,Running,True
1779219049,productpage,v1,Running,True
1779219049,productpage,v1,Running,True
1779219049,productpage,v1,Running,True
1779219049,productpage,v1,Running,True
1779219049,productpage,v1,Running,True
1779219049,productpage,v1,Running,True
1779219049,productpage,v1,Running,True
1779219049,productpage,v1,Running,True
1779219049,ratings,v1,Pending,
1779219049,ratings,v1,Running,True
1779219049,reviews,v1,Running,True
1779219049,reviews,v2,Running,True
1779219049,reviews,v2,Running,True
1779219049,reviews,v2,Running,True
1779219049,reviews,v2,Running,True
1779219049,reviews,v2,Running,True
1779219049,reviews,v2,Running,True
1779219049,reviews,v2,Running,True
1779219049,reviews,v3,Running,True
1779219049,reviews,v3,Running,True
1779219049,reviews,v3,Running,True
1779219049,reviews,v3,Running,True
1779219049,reviews,v3,Running,True
1779219049,reviews,v3,Running,True
1779219049,reviews,v3,Running,True
1779219049,reviews,v3,Running,True
1779219049,reviews,v3,Running,True
1779219049,reviews,v3,Running,True
1779219050,details,v1,Running,True
1779219050,details,v1,Pending,
1779219050,details,v1,Running,True
1779219050,details,v1,Running,True
1779219050,details,v1,Running,True
1779219050,details,v1,Running,True
1779219050,details,v1,Running,True
1779219050,productpage,v1,Running,True
1779219050,productpage,v1,Running,True
1779219050,productpage,v1,Running,True
1779219050,productpage,v1,Running,True
1779219050,productpage,v1,Running,True
1779219050,productpage,v1,Running,True
1779219050,productpage,v1,Running,True
1779219050,productpage,v1,Running,True
1779219050,productpage,v1,Running,True
1779219050,productpage,v1,Running,True
1779219050,productpage,v1,Running,True
1779219050,productpage,v1,Running,True
1779219050,productpage,v1,Running,True
1779219050,productpage,v1,Running,True
1779219050,productpage,v1,Running,True
1779219050,ratings,v1,Pending,
1779219050,ratings,v1,Running,True
1779219050,reviews,v1,Running,True
1779219050,reviews,v2,Running,True
1779219050,reviews,v2,Running,True
1779219050,reviews,v2,Running,True
1779219050,reviews,v2,Running,True
1779219050,reviews,v2,Running,True
1779219050,reviews,v2,Running,True
1779219050,reviews,v2,Running,True
1779219050,reviews,v3,Running,True
1779219050,reviews,v3,Running,True
1779219050,reviews,v3,Running,True
1779219050,reviews,v3,Running,True
1779219050,reviews,v3,Running,True
1779219050,reviews,v3,Running,True
1779219050,reviews,v3,Running,True
1779219050,reviews,v3,Running,True
1779219050,reviews,v3,Running,True
1779219050,reviews,v3,Running,True
1779219051,details,v1,Running,True
1779219051,details,v1,Pending,
1779219051,details,v1,Running,True
1779219051,details,v1,Running,True
1779219051,details,v1,Running,True
1779219051,details,v1,Running,True
1779219051,details,v1,Running,True
1779219051,productpage,v1,Running,True
1779219051,productpage,v1,Running,True
1779219051,productpage,v1,Running,True
1779219051,productpage,v1,Running,True
1779219051,productpage,v1,Running,True
1779219051,productpage,v1,Running,True
1779219051,productpage,v1,Running,True
1779219051,productpage,v1,Running,True
1779219051,productpage,v1,Running,True
1779219051,productpage,v1,Running,True
1779219051,productpage,v1,Running,True
1779219051,productpage,v1,Running,True
1779219051,productpage,v1,Running,True
1779219051,productpage,v1,Running,True
1779219051,productpage,v1,Running,True
1779219051,ratings,v1,Pending,
1779219051,ratings,v1,Running,True
1779219051,reviews,v1,Running,True
1779219051,reviews,v2,Running,True
1779219051,reviews,v2,Running,True
1779219051,reviews,v2,Running,True
1779219051,reviews,v2,Running,True
1779219051,reviews,v2,Running,True
1779219051,reviews,v2,Running,True
1779219051,reviews,v2,Running,True
1779219051,reviews,v3,Running,True
1779219051,reviews,v3,Running,True
1779219051,reviews,v3,Running,True
1779219051,reviews,v3,Running,True
1779219051,reviews,v3,Running,True
1779219051,reviews,v3,Running,True
1779219051,reviews,v3,Running,True
1779219051,reviews,v3,Running,True
1779219051,reviews,v3,Running,True
1779219051,reviews,v3,Running,True
1779219052,details,v1,Running,True
1779219052,details,v1,Pending,
1779219052,details,v1,Running,True
1779219052,details,v1,Running,True
1779219052,details,v1,Running,True
1779219052,details,v1,Running,True
1779219052,details,v1,Running,True
1779219052,productpage,v1,Running,True
1779219052,productpage,v1,Running,True
1779219052,productpage,v1,Running,True
1779219052,productpage,v1,Running,True
1779219052,productpage,v1,Running,True
1779219052,productpage,v1,Running,True
1779219052,productpage,v1,Running,True
1779219052,productpage,v1,Running,True
1779219052,productpage,v1,Running,True
1779219052,productpage,v1,Running,True
1779219052,productpage,v1,Running,True
1779219052,productpage,v1,Running,True
1779219052,productpage,v1,Running,True
1779219052,productpage,v1,Running,True
1779219052,productpage,v1,Running,True
1779219052,ratings,v1,Pending,
1779219052,ratings,v1,Running,True
1779219052,reviews,v1,Running,True
1779219052,reviews,v2,Running,True
1779219052,reviews,v2,Running,True
1779219052,reviews,v2,Running,True
1779219052,reviews,v2,Running,True
1779219052,reviews,v2,Running,True
1779219052,reviews,v2,Running,True
1779219052,reviews,v2,Running,True
1779219052,reviews,v3,Running,True
1779219052,reviews,v3,Running,True
1779219052,reviews,v3,Running,True
1779219052,reviews,v3,Running,True
1779219052,reviews,v3,Running,True
1779219052,reviews,v3,Running,True
1779219052,reviews,v3,Running,True
1779219052,reviews,v3,Running,True
1779219052,reviews,v3,Running,True
1779219052,reviews,v3,Running,True
1779219053,details,v1,Running,True
1779219053,details,v1,Pending,
1779219053,details,v1,Running,True
1779219053,details,v1,Running,True
1779219053,details,v1,Running,True
1779219053,details,v1,Running,True
1779219053,details,v1,Running,True
1779219053,productpage,v1,Running,True
1779219053,productpage,v1,Running,True
1779219053,productpage,v1,Running,True
1779219053,productpage,v1,Running,True
1779219053,productpage,v1,Running,True
1779219053,productpage,v1,Running,True
1779219053,productpage,v1,Running,True
1779219053,productpage,v1,Running,True
1779219053,productpage,v1,Running,True
1779219053,productpage,v1,Running,True
1779219053,productpage,v1,Running,True
1779219053,productpage,v1,Running,True
1779219053,productpage,v1,Running,True
1779219053,productpage,v1,Running,True
1779219053,productpage,v1,Running,True
1779219053,ratings,v1,Pending,
1779219053,ratings,v1,Running,True
1779219053,reviews,v1,Running,True
1779219053,reviews,v2,Running,True
1779219053,reviews,v2,Running,True
1779219053,reviews,v2,Running,True
1779219053,reviews,v2,Running,True
1779219053,reviews,v2,Running,True
1779219053,reviews,v2,Running,True
1779219053,reviews,v2,Running,True
1779219053,reviews,v3,Running,True
1779219053,reviews,v3,Running,True
1779219053,reviews,v3,Running,True
1779219053,reviews,v3,Running,True
1779219053,reviews,v3,Running,True
1779219053,reviews,v3,Running,True
1779219053,reviews,v3,Running,True
1779219053,reviews,v3,Running,True
1779219053,reviews,v3,Running,True
1779219053,reviews,v3,Running,True
1779219054,details,v1,Running,True
1779219054,details,v1,Pending,
1779219054,details,v1,Running,True
1779219054,details,v1,Running,True
1779219054,details,v1,Running,True
1779219054,details,v1,Running,True
1779219054,details,v1,Running,True
1779219054,productpage,v1,Running,True
1779219054,productpage,v1,Running,True
1779219054,productpage,v1,Running,True
1779219054,productpage,v1,Running,True
1779219054,productpage,v1,Running,True
1779219054,productpage,v1,Running,True
1779219054,productpage,v1,Running,True
1779219054,productpage,v1,Running,True
1779219054,productpage,v1,Running,True
1779219054,productpage,v1,Running,True
1779219054,productpage,v1,Running,True
1779219054,productpage,v1,Running,True
1779219054,productpage,v1,Running,True
1779219054,productpage,v1,Running,True
1779219054,productpage,v1,Running,True
1779219054,ratings,v1,Pending,
1779219054,ratings,v1,Running,True
1779219054,reviews,v1,Running,True
1779219054,reviews,v2,Running,True
1779219054,reviews,v2,Running,True
1779219054,reviews,v2,Running,True
1779219054,reviews,v2,Running,True
1779219054,reviews,v2,Running,True
1779219054,reviews,v2,Running,True
1779219054,reviews,v2,Running,True
1779219054,reviews,v3,Running,True
1779219054,reviews,v3,Running,True
1779219054,reviews,v3,Running,True
1779219054,reviews,v3,Running,True
1779219054,reviews,v3,Running,True
1779219054,reviews,v3,Running,True
1779219054,reviews,v3,Running,True
1779219054,reviews,v3,Running,True
1779219054,reviews,v3,Running,True
1779219054,reviews,v3,Running,True
1779219055,details,v1,Running,True
1779219055,details,v1,Pending,
1779219055,details,v1,Running,True
1779219055,details,v1,Running,True
1779219055,details,v1,Running,True
1779219055,details,v1,Running,True
1779219055,details,v1,Running,True
1779219055,productpage,v1,Running,True
1779219055,productpage,v1,Running,True
1779219055,productpage,v1,Running,True
1779219055,productpage,v1,Running,True
1779219055,productpage,v1,Running,True
1779219055,productpage,v1,Running,True
1779219055,productpage,v1,Running,True
1779219055,productpage,v1,Running,True
1779219055,productpage,v1,Running,True
1779219055,productpage,v1,Running,True
1779219055,productpage,v1,Running,True
1779219055,productpage,v1,Running,True
1779219055,productpage,v1,Running,True
1779219055,productpage,v1,Running,True
1779219055,productpage,v1,Running,True
1779219055,ratings,v1,Pending,
1779219055,ratings,v1,Running,True
1779219055,reviews,v1,Running,True
1779219055,reviews,v2,Running,True
1779219055,reviews,v2,Running,True
1779219055,reviews,v2,Running,True
1779219055,reviews,v2,Running,True
1779219055,reviews,v2,Running,True
1779219055,reviews,v2,Running,True
1779219055,reviews,v2,Running,True
1779219055,reviews,v3,Running,True
1779219055,reviews,v3,Running,True
1779219055,reviews,v3,Running,True
1779219055,reviews,v3,Running,True
1779219055,reviews,v3,Running,True
1779219055,reviews,v3,Running,True
1779219055,reviews,v3,Running,True
1779219055,reviews,v3,Running,True
1779219055,reviews,v3,Running,True
1779219055,reviews,v3,Running,True
1779219057,details,v1,Running,True
1779219057,details,v1,Pending,
1779219057,details,v1,Running,True
1779219057,details,v1,Running,True
1779219057,details,v1,Running,True
1779219057,details,v1,Running,True
1779219057,details,v1,Running,True
1779219057,productpage,v1,Running,True
1779219057,productpage,v1,Running,True
1779219057,productpage,v1,Running,True
1779219057,productpage,v1,Running,True
1779219057,productpage,v1,Running,True
1779219057,productpage,v1,Running,True
1779219057,productpage,v1,Running,True
1779219057,productpage,v1,Running,True
1779219057,productpage,v1,Running,True
1779219057,productpage,v1,Running,True
1779219057,productpage,v1,Running,True
1779219057,productpage,v1,Running,True
1779219057,productpage,v1,Running,True
1779219057,productpage,v1,Running,True
1779219057,productpage,v1,Running,True
1779219057,ratings,v1,Pending,
1779219057,ratings,v1,Running,True
1779219057,reviews,v1,Running,True
1779219057,reviews,v2,Running,True
1779219057,reviews,v2,Running,True
1779219057,reviews,v2,Running,True
1779219057,reviews,v2,Running,True
1779219057,reviews,v2,Running,True
1779219057,reviews,v2,Running,True
1779219057,reviews,v2,Running,True
1779219057,reviews,v3,Running,True
1779219057,reviews,v3,Running,True
1779219057,reviews,v3,Running,True
1779219057,reviews,v3,Running,True
1779219057,reviews,v3,Running,True
1779219057,reviews,v3,Running,True
1779219057,reviews,v3,Running,True
1779219057,reviews,v3,Running,True
1779219057,reviews,v3,Running,True
1779219057,reviews,v3,Running,True
1779219058,details,v1,Running,True
1779219058,details,v1,Pending,
1779219058,details,v1,Running,True
1779219058,details,v1,Running,True
1779219058,details,v1,Running,True
1779219058,details,v1,Running,True
1779219058,details,v1,Running,True
1779219058,productpage,v1,Running,True
1779219058,productpage,v1,Running,True
1779219058,productpage,v1,Running,True
1779219058,productpage,v1,Running,True
1779219058,productpage,v1,Running,True
1779219058,productpage,v1,Running,True
1779219058,productpage,v1,Running,True
1779219058,productpage,v1,Running,True
1779219058,productpage,v1,Running,True
1779219058,productpage,v1,Running,True
1779219058,productpage,v1,Running,True
1779219058,productpage,v1,Running,True
1779219058,productpage,v1,Running,True
1779219058,productpage,v1,Running,True
1779219058,productpage,v1,Running,True
1779219058,ratings,v1,Pending,
1779219058,ratings,v1,Running,True
1779219058,reviews,v1,Running,True
1779219058,reviews,v2,Running,True
1779219058,reviews,v2,Running,True
1779219058,reviews,v2,Running,True
1779219058,reviews,v2,Running,True
1779219058,reviews,v2,Running,True
1779219058,reviews,v2,Running,True
1779219058,reviews,v2,Running,True
1779219058,reviews,v3,Running,True
1779219058,reviews,v3,Running,True
1779219058,reviews,v3,Running,True
1779219058,reviews,v3,Running,True
1779219058,reviews,v3,Running,True
1779219058,reviews,v3,Running,True
1779219058,reviews,v3,Running,True
1779219058,reviews,v3,Running,True
1779219058,reviews,v3,Running,True
1779219058,reviews,v3,Running,True
1779219059,details,v1,Running,True
1779219059,details,v1,Pending,
1779219059,details,v1,Running,True
1779219059,details,v1,Running,True
1779219059,details,v1,Running,True
1779219059,details,v1,Running,True
1779219059,details,v1,Running,True
1779219059,productpage,v1,Running,True
1779219059,productpage,v1,Running,True
1779219059,productpage,v1,Running,True
1779219059,productpage,v1,Running,True
1779219059,productpage,v1,Running,True
1779219059,productpage,v1,Running,True
1779219059,productpage,v1,Running,True
1779219059,productpage,v1,Running,True
1779219059,productpage,v1,Running,True
1779219059,productpage,v1,Running,True
1779219059,productpage,v1,Running,True
1779219059,productpage,v1,Running,True
1779219059,productpage,v1,Running,True
1779219059,productpage,v1,Running,True
1779219059,productpage,v1,Running,True
1779219059,ratings,v1,Pending,
1779219059,ratings,v1,Running,True
1779219059,reviews,v1,Running,True
1779219059,reviews,v2,Running,True
1779219059,reviews,v2,Running,True
1779219059,reviews,v2,Running,True
1779219059,reviews,v2,Running,True
1779219059,reviews,v2,Running,True
1779219059,reviews,v2,Running,True
1779219059,reviews,v2,Running,True
1779219059,reviews,v3,Running,True
1779219059,reviews,v3,Running,True
1779219059,reviews,v3,Running,True
1779219059,reviews,v3,Running,True
1779219059,reviews,v3,Running,True
1779219059,reviews,v3,Running,True
1779219059,reviews,v3,Running,True
1779219059,reviews,v3,Running,True
1779219059,reviews,v3,Running,True
1779219059,reviews,v3,Running,True
1779219060,details,v1,Running,True
1779219060,details,v1,Pending,
1779219060,details,v1,Running,True
1779219060,details,v1,Running,True
1779219060,details,v1,Running,True
1779219060,details,v1,Running,True
1779219060,details,v1,Running,True
1779219060,productpage,v1,Running,True
1779219060,productpage,v1,Running,True
1779219060,productpage,v1,Running,True
1779219060,productpage,v1,Running,True
1779219060,productpage,v1,Running,True
1779219060,productpage,v1,Running,True
1779219060,productpage,v1,Running,True
1779219060,productpage,v1,Running,True
1779219060,productpage,v1,Running,True
1779219060,productpage,v1,Running,True
1779219060,productpage,v1,Running,True
1779219060,productpage,v1,Running,True
1779219060,productpage,v1,Running,True
1779219060,productpage,v1,Running,True
1779219060,productpage,v1,Running,True
1779219060,ratings,v1,Pending,
1779219060,ratings,v1,Running,True
1779219060,reviews,v1,Running,True
1779219060,reviews,v2,Running,True
1779219060,reviews,v2,Running,True
1779219060,reviews,v2,Running,True
1779219060,reviews,v2,Running,True
1779219060,reviews,v2,Running,True
1779219060,reviews,v2,Running,True
1779219060,reviews,v2,Running,True
1779219060,reviews,v3,Running,True
1779219060,reviews,v3,Running,True
1779219060,reviews,v3,Running,True
1779219060,reviews,v3,Running,True
1779219060,reviews,v3,Running,True
1779219060,reviews,v3,Running,True
1779219060,reviews,v3,Running,True
1779219060,reviews,v3,Running,True
1779219060,reviews,v3,Running,True
1779219060,reviews,v3,Running,True
1779219061,details,v1,Running,True
1779219061,details,v1,Pending,
1779219061,details,v1,Running,True
1779219061,details,v1,Running,True
1779219061,details,v1,Running,True
1779219061,details,v1,Running,True
1779219061,details,v1,Running,True
1779219061,productpage,v1,Running,True
1779219061,productpage,v1,Running,True
1779219061,productpage,v1,Running,True
1779219061,productpage,v1,Running,True
1779219061,productpage,v1,Running,True
1779219061,productpage,v1,Running,True
1779219061,productpage,v1,Running,True
1779219061,productpage,v1,Running,True
1779219061,productpage,v1,Running,True
1779219061,productpage,v1,Running,True
1779219061,productpage,v1,Running,True
1779219061,productpage,v1,Running,True
1779219061,productpage,v1,Running,True
1779219061,productpage,v1,Running,True
1779219061,productpage,v1,Running,True
1779219061,ratings,v1,Pending,
1779219061,ratings,v1,Running,True
1779219061,reviews,v1,Running,True
1779219061,reviews,v2,Running,True
1779219061,reviews,v2,Running,True
1779219061,reviews,v2,Running,True
1779219061,reviews,v2,Running,True
1779219061,reviews,v2,Running,True
1779219061,reviews,v2,Running,True
1779219061,reviews,v2,Running,True
1779219061,reviews,v3,Running,True
1779219061,reviews,v3,Running,True
1779219061,reviews,v3,Running,True
1779219061,reviews,v3,Running,True
1779219061,reviews,v3,Running,True
1779219061,reviews,v3,Running,True
1779219061,reviews,v3,Running,True
1779219061,reviews,v3,Running,True
1779219061,reviews,v3,Running,True
1779219061,reviews,v3,Running,True
1779219062,details,v1,Running,True
1779219062,details,v1,Pending,
1779219062,details,v1,Running,True
1779219062,details,v1,Running,True
1779219062,details,v1,Running,True
1779219062,details,v1,Running,True
1779219062,details,v1,Running,True
1779219062,productpage,v1,Running,True
1779219062,productpage,v1,Running,True
1779219062,productpage,v1,Running,True
1779219062,productpage,v1,Running,True
1779219062,productpage,v1,Running,True
1779219062,productpage,v1,Running,True
1779219062,productpage,v1,Running,True
1779219062,productpage,v1,Running,True
1779219062,productpage,v1,Running,True
1779219062,productpage,v1,Running,True
1779219062,productpage,v1,Running,True
1779219062,productpage,v1,Running,True
1779219062,productpage,v1,Running,True
1779219062,productpage,v1,Running,True
1779219062,productpage,v1,Running,True
1779219062,ratings,v1,Pending,
1779219062,ratings,v1,Running,True
1779219062,reviews,v1,Running,True
1779219062,reviews,v2,Running,True
1779219062,reviews,v2,Running,True
1779219062,reviews,v2,Running,True
1779219062,reviews,v2,Running,True
1779219062,reviews,v2,Running,True
1779219062,reviews,v2,Running,True
1779219062,reviews,v2,Running,True
1779219062,reviews,v3,Running,True
1779219062,reviews,v3,Running,True
1779219062,reviews,v3,Running,True
1779219062,reviews,v3,Running,True
1779219062,reviews,v3,Running,True
1779219062,reviews,v3,Running,True
1779219062,reviews,v3,Running,True
1779219062,reviews,v3,Running,True
1779219062,reviews,v3,Running,True
1779219062,reviews,v3,Running,True
1779219063,details,v1,Running,True
1779219063,details,v1,Pending,
1779219063,details,v1,Running,True
1779219063,details,v1,Running,True
1779219063,details,v1,Running,True
1779219063,details,v1,Running,True
1779219063,details,v1,Running,True
1779219063,productpage,v1,Running,True
1779219063,productpage,v1,Running,True
1779219063,productpage,v1,Running,True
1779219063,productpage,v1,Running,True
1779219063,productpage,v1,Running,True
1779219063,productpage,v1,Running,True
1779219063,productpage,v1,Running,True
1779219063,productpage,v1,Running,True
1779219063,productpage,v1,Running,True
1779219063,productpage,v1,Running,True
1779219063,productpage,v1,Running,True
1779219063,productpage,v1,Running,True
1779219063,productpage,v1,Running,True
1779219063,productpage,v1,Running,True
1779219063,productpage,v1,Running,True
1779219063,ratings,v1,Pending,
1779219063,ratings,v1,Running,True
1779219063,reviews,v1,Running,True
1779219063,reviews,v2,Running,True
1779219063,reviews,v2,Running,True
1779219063,reviews,v2,Running,True
1779219063,reviews,v2,Running,True
1779219063,reviews,v2,Running,True
1779219063,reviews,v2,Running,True
1779219063,reviews,v2,Running,True
1779219063,reviews,v3,Running,True
1779219063,reviews,v3,Running,True
1779219063,reviews,v3,Running,True
1779219063,reviews,v3,Running,True
1779219063,reviews,v3,Running,True
1779219063,reviews,v3,Running,True
1779219063,reviews,v3,Running,True
1779219063,reviews,v3,Running,True
1779219063,reviews,v3,Running,True
1779219063,reviews,v3,Running,True
1779219064,details,v1,Running,True
1779219064,details,v1,Pending,
1779219064,details,v1,Running,True
1779219064,details,v1,Running,True
1779219064,details,v1,Running,True
1779219064,details,v1,Running,True
1779219064,details,v1,Running,True
1779219064,productpage,v1,Running,True
1779219064,productpage,v1,Running,True
1779219064,productpage,v1,Running,True
1779219064,productpage,v1,Running,True
1779219064,productpage,v1,Running,True
1779219064,productpage,v1,Running,True
1779219064,productpage,v1,Running,True
1779219064,productpage,v1,Running,True
1779219064,productpage,v1,Running,True
1779219064,productpage,v1,Running,True
1779219064,productpage,v1,Running,True
1779219064,productpage,v1,Running,True
1779219064,productpage,v1,Running,True
1779219064,productpage,v1,Running,True
1779219064,productpage,v1,Running,True
1779219064,ratings,v1,Pending,
1779219064,ratings,v1,Running,True
1779219064,reviews,v1,Running,True
1779219064,reviews,v2,Running,True
1779219064,reviews,v2,Running,True
1779219064,reviews,v2,Running,True
1779219064,reviews,v2,Running,True
1779219064,reviews,v2,Running,True
1779219064,reviews,v2,Running,True
1779219064,reviews,v2,Running,True
1779219064,reviews,v3,Running,True
1779219064,reviews,v3,Running,True
1779219064,reviews,v3,Running,True
1779219064,reviews,v3,Running,True
1779219064,reviews,v3,Running,True
1779219064,reviews,v3,Running,True
1779219064,reviews,v3,Running,True
1779219064,reviews,v3,Running,True
1779219064,reviews,v3,Running,True
1779219064,reviews,v3,Running,True
1779219065,details,v1,Running,True
1779219065,details,v1,Pending,
1779219065,details,v1,Running,True
1779219065,details,v1,Running,True
1779219065,details,v1,Running,True
1779219065,details,v1,Running,True
1779219065,details,v1,Running,True
1779219065,productpage,v1,Running,True
1779219065,productpage,v1,Running,True
1779219065,productpage,v1,Running,True
1779219065,productpage,v1,Running,True
1779219065,productpage,v1,Running,True
1779219065,productpage,v1,Running,True
1779219065,productpage,v1,Running,True
1779219065,productpage,v1,Running,True
1779219065,productpage,v1,Running,True
1779219065,productpage,v1,Running,True
1779219065,productpage,v1,Running,True
1779219065,productpage,v1,Running,True
1779219065,productpage,v1,Running,True
1779219065,productpage,v1,Running,True
1779219065,productpage,v1,Running,True
1779219065,ratings,v1,Pending,
1779219065,ratings,v1,Running,True
1779219065,reviews,v1,Running,True
1779219065,reviews,v2,Running,True
1779219065,reviews,v2,Running,True
1779219065,reviews,v2,Running,True
1779219065,reviews,v2,Running,True
1779219065,reviews,v2,Running,True
1779219065,reviews,v2,Running,True
1779219065,reviews,v2,Running,True
1779219065,reviews,v3,Running,True
1779219065,reviews,v3,Running,True
1779219065,reviews,v3,Running,True
1779219065,reviews,v3,Running,True
1779219065,reviews,v3,Running,True
1779219065,reviews,v3,Running,True
1779219065,reviews,v3,Running,True
1779219065,reviews,v3,Running,True
1779219065,reviews,v3,Running,True
1779219065,reviews,v3,Running,True
1779219066,details,v1,Running,True
1779219066,details,v1,Pending,
1779219066,details,v1,Running,True
1779219066,details,v1,Running,True
1779219066,details,v1,Running,True
1779219066,details,v1,Running,True
1779219066,details,v1,Running,True
1779219066,productpage,v1,Running,True
1779219066,productpage,v1,Running,True
1779219066,productpage,v1,Running,True
1779219066,productpage,v1,Running,True
1779219066,productpage,v1,Running,True
1779219066,productpage,v1,Running,True
1779219066,productpage,v1,Running,True
1779219066,productpage,v1,Running,True
1779219066,productpage,v1,Running,True
1779219066,productpage,v1,Running,True
1779219066,productpage,v1,Running,True
1779219066,productpage,v1,Running,True
1779219066,productpage,v1,Running,True
1779219066,productpage,v1,Running,True
1779219066,productpage,v1,Running,True
1779219066,ratings,v1,Pending,
1779219066,ratings,v1,Running,True
1779219066,reviews,v1,Running,True
1779219066,reviews,v2,Running,True
1779219066,reviews,v2,Running,True
1779219066,reviews,v2,Running,True
1779219066,reviews,v2,Running,True
1779219066,reviews,v2,Running,True
1779219066,reviews,v2,Running,True
1779219066,reviews,v2,Running,True
1779219066,reviews,v3,Running,True
1779219066,reviews,v3,Running,True
1779219066,reviews,v3,Running,True
1779219066,reviews,v3,Running,True
1779219066,reviews,v3,Running,True
1779219066,reviews,v3,Running,True
1779219066,reviews,v3,Running,True
1779219066,reviews,v3,Running,True
1779219066,reviews,v3,Running,True
1779219066,reviews,v3,Running,True
1779219067,details,v1,Running,True
1779219067,details,v1,Pending,
1779219067,details,v1,Running,True
1779219067,details,v1,Running,True
1779219067,details,v1,Running,True
1779219067,details,v1,Running,True
1779219067,details,v1,Running,True
1779219067,productpage,v1,Running,True
1779219067,productpage,v1,Running,True
1779219067,productpage,v1,Running,True
1779219067,productpage,v1,Running,True
1779219067,productpage,v1,Running,True
1779219067,productpage,v1,Running,True
1779219067,productpage,v1,Running,True
1779219067,productpage,v1,Running,True
1779219067,productpage,v1,Running,True
1779219067,productpage,v1,Running,True
1779219067,productpage,v1,Running,True
1779219067,productpage,v1,Running,True
1779219067,productpage,v1,Running,True
1779219067,productpage,v1,Running,True
1779219067,productpage,v1,Running,True
1779219067,ratings,v1,Pending,
1779219067,ratings,v1,Running,True
1779219067,reviews,v1,Running,True
1779219067,reviews,v2,Running,True
1779219067,reviews,v2,Running,True
1779219067,reviews,v2,Running,True
1779219067,reviews,v2,Running,True
1779219067,reviews,v2,Running,True
1779219067,reviews,v2,Running,True
1779219067,reviews,v2,Running,True
1779219067,reviews,v3,Running,True
1779219067,reviews,v3,Running,True
1779219067,reviews,v3,Running,True
1779219067,reviews,v3,Running,True
1779219067,reviews,v3,Running,True
1779219067,reviews,v3,Running,True
1779219067,reviews,v3,Running,True
1779219067,reviews,v3,Running,True
1779219067,reviews,v3,Running,True
1779219067,reviews,v3,Running,True
1779219068,details,v1,Running,True
1779219068,details,v1,Pending,
1779219068,details,v1,Running,True
1779219068,details,v1,Running,True
1779219068,details,v1,Running,True
1779219068,details,v1,Running,True
1779219068,details,v1,Running,True
1779219068,productpage,v1,Running,True
1779219068,productpage,v1,Running,True
1779219068,productpage,v1,Running,True
1779219068,productpage,v1,Running,True
1779219068,productpage,v1,Running,True
1779219068,productpage,v1,Running,True
1779219068,productpage,v1,Running,True
1779219068,productpage,v1,Running,True
1779219068,productpage,v1,Running,True
1779219068,productpage,v1,Running,True
1779219068,productpage,v1,Running,True
1779219068,productpage,v1,Running,True
1779219068,productpage,v1,Running,True
1779219068,productpage,v1,Running,True
1779219068,productpage,v1,Running,True
1779219068,ratings,v1,Pending,
1779219068,ratings,v1,Running,True
1779219068,reviews,v1,Running,True
1779219068,reviews,v2,Running,True
1779219068,reviews,v2,Running,True
1779219068,reviews,v2,Running,True
1779219068,reviews,v2,Running,True
1779219068,reviews,v2,Running,True
1779219068,reviews,v2,Running,True
1779219068,reviews,v2,Running,True
1779219068,reviews,v3,Running,True
1779219068,reviews,v3,Running,True
1779219068,reviews,v3,Running,True
1779219068,reviews,v3,Running,True
1779219068,reviews,v3,Running,True
1779219068,reviews,v3,Running,True
1779219068,reviews,v3,Running,True
1779219068,reviews,v3,Running,True
1779219068,reviews,v3,Running,True
1779219068,reviews,v3,Running,True
1779219069,details,v1,Running,True
1779219069,details,v1,Pending,
1779219069,details,v1,Running,True
1779219069,details,v1,Running,True
1779219069,details,v1,Running,True
1779219069,details,v1,Running,True
1779219069,details,v1,Running,True
1779219069,productpage,v1,Running,True
1779219069,productpage,v1,Running,True
1779219069,productpage,v1,Running,True
1779219069,productpage,v1,Running,True
1779219069,productpage,v1,Running,True
1779219069,productpage,v1,Running,True
1779219069,productpage,v1,Running,True
1779219069,productpage,v1,Running,True
1779219069,productpage,v1,Running,True
1779219069,productpage,v1,Running,True
1779219069,productpage,v1,Running,True
1779219069,productpage,v1,Running,True
1779219069,productpage,v1,Running,True
1779219069,productpage,v1,Running,True
1779219069,productpage,v1,Running,True
1779219069,ratings,v1,Pending,
1779219069,ratings,v1,Running,True
1779219069,reviews,v1,Running,True
1779219069,reviews,v2,Running,True
1779219069,reviews,v2,Running,True
1779219069,reviews,v2,Running,True
1779219069,reviews,v2,Running,True
1779219069,reviews,v2,Running,True
1779219069,reviews,v2,Running,True
1779219069,reviews,v2,Running,True
1779219069,reviews,v3,Running,True
1779219069,reviews,v3,Running,True
1779219069,reviews,v3,Running,True
1779219069,reviews,v3,Running,True
1779219069,reviews,v3,Running,True
1779219069,reviews,v3,Running,True
1779219069,reviews,v3,Running,True
1779219069,reviews,v3,Running,True
1779219069,reviews,v3,Running,True
1779219069,reviews,v3,Running,True
1779219070,details,v1,Running,True
1779219070,details,v1,Pending,
1779219070,details,v1,Running,True
1779219070,details,v1,Running,True
1779219070,details,v1,Running,True
1779219070,details,v1,Running,True
1779219070,details,v1,Running,True
1779219070,productpage,v1,Running,True
1779219070,productpage,v1,Running,True
1779219070,productpage,v1,Running,True
1779219070,productpage,v1,Running,True
1779219070,productpage,v1,Running,True
1779219070,productpage,v1,Running,True
1779219070,productpage,v1,Running,True
1779219070,productpage,v1,Running,True
1779219070,productpage,v1,Running,True
1779219070,productpage,v1,Running,True
1779219070,productpage,v1,Running,True
1779219070,productpage,v1,Running,True
1779219070,productpage,v1,Running,True
1779219070,productpage,v1,Running,True
1779219070,productpage,v1,Running,True
1779219070,ratings,v1,Pending,
1779219070,ratings,v1,Running,True
1779219070,reviews,v1,Running,True
1779219070,reviews,v2,Running,True
1779219070,reviews,v2,Running,True
1779219070,reviews,v2,Running,True
1779219070,reviews,v2,Running,True
1779219070,reviews,v2,Running,True
1779219070,reviews,v2,Running,True
1779219070,reviews,v2,Running,True
1779219070,reviews,v3,Running,True
1779219070,reviews,v3,Running,True
1779219070,reviews,v3,Running,True
1779219070,reviews,v3,Running,True
1779219070,reviews,v3,Running,True
1779219070,reviews,v3,Running,True
1779219070,reviews,v3,Running,True
1779219070,reviews,v3,Running,True
1779219070,reviews,v3,Running,True
1779219070,reviews,v3,Running,True
1779219071,details,v1,Running,True
1779219071,details,v1,Pending,
1779219071,details,v1,Running,True
1779219071,details,v1,Running,True
1779219071,details,v1,Running,True
1779219071,details,v1,Running,True
1779219071,details,v1,Running,True
1779219071,productpage,v1,Running,True
1779219071,productpage,v1,Running,True
1779219071,productpage,v1,Running,True
1779219071,productpage,v1,Running,True
1779219071,productpage,v1,Running,True
1779219071,productpage,v1,Running,True
1779219071,productpage,v1,Running,True
1779219071,productpage,v1,Running,True
1779219071,productpage,v1,Running,True
1779219071,productpage,v1,Running,True
1779219071,productpage,v1,Running,True
1779219071,productpage,v1,Running,True
1779219071,productpage,v1,Running,True
1779219071,productpage,v1,Running,True
1779219071,productpage,v1,Running,True
1779219071,ratings,v1,Pending,
1779219071,ratings,v1,Running,True
1779219071,reviews,v1,Running,True
1779219071,reviews,v2,Running,True
1779219071,reviews,v2,Running,True
1779219071,reviews,v2,Running,True
1779219071,reviews,v2,Running,True
1779219071,reviews,v2,Running,True
1779219071,reviews,v2,Running,True
1779219071,reviews,v2,Running,True
1779219071,reviews,v3,Running,True
1779219071,reviews,v3,Running,True
1779219071,reviews,v3,Running,True
1779219071,reviews,v3,Running,True
1779219071,reviews,v3,Running,True
1779219071,reviews,v3,Running,True
1779219071,reviews,v3,Running,True
1779219071,reviews,v3,Running,True
1779219071,reviews,v3,Running,True
1779219071,reviews,v3,Running,True
