timestamp,service,phase,ready
1789064415,compose-post-service,Running,True
1789064415,home-timeline-redis,Running,True
1789064415,home-timeline-service,Running,True
1789064415,jaeger,Running,True
1789064415,media-frontend,Running,True
1789064415,media-service,Running,True
1789064415,mongodb-sharded-configsvr,Running,True
1789064415,mongodb-sharded-mongos,Running,True
1789064415,mongodb-sharded-mongos,Running,True
1789064415,mongodb-sharded-mongos,Running,True
1789064415,mongodb-sharded-shardsvr,Running,True
1789064415,mongodb-sharded-shardsvr,Running,True
1789064415,mongodb-sharded-shardsvr,Running,True
1789064415,mongodb-sharded-shardsvr,Running,True
1789064415,mongodb-sharded-shardsvr,Running,True
1789064415,mongodb-sharded-shardsvr,Running,True
1789064415,nginx-thrift,Running,True
1789064415,nginx-thrift,Running,True
1789064415,nginx-thrift,Running,True
1789064415,nginx-thrift,Running,True
1789064415,post-storage-service,Running,True
1789064415,social-graph-redis,Running,True
1789064415,social-graph-service,Running,True
1789064415,social-network-mcrouter,Running,True
1789064415,social-network-mcrouter,Running,True
1789064415,social-network-mcrouter,Running,True
1789064415,memcached,Running,True
1789064415,memcached,Running,True
1789064415,memcached,Running,True
1789064415,memcached,Running,True
1789064415,memcached,Running,True
1789064415,memcached,Running,True
1789064415,text-service,Running,True
1789064415,unique-id-service,Running,True
1789064415,url-shorten-service,Running,True
1789064415,user-mention-service,Running,True
1789064415,user-service,Running,True
1789064415,user-timeline-redis,Running,True
1789064415,user-timeline-service,Running,True
1789064416,compose-post-service,Running,True
1789064416,home-timeline-redis,Running,True
1789064416,home-timeline-service,Running,True
1789064416,jaeger,Running,True
1789064416,media-frontend,Running,True
1789064416,media-service,Running,True
1789064416,mongodb-sharded-configsvr,Running,True
1789064416,mongodb-sharded-mongos,Running,True
1789064416,mongodb-sharded-mongos,Running,True
1789064416,mongodb-sharded-mongos,Running,True
1789064416,mongodb-sharded-shardsvr,Running,True
1789064416,mongodb-sharded-shardsvr,Running,True
1789064416,mongodb-sharded-shardsvr,Running,True
1789064416,mongodb-sharded-shardsvr,Running,True
1789064416,mongodb-sharded-shardsvr,Running,True
1789064416,mongodb-sharded-shardsvr,Running,True
1789064416,nginx-thrift,Running,True
1789064416,nginx-thrift,Running,True
1789064416,nginx-thrift,Running,True
1789064416,nginx-thrift,Running,True
1789064416,post-storage-service,Running,True
1789064416,social-graph-redis,Running,True
1789064416,social-graph-service,Running,True
1789064416,social-network-mcrouter,Running,True
1789064416,social-network-mcrouter,Running,True
1789064416,social-network-mcrouter,Running,True
1789064416,memcached,Running,True
1789064416,memcached,Running,True
1789064416,memcached,Running,True
1789064416,memcached,Running,True
1789064416,memcached,Running,True
1789064416,memcached,Running,True
1789064416,text-service,Running,True
1789064416,unique-id-service,Running,True
1789064416,url-shorten-service,Running,True
1789064416,user-mention-service,Running,True
1789064416,user-service,Running,True
1789064416,user-timeline-redis,Running,True
1789064416,user-timeline-service,Running,True
1789064417,compose-post-service,Running,True
1789064417,home-timeline-redis,Running,True
1789064417,home-timeline-service,Running,True
1789064417,jaeger,Running,True
1789064417,media-frontend,Running,True
1789064417,media-service,Running,True
1789064417,mongodb-sharded-configsvr,Running,True
1789064417,mongodb-sharded-mongos,Running,True
1789064417,mongodb-sharded-mongos,Running,True
1789064417,mongodb-sharded-mongos,Running,True
1789064417,mongodb-sharded-shardsvr,Running,True
1789064417,mongodb-sharded-shardsvr,Running,True
1789064417,mongodb-sharded-shardsvr,Running,True
1789064417,mongodb-sharded-shardsvr,Running,True
1789064417,mongodb-sharded-shardsvr,Running,True
1789064417,mongodb-sharded-shardsvr,Running,True
1789064417,nginx-thrift,Running,True
1789064417,nginx-thrift,Running,True
1789064417,nginx-thrift,Running,True
1789064417,nginx-thrift,Running,True
1789064417,post-storage-service,Running,True
1789064417,social-graph-redis,Running,True
1789064417,social-graph-service,Running,True
1789064417,social-network-mcrouter,Running,True
1789064417,social-network-mcrouter,Running,True
1789064417,social-network-mcrouter,Running,True
1789064417,memcached,Running,True
1789064417,memcached,Running,True
1789064417,memcached,Running,True
1789064417,memcached,Running,True
1789064417,memcached,Running,True
1789064417,memcached,Running,True
1789064417,text-service,Running,True
1789064417,unique-id-service,Running,True
1789064417,url-shorten-service,Running,True
1789064417,user-mention-service,Running,True
1789064417,user-service,Running,True
1789064417,user-timeline-redis,Running,True
1789064417,user-timeline-service,Running,True
1789064418,compose-post-service,Running,True
1789064418,home-timeline-redis,Running,True
1789064418,home-timeline-service,Running,True
1789064418,jaeger,Running,True
1789064418,media-frontend,Running,True
1789064418,media-service,Running,True
1789064418,mongodb-sharded-configsvr,Running,True
1789064418,mongodb-sharded-mongos,Running,True
1789064418,mongodb-sharded-mongos,Running,True
1789064418,mongodb-sharded-mongos,Running,True
1789064418,mongodb-sharded-shardsvr,Running,True
1789064418,mongodb-sharded-shardsvr,Running,True
1789064418,mongodb-sharded-shardsvr,Running,True
1789064418,mongodb-sharded-shardsvr,Running,True
1789064418,mongodb-sharded-shardsvr,Running,True
1789064418,mongodb-sharded-shardsvr,Running,True
1789064418,nginx-thrift,Running,True
1789064418,nginx-thrift,Running,True
1789064418,nginx-thrift,Running,True
1789064418,nginx-thrift,Running,True
1789064418,post-storage-service,Running,True
1789064418,social-graph-redis,Running,True
1789064418,social-graph-service,Running,True
1789064418,social-network-mcrouter,Running,True
1789064418,social-network-mcrouter,Running,True
1789064418,social-network-mcrouter,Running,True
1789064418,memcached,Running,True
1789064418,memcached,Running,True
1789064418,memcached,Running,True
1789064418,memcached,Running,True
1789064418,memcached,Running,True
1789064418,memcached,Running,True
1789064418,text-service,Running,True
1789064418,unique-id-service,Running,True
1789064418,url-shorten-service,Running,True
1789064418,user-mention-service,Running,True
1789064418,user-service,Running,True
1789064418,user-timeline-redis,Running,True
1789064418,user-timeline-service,Running,True
1789064419,compose-post-service,Running,True
1789064419,home-timeline-redis,Running,True
1789064419,home-timeline-service,Running,True
1789064419,jaeger,Running,True
1789064419,media-frontend,Running,True
1789064419,media-service,Running,True
1789064419,mongodb-sharded-configsvr,Running,True
1789064419,mongodb-sharded-mongos,Running,True
1789064419,mongodb-sharded-mongos,Running,True
1789064419,mongodb-sharded-mongos,Running,True
1789064419,mongodb-sharded-shardsvr,Running,True
1789064419,mongodb-sharded-shardsvr,Running,True
1789064419,mongodb-sharded-shardsvr,Running,True
1789064419,mongodb-sharded-shardsvr,Running,True
1789064419,mongodb-sharded-shardsvr,Running,True
1789064419,mongodb-sharded-shardsvr,Running,True
1789064419,nginx-thrift,Running,True
1789064419,nginx-thrift,Running,True
1789064419,nginx-thrift,Running,True
1789064419,nginx-thrift,Running,True
1789064419,post-storage-service,Running,True
1789064419,social-graph-redis,Running,True
1789064419,social-graph-service,Running,True
1789064419,social-network-mcrouter,Running,True
1789064419,social-network-mcrouter,Running,True
1789064419,social-network-mcrouter,Running,True
1789064419,memcached,Running,True
1789064419,memcached,Running,True
1789064419,memcached,Running,True
1789064419,memcached,Running,True
1789064419,memcached,Running,True
1789064419,memcached,Running,True
1789064419,text-service,Running,True
1789064419,unique-id-service,Running,True
1789064419,url-shorten-service,Running,True
1789064419,user-mention-service,Running,True
1789064419,user-service,Running,True
1789064419,user-timeline-redis,Running,True
1789064419,user-timeline-service,Running,True
1789064420,compose-post-service,Running,True
1789064420,home-timeline-redis,Running,True
1789064420,home-timeline-service,Running,True
1789064420,jaeger,Running,True
1789064420,media-frontend,Running,True
1789064420,media-service,Running,True
1789064420,mongodb-sharded-configsvr,Running,True
1789064420,mongodb-sharded-mongos,Running,True
1789064420,mongodb-sharded-mongos,Running,True
1789064420,mongodb-sharded-mongos,Running,True
1789064420,mongodb-sharded-shardsvr,Running,True
1789064420,mongodb-sharded-shardsvr,Running,True
1789064420,mongodb-sharded-shardsvr,Running,True
1789064420,mongodb-sharded-shardsvr,Running,True
1789064420,mongodb-sharded-shardsvr,Running,True
1789064420,mongodb-sharded-shardsvr,Running,True
1789064420,nginx-thrift,Running,True
1789064420,nginx-thrift,Running,True
1789064420,nginx-thrift,Running,True
1789064420,nginx-thrift,Running,True
1789064420,post-storage-service,Running,True
1789064420,social-graph-redis,Running,True
1789064420,social-graph-service,Running,True
1789064420,social-network-mcrouter,Running,True
1789064420,social-network-mcrouter,Running,True
1789064420,social-network-mcrouter,Running,True
1789064420,memcached,Running,True
1789064420,memcached,Running,True
1789064420,memcached,Running,True
1789064420,memcached,Running,True
1789064420,memcached,Running,True
1789064420,memcached,Running,True
1789064420,text-service,Running,True
1789064420,unique-id-service,Running,True
1789064420,url-shorten-service,Running,True
1789064420,user-mention-service,Running,True
1789064420,user-service,Running,True
1789064420,user-timeline-redis,Running,True
1789064420,user-timeline-service,Running,True
1789064421,compose-post-service,Running,True
1789064421,home-timeline-redis,Running,True
1789064421,home-timeline-service,Running,True
1789064421,jaeger,Running,True
1789064421,media-frontend,Running,True
1789064421,media-service,Running,True
1789064421,mongodb-sharded-configsvr,Running,True
1789064421,mongodb-sharded-mongos,Running,True
1789064421,mongodb-sharded-mongos,Running,True
1789064421,mongodb-sharded-mongos,Running,True
1789064421,mongodb-sharded-shardsvr,Running,True
1789064421,mongodb-sharded-shardsvr,Running,True
1789064421,mongodb-sharded-shardsvr,Running,True
1789064421,mongodb-sharded-shardsvr,Running,True
1789064421,mongodb-sharded-shardsvr,Running,True
1789064421,mongodb-sharded-shardsvr,Running,True
1789064421,nginx-thrift,Running,True
1789064421,nginx-thrift,Running,True
1789064421,nginx-thrift,Running,True
1789064421,nginx-thrift,Running,True
1789064421,post-storage-service,Running,True
1789064421,social-graph-redis,Running,True
1789064421,social-graph-service,Running,True
1789064421,social-network-mcrouter,Running,True
1789064421,social-network-mcrouter,Running,True
1789064421,social-network-mcrouter,Running,True
1789064421,memcached,Running,True
1789064421,memcached,Running,True
1789064421,memcached,Running,True
1789064421,memcached,Running,True
1789064421,memcached,Running,True
1789064421,memcached,Running,True
1789064421,text-service,Running,True
1789064421,unique-id-service,Running,True
1789064421,url-shorten-service,Running,True
1789064421,user-mention-service,Running,True
1789064421,user-service,Running,True
1789064421,user-timeline-redis,Running,True
1789064421,user-timeline-service,Running,True
1789064422,compose-post-service,Running,True
1789064422,home-timeline-redis,Running,True
1789064422,home-timeline-service,Running,True
1789064422,jaeger,Running,True
1789064422,media-frontend,Running,True
1789064422,media-service,Running,True
1789064422,mongodb-sharded-configsvr,Running,True
1789064422,mongodb-sharded-mongos,Running,True
1789064422,mongodb-sharded-mongos,Running,True
1789064422,mongodb-sharded-mongos,Running,True
1789064422,mongodb-sharded-shardsvr,Running,True
1789064422,mongodb-sharded-shardsvr,Running,True
1789064422,mongodb-sharded-shardsvr,Running,True
1789064422,mongodb-sharded-shardsvr,Running,True
1789064422,mongodb-sharded-shardsvr,Running,True
1789064422,mongodb-sharded-shardsvr,Running,True
1789064422,nginx-thrift,Running,True
1789064422,nginx-thrift,Running,True
1789064422,nginx-thrift,Running,True
1789064422,nginx-thrift,Running,True
1789064422,post-storage-service,Running,True
1789064422,social-graph-redis,Running,True
1789064422,social-graph-service,Running,True
1789064422,social-network-mcrouter,Running,True
1789064422,social-network-mcrouter,Running,True
1789064422,social-network-mcrouter,Running,True
1789064422,memcached,Running,True
1789064422,memcached,Running,True
1789064422,memcached,Running,True
1789064422,memcached,Running,True
1789064422,memcached,Running,True
1789064422,memcached,Running,True
1789064422,text-service,Running,True
1789064422,unique-id-service,Running,True
1789064422,url-shorten-service,Running,True
1789064422,user-mention-service,Running,True
1789064422,user-service,Running,True
1789064422,user-timeline-redis,Running,True
1789064422,user-timeline-service,Running,True
1789064423,compose-post-service,Running,True
1789064423,home-timeline-redis,Running,True
1789064423,home-timeline-service,Running,True
1789064423,jaeger,Running,True
1789064423,media-frontend,Running,True
1789064423,media-service,Running,True
1789064423,mongodb-sharded-configsvr,Running,True
1789064423,mongodb-sharded-mongos,Running,True
1789064423,mongodb-sharded-mongos,Running,True
1789064423,mongodb-sharded-mongos,Running,True
1789064423,mongodb-sharded-shardsvr,Running,True
1789064423,mongodb-sharded-shardsvr,Running,True
1789064423,mongodb-sharded-shardsvr,Running,True
1789064423,mongodb-sharded-shardsvr,Running,True
1789064423,mongodb-sharded-shardsvr,Running,True
1789064423,mongodb-sharded-shardsvr,Running,True
1789064423,nginx-thrift,Running,True
1789064423,nginx-thrift,Running,True
1789064423,nginx-thrift,Running,True
1789064423,nginx-thrift,Running,True
1789064423,post-storage-service,Running,True
1789064423,social-graph-redis,Running,True
1789064423,social-graph-service,Running,True
1789064423,social-network-mcrouter,Running,True
1789064423,social-network-mcrouter,Running,True
1789064423,social-network-mcrouter,Running,True
1789064423,memcached,Running,True
1789064423,memcached,Running,True
1789064423,memcached,Running,True
1789064423,memcached,Running,True
1789064423,memcached,Running,True
1789064423,memcached,Running,True
1789064423,text-service,Running,True
1789064423,unique-id-service,Running,True
1789064423,url-shorten-service,Running,True
1789064423,user-mention-service,Running,True
1789064423,user-service,Running,True
1789064423,user-timeline-redis,Running,True
1789064423,user-timeline-service,Running,True
1789064424,compose-post-service,Running,True
1789064424,home-timeline-redis,Running,True
1789064424,home-timeline-service,Running,True
1789064424,jaeger,Running,True
1789064424,media-frontend,Running,True
1789064424,media-service,Running,True
1789064424,mongodb-sharded-configsvr,Running,True
1789064424,mongodb-sharded-mongos,Running,True
1789064424,mongodb-sharded-mongos,Running,True
1789064424,mongodb-sharded-mongos,Running,True
1789064424,mongodb-sharded-shardsvr,Running,True
1789064424,mongodb-sharded-shardsvr,Running,True
1789064424,mongodb-sharded-shardsvr,Running,True
1789064424,mongodb-sharded-shardsvr,Running,True
1789064424,mongodb-sharded-shardsvr,Running,True
1789064424,mongodb-sharded-shardsvr,Running,True
1789064424,nginx-thrift,Running,True
1789064424,nginx-thrift,Running,True
1789064424,nginx-thrift,Running,True
1789064424,nginx-thrift,Running,True
1789064424,post-storage-service,Running,True
1789064424,social-graph-redis,Running,True
1789064424,social-graph-service,Running,True
1789064424,social-network-mcrouter,Running,True
1789064424,social-network-mcrouter,Running,True
1789064424,social-network-mcrouter,Running,True
1789064424,memcached,Running,True
1789064424,memcached,Running,True
1789064424,memcached,Running,True
1789064424,memcached,Running,True
1789064424,memcached,Running,True
1789064424,memcached,Running,True
1789064424,text-service,Running,True
1789064424,unique-id-service,Running,True
1789064424,url-shorten-service,Running,True
1789064424,user-mention-service,Running,True
1789064424,user-service,Running,True
1789064424,user-timeline-redis,Running,True
1789064424,user-timeline-service,Running,True
1789064425,compose-post-service,Running,True
1789064425,home-timeline-redis,Running,True
1789064425,home-timeline-service,Running,True
1789064425,jaeger,Running,True
1789064425,media-frontend,Running,True
1789064425,media-service,Running,True
1789064425,mongodb-sharded-configsvr,Running,True
1789064425,mongodb-sharded-mongos,Running,True
1789064425,mongodb-sharded-mongos,Running,True
1789064425,mongodb-sharded-mongos,Running,True
1789064425,mongodb-sharded-shardsvr,Running,True
1789064425,mongodb-sharded-shardsvr,Running,True
1789064425,mongodb-sharded-shardsvr,Running,True
1789064425,mongodb-sharded-shardsvr,Running,True
1789064425,mongodb-sharded-shardsvr,Running,True
1789064425,mongodb-sharded-shardsvr,Running,True
1789064425,nginx-thrift,Running,True
1789064425,nginx-thrift,Running,True
1789064425,nginx-thrift,Running,True
1789064425,nginx-thrift,Running,True
1789064425,post-storage-service,Running,True
1789064425,social-graph-redis,Running,True
1789064425,social-graph-service,Running,True
1789064425,social-network-mcrouter,Running,True
1789064425,social-network-mcrouter,Running,True
1789064425,social-network-mcrouter,Running,True
1789064425,memcached,Running,True
1789064425,memcached,Running,True
1789064425,memcached,Running,True
1789064425,memcached,Running,True
1789064425,memcached,Running,True
1789064425,memcached,Running,True
1789064425,text-service,Running,True
1789064425,unique-id-service,Running,True
1789064425,url-shorten-service,Running,True
1789064425,user-mention-service,Running,True
1789064425,user-service,Running,True
1789064425,user-timeline-redis,Running,True
1789064425,user-timeline-service,Running,True
1789064426,compose-post-service,Running,True
1789064426,home-timeline-redis,Running,True
1789064426,home-timeline-service,Running,True
1789064426,jaeger,Running,True
1789064426,media-frontend,Running,True
1789064426,media-service,Running,True
1789064426,mongodb-sharded-configsvr,Running,True
1789064426,mongodb-sharded-mongos,Running,True
1789064426,mongodb-sharded-mongos,Running,True
1789064426,mongodb-sharded-mongos,Running,True
1789064426,mongodb-sharded-shardsvr,Running,True
1789064426,mongodb-sharded-shardsvr,Running,True
1789064426,mongodb-sharded-shardsvr,Running,True
1789064426,mongodb-sharded-shardsvr,Running,True
1789064426,mongodb-sharded-shardsvr,Running,True
1789064426,mongodb-sharded-shardsvr,Running,True
1789064426,nginx-thrift,Running,True
1789064426,nginx-thrift,Running,True
1789064426,nginx-thrift,Running,True
1789064426,nginx-thrift,Running,True
1789064426,post-storage-service,Running,True
1789064426,social-graph-redis,Running,True
1789064426,social-graph-service,Running,True
1789064426,social-network-mcrouter,Running,True
1789064426,social-network-mcrouter,Running,True
1789064426,social-network-mcrouter,Running,True
1789064426,memcached,Running,True
1789064426,memcached,Running,True
1789064426,memcached,Running,True
1789064426,memcached,Running,True
1789064426,memcached,Running,True
1789064426,memcached,Running,True
1789064426,text-service,Running,True
1789064426,unique-id-service,Running,True
1789064426,url-shorten-service,Running,True
1789064426,user-mention-service,Running,True
1789064426,user-service,Running,True
1789064426,user-timeline-redis,Running,True
1789064426,user-timeline-service,Running,True
1789064427,compose-post-service,Running,True
1789064427,home-timeline-redis,Running,True
1789064427,home-timeline-service,Running,True
1789064427,jaeger,Running,True
1789064427,media-frontend,Running,True
1789064427,media-service,Running,True
1789064427,mongodb-sharded-configsvr,Running,True
1789064427,mongodb-sharded-mongos,Running,True
1789064427,mongodb-sharded-mongos,Running,True
1789064427,mongodb-sharded-mongos,Running,True
1789064427,mongodb-sharded-shardsvr,Running,True
1789064427,mongodb-sharded-shardsvr,Running,True
1789064427,mongodb-sharded-shardsvr,Running,True
1789064427,mongodb-sharded-shardsvr,Running,True
1789064427,mongodb-sharded-shardsvr,Running,True
1789064427,mongodb-sharded-shardsvr,Running,True
1789064427,nginx-thrift,Running,True
1789064427,nginx-thrift,Running,True
1789064427,nginx-thrift,Running,True
1789064427,nginx-thrift,Running,True
1789064427,post-storage-service,Running,True
1789064427,social-graph-redis,Running,True
1789064427,social-graph-service,Running,True
1789064427,social-network-mcrouter,Running,True
1789064427,social-network-mcrouter,Running,True
1789064427,social-network-mcrouter,Running,True
1789064427,memcached,Running,True
1789064427,memcached,Running,True
1789064427,memcached,Running,True
1789064427,memcached,Running,True
1789064427,memcached,Running,True
1789064427,memcached,Running,True
1789064427,text-service,Running,True
1789064427,unique-id-service,Running,True
1789064427,url-shorten-service,Running,True
1789064427,user-mention-service,Running,True
1789064427,user-service,Running,True
1789064427,user-timeline-redis,Running,True
1789064427,user-timeline-service,Running,True
1789064428,compose-post-service,Running,True
1789064428,home-timeline-redis,Running,True
1789064428,home-timeline-service,Running,True
1789064428,jaeger,Running,True
1789064428,media-frontend,Running,True
1789064428,media-service,Running,True
1789064428,mongodb-sharded-configsvr,Running,True
1789064428,mongodb-sharded-mongos,Running,True
1789064428,mongodb-sharded-mongos,Running,True
1789064428,mongodb-sharded-mongos,Running,True
1789064428,mongodb-sharded-shardsvr,Running,True
1789064428,mongodb-sharded-shardsvr,Running,True
1789064428,mongodb-sharded-shardsvr,Running,True
1789064428,mongodb-sharded-shardsvr,Running,True
1789064428,mongodb-sharded-shardsvr,Running,True
1789064428,mongodb-sharded-shardsvr,Running,True
1789064428,nginx-thrift,Running,True
1789064428,nginx-thrift,Running,True
1789064428,nginx-thrift,Running,True
1789064428,nginx-thrift,Running,True
1789064428,post-storage-service,Running,True
1789064428,social-graph-redis,Running,True
1789064428,social-graph-service,Running,True
1789064428,social-network-mcrouter,Running,True
1789064428,social-network-mcrouter,Running,True
1789064428,social-network-mcrouter,Running,True
1789064428,memcached,Running,True
1789064428,memcached,Running,True
1789064428,memcached,Running,True
1789064428,memcached,Running,True
1789064428,memcached,Running,True
1789064428,memcached,Running,True
1789064428,text-service,Running,True
1789064428,unique-id-service,Running,True
1789064428,url-shorten-service,Running,True
1789064428,user-mention-service,Running,True
1789064428,user-service,Running,True
1789064428,user-timeline-redis,Running,True
1789064428,user-timeline-service,Running,True
1789064429,compose-post-service,Running,True
1789064429,home-timeline-redis,Running,True
1789064429,home-timeline-service,Running,True
1789064429,jaeger,Running,True
1789064429,media-frontend,Running,True
1789064429,media-service,Running,True
1789064429,mongodb-sharded-configsvr,Running,True
1789064429,mongodb-sharded-mongos,Running,True
1789064429,mongodb-sharded-mongos,Running,True
1789064429,mongodb-sharded-mongos,Running,True
1789064429,mongodb-sharded-shardsvr,Running,True
1789064429,mongodb-sharded-shardsvr,Running,True
1789064429,mongodb-sharded-shardsvr,Running,True
1789064429,mongodb-sharded-shardsvr,Running,True
1789064429,mongodb-sharded-shardsvr,Running,True
1789064429,mongodb-sharded-shardsvr,Running,True
1789064429,nginx-thrift,Running,True
1789064429,nginx-thrift,Running,True
1789064429,nginx-thrift,Running,True
1789064429,nginx-thrift,Running,True
1789064429,post-storage-service,Running,True
1789064429,social-graph-redis,Running,True
1789064429,social-graph-service,Running,True
1789064429,social-network-mcrouter,Running,True
1789064429,social-network-mcrouter,Running,True
1789064429,social-network-mcrouter,Running,True
1789064429,memcached,Running,True
1789064429,memcached,Running,True
1789064429,memcached,Running,True
1789064429,memcached,Running,True
1789064429,memcached,Running,True
1789064429,memcached,Running,True
1789064429,text-service,Running,True
1789064429,unique-id-service,Running,True
1789064429,url-shorten-service,Running,True
1789064429,user-mention-service,Running,True
1789064429,user-service,Running,True
1789064429,user-timeline-redis,Running,True
1789064429,user-timeline-service,Running,True
1789064430,compose-post-service,Running,True
1789064430,home-timeline-redis,Running,True
1789064430,home-timeline-service,Running,True
1789064430,jaeger,Running,True
1789064430,media-frontend,Running,True
1789064430,media-service,Running,True
1789064430,mongodb-sharded-configsvr,Running,True
1789064430,mongodb-sharded-mongos,Running,True
1789064430,mongodb-sharded-mongos,Running,True
1789064430,mongodb-sharded-mongos,Running,True
1789064430,mongodb-sharded-shardsvr,Running,True
1789064430,mongodb-sharded-shardsvr,Running,True
1789064430,mongodb-sharded-shardsvr,Running,True
1789064430,mongodb-sharded-shardsvr,Running,True
1789064430,mongodb-sharded-shardsvr,Running,True
1789064430,mongodb-sharded-shardsvr,Running,True
1789064430,nginx-thrift,Running,True
1789064430,nginx-thrift,Running,True
1789064430,nginx-thrift,Running,True
1789064430,nginx-thrift,Running,True
1789064430,post-storage-service,Running,True
1789064430,social-graph-redis,Running,True
1789064430,social-graph-service,Running,True
1789064430,social-network-mcrouter,Running,True
1789064430,social-network-mcrouter,Running,True
1789064430,social-network-mcrouter,Running,True
1789064430,memcached,Running,True
1789064430,memcached,Running,True
1789064430,memcached,Running,True
1789064430,memcached,Running,True
1789064430,memcached,Running,True
1789064430,memcached,Running,True
1789064430,text-service,Running,True
1789064430,unique-id-service,Running,True
1789064430,url-shorten-service,Running,True
1789064430,user-mention-service,Running,True
1789064430,user-service,Running,True
1789064430,user-timeline-redis,Running,True
1789064430,user-timeline-service,Running,True
1789064431,compose-post-service,Running,True
1789064431,home-timeline-redis,Running,True
1789064431,home-timeline-service,Running,True
1789064431,jaeger,Running,True
1789064431,media-frontend,Running,True
1789064431,media-service,Running,True
1789064431,mongodb-sharded-configsvr,Running,True
1789064431,mongodb-sharded-mongos,Running,True
1789064431,mongodb-sharded-mongos,Running,True
1789064431,mongodb-sharded-mongos,Running,True
1789064431,mongodb-sharded-shardsvr,Running,True
1789064431,mongodb-sharded-shardsvr,Running,True
1789064431,mongodb-sharded-shardsvr,Running,True
1789064431,mongodb-sharded-shardsvr,Running,True
1789064431,mongodb-sharded-shardsvr,Running,True
1789064431,mongodb-sharded-shardsvr,Running,True
1789064431,nginx-thrift,Running,True
1789064431,nginx-thrift,Running,True
1789064431,nginx-thrift,Running,True
1789064431,nginx-thrift,Running,True
1789064431,post-storage-service,Running,True
1789064431,social-graph-redis,Running,True
1789064431,social-graph-service,Running,True
1789064431,social-network-mcrouter,Running,True
1789064431,social-network-mcrouter,Running,True
1789064431,social-network-mcrouter,Running,True
1789064431,memcached,Running,True
1789064431,memcached,Running,True
1789064431,memcached,Running,True
1789064431,memcached,Running,True
1789064431,memcached,Running,True
1789064431,memcached,Running,True
1789064431,text-service,Running,True
1789064431,unique-id-service,Running,True
1789064431,url-shorten-service,Running,True
1789064431,user-mention-service,Running,True
1789064431,user-service,Running,True
1789064431,user-timeline-redis,Running,True
1789064431,user-timeline-service,Running,True
1789064432,compose-post-service,Running,True
1789064432,home-timeline-redis,Running,True
1789064432,home-timeline-service,Running,True
1789064432,jaeger,Running,True
1789064432,media-frontend,Running,True
1789064432,media-service,Running,True
1789064432,mongodb-sharded-configsvr,Running,True
1789064432,mongodb-sharded-mongos,Running,True
1789064432,mongodb-sharded-mongos,Running,True
1789064432,mongodb-sharded-mongos,Running,True
1789064432,mongodb-sharded-shardsvr,Running,True
1789064432,mongodb-sharded-shardsvr,Running,True
1789064432,mongodb-sharded-shardsvr,Running,True
1789064432,mongodb-sharded-shardsvr,Running,True
1789064432,mongodb-sharded-shardsvr,Running,True
1789064432,mongodb-sharded-shardsvr,Running,True
1789064432,nginx-thrift,Running,True
1789064432,nginx-thrift,Running,True
1789064432,nginx-thrift,Running,True
1789064432,nginx-thrift,Running,True
1789064432,post-storage-service,Running,True
1789064432,social-graph-redis,Running,True
1789064432,social-graph-service,Running,True
1789064432,social-network-mcrouter,Running,True
1789064432,social-network-mcrouter,Running,True
1789064432,social-network-mcrouter,Running,True
1789064432,memcached,Running,True
1789064432,memcached,Running,True
1789064432,memcached,Running,True
1789064432,memcached,Running,True
1789064432,memcached,Running,True
1789064432,memcached,Running,True
1789064432,text-service,Running,True
1789064432,unique-id-service,Running,True
1789064432,url-shorten-service,Running,True
1789064432,user-mention-service,Running,True
1789064432,user-service,Running,True
1789064432,user-timeline-redis,Running,True
1789064432,user-timeline-service,Running,True
1789064433,compose-post-service,Running,True
1789064433,home-timeline-redis,Running,True
1789064433,home-timeline-service,Running,True
1789064433,jaeger,Running,True
1789064433,media-frontend,Running,True
1789064433,media-service,Running,True
1789064433,mongodb-sharded-configsvr,Running,True
1789064433,mongodb-sharded-mongos,Running,True
1789064433,mongodb-sharded-mongos,Running,True
1789064433,mongodb-sharded-mongos,Running,True
1789064433,mongodb-sharded-shardsvr,Running,True
1789064433,mongodb-sharded-shardsvr,Running,True
1789064433,mongodb-sharded-shardsvr,Running,True
1789064433,mongodb-sharded-shardsvr,Running,True
1789064433,mongodb-sharded-shardsvr,Running,True
1789064433,mongodb-sharded-shardsvr,Running,True
1789064433,nginx-thrift,Running,True
1789064433,nginx-thrift,Running,True
1789064433,nginx-thrift,Running,True
1789064433,nginx-thrift,Running,True
1789064433,post-storage-service,Running,True
1789064433,social-graph-redis,Running,True
1789064433,social-graph-service,Running,True
1789064433,social-network-mcrouter,Running,True
1789064433,social-network-mcrouter,Running,True
1789064433,social-network-mcrouter,Running,True
1789064433,memcached,Running,True
1789064433,memcached,Running,True
1789064433,memcached,Running,True
1789064433,memcached,Running,True
1789064433,memcached,Running,True
1789064433,memcached,Running,True
1789064433,text-service,Running,True
1789064433,unique-id-service,Running,True
1789064433,url-shorten-service,Running,True
1789064433,user-mention-service,Running,True
1789064433,user-service,Running,True
1789064433,user-timeline-redis,Running,True
1789064433,user-timeline-service,Running,True
1789064434,compose-post-service,Running,True
1789064434,home-timeline-redis,Running,True
1789064434,home-timeline-service,Running,True
1789064434,jaeger,Running,True
1789064434,media-frontend,Running,True
1789064434,media-service,Running,True
1789064434,mongodb-sharded-configsvr,Running,True
1789064434,mongodb-sharded-mongos,Running,True
1789064434,mongodb-sharded-mongos,Running,True
1789064434,mongodb-sharded-mongos,Running,True
1789064434,mongodb-sharded-shardsvr,Running,True
1789064434,mongodb-sharded-shardsvr,Running,True
1789064434,mongodb-sharded-shardsvr,Running,True
1789064434,mongodb-sharded-shardsvr,Running,True
1789064434,mongodb-sharded-shardsvr,Running,True
1789064434,mongodb-sharded-shardsvr,Running,True
1789064434,nginx-thrift,Running,True
1789064434,nginx-thrift,Running,True
1789064434,nginx-thrift,Running,True
1789064434,nginx-thrift,Running,True
1789064434,post-storage-service,Running,True
1789064434,social-graph-redis,Running,True
1789064434,social-graph-service,Running,True
1789064434,social-network-mcrouter,Running,True
1789064434,social-network-mcrouter,Running,True
1789064434,social-network-mcrouter,Running,True
1789064434,memcached,Running,True
1789064434,memcached,Running,True
1789064434,memcached,Running,True
1789064434,memcached,Running,True
1789064434,memcached,Running,True
1789064434,memcached,Running,True
1789064434,text-service,Running,True
1789064434,unique-id-service,Running,True
1789064434,url-shorten-service,Running,True
1789064434,user-mention-service,Running,True
1789064434,user-service,Running,True
1789064434,user-timeline-redis,Running,True
1789064434,user-timeline-service,Running,True
1789064435,compose-post-service,Running,True
1789064435,home-timeline-redis,Running,True
1789064435,home-timeline-service,Running,True
1789064435,jaeger,Running,True
1789064435,media-frontend,Running,True
1789064435,media-service,Running,True
1789064435,mongodb-sharded-configsvr,Running,True
1789064435,mongodb-sharded-mongos,Running,True
1789064435,mongodb-sharded-mongos,Running,True
1789064435,mongodb-sharded-mongos,Running,True
1789064435,mongodb-sharded-shardsvr,Running,True
1789064435,mongodb-sharded-shardsvr,Running,True
1789064435,mongodb-sharded-shardsvr,Running,True
1789064435,mongodb-sharded-shardsvr,Running,True
1789064435,mongodb-sharded-shardsvr,Running,True
1789064435,mongodb-sharded-shardsvr,Running,True
1789064435,nginx-thrift,Running,True
1789064435,nginx-thrift,Running,True
1789064435,nginx-thrift,Running,True
1789064435,nginx-thrift,Running,True
1789064435,post-storage-service,Running,True
1789064435,social-graph-redis,Running,True
1789064435,social-graph-service,Running,True
1789064435,social-network-mcrouter,Running,True
1789064435,social-network-mcrouter,Running,True
1789064435,social-network-mcrouter,Running,True
1789064435,memcached,Running,True
1789064435,memcached,Running,True
1789064435,memcached,Running,True
1789064435,memcached,Running,True
1789064435,memcached,Running,True
1789064435,memcached,Running,True
1789064435,text-service,Running,True
1789064435,unique-id-service,Running,True
1789064435,url-shorten-service,Running,True
1789064435,user-mention-service,Running,True
1789064435,user-service,Running,True
1789064435,user-timeline-redis,Running,True
1789064435,user-timeline-service,Running,True
1789064436,compose-post-service,Running,True
1789064436,home-timeline-redis,Running,True
1789064436,home-timeline-service,Running,True
1789064436,jaeger,Running,True
1789064436,media-frontend,Running,True
1789064436,media-service,Running,True
1789064436,mongodb-sharded-configsvr,Running,True
1789064436,mongodb-sharded-mongos,Running,True
1789064436,mongodb-sharded-mongos,Running,True
1789064436,mongodb-sharded-mongos,Running,True
1789064436,mongodb-sharded-shardsvr,Running,True
1789064436,mongodb-sharded-shardsvr,Running,True
1789064436,mongodb-sharded-shardsvr,Running,True
1789064436,mongodb-sharded-shardsvr,Running,True
1789064436,mongodb-sharded-shardsvr,Running,True
1789064436,mongodb-sharded-shardsvr,Running,True
1789064436,nginx-thrift,Running,True
1789064436,nginx-thrift,Running,True
1789064436,nginx-thrift,Running,True
1789064436,nginx-thrift,Running,True
1789064436,post-storage-service,Running,True
1789064436,social-graph-redis,Running,True
1789064436,social-graph-service,Running,True
1789064436,social-network-mcrouter,Running,True
1789064436,social-network-mcrouter,Running,True
1789064436,social-network-mcrouter,Running,True
1789064436,memcached,Running,True
1789064436,memcached,Running,True
1789064436,memcached,Running,True
1789064436,memcached,Running,True
1789064436,memcached,Running,True
1789064436,memcached,Running,True
1789064436,text-service,Running,True
1789064436,unique-id-service,Running,True
1789064436,url-shorten-service,Running,True
1789064436,user-mention-service,Running,True
1789064436,user-service,Running,True
1789064436,user-timeline-redis,Running,True
1789064436,user-timeline-service,Running,True
1789064437,compose-post-service,Running,True
1789064437,home-timeline-redis,Running,True
1789064437,home-timeline-service,Running,True
1789064437,jaeger,Running,True
1789064437,media-frontend,Running,True
1789064437,media-service,Running,True
1789064437,mongodb-sharded-configsvr,Running,True
1789064437,mongodb-sharded-mongos,Running,True
1789064437,mongodb-sharded-mongos,Running,True
1789064437,mongodb-sharded-mongos,Running,True
1789064437,mongodb-sharded-shardsvr,Running,True
1789064437,mongodb-sharded-shardsvr,Running,True
1789064437,mongodb-sharded-shardsvr,Running,True
1789064437,mongodb-sharded-shardsvr,Running,True
1789064437,mongodb-sharded-shardsvr,Running,True
1789064437,mongodb-sharded-shardsvr,Running,True
1789064437,nginx-thrift,Running,True
1789064437,nginx-thrift,Running,True
1789064437,nginx-thrift,Running,True
1789064437,nginx-thrift,Running,True
1789064437,post-storage-service,Running,True
1789064437,social-graph-redis,Running,True
1789064437,social-graph-service,Running,True
1789064437,social-network-mcrouter,Running,True
1789064437,social-network-mcrouter,Running,True
1789064437,social-network-mcrouter,Running,True
1789064437,memcached,Running,True
1789064437,memcached,Running,True
1789064437,memcached,Running,True
1789064437,memcached,Running,True
1789064437,memcached,Running,True
1789064437,memcached,Running,True
1789064437,text-service,Running,True
1789064437,unique-id-service,Running,True
1789064437,url-shorten-service,Running,True
1789064437,user-mention-service,Running,True
1789064437,user-service,Running,True
1789064437,user-timeline-redis,Running,True
1789064437,user-timeline-service,Running,True
1789064438,compose-post-service,Running,True
1789064438,home-timeline-redis,Running,True
1789064438,home-timeline-service,Running,True
1789064438,jaeger,Running,True
1789064438,media-frontend,Running,True
1789064438,media-service,Running,True
1789064438,mongodb-sharded-configsvr,Running,True
1789064438,mongodb-sharded-mongos,Running,True
1789064438,mongodb-sharded-mongos,Running,True
1789064438,mongodb-sharded-mongos,Running,True
1789064438,mongodb-sharded-shardsvr,Running,True
1789064438,mongodb-sharded-shardsvr,Running,True
1789064438,mongodb-sharded-shardsvr,Running,True
1789064438,mongodb-sharded-shardsvr,Running,True
1789064438,mongodb-sharded-shardsvr,Running,True
1789064438,mongodb-sharded-shardsvr,Running,True
1789064438,nginx-thrift,Running,True
1789064438,nginx-thrift,Running,True
1789064438,nginx-thrift,Running,True
1789064438,nginx-thrift,Running,True
1789064438,post-storage-service,Running,True
1789064438,social-graph-redis,Running,True
1789064438,social-graph-service,Running,True
1789064438,social-network-mcrouter,Running,True
1789064438,social-network-mcrouter,Running,True
1789064438,social-network-mcrouter,Running,True
1789064438,memcached,Running,True
1789064438,memcached,Running,True
1789064438,memcached,Running,True
1789064438,memcached,Running,True
1789064438,memcached,Running,True
1789064438,memcached,Running,True
1789064438,text-service,Running,True
1789064438,unique-id-service,Running,True
1789064438,url-shorten-service,Running,True
1789064438,user-mention-service,Running,True
1789064438,user-service,Running,True
1789064438,user-timeline-redis,Running,True
1789064438,user-timeline-service,Running,True
1789064439,compose-post-service,Running,True
1789064439,home-timeline-redis,Running,True
1789064439,home-timeline-service,Running,True
1789064439,jaeger,Running,True
1789064439,media-frontend,Running,True
1789064439,media-service,Running,True
1789064439,mongodb-sharded-configsvr,Running,True
1789064439,mongodb-sharded-mongos,Running,True
1789064439,mongodb-sharded-mongos,Running,True
1789064439,mongodb-sharded-mongos,Running,True
1789064439,mongodb-sharded-shardsvr,Running,True
1789064439,mongodb-sharded-shardsvr,Running,True
1789064439,mongodb-sharded-shardsvr,Running,True
1789064439,mongodb-sharded-shardsvr,Running,True
1789064439,mongodb-sharded-shardsvr,Running,True
1789064439,mongodb-sharded-shardsvr,Running,True
1789064439,nginx-thrift,Running,True
1789064439,nginx-thrift,Running,True
1789064439,nginx-thrift,Running,True
1789064439,nginx-thrift,Running,True
1789064439,post-storage-service,Running,True
1789064439,social-graph-redis,Running,True
1789064439,social-graph-service,Running,True
1789064439,social-network-mcrouter,Running,True
1789064439,social-network-mcrouter,Running,True
1789064439,social-network-mcrouter,Running,True
1789064439,memcached,Running,True
1789064439,memcached,Running,True
1789064439,memcached,Running,True
1789064439,memcached,Running,True
1789064439,memcached,Running,True
1789064439,memcached,Running,True
1789064439,text-service,Running,True
1789064439,unique-id-service,Running,True
1789064439,url-shorten-service,Running,True
1789064439,user-mention-service,Running,True
1789064439,user-service,Running,True
1789064439,user-timeline-redis,Running,True
1789064439,user-timeline-service,Running,True
1789064440,compose-post-service,Running,True
1789064440,home-timeline-redis,Running,True
1789064440,home-timeline-service,Running,True
1789064440,jaeger,Running,True
1789064440,media-frontend,Running,True
1789064440,media-service,Running,True
1789064440,mongodb-sharded-configsvr,Running,True
1789064440,mongodb-sharded-mongos,Running,True
1789064440,mongodb-sharded-mongos,Running,True
1789064440,mongodb-sharded-mongos,Running,True
1789064440,mongodb-sharded-shardsvr,Running,True
1789064440,mongodb-sharded-shardsvr,Running,True
1789064440,mongodb-sharded-shardsvr,Running,True
1789064440,mongodb-sharded-shardsvr,Running,True
1789064440,mongodb-sharded-shardsvr,Running,True
1789064440,mongodb-sharded-shardsvr,Running,True
1789064440,nginx-thrift,Running,True
1789064440,nginx-thrift,Running,True
1789064440,nginx-thrift,Running,True
1789064440,nginx-thrift,Running,True
1789064440,post-storage-service,Running,True
1789064440,social-graph-redis,Running,True
1789064440,social-graph-service,Running,True
1789064440,social-network-mcrouter,Running,True
1789064440,social-network-mcrouter,Running,True
1789064440,social-network-mcrouter,Running,True
1789064440,memcached,Running,True
1789064440,memcached,Running,True
1789064440,memcached,Running,True
1789064440,memcached,Running,True
1789064440,memcached,Running,True
1789064440,memcached,Running,True
1789064440,text-service,Running,True
1789064440,unique-id-service,Running,True
1789064440,url-shorten-service,Running,True
1789064440,user-mention-service,Running,True
1789064440,user-service,Running,True
1789064440,user-timeline-redis,Running,True
1789064440,user-timeline-service,Running,True
1789064441,compose-post-service,Running,True
1789064441,home-timeline-redis,Running,True
1789064441,home-timeline-service,Running,True
1789064441,jaeger,Running,True
1789064441,media-frontend,Running,True
1789064441,media-service,Running,True
1789064441,mongodb-sharded-configsvr,Running,True
1789064441,mongodb-sharded-mongos,Running,True
1789064441,mongodb-sharded-mongos,Running,True
1789064441,mongodb-sharded-mongos,Running,True
1789064441,mongodb-sharded-shardsvr,Running,True
1789064441,mongodb-sharded-shardsvr,Running,True
1789064441,mongodb-sharded-shardsvr,Running,True
1789064441,mongodb-sharded-shardsvr,Running,True
1789064441,mongodb-sharded-shardsvr,Running,True
1789064441,mongodb-sharded-shardsvr,Running,True
1789064441,nginx-thrift,Running,True
1789064441,nginx-thrift,Running,True
1789064441,nginx-thrift,Running,True
1789064441,nginx-thrift,Running,True
1789064441,post-storage-service,Running,True
1789064441,social-graph-redis,Running,True
1789064441,social-graph-service,Running,True
1789064441,social-network-mcrouter,Running,True
1789064441,social-network-mcrouter,Running,True
1789064441,social-network-mcrouter,Running,True
1789064441,memcached,Running,True
1789064441,memcached,Running,True
1789064441,memcached,Running,True
1789064441,memcached,Running,True
1789064441,memcached,Running,True
1789064441,memcached,Running,True
1789064441,text-service,Running,True
1789064441,unique-id-service,Running,True
1789064441,url-shorten-service,Running,True
1789064441,user-mention-service,Running,True
1789064441,user-service,Running,True
1789064441,user-timeline-redis,Running,True
1789064441,user-timeline-service,Running,True
1789064442,compose-post-service,Running,True
1789064442,home-timeline-redis,Running,True
1789064442,home-timeline-service,Running,True
1789064442,jaeger,Running,True
1789064442,media-frontend,Running,True
1789064442,media-service,Running,True
1789064442,mongodb-sharded-configsvr,Running,True
1789064442,mongodb-sharded-mongos,Running,True
1789064442,mongodb-sharded-mongos,Running,True
1789064442,mongodb-sharded-mongos,Running,True
1789064442,mongodb-sharded-shardsvr,Running,True
1789064442,mongodb-sharded-shardsvr,Running,True
1789064442,mongodb-sharded-shardsvr,Running,True
1789064442,mongodb-sharded-shardsvr,Running,True
1789064442,mongodb-sharded-shardsvr,Running,True
1789064442,mongodb-sharded-shardsvr,Running,True
1789064442,nginx-thrift,Running,True
1789064442,nginx-thrift,Running,True
1789064442,nginx-thrift,Running,True
1789064442,nginx-thrift,Running,True
1789064442,post-storage-service,Running,True
1789064442,social-graph-redis,Running,True
1789064442,social-graph-service,Running,True
1789064442,social-network-mcrouter,Running,True
1789064442,social-network-mcrouter,Running,True
1789064442,social-network-mcrouter,Running,True
1789064442,memcached,Running,True
1789064442,memcached,Running,True
1789064442,memcached,Running,True
1789064442,memcached,Running,True
1789064442,memcached,Running,True
1789064442,memcached,Running,True
1789064442,text-service,Running,True
1789064442,unique-id-service,Running,True
1789064442,url-shorten-service,Running,True
1789064442,user-mention-service,Running,True
1789064442,user-service,Running,True
1789064442,user-timeline-redis,Running,True
1789064442,user-timeline-service,Running,True
1789064443,compose-post-service,Running,True
1789064443,home-timeline-redis,Running,True
1789064443,home-timeline-service,Running,True
1789064443,jaeger,Running,True
1789064443,media-frontend,Running,True
1789064443,media-service,Running,True
1789064443,mongodb-sharded-configsvr,Running,True
1789064443,mongodb-sharded-mongos,Running,True
1789064443,mongodb-sharded-mongos,Running,True
1789064443,mongodb-sharded-mongos,Running,True
1789064443,mongodb-sharded-shardsvr,Running,True
1789064443,mongodb-sharded-shardsvr,Running,True
1789064443,mongodb-sharded-shardsvr,Running,True
1789064443,mongodb-sharded-shardsvr,Running,True
1789064443,mongodb-sharded-shardsvr,Running,True
1789064443,mongodb-sharded-shardsvr,Running,True
1789064443,nginx-thrift,Running,True
1789064443,nginx-thrift,Running,True
1789064443,nginx-thrift,Running,True
1789064443,nginx-thrift,Running,True
1789064443,post-storage-service,Running,True
1789064443,social-graph-redis,Running,True
1789064443,social-graph-service,Running,True
1789064443,social-network-mcrouter,Running,True
1789064443,social-network-mcrouter,Running,True
1789064443,social-network-mcrouter,Running,True
1789064443,memcached,Running,True
1789064443,memcached,Running,True
1789064443,memcached,Running,True
1789064443,memcached,Running,True
1789064443,memcached,Running,True
1789064443,memcached,Running,True
1789064443,text-service,Running,True
1789064443,unique-id-service,Running,True
1789064443,url-shorten-service,Running,True
1789064443,user-mention-service,Running,True
1789064443,user-service,Running,True
1789064443,user-timeline-redis,Running,True
1789064443,user-timeline-service,Running,True
1789064444,compose-post-service,Running,True
1789064444,home-timeline-redis,Running,True
1789064444,home-timeline-service,Running,True
1789064444,jaeger,Running,True
1789064444,media-frontend,Running,True
1789064444,media-service,Running,True
1789064444,mongodb-sharded-configsvr,Running,True
1789064444,mongodb-sharded-mongos,Running,True
1789064444,mongodb-sharded-mongos,Running,True
1789064444,mongodb-sharded-mongos,Running,True
1789064444,mongodb-sharded-shardsvr,Running,True
1789064444,mongodb-sharded-shardsvr,Running,True
1789064444,mongodb-sharded-shardsvr,Running,True
1789064444,mongodb-sharded-shardsvr,Running,True
1789064444,mongodb-sharded-shardsvr,Running,True
1789064444,mongodb-sharded-shardsvr,Running,True
1789064444,nginx-thrift,Running,True
1789064444,nginx-thrift,Running,True
1789064444,nginx-thrift,Running,True
1789064444,nginx-thrift,Running,True
1789064444,post-storage-service,Running,True
1789064444,social-graph-redis,Running,True
1789064444,social-graph-service,Running,True
1789064444,social-network-mcrouter,Running,True
1789064444,social-network-mcrouter,Running,True
1789064444,social-network-mcrouter,Running,True
1789064444,memcached,Running,True
1789064444,memcached,Running,True
1789064444,memcached,Running,True
1789064444,memcached,Running,True
1789064444,memcached,Running,True
1789064444,memcached,Running,True
1789064444,text-service,Running,True
1789064444,unique-id-service,Running,True
1789064444,url-shorten-service,Running,True
1789064444,user-mention-service,Running,True
1789064444,user-service,Running,True
1789064444,user-timeline-redis,Running,True
1789064444,user-timeline-service,Running,True
1789064445,compose-post-service,Running,True
1789064445,home-timeline-redis,Running,True
1789064445,home-timeline-service,Running,True
1789064445,jaeger,Running,True
1789064445,media-frontend,Running,True
1789064445,media-service,Running,True
1789064445,mongodb-sharded-configsvr,Running,True
1789064445,mongodb-sharded-mongos,Running,True
1789064445,mongodb-sharded-mongos,Running,True
1789064445,mongodb-sharded-mongos,Running,True
1789064445,mongodb-sharded-shardsvr,Running,True
1789064445,mongodb-sharded-shardsvr,Running,True
1789064445,mongodb-sharded-shardsvr,Running,True
1789064445,mongodb-sharded-shardsvr,Running,True
1789064445,mongodb-sharded-shardsvr,Running,True
1789064445,mongodb-sharded-shardsvr,Running,True
1789064445,nginx-thrift,Running,True
1789064445,nginx-thrift,Running,True
1789064445,nginx-thrift,Running,True
1789064445,nginx-thrift,Running,True
1789064445,post-storage-service,Running,True
1789064445,social-graph-redis,Running,True
1789064445,social-graph-service,Running,True
1789064445,social-network-mcrouter,Running,True
1789064445,social-network-mcrouter,Running,True
1789064445,social-network-mcrouter,Running,True
1789064445,memcached,Running,True
1789064445,memcached,Running,True
1789064445,memcached,Running,True
1789064445,memcached,Running,True
1789064445,memcached,Running,True
1789064445,memcached,Running,True
1789064445,text-service,Running,True
1789064445,unique-id-service,Running,True
1789064445,url-shorten-service,Running,True
1789064445,user-mention-service,Running,True
1789064445,user-service,Running,True
1789064445,user-timeline-redis,Running,True
1789064445,user-timeline-service,Running,True
1789064446,compose-post-service,Running,True
1789064446,home-timeline-redis,Running,True
1789064446,home-timeline-service,Running,True
1789064446,jaeger,Running,True
1789064446,media-frontend,Running,True
1789064446,media-service,Running,True
1789064446,mongodb-sharded-configsvr,Running,True
1789064446,mongodb-sharded-mongos,Running,True
1789064446,mongodb-sharded-mongos,Running,True
1789064446,mongodb-sharded-mongos,Running,True
1789064446,mongodb-sharded-shardsvr,Running,True
1789064446,mongodb-sharded-shardsvr,Running,True
1789064446,mongodb-sharded-shardsvr,Running,True
1789064446,mongodb-sharded-shardsvr,Running,True
1789064446,mongodb-sharded-shardsvr,Running,True
1789064446,mongodb-sharded-shardsvr,Running,True
1789064446,nginx-thrift,Running,True
1789064446,nginx-thrift,Running,True
1789064446,nginx-thrift,Running,True
1789064446,nginx-thrift,Running,True
1789064446,post-storage-service,Running,True
1789064446,social-graph-redis,Running,True
1789064446,social-graph-service,Running,True
1789064446,social-network-mcrouter,Running,True
1789064446,social-network-mcrouter,Running,True
1789064446,social-network-mcrouter,Running,True
1789064446,memcached,Running,True
1789064446,memcached,Running,True
1789064446,memcached,Running,True
1789064446,memcached,Running,True
1789064446,memcached,Running,True
1789064446,memcached,Running,True
1789064446,text-service,Running,True
1789064446,unique-id-service,Running,True
1789064446,url-shorten-service,Running,True
1789064446,user-mention-service,Running,True
1789064446,user-service,Running,True
1789064446,user-timeline-redis,Running,True
1789064446,user-timeline-service,Running,True
1789064447,compose-post-service,Running,True
1789064447,home-timeline-redis,Running,True
1789064447,home-timeline-service,Running,True
1789064447,jaeger,Running,True
1789064447,media-frontend,Running,True
1789064447,media-service,Running,True
1789064447,mongodb-sharded-configsvr,Running,True
1789064447,mongodb-sharded-mongos,Running,True
1789064447,mongodb-sharded-mongos,Running,True
1789064447,mongodb-sharded-mongos,Running,True
1789064447,mongodb-sharded-shardsvr,Running,True
1789064447,mongodb-sharded-shardsvr,Running,True
1789064447,mongodb-sharded-shardsvr,Running,True
1789064447,mongodb-sharded-shardsvr,Running,True
1789064447,mongodb-sharded-shardsvr,Running,True
1789064447,mongodb-sharded-shardsvr,Running,True
1789064447,nginx-thrift,Running,True
1789064447,nginx-thrift,Running,True
1789064447,nginx-thrift,Running,True
1789064447,nginx-thrift,Running,True
1789064447,post-storage-service,Running,True
1789064447,social-graph-redis,Running,True
1789064447,social-graph-service,Running,True
1789064447,social-network-mcrouter,Running,True
1789064447,social-network-mcrouter,Running,True
1789064447,social-network-mcrouter,Running,True
1789064447,memcached,Running,True
1789064447,memcached,Running,True
1789064447,memcached,Running,True
1789064447,memcached,Running,True
1789064447,memcached,Running,True
1789064447,memcached,Running,True
1789064447,text-service,Running,True
1789064447,unique-id-service,Running,True
1789064447,url-shorten-service,Running,True
1789064447,user-mention-service,Running,True
1789064447,user-service,Running,True
1789064447,user-timeline-redis,Running,True
1789064447,user-timeline-service,Running,True
1789064448,compose-post-service,Running,True
1789064448,home-timeline-redis,Running,True
1789064448,home-timeline-service,Running,True
1789064448,jaeger,Running,True
1789064448,media-frontend,Running,True
1789064448,media-service,Running,True
1789064448,mongodb-sharded-configsvr,Running,True
1789064448,mongodb-sharded-mongos,Running,True
1789064448,mongodb-sharded-mongos,Running,True
1789064448,mongodb-sharded-mongos,Running,True
1789064448,mongodb-sharded-shardsvr,Running,True
1789064448,mongodb-sharded-shardsvr,Running,True
1789064448,mongodb-sharded-shardsvr,Running,True
1789064448,mongodb-sharded-shardsvr,Running,True
1789064448,mongodb-sharded-shardsvr,Running,True
1789064448,mongodb-sharded-shardsvr,Running,True
1789064448,nginx-thrift,Running,True
1789064448,nginx-thrift,Running,True
1789064448,nginx-thrift,Running,True
1789064448,nginx-thrift,Running,True
1789064448,post-storage-service,Running,True
1789064448,social-graph-redis,Running,True
1789064448,social-graph-service,Running,True
1789064448,social-network-mcrouter,Running,True
1789064448,social-network-mcrouter,Running,True
1789064448,social-network-mcrouter,Running,True
1789064448,memcached,Running,True
1789064448,memcached,Running,True
1789064448,memcached,Running,True
1789064448,memcached,Running,True
1789064448,memcached,Running,True
1789064448,memcached,Running,True
1789064448,text-service,Running,True
1789064448,unique-id-service,Running,True
1789064448,url-shorten-service,Running,True
1789064448,user-mention-service,Running,True
1789064448,user-service,Running,True
1789064448,user-timeline-redis,Running,True
1789064448,user-timeline-service,Running,True
1789064449,compose-post-service,Running,True
1789064449,home-timeline-redis,Running,True
1789064449,home-timeline-service,Running,True
1789064449,jaeger,Running,True
1789064449,media-frontend,Running,True
1789064449,media-service,Running,True
1789064449,mongodb-sharded-configsvr,Running,True
1789064449,mongodb-sharded-mongos,Running,True
1789064449,mongodb-sharded-mongos,Running,True
1789064449,mongodb-sharded-mongos,Running,True
1789064449,mongodb-sharded-shardsvr,Running,True
1789064449,mongodb-sharded-shardsvr,Running,True
1789064449,mongodb-sharded-shardsvr,Running,True
1789064449,mongodb-sharded-shardsvr,Running,True
1789064449,mongodb-sharded-shardsvr,Running,True
1789064449,mongodb-sharded-shardsvr,Running,True
1789064449,nginx-thrift,Running,True
1789064449,nginx-thrift,Running,True
1789064449,nginx-thrift,Running,True
1789064449,nginx-thrift,Running,True
1789064449,post-storage-service,Running,True
1789064449,social-graph-redis,Running,True
1789064449,social-graph-service,Running,True
1789064449,social-network-mcrouter,Running,True
1789064449,social-network-mcrouter,Running,True
1789064449,social-network-mcrouter,Running,True
1789064449,memcached,Running,True
1789064449,memcached,Running,True
1789064449,memcached,Running,True
1789064449,memcached,Running,True
1789064449,memcached,Running,True
1789064449,memcached,Running,True
1789064449,text-service,Running,True
1789064449,unique-id-service,Running,True
1789064449,url-shorten-service,Running,True
1789064449,user-mention-service,Running,True
1789064449,user-service,Running,True
1789064449,user-timeline-redis,Running,True
1789064449,user-timeline-service,Running,True
1789064450,compose-post-service,Running,True
1789064450,home-timeline-redis,Running,True
1789064450,home-timeline-service,Running,True
1789064450,jaeger,Running,True
1789064450,media-frontend,Running,True
1789064450,media-service,Running,True
1789064450,mongodb-sharded-configsvr,Running,True
1789064450,mongodb-sharded-mongos,Running,True
1789064450,mongodb-sharded-mongos,Running,True
1789064450,mongodb-sharded-mongos,Running,True
1789064450,mongodb-sharded-shardsvr,Running,True
1789064450,mongodb-sharded-shardsvr,Running,True
1789064450,mongodb-sharded-shardsvr,Running,True
1789064450,mongodb-sharded-shardsvr,Running,True
1789064450,mongodb-sharded-shardsvr,Running,True
1789064450,mongodb-sharded-shardsvr,Running,True
1789064450,nginx-thrift,Running,True
1789064450,nginx-thrift,Running,True
1789064450,nginx-thrift,Running,True
1789064450,nginx-thrift,Running,True
1789064450,post-storage-service,Running,True
1789064450,social-graph-redis,Running,True
1789064450,social-graph-service,Running,True
1789064450,social-network-mcrouter,Running,True
1789064450,social-network-mcrouter,Running,True
1789064450,social-network-mcrouter,Running,True
1789064450,memcached,Running,True
1789064450,memcached,Running,True
1789064450,memcached,Running,True
1789064450,memcached,Running,True
1789064450,memcached,Running,True
1789064450,memcached,Running,True
1789064450,text-service,Running,True
1789064450,unique-id-service,Running,True
1789064450,url-shorten-service,Running,True
1789064450,user-mention-service,Running,True
1789064450,user-service,Running,True
1789064450,user-timeline-redis,Running,True
1789064450,user-timeline-service,Running,True
1789064451,compose-post-service,Running,True
1789064451,home-timeline-redis,Running,True
1789064451,home-timeline-service,Running,True
1789064451,jaeger,Running,True
1789064451,media-frontend,Running,True
1789064451,media-service,Running,True
1789064451,mongodb-sharded-configsvr,Running,True
1789064451,mongodb-sharded-mongos,Running,True
1789064451,mongodb-sharded-mongos,Running,True
1789064451,mongodb-sharded-mongos,Running,True
1789064451,mongodb-sharded-shardsvr,Running,True
1789064451,mongodb-sharded-shardsvr,Running,True
1789064451,mongodb-sharded-shardsvr,Running,True
1789064451,mongodb-sharded-shardsvr,Running,True
1789064451,mongodb-sharded-shardsvr,Running,True
1789064451,mongodb-sharded-shardsvr,Running,True
1789064451,nginx-thrift,Running,True
1789064451,nginx-thrift,Running,True
1789064451,nginx-thrift,Running,True
1789064451,nginx-thrift,Running,True
1789064451,post-storage-service,Running,True
1789064451,social-graph-redis,Running,True
1789064451,social-graph-service,Running,True
1789064451,social-network-mcrouter,Running,True
1789064451,social-network-mcrouter,Running,True
1789064451,social-network-mcrouter,Running,True
1789064451,memcached,Running,True
1789064451,memcached,Running,True
1789064451,memcached,Running,True
1789064451,memcached,Running,True
1789064451,memcached,Running,True
1789064451,memcached,Running,True
1789064451,text-service,Running,True
1789064451,unique-id-service,Running,True
1789064451,url-shorten-service,Running,True
1789064451,user-mention-service,Running,True
1789064451,user-service,Running,True
1789064451,user-timeline-redis,Running,True
1789064451,user-timeline-service,Running,True
1789064452,compose-post-service,Running,True
1789064452,home-timeline-redis,Running,True
1789064452,home-timeline-service,Running,True
1789064452,jaeger,Running,True
1789064452,media-frontend,Running,True
1789064452,media-service,Running,True
1789064452,mongodb-sharded-configsvr,Running,True
1789064452,mongodb-sharded-mongos,Running,True
1789064452,mongodb-sharded-mongos,Running,True
1789064452,mongodb-sharded-mongos,Running,True
1789064452,mongodb-sharded-shardsvr,Running,True
1789064452,mongodb-sharded-shardsvr,Running,True
1789064452,mongodb-sharded-shardsvr,Running,True
1789064452,mongodb-sharded-shardsvr,Running,True
1789064452,mongodb-sharded-shardsvr,Running,True
1789064452,mongodb-sharded-shardsvr,Running,True
1789064452,nginx-thrift,Running,True
1789064452,nginx-thrift,Running,True
1789064452,nginx-thrift,Running,True
1789064452,nginx-thrift,Running,True
1789064452,post-storage-service,Running,True
1789064452,social-graph-redis,Running,True
1789064452,social-graph-service,Running,True
1789064452,social-network-mcrouter,Running,True
1789064452,social-network-mcrouter,Running,True
1789064452,social-network-mcrouter,Running,True
1789064452,memcached,Running,True
1789064452,memcached,Running,True
1789064452,memcached,Running,True
1789064452,memcached,Running,True
1789064452,memcached,Running,True
1789064452,memcached,Running,True
1789064452,text-service,Running,True
1789064452,unique-id-service,Running,True
1789064452,url-shorten-service,Running,True
1789064452,user-mention-service,Running,True
1789064452,user-service,Running,True
1789064452,user-timeline-redis,Running,True
1789064452,user-timeline-service,Running,True
1789064453,compose-post-service,Running,True
1789064453,home-timeline-redis,Running,True
1789064453,home-timeline-service,Running,True
1789064453,jaeger,Running,True
1789064453,media-frontend,Running,True
1789064453,media-service,Running,True
1789064453,mongodb-sharded-configsvr,Running,True
1789064453,mongodb-sharded-mongos,Running,True
1789064453,mongodb-sharded-mongos,Running,True
1789064453,mongodb-sharded-mongos,Running,True
1789064453,mongodb-sharded-shardsvr,Running,True
1789064453,mongodb-sharded-shardsvr,Running,True
1789064453,mongodb-sharded-shardsvr,Running,True
1789064453,mongodb-sharded-shardsvr,Running,True
1789064453,mongodb-sharded-shardsvr,Running,True
1789064453,mongodb-sharded-shardsvr,Running,True
1789064453,nginx-thrift,Running,True
1789064453,nginx-thrift,Running,True
1789064453,nginx-thrift,Running,True
1789064453,nginx-thrift,Running,True
1789064453,post-storage-service,Running,True
1789064453,social-graph-redis,Running,True
1789064453,social-graph-service,Running,True
1789064453,social-network-mcrouter,Running,True
1789064453,social-network-mcrouter,Running,True
1789064453,social-network-mcrouter,Running,True
1789064453,memcached,Running,True
1789064453,memcached,Running,True
1789064453,memcached,Running,True
1789064453,memcached,Running,True
1789064453,memcached,Running,True
1789064453,memcached,Running,True
1789064453,text-service,Running,True
1789064453,unique-id-service,Running,True
1789064453,url-shorten-service,Running,True
1789064453,user-mention-service,Running,True
1789064453,user-service,Running,True
1789064453,user-timeline-redis,Running,True
1789064453,user-timeline-service,Running,True
1789064454,compose-post-service,Running,True
1789064454,home-timeline-redis,Running,True
1789064454,home-timeline-service,Running,True
1789064454,jaeger,Running,True
1789064454,media-frontend,Running,True
1789064454,media-service,Running,True
1789064454,mongodb-sharded-configsvr,Running,True
1789064454,mongodb-sharded-mongos,Running,True
1789064454,mongodb-sharded-mongos,Running,True
1789064454,mongodb-sharded-mongos,Running,True
1789064454,mongodb-sharded-shardsvr,Running,True
1789064454,mongodb-sharded-shardsvr,Running,True
1789064454,mongodb-sharded-shardsvr,Running,True
1789064454,mongodb-sharded-shardsvr,Running,True
1789064454,mongodb-sharded-shardsvr,Running,True
1789064454,mongodb-sharded-shardsvr,Running,True
1789064454,nginx-thrift,Running,True
1789064454,nginx-thrift,Running,True
1789064454,nginx-thrift,Running,True
1789064454,nginx-thrift,Running,True
1789064454,post-storage-service,Running,True
1789064454,social-graph-redis,Running,True
1789064454,social-graph-service,Running,True
1789064454,social-network-mcrouter,Running,True
1789064454,social-network-mcrouter,Running,True
1789064454,social-network-mcrouter,Running,True
1789064454,memcached,Running,True
1789064454,memcached,Running,True
1789064454,memcached,Running,True
1789064454,memcached,Running,True
1789064454,memcached,Running,True
1789064454,memcached,Running,True
1789064454,text-service,Running,True
1789064454,unique-id-service,Running,True
1789064454,url-shorten-service,Running,True
1789064454,user-mention-service,Running,True
1789064454,user-service,Running,True
1789064454,user-timeline-redis,Running,True
1789064454,user-timeline-service,Running,True
1789064455,compose-post-service,Running,True
1789064455,home-timeline-redis,Running,True
1789064455,home-timeline-service,Running,True
1789064455,jaeger,Running,True
1789064455,media-frontend,Running,True
1789064455,media-service,Running,True
1789064455,mongodb-sharded-configsvr,Running,True
1789064455,mongodb-sharded-mongos,Running,True
1789064455,mongodb-sharded-mongos,Running,True
1789064455,mongodb-sharded-mongos,Running,True
1789064455,mongodb-sharded-shardsvr,Running,True
1789064455,mongodb-sharded-shardsvr,Running,True
1789064455,mongodb-sharded-shardsvr,Running,True
1789064455,mongodb-sharded-shardsvr,Running,True
1789064455,mongodb-sharded-shardsvr,Running,True
1789064455,mongodb-sharded-shardsvr,Running,True
1789064455,nginx-thrift,Running,True
1789064455,nginx-thrift,Running,True
1789064455,nginx-thrift,Running,True
1789064455,nginx-thrift,Running,True
1789064455,post-storage-service,Running,True
1789064455,social-graph-redis,Running,True
1789064455,social-graph-service,Running,True
1789064455,social-network-mcrouter,Running,True
1789064455,social-network-mcrouter,Running,True
1789064455,social-network-mcrouter,Running,True
1789064455,memcached,Running,True
1789064455,memcached,Running,True
1789064455,memcached,Running,True
1789064455,memcached,Running,True
1789064455,memcached,Running,True
1789064455,memcached,Running,True
1789064455,text-service,Running,True
1789064455,unique-id-service,Running,True
1789064455,url-shorten-service,Running,True
1789064455,user-mention-service,Running,True
1789064455,user-service,Running,True
1789064455,user-timeline-redis,Running,True
1789064455,user-timeline-service,Running,True
1789064456,compose-post-service,Running,True
1789064456,home-timeline-redis,Running,True
1789064456,home-timeline-service,Running,True
1789064456,jaeger,Running,True
1789064456,media-frontend,Running,True
1789064456,media-service,Running,True
1789064456,mongodb-sharded-configsvr,Running,True
1789064456,mongodb-sharded-mongos,Running,True
1789064456,mongodb-sharded-mongos,Running,True
1789064456,mongodb-sharded-mongos,Running,True
1789064456,mongodb-sharded-shardsvr,Running,True
1789064456,mongodb-sharded-shardsvr,Running,True
1789064456,mongodb-sharded-shardsvr,Running,True
1789064456,mongodb-sharded-shardsvr,Running,True
1789064456,mongodb-sharded-shardsvr,Running,True
1789064456,mongodb-sharded-shardsvr,Running,True
1789064456,nginx-thrift,Running,True
1789064456,nginx-thrift,Running,True
1789064456,nginx-thrift,Pending,False
1789064456,nginx-thrift,Running,True
1789064456,nginx-thrift,Running,True
1789064456,post-storage-service,Pending,False
1789064456,post-storage-service,Running,True
1789064456,social-graph-redis,Running,True
1789064456,social-graph-service,Running,True
1789064456,social-network-mcrouter,Running,True
1789064456,social-network-mcrouter,Running,True
1789064456,social-network-mcrouter,Running,True
1789064456,memcached,Running,True
1789064456,memcached,Running,True
1789064456,memcached,Running,True
1789064456,memcached,Running,True
1789064456,memcached,Running,True
1789064456,memcached,Running,True
1789064456,text-service,Running,True
1789064456,unique-id-service,Running,True
1789064456,url-shorten-service,Running,True
1789064456,user-mention-service,Running,True
1789064456,user-service,Running,True
1789064456,user-timeline-redis,Running,True
1789064456,user-timeline-service,Running,True
1789064457,compose-post-service,Running,True
1789064457,home-timeline-redis,Running,True
1789064457,home-timeline-service,Running,True
1789064457,jaeger,Running,True
1789064457,media-frontend,Running,True
1789064457,media-service,Running,True
1789064457,mongodb-sharded-configsvr,Running,True
1789064457,mongodb-sharded-mongos,Running,True
1789064457,mongodb-sharded-mongos,Running,True
1789064457,mongodb-sharded-mongos,Running,True
1789064457,mongodb-sharded-shardsvr,Running,True
1789064457,mongodb-sharded-shardsvr,Running,True
1789064457,mongodb-sharded-shardsvr,Running,True
1789064457,mongodb-sharded-shardsvr,Running,True
1789064457,mongodb-sharded-shardsvr,Running,True
1789064457,mongodb-sharded-shardsvr,Running,True
1789064457,nginx-thrift,Running,True
1789064457,nginx-thrift,Running,True
1789064457,nginx-thrift,Pending,False
1789064457,nginx-thrift,Running,True
1789064457,nginx-thrift,Running,True
1789064457,post-storage-service,Pending,False
1789064457,post-storage-service,Running,True
1789064457,social-graph-redis,Running,True
1789064457,social-graph-service,Running,True
1789064457,social-network-mcrouter,Running,True
1789064457,social-network-mcrouter,Running,True
1789064457,social-network-mcrouter,Running,True
1789064457,memcached,Running,True
1789064457,memcached,Running,True
1789064457,memcached,Running,True
1789064457,memcached,Running,True
1789064457,memcached,Running,True
1789064457,memcached,Running,True
1789064457,text-service,Running,True
1789064457,unique-id-service,Running,True
1789064457,url-shorten-service,Running,True
1789064457,user-mention-service,Running,True
1789064457,user-service,Running,True
1789064457,user-timeline-redis,Running,True
1789064457,user-timeline-service,Running,True
1789064458,compose-post-service,Running,True
1789064458,home-timeline-redis,Running,True
1789064458,home-timeline-service,Running,True
1789064458,jaeger,Running,True
1789064458,media-frontend,Running,True
1789064458,media-service,Running,True
1789064458,mongodb-sharded-configsvr,Running,True
1789064458,mongodb-sharded-mongos,Running,True
1789064458,mongodb-sharded-mongos,Running,True
1789064458,mongodb-sharded-mongos,Running,True
1789064458,mongodb-sharded-shardsvr,Running,True
1789064458,mongodb-sharded-shardsvr,Running,True
1789064458,mongodb-sharded-shardsvr,Running,True
1789064458,mongodb-sharded-shardsvr,Running,True
1789064458,mongodb-sharded-shardsvr,Running,True
1789064458,mongodb-sharded-shardsvr,Running,True
1789064458,nginx-thrift,Running,True
1789064458,nginx-thrift,Running,True
1789064458,nginx-thrift,Pending,False
1789064458,nginx-thrift,Running,True
1789064458,nginx-thrift,Running,True
1789064458,post-storage-service,Pending,False
1789064458,post-storage-service,Running,True
1789064458,social-graph-redis,Running,True
1789064458,social-graph-service,Running,True
1789064458,social-network-mcrouter,Running,True
1789064458,social-network-mcrouter,Running,True
1789064458,social-network-mcrouter,Running,True
1789064458,memcached,Running,True
1789064458,memcached,Running,True
1789064458,memcached,Running,True
1789064458,memcached,Running,True
1789064458,memcached,Running,True
1789064458,memcached,Running,True
1789064458,text-service,Running,True
1789064458,unique-id-service,Running,True
1789064458,url-shorten-service,Running,True
1789064458,user-mention-service,Running,True
1789064458,user-service,Running,True
1789064458,user-timeline-redis,Running,True
1789064458,user-timeline-service,Running,True
1789064459,compose-post-service,Running,True
1789064459,home-timeline-redis,Running,True
1789064459,home-timeline-service,Running,True
1789064459,jaeger,Running,True
1789064459,media-frontend,Running,True
1789064459,media-service,Running,True
1789064459,mongodb-sharded-configsvr,Running,True
1789064459,mongodb-sharded-mongos,Running,True
1789064459,mongodb-sharded-mongos,Running,True
1789064459,mongodb-sharded-mongos,Running,True
1789064459,mongodb-sharded-shardsvr,Running,True
1789064459,mongodb-sharded-shardsvr,Running,True
1789064459,mongodb-sharded-shardsvr,Running,True
1789064459,mongodb-sharded-shardsvr,Running,True
1789064459,mongodb-sharded-shardsvr,Running,True
1789064459,mongodb-sharded-shardsvr,Running,True
1789064459,nginx-thrift,Running,True
1789064459,nginx-thrift,Running,True
1789064459,nginx-thrift,Pending,False
1789064459,nginx-thrift,Running,True
1789064459,nginx-thrift,Running,True
1789064459,post-storage-service,Running,False
1789064459,post-storage-service,Running,True
1789064459,social-graph-redis,Running,True
1789064459,social-graph-service,Running,True
1789064459,social-network-mcrouter,Running,True
1789064459,social-network-mcrouter,Running,True
1789064459,social-network-mcrouter,Running,True
1789064459,memcached,Running,True
1789064459,memcached,Running,True
1789064459,memcached,Running,True
1789064459,memcached,Running,True
1789064459,memcached,Running,True
1789064459,memcached,Running,True
1789064459,text-service,Running,True
1789064459,unique-id-service,Running,True
1789064459,url-shorten-service,Running,True
1789064459,user-mention-service,Running,True
1789064459,user-service,Running,True
1789064459,user-timeline-redis,Running,True
1789064459,user-timeline-service,Running,True
1789064460,compose-post-service,Running,True
1789064460,home-timeline-redis,Running,True
1789064460,home-timeline-service,Running,True
1789064460,jaeger,Running,True
1789064460,media-frontend,Running,True
1789064460,media-service,Running,True
1789064460,mongodb-sharded-configsvr,Running,True
1789064460,mongodb-sharded-mongos,Running,True
1789064460,mongodb-sharded-mongos,Running,True
1789064460,mongodb-sharded-mongos,Running,True
1789064460,mongodb-sharded-shardsvr,Running,True
1789064460,mongodb-sharded-shardsvr,Running,True
1789064460,mongodb-sharded-shardsvr,Running,True
1789064460,mongodb-sharded-shardsvr,Running,True
1789064460,mongodb-sharded-shardsvr,Running,True
1789064460,mongodb-sharded-shardsvr,Running,True
1789064460,nginx-thrift,Running,True
1789064460,nginx-thrift,Running,True
1789064460,nginx-thrift,Pending,False
1789064460,nginx-thrift,Running,True
1789064460,nginx-thrift,Running,True
1789064460,post-storage-service,Running,False
1789064460,post-storage-service,Running,True
1789064460,social-graph-redis,Running,True
1789064460,social-graph-service,Running,True
1789064460,social-network-mcrouter,Running,True
1789064460,social-network-mcrouter,Running,True
1789064460,social-network-mcrouter,Running,True
1789064460,memcached,Running,True
1789064460,memcached,Running,True
1789064460,memcached,Running,True
1789064460,memcached,Running,True
1789064460,memcached,Running,True
1789064460,memcached,Running,True
1789064460,text-service,Running,True
1789064460,unique-id-service,Running,True
1789064460,url-shorten-service,Running,True
1789064460,user-mention-service,Running,True
1789064460,user-service,Running,True
1789064460,user-timeline-redis,Running,True
1789064460,user-timeline-service,Running,True
1789064461,compose-post-service,Running,True
1789064461,home-timeline-redis,Running,True
1789064461,home-timeline-service,Running,True
1789064461,jaeger,Running,True
1789064461,media-frontend,Running,True
1789064461,media-service,Running,True
1789064461,mongodb-sharded-configsvr,Running,True
1789064461,mongodb-sharded-mongos,Running,True
1789064461,mongodb-sharded-mongos,Running,True
1789064461,mongodb-sharded-mongos,Running,True
1789064461,mongodb-sharded-shardsvr,Running,True
1789064461,mongodb-sharded-shardsvr,Running,True
1789064461,mongodb-sharded-shardsvr,Running,True
1789064461,mongodb-sharded-shardsvr,Running,True
1789064461,mongodb-sharded-shardsvr,Running,True
1789064461,mongodb-sharded-shardsvr,Running,True
1789064461,nginx-thrift,Running,True
1789064461,nginx-thrift,Running,True
1789064461,nginx-thrift,Pending,False
1789064461,nginx-thrift,Running,True
1789064461,nginx-thrift,Running,True
1789064461,post-storage-service,Running,True
1789064461,post-storage-service,Running,True
1789064461,social-graph-redis,Running,True
1789064461,social-graph-service,Running,True
1789064461,social-network-mcrouter,Running,True
1789064461,social-network-mcrouter,Running,True
1789064461,social-network-mcrouter,Running,True
1789064461,memcached,Running,True
1789064461,memcached,Running,True
1789064461,memcached,Running,True
1789064461,memcached,Running,True
1789064461,memcached,Running,True
1789064461,memcached,Running,True
1789064461,text-service,Running,True
1789064461,unique-id-service,Running,True
1789064461,url-shorten-service,Running,True
1789064461,user-mention-service,Running,True
1789064461,user-service,Running,True
1789064461,user-timeline-redis,Running,True
1789064461,user-timeline-service,Running,True
1789064462,compose-post-service,Running,True
1789064462,home-timeline-redis,Running,True
1789064462,home-timeline-service,Running,True
1789064462,jaeger,Running,True
1789064462,media-frontend,Running,True
1789064462,media-service,Running,True
1789064462,mongodb-sharded-configsvr,Running,True
1789064462,mongodb-sharded-mongos,Running,True
1789064462,mongodb-sharded-mongos,Running,True
1789064462,mongodb-sharded-mongos,Running,True
1789064462,mongodb-sharded-shardsvr,Running,True
1789064462,mongodb-sharded-shardsvr,Running,True
1789064462,mongodb-sharded-shardsvr,Running,True
1789064462,mongodb-sharded-shardsvr,Running,True
1789064462,mongodb-sharded-shardsvr,Running,True
1789064462,mongodb-sharded-shardsvr,Running,True
1789064462,nginx-thrift,Running,True
1789064462,nginx-thrift,Running,True
1789064462,nginx-thrift,Pending,False
1789064462,nginx-thrift,Running,True
1789064462,nginx-thrift,Running,True
1789064462,post-storage-service,Running,True
1789064462,post-storage-service,Running,True
1789064462,social-graph-redis,Running,True
1789064462,social-graph-service,Running,True
1789064462,social-network-mcrouter,Running,True
1789064462,social-network-mcrouter,Running,True
1789064462,social-network-mcrouter,Running,True
1789064462,memcached,Running,True
1789064462,memcached,Running,True
1789064462,memcached,Running,True
1789064462,memcached,Running,True
1789064462,memcached,Running,True
1789064462,memcached,Running,True
1789064462,text-service,Running,True
1789064462,unique-id-service,Running,True
1789064462,url-shorten-service,Running,True
1789064462,user-mention-service,Running,True
1789064462,user-service,Running,True
1789064462,user-timeline-redis,Running,True
1789064462,user-timeline-service,Running,True
1789064463,compose-post-service,Running,True
1789064463,home-timeline-redis,Running,True
1789064463,home-timeline-service,Running,True
1789064463,jaeger,Running,True
1789064463,media-frontend,Running,True
1789064463,media-service,Running,True
1789064463,mongodb-sharded-configsvr,Running,True
1789064463,mongodb-sharded-mongos,Running,True
1789064463,mongodb-sharded-mongos,Running,True
1789064463,mongodb-sharded-mongos,Running,True
1789064463,mongodb-sharded-shardsvr,Running,True
1789064463,mongodb-sharded-shardsvr,Running,True
1789064463,mongodb-sharded-shardsvr,Running,True
1789064463,mongodb-sharded-shardsvr,Running,True
1789064463,mongodb-sharded-shardsvr,Running,True
1789064463,mongodb-sharded-shardsvr,Running,True
1789064463,nginx-thrift,Running,True
1789064463,nginx-thrift,Running,True
1789064463,nginx-thrift,Pending,False
1789064463,nginx-thrift,Running,True
1789064463,nginx-thrift,Running,True
1789064463,post-storage-service,Running,True
1789064463,post-storage-service,Running,True
1789064463,social-graph-redis,Running,True
1789064463,social-graph-service,Running,True
1789064463,social-network-mcrouter,Running,True
1789064463,social-network-mcrouter,Running,True
1789064463,social-network-mcrouter,Running,True
1789064463,memcached,Running,True
1789064463,memcached,Running,True
1789064463,memcached,Running,True
1789064463,memcached,Running,True
1789064463,memcached,Running,True
1789064463,memcached,Running,True
1789064463,text-service,Running,True
1789064463,unique-id-service,Running,True
1789064463,url-shorten-service,Running,True
1789064463,user-mention-service,Running,True
1789064463,user-service,Running,True
1789064463,user-timeline-redis,Running,True
1789064463,user-timeline-service,Running,True
1789064464,compose-post-service,Running,True
1789064464,home-timeline-redis,Running,True
1789064464,home-timeline-service,Running,True
1789064464,jaeger,Running,True
1789064464,media-frontend,Running,True
1789064464,media-service,Running,True
1789064464,mongodb-sharded-configsvr,Running,True
1789064464,mongodb-sharded-mongos,Running,True
1789064464,mongodb-sharded-mongos,Running,True
1789064464,mongodb-sharded-mongos,Running,True
1789064464,mongodb-sharded-shardsvr,Running,True
1789064464,mongodb-sharded-shardsvr,Running,True
1789064464,mongodb-sharded-shardsvr,Running,True
1789064464,mongodb-sharded-shardsvr,Running,True
1789064464,mongodb-sharded-shardsvr,Running,True
1789064464,mongodb-sharded-shardsvr,Running,True
1789064464,nginx-thrift,Running,True
1789064464,nginx-thrift,Running,True
1789064464,nginx-thrift,Pending,False
1789064464,nginx-thrift,Running,True
1789064464,nginx-thrift,Running,True
1789064464,post-storage-service,Running,True
1789064464,post-storage-service,Running,True
1789064464,social-graph-redis,Running,True
1789064464,social-graph-service,Running,True
1789064464,social-network-mcrouter,Running,True
1789064464,social-network-mcrouter,Running,True
1789064464,social-network-mcrouter,Running,True
1789064464,memcached,Running,True
1789064464,memcached,Running,True
1789064464,memcached,Running,True
1789064464,memcached,Running,True
1789064464,memcached,Running,True
1789064464,memcached,Running,True
1789064464,text-service,Running,True
1789064464,unique-id-service,Running,True
1789064464,url-shorten-service,Running,True
1789064464,user-mention-service,Running,True
1789064464,user-service,Running,True
1789064464,user-timeline-redis,Running,True
1789064464,user-timeline-service,Running,True
1789064465,compose-post-service,Running,True
1789064465,home-timeline-redis,Running,True
1789064465,home-timeline-service,Running,True
1789064465,jaeger,Running,True
1789064465,media-frontend,Running,True
1789064465,media-service,Running,True
1789064465,mongodb-sharded-configsvr,Running,True
1789064465,mongodb-sharded-mongos,Running,True
1789064465,mongodb-sharded-mongos,Running,True
1789064465,mongodb-sharded-mongos,Running,True
1789064465,mongodb-sharded-shardsvr,Running,True
1789064465,mongodb-sharded-shardsvr,Running,True
1789064465,mongodb-sharded-shardsvr,Running,True
1789064465,mongodb-sharded-shardsvr,Running,True
1789064465,mongodb-sharded-shardsvr,Running,True
1789064465,mongodb-sharded-shardsvr,Running,True
1789064465,nginx-thrift,Running,True
1789064465,nginx-thrift,Running,True
1789064465,nginx-thrift,Pending,False
1789064465,nginx-thrift,Running,True
1789064465,nginx-thrift,Running,True
1789064465,post-storage-service,Running,True
1789064465,post-storage-service,Running,True
1789064465,social-graph-redis,Running,True
1789064465,social-graph-service,Running,True
1789064465,social-network-mcrouter,Running,True
1789064465,social-network-mcrouter,Running,True
1789064465,social-network-mcrouter,Running,True
1789064465,memcached,Running,True
1789064465,memcached,Running,True
1789064465,memcached,Running,True
1789064465,memcached,Running,True
1789064465,memcached,Running,True
1789064465,memcached,Running,True
1789064465,text-service,Running,True
1789064465,unique-id-service,Running,True
1789064465,url-shorten-service,Running,True
1789064465,user-mention-service,Running,True
1789064465,user-service,Running,True
1789064465,user-timeline-redis,Running,True
1789064465,user-timeline-service,Running,True
1789064466,compose-post-service,Running,True
1789064466,home-timeline-redis,Running,True
1789064466,home-timeline-service,Running,True
1789064466,jaeger,Running,True
1789064466,media-frontend,Running,True
1789064466,media-service,Running,True
1789064466,mongodb-sharded-configsvr,Running,True
1789064466,mongodb-sharded-mongos,Running,True
1789064466,mongodb-sharded-mongos,Running,True
1789064466,mongodb-sharded-mongos,Running,True
1789064466,mongodb-sharded-shardsvr,Running,True
1789064466,mongodb-sharded-shardsvr,Running,True
1789064466,mongodb-sharded-shardsvr,Running,True
1789064466,mongodb-sharded-shardsvr,Running,True
1789064466,mongodb-sharded-shardsvr,Running,True
1789064466,mongodb-sharded-shardsvr,Running,True
1789064466,nginx-thrift,Running,True
1789064466,nginx-thrift,Running,True
1789064466,nginx-thrift,Pending,False
1789064466,nginx-thrift,Running,True
1789064466,nginx-thrift,Running,True
1789064466,post-storage-service,Running,True
1789064466,post-storage-service,Running,True
1789064466,social-graph-redis,Running,True
1789064466,social-graph-service,Running,True
1789064466,social-network-mcrouter,Running,True
1789064466,social-network-mcrouter,Running,True
1789064466,social-network-mcrouter,Running,True
1789064466,memcached,Running,True
1789064466,memcached,Running,True
1789064466,memcached,Running,True
1789064466,memcached,Running,True
1789064466,memcached,Running,True
1789064466,memcached,Running,True
1789064466,text-service,Running,True
1789064466,unique-id-service,Running,True
1789064466,url-shorten-service,Running,True
1789064466,user-mention-service,Running,True
1789064466,user-service,Running,True
1789064466,user-timeline-redis,Running,True
1789064466,user-timeline-service,Running,True
1789064467,compose-post-service,Running,True
1789064467,home-timeline-redis,Running,True
1789064467,home-timeline-service,Running,True
1789064467,jaeger,Running,True
1789064467,media-frontend,Running,True
1789064467,media-service,Running,True
1789064467,mongodb-sharded-configsvr,Running,True
1789064467,mongodb-sharded-mongos,Running,True
1789064467,mongodb-sharded-mongos,Running,True
1789064467,mongodb-sharded-mongos,Running,True
1789064467,mongodb-sharded-shardsvr,Running,True
1789064467,mongodb-sharded-shardsvr,Running,True
1789064467,mongodb-sharded-shardsvr,Running,True
1789064467,mongodb-sharded-shardsvr,Running,True
1789064467,mongodb-sharded-shardsvr,Running,True
1789064467,mongodb-sharded-shardsvr,Running,True
1789064467,nginx-thrift,Running,True
1789064467,nginx-thrift,Running,True
1789064467,nginx-thrift,Pending,False
1789064467,nginx-thrift,Running,True
1789064467,nginx-thrift,Running,True
1789064467,post-storage-service,Running,True
1789064467,post-storage-service,Running,True
1789064467,social-graph-redis,Running,True
1789064467,social-graph-service,Running,True
1789064467,social-network-mcrouter,Running,True
1789064467,social-network-mcrouter,Running,True
1789064467,social-network-mcrouter,Running,True
1789064467,memcached,Running,True
1789064467,memcached,Running,True
1789064467,memcached,Running,True
1789064467,memcached,Running,True
1789064467,memcached,Running,True
1789064467,memcached,Running,True
1789064467,text-service,Running,True
1789064467,unique-id-service,Running,True
1789064467,url-shorten-service,Running,True
1789064467,user-mention-service,Running,True
1789064467,user-service,Running,True
1789064467,user-timeline-redis,Running,True
1789064467,user-timeline-service,Running,True
1789064468,compose-post-service,Running,True
1789064468,home-timeline-redis,Running,True
1789064468,home-timeline-service,Running,True
1789064468,jaeger,Running,True
1789064468,media-frontend,Running,True
1789064468,media-service,Running,True
1789064468,mongodb-sharded-configsvr,Running,True
1789064468,mongodb-sharded-mongos,Running,True
1789064468,mongodb-sharded-mongos,Running,True
1789064468,mongodb-sharded-mongos,Running,True
1789064468,mongodb-sharded-shardsvr,Running,True
1789064468,mongodb-sharded-shardsvr,Running,True
1789064468,mongodb-sharded-shardsvr,Running,True
1789064468,mongodb-sharded-shardsvr,Running,True
1789064468,mongodb-sharded-shardsvr,Running,True
1789064468,mongodb-sharded-shardsvr,Running,True
1789064468,nginx-thrift,Running,True
1789064468,nginx-thrift,Running,True
1789064468,nginx-thrift,Pending,False
1789064468,nginx-thrift,Running,True
1789064468,nginx-thrift,Running,True
1789064468,post-storage-service,Running,True
1789064468,post-storage-service,Running,True
1789064468,social-graph-redis,Running,True
1789064468,social-graph-service,Running,True
1789064468,social-network-mcrouter,Running,True
1789064468,social-network-mcrouter,Running,True
1789064468,social-network-mcrouter,Running,True
1789064468,memcached,Running,True
1789064468,memcached,Running,True
1789064468,memcached,Running,True
1789064468,memcached,Running,True
1789064468,memcached,Running,True
1789064468,memcached,Running,True
1789064468,text-service,Running,True
1789064468,unique-id-service,Running,True
1789064468,url-shorten-service,Running,True
1789064468,user-mention-service,Running,True
1789064468,user-service,Running,True
1789064468,user-timeline-redis,Running,True
1789064468,user-timeline-service,Running,True
1789064469,compose-post-service,Running,True
1789064469,home-timeline-redis,Running,True
1789064469,home-timeline-service,Running,True
1789064469,jaeger,Running,True
1789064469,media-frontend,Running,True
1789064469,media-service,Running,True
1789064469,mongodb-sharded-configsvr,Running,True
1789064469,mongodb-sharded-mongos,Running,True
1789064469,mongodb-sharded-mongos,Running,True
1789064469,mongodb-sharded-mongos,Running,True
1789064469,mongodb-sharded-shardsvr,Running,True
1789064469,mongodb-sharded-shardsvr,Running,True
1789064469,mongodb-sharded-shardsvr,Running,True
1789064469,mongodb-sharded-shardsvr,Running,True
1789064469,mongodb-sharded-shardsvr,Running,True
1789064469,mongodb-sharded-shardsvr,Running,True
1789064469,nginx-thrift,Running,True
1789064469,nginx-thrift,Running,True
1789064469,nginx-thrift,Running,False
1789064469,nginx-thrift,Running,True
1789064469,nginx-thrift,Running,True
1789064469,post-storage-service,Running,True
1789064469,post-storage-service,Running,True
1789064469,social-graph-redis,Running,True
1789064469,social-graph-service,Running,True
1789064469,social-network-mcrouter,Running,True
1789064469,social-network-mcrouter,Running,True
1789064469,social-network-mcrouter,Running,True
1789064469,memcached,Running,True
1789064469,memcached,Running,True
1789064469,memcached,Running,True
1789064469,memcached,Running,True
1789064469,memcached,Running,True
1789064469,memcached,Running,True
1789064469,text-service,Running,True
1789064469,unique-id-service,Running,True
1789064469,url-shorten-service,Running,True
1789064469,user-mention-service,Running,True
1789064469,user-service,Running,True
1789064469,user-timeline-redis,Running,True
1789064469,user-timeline-service,Running,True
1789064470,compose-post-service,Running,True
1789064470,home-timeline-redis,Running,True
1789064470,home-timeline-service,Running,True
1789064470,jaeger,Running,True
1789064470,media-frontend,Running,True
1789064470,media-service,Running,True
1789064470,mongodb-sharded-configsvr,Running,True
1789064470,mongodb-sharded-mongos,Running,True
1789064470,mongodb-sharded-mongos,Running,True
1789064470,mongodb-sharded-mongos,Running,True
1789064470,mongodb-sharded-shardsvr,Running,True
1789064470,mongodb-sharded-shardsvr,Running,True
1789064470,mongodb-sharded-shardsvr,Running,True
1789064470,mongodb-sharded-shardsvr,Running,True
1789064470,mongodb-sharded-shardsvr,Running,True
1789064470,mongodb-sharded-shardsvr,Running,True
1789064470,nginx-thrift,Running,True
1789064470,nginx-thrift,Running,True
1789064470,nginx-thrift,Running,False
1789064470,nginx-thrift,Running,True
1789064470,nginx-thrift,Running,True
1789064470,post-storage-service,Running,True
1789064470,post-storage-service,Running,True
1789064470,social-graph-redis,Running,True
1789064470,social-graph-service,Running,True
1789064470,social-network-mcrouter,Running,True
1789064470,social-network-mcrouter,Running,True
1789064470,social-network-mcrouter,Running,True
1789064470,memcached,Running,True
1789064470,memcached,Running,True
1789064470,memcached,Running,True
1789064470,memcached,Running,True
1789064470,memcached,Running,True
1789064470,memcached,Running,True
1789064470,text-service,Running,True
1789064470,unique-id-service,Running,True
1789064470,url-shorten-service,Running,True
1789064470,user-mention-service,Running,True
1789064470,user-service,Running,True
1789064470,user-timeline-redis,Running,True
1789064470,user-timeline-service,Running,True
1789064471,compose-post-service,Running,True
1789064471,home-timeline-redis,Running,True
1789064471,home-timeline-service,Running,True
1789064471,jaeger,Running,True
1789064471,media-frontend,Running,True
1789064471,media-service,Running,True
1789064471,mongodb-sharded-configsvr,Running,True
1789064471,mongodb-sharded-mongos,Running,True
1789064471,mongodb-sharded-mongos,Running,True
1789064471,mongodb-sharded-mongos,Running,True
1789064471,mongodb-sharded-shardsvr,Running,True
1789064471,mongodb-sharded-shardsvr,Running,True
1789064471,mongodb-sharded-shardsvr,Running,True
1789064471,mongodb-sharded-shardsvr,Running,True
1789064471,mongodb-sharded-shardsvr,Running,True
1789064471,mongodb-sharded-shardsvr,Running,True
1789064471,nginx-thrift,Pending,False
1789064471,nginx-thrift,Running,True
1789064471,nginx-thrift,Running,True
1789064471,nginx-thrift,Running,True
1789064471,nginx-thrift,Running,True
1789064471,nginx-thrift,Running,True
1789064471,post-storage-service,Running,True
1789064471,post-storage-service,Running,True
1789064471,social-graph-redis,Running,True
1789064471,social-graph-service,Running,True
1789064471,social-network-mcrouter,Running,True
1789064471,social-network-mcrouter,Running,True
1789064471,social-network-mcrouter,Running,True
1789064471,memcached,Running,True
1789064471,memcached,Running,True
1789064471,memcached,Running,True
1789064471,memcached,Running,True
1789064471,memcached,Running,True
1789064471,memcached,Running,True
1789064471,text-service,Running,True
1789064471,unique-id-service,Running,True
1789064471,url-shorten-service,Running,True
1789064471,user-mention-service,Running,True
1789064471,user-service,Running,True
1789064471,user-timeline-redis,Running,True
1789064471,user-timeline-service,Running,True
1789064472,compose-post-service,Running,True
1789064472,home-timeline-redis,Running,True
1789064472,home-timeline-service,Running,True
1789064472,jaeger,Running,True
1789064472,media-frontend,Running,True
1789064472,media-service,Running,True
1789064472,mongodb-sharded-configsvr,Running,True
1789064472,mongodb-sharded-mongos,Running,True
1789064472,mongodb-sharded-mongos,Running,True
1789064472,mongodb-sharded-mongos,Running,True
1789064472,mongodb-sharded-shardsvr,Running,True
1789064472,mongodb-sharded-shardsvr,Running,True
1789064472,mongodb-sharded-shardsvr,Running,True
1789064472,mongodb-sharded-shardsvr,Running,True
1789064472,mongodb-sharded-shardsvr,Running,True
1789064472,mongodb-sharded-shardsvr,Running,True
1789064472,nginx-thrift,Pending,False
1789064472,nginx-thrift,Running,True
1789064472,nginx-thrift,Running,True
1789064472,nginx-thrift,Running,True
1789064472,nginx-thrift,Running,True
1789064472,nginx-thrift,Running,True
1789064472,post-storage-service,Running,True
1789064472,post-storage-service,Running,True
1789064472,social-graph-redis,Running,True
1789064472,social-graph-service,Running,True
1789064472,social-network-mcrouter,Running,True
1789064472,social-network-mcrouter,Running,True
1789064472,social-network-mcrouter,Running,True
1789064472,memcached,Running,True
1789064472,memcached,Running,True
1789064472,memcached,Running,True
1789064472,memcached,Running,True
1789064472,memcached,Running,True
1789064472,memcached,Running,True
1789064472,text-service,Running,True
1789064472,unique-id-service,Running,True
1789064472,url-shorten-service,Running,True
1789064472,user-mention-service,Running,True
1789064472,user-service,Running,True
1789064472,user-timeline-redis,Running,True
1789064472,user-timeline-service,Running,True
1789064473,compose-post-service,Running,True
1789064473,home-timeline-redis,Running,True
1789064473,home-timeline-service,Running,True
1789064473,jaeger,Running,True
1789064473,media-frontend,Running,True
1789064473,media-service,Running,True
1789064473,mongodb-sharded-configsvr,Running,True
1789064473,mongodb-sharded-mongos,Running,True
1789064473,mongodb-sharded-mongos,Running,True
1789064473,mongodb-sharded-mongos,Running,True
1789064473,mongodb-sharded-shardsvr,Running,True
1789064473,mongodb-sharded-shardsvr,Running,True
1789064473,mongodb-sharded-shardsvr,Running,True
1789064473,mongodb-sharded-shardsvr,Running,True
1789064473,mongodb-sharded-shardsvr,Running,True
1789064473,mongodb-sharded-shardsvr,Running,True
1789064473,nginx-thrift,Pending,False
1789064473,nginx-thrift,Running,True
1789064473,nginx-thrift,Running,True
1789064473,nginx-thrift,Running,True
1789064473,nginx-thrift,Running,True
1789064473,nginx-thrift,Running,True
1789064473,post-storage-service,Running,True
1789064473,post-storage-service,Running,True
1789064473,social-graph-redis,Running,True
1789064473,social-graph-service,Running,True
1789064473,social-network-mcrouter,Running,True
1789064473,social-network-mcrouter,Running,True
1789064473,social-network-mcrouter,Running,True
1789064473,memcached,Running,True
1789064473,memcached,Running,True
1789064473,memcached,Running,True
1789064473,memcached,Running,True
1789064473,memcached,Running,True
1789064473,memcached,Running,True
1789064473,text-service,Running,True
1789064473,unique-id-service,Running,True
1789064473,url-shorten-service,Running,True
1789064473,user-mention-service,Running,True
1789064473,user-service,Running,True
1789064473,user-timeline-redis,Running,True
1789064473,user-timeline-service,Running,True
1789064474,compose-post-service,Running,True
1789064474,home-timeline-redis,Running,True
1789064474,home-timeline-service,Running,True
1789064474,jaeger,Running,True
1789064474,media-frontend,Running,True
1789064474,media-service,Running,True
1789064474,mongodb-sharded-configsvr,Running,True
1789064474,mongodb-sharded-mongos,Running,True
1789064474,mongodb-sharded-mongos,Running,True
1789064474,mongodb-sharded-mongos,Running,True
1789064474,mongodb-sharded-shardsvr,Running,True
1789064474,mongodb-sharded-shardsvr,Running,True
1789064474,mongodb-sharded-shardsvr,Running,True
1789064474,mongodb-sharded-shardsvr,Running,True
1789064474,mongodb-sharded-shardsvr,Running,True
1789064474,mongodb-sharded-shardsvr,Running,True
1789064474,nginx-thrift,Pending,False
1789064474,nginx-thrift,Running,True
1789064474,nginx-thrift,Running,True
1789064474,nginx-thrift,Running,True
1789064474,nginx-thrift,Running,True
1789064474,nginx-thrift,Running,True
1789064474,post-storage-service,Running,True
1789064474,post-storage-service,Running,True
1789064474,social-graph-redis,Running,True
1789064474,social-graph-service,Running,True
1789064474,social-network-mcrouter,Running,True
1789064474,social-network-mcrouter,Running,True
1789064474,social-network-mcrouter,Running,True
1789064474,memcached,Running,True
1789064474,memcached,Running,True
1789064474,memcached,Running,True
1789064474,memcached,Running,True
1789064474,memcached,Running,True
1789064474,memcached,Running,True
1789064474,text-service,Running,True
1789064474,unique-id-service,Running,True
1789064474,url-shorten-service,Running,True
1789064474,user-mention-service,Running,True
1789064474,user-service,Running,True
1789064474,user-timeline-redis,Running,True
1789064474,user-timeline-service,Running,True
1789064475,compose-post-service,Running,True
1789064475,home-timeline-redis,Running,True
1789064475,home-timeline-service,Running,True
1789064475,jaeger,Running,True
1789064475,media-frontend,Running,True
1789064475,media-service,Running,True
1789064475,mongodb-sharded-configsvr,Running,True
1789064475,mongodb-sharded-mongos,Running,True
1789064475,mongodb-sharded-mongos,Running,True
1789064475,mongodb-sharded-mongos,Running,True
1789064475,mongodb-sharded-shardsvr,Running,True
1789064475,mongodb-sharded-shardsvr,Running,True
1789064475,mongodb-sharded-shardsvr,Running,True
1789064475,mongodb-sharded-shardsvr,Running,True
1789064475,mongodb-sharded-shardsvr,Running,True
1789064475,mongodb-sharded-shardsvr,Running,True
1789064475,nginx-thrift,Pending,False
1789064475,nginx-thrift,Running,True
1789064475,nginx-thrift,Running,True
1789064475,nginx-thrift,Running,True
1789064475,nginx-thrift,Running,True
1789064475,nginx-thrift,Running,True
1789064475,post-storage-service,Running,True
1789064475,post-storage-service,Running,True
1789064475,social-graph-redis,Running,True
1789064475,social-graph-service,Running,True
1789064475,social-network-mcrouter,Running,True
1789064475,social-network-mcrouter,Running,True
1789064475,social-network-mcrouter,Running,True
1789064475,memcached,Running,True
1789064475,memcached,Running,True
1789064475,memcached,Running,True
1789064475,memcached,Running,True
1789064475,memcached,Running,True
1789064475,memcached,Running,True
1789064475,text-service,Running,True
1789064475,unique-id-service,Running,True
1789064475,url-shorten-service,Running,True
1789064475,user-mention-service,Running,True
1789064475,user-service,Running,True
1789064475,user-timeline-redis,Running,True
1789064475,user-timeline-service,Running,True
1789064476,compose-post-service,Running,True
1789064476,home-timeline-redis,Running,True
1789064476,home-timeline-service,Running,True
1789064476,jaeger,Running,True
1789064476,media-frontend,Running,True
1789064476,media-service,Running,True
1789064476,mongodb-sharded-configsvr,Running,True
1789064476,mongodb-sharded-mongos,Running,True
1789064476,mongodb-sharded-mongos,Running,True
1789064476,mongodb-sharded-mongos,Running,True
1789064476,mongodb-sharded-shardsvr,Running,True
1789064476,mongodb-sharded-shardsvr,Running,True
1789064476,mongodb-sharded-shardsvr,Running,True
1789064476,mongodb-sharded-shardsvr,Running,True
1789064476,mongodb-sharded-shardsvr,Running,True
1789064476,mongodb-sharded-shardsvr,Running,True
1789064476,nginx-thrift,Pending,False
1789064476,nginx-thrift,Running,True
1789064476,nginx-thrift,Running,True
1789064476,nginx-thrift,Running,True
1789064476,nginx-thrift,Running,True
1789064476,nginx-thrift,Running,True
1789064476,post-storage-service,Running,True
1789064476,post-storage-service,Running,True
1789064476,social-graph-redis,Running,True
1789064476,social-graph-service,Running,True
1789064476,social-network-mcrouter,Running,True
1789064476,social-network-mcrouter,Running,True
1789064476,social-network-mcrouter,Running,True
1789064476,memcached,Running,True
1789064476,memcached,Running,True
1789064476,memcached,Running,True
1789064476,memcached,Running,True
1789064476,memcached,Running,True
1789064476,memcached,Running,True
1789064476,text-service,Running,True
1789064476,unique-id-service,Running,True
1789064476,url-shorten-service,Running,True
1789064476,user-mention-service,Running,True
1789064476,user-service,Running,True
1789064476,user-timeline-redis,Running,True
1789064476,user-timeline-service,Running,True
1789064477,compose-post-service,Running,True
1789064477,home-timeline-redis,Running,True
1789064477,home-timeline-service,Running,True
1789064477,jaeger,Running,True
1789064477,media-frontend,Running,True
1789064477,media-service,Running,True
1789064477,mongodb-sharded-configsvr,Running,True
1789064477,mongodb-sharded-mongos,Running,True
1789064477,mongodb-sharded-mongos,Running,True
1789064477,mongodb-sharded-mongos,Running,True
1789064477,mongodb-sharded-shardsvr,Running,True
1789064477,mongodb-sharded-shardsvr,Running,True
1789064477,mongodb-sharded-shardsvr,Running,True
1789064477,mongodb-sharded-shardsvr,Running,True
1789064477,mongodb-sharded-shardsvr,Running,True
1789064477,mongodb-sharded-shardsvr,Running,True
1789064477,nginx-thrift,Pending,False
1789064477,nginx-thrift,Running,True
1789064477,nginx-thrift,Running,True
1789064477,nginx-thrift,Running,True
1789064477,nginx-thrift,Running,True
1789064477,nginx-thrift,Running,True
1789064477,post-storage-service,Running,True
1789064477,post-storage-service,Running,True
1789064477,social-graph-redis,Running,True
1789064477,social-graph-service,Running,True
1789064477,social-network-mcrouter,Running,True
1789064477,social-network-mcrouter,Running,True
1789064477,social-network-mcrouter,Running,True
1789064477,memcached,Running,True
1789064477,memcached,Running,True
1789064477,memcached,Running,True
1789064477,memcached,Running,True
1789064477,memcached,Running,True
1789064477,memcached,Running,True
1789064477,text-service,Running,True
1789064477,unique-id-service,Running,True
1789064477,url-shorten-service,Running,True
1789064477,user-mention-service,Running,True
1789064477,user-service,Running,True
1789064477,user-timeline-redis,Running,True
1789064477,user-timeline-service,Running,True
1789064478,compose-post-service,Running,True
1789064478,home-timeline-redis,Running,True
1789064478,home-timeline-service,Running,True
1789064478,jaeger,Running,True
1789064478,media-frontend,Running,True
1789064478,media-service,Running,True
1789064478,mongodb-sharded-configsvr,Running,True
1789064478,mongodb-sharded-mongos,Running,True
1789064478,mongodb-sharded-mongos,Running,True
1789064478,mongodb-sharded-mongos,Running,True
1789064478,mongodb-sharded-shardsvr,Running,True
1789064478,mongodb-sharded-shardsvr,Running,True
1789064478,mongodb-sharded-shardsvr,Running,True
1789064478,mongodb-sharded-shardsvr,Running,True
1789064478,mongodb-sharded-shardsvr,Running,True
1789064478,mongodb-sharded-shardsvr,Running,True
1789064478,nginx-thrift,Pending,False
1789064478,nginx-thrift,Running,True
1789064478,nginx-thrift,Running,True
1789064478,nginx-thrift,Running,True
1789064478,nginx-thrift,Running,True
1789064478,nginx-thrift,Running,True
1789064478,post-storage-service,Running,True
1789064478,post-storage-service,Running,True
1789064478,social-graph-redis,Running,True
1789064478,social-graph-service,Running,True
1789064478,social-network-mcrouter,Running,True
1789064478,social-network-mcrouter,Running,True
1789064478,social-network-mcrouter,Running,True
1789064478,memcached,Running,True
1789064478,memcached,Running,True
1789064478,memcached,Running,True
1789064478,memcached,Running,True
1789064478,memcached,Running,True
1789064478,memcached,Running,True
1789064478,text-service,Running,True
1789064478,unique-id-service,Running,True
1789064478,url-shorten-service,Running,True
1789064478,user-mention-service,Running,True
1789064478,user-service,Running,True
1789064478,user-timeline-redis,Running,True
1789064478,user-timeline-service,Running,True
1789064479,compose-post-service,Running,True
1789064479,home-timeline-redis,Running,True
1789064479,home-timeline-service,Running,True
1789064479,jaeger,Running,True
1789064479,media-frontend,Running,True
1789064479,media-service,Running,True
1789064479,mongodb-sharded-configsvr,Running,True
1789064479,mongodb-sharded-mongos,Running,True
1789064479,mongodb-sharded-mongos,Running,True
1789064479,mongodb-sharded-mongos,Running,True
1789064479,mongodb-sharded-shardsvr,Running,True
1789064479,mongodb-sharded-shardsvr,Running,True
1789064479,mongodb-sharded-shardsvr,Running,True
1789064479,mongodb-sharded-shardsvr,Running,True
1789064479,mongodb-sharded-shardsvr,Running,True
1789064479,mongodb-sharded-shardsvr,Running,True
1789064479,nginx-thrift,Pending,False
1789064479,nginx-thrift,Running,True
1789064479,nginx-thrift,Running,True
1789064479,nginx-thrift,Running,True
1789064479,nginx-thrift,Running,True
1789064479,nginx-thrift,Running,True
1789064479,post-storage-service,Running,True
1789064479,post-storage-service,Running,True
1789064479,social-graph-redis,Running,True
1789064479,social-graph-service,Running,True
1789064479,social-network-mcrouter,Running,True
1789064479,social-network-mcrouter,Running,True
1789064479,social-network-mcrouter,Running,True
1789064479,memcached,Running,True
1789064479,memcached,Running,True
1789064479,memcached,Running,True
1789064479,memcached,Running,True
1789064479,memcached,Running,True
1789064479,memcached,Running,True
1789064479,text-service,Running,True
1789064479,unique-id-service,Running,True
1789064479,url-shorten-service,Running,True
1789064479,user-mention-service,Running,True
1789064479,user-service,Running,True
1789064479,user-timeline-redis,Running,True
1789064479,user-timeline-service,Running,True
1789064480,compose-post-service,Running,True
1789064480,home-timeline-redis,Running,True
1789064480,home-timeline-service,Running,True
1789064480,jaeger,Running,True
1789064480,media-frontend,Running,True
1789064480,media-service,Running,True
1789064480,mongodb-sharded-configsvr,Running,True
1789064480,mongodb-sharded-mongos,Running,True
1789064480,mongodb-sharded-mongos,Running,True
1789064480,mongodb-sharded-mongos,Running,True
1789064480,mongodb-sharded-shardsvr,Running,True
1789064480,mongodb-sharded-shardsvr,Running,True
1789064480,mongodb-sharded-shardsvr,Running,True
1789064480,mongodb-sharded-shardsvr,Running,True
1789064480,mongodb-sharded-shardsvr,Running,True
1789064480,mongodb-sharded-shardsvr,Running,True
1789064480,nginx-thrift,Pending,False
1789064480,nginx-thrift,Running,True
1789064480,nginx-thrift,Running,True
1789064480,nginx-thrift,Running,True
1789064480,nginx-thrift,Running,True
1789064480,nginx-thrift,Running,True
1789064480,post-storage-service,Running,True
1789064480,post-storage-service,Running,True
1789064480,social-graph-redis,Running,True
1789064480,social-graph-service,Running,True
1789064480,social-network-mcrouter,Running,True
1789064480,social-network-mcrouter,Running,True
1789064480,social-network-mcrouter,Running,True
1789064480,memcached,Running,True
1789064480,memcached,Running,True
1789064480,memcached,Running,True
1789064480,memcached,Running,True
1789064480,memcached,Running,True
1789064480,memcached,Running,True
1789064480,text-service,Running,True
1789064480,unique-id-service,Running,True
1789064480,url-shorten-service,Running,True
1789064480,user-mention-service,Running,True
1789064480,user-service,Running,True
1789064480,user-timeline-redis,Running,True
1789064480,user-timeline-service,Running,True
1789064481,compose-post-service,Running,True
1789064481,home-timeline-redis,Running,True
1789064481,home-timeline-service,Running,True
1789064481,jaeger,Running,True
1789064481,media-frontend,Running,True
1789064481,media-service,Running,True
1789064481,mongodb-sharded-configsvr,Running,True
1789064481,mongodb-sharded-mongos,Running,True
1789064481,mongodb-sharded-mongos,Running,True
1789064481,mongodb-sharded-mongos,Running,True
1789064481,mongodb-sharded-shardsvr,Running,True
1789064481,mongodb-sharded-shardsvr,Running,True
1789064481,mongodb-sharded-shardsvr,Running,True
1789064481,mongodb-sharded-shardsvr,Running,True
1789064481,mongodb-sharded-shardsvr,Running,True
1789064481,mongodb-sharded-shardsvr,Running,True
1789064481,nginx-thrift,Pending,False
1789064481,nginx-thrift,Running,True
1789064481,nginx-thrift,Running,True
1789064481,nginx-thrift,Running,True
1789064481,nginx-thrift,Running,True
1789064481,nginx-thrift,Running,True
1789064481,post-storage-service,Running,True
1789064481,post-storage-service,Running,True
1789064481,social-graph-redis,Running,True
1789064481,social-graph-service,Running,True
1789064481,social-network-mcrouter,Running,True
1789064481,social-network-mcrouter,Running,True
1789064481,social-network-mcrouter,Running,True
1789064481,memcached,Running,True
1789064481,memcached,Running,True
1789064481,memcached,Running,True
1789064481,memcached,Running,True
1789064481,memcached,Running,True
1789064481,memcached,Running,True
1789064481,text-service,Running,True
1789064481,unique-id-service,Running,True
1789064481,url-shorten-service,Running,True
1789064481,user-mention-service,Running,True
1789064481,user-service,Running,True
1789064481,user-timeline-redis,Running,True
1789064481,user-timeline-service,Running,True
1789064482,compose-post-service,Running,True
1789064482,home-timeline-redis,Running,True
1789064482,home-timeline-service,Running,True
1789064482,jaeger,Running,True
1789064482,media-frontend,Running,True
1789064482,media-service,Running,True
1789064482,mongodb-sharded-configsvr,Running,True
1789064482,mongodb-sharded-mongos,Running,True
1789064482,mongodb-sharded-mongos,Running,True
1789064482,mongodb-sharded-mongos,Running,True
1789064482,mongodb-sharded-shardsvr,Running,True
1789064482,mongodb-sharded-shardsvr,Running,True
1789064482,mongodb-sharded-shardsvr,Running,True
1789064482,mongodb-sharded-shardsvr,Running,True
1789064482,mongodb-sharded-shardsvr,Running,True
1789064482,mongodb-sharded-shardsvr,Running,True
1789064482,nginx-thrift,Pending,False
1789064482,nginx-thrift,Running,True
1789064482,nginx-thrift,Running,True
1789064482,nginx-thrift,Running,True
1789064482,nginx-thrift,Running,True
1789064482,nginx-thrift,Running,True
1789064482,post-storage-service,Running,True
1789064482,post-storage-service,Running,True
1789064482,social-graph-redis,Running,True
1789064482,social-graph-service,Running,True
1789064482,social-network-mcrouter,Running,True
1789064482,social-network-mcrouter,Running,True
1789064482,social-network-mcrouter,Running,True
1789064482,memcached,Running,True
1789064482,memcached,Running,True
1789064482,memcached,Running,True
1789064482,memcached,Running,True
1789064482,memcached,Running,True
1789064482,memcached,Running,True
1789064482,text-service,Running,True
1789064482,unique-id-service,Running,True
1789064482,url-shorten-service,Running,True
1789064482,user-mention-service,Running,True
1789064482,user-service,Running,True
1789064482,user-timeline-redis,Running,True
1789064482,user-timeline-service,Running,True
1789064483,compose-post-service,Running,True
1789064483,home-timeline-redis,Running,True
1789064483,home-timeline-service,Running,True
1789064483,jaeger,Running,True
1789064483,media-frontend,Running,True
1789064483,media-service,Running,True
1789064483,mongodb-sharded-configsvr,Running,True
1789064483,mongodb-sharded-mongos,Running,True
1789064483,mongodb-sharded-mongos,Running,True
1789064483,mongodb-sharded-mongos,Running,True
1789064483,mongodb-sharded-shardsvr,Running,True
1789064483,mongodb-sharded-shardsvr,Running,True
1789064483,mongodb-sharded-shardsvr,Running,True
1789064483,mongodb-sharded-shardsvr,Running,True
1789064483,mongodb-sharded-shardsvr,Running,True
1789064483,mongodb-sharded-shardsvr,Running,True
1789064483,nginx-thrift,Pending,False
1789064483,nginx-thrift,Running,True
1789064483,nginx-thrift,Running,True
1789064483,nginx-thrift,Running,True
1789064483,nginx-thrift,Running,True
1789064483,nginx-thrift,Running,True
1789064483,post-storage-service,Running,True
1789064483,post-storage-service,Running,True
1789064483,social-graph-redis,Running,True
1789064483,social-graph-service,Running,True
1789064483,social-network-mcrouter,Running,True
1789064483,social-network-mcrouter,Running,True
1789064483,social-network-mcrouter,Running,True
1789064483,memcached,Running,True
1789064483,memcached,Running,True
1789064483,memcached,Running,True
1789064483,memcached,Running,True
1789064483,memcached,Running,True
1789064483,memcached,Running,True
1789064483,text-service,Running,True
1789064483,unique-id-service,Running,True
1789064483,url-shorten-service,Running,True
1789064483,user-mention-service,Running,True
1789064483,user-service,Running,True
1789064483,user-timeline-redis,Running,True
1789064483,user-timeline-service,Running,True
1789064484,compose-post-service,Running,True
1789064484,home-timeline-redis,Running,True
1789064484,home-timeline-service,Running,True
1789064484,jaeger,Running,True
1789064484,media-frontend,Running,True
1789064484,media-service,Running,True
1789064484,mongodb-sharded-configsvr,Running,True
1789064484,mongodb-sharded-mongos,Running,True
1789064484,mongodb-sharded-mongos,Running,True
1789064484,mongodb-sharded-mongos,Running,True
1789064484,mongodb-sharded-shardsvr,Running,True
1789064484,mongodb-sharded-shardsvr,Running,True
1789064484,mongodb-sharded-shardsvr,Running,True
1789064484,mongodb-sharded-shardsvr,Running,True
1789064484,mongodb-sharded-shardsvr,Running,True
1789064484,mongodb-sharded-shardsvr,Running,True
1789064484,nginx-thrift,Running,False
1789064484,nginx-thrift,Running,True
1789064484,nginx-thrift,Running,True
1789064484,nginx-thrift,Running,True
1789064484,nginx-thrift,Running,True
1789064484,nginx-thrift,Running,True
1789064484,post-storage-service,Running,True
1789064484,post-storage-service,Running,True
1789064484,social-graph-redis,Running,True
1789064484,social-graph-service,Running,True
1789064484,social-network-mcrouter,Running,True
1789064484,social-network-mcrouter,Running,True
1789064484,social-network-mcrouter,Running,True
1789064484,memcached,Running,True
1789064484,memcached,Running,True
1789064484,memcached,Running,True
1789064484,memcached,Running,True
1789064484,memcached,Running,True
1789064484,memcached,Running,True
1789064484,text-service,Running,True
1789064484,unique-id-service,Running,True
1789064484,url-shorten-service,Running,True
1789064484,user-mention-service,Running,True
1789064484,user-service,Running,True
1789064484,user-timeline-redis,Running,True
1789064484,user-timeline-service,Running,True
1789064485,compose-post-service,Running,True
1789064485,home-timeline-redis,Running,True
1789064485,home-timeline-service,Running,True
1789064485,jaeger,Running,True
1789064485,media-frontend,Running,True
1789064485,media-service,Running,True
1789064485,mongodb-sharded-configsvr,Running,True
1789064485,mongodb-sharded-mongos,Running,True
1789064485,mongodb-sharded-mongos,Running,True
1789064485,mongodb-sharded-mongos,Running,True
1789064485,mongodb-sharded-shardsvr,Running,True
1789064485,mongodb-sharded-shardsvr,Running,True
1789064485,mongodb-sharded-shardsvr,Running,True
1789064485,mongodb-sharded-shardsvr,Running,True
1789064485,mongodb-sharded-shardsvr,Running,True
1789064485,mongodb-sharded-shardsvr,Running,True
1789064485,nginx-thrift,Running,False
1789064485,nginx-thrift,Running,True
1789064485,nginx-thrift,Running,True
1789064485,nginx-thrift,Running,True
1789064485,nginx-thrift,Running,True
1789064485,nginx-thrift,Running,True
1789064485,post-storage-service,Running,True
1789064485,post-storage-service,Running,True
1789064485,social-graph-redis,Running,True
1789064485,social-graph-service,Running,True
1789064485,social-network-mcrouter,Running,True
1789064485,social-network-mcrouter,Running,True
1789064485,social-network-mcrouter,Running,True
1789064485,memcached,Running,True
1789064485,memcached,Running,True
1789064485,memcached,Running,True
1789064485,memcached,Running,True
1789064485,memcached,Running,True
1789064485,memcached,Running,True
1789064485,text-service,Running,True
1789064485,unique-id-service,Running,True
1789064485,url-shorten-service,Running,True
1789064485,user-mention-service,Running,True
1789064485,user-service,Running,True
1789064485,user-timeline-redis,Running,True
1789064485,user-timeline-service,Running,True
1789064486,compose-post-service,Running,True
1789064486,home-timeline-redis,Running,True
1789064486,home-timeline-service,Running,True
1789064486,jaeger,Running,True
1789064486,media-frontend,Running,True
1789064486,media-service,Running,True
1789064486,mongodb-sharded-configsvr,Running,True
1789064486,mongodb-sharded-mongos,Running,True
1789064486,mongodb-sharded-mongos,Running,True
1789064486,mongodb-sharded-mongos,Running,True
1789064486,mongodb-sharded-shardsvr,Running,True
1789064486,mongodb-sharded-shardsvr,Running,True
1789064486,mongodb-sharded-shardsvr,Running,True
1789064486,mongodb-sharded-shardsvr,Running,True
1789064486,mongodb-sharded-shardsvr,Running,True
1789064486,mongodb-sharded-shardsvr,Running,True
1789064486,nginx-thrift,Running,True
1789064486,nginx-thrift,Running,True
1789064486,nginx-thrift,Running,True
1789064486,nginx-thrift,Running,True
1789064486,nginx-thrift,Running,True
1789064486,nginx-thrift,Running,True
1789064486,post-storage-service,Running,True
1789064486,post-storage-service,Running,True
1789064486,social-graph-redis,Running,True
1789064486,social-graph-service,Running,True
1789064486,social-network-mcrouter,Running,True
1789064486,social-network-mcrouter,Running,True
1789064486,social-network-mcrouter,Running,True
1789064486,memcached,Running,True
1789064486,memcached,Running,True
1789064486,memcached,Running,True
1789064486,memcached,Running,True
1789064486,memcached,Running,True
1789064486,memcached,Running,True
1789064486,text-service,Running,True
1789064486,unique-id-service,Running,True
1789064486,url-shorten-service,Running,True
1789064486,user-mention-service,Running,True
1789064486,user-service,Running,True
1789064486,user-timeline-redis,Running,True
1789064486,user-timeline-service,Running,True
1789064487,compose-post-service,Running,True
1789064487,home-timeline-redis,Running,True
1789064487,home-timeline-service,Running,True
1789064487,jaeger,Running,True
1789064487,media-frontend,Running,True
1789064487,media-service,Running,True
1789064487,mongodb-sharded-configsvr,Running,True
1789064487,mongodb-sharded-mongos,Running,True
1789064487,mongodb-sharded-mongos,Running,True
1789064487,mongodb-sharded-mongos,Running,True
1789064487,mongodb-sharded-shardsvr,Running,True
1789064487,mongodb-sharded-shardsvr,Running,True
1789064487,mongodb-sharded-shardsvr,Running,True
1789064487,mongodb-sharded-shardsvr,Running,True
1789064487,mongodb-sharded-shardsvr,Running,True
1789064487,mongodb-sharded-shardsvr,Running,True
1789064487,nginx-thrift,Running,True
1789064487,nginx-thrift,Running,True
1789064487,nginx-thrift,Running,True
1789064487,nginx-thrift,Running,True
1789064487,nginx-thrift,Running,True
1789064487,nginx-thrift,Running,True
1789064487,post-storage-service,Running,True
1789064487,post-storage-service,Running,True
1789064487,social-graph-redis,Running,True
1789064487,social-graph-service,Running,True
1789064487,social-network-mcrouter,Running,True
1789064487,social-network-mcrouter,Running,True
1789064487,social-network-mcrouter,Running,True
1789064487,memcached,Running,True
1789064487,memcached,Running,True
1789064487,memcached,Running,True
1789064487,memcached,Running,True
1789064487,memcached,Running,True
1789064487,memcached,Running,True
1789064487,text-service,Running,True
1789064487,unique-id-service,Running,True
1789064487,url-shorten-service,Running,True
1789064487,user-mention-service,Running,True
1789064487,user-service,Running,True
1789064487,user-timeline-redis,Running,True
1789064487,user-timeline-service,Running,True
1789064488,compose-post-service,Running,True
1789064488,home-timeline-redis,Running,True
1789064488,home-timeline-service,Running,True
1789064488,jaeger,Running,True
1789064488,media-frontend,Running,True
1789064488,media-service,Running,True
1789064488,mongodb-sharded-configsvr,Running,True
1789064488,mongodb-sharded-mongos,Running,True
1789064488,mongodb-sharded-mongos,Running,True
1789064488,mongodb-sharded-mongos,Running,True
1789064488,mongodb-sharded-shardsvr,Running,True
1789064488,mongodb-sharded-shardsvr,Running,True
1789064488,mongodb-sharded-shardsvr,Running,True
1789064488,mongodb-sharded-shardsvr,Running,True
1789064488,mongodb-sharded-shardsvr,Running,True
1789064488,mongodb-sharded-shardsvr,Running,True
1789064488,nginx-thrift,Running,True
1789064488,nginx-thrift,Running,True
1789064488,nginx-thrift,Running,True
1789064488,nginx-thrift,Running,True
1789064488,nginx-thrift,Running,True
1789064488,nginx-thrift,Running,True
1789064488,post-storage-service,Running,True
1789064488,post-storage-service,Running,True
1789064488,social-graph-redis,Running,True
1789064488,social-graph-service,Running,True
1789064488,social-network-mcrouter,Running,True
1789064488,social-network-mcrouter,Running,True
1789064488,social-network-mcrouter,Running,True
1789064488,memcached,Running,True
1789064488,memcached,Running,True
1789064488,memcached,Running,True
1789064488,memcached,Running,True
1789064488,memcached,Running,True
1789064488,memcached,Running,True
1789064488,text-service,Running,True
1789064488,unique-id-service,Running,True
1789064488,url-shorten-service,Running,True
1789064488,user-mention-service,Running,True
1789064488,user-service,Running,True
1789064488,user-timeline-redis,Running,True
1789064488,user-timeline-service,Running,True
1789064489,compose-post-service,Running,True
1789064489,home-timeline-redis,Running,True
1789064489,home-timeline-service,Running,True
1789064489,jaeger,Running,True
1789064489,media-frontend,Running,True
1789064489,media-service,Running,True
1789064489,mongodb-sharded-configsvr,Running,True
1789064489,mongodb-sharded-mongos,Running,True
1789064489,mongodb-sharded-mongos,Running,True
1789064489,mongodb-sharded-mongos,Running,True
1789064489,mongodb-sharded-shardsvr,Running,True
1789064489,mongodb-sharded-shardsvr,Running,True
1789064489,mongodb-sharded-shardsvr,Running,True
1789064489,mongodb-sharded-shardsvr,Running,True
1789064489,mongodb-sharded-shardsvr,Running,True
1789064489,mongodb-sharded-shardsvr,Running,True
1789064489,nginx-thrift,Running,True
1789064489,nginx-thrift,Running,True
1789064489,nginx-thrift,Running,True
1789064489,nginx-thrift,Running,True
1789064489,nginx-thrift,Running,True
1789064489,nginx-thrift,Running,True
1789064489,post-storage-service,Running,True
1789064489,post-storage-service,Running,True
1789064489,social-graph-redis,Running,True
1789064489,social-graph-service,Running,True
1789064489,social-network-mcrouter,Running,True
1789064489,social-network-mcrouter,Running,True
1789064489,social-network-mcrouter,Running,True
1789064489,memcached,Running,True
1789064489,memcached,Running,True
1789064489,memcached,Running,True
1789064489,memcached,Running,True
1789064489,memcached,Running,True
1789064489,memcached,Running,True
1789064489,text-service,Running,True
1789064489,unique-id-service,Running,True
1789064489,url-shorten-service,Running,True
1789064489,user-mention-service,Running,True
1789064489,user-service,Running,True
1789064489,user-timeline-redis,Running,True
1789064489,user-timeline-service,Running,True
1789064490,compose-post-service,Running,True
1789064490,home-timeline-redis,Running,True
1789064490,home-timeline-service,Running,True
1789064490,jaeger,Running,True
1789064490,media-frontend,Running,True
1789064490,media-service,Running,True
1789064490,mongodb-sharded-configsvr,Running,True
1789064490,mongodb-sharded-mongos,Running,True
1789064490,mongodb-sharded-mongos,Running,True
1789064490,mongodb-sharded-mongos,Running,True
1789064490,mongodb-sharded-shardsvr,Running,True
1789064490,mongodb-sharded-shardsvr,Running,True
1789064490,mongodb-sharded-shardsvr,Running,True
1789064490,mongodb-sharded-shardsvr,Running,True
1789064490,mongodb-sharded-shardsvr,Running,True
1789064490,mongodb-sharded-shardsvr,Running,True
1789064490,nginx-thrift,Running,True
1789064490,nginx-thrift,Running,True
1789064490,nginx-thrift,Running,True
1789064490,nginx-thrift,Running,True
1789064490,nginx-thrift,Running,True
1789064490,nginx-thrift,Running,True
1789064490,post-storage-service,Running,True
1789064490,post-storage-service,Running,True
1789064490,social-graph-redis,Running,True
1789064490,social-graph-service,Running,True
1789064490,social-network-mcrouter,Running,True
1789064490,social-network-mcrouter,Running,True
1789064490,social-network-mcrouter,Running,True
1789064490,memcached,Running,True
1789064490,memcached,Running,True
1789064490,memcached,Running,True
1789064490,memcached,Running,True
1789064490,memcached,Running,True
1789064490,memcached,Running,True
1789064490,text-service,Running,True
1789064490,unique-id-service,Running,True
1789064490,url-shorten-service,Running,True
1789064490,user-mention-service,Running,True
1789064490,user-service,Running,True
1789064490,user-timeline-redis,Running,True
1789064490,user-timeline-service,Running,True
1789064491,compose-post-service,Running,True
1789064491,home-timeline-redis,Running,True
1789064491,home-timeline-service,Running,True
1789064491,jaeger,Running,True
1789064491,media-frontend,Running,True
1789064491,media-service,Running,True
1789064491,mongodb-sharded-configsvr,Running,True
1789064491,mongodb-sharded-mongos,Running,True
1789064491,mongodb-sharded-mongos,Running,True
1789064491,mongodb-sharded-mongos,Running,True
1789064491,mongodb-sharded-shardsvr,Running,True
1789064491,mongodb-sharded-shardsvr,Running,True
1789064491,mongodb-sharded-shardsvr,Running,True
1789064491,mongodb-sharded-shardsvr,Running,True
1789064491,mongodb-sharded-shardsvr,Running,True
1789064491,mongodb-sharded-shardsvr,Running,True
1789064491,nginx-thrift,Running,True
1789064491,nginx-thrift,Running,True
1789064491,nginx-thrift,Running,True
1789064491,nginx-thrift,Running,True
1789064491,nginx-thrift,Running,True
1789064491,nginx-thrift,Running,True
1789064491,post-storage-service,Running,True
1789064491,post-storage-service,Running,True
1789064491,social-graph-redis,Running,True
1789064491,social-graph-service,Running,True
1789064491,social-network-mcrouter,Running,True
1789064491,social-network-mcrouter,Running,True
1789064491,social-network-mcrouter,Running,True
1789064491,memcached,Running,True
1789064491,memcached,Running,True
1789064491,memcached,Running,True
1789064491,memcached,Running,True
1789064491,memcached,Running,True
1789064491,memcached,Running,True
1789064491,text-service,Running,True
1789064491,unique-id-service,Running,True
1789064491,url-shorten-service,Running,True
1789064491,user-mention-service,Running,True
1789064491,user-service,Running,True
1789064491,user-timeline-redis,Running,True
1789064491,user-timeline-service,Running,True
1789064492,compose-post-service,Running,True
1789064492,home-timeline-redis,Running,True
1789064492,home-timeline-service,Running,True
1789064492,jaeger,Running,True
1789064492,media-frontend,Running,True
1789064492,media-service,Running,True
1789064492,mongodb-sharded-configsvr,Running,True
1789064492,mongodb-sharded-mongos,Running,True
1789064492,mongodb-sharded-mongos,Running,True
1789064492,mongodb-sharded-mongos,Running,True
1789064492,mongodb-sharded-shardsvr,Running,True
1789064492,mongodb-sharded-shardsvr,Running,True
1789064492,mongodb-sharded-shardsvr,Running,True
1789064492,mongodb-sharded-shardsvr,Running,True
1789064492,mongodb-sharded-shardsvr,Running,True
1789064492,mongodb-sharded-shardsvr,Running,True
1789064492,nginx-thrift,Running,True
1789064492,nginx-thrift,Running,True
1789064492,nginx-thrift,Running,True
1789064492,nginx-thrift,Running,True
1789064492,nginx-thrift,Running,True
1789064492,nginx-thrift,Running,True
1789064492,post-storage-service,Running,True
1789064492,post-storage-service,Running,True
1789064492,social-graph-redis,Running,True
1789064492,social-graph-service,Running,True
1789064492,social-network-mcrouter,Running,True
1789064492,social-network-mcrouter,Running,True
1789064492,social-network-mcrouter,Running,True
1789064492,memcached,Running,True
1789064492,memcached,Running,True
1789064492,memcached,Running,True
1789064492,memcached,Running,True
1789064492,memcached,Running,True
1789064492,memcached,Running,True
1789064492,text-service,Running,True
1789064492,unique-id-service,Running,True
1789064492,url-shorten-service,Running,True
1789064492,user-mention-service,Running,True
1789064492,user-service,Running,True
1789064492,user-timeline-redis,Running,True
1789064492,user-timeline-service,Running,True
1789064493,compose-post-service,Running,True
1789064493,home-timeline-redis,Running,True
1789064493,home-timeline-service,Running,True
1789064493,jaeger,Running,True
1789064493,media-frontend,Running,True
1789064493,media-service,Running,True
1789064493,mongodb-sharded-configsvr,Running,True
1789064493,mongodb-sharded-mongos,Running,True
1789064493,mongodb-sharded-mongos,Running,True
1789064493,mongodb-sharded-mongos,Running,True
1789064493,mongodb-sharded-shardsvr,Running,True
1789064493,mongodb-sharded-shardsvr,Running,True
1789064493,mongodb-sharded-shardsvr,Running,True
1789064493,mongodb-sharded-shardsvr,Running,True
1789064493,mongodb-sharded-shardsvr,Running,True
1789064493,mongodb-sharded-shardsvr,Running,True
1789064493,nginx-thrift,Running,True
1789064493,nginx-thrift,Running,True
1789064493,nginx-thrift,Running,True
1789064493,nginx-thrift,Running,True
1789064493,nginx-thrift,Running,True
1789064493,nginx-thrift,Running,True
1789064493,post-storage-service,Running,True
1789064493,post-storage-service,Running,True
1789064493,social-graph-redis,Running,True
1789064493,social-graph-service,Running,True
1789064493,social-network-mcrouter,Running,True
1789064493,social-network-mcrouter,Running,True
1789064493,social-network-mcrouter,Running,True
1789064493,memcached,Running,True
1789064493,memcached,Running,True
1789064493,memcached,Running,True
1789064493,memcached,Running,True
1789064493,memcached,Running,True
1789064493,memcached,Running,True
1789064493,text-service,Running,True
1789064493,unique-id-service,Running,True
1789064493,url-shorten-service,Running,True
1789064493,user-mention-service,Running,True
1789064493,user-service,Running,True
1789064493,user-timeline-redis,Running,True
1789064493,user-timeline-service,Running,True
1789064494,compose-post-service,Running,True
1789064494,home-timeline-redis,Running,True
1789064494,home-timeline-service,Running,True
1789064494,jaeger,Running,True
1789064494,media-frontend,Running,True
1789064494,media-service,Running,True
1789064494,mongodb-sharded-configsvr,Running,True
1789064494,mongodb-sharded-mongos,Running,True
1789064494,mongodb-sharded-mongos,Running,True
1789064494,mongodb-sharded-mongos,Running,True
1789064494,mongodb-sharded-shardsvr,Running,True
1789064494,mongodb-sharded-shardsvr,Running,True
1789064494,mongodb-sharded-shardsvr,Running,True
1789064494,mongodb-sharded-shardsvr,Running,True
1789064494,mongodb-sharded-shardsvr,Running,True
1789064494,mongodb-sharded-shardsvr,Running,True
1789064494,nginx-thrift,Running,True
1789064494,nginx-thrift,Running,True
1789064494,nginx-thrift,Running,True
1789064494,nginx-thrift,Running,True
1789064494,nginx-thrift,Running,True
1789064494,nginx-thrift,Running,True
1789064494,post-storage-service,Running,True
1789064494,post-storage-service,Running,True
1789064494,social-graph-redis,Running,True
1789064494,social-graph-service,Running,True
1789064494,social-network-mcrouter,Running,True
1789064494,social-network-mcrouter,Running,True
1789064494,social-network-mcrouter,Running,True
1789064494,memcached,Running,True
1789064494,memcached,Running,True
1789064494,memcached,Running,True
1789064494,memcached,Running,True
1789064494,memcached,Running,True
1789064494,memcached,Running,True
1789064494,text-service,Running,True
1789064494,unique-id-service,Running,True
1789064494,url-shorten-service,Running,True
1789064494,user-mention-service,Running,True
1789064494,user-service,Running,True
1789064494,user-timeline-redis,Running,True
1789064494,user-timeline-service,Running,True
1789064495,compose-post-service,Running,True
1789064495,home-timeline-redis,Running,True
1789064495,home-timeline-service,Running,True
1789064495,jaeger,Running,True
1789064495,media-frontend,Running,True
1789064495,media-service,Running,True
1789064495,mongodb-sharded-configsvr,Running,True
1789064495,mongodb-sharded-mongos,Running,True
1789064495,mongodb-sharded-mongos,Running,True
1789064495,mongodb-sharded-mongos,Running,True
1789064495,mongodb-sharded-shardsvr,Running,True
1789064495,mongodb-sharded-shardsvr,Running,True
1789064495,mongodb-sharded-shardsvr,Running,True
1789064495,mongodb-sharded-shardsvr,Running,True
1789064495,mongodb-sharded-shardsvr,Running,True
1789064495,mongodb-sharded-shardsvr,Running,True
1789064495,nginx-thrift,Running,True
1789064495,nginx-thrift,Running,True
1789064495,nginx-thrift,Running,True
1789064495,nginx-thrift,Running,True
1789064495,nginx-thrift,Running,True
1789064495,nginx-thrift,Running,True
1789064495,post-storage-service,Running,True
1789064495,post-storage-service,Running,True
1789064495,social-graph-redis,Running,True
1789064495,social-graph-service,Running,True
1789064495,social-network-mcrouter,Running,True
1789064495,social-network-mcrouter,Running,True
1789064495,social-network-mcrouter,Running,True
1789064495,memcached,Running,True
1789064495,memcached,Running,True
1789064495,memcached,Running,True
1789064495,memcached,Running,True
1789064495,memcached,Running,True
1789064495,memcached,Running,True
1789064495,text-service,Running,True
1789064495,unique-id-service,Running,True
1789064495,url-shorten-service,Running,True
1789064495,user-mention-service,Running,True
1789064495,user-service,Running,True
1789064495,user-timeline-redis,Running,True
1789064495,user-timeline-service,Running,True
1789064496,compose-post-service,Running,True
1789064496,home-timeline-redis,Running,True
1789064496,home-timeline-service,Running,True
1789064496,jaeger,Running,True
1789064496,media-frontend,Running,True
1789064496,media-service,Running,True
1789064496,mongodb-sharded-configsvr,Running,True
1789064496,mongodb-sharded-mongos,Running,True
1789064496,mongodb-sharded-mongos,Running,True
1789064496,mongodb-sharded-mongos,Running,True
1789064496,mongodb-sharded-shardsvr,Running,True
1789064496,mongodb-sharded-shardsvr,Running,True
1789064496,mongodb-sharded-shardsvr,Running,True
1789064496,mongodb-sharded-shardsvr,Running,True
1789064496,mongodb-sharded-shardsvr,Running,True
1789064496,mongodb-sharded-shardsvr,Running,True
1789064496,nginx-thrift,Running,True
1789064496,nginx-thrift,Running,True
1789064496,nginx-thrift,Running,True
1789064496,nginx-thrift,Running,True
1789064496,nginx-thrift,Running,True
1789064496,nginx-thrift,Running,True
1789064496,post-storage-service,Running,True
1789064496,post-storage-service,Running,True
1789064496,social-graph-redis,Running,True
1789064496,social-graph-service,Running,True
1789064496,social-network-mcrouter,Running,True
1789064496,social-network-mcrouter,Running,True
1789064496,social-network-mcrouter,Running,True
1789064496,memcached,Running,True
1789064496,memcached,Running,True
1789064496,memcached,Running,True
1789064496,memcached,Running,True
1789064496,memcached,Running,True
1789064496,memcached,Running,True
1789064496,text-service,Running,True
1789064496,unique-id-service,Running,True
1789064496,url-shorten-service,Running,True
1789064496,user-mention-service,Running,True
1789064496,user-service,Running,True
1789064496,user-timeline-redis,Running,True
1789064496,user-timeline-service,Running,True
1789064497,compose-post-service,Running,True
1789064497,home-timeline-redis,Running,True
1789064497,home-timeline-service,Running,True
1789064497,jaeger,Running,True
1789064497,media-frontend,Running,True
1789064497,media-service,Running,True
1789064497,mongodb-sharded-configsvr,Running,True
1789064497,mongodb-sharded-mongos,Running,True
1789064497,mongodb-sharded-mongos,Running,True
1789064497,mongodb-sharded-mongos,Running,True
1789064497,mongodb-sharded-shardsvr,Running,True
1789064497,mongodb-sharded-shardsvr,Running,True
1789064497,mongodb-sharded-shardsvr,Running,True
1789064497,mongodb-sharded-shardsvr,Running,True
1789064497,mongodb-sharded-shardsvr,Running,True
1789064497,mongodb-sharded-shardsvr,Running,True
1789064497,nginx-thrift,Running,True
1789064497,nginx-thrift,Running,True
1789064497,nginx-thrift,Running,True
1789064497,nginx-thrift,Running,True
1789064497,nginx-thrift,Running,True
1789064497,nginx-thrift,Running,True
1789064497,post-storage-service,Running,True
1789064497,post-storage-service,Running,True
1789064497,social-graph-redis,Running,True
1789064497,social-graph-service,Running,True
1789064497,social-network-mcrouter,Running,True
1789064497,social-network-mcrouter,Running,True
1789064497,social-network-mcrouter,Running,True
1789064497,memcached,Running,True
1789064497,memcached,Running,True
1789064497,memcached,Running,True
1789064497,memcached,Running,True
1789064497,memcached,Running,True
1789064497,memcached,Running,True
1789064497,text-service,Running,True
1789064497,unique-id-service,Running,True
1789064497,url-shorten-service,Running,True
1789064497,user-mention-service,Running,True
1789064497,user-service,Running,True
1789064497,user-timeline-redis,Running,True
1789064497,user-timeline-service,Running,True
1789064498,compose-post-service,Running,True
1789064498,home-timeline-redis,Running,True
1789064498,home-timeline-service,Running,True
1789064498,jaeger,Running,True
1789064498,media-frontend,Running,True
1789064498,media-service,Running,True
1789064498,mongodb-sharded-configsvr,Running,True
1789064498,mongodb-sharded-mongos,Running,True
1789064498,mongodb-sharded-mongos,Running,True
1789064498,mongodb-sharded-mongos,Running,True
1789064498,mongodb-sharded-shardsvr,Running,True
1789064498,mongodb-sharded-shardsvr,Running,True
1789064498,mongodb-sharded-shardsvr,Running,True
1789064498,mongodb-sharded-shardsvr,Running,True
1789064498,mongodb-sharded-shardsvr,Running,True
1789064498,mongodb-sharded-shardsvr,Running,True
1789064498,nginx-thrift,Running,True
1789064498,nginx-thrift,Running,True
1789064498,nginx-thrift,Running,True
1789064498,nginx-thrift,Running,True
1789064498,nginx-thrift,Running,True
1789064498,nginx-thrift,Running,True
1789064498,post-storage-service,Running,True
1789064498,post-storage-service,Running,True
1789064498,social-graph-redis,Running,True
1789064498,social-graph-service,Running,True
1789064498,social-network-mcrouter,Running,True
1789064498,social-network-mcrouter,Running,True
1789064498,social-network-mcrouter,Running,True
1789064498,memcached,Running,True
1789064498,memcached,Running,True
1789064498,memcached,Running,True
1789064498,memcached,Running,True
1789064498,memcached,Running,True
1789064498,memcached,Running,True
1789064498,text-service,Running,True
1789064498,unique-id-service,Running,True
1789064498,url-shorten-service,Running,True
1789064498,user-mention-service,Running,True
1789064498,user-service,Running,True
1789064498,user-timeline-redis,Running,True
1789064498,user-timeline-service,Running,True
1789064499,compose-post-service,Running,True
1789064499,home-timeline-redis,Running,True
1789064499,home-timeline-service,Running,True
1789064499,jaeger,Running,True
1789064499,media-frontend,Running,True
1789064499,media-service,Running,True
1789064499,mongodb-sharded-configsvr,Running,True
1789064499,mongodb-sharded-mongos,Running,True
1789064499,mongodb-sharded-mongos,Running,True
1789064499,mongodb-sharded-mongos,Running,True
1789064499,mongodb-sharded-shardsvr,Running,True
1789064499,mongodb-sharded-shardsvr,Running,True
1789064499,mongodb-sharded-shardsvr,Running,True
1789064499,mongodb-sharded-shardsvr,Running,True
1789064499,mongodb-sharded-shardsvr,Running,True
1789064499,mongodb-sharded-shardsvr,Running,True
1789064499,nginx-thrift,Running,True
1789064499,nginx-thrift,Running,True
1789064499,nginx-thrift,Running,True
1789064499,nginx-thrift,Running,True
1789064499,nginx-thrift,Running,True
1789064499,nginx-thrift,Running,True
1789064499,post-storage-service,Running,True
1789064499,post-storage-service,Running,True
1789064499,social-graph-redis,Running,True
1789064499,social-graph-service,Running,True
1789064499,social-network-mcrouter,Running,True
1789064499,social-network-mcrouter,Running,True
1789064499,social-network-mcrouter,Running,True
1789064499,memcached,Running,True
1789064499,memcached,Running,True
1789064499,memcached,Running,True
1789064499,memcached,Running,True
1789064499,memcached,Running,True
1789064499,memcached,Running,True
1789064499,text-service,Running,True
1789064499,unique-id-service,Running,True
1789064499,url-shorten-service,Running,True
1789064499,user-mention-service,Running,True
1789064499,user-service,Running,True
1789064499,user-timeline-redis,Running,True
1789064499,user-timeline-service,Running,True
1789064500,compose-post-service,Running,True
1789064500,home-timeline-redis,Running,True
1789064500,home-timeline-service,Running,True
1789064500,jaeger,Running,True
1789064500,media-frontend,Running,True
1789064500,media-service,Running,True
1789064500,mongodb-sharded-configsvr,Running,True
1789064500,mongodb-sharded-mongos,Running,True
1789064500,mongodb-sharded-mongos,Running,True
1789064500,mongodb-sharded-mongos,Running,True
1789064500,mongodb-sharded-shardsvr,Running,True
1789064500,mongodb-sharded-shardsvr,Running,True
1789064500,mongodb-sharded-shardsvr,Running,True
1789064500,mongodb-sharded-shardsvr,Running,True
1789064500,mongodb-sharded-shardsvr,Running,True
1789064500,mongodb-sharded-shardsvr,Running,True
1789064500,nginx-thrift,Running,True
1789064500,nginx-thrift,Running,True
1789064500,nginx-thrift,Running,True
1789064500,nginx-thrift,Running,True
1789064500,nginx-thrift,Running,True
1789064500,nginx-thrift,Running,True
1789064500,post-storage-service,Running,True
1789064500,post-storage-service,Running,True
1789064500,social-graph-redis,Running,True
1789064500,social-graph-service,Running,True
1789064500,social-network-mcrouter,Running,True
1789064500,social-network-mcrouter,Running,True
1789064500,social-network-mcrouter,Running,True
1789064500,memcached,Running,True
1789064500,memcached,Running,True
1789064500,memcached,Running,True
1789064500,memcached,Running,True
1789064500,memcached,Running,True
1789064500,memcached,Running,True
1789064500,text-service,Running,True
1789064500,unique-id-service,Running,True
1789064500,url-shorten-service,Running,True
1789064500,user-mention-service,Running,True
1789064500,user-service,Running,True
1789064500,user-timeline-redis,Running,True
1789064500,user-timeline-service,Running,True
1789064501,compose-post-service,Running,True
1789064501,home-timeline-redis,Running,True
1789064501,home-timeline-service,Running,True
1789064501,jaeger,Running,True
1789064501,media-frontend,Running,True
1789064501,media-service,Running,True
1789064501,mongodb-sharded-configsvr,Running,True
1789064501,mongodb-sharded-mongos,Running,True
1789064501,mongodb-sharded-mongos,Running,True
1789064501,mongodb-sharded-mongos,Running,True
1789064501,mongodb-sharded-shardsvr,Running,True
1789064501,mongodb-sharded-shardsvr,Running,True
1789064501,mongodb-sharded-shardsvr,Running,True
1789064501,mongodb-sharded-shardsvr,Running,True
1789064501,mongodb-sharded-shardsvr,Running,True
1789064501,mongodb-sharded-shardsvr,Running,True
1789064501,nginx-thrift,Running,True
1789064501,nginx-thrift,Running,True
1789064501,nginx-thrift,Running,True
1789064501,nginx-thrift,Running,True
1789064501,nginx-thrift,Running,True
1789064501,nginx-thrift,Running,True
1789064501,post-storage-service,Running,True
1789064501,post-storage-service,Running,True
1789064501,social-graph-redis,Running,True
1789064501,social-graph-service,Running,True
1789064501,social-network-mcrouter,Running,True
1789064501,social-network-mcrouter,Running,True
1789064501,social-network-mcrouter,Running,True
1789064501,memcached,Running,True
1789064501,memcached,Running,True
1789064501,memcached,Running,True
1789064501,memcached,Running,True
1789064501,memcached,Running,True
1789064501,memcached,Running,True
1789064501,text-service,Running,True
1789064501,unique-id-service,Running,True
1789064501,url-shorten-service,Running,True
1789064501,user-mention-service,Running,True
1789064501,user-service,Running,True
1789064501,user-timeline-redis,Running,True
1789064501,user-timeline-service,Running,True
1789064502,compose-post-service,Running,True
1789064502,home-timeline-redis,Running,True
1789064502,home-timeline-service,Running,True
1789064502,jaeger,Running,True
1789064502,media-frontend,Running,True
1789064502,media-service,Running,True
1789064502,mongodb-sharded-configsvr,Running,True
1789064502,mongodb-sharded-mongos,Running,True
1789064502,mongodb-sharded-mongos,Running,True
1789064502,mongodb-sharded-mongos,Running,True
1789064502,mongodb-sharded-shardsvr,Running,True
1789064502,mongodb-sharded-shardsvr,Running,True
1789064502,mongodb-sharded-shardsvr,Running,True
1789064502,mongodb-sharded-shardsvr,Running,True
1789064502,mongodb-sharded-shardsvr,Running,True
1789064502,mongodb-sharded-shardsvr,Running,True
1789064502,nginx-thrift,Running,True
1789064502,nginx-thrift,Running,True
1789064502,nginx-thrift,Running,True
1789064502,nginx-thrift,Running,True
1789064502,nginx-thrift,Running,True
1789064502,nginx-thrift,Running,True
1789064502,post-storage-service,Running,True
1789064502,post-storage-service,Running,True
1789064502,social-graph-redis,Running,True
1789064502,social-graph-service,Running,True
1789064502,social-network-mcrouter,Running,True
1789064502,social-network-mcrouter,Running,True
1789064502,social-network-mcrouter,Running,True
1789064502,memcached,Running,True
1789064502,memcached,Running,True
1789064502,memcached,Running,True
1789064502,memcached,Running,True
1789064502,memcached,Running,True
1789064502,memcached,Running,True
1789064502,text-service,Running,True
1789064502,unique-id-service,Running,True
1789064502,url-shorten-service,Running,True
1789064502,user-mention-service,Running,True
1789064502,user-service,Running,True
1789064502,user-timeline-redis,Running,True
1789064502,user-timeline-service,Running,True
1789064503,compose-post-service,Running,True
1789064503,home-timeline-redis,Running,True
1789064503,home-timeline-service,Running,True
1789064503,jaeger,Running,True
1789064503,media-frontend,Running,True
1789064503,media-service,Running,True
1789064503,mongodb-sharded-configsvr,Running,True
1789064503,mongodb-sharded-mongos,Running,True
1789064503,mongodb-sharded-mongos,Running,True
1789064503,mongodb-sharded-mongos,Running,True
1789064503,mongodb-sharded-shardsvr,Running,True
1789064503,mongodb-sharded-shardsvr,Running,True
1789064503,mongodb-sharded-shardsvr,Running,True
1789064503,mongodb-sharded-shardsvr,Running,True
1789064503,mongodb-sharded-shardsvr,Running,True
1789064503,mongodb-sharded-shardsvr,Running,True
1789064503,nginx-thrift,Running,True
1789064503,nginx-thrift,Running,True
1789064503,nginx-thrift,Running,True
1789064503,nginx-thrift,Running,True
1789064503,nginx-thrift,Running,True
1789064503,nginx-thrift,Running,True
1789064503,post-storage-service,Running,True
1789064503,post-storage-service,Running,True
1789064503,social-graph-redis,Running,True
1789064503,social-graph-service,Running,True
1789064503,social-network-mcrouter,Running,True
1789064503,social-network-mcrouter,Running,True
1789064503,social-network-mcrouter,Running,True
1789064503,memcached,Running,True
1789064503,memcached,Running,True
1789064503,memcached,Running,True
1789064503,memcached,Running,True
1789064503,memcached,Running,True
1789064503,memcached,Running,True
1789064503,text-service,Running,True
1789064503,unique-id-service,Running,True
1789064503,url-shorten-service,Running,True
1789064503,user-mention-service,Running,True
1789064503,user-service,Running,True
1789064503,user-timeline-redis,Running,True
1789064503,user-timeline-service,Running,True
1789064504,compose-post-service,Running,True
1789064504,home-timeline-redis,Running,True
1789064504,home-timeline-service,Running,True
1789064504,jaeger,Running,True
1789064504,media-frontend,Running,True
1789064504,media-service,Running,True
1789064504,mongodb-sharded-configsvr,Running,True
1789064504,mongodb-sharded-mongos,Running,True
1789064504,mongodb-sharded-mongos,Running,True
1789064504,mongodb-sharded-mongos,Running,True
1789064504,mongodb-sharded-shardsvr,Running,True
1789064504,mongodb-sharded-shardsvr,Running,True
1789064504,mongodb-sharded-shardsvr,Running,True
1789064504,mongodb-sharded-shardsvr,Running,True
1789064504,mongodb-sharded-shardsvr,Running,True
1789064504,mongodb-sharded-shardsvr,Running,True
1789064504,nginx-thrift,Running,True
1789064504,nginx-thrift,Running,True
1789064504,nginx-thrift,Running,True
1789064504,nginx-thrift,Running,True
1789064504,nginx-thrift,Running,True
1789064504,nginx-thrift,Running,True
1789064504,post-storage-service,Running,True
1789064504,post-storage-service,Running,True
1789064504,social-graph-redis,Running,True
1789064504,social-graph-service,Running,True
1789064504,social-network-mcrouter,Running,True
1789064504,social-network-mcrouter,Running,True
1789064504,social-network-mcrouter,Running,True
1789064504,memcached,Running,True
1789064504,memcached,Running,True
1789064504,memcached,Running,True
1789064504,memcached,Running,True
1789064504,memcached,Running,True
1789064504,memcached,Running,True
1789064504,text-service,Running,True
1789064504,unique-id-service,Running,True
1789064504,url-shorten-service,Running,True
1789064504,user-mention-service,Running,True
1789064504,user-service,Running,True
1789064504,user-timeline-redis,Running,True
1789064504,user-timeline-service,Running,True
1789064505,compose-post-service,Running,True
1789064505,home-timeline-redis,Running,True
1789064505,home-timeline-service,Running,True
1789064505,jaeger,Running,True
1789064505,media-frontend,Running,True
1789064505,media-service,Running,True
1789064505,mongodb-sharded-configsvr,Running,True
1789064505,mongodb-sharded-mongos,Running,True
1789064505,mongodb-sharded-mongos,Running,True
1789064505,mongodb-sharded-mongos,Running,True
1789064505,mongodb-sharded-shardsvr,Running,True
1789064505,mongodb-sharded-shardsvr,Running,True
1789064505,mongodb-sharded-shardsvr,Running,True
1789064505,mongodb-sharded-shardsvr,Running,True
1789064505,mongodb-sharded-shardsvr,Running,True
1789064505,mongodb-sharded-shardsvr,Running,True
1789064505,nginx-thrift,Running,True
1789064505,nginx-thrift,Running,True
1789064505,nginx-thrift,Running,True
1789064505,nginx-thrift,Running,True
1789064505,nginx-thrift,Running,True
1789064505,nginx-thrift,Running,True
1789064505,post-storage-service,Running,True
1789064505,post-storage-service,Running,True
1789064505,social-graph-redis,Running,True
1789064505,social-graph-service,Running,True
1789064505,social-network-mcrouter,Running,True
1789064505,social-network-mcrouter,Running,True
1789064505,social-network-mcrouter,Running,True
1789064505,memcached,Running,True
1789064505,memcached,Running,True
1789064505,memcached,Running,True
1789064505,memcached,Running,True
1789064505,memcached,Running,True
1789064505,memcached,Running,True
1789064505,text-service,Running,True
1789064505,unique-id-service,Running,True
1789064505,url-shorten-service,Running,True
1789064505,user-mention-service,Running,True
1789064505,user-service,Running,True
1789064505,user-timeline-redis,Running,True
1789064505,user-timeline-service,Running,True
1789064506,compose-post-service,Running,True
1789064506,home-timeline-redis,Running,True
1789064506,home-timeline-service,Running,True
1789064506,jaeger,Running,True
1789064506,media-frontend,Running,True
1789064506,media-service,Running,True
1789064506,mongodb-sharded-configsvr,Running,True
1789064506,mongodb-sharded-mongos,Running,True
1789064506,mongodb-sharded-mongos,Running,True
1789064506,mongodb-sharded-mongos,Running,True
1789064506,mongodb-sharded-shardsvr,Running,True
1789064506,mongodb-sharded-shardsvr,Running,True
1789064506,mongodb-sharded-shardsvr,Running,True
1789064506,mongodb-sharded-shardsvr,Running,True
1789064506,mongodb-sharded-shardsvr,Running,True
1789064506,mongodb-sharded-shardsvr,Running,True
1789064506,nginx-thrift,Running,True
1789064506,nginx-thrift,Running,True
1789064506,nginx-thrift,Running,True
1789064506,nginx-thrift,Running,True
1789064506,nginx-thrift,Running,True
1789064506,nginx-thrift,Running,True
1789064506,post-storage-service,Running,True
1789064506,post-storage-service,Running,True
1789064506,social-graph-redis,Running,True
1789064506,social-graph-service,Running,True
1789064506,social-network-mcrouter,Running,True
1789064506,social-network-mcrouter,Running,True
1789064506,social-network-mcrouter,Running,True
1789064506,memcached,Running,True
1789064506,memcached,Running,True
1789064506,memcached,Running,True
1789064506,memcached,Running,True
1789064506,memcached,Running,True
1789064506,memcached,Running,True
1789064506,text-service,Running,True
1789064506,unique-id-service,Running,True
1789064506,url-shorten-service,Running,True
1789064506,user-mention-service,Running,True
1789064506,user-service,Running,True
1789064506,user-timeline-redis,Running,True
1789064506,user-timeline-service,Running,True
1789064508,compose-post-service,Running,True
1789064508,home-timeline-redis,Running,True
1789064508,home-timeline-service,Running,True
1789064508,jaeger,Running,True
1789064508,media-frontend,Running,True
1789064508,media-service,Running,True
1789064508,mongodb-sharded-configsvr,Running,True
1789064508,mongodb-sharded-mongos,Running,True
1789064508,mongodb-sharded-mongos,Running,True
1789064508,mongodb-sharded-mongos,Running,True
1789064508,mongodb-sharded-shardsvr,Running,True
1789064508,mongodb-sharded-shardsvr,Running,True
1789064508,mongodb-sharded-shardsvr,Running,True
1789064508,mongodb-sharded-shardsvr,Running,True
1789064508,mongodb-sharded-shardsvr,Running,True
1789064508,mongodb-sharded-shardsvr,Running,True
1789064508,nginx-thrift,Running,True
1789064508,nginx-thrift,Running,True
1789064508,nginx-thrift,Running,True
1789064508,nginx-thrift,Running,True
1789064508,nginx-thrift,Running,True
1789064508,nginx-thrift,Running,True
1789064508,post-storage-service,Running,True
1789064508,post-storage-service,Running,True
1789064508,social-graph-redis,Running,True
1789064508,social-graph-service,Running,True
1789064508,social-network-mcrouter,Running,True
1789064508,social-network-mcrouter,Running,True
1789064508,social-network-mcrouter,Running,True
1789064508,memcached,Running,True
1789064508,memcached,Running,True
1789064508,memcached,Running,True
1789064508,memcached,Running,True
1789064508,memcached,Running,True
1789064508,memcached,Running,True
1789064508,text-service,Running,True
1789064508,unique-id-service,Running,True
1789064508,url-shorten-service,Running,True
1789064508,user-mention-service,Running,True
1789064508,user-service,Running,True
1789064508,user-timeline-redis,Running,True
1789064508,user-timeline-service,Running,True
1789064509,compose-post-service,Running,True
1789064509,home-timeline-redis,Running,True
1789064509,home-timeline-service,Running,True
1789064509,jaeger,Running,True
1789064509,media-frontend,Running,True
1789064509,media-service,Running,True
1789064509,mongodb-sharded-configsvr,Running,True
1789064509,mongodb-sharded-mongos,Running,True
1789064509,mongodb-sharded-mongos,Running,True
1789064509,mongodb-sharded-mongos,Running,True
1789064509,mongodb-sharded-shardsvr,Running,True
1789064509,mongodb-sharded-shardsvr,Running,True
1789064509,mongodb-sharded-shardsvr,Running,True
1789064509,mongodb-sharded-shardsvr,Running,True
1789064509,mongodb-sharded-shardsvr,Running,True
1789064509,mongodb-sharded-shardsvr,Running,True
1789064509,nginx-thrift,Running,True
1789064509,nginx-thrift,Running,True
1789064509,nginx-thrift,Running,True
1789064509,nginx-thrift,Running,True
1789064509,nginx-thrift,Running,True
1789064509,nginx-thrift,Running,True
1789064509,post-storage-service,Running,True
1789064509,post-storage-service,Running,True
1789064509,social-graph-redis,Running,True
1789064509,social-graph-service,Running,True
1789064509,social-network-mcrouter,Running,True
1789064509,social-network-mcrouter,Running,True
1789064509,social-network-mcrouter,Running,True
1789064509,memcached,Running,True
1789064509,memcached,Running,True
1789064509,memcached,Running,True
1789064509,memcached,Running,True
1789064509,memcached,Running,True
1789064509,memcached,Running,True
1789064509,text-service,Running,True
1789064509,unique-id-service,Running,True
1789064509,url-shorten-service,Running,True
1789064509,user-mention-service,Running,True
1789064509,user-service,Running,True
1789064509,user-timeline-redis,Running,True
1789064509,user-timeline-service,Running,True
1789064510,compose-post-service,Running,True
1789064510,home-timeline-redis,Running,True
1789064510,home-timeline-service,Running,True
1789064510,jaeger,Running,True
1789064510,media-frontend,Running,True
1789064510,media-service,Running,True
1789064510,mongodb-sharded-configsvr,Running,True
1789064510,mongodb-sharded-mongos,Running,True
1789064510,mongodb-sharded-mongos,Running,True
1789064510,mongodb-sharded-mongos,Running,True
1789064510,mongodb-sharded-shardsvr,Running,True
1789064510,mongodb-sharded-shardsvr,Running,True
1789064510,mongodb-sharded-shardsvr,Running,True
1789064510,mongodb-sharded-shardsvr,Running,True
1789064510,mongodb-sharded-shardsvr,Running,True
1789064510,mongodb-sharded-shardsvr,Running,True
1789064510,nginx-thrift,Running,True
1789064510,nginx-thrift,Running,True
1789064510,nginx-thrift,Running,True
1789064510,nginx-thrift,Running,True
1789064510,nginx-thrift,Running,True
1789064510,nginx-thrift,Running,True
1789064510,post-storage-service,Running,True
1789064510,post-storage-service,Running,True
1789064510,social-graph-redis,Running,True
1789064510,social-graph-service,Running,True
1789064510,social-network-mcrouter,Running,True
1789064510,social-network-mcrouter,Running,True
1789064510,social-network-mcrouter,Running,True
1789064510,memcached,Running,True
1789064510,memcached,Running,True
1789064510,memcached,Running,True
1789064510,memcached,Running,True
1789064510,memcached,Running,True
1789064510,memcached,Running,True
1789064510,text-service,Running,True
1789064510,unique-id-service,Running,True
1789064510,url-shorten-service,Running,True
1789064510,user-mention-service,Running,True
1789064510,user-service,Running,True
1789064510,user-timeline-redis,Running,True
1789064510,user-timeline-service,Running,True
1789064511,compose-post-service,Running,True
1789064511,home-timeline-redis,Running,True
1789064511,home-timeline-service,Running,True
1789064511,jaeger,Running,True
1789064511,media-frontend,Running,True
1789064511,media-service,Running,True
1789064511,mongodb-sharded-configsvr,Running,True
1789064511,mongodb-sharded-mongos,Running,True
1789064511,mongodb-sharded-mongos,Running,True
1789064511,mongodb-sharded-mongos,Running,True
1789064511,mongodb-sharded-shardsvr,Running,True
1789064511,mongodb-sharded-shardsvr,Running,True
1789064511,mongodb-sharded-shardsvr,Running,True
1789064511,mongodb-sharded-shardsvr,Running,True
1789064511,mongodb-sharded-shardsvr,Running,True
1789064511,mongodb-sharded-shardsvr,Running,True
1789064511,nginx-thrift,Running,True
1789064511,nginx-thrift,Running,True
1789064511,nginx-thrift,Running,True
1789064511,nginx-thrift,Running,True
1789064511,nginx-thrift,Running,True
1789064511,nginx-thrift,Running,True
1789064511,post-storage-service,Running,True
1789064511,post-storage-service,Running,True
1789064511,social-graph-redis,Running,True
1789064511,social-graph-service,Running,True
1789064511,social-network-mcrouter,Running,True
1789064511,social-network-mcrouter,Running,True
1789064511,social-network-mcrouter,Running,True
1789064511,memcached,Running,True
1789064511,memcached,Running,True
1789064511,memcached,Running,True
1789064511,memcached,Running,True
1789064511,memcached,Running,True
1789064511,memcached,Running,True
1789064511,text-service,Running,True
1789064511,unique-id-service,Running,True
1789064511,url-shorten-service,Running,True
1789064511,user-mention-service,Running,True
1789064511,user-service,Running,True
1789064511,user-timeline-redis,Running,True
1789064511,user-timeline-service,Running,True
1789064512,compose-post-service,Running,True
1789064512,home-timeline-redis,Running,True
1789064512,home-timeline-service,Running,True
1789064512,jaeger,Running,True
1789064512,media-frontend,Running,True
1789064512,media-service,Running,True
1789064512,mongodb-sharded-configsvr,Running,True
1789064512,mongodb-sharded-mongos,Running,True
1789064512,mongodb-sharded-mongos,Running,True
1789064512,mongodb-sharded-mongos,Running,True
1789064512,mongodb-sharded-shardsvr,Running,True
1789064512,mongodb-sharded-shardsvr,Running,True
1789064512,mongodb-sharded-shardsvr,Running,True
1789064512,mongodb-sharded-shardsvr,Running,True
1789064512,mongodb-sharded-shardsvr,Running,True
1789064512,mongodb-sharded-shardsvr,Running,True
1789064512,nginx-thrift,Running,True
1789064512,nginx-thrift,Running,True
1789064512,nginx-thrift,Running,True
1789064512,nginx-thrift,Running,True
1789064512,nginx-thrift,Running,True
1789064512,nginx-thrift,Running,True
1789064512,post-storage-service,Running,True
1789064512,post-storage-service,Running,True
1789064512,social-graph-redis,Running,True
1789064512,social-graph-service,Running,True
1789064512,social-network-mcrouter,Running,True
1789064512,social-network-mcrouter,Running,True
1789064512,social-network-mcrouter,Running,True
1789064512,memcached,Running,True
1789064512,memcached,Running,True
1789064512,memcached,Running,True
1789064512,memcached,Running,True
1789064512,memcached,Running,True
1789064512,memcached,Running,True
1789064512,text-service,Running,True
1789064512,unique-id-service,Running,True
1789064512,url-shorten-service,Running,True
1789064512,user-mention-service,Running,True
1789064512,user-service,Running,True
1789064512,user-timeline-redis,Running,True
1789064512,user-timeline-service,Running,True
1789064513,compose-post-service,Running,True
1789064513,home-timeline-redis,Running,True
1789064513,home-timeline-service,Running,True
1789064513,jaeger,Running,True
1789064513,media-frontend,Running,True
1789064513,media-service,Running,True
1789064513,mongodb-sharded-configsvr,Running,True
1789064513,mongodb-sharded-mongos,Running,True
1789064513,mongodb-sharded-mongos,Running,True
1789064513,mongodb-sharded-mongos,Running,True
1789064513,mongodb-sharded-shardsvr,Running,True
1789064513,mongodb-sharded-shardsvr,Running,True
1789064513,mongodb-sharded-shardsvr,Running,True
1789064513,mongodb-sharded-shardsvr,Running,True
1789064513,mongodb-sharded-shardsvr,Running,True
1789064513,mongodb-sharded-shardsvr,Running,True
1789064513,nginx-thrift,Running,True
1789064513,nginx-thrift,Running,True
1789064513,nginx-thrift,Running,True
1789064513,nginx-thrift,Running,True
1789064513,nginx-thrift,Running,True
1789064513,nginx-thrift,Running,True
1789064513,post-storage-service,Running,True
1789064513,post-storage-service,Running,True
1789064513,social-graph-redis,Running,True
1789064513,social-graph-service,Running,True
1789064513,social-network-mcrouter,Running,True
1789064513,social-network-mcrouter,Running,True
1789064513,social-network-mcrouter,Running,True
1789064513,memcached,Running,True
1789064513,memcached,Running,True
1789064513,memcached,Running,True
1789064513,memcached,Running,True
1789064513,memcached,Running,True
1789064513,memcached,Running,True
1789064513,text-service,Running,True
1789064513,unique-id-service,Running,True
1789064513,url-shorten-service,Running,True
1789064513,user-mention-service,Running,True
1789064513,user-service,Running,True
1789064513,user-timeline-redis,Running,True
1789064513,user-timeline-service,Running,True
1789064514,compose-post-service,Running,True
1789064514,home-timeline-redis,Running,True
1789064514,home-timeline-service,Running,True
1789064514,jaeger,Running,True
1789064514,media-frontend,Running,True
1789064514,media-service,Running,True
1789064514,mongodb-sharded-configsvr,Running,True
1789064514,mongodb-sharded-mongos,Running,True
1789064514,mongodb-sharded-mongos,Running,True
1789064514,mongodb-sharded-mongos,Running,True
1789064514,mongodb-sharded-shardsvr,Running,True
1789064514,mongodb-sharded-shardsvr,Running,True
1789064514,mongodb-sharded-shardsvr,Running,True
1789064514,mongodb-sharded-shardsvr,Running,True
1789064514,mongodb-sharded-shardsvr,Running,True
1789064514,mongodb-sharded-shardsvr,Running,True
1789064514,nginx-thrift,Running,True
1789064514,nginx-thrift,Running,True
1789064514,nginx-thrift,Running,True
1789064514,nginx-thrift,Running,True
1789064514,nginx-thrift,Running,True
1789064514,nginx-thrift,Running,True
1789064514,post-storage-service,Running,True
1789064514,post-storage-service,Running,True
1789064514,social-graph-redis,Running,True
1789064514,social-graph-service,Running,True
1789064514,social-network-mcrouter,Running,True
1789064514,social-network-mcrouter,Running,True
1789064514,social-network-mcrouter,Running,True
1789064514,memcached,Running,True
1789064514,memcached,Running,True
1789064514,memcached,Running,True
1789064514,memcached,Running,True
1789064514,memcached,Running,True
1789064514,memcached,Running,True
1789064514,text-service,Running,True
1789064514,unique-id-service,Running,True
1789064514,url-shorten-service,Running,True
1789064514,user-mention-service,Running,True
1789064514,user-service,Running,True
1789064514,user-timeline-redis,Running,True
1789064514,user-timeline-service,Running,True
1789064515,compose-post-service,Running,True
1789064515,home-timeline-redis,Running,True
1789064515,home-timeline-service,Running,True
1789064515,jaeger,Running,True
1789064515,media-frontend,Running,True
1789064515,media-service,Running,True
1789064515,mongodb-sharded-configsvr,Running,True
1789064515,mongodb-sharded-mongos,Running,True
1789064515,mongodb-sharded-mongos,Running,True
1789064515,mongodb-sharded-mongos,Running,True
1789064515,mongodb-sharded-shardsvr,Running,True
1789064515,mongodb-sharded-shardsvr,Running,True
1789064515,mongodb-sharded-shardsvr,Running,True
1789064515,mongodb-sharded-shardsvr,Running,True
1789064515,mongodb-sharded-shardsvr,Running,True
1789064515,mongodb-sharded-shardsvr,Running,True
1789064515,nginx-thrift,Running,True
1789064515,nginx-thrift,Running,True
1789064515,nginx-thrift,Running,True
1789064515,nginx-thrift,Running,True
1789064515,nginx-thrift,Running,True
1789064515,nginx-thrift,Running,True
1789064515,post-storage-service,Running,True
1789064515,post-storage-service,Running,True
1789064515,social-graph-redis,Running,True
1789064515,social-graph-service,Running,True
1789064515,social-network-mcrouter,Running,True
1789064515,social-network-mcrouter,Running,True
1789064515,social-network-mcrouter,Running,True
1789064515,memcached,Running,True
1789064515,memcached,Running,True
1789064515,memcached,Running,True
1789064515,memcached,Running,True
1789064515,memcached,Running,True
1789064515,memcached,Running,True
1789064515,text-service,Running,True
1789064515,unique-id-service,Running,True
1789064515,url-shorten-service,Running,True
1789064515,user-mention-service,Running,True
1789064515,user-service,Running,True
1789064515,user-timeline-redis,Running,True
1789064515,user-timeline-service,Running,True
1789064516,compose-post-service,Running,True
1789064516,home-timeline-redis,Running,True
1789064516,home-timeline-service,Running,True
1789064516,jaeger,Running,True
1789064516,media-frontend,Running,True
1789064516,media-service,Running,True
1789064516,mongodb-sharded-configsvr,Running,True
1789064516,mongodb-sharded-mongos,Running,True
1789064516,mongodb-sharded-mongos,Running,True
1789064516,mongodb-sharded-mongos,Running,True
1789064516,mongodb-sharded-shardsvr,Running,True
1789064516,mongodb-sharded-shardsvr,Running,True
1789064516,mongodb-sharded-shardsvr,Running,True
1789064516,mongodb-sharded-shardsvr,Running,True
1789064516,mongodb-sharded-shardsvr,Running,True
1789064516,mongodb-sharded-shardsvr,Running,True
1789064516,nginx-thrift,Running,True
1789064516,nginx-thrift,Running,True
1789064516,nginx-thrift,Running,True
1789064516,nginx-thrift,Running,True
1789064516,nginx-thrift,Running,True
1789064516,nginx-thrift,Running,True
1789064516,post-storage-service,Running,True
1789064516,post-storage-service,Running,True
1789064516,social-graph-redis,Running,True
1789064516,social-graph-service,Running,True
1789064516,social-network-mcrouter,Running,True
1789064516,social-network-mcrouter,Running,True
1789064516,social-network-mcrouter,Running,True
1789064516,memcached,Running,True
1789064516,memcached,Running,True
1789064516,memcached,Running,True
1789064516,memcached,Running,True
1789064516,memcached,Running,True
1789064516,memcached,Running,True
1789064516,text-service,Running,True
1789064516,unique-id-service,Running,True
1789064516,url-shorten-service,Running,True
1789064516,user-mention-service,Running,True
1789064516,user-service,Running,True
1789064516,user-timeline-redis,Running,True
1789064516,user-timeline-service,Running,True
1789064517,compose-post-service,Running,True
1789064517,home-timeline-redis,Running,True
1789064517,home-timeline-service,Running,True
1789064517,jaeger,Running,True
1789064517,media-frontend,Running,True
1789064517,media-service,Running,True
1789064517,mongodb-sharded-configsvr,Running,True
1789064517,mongodb-sharded-mongos,Running,True
1789064517,mongodb-sharded-mongos,Running,True
1789064517,mongodb-sharded-mongos,Running,True
1789064517,mongodb-sharded-shardsvr,Running,True
1789064517,mongodb-sharded-shardsvr,Running,True
1789064517,mongodb-sharded-shardsvr,Running,True
1789064517,mongodb-sharded-shardsvr,Running,True
1789064517,mongodb-sharded-shardsvr,Running,True
1789064517,mongodb-sharded-shardsvr,Running,True
1789064517,nginx-thrift,Running,True
1789064517,nginx-thrift,Running,True
1789064517,nginx-thrift,Running,True
1789064517,nginx-thrift,Running,True
1789064517,nginx-thrift,Running,True
1789064517,nginx-thrift,Running,True
1789064517,post-storage-service,Running,True
1789064517,post-storage-service,Running,True
1789064517,social-graph-redis,Running,True
1789064517,social-graph-service,Running,True
1789064517,social-network-mcrouter,Running,True
1789064517,social-network-mcrouter,Running,True
1789064517,social-network-mcrouter,Running,True
1789064517,memcached,Running,True
1789064517,memcached,Running,True
1789064517,memcached,Running,True
1789064517,memcached,Running,True
1789064517,memcached,Running,True
1789064517,memcached,Running,True
1789064517,text-service,Running,True
1789064517,unique-id-service,Running,True
1789064517,url-shorten-service,Running,True
1789064517,user-mention-service,Running,True
1789064517,user-service,Running,True
1789064517,user-timeline-redis,Running,True
1789064517,user-timeline-service,Running,True
1789064518,compose-post-service,Running,True
1789064518,home-timeline-redis,Running,True
1789064518,home-timeline-service,Running,True
1789064518,jaeger,Running,True
1789064518,media-frontend,Running,True
1789064518,media-service,Running,True
1789064518,mongodb-sharded-configsvr,Running,True
1789064518,mongodb-sharded-mongos,Running,True
1789064518,mongodb-sharded-mongos,Running,True
1789064518,mongodb-sharded-mongos,Running,True
1789064518,mongodb-sharded-shardsvr,Running,True
1789064518,mongodb-sharded-shardsvr,Running,True
1789064518,mongodb-sharded-shardsvr,Running,True
1789064518,mongodb-sharded-shardsvr,Running,True
1789064518,mongodb-sharded-shardsvr,Running,True
1789064518,mongodb-sharded-shardsvr,Running,True
1789064518,nginx-thrift,Running,True
1789064518,nginx-thrift,Running,True
1789064518,nginx-thrift,Running,True
1789064518,nginx-thrift,Running,True
1789064518,nginx-thrift,Running,True
1789064518,nginx-thrift,Running,True
1789064518,post-storage-service,Running,True
1789064518,post-storage-service,Running,True
1789064518,social-graph-redis,Running,True
1789064518,social-graph-service,Running,True
1789064518,social-network-mcrouter,Running,True
1789064518,social-network-mcrouter,Running,True
1789064518,social-network-mcrouter,Running,True
1789064518,memcached,Running,True
1789064518,memcached,Running,True
1789064518,memcached,Running,True
1789064518,memcached,Running,True
1789064518,memcached,Running,True
1789064518,memcached,Running,True
1789064518,text-service,Running,True
1789064518,unique-id-service,Running,True
1789064518,url-shorten-service,Running,True
1789064518,user-mention-service,Running,True
1789064518,user-service,Running,True
1789064518,user-timeline-redis,Running,True
1789064518,user-timeline-service,Running,True
1789064519,compose-post-service,Running,True
1789064519,home-timeline-redis,Running,True
1789064519,home-timeline-service,Running,True
1789064519,jaeger,Running,True
1789064519,media-frontend,Running,True
1789064519,media-service,Running,True
1789064519,mongodb-sharded-configsvr,Running,True
1789064519,mongodb-sharded-mongos,Running,True
1789064519,mongodb-sharded-mongos,Running,True
1789064519,mongodb-sharded-mongos,Running,True
1789064519,mongodb-sharded-shardsvr,Running,True
1789064519,mongodb-sharded-shardsvr,Running,True
1789064519,mongodb-sharded-shardsvr,Running,True
1789064519,mongodb-sharded-shardsvr,Running,True
1789064519,mongodb-sharded-shardsvr,Running,True
1789064519,mongodb-sharded-shardsvr,Running,True
1789064519,nginx-thrift,Running,True
1789064519,nginx-thrift,Running,True
1789064519,nginx-thrift,Running,True
1789064519,nginx-thrift,Running,True
1789064519,nginx-thrift,Running,True
1789064519,nginx-thrift,Running,True
1789064519,post-storage-service,Running,True
1789064519,post-storage-service,Running,True
1789064519,social-graph-redis,Running,True
1789064519,social-graph-service,Running,True
1789064519,social-network-mcrouter,Running,True
1789064519,social-network-mcrouter,Running,True
1789064519,social-network-mcrouter,Running,True
1789064519,memcached,Running,True
1789064519,memcached,Running,True
1789064519,memcached,Running,True
1789064519,memcached,Running,True
1789064519,memcached,Running,True
1789064519,memcached,Running,True
1789064519,text-service,Running,True
1789064519,unique-id-service,Running,True
1789064519,url-shorten-service,Running,True
1789064519,user-mention-service,Running,True
1789064519,user-service,Running,True
1789064519,user-timeline-redis,Running,True
1789064519,user-timeline-service,Running,True
1789064520,compose-post-service,Running,True
1789064520,home-timeline-redis,Running,True
1789064520,home-timeline-service,Running,True
1789064520,jaeger,Running,True
1789064520,media-frontend,Running,True
1789064520,media-service,Running,True
1789064520,mongodb-sharded-configsvr,Running,True
1789064520,mongodb-sharded-mongos,Running,True
1789064520,mongodb-sharded-mongos,Running,True
1789064520,mongodb-sharded-mongos,Running,True
1789064520,mongodb-sharded-shardsvr,Running,True
1789064520,mongodb-sharded-shardsvr,Running,True
1789064520,mongodb-sharded-shardsvr,Running,True
1789064520,mongodb-sharded-shardsvr,Running,True
1789064520,mongodb-sharded-shardsvr,Running,True
1789064520,mongodb-sharded-shardsvr,Running,True
1789064520,nginx-thrift,Running,True
1789064520,nginx-thrift,Running,True
1789064520,nginx-thrift,Running,True
1789064520,nginx-thrift,Running,True
1789064520,nginx-thrift,Running,True
1789064520,nginx-thrift,Running,True
1789064520,post-storage-service,Running,True
1789064520,post-storage-service,Running,True
1789064520,social-graph-redis,Running,True
1789064520,social-graph-service,Running,True
1789064520,social-network-mcrouter,Running,True
1789064520,social-network-mcrouter,Running,True
1789064520,social-network-mcrouter,Running,True
1789064520,memcached,Running,True
1789064520,memcached,Running,True
1789064520,memcached,Running,True
1789064520,memcached,Running,True
1789064520,memcached,Running,True
1789064520,memcached,Running,True
1789064520,text-service,Running,True
1789064520,unique-id-service,Running,True
1789064520,url-shorten-service,Running,True
1789064520,user-mention-service,Running,True
1789064520,user-service,Running,True
1789064520,user-timeline-redis,Running,True
1789064520,user-timeline-service,Running,True
1789064521,compose-post-service,Running,True
1789064521,home-timeline-redis,Running,True
1789064521,home-timeline-service,Running,True
1789064521,jaeger,Running,True
1789064521,media-frontend,Running,True
1789064521,media-service,Running,True
1789064521,mongodb-sharded-configsvr,Running,True
1789064521,mongodb-sharded-mongos,Running,True
1789064521,mongodb-sharded-mongos,Running,True
1789064521,mongodb-sharded-mongos,Running,True
1789064521,mongodb-sharded-shardsvr,Running,True
1789064521,mongodb-sharded-shardsvr,Running,True
1789064521,mongodb-sharded-shardsvr,Running,True
1789064521,mongodb-sharded-shardsvr,Running,True
1789064521,mongodb-sharded-shardsvr,Running,True
1789064521,mongodb-sharded-shardsvr,Running,True
1789064521,nginx-thrift,Running,True
1789064521,nginx-thrift,Running,True
1789064521,nginx-thrift,Running,True
1789064521,nginx-thrift,Running,True
1789064521,nginx-thrift,Running,True
1789064521,nginx-thrift,Running,True
1789064521,post-storage-service,Running,True
1789064521,post-storage-service,Running,True
1789064521,social-graph-redis,Running,True
1789064521,social-graph-service,Running,True
1789064521,social-network-mcrouter,Running,True
1789064521,social-network-mcrouter,Running,True
1789064521,social-network-mcrouter,Running,True
1789064521,memcached,Running,True
1789064521,memcached,Running,True
1789064521,memcached,Running,True
1789064521,memcached,Running,True
1789064521,memcached,Running,True
1789064521,memcached,Running,True
1789064521,text-service,Running,True
1789064521,unique-id-service,Running,True
1789064521,url-shorten-service,Running,True
1789064521,user-mention-service,Running,True
1789064521,user-service,Running,True
1789064521,user-timeline-redis,Running,True
1789064521,user-timeline-service,Running,True
1789064522,compose-post-service,Running,True
1789064522,home-timeline-redis,Running,True
1789064522,home-timeline-service,Running,True
1789064522,jaeger,Running,True
1789064522,media-frontend,Running,True
1789064522,media-service,Running,True
1789064522,mongodb-sharded-configsvr,Running,True
1789064522,mongodb-sharded-mongos,Running,True
1789064522,mongodb-sharded-mongos,Running,True
1789064522,mongodb-sharded-mongos,Running,True
1789064522,mongodb-sharded-shardsvr,Running,True
1789064522,mongodb-sharded-shardsvr,Running,True
1789064522,mongodb-sharded-shardsvr,Running,True
1789064522,mongodb-sharded-shardsvr,Running,True
1789064522,mongodb-sharded-shardsvr,Running,True
1789064522,mongodb-sharded-shardsvr,Running,True
1789064522,nginx-thrift,Running,True
1789064522,nginx-thrift,Running,True
1789064522,nginx-thrift,Running,True
1789064522,nginx-thrift,Running,True
1789064522,nginx-thrift,Running,True
1789064522,nginx-thrift,Running,True
1789064522,post-storage-service,Running,True
1789064522,post-storage-service,Running,True
1789064522,social-graph-redis,Running,True
1789064522,social-graph-service,Running,True
1789064522,social-network-mcrouter,Running,True
1789064522,social-network-mcrouter,Running,True
1789064522,social-network-mcrouter,Running,True
1789064522,memcached,Running,True
1789064522,memcached,Running,True
1789064522,memcached,Running,True
1789064522,memcached,Running,True
1789064522,memcached,Running,True
1789064522,memcached,Running,True
1789064522,text-service,Running,True
1789064522,unique-id-service,Running,True
1789064522,url-shorten-service,Running,True
1789064522,user-mention-service,Running,True
1789064522,user-service,Running,True
1789064522,user-timeline-redis,Running,True
1789064522,user-timeline-service,Running,True
1789064523,compose-post-service,Running,True
1789064523,home-timeline-redis,Running,True
1789064523,home-timeline-service,Running,True
1789064523,jaeger,Running,True
1789064523,media-frontend,Running,True
1789064523,media-service,Running,True
1789064523,mongodb-sharded-configsvr,Running,True
1789064523,mongodb-sharded-mongos,Running,True
1789064523,mongodb-sharded-mongos,Running,True
1789064523,mongodb-sharded-mongos,Running,True
1789064523,mongodb-sharded-shardsvr,Running,True
1789064523,mongodb-sharded-shardsvr,Running,True
1789064523,mongodb-sharded-shardsvr,Running,True
1789064523,mongodb-sharded-shardsvr,Running,True
1789064523,mongodb-sharded-shardsvr,Running,True
1789064523,mongodb-sharded-shardsvr,Running,True
1789064523,nginx-thrift,Running,True
1789064523,nginx-thrift,Running,True
1789064523,nginx-thrift,Running,True
1789064523,nginx-thrift,Running,True
1789064523,nginx-thrift,Running,True
1789064523,nginx-thrift,Running,True
1789064523,post-storage-service,Running,True
1789064523,post-storage-service,Running,True
1789064523,social-graph-redis,Running,True
1789064523,social-graph-service,Running,True
1789064523,social-network-mcrouter,Running,True
1789064523,social-network-mcrouter,Running,True
1789064523,social-network-mcrouter,Running,True
1789064523,memcached,Running,True
1789064523,memcached,Running,True
1789064523,memcached,Running,True
1789064523,memcached,Running,True
1789064523,memcached,Running,True
1789064523,memcached,Running,True
1789064523,text-service,Running,True
1789064523,unique-id-service,Running,True
1789064523,url-shorten-service,Running,True
1789064523,user-mention-service,Running,True
1789064523,user-service,Running,True
1789064523,user-timeline-redis,Running,True
1789064523,user-timeline-service,Running,True
1789064524,compose-post-service,Running,True
1789064524,home-timeline-redis,Running,True
1789064524,home-timeline-service,Running,True
1789064524,jaeger,Running,True
1789064524,media-frontend,Running,True
1789064524,media-service,Running,True
1789064524,mongodb-sharded-configsvr,Running,True
1789064524,mongodb-sharded-mongos,Running,True
1789064524,mongodb-sharded-mongos,Running,True
1789064524,mongodb-sharded-mongos,Running,True
1789064524,mongodb-sharded-shardsvr,Running,True
1789064524,mongodb-sharded-shardsvr,Running,True
1789064524,mongodb-sharded-shardsvr,Running,True
1789064524,mongodb-sharded-shardsvr,Running,True
1789064524,mongodb-sharded-shardsvr,Running,True
1789064524,mongodb-sharded-shardsvr,Running,True
1789064524,nginx-thrift,Running,True
1789064524,nginx-thrift,Running,True
1789064524,nginx-thrift,Running,True
1789064524,nginx-thrift,Running,True
1789064524,nginx-thrift,Running,True
1789064524,nginx-thrift,Running,True
1789064524,post-storage-service,Running,True
1789064524,post-storage-service,Running,True
1789064524,social-graph-redis,Running,True
1789064524,social-graph-service,Running,True
1789064524,social-network-mcrouter,Running,True
1789064524,social-network-mcrouter,Running,True
1789064524,social-network-mcrouter,Running,True
1789064524,memcached,Running,True
1789064524,memcached,Running,True
1789064524,memcached,Running,True
1789064524,memcached,Running,True
1789064524,memcached,Running,True
1789064524,memcached,Running,True
1789064524,text-service,Running,True
1789064524,unique-id-service,Running,True
1789064524,url-shorten-service,Running,True
1789064524,user-mention-service,Running,True
1789064524,user-service,Running,True
1789064524,user-timeline-redis,Running,True
1789064524,user-timeline-service,Running,True
1789064525,compose-post-service,Running,True
1789064525,home-timeline-redis,Running,True
1789064525,home-timeline-service,Running,True
1789064525,jaeger,Running,True
1789064525,media-frontend,Running,True
1789064525,media-service,Running,True
1789064525,mongodb-sharded-configsvr,Running,True
1789064525,mongodb-sharded-mongos,Running,True
1789064525,mongodb-sharded-mongos,Running,True
1789064525,mongodb-sharded-mongos,Running,True
1789064525,mongodb-sharded-shardsvr,Running,True
1789064525,mongodb-sharded-shardsvr,Running,True
1789064525,mongodb-sharded-shardsvr,Running,True
1789064525,mongodb-sharded-shardsvr,Running,True
1789064525,mongodb-sharded-shardsvr,Running,True
1789064525,mongodb-sharded-shardsvr,Running,True
1789064525,nginx-thrift,Running,True
1789064525,nginx-thrift,Running,True
1789064525,nginx-thrift,Running,True
1789064525,nginx-thrift,Running,True
1789064525,nginx-thrift,Running,True
1789064525,nginx-thrift,Running,True
1789064525,post-storage-service,Running,True
1789064525,post-storage-service,Running,True
1789064525,social-graph-redis,Running,True
1789064525,social-graph-service,Running,True
1789064525,social-network-mcrouter,Running,True
1789064525,social-network-mcrouter,Running,True
1789064525,social-network-mcrouter,Running,True
1789064525,memcached,Running,True
1789064525,memcached,Running,True
1789064525,memcached,Running,True
1789064525,memcached,Running,True
1789064525,memcached,Running,True
1789064525,memcached,Running,True
1789064525,text-service,Running,True
1789064525,unique-id-service,Running,True
1789064525,url-shorten-service,Running,True
1789064525,user-mention-service,Running,True
1789064525,user-service,Running,True
1789064525,user-timeline-redis,Running,True
1789064525,user-timeline-service,Running,True
1789064526,compose-post-service,Running,True
1789064526,home-timeline-redis,Running,True
1789064526,home-timeline-service,Running,True
1789064526,jaeger,Running,True
1789064526,media-frontend,Running,True
1789064526,media-service,Running,True
1789064526,mongodb-sharded-configsvr,Running,True
1789064526,mongodb-sharded-mongos,Running,True
1789064526,mongodb-sharded-mongos,Running,True
1789064526,mongodb-sharded-mongos,Running,True
1789064526,mongodb-sharded-shardsvr,Running,True
1789064526,mongodb-sharded-shardsvr,Running,True
1789064526,mongodb-sharded-shardsvr,Running,True
1789064526,mongodb-sharded-shardsvr,Running,True
1789064526,mongodb-sharded-shardsvr,Running,True
1789064526,mongodb-sharded-shardsvr,Running,True
1789064526,nginx-thrift,Running,True
1789064526,nginx-thrift,Running,True
1789064526,nginx-thrift,Running,True
1789064526,nginx-thrift,Running,True
1789064526,nginx-thrift,Running,True
1789064526,nginx-thrift,Running,True
1789064526,post-storage-service,Running,True
1789064526,post-storage-service,Running,True
1789064526,social-graph-redis,Running,True
1789064526,social-graph-service,Running,True
1789064526,social-network-mcrouter,Running,True
1789064526,social-network-mcrouter,Running,True
1789064526,social-network-mcrouter,Running,True
1789064526,memcached,Running,True
1789064526,memcached,Running,True
1789064526,memcached,Running,True
1789064526,memcached,Running,True
1789064526,memcached,Running,True
1789064526,memcached,Running,True
1789064526,text-service,Running,True
1789064526,unique-id-service,Running,True
1789064526,url-shorten-service,Running,True
1789064526,user-mention-service,Running,True
1789064526,user-service,Running,True
1789064526,user-timeline-redis,Running,True
1789064526,user-timeline-service,Running,True
1789064527,compose-post-service,Running,True
1789064527,home-timeline-redis,Running,True
1789064527,home-timeline-service,Running,True
1789064527,jaeger,Running,True
1789064527,media-frontend,Running,True
1789064527,media-service,Running,True
1789064527,mongodb-sharded-configsvr,Running,True
1789064527,mongodb-sharded-mongos,Running,True
1789064527,mongodb-sharded-mongos,Running,True
1789064527,mongodb-sharded-mongos,Running,True
1789064527,mongodb-sharded-shardsvr,Running,True
1789064527,mongodb-sharded-shardsvr,Running,True
1789064527,mongodb-sharded-shardsvr,Running,True
1789064527,mongodb-sharded-shardsvr,Running,True
1789064527,mongodb-sharded-shardsvr,Running,True
1789064527,mongodb-sharded-shardsvr,Running,True
1789064527,nginx-thrift,Running,True
1789064527,nginx-thrift,Running,True
1789064527,nginx-thrift,Running,True
1789064527,nginx-thrift,Running,True
1789064527,nginx-thrift,Running,True
1789064527,nginx-thrift,Running,True
1789064527,post-storage-service,Running,True
1789064527,post-storage-service,Running,True
1789064527,social-graph-redis,Running,True
1789064527,social-graph-service,Running,True
1789064527,social-network-mcrouter,Running,True
1789064527,social-network-mcrouter,Running,True
1789064527,social-network-mcrouter,Running,True
1789064527,memcached,Running,True
1789064527,memcached,Running,True
1789064527,memcached,Running,True
1789064527,memcached,Running,True
1789064527,memcached,Running,True
1789064527,memcached,Running,True
1789064527,text-service,Running,True
1789064527,unique-id-service,Running,True
1789064527,url-shorten-service,Running,True
1789064527,user-mention-service,Running,True
1789064527,user-service,Running,True
1789064527,user-timeline-redis,Running,True
1789064527,user-timeline-service,Running,True
1789064528,compose-post-service,Running,True
1789064528,home-timeline-redis,Running,True
1789064528,home-timeline-service,Running,True
1789064528,jaeger,Running,True
1789064528,media-frontend,Running,True
1789064528,media-service,Running,True
1789064528,mongodb-sharded-configsvr,Running,True
1789064528,mongodb-sharded-mongos,Running,True
1789064528,mongodb-sharded-mongos,Running,True
1789064528,mongodb-sharded-mongos,Running,True
1789064528,mongodb-sharded-shardsvr,Running,True
1789064528,mongodb-sharded-shardsvr,Running,True
1789064528,mongodb-sharded-shardsvr,Running,True
1789064528,mongodb-sharded-shardsvr,Running,True
1789064528,mongodb-sharded-shardsvr,Running,True
1789064528,mongodb-sharded-shardsvr,Running,True
1789064528,nginx-thrift,Running,True
1789064528,nginx-thrift,Running,True
1789064528,nginx-thrift,Running,True
1789064528,nginx-thrift,Running,True
1789064528,nginx-thrift,Running,True
1789064528,nginx-thrift,Running,True
1789064528,post-storage-service,Running,True
1789064528,post-storage-service,Running,True
1789064528,social-graph-redis,Running,True
1789064528,social-graph-service,Running,True
1789064528,social-network-mcrouter,Running,True
1789064528,social-network-mcrouter,Running,True
1789064528,social-network-mcrouter,Running,True
1789064528,memcached,Running,True
1789064528,memcached,Running,True
1789064528,memcached,Running,True
1789064528,memcached,Running,True
1789064528,memcached,Running,True
1789064528,memcached,Running,True
1789064528,text-service,Running,True
1789064528,unique-id-service,Running,True
1789064528,url-shorten-service,Running,True
1789064528,user-mention-service,Running,True
1789064528,user-service,Running,True
1789064528,user-timeline-redis,Running,True
1789064528,user-timeline-service,Running,True
1789064529,compose-post-service,Running,True
1789064529,home-timeline-redis,Running,True
1789064529,home-timeline-service,Running,True
1789064529,jaeger,Running,True
1789064529,media-frontend,Running,True
1789064529,media-service,Running,True
1789064529,mongodb-sharded-configsvr,Running,True
1789064529,mongodb-sharded-mongos,Running,True
1789064529,mongodb-sharded-mongos,Running,True
1789064529,mongodb-sharded-mongos,Running,True
1789064529,mongodb-sharded-shardsvr,Running,True
1789064529,mongodb-sharded-shardsvr,Running,True
1789064529,mongodb-sharded-shardsvr,Running,True
1789064529,mongodb-sharded-shardsvr,Running,True
1789064529,mongodb-sharded-shardsvr,Running,True
1789064529,mongodb-sharded-shardsvr,Running,True
1789064529,nginx-thrift,Running,True
1789064529,nginx-thrift,Running,True
1789064529,nginx-thrift,Running,True
1789064529,nginx-thrift,Running,True
1789064529,nginx-thrift,Running,True
1789064529,nginx-thrift,Running,True
1789064529,post-storage-service,Running,True
1789064529,post-storage-service,Running,True
1789064529,social-graph-redis,Running,True
1789064529,social-graph-service,Running,True
1789064529,social-network-mcrouter,Running,True
1789064529,social-network-mcrouter,Running,True
1789064529,social-network-mcrouter,Running,True
1789064529,memcached,Running,True
1789064529,memcached,Running,True
1789064529,memcached,Running,True
1789064529,memcached,Running,True
1789064529,memcached,Running,True
1789064529,memcached,Running,True
1789064529,text-service,Running,True
1789064529,unique-id-service,Running,True
1789064529,url-shorten-service,Running,True
1789064529,user-mention-service,Running,True
1789064529,user-service,Running,True
1789064529,user-timeline-redis,Running,True
1789064529,user-timeline-service,Running,True
1789064530,compose-post-service,Running,True
1789064530,home-timeline-redis,Running,True
1789064530,home-timeline-service,Running,True
1789064530,jaeger,Running,True
1789064530,media-frontend,Running,True
1789064530,media-service,Running,True
1789064530,mongodb-sharded-configsvr,Running,True
1789064530,mongodb-sharded-mongos,Running,True
1789064530,mongodb-sharded-mongos,Running,True
1789064530,mongodb-sharded-mongos,Running,True
1789064530,mongodb-sharded-shardsvr,Running,True
1789064530,mongodb-sharded-shardsvr,Running,True
1789064530,mongodb-sharded-shardsvr,Running,True
1789064530,mongodb-sharded-shardsvr,Running,True
1789064530,mongodb-sharded-shardsvr,Running,True
1789064530,mongodb-sharded-shardsvr,Running,True
1789064530,nginx-thrift,Running,True
1789064530,nginx-thrift,Running,True
1789064530,nginx-thrift,Running,True
1789064530,nginx-thrift,Running,True
1789064530,nginx-thrift,Running,True
1789064530,nginx-thrift,Running,True
1789064530,post-storage-service,Running,True
1789064530,post-storage-service,Running,True
1789064530,social-graph-redis,Running,True
1789064530,social-graph-service,Running,True
1789064530,social-network-mcrouter,Running,True
1789064530,social-network-mcrouter,Running,True
1789064530,social-network-mcrouter,Running,True
1789064530,memcached,Running,True
1789064530,memcached,Running,True
1789064530,memcached,Running,True
1789064530,memcached,Running,True
1789064530,memcached,Running,True
1789064530,memcached,Running,True
1789064530,text-service,Running,True
1789064530,unique-id-service,Running,True
1789064530,url-shorten-service,Running,True
1789064530,user-mention-service,Running,True
1789064530,user-service,Running,True
1789064530,user-timeline-redis,Running,True
1789064530,user-timeline-service,Running,True
1789064531,compose-post-service,Running,True
1789064531,home-timeline-redis,Running,True
1789064531,home-timeline-service,Running,True
1789064531,jaeger,Running,True
1789064531,media-frontend,Running,True
1789064531,media-service,Running,True
1789064531,mongodb-sharded-configsvr,Running,True
1789064531,mongodb-sharded-mongos,Running,True
1789064531,mongodb-sharded-mongos,Running,True
1789064531,mongodb-sharded-mongos,Running,True
1789064531,mongodb-sharded-shardsvr,Running,True
1789064531,mongodb-sharded-shardsvr,Running,True
1789064531,mongodb-sharded-shardsvr,Running,True
1789064531,mongodb-sharded-shardsvr,Running,True
1789064531,mongodb-sharded-shardsvr,Running,True
1789064531,mongodb-sharded-shardsvr,Running,True
1789064531,nginx-thrift,Running,True
1789064531,nginx-thrift,Running,True
1789064531,nginx-thrift,Running,True
1789064531,nginx-thrift,Running,True
1789064531,nginx-thrift,Running,True
1789064531,nginx-thrift,Running,True
1789064531,post-storage-service,Running,True
1789064531,post-storage-service,Running,True
1789064531,social-graph-redis,Running,True
1789064531,social-graph-service,Running,True
1789064531,social-network-mcrouter,Running,True
1789064531,social-network-mcrouter,Running,True
1789064531,social-network-mcrouter,Running,True
1789064531,memcached,Running,True
1789064531,memcached,Running,True
1789064531,memcached,Running,True
1789064531,memcached,Running,True
1789064531,memcached,Running,True
1789064531,memcached,Running,True
1789064531,text-service,Running,True
1789064531,unique-id-service,Running,True
1789064531,url-shorten-service,Running,True
1789064531,user-mention-service,Running,True
1789064531,user-service,Running,True
1789064531,user-timeline-redis,Running,True
1789064531,user-timeline-service,Running,True
1789064532,compose-post-service,Running,True
1789064532,home-timeline-redis,Running,True
1789064532,home-timeline-service,Running,True
1789064532,jaeger,Running,True
1789064532,media-frontend,Running,True
1789064532,media-service,Running,True
1789064532,mongodb-sharded-configsvr,Running,True
1789064532,mongodb-sharded-mongos,Running,True
1789064532,mongodb-sharded-mongos,Running,True
1789064532,mongodb-sharded-mongos,Running,True
1789064532,mongodb-sharded-shardsvr,Running,True
1789064532,mongodb-sharded-shardsvr,Running,True
1789064532,mongodb-sharded-shardsvr,Running,True
1789064532,mongodb-sharded-shardsvr,Running,True
1789064532,mongodb-sharded-shardsvr,Running,True
1789064532,mongodb-sharded-shardsvr,Running,True
1789064532,nginx-thrift,Running,True
1789064532,nginx-thrift,Running,True
1789064532,nginx-thrift,Running,True
1789064532,nginx-thrift,Running,True
1789064532,nginx-thrift,Running,True
1789064532,nginx-thrift,Running,True
1789064532,post-storage-service,Running,True
1789064532,post-storage-service,Running,True
1789064532,social-graph-redis,Running,True
1789064532,social-graph-service,Running,True
1789064532,social-network-mcrouter,Running,True
1789064532,social-network-mcrouter,Running,True
1789064532,social-network-mcrouter,Running,True
1789064532,memcached,Running,True
1789064532,memcached,Running,True
1789064532,memcached,Running,True
1789064532,memcached,Running,True
1789064532,memcached,Running,True
1789064532,memcached,Running,True
1789064532,text-service,Running,True
1789064532,unique-id-service,Running,True
1789064532,url-shorten-service,Running,True
1789064532,user-mention-service,Running,True
1789064532,user-service,Running,True
1789064532,user-timeline-redis,Running,True
1789064532,user-timeline-service,Running,True
1789064533,compose-post-service,Running,True
1789064533,home-timeline-redis,Running,True
1789064533,home-timeline-service,Running,True
1789064533,jaeger,Running,True
1789064533,media-frontend,Running,True
1789064533,media-service,Running,True
1789064533,mongodb-sharded-configsvr,Running,True
1789064533,mongodb-sharded-mongos,Running,True
1789064533,mongodb-sharded-mongos,Running,True
1789064533,mongodb-sharded-mongos,Running,True
1789064533,mongodb-sharded-shardsvr,Running,True
1789064533,mongodb-sharded-shardsvr,Running,True
1789064533,mongodb-sharded-shardsvr,Running,True
1789064533,mongodb-sharded-shardsvr,Running,True
1789064533,mongodb-sharded-shardsvr,Running,True
1789064533,mongodb-sharded-shardsvr,Running,True
1789064533,nginx-thrift,Running,True
1789064533,nginx-thrift,Running,True
1789064533,nginx-thrift,Running,True
1789064533,nginx-thrift,Running,True
1789064533,nginx-thrift,Running,True
1789064533,nginx-thrift,Running,True
1789064533,post-storage-service,Running,True
1789064533,post-storage-service,Running,True
1789064533,social-graph-redis,Running,True
1789064533,social-graph-service,Running,True
1789064533,social-network-mcrouter,Running,True
1789064533,social-network-mcrouter,Running,True
1789064533,social-network-mcrouter,Running,True
1789064533,memcached,Running,True
1789064533,memcached,Running,True
1789064533,memcached,Running,True
1789064533,memcached,Running,True
1789064533,memcached,Running,True
1789064533,memcached,Running,True
1789064533,text-service,Running,True
1789064533,unique-id-service,Running,True
1789064533,url-shorten-service,Running,True
1789064533,user-mention-service,Running,True
1789064533,user-service,Running,True
1789064533,user-timeline-redis,Running,True
1789064533,user-timeline-service,Running,True
1789064534,compose-post-service,Running,True
1789064534,home-timeline-redis,Running,True
1789064534,home-timeline-service,Running,True
1789064534,jaeger,Running,True
1789064534,media-frontend,Running,True
1789064534,media-service,Running,True
1789064534,mongodb-sharded-configsvr,Running,True
1789064534,mongodb-sharded-mongos,Running,True
1789064534,mongodb-sharded-mongos,Running,True
1789064534,mongodb-sharded-mongos,Running,True
1789064534,mongodb-sharded-shardsvr,Running,True
1789064534,mongodb-sharded-shardsvr,Running,True
1789064534,mongodb-sharded-shardsvr,Running,True
1789064534,mongodb-sharded-shardsvr,Running,True
1789064534,mongodb-sharded-shardsvr,Running,True
1789064534,mongodb-sharded-shardsvr,Running,True
1789064534,nginx-thrift,Running,True
1789064534,nginx-thrift,Running,True
1789064534,nginx-thrift,Running,True
1789064534,nginx-thrift,Running,True
1789064534,nginx-thrift,Running,True
1789064534,nginx-thrift,Running,True
1789064534,post-storage-service,Running,True
1789064534,post-storage-service,Running,True
1789064534,social-graph-redis,Running,True
1789064534,social-graph-service,Running,True
1789064534,social-network-mcrouter,Running,True
1789064534,social-network-mcrouter,Running,True
1789064534,social-network-mcrouter,Running,True
1789064534,memcached,Running,True
1789064534,memcached,Running,True
1789064534,memcached,Running,True
1789064534,memcached,Running,True
1789064534,memcached,Running,True
1789064534,memcached,Running,True
1789064534,text-service,Running,True
1789064534,unique-id-service,Running,True
1789064534,url-shorten-service,Running,True
1789064534,user-mention-service,Running,True
1789064534,user-service,Running,True
1789064534,user-timeline-redis,Running,True
1789064534,user-timeline-service,Running,True
1789064535,compose-post-service,Running,True
1789064535,home-timeline-redis,Running,True
1789064535,home-timeline-service,Running,True
1789064535,jaeger,Running,True
1789064535,media-frontend,Running,True
1789064535,media-service,Running,True
1789064535,mongodb-sharded-configsvr,Running,True
1789064535,mongodb-sharded-mongos,Running,True
1789064535,mongodb-sharded-mongos,Running,True
1789064535,mongodb-sharded-mongos,Running,True
1789064535,mongodb-sharded-shardsvr,Running,True
1789064535,mongodb-sharded-shardsvr,Running,True
1789064535,mongodb-sharded-shardsvr,Running,True
1789064535,mongodb-sharded-shardsvr,Running,True
1789064535,mongodb-sharded-shardsvr,Running,True
1789064535,mongodb-sharded-shardsvr,Running,True
1789064535,nginx-thrift,Running,True
1789064535,nginx-thrift,Running,True
1789064535,nginx-thrift,Running,True
1789064535,nginx-thrift,Running,True
1789064535,nginx-thrift,Running,True
1789064535,nginx-thrift,Running,True
1789064535,post-storage-service,Running,True
1789064535,post-storage-service,Running,True
1789064535,social-graph-redis,Running,True
1789064535,social-graph-service,Running,True
1789064535,social-network-mcrouter,Running,True
1789064535,social-network-mcrouter,Running,True
1789064535,social-network-mcrouter,Running,True
1789064535,memcached,Running,True
1789064535,memcached,Running,True
1789064535,memcached,Running,True
1789064535,memcached,Running,True
1789064535,memcached,Running,True
1789064535,memcached,Running,True
1789064535,text-service,Running,True
1789064535,unique-id-service,Running,True
1789064535,url-shorten-service,Running,True
1789064535,user-mention-service,Running,True
1789064535,user-service,Running,True
1789064535,user-timeline-redis,Running,True
1789064535,user-timeline-service,Running,True
1789064536,compose-post-service,Running,True
1789064536,home-timeline-redis,Running,True
1789064536,home-timeline-service,Running,True
1789064536,jaeger,Running,True
1789064536,media-frontend,Running,True
1789064536,media-service,Running,True
1789064536,mongodb-sharded-configsvr,Running,True
1789064536,mongodb-sharded-mongos,Running,True
1789064536,mongodb-sharded-mongos,Running,True
1789064536,mongodb-sharded-mongos,Running,True
1789064536,mongodb-sharded-shardsvr,Running,True
1789064536,mongodb-sharded-shardsvr,Running,True
1789064536,mongodb-sharded-shardsvr,Running,True
1789064536,mongodb-sharded-shardsvr,Running,True
1789064536,mongodb-sharded-shardsvr,Running,True
1789064536,mongodb-sharded-shardsvr,Running,True
1789064536,nginx-thrift,Running,True
1789064536,nginx-thrift,Running,True
1789064536,nginx-thrift,Running,True
1789064536,nginx-thrift,Running,True
1789064536,nginx-thrift,Running,True
1789064536,nginx-thrift,Running,True
1789064536,post-storage-service,Running,True
1789064536,post-storage-service,Running,True
1789064536,social-graph-redis,Running,True
1789064536,social-graph-service,Running,True
1789064536,social-network-mcrouter,Running,True
1789064536,social-network-mcrouter,Running,True
1789064536,social-network-mcrouter,Running,True
1789064536,memcached,Running,True
1789064536,memcached,Running,True
1789064536,memcached,Running,True
1789064536,memcached,Running,True
1789064536,memcached,Running,True
1789064536,memcached,Running,True
1789064536,text-service,Running,True
1789064536,unique-id-service,Running,True
1789064536,url-shorten-service,Running,True
1789064536,user-mention-service,Running,True
1789064536,user-service,Running,True
1789064536,user-timeline-redis,Running,True
1789064536,user-timeline-service,Running,True
1789064537,compose-post-service,Running,True
1789064537,home-timeline-redis,Running,True
1789064537,home-timeline-service,Running,True
1789064537,jaeger,Running,True
1789064537,media-frontend,Running,True
1789064537,media-service,Running,True
1789064537,mongodb-sharded-configsvr,Running,True
1789064537,mongodb-sharded-mongos,Running,True
1789064537,mongodb-sharded-mongos,Running,True
1789064537,mongodb-sharded-mongos,Running,True
1789064537,mongodb-sharded-shardsvr,Running,True
1789064537,mongodb-sharded-shardsvr,Running,True
1789064537,mongodb-sharded-shardsvr,Running,True
1789064537,mongodb-sharded-shardsvr,Running,True
1789064537,mongodb-sharded-shardsvr,Running,True
1789064537,mongodb-sharded-shardsvr,Running,True
1789064537,nginx-thrift,Running,True
1789064537,nginx-thrift,Running,True
1789064537,nginx-thrift,Running,True
1789064537,nginx-thrift,Running,True
1789064537,nginx-thrift,Running,True
1789064537,nginx-thrift,Running,True
1789064537,post-storage-service,Running,True
1789064537,post-storage-service,Running,True
1789064537,social-graph-redis,Running,True
1789064537,social-graph-service,Running,True
1789064537,social-network-mcrouter,Running,True
1789064537,social-network-mcrouter,Running,True
1789064537,social-network-mcrouter,Running,True
1789064537,memcached,Running,True
1789064537,memcached,Running,True
1789064537,memcached,Running,True
1789064537,memcached,Running,True
1789064537,memcached,Running,True
1789064537,memcached,Running,True
1789064537,text-service,Running,True
1789064537,unique-id-service,Running,True
1789064537,url-shorten-service,Running,True
1789064537,user-mention-service,Running,True
1789064537,user-service,Running,True
1789064537,user-timeline-redis,Running,True
1789064537,user-timeline-service,Running,True
1789064538,compose-post-service,Running,True
1789064538,home-timeline-redis,Running,True
1789064538,home-timeline-service,Running,True
1789064538,jaeger,Running,True
1789064538,media-frontend,Running,True
1789064538,media-service,Running,True
1789064538,mongodb-sharded-configsvr,Running,True
1789064538,mongodb-sharded-mongos,Running,True
1789064538,mongodb-sharded-mongos,Running,True
1789064538,mongodb-sharded-mongos,Running,True
1789064538,mongodb-sharded-shardsvr,Running,True
1789064538,mongodb-sharded-shardsvr,Running,True
1789064538,mongodb-sharded-shardsvr,Running,True
1789064538,mongodb-sharded-shardsvr,Running,True
1789064538,mongodb-sharded-shardsvr,Running,True
1789064538,mongodb-sharded-shardsvr,Running,True
1789064538,nginx-thrift,Running,True
1789064538,nginx-thrift,Running,True
1789064538,nginx-thrift,Running,True
1789064538,nginx-thrift,Running,True
1789064538,nginx-thrift,Running,True
1789064538,nginx-thrift,Running,True
1789064538,post-storage-service,Running,True
1789064538,post-storage-service,Running,True
1789064538,social-graph-redis,Running,True
1789064538,social-graph-service,Running,True
1789064538,social-network-mcrouter,Running,True
1789064538,social-network-mcrouter,Running,True
1789064538,social-network-mcrouter,Running,True
1789064538,memcached,Running,True
1789064538,memcached,Running,True
1789064538,memcached,Running,True
1789064538,memcached,Running,True
1789064538,memcached,Running,True
1789064538,memcached,Running,True
1789064538,text-service,Running,True
1789064538,unique-id-service,Running,True
1789064538,url-shorten-service,Running,True
1789064538,user-mention-service,Running,True
1789064538,user-service,Running,True
1789064538,user-timeline-redis,Running,True
1789064538,user-timeline-service,Running,True
1789064539,compose-post-service,Running,True
1789064539,home-timeline-redis,Running,True
1789064539,home-timeline-service,Running,True
1789064539,jaeger,Running,True
1789064539,media-frontend,Running,True
1789064539,media-service,Running,True
1789064539,mongodb-sharded-configsvr,Running,True
1789064539,mongodb-sharded-mongos,Running,True
1789064539,mongodb-sharded-mongos,Running,True
1789064539,mongodb-sharded-mongos,Running,True
1789064539,mongodb-sharded-shardsvr,Running,True
1789064539,mongodb-sharded-shardsvr,Running,True
1789064539,mongodb-sharded-shardsvr,Running,True
1789064539,mongodb-sharded-shardsvr,Running,True
1789064539,mongodb-sharded-shardsvr,Running,True
1789064539,mongodb-sharded-shardsvr,Running,True
1789064539,nginx-thrift,Running,True
1789064539,nginx-thrift,Running,True
1789064539,nginx-thrift,Running,True
1789064539,nginx-thrift,Running,True
1789064539,nginx-thrift,Running,True
1789064539,nginx-thrift,Running,True
1789064539,post-storage-service,Running,True
1789064539,post-storage-service,Running,True
1789064539,social-graph-redis,Running,True
1789064539,social-graph-service,Running,True
1789064539,social-network-mcrouter,Running,True
1789064539,social-network-mcrouter,Running,True
1789064539,social-network-mcrouter,Running,True
1789064539,memcached,Running,True
1789064539,memcached,Running,True
1789064539,memcached,Running,True
1789064539,memcached,Running,True
1789064539,memcached,Running,True
1789064539,memcached,Running,True
1789064539,text-service,Running,True
1789064539,unique-id-service,Running,True
1789064539,url-shorten-service,Running,True
1789064539,user-mention-service,Running,True
1789064539,user-service,Running,True
1789064539,user-timeline-redis,Running,True
1789064539,user-timeline-service,Running,True
1789064540,compose-post-service,Running,True
1789064540,home-timeline-redis,Running,True
1789064540,home-timeline-service,Running,True
1789064540,jaeger,Running,True
1789064540,media-frontend,Running,True
1789064540,media-service,Running,True
1789064540,mongodb-sharded-configsvr,Running,True
1789064540,mongodb-sharded-mongos,Running,True
1789064540,mongodb-sharded-mongos,Running,True
1789064540,mongodb-sharded-mongos,Running,True
1789064540,mongodb-sharded-shardsvr,Running,True
1789064540,mongodb-sharded-shardsvr,Running,True
1789064540,mongodb-sharded-shardsvr,Running,True
1789064540,mongodb-sharded-shardsvr,Running,True
1789064540,mongodb-sharded-shardsvr,Running,True
1789064540,mongodb-sharded-shardsvr,Running,True
1789064540,nginx-thrift,Running,True
1789064540,nginx-thrift,Running,True
1789064540,nginx-thrift,Running,True
1789064540,nginx-thrift,Running,True
1789064540,nginx-thrift,Running,True
1789064540,nginx-thrift,Running,True
1789064540,post-storage-service,Running,True
1789064540,post-storage-service,Running,True
1789064540,social-graph-redis,Running,True
1789064540,social-graph-service,Running,True
1789064540,social-network-mcrouter,Running,True
1789064540,social-network-mcrouter,Running,True
1789064540,social-network-mcrouter,Running,True
1789064540,memcached,Running,True
1789064540,memcached,Running,True
1789064540,memcached,Running,True
1789064540,memcached,Running,True
1789064540,memcached,Running,True
1789064540,memcached,Running,True
1789064540,text-service,Running,True
1789064540,unique-id-service,Running,True
1789064540,url-shorten-service,Running,True
1789064540,user-mention-service,Running,True
1789064540,user-service,Running,True
1789064540,user-timeline-redis,Running,True
1789064540,user-timeline-service,Running,True
1789064541,compose-post-service,Running,True
1789064541,home-timeline-redis,Running,True
1789064541,home-timeline-service,Running,True
1789064541,jaeger,Running,True
1789064541,media-frontend,Running,True
1789064541,media-service,Running,True
1789064541,mongodb-sharded-configsvr,Running,True
1789064541,mongodb-sharded-mongos,Running,True
1789064541,mongodb-sharded-mongos,Running,True
1789064541,mongodb-sharded-mongos,Running,True
1789064541,mongodb-sharded-shardsvr,Running,True
1789064541,mongodb-sharded-shardsvr,Running,True
1789064541,mongodb-sharded-shardsvr,Running,True
1789064541,mongodb-sharded-shardsvr,Running,True
1789064541,mongodb-sharded-shardsvr,Running,True
1789064541,mongodb-sharded-shardsvr,Running,True
1789064541,nginx-thrift,Running,True
1789064541,nginx-thrift,Running,True
1789064541,nginx-thrift,Running,True
1789064541,nginx-thrift,Running,True
1789064541,nginx-thrift,Running,True
1789064541,nginx-thrift,Running,True
1789064541,post-storage-service,Running,True
1789064541,post-storage-service,Running,True
1789064541,social-graph-redis,Running,True
1789064541,social-graph-service,Running,True
1789064541,social-network-mcrouter,Running,True
1789064541,social-network-mcrouter,Running,True
1789064541,social-network-mcrouter,Running,True
1789064541,memcached,Running,True
1789064541,memcached,Running,True
1789064541,memcached,Running,True
1789064541,memcached,Running,True
1789064541,memcached,Running,True
1789064541,memcached,Running,True
1789064541,text-service,Running,True
1789064541,unique-id-service,Running,True
1789064541,url-shorten-service,Running,True
1789064541,user-mention-service,Running,True
1789064541,user-service,Running,True
1789064541,user-timeline-redis,Running,True
1789064541,user-timeline-service,Running,True
1789064542,compose-post-service,Running,True
1789064542,home-timeline-redis,Running,True
1789064542,home-timeline-service,Running,True
1789064542,jaeger,Running,True
1789064542,media-frontend,Running,True
1789064542,media-service,Running,True
1789064542,mongodb-sharded-configsvr,Running,True
1789064542,mongodb-sharded-mongos,Running,True
1789064542,mongodb-sharded-mongos,Running,True
1789064542,mongodb-sharded-mongos,Running,True
1789064542,mongodb-sharded-shardsvr,Running,True
1789064542,mongodb-sharded-shardsvr,Running,True
1789064542,mongodb-sharded-shardsvr,Running,True
1789064542,mongodb-sharded-shardsvr,Running,True
1789064542,mongodb-sharded-shardsvr,Running,True
1789064542,mongodb-sharded-shardsvr,Running,True
1789064542,nginx-thrift,Running,True
1789064542,nginx-thrift,Running,True
1789064542,nginx-thrift,Running,True
1789064542,nginx-thrift,Running,True
1789064542,nginx-thrift,Running,True
1789064542,nginx-thrift,Running,True
1789064542,post-storage-service,Running,True
1789064542,post-storage-service,Running,True
1789064542,social-graph-redis,Running,True
1789064542,social-graph-service,Running,True
1789064542,social-network-mcrouter,Running,True
1789064542,social-network-mcrouter,Running,True
1789064542,social-network-mcrouter,Running,True
1789064542,memcached,Running,True
1789064542,memcached,Running,True
1789064542,memcached,Running,True
1789064542,memcached,Running,True
1789064542,memcached,Running,True
1789064542,memcached,Running,True
1789064542,text-service,Running,True
1789064542,unique-id-service,Running,True
1789064542,url-shorten-service,Running,True
1789064542,user-mention-service,Running,True
1789064542,user-service,Running,True
1789064542,user-timeline-redis,Running,True
1789064542,user-timeline-service,Running,True
1789064543,compose-post-service,Running,True
1789064543,home-timeline-redis,Running,True
1789064543,home-timeline-service,Running,True
1789064543,jaeger,Running,True
1789064543,media-frontend,Running,True
1789064543,media-service,Running,True
1789064543,mongodb-sharded-configsvr,Running,True
1789064543,mongodb-sharded-mongos,Running,True
1789064543,mongodb-sharded-mongos,Running,True
1789064543,mongodb-sharded-mongos,Running,True
1789064543,mongodb-sharded-shardsvr,Running,True
1789064543,mongodb-sharded-shardsvr,Running,True
1789064543,mongodb-sharded-shardsvr,Running,True
1789064543,mongodb-sharded-shardsvr,Running,True
1789064543,mongodb-sharded-shardsvr,Running,True
1789064543,mongodb-sharded-shardsvr,Running,True
1789064543,nginx-thrift,Running,True
1789064543,nginx-thrift,Running,True
1789064543,nginx-thrift,Running,True
1789064543,nginx-thrift,Running,True
1789064543,nginx-thrift,Running,True
1789064543,nginx-thrift,Running,True
1789064543,post-storage-service,Running,True
1789064543,post-storage-service,Running,True
1789064543,social-graph-redis,Running,True
1789064543,social-graph-service,Running,True
1789064543,social-network-mcrouter,Running,True
1789064543,social-network-mcrouter,Running,True
1789064543,social-network-mcrouter,Running,True
1789064543,memcached,Running,True
1789064543,memcached,Running,True
1789064543,memcached,Running,True
1789064543,memcached,Running,True
1789064543,memcached,Running,True
1789064543,memcached,Running,True
1789064543,text-service,Running,True
1789064543,unique-id-service,Running,True
1789064543,url-shorten-service,Running,True
1789064543,user-mention-service,Running,True
1789064543,user-service,Running,True
1789064543,user-timeline-redis,Running,True
1789064543,user-timeline-service,Running,True
1789064544,compose-post-service,Running,True
1789064544,home-timeline-redis,Running,True
1789064544,home-timeline-service,Running,True
1789064544,jaeger,Running,True
1789064544,media-frontend,Running,True
1789064544,media-service,Running,True
1789064544,mongodb-sharded-configsvr,Running,True
1789064544,mongodb-sharded-mongos,Running,True
1789064544,mongodb-sharded-mongos,Running,True
1789064544,mongodb-sharded-mongos,Running,True
1789064544,mongodb-sharded-shardsvr,Running,True
1789064544,mongodb-sharded-shardsvr,Running,True
1789064544,mongodb-sharded-shardsvr,Running,True
1789064544,mongodb-sharded-shardsvr,Running,True
1789064544,mongodb-sharded-shardsvr,Running,True
1789064544,mongodb-sharded-shardsvr,Running,True
1789064544,nginx-thrift,Running,True
1789064544,nginx-thrift,Running,True
1789064544,nginx-thrift,Running,True
1789064544,nginx-thrift,Running,True
1789064544,nginx-thrift,Running,True
1789064544,nginx-thrift,Running,True
1789064544,post-storage-service,Running,True
1789064544,post-storage-service,Running,True
1789064544,social-graph-redis,Running,True
1789064544,social-graph-service,Running,True
1789064544,social-network-mcrouter,Running,True
1789064544,social-network-mcrouter,Running,True
1789064544,social-network-mcrouter,Running,True
1789064544,memcached,Running,True
1789064544,memcached,Running,True
1789064544,memcached,Running,True
1789064544,memcached,Running,True
1789064544,memcached,Running,True
1789064544,memcached,Running,True
1789064544,text-service,Running,True
1789064544,unique-id-service,Running,True
1789064544,url-shorten-service,Running,True
1789064544,user-mention-service,Running,True
1789064544,user-service,Running,True
1789064544,user-timeline-redis,Running,True
1789064544,user-timeline-service,Running,True
1789064545,compose-post-service,Running,True
1789064545,home-timeline-redis,Running,True
1789064545,home-timeline-service,Running,True
1789064545,jaeger,Running,True
1789064545,media-frontend,Running,True
1789064545,media-service,Running,True
1789064545,mongodb-sharded-configsvr,Running,True
1789064545,mongodb-sharded-mongos,Running,True
1789064545,mongodb-sharded-mongos,Running,True
1789064545,mongodb-sharded-mongos,Running,True
1789064545,mongodb-sharded-shardsvr,Running,True
1789064545,mongodb-sharded-shardsvr,Running,True
1789064545,mongodb-sharded-shardsvr,Running,True
1789064545,mongodb-sharded-shardsvr,Running,True
1789064545,mongodb-sharded-shardsvr,Running,True
1789064545,mongodb-sharded-shardsvr,Running,True
1789064545,nginx-thrift,Running,True
1789064545,nginx-thrift,Running,True
1789064545,nginx-thrift,Running,True
1789064545,nginx-thrift,Running,True
1789064545,nginx-thrift,Running,True
1789064545,nginx-thrift,Running,True
1789064545,post-storage-service,Running,True
1789064545,post-storage-service,Running,True
1789064545,social-graph-redis,Running,True
1789064545,social-graph-service,Running,True
1789064545,social-network-mcrouter,Running,True
1789064545,social-network-mcrouter,Running,True
1789064545,social-network-mcrouter,Running,True
1789064545,memcached,Running,True
1789064545,memcached,Running,True
1789064545,memcached,Running,True
1789064545,memcached,Running,True
1789064545,memcached,Running,True
1789064545,memcached,Running,True
1789064545,text-service,Running,True
1789064545,unique-id-service,Running,True
1789064545,url-shorten-service,Running,True
1789064545,user-mention-service,Running,True
1789064545,user-service,Running,True
1789064545,user-timeline-redis,Running,True
1789064545,user-timeline-service,Running,True
1789064546,compose-post-service,Running,True
1789064546,home-timeline-redis,Running,True
1789064546,home-timeline-service,Running,True
1789064546,jaeger,Running,True
1789064546,media-frontend,Running,True
1789064546,media-service,Running,True
1789064546,mongodb-sharded-configsvr,Running,True
1789064546,mongodb-sharded-mongos,Running,True
1789064546,mongodb-sharded-mongos,Running,True
1789064546,mongodb-sharded-mongos,Running,True
1789064546,mongodb-sharded-shardsvr,Running,True
1789064546,mongodb-sharded-shardsvr,Running,True
1789064546,mongodb-sharded-shardsvr,Running,True
1789064546,mongodb-sharded-shardsvr,Running,True
1789064546,mongodb-sharded-shardsvr,Running,True
1789064546,mongodb-sharded-shardsvr,Running,True
1789064546,nginx-thrift,Running,True
1789064546,nginx-thrift,Running,True
1789064546,nginx-thrift,Running,True
1789064546,nginx-thrift,Running,True
1789064546,nginx-thrift,Running,True
1789064546,nginx-thrift,Running,True
1789064546,post-storage-service,Running,True
1789064546,post-storage-service,Running,True
1789064546,social-graph-redis,Running,True
1789064546,social-graph-service,Running,True
1789064546,social-network-mcrouter,Running,True
1789064546,social-network-mcrouter,Running,True
1789064546,social-network-mcrouter,Running,True
1789064546,memcached,Running,True
1789064546,memcached,Running,True
1789064546,memcached,Running,True
1789064546,memcached,Running,True
1789064546,memcached,Running,True
1789064546,memcached,Running,True
1789064546,text-service,Running,True
1789064546,unique-id-service,Running,True
1789064546,url-shorten-service,Running,True
1789064546,user-mention-service,Running,True
1789064546,user-service,Running,True
1789064546,user-timeline-redis,Running,True
1789064546,user-timeline-service,Running,True
1789064547,compose-post-service,Running,True
1789064547,home-timeline-redis,Running,True
1789064547,home-timeline-service,Running,True
1789064547,jaeger,Running,True
1789064547,media-frontend,Running,True
1789064547,media-service,Running,True
1789064547,mongodb-sharded-configsvr,Running,True
1789064547,mongodb-sharded-mongos,Running,True
1789064547,mongodb-sharded-mongos,Running,True
1789064547,mongodb-sharded-mongos,Running,True
1789064547,mongodb-sharded-shardsvr,Running,True
1789064547,mongodb-sharded-shardsvr,Running,True
1789064547,mongodb-sharded-shardsvr,Running,True
1789064547,mongodb-sharded-shardsvr,Running,True
1789064547,mongodb-sharded-shardsvr,Running,True
1789064547,mongodb-sharded-shardsvr,Running,True
1789064547,nginx-thrift,Running,True
1789064547,nginx-thrift,Running,True
1789064547,nginx-thrift,Running,True
1789064547,nginx-thrift,Running,True
1789064547,nginx-thrift,Running,True
1789064547,nginx-thrift,Running,True
1789064547,post-storage-service,Running,True
1789064547,post-storage-service,Running,True
1789064547,social-graph-redis,Running,True
1789064547,social-graph-service,Running,True
1789064547,social-network-mcrouter,Running,True
1789064547,social-network-mcrouter,Running,True
1789064547,social-network-mcrouter,Running,True
1789064547,memcached,Running,True
1789064547,memcached,Running,True
1789064547,memcached,Running,True
1789064547,memcached,Running,True
1789064547,memcached,Running,True
1789064547,memcached,Running,True
1789064547,text-service,Running,True
1789064547,unique-id-service,Running,True
1789064547,url-shorten-service,Running,True
1789064547,user-mention-service,Running,True
1789064547,user-service,Running,True
1789064547,user-timeline-redis,Running,True
1789064547,user-timeline-service,Running,True
1789064548,compose-post-service,Running,True
1789064548,home-timeline-redis,Running,True
1789064548,home-timeline-service,Running,True
1789064548,jaeger,Running,True
1789064548,media-frontend,Running,True
1789064548,media-service,Running,True
1789064548,mongodb-sharded-configsvr,Running,True
1789064548,mongodb-sharded-mongos,Running,True
1789064548,mongodb-sharded-mongos,Running,True
1789064548,mongodb-sharded-mongos,Running,True
1789064548,mongodb-sharded-shardsvr,Running,True
1789064548,mongodb-sharded-shardsvr,Running,True
1789064548,mongodb-sharded-shardsvr,Running,True
1789064548,mongodb-sharded-shardsvr,Running,True
1789064548,mongodb-sharded-shardsvr,Running,True
1789064548,mongodb-sharded-shardsvr,Running,True
1789064548,nginx-thrift,Running,True
1789064548,nginx-thrift,Running,True
1789064548,nginx-thrift,Running,True
1789064548,nginx-thrift,Running,True
1789064548,nginx-thrift,Running,True
1789064548,nginx-thrift,Running,True
1789064548,post-storage-service,Running,True
1789064548,post-storage-service,Running,True
1789064548,social-graph-redis,Running,True
1789064548,social-graph-service,Running,True
1789064548,social-network-mcrouter,Running,True
1789064548,social-network-mcrouter,Running,True
1789064548,social-network-mcrouter,Running,True
1789064548,memcached,Running,True
1789064548,memcached,Running,True
1789064548,memcached,Running,True
1789064548,memcached,Running,True
1789064548,memcached,Running,True
1789064548,memcached,Running,True
1789064548,text-service,Running,True
1789064548,unique-id-service,Running,True
1789064548,url-shorten-service,Running,True
1789064548,user-mention-service,Running,True
1789064548,user-service,Running,True
1789064548,user-timeline-redis,Running,True
1789064548,user-timeline-service,Running,True
1789064549,compose-post-service,Running,True
1789064549,home-timeline-redis,Running,True
1789064549,home-timeline-service,Running,True
1789064549,jaeger,Running,True
1789064549,media-frontend,Running,True
1789064549,media-service,Running,True
1789064549,mongodb-sharded-configsvr,Running,True
1789064549,mongodb-sharded-mongos,Running,True
1789064549,mongodb-sharded-mongos,Running,True
1789064549,mongodb-sharded-mongos,Running,True
1789064549,mongodb-sharded-shardsvr,Running,True
1789064549,mongodb-sharded-shardsvr,Running,True
1789064549,mongodb-sharded-shardsvr,Running,True
1789064549,mongodb-sharded-shardsvr,Running,True
1789064549,mongodb-sharded-shardsvr,Running,True
1789064549,mongodb-sharded-shardsvr,Running,True
1789064549,nginx-thrift,Running,True
1789064549,nginx-thrift,Running,True
1789064549,nginx-thrift,Running,True
1789064549,nginx-thrift,Running,True
1789064549,nginx-thrift,Running,True
1789064549,nginx-thrift,Running,True
1789064549,post-storage-service,Running,True
1789064549,post-storage-service,Running,True
1789064549,social-graph-redis,Running,True
1789064549,social-graph-service,Running,True
1789064549,social-network-mcrouter,Running,True
1789064549,social-network-mcrouter,Running,True
1789064549,social-network-mcrouter,Running,True
1789064549,memcached,Running,True
1789064549,memcached,Running,True
1789064549,memcached,Running,True
1789064549,memcached,Running,True
1789064549,memcached,Running,True
1789064549,memcached,Running,True
1789064549,text-service,Running,True
1789064549,unique-id-service,Running,True
1789064549,url-shorten-service,Running,True
1789064549,user-mention-service,Running,True
1789064549,user-service,Running,True
1789064549,user-timeline-redis,Running,True
1789064549,user-timeline-service,Running,True
1789064550,compose-post-service,Running,True
1789064550,home-timeline-redis,Running,True
1789064550,home-timeline-service,Running,True
1789064550,jaeger,Running,True
1789064550,media-frontend,Running,True
1789064550,media-service,Running,True
1789064550,mongodb-sharded-configsvr,Running,True
1789064550,mongodb-sharded-mongos,Running,True
1789064550,mongodb-sharded-mongos,Running,True
1789064550,mongodb-sharded-mongos,Running,True
1789064550,mongodb-sharded-shardsvr,Running,True
1789064550,mongodb-sharded-shardsvr,Running,True
1789064550,mongodb-sharded-shardsvr,Running,True
1789064550,mongodb-sharded-shardsvr,Running,True
1789064550,mongodb-sharded-shardsvr,Running,True
1789064550,mongodb-sharded-shardsvr,Running,True
1789064550,nginx-thrift,Running,True
1789064550,nginx-thrift,Running,True
1789064550,nginx-thrift,Running,True
1789064550,nginx-thrift,Running,True
1789064550,nginx-thrift,Running,True
1789064550,nginx-thrift,Running,True
1789064550,post-storage-service,Running,True
1789064550,post-storage-service,Running,True
1789064550,social-graph-redis,Running,True
1789064550,social-graph-service,Running,True
1789064550,social-network-mcrouter,Running,True
1789064550,social-network-mcrouter,Running,True
1789064550,social-network-mcrouter,Running,True
1789064550,memcached,Running,True
1789064550,memcached,Running,True
1789064550,memcached,Running,True
1789064550,memcached,Running,True
1789064550,memcached,Running,True
1789064550,memcached,Running,True
1789064550,text-service,Running,True
1789064550,unique-id-service,Running,True
1789064550,url-shorten-service,Running,True
1789064550,user-mention-service,Running,True
1789064550,user-service,Running,True
1789064550,user-timeline-redis,Running,True
1789064550,user-timeline-service,Running,True
1789064551,compose-post-service,Running,True
1789064551,home-timeline-redis,Running,True
1789064551,home-timeline-service,Running,True
1789064551,jaeger,Running,True
1789064551,media-frontend,Running,True
1789064551,media-service,Running,True
1789064551,mongodb-sharded-configsvr,Running,True
1789064551,mongodb-sharded-mongos,Running,True
1789064551,mongodb-sharded-mongos,Running,True
1789064551,mongodb-sharded-mongos,Running,True
1789064551,mongodb-sharded-shardsvr,Running,True
1789064551,mongodb-sharded-shardsvr,Running,True
1789064551,mongodb-sharded-shardsvr,Running,True
1789064551,mongodb-sharded-shardsvr,Running,True
1789064551,mongodb-sharded-shardsvr,Running,True
1789064551,mongodb-sharded-shardsvr,Running,True
1789064551,nginx-thrift,Running,True
1789064551,nginx-thrift,Running,True
1789064551,nginx-thrift,Running,True
1789064551,nginx-thrift,Running,True
1789064551,nginx-thrift,Running,True
1789064551,nginx-thrift,Running,True
1789064551,post-storage-service,Running,True
1789064551,post-storage-service,Running,True
1789064551,social-graph-redis,Running,True
1789064551,social-graph-service,Running,True
1789064551,social-network-mcrouter,Running,True
1789064551,social-network-mcrouter,Running,True
1789064551,social-network-mcrouter,Running,True
1789064551,memcached,Running,True
1789064551,memcached,Running,True
1789064551,memcached,Running,True
1789064551,memcached,Running,True
1789064551,memcached,Running,True
1789064551,memcached,Running,True
1789064551,text-service,Running,True
1789064551,unique-id-service,Running,True
1789064551,url-shorten-service,Running,True
1789064551,user-mention-service,Running,True
1789064551,user-service,Running,True
1789064551,user-timeline-redis,Running,True
1789064551,user-timeline-service,Running,True
1789064552,compose-post-service,Running,True
1789064552,home-timeline-redis,Running,True
1789064552,home-timeline-service,Running,True
1789064552,jaeger,Running,True
1789064552,media-frontend,Running,True
1789064552,media-service,Running,True
1789064552,mongodb-sharded-configsvr,Running,True
1789064552,mongodb-sharded-mongos,Running,True
1789064552,mongodb-sharded-mongos,Running,True
1789064552,mongodb-sharded-mongos,Running,True
1789064552,mongodb-sharded-shardsvr,Running,True
1789064552,mongodb-sharded-shardsvr,Running,True
1789064552,mongodb-sharded-shardsvr,Running,True
1789064552,mongodb-sharded-shardsvr,Running,True
1789064552,mongodb-sharded-shardsvr,Running,True
1789064552,mongodb-sharded-shardsvr,Running,True
1789064552,nginx-thrift,Running,True
1789064552,nginx-thrift,Running,True
1789064552,nginx-thrift,Running,True
1789064552,nginx-thrift,Running,True
1789064552,nginx-thrift,Running,True
1789064552,nginx-thrift,Running,True
1789064552,post-storage-service,Running,True
1789064552,post-storage-service,Running,True
1789064552,social-graph-redis,Running,True
1789064552,social-graph-service,Running,True
1789064552,social-network-mcrouter,Running,True
1789064552,social-network-mcrouter,Running,True
1789064552,social-network-mcrouter,Running,True
1789064552,memcached,Running,True
1789064552,memcached,Running,True
1789064552,memcached,Running,True
1789064552,memcached,Running,True
1789064552,memcached,Running,True
1789064552,memcached,Running,True
1789064552,text-service,Running,True
1789064552,unique-id-service,Running,True
1789064552,url-shorten-service,Running,True
1789064552,user-mention-service,Running,True
1789064552,user-service,Running,True
1789064552,user-timeline-redis,Running,True
1789064552,user-timeline-service,Running,True
1789064553,compose-post-service,Running,True
1789064553,home-timeline-redis,Running,True
1789064553,home-timeline-service,Running,True
1789064553,jaeger,Running,True
1789064553,media-frontend,Running,True
1789064553,media-service,Running,True
1789064553,mongodb-sharded-configsvr,Running,True
1789064553,mongodb-sharded-mongos,Running,True
1789064553,mongodb-sharded-mongos,Running,True
1789064553,mongodb-sharded-mongos,Running,True
1789064553,mongodb-sharded-shardsvr,Running,True
1789064553,mongodb-sharded-shardsvr,Running,True
1789064553,mongodb-sharded-shardsvr,Running,True
1789064553,mongodb-sharded-shardsvr,Running,True
1789064553,mongodb-sharded-shardsvr,Running,True
1789064553,mongodb-sharded-shardsvr,Running,True
1789064553,nginx-thrift,Running,True
1789064553,nginx-thrift,Running,True
1789064553,nginx-thrift,Running,True
1789064553,nginx-thrift,Running,True
1789064553,nginx-thrift,Running,True
1789064553,nginx-thrift,Running,True
1789064553,post-storage-service,Running,True
1789064553,post-storage-service,Running,True
1789064553,social-graph-redis,Running,True
1789064553,social-graph-service,Running,True
1789064553,social-network-mcrouter,Running,True
1789064553,social-network-mcrouter,Running,True
1789064553,social-network-mcrouter,Running,True
1789064553,memcached,Running,True
1789064553,memcached,Running,True
1789064553,memcached,Running,True
1789064553,memcached,Running,True
1789064553,memcached,Running,True
1789064553,memcached,Running,True
1789064553,text-service,Running,True
1789064553,unique-id-service,Running,True
1789064553,url-shorten-service,Running,True
1789064553,user-mention-service,Running,True
1789064553,user-service,Running,True
1789064553,user-timeline-redis,Running,True
1789064553,user-timeline-service,Running,True
1789064554,compose-post-service,Running,True
1789064554,home-timeline-redis,Running,True
1789064554,home-timeline-service,Running,True
1789064554,jaeger,Running,True
1789064554,media-frontend,Running,True
1789064554,media-service,Running,True
1789064554,mongodb-sharded-configsvr,Running,True
1789064554,mongodb-sharded-mongos,Running,True
1789064554,mongodb-sharded-mongos,Running,True
1789064554,mongodb-sharded-mongos,Running,True
1789064554,mongodb-sharded-shardsvr,Running,True
1789064554,mongodb-sharded-shardsvr,Running,True
1789064554,mongodb-sharded-shardsvr,Running,True
1789064554,mongodb-sharded-shardsvr,Running,True
1789064554,mongodb-sharded-shardsvr,Running,True
1789064554,mongodb-sharded-shardsvr,Running,True
1789064554,nginx-thrift,Running,True
1789064554,nginx-thrift,Running,True
1789064554,nginx-thrift,Running,True
1789064554,nginx-thrift,Running,True
1789064554,nginx-thrift,Running,True
1789064554,nginx-thrift,Running,True
1789064554,post-storage-service,Running,True
1789064554,post-storage-service,Running,True
1789064554,social-graph-redis,Running,True
1789064554,social-graph-service,Running,True
1789064554,social-network-mcrouter,Running,True
1789064554,social-network-mcrouter,Running,True
1789064554,social-network-mcrouter,Running,True
1789064554,memcached,Running,True
1789064554,memcached,Running,True
1789064554,memcached,Running,True
1789064554,memcached,Running,True
1789064554,memcached,Running,True
1789064554,memcached,Running,True
1789064554,text-service,Running,True
1789064554,unique-id-service,Running,True
1789064554,url-shorten-service,Running,True
1789064554,user-mention-service,Running,True
1789064554,user-service,Running,True
1789064554,user-timeline-redis,Running,True
1789064554,user-timeline-service,Running,True
1789064555,compose-post-service,Running,True
1789064555,home-timeline-redis,Running,True
1789064555,home-timeline-service,Running,True
1789064555,jaeger,Running,True
1789064555,media-frontend,Running,True
1789064555,media-service,Running,True
1789064555,mongodb-sharded-configsvr,Running,True
1789064555,mongodb-sharded-mongos,Running,True
1789064555,mongodb-sharded-mongos,Running,True
1789064555,mongodb-sharded-mongos,Running,True
1789064555,mongodb-sharded-shardsvr,Running,True
1789064555,mongodb-sharded-shardsvr,Running,True
1789064555,mongodb-sharded-shardsvr,Running,True
1789064555,mongodb-sharded-shardsvr,Running,True
1789064555,mongodb-sharded-shardsvr,Running,True
1789064555,mongodb-sharded-shardsvr,Running,True
1789064555,nginx-thrift,Running,True
1789064555,nginx-thrift,Running,True
1789064555,nginx-thrift,Running,True
1789064555,nginx-thrift,Running,True
1789064555,nginx-thrift,Running,True
1789064555,nginx-thrift,Running,True
1789064555,post-storage-service,Running,True
1789064555,post-storage-service,Running,True
1789064555,social-graph-redis,Running,True
1789064555,social-graph-service,Running,True
1789064555,social-network-mcrouter,Running,True
1789064555,social-network-mcrouter,Running,True
1789064555,social-network-mcrouter,Running,True
1789064555,memcached,Running,True
1789064555,memcached,Running,True
1789064555,memcached,Running,True
1789064555,memcached,Running,True
1789064555,memcached,Running,True
1789064555,memcached,Running,True
1789064555,text-service,Running,True
1789064555,unique-id-service,Running,True
1789064555,url-shorten-service,Running,True
1789064555,user-mention-service,Running,True
1789064555,user-service,Running,True
1789064555,user-timeline-redis,Running,True
1789064555,user-timeline-service,Running,True
1789064556,compose-post-service,Running,True
1789064556,home-timeline-redis,Running,True
1789064556,home-timeline-service,Running,True
1789064556,jaeger,Running,True
1789064556,media-frontend,Running,True
1789064556,media-service,Running,True
1789064556,mongodb-sharded-configsvr,Running,True
1789064556,mongodb-sharded-mongos,Running,True
1789064556,mongodb-sharded-mongos,Running,True
1789064556,mongodb-sharded-mongos,Running,True
1789064556,mongodb-sharded-shardsvr,Running,True
1789064556,mongodb-sharded-shardsvr,Running,True
1789064556,mongodb-sharded-shardsvr,Running,True
1789064556,mongodb-sharded-shardsvr,Running,True
1789064556,mongodb-sharded-shardsvr,Running,True
1789064556,mongodb-sharded-shardsvr,Running,True
1789064556,nginx-thrift,Running,True
1789064556,nginx-thrift,Running,True
1789064556,nginx-thrift,Running,True
1789064556,nginx-thrift,Running,True
1789064556,nginx-thrift,Running,True
1789064556,nginx-thrift,Running,True
1789064556,post-storage-service,Running,True
1789064556,post-storage-service,Running,True
1789064556,social-graph-redis,Running,True
1789064556,social-graph-service,Running,True
1789064556,social-network-mcrouter,Running,True
1789064556,social-network-mcrouter,Running,True
1789064556,social-network-mcrouter,Running,True
1789064556,memcached,Running,True
1789064556,memcached,Running,True
1789064556,memcached,Running,True
1789064556,memcached,Running,True
1789064556,memcached,Running,True
1789064556,memcached,Running,True
1789064556,text-service,Running,True
1789064556,unique-id-service,Running,True
1789064556,url-shorten-service,Running,True
1789064556,user-mention-service,Running,True
1789064556,user-service,Running,True
1789064556,user-timeline-redis,Running,True
1789064556,user-timeline-service,Running,True
1789064557,compose-post-service,Running,True
1789064557,home-timeline-redis,Running,True
1789064557,home-timeline-service,Running,True
1789064557,jaeger,Running,True
1789064557,media-frontend,Running,True
1789064557,media-service,Running,True
1789064557,mongodb-sharded-configsvr,Running,True
1789064557,mongodb-sharded-mongos,Running,True
1789064557,mongodb-sharded-mongos,Running,True
1789064557,mongodb-sharded-mongos,Running,True
1789064557,mongodb-sharded-shardsvr,Running,True
1789064557,mongodb-sharded-shardsvr,Running,True
1789064557,mongodb-sharded-shardsvr,Running,True
1789064557,mongodb-sharded-shardsvr,Running,True
1789064557,mongodb-sharded-shardsvr,Running,True
1789064557,mongodb-sharded-shardsvr,Running,True
1789064557,nginx-thrift,Running,True
1789064557,nginx-thrift,Running,True
1789064557,nginx-thrift,Running,True
1789064557,nginx-thrift,Running,True
1789064557,nginx-thrift,Running,True
1789064557,nginx-thrift,Running,True
1789064557,post-storage-service,Running,True
1789064557,post-storage-service,Running,True
1789064557,social-graph-redis,Running,True
1789064557,social-graph-service,Running,True
1789064557,social-network-mcrouter,Running,True
1789064557,social-network-mcrouter,Running,True
1789064557,social-network-mcrouter,Running,True
1789064557,memcached,Running,True
1789064557,memcached,Running,True
1789064557,memcached,Running,True
1789064557,memcached,Running,True
1789064557,memcached,Running,True
1789064557,memcached,Running,True
1789064557,text-service,Running,True
1789064557,unique-id-service,Running,True
1789064557,url-shorten-service,Running,True
1789064557,user-mention-service,Running,True
1789064557,user-service,Running,True
1789064557,user-timeline-redis,Running,True
1789064557,user-timeline-service,Running,True
1789064558,compose-post-service,Running,True
1789064558,home-timeline-redis,Running,True
1789064558,home-timeline-service,Running,True
1789064558,jaeger,Running,True
1789064558,media-frontend,Running,True
1789064558,media-service,Running,True
1789064558,mongodb-sharded-configsvr,Running,True
1789064558,mongodb-sharded-mongos,Running,True
1789064558,mongodb-sharded-mongos,Running,True
1789064558,mongodb-sharded-mongos,Running,True
1789064558,mongodb-sharded-shardsvr,Running,True
1789064558,mongodb-sharded-shardsvr,Running,True
1789064558,mongodb-sharded-shardsvr,Running,True
1789064558,mongodb-sharded-shardsvr,Running,True
1789064558,mongodb-sharded-shardsvr,Running,True
1789064558,mongodb-sharded-shardsvr,Running,True
1789064558,nginx-thrift,Running,True
1789064558,nginx-thrift,Running,True
1789064558,nginx-thrift,Running,True
1789064558,nginx-thrift,Running,True
1789064558,nginx-thrift,Running,True
1789064558,nginx-thrift,Running,True
1789064558,post-storage-service,Running,True
1789064558,post-storage-service,Running,True
1789064558,social-graph-redis,Running,True
1789064558,social-graph-service,Running,True
1789064558,social-network-mcrouter,Running,True
1789064558,social-network-mcrouter,Running,True
1789064558,social-network-mcrouter,Running,True
1789064558,memcached,Running,True
1789064558,memcached,Running,True
1789064558,memcached,Running,True
1789064558,memcached,Running,True
1789064558,memcached,Running,True
1789064558,memcached,Running,True
1789064558,text-service,Running,True
1789064558,unique-id-service,Running,True
1789064558,url-shorten-service,Running,True
1789064558,user-mention-service,Running,True
1789064558,user-service,Running,True
1789064558,user-timeline-redis,Running,True
1789064558,user-timeline-service,Running,True
1789064559,compose-post-service,Running,True
1789064559,home-timeline-redis,Running,True
1789064559,home-timeline-service,Running,True
1789064559,jaeger,Running,True
1789064559,media-frontend,Running,True
1789064559,media-service,Running,True
1789064559,mongodb-sharded-configsvr,Running,True
1789064559,mongodb-sharded-mongos,Running,True
1789064559,mongodb-sharded-mongos,Running,True
1789064559,mongodb-sharded-mongos,Running,True
1789064559,mongodb-sharded-shardsvr,Running,True
1789064559,mongodb-sharded-shardsvr,Running,True
1789064559,mongodb-sharded-shardsvr,Running,True
1789064559,mongodb-sharded-shardsvr,Running,True
1789064559,mongodb-sharded-shardsvr,Running,True
1789064559,mongodb-sharded-shardsvr,Running,True
1789064559,nginx-thrift,Running,True
1789064559,nginx-thrift,Running,True
1789064559,nginx-thrift,Running,True
1789064559,nginx-thrift,Running,True
1789064559,nginx-thrift,Running,True
1789064559,nginx-thrift,Running,True
1789064559,post-storage-service,Running,True
1789064559,post-storage-service,Running,True
1789064559,social-graph-redis,Running,True
1789064559,social-graph-service,Running,True
1789064559,social-network-mcrouter,Running,True
1789064559,social-network-mcrouter,Running,True
1789064559,social-network-mcrouter,Running,True
1789064559,memcached,Running,True
1789064559,memcached,Running,True
1789064559,memcached,Running,True
1789064559,memcached,Running,True
1789064559,memcached,Running,True
1789064559,memcached,Running,True
1789064559,text-service,Running,True
1789064559,unique-id-service,Running,True
1789064559,url-shorten-service,Running,True
1789064559,user-mention-service,Running,True
1789064559,user-service,Running,True
1789064559,user-timeline-redis,Running,True
1789064559,user-timeline-service,Running,True
1789064560,compose-post-service,Running,True
1789064560,home-timeline-redis,Running,True
1789064560,home-timeline-service,Running,True
1789064560,jaeger,Running,True
1789064560,media-frontend,Running,True
1789064560,media-service,Running,True
1789064560,mongodb-sharded-configsvr,Running,True
1789064560,mongodb-sharded-mongos,Running,True
1789064560,mongodb-sharded-mongos,Running,True
1789064560,mongodb-sharded-mongos,Running,True
1789064560,mongodb-sharded-shardsvr,Running,True
1789064560,mongodb-sharded-shardsvr,Running,True
1789064560,mongodb-sharded-shardsvr,Running,True
1789064560,mongodb-sharded-shardsvr,Running,True
1789064560,mongodb-sharded-shardsvr,Running,True
1789064560,mongodb-sharded-shardsvr,Running,True
1789064560,nginx-thrift,Running,True
1789064560,nginx-thrift,Running,True
1789064560,nginx-thrift,Running,True
1789064560,nginx-thrift,Running,True
1789064560,nginx-thrift,Running,True
1789064560,nginx-thrift,Running,True
1789064560,post-storage-service,Running,True
1789064560,post-storage-service,Running,True
1789064560,social-graph-redis,Running,True
1789064560,social-graph-service,Running,True
1789064560,social-network-mcrouter,Running,True
1789064560,social-network-mcrouter,Running,True
1789064560,social-network-mcrouter,Running,True
1789064560,memcached,Running,True
1789064560,memcached,Running,True
1789064560,memcached,Running,True
1789064560,memcached,Running,True
1789064560,memcached,Running,True
1789064560,memcached,Running,True
1789064560,text-service,Running,True
1789064560,unique-id-service,Running,True
1789064560,url-shorten-service,Running,True
1789064560,user-mention-service,Running,True
1789064560,user-service,Running,True
1789064560,user-timeline-redis,Running,True
1789064560,user-timeline-service,Running,True
1789064561,compose-post-service,Running,True
1789064561,home-timeline-redis,Running,True
1789064561,home-timeline-service,Running,True
1789064561,jaeger,Running,True
1789064561,media-frontend,Running,True
1789064561,media-service,Running,True
1789064561,mongodb-sharded-configsvr,Running,True
1789064561,mongodb-sharded-mongos,Running,True
1789064561,mongodb-sharded-mongos,Running,True
1789064561,mongodb-sharded-mongos,Running,True
1789064561,mongodb-sharded-shardsvr,Running,True
1789064561,mongodb-sharded-shardsvr,Running,True
1789064561,mongodb-sharded-shardsvr,Running,True
1789064561,mongodb-sharded-shardsvr,Running,True
1789064561,mongodb-sharded-shardsvr,Running,True
1789064561,mongodb-sharded-shardsvr,Running,True
1789064561,nginx-thrift,Running,True
1789064561,nginx-thrift,Running,True
1789064561,nginx-thrift,Running,True
1789064561,nginx-thrift,Running,True
1789064561,nginx-thrift,Running,True
1789064561,nginx-thrift,Running,True
1789064561,post-storage-service,Running,True
1789064561,post-storage-service,Running,True
1789064561,social-graph-redis,Running,True
1789064561,social-graph-service,Running,True
1789064561,social-network-mcrouter,Running,True
1789064561,social-network-mcrouter,Running,True
1789064561,social-network-mcrouter,Running,True
1789064561,memcached,Running,True
1789064561,memcached,Running,True
1789064561,memcached,Running,True
1789064561,memcached,Running,True
1789064561,memcached,Running,True
1789064561,memcached,Running,True
1789064561,text-service,Running,True
1789064561,unique-id-service,Running,True
1789064561,url-shorten-service,Running,True
1789064561,user-mention-service,Running,True
1789064561,user-service,Running,True
1789064561,user-timeline-redis,Running,True
1789064561,user-timeline-service,Running,True
1789064562,compose-post-service,Running,True
1789064562,home-timeline-redis,Running,True
1789064562,home-timeline-service,Running,True
1789064562,jaeger,Running,True
1789064562,media-frontend,Running,True
1789064562,media-service,Running,True
1789064562,mongodb-sharded-configsvr,Running,True
1789064562,mongodb-sharded-mongos,Running,True
1789064562,mongodb-sharded-mongos,Running,True
1789064562,mongodb-sharded-mongos,Running,True
1789064562,mongodb-sharded-shardsvr,Running,True
1789064562,mongodb-sharded-shardsvr,Running,True
1789064562,mongodb-sharded-shardsvr,Running,True
1789064562,mongodb-sharded-shardsvr,Running,True
1789064562,mongodb-sharded-shardsvr,Running,True
1789064562,mongodb-sharded-shardsvr,Running,True
1789064562,nginx-thrift,Running,True
1789064562,nginx-thrift,Running,True
1789064562,nginx-thrift,Running,True
1789064562,nginx-thrift,Running,True
1789064562,nginx-thrift,Running,True
1789064562,nginx-thrift,Running,True
1789064562,post-storage-service,Running,True
1789064562,post-storage-service,Running,True
1789064562,social-graph-redis,Running,True
1789064562,social-graph-service,Running,True
1789064562,social-network-mcrouter,Running,True
1789064562,social-network-mcrouter,Running,True
1789064562,social-network-mcrouter,Running,True
1789064562,memcached,Running,True
1789064562,memcached,Running,True
1789064562,memcached,Running,True
1789064562,memcached,Running,True
1789064562,memcached,Running,True
1789064562,memcached,Running,True
1789064562,text-service,Running,True
1789064562,unique-id-service,Running,True
1789064562,url-shorten-service,Running,True
1789064562,user-mention-service,Running,True
1789064562,user-service,Running,True
1789064562,user-timeline-redis,Running,True
1789064562,user-timeline-service,Running,True
1789064563,compose-post-service,Running,True
1789064563,home-timeline-redis,Running,True
1789064563,home-timeline-service,Running,True
1789064563,jaeger,Running,True
1789064563,media-frontend,Running,True
1789064563,media-service,Running,True
1789064563,mongodb-sharded-configsvr,Running,True
1789064563,mongodb-sharded-mongos,Running,True
1789064563,mongodb-sharded-mongos,Running,True
1789064563,mongodb-sharded-mongos,Running,True
1789064563,mongodb-sharded-shardsvr,Running,True
1789064563,mongodb-sharded-shardsvr,Running,True
1789064563,mongodb-sharded-shardsvr,Running,True
1789064563,mongodb-sharded-shardsvr,Running,True
1789064563,mongodb-sharded-shardsvr,Running,True
1789064563,mongodb-sharded-shardsvr,Running,True
1789064563,nginx-thrift,Running,True
1789064563,nginx-thrift,Running,True
1789064563,nginx-thrift,Running,True
1789064563,nginx-thrift,Running,True
1789064563,nginx-thrift,Running,True
1789064563,nginx-thrift,Running,True
1789064563,post-storage-service,Running,True
1789064563,post-storage-service,Running,True
1789064563,social-graph-redis,Running,True
1789064563,social-graph-service,Running,True
1789064563,social-network-mcrouter,Running,True
1789064563,social-network-mcrouter,Running,True
1789064563,social-network-mcrouter,Running,True
1789064563,memcached,Running,True
1789064563,memcached,Running,True
1789064563,memcached,Running,True
1789064563,memcached,Running,True
1789064563,memcached,Running,True
1789064563,memcached,Running,True
1789064563,text-service,Running,True
1789064563,unique-id-service,Running,True
1789064563,url-shorten-service,Running,True
1789064563,user-mention-service,Running,True
1789064563,user-service,Running,True
1789064563,user-timeline-redis,Running,True
1789064563,user-timeline-service,Running,True
1789064564,compose-post-service,Running,True
1789064564,home-timeline-redis,Running,True
1789064564,home-timeline-service,Running,True
1789064564,jaeger,Running,True
1789064564,media-frontend,Running,True
1789064564,media-service,Running,True
1789064564,mongodb-sharded-configsvr,Running,True
1789064564,mongodb-sharded-mongos,Running,True
1789064564,mongodb-sharded-mongos,Running,True
1789064564,mongodb-sharded-mongos,Running,True
1789064564,mongodb-sharded-shardsvr,Running,True
1789064564,mongodb-sharded-shardsvr,Running,True
1789064564,mongodb-sharded-shardsvr,Running,True
1789064564,mongodb-sharded-shardsvr,Running,True
1789064564,mongodb-sharded-shardsvr,Running,True
1789064564,mongodb-sharded-shardsvr,Running,True
1789064564,nginx-thrift,Running,True
1789064564,nginx-thrift,Running,True
1789064564,nginx-thrift,Running,True
1789064564,nginx-thrift,Running,True
1789064564,nginx-thrift,Running,True
1789064564,nginx-thrift,Running,True
1789064564,post-storage-service,Running,True
1789064564,post-storage-service,Running,True
1789064564,social-graph-redis,Running,True
1789064564,social-graph-service,Running,True
1789064564,social-network-mcrouter,Running,True
1789064564,social-network-mcrouter,Running,True
1789064564,social-network-mcrouter,Running,True
1789064564,memcached,Running,True
1789064564,memcached,Running,True
1789064564,memcached,Running,True
1789064564,memcached,Running,True
1789064564,memcached,Running,True
1789064564,memcached,Running,True
1789064564,text-service,Running,True
1789064564,unique-id-service,Running,True
1789064564,url-shorten-service,Running,True
1789064564,user-mention-service,Running,True
1789064564,user-service,Running,True
1789064564,user-timeline-redis,Running,True
1789064564,user-timeline-service,Running,True
1789064565,compose-post-service,Running,True
1789064565,home-timeline-redis,Running,True
1789064565,home-timeline-service,Running,True
1789064565,jaeger,Running,True
1789064565,media-frontend,Running,True
1789064565,media-service,Running,True
1789064565,mongodb-sharded-configsvr,Running,True
1789064565,mongodb-sharded-mongos,Running,True
1789064565,mongodb-sharded-mongos,Running,True
1789064565,mongodb-sharded-mongos,Running,True
1789064565,mongodb-sharded-shardsvr,Running,True
1789064565,mongodb-sharded-shardsvr,Running,True
1789064565,mongodb-sharded-shardsvr,Running,True
1789064565,mongodb-sharded-shardsvr,Running,True
1789064565,mongodb-sharded-shardsvr,Running,True
1789064565,mongodb-sharded-shardsvr,Running,True
1789064565,nginx-thrift,Running,True
1789064565,nginx-thrift,Running,True
1789064565,nginx-thrift,Running,True
1789064565,nginx-thrift,Running,True
1789064565,nginx-thrift,Running,True
1789064565,nginx-thrift,Running,True
1789064565,post-storage-service,Running,True
1789064565,post-storage-service,Running,True
1789064565,social-graph-redis,Running,True
1789064565,social-graph-service,Running,True
1789064565,social-network-mcrouter,Running,True
1789064565,social-network-mcrouter,Running,True
1789064565,social-network-mcrouter,Running,True
1789064565,memcached,Running,True
1789064565,memcached,Running,True
1789064565,memcached,Running,True
1789064565,memcached,Running,True
1789064565,memcached,Running,True
1789064565,memcached,Running,True
1789064565,text-service,Running,True
1789064565,unique-id-service,Running,True
1789064565,url-shorten-service,Running,True
1789064565,user-mention-service,Running,True
1789064565,user-service,Running,True
1789064565,user-timeline-redis,Running,True
1789064565,user-timeline-service,Running,True
1789064566,compose-post-service,Running,True
1789064566,home-timeline-redis,Running,True
1789064566,home-timeline-service,Running,True
1789064566,jaeger,Running,True
1789064566,media-frontend,Running,True
1789064566,media-service,Running,True
1789064566,mongodb-sharded-configsvr,Running,True
1789064566,mongodb-sharded-mongos,Running,True
1789064566,mongodb-sharded-mongos,Running,True
1789064566,mongodb-sharded-mongos,Running,True
1789064566,mongodb-sharded-shardsvr,Running,True
1789064566,mongodb-sharded-shardsvr,Running,True
1789064566,mongodb-sharded-shardsvr,Running,True
1789064566,mongodb-sharded-shardsvr,Running,True
1789064566,mongodb-sharded-shardsvr,Running,True
1789064566,mongodb-sharded-shardsvr,Running,True
1789064566,nginx-thrift,Running,True
1789064566,nginx-thrift,Running,True
1789064566,nginx-thrift,Running,True
1789064566,nginx-thrift,Running,True
1789064566,nginx-thrift,Running,True
1789064566,nginx-thrift,Running,True
1789064566,post-storage-service,Running,True
1789064566,post-storage-service,Running,True
1789064566,social-graph-redis,Running,True
1789064566,social-graph-service,Running,True
1789064566,social-network-mcrouter,Running,True
1789064566,social-network-mcrouter,Running,True
1789064566,social-network-mcrouter,Running,True
1789064566,memcached,Running,True
1789064566,memcached,Running,True
1789064566,memcached,Running,True
1789064566,memcached,Running,True
1789064566,memcached,Running,True
1789064566,memcached,Running,True
1789064566,text-service,Running,True
1789064566,unique-id-service,Running,True
1789064566,url-shorten-service,Running,True
1789064566,user-mention-service,Running,True
1789064566,user-service,Running,True
1789064566,user-timeline-redis,Running,True
1789064566,user-timeline-service,Running,True
1789064567,compose-post-service,Running,True
1789064567,home-timeline-redis,Running,True
1789064567,home-timeline-service,Running,True
1789064567,jaeger,Running,True
1789064567,media-frontend,Running,True
1789064567,media-service,Running,True
1789064567,mongodb-sharded-configsvr,Running,True
1789064567,mongodb-sharded-mongos,Running,True
1789064567,mongodb-sharded-mongos,Running,True
1789064567,mongodb-sharded-mongos,Running,True
1789064567,mongodb-sharded-shardsvr,Running,True
1789064567,mongodb-sharded-shardsvr,Running,True
1789064567,mongodb-sharded-shardsvr,Running,True
1789064567,mongodb-sharded-shardsvr,Running,True
1789064567,mongodb-sharded-shardsvr,Running,True
1789064567,mongodb-sharded-shardsvr,Running,True
1789064567,nginx-thrift,Running,True
1789064567,nginx-thrift,Running,True
1789064567,nginx-thrift,Running,True
1789064567,nginx-thrift,Running,True
1789064567,nginx-thrift,Running,True
1789064567,nginx-thrift,Running,True
1789064567,post-storage-service,Running,True
1789064567,post-storage-service,Running,True
1789064567,social-graph-redis,Running,True
1789064567,social-graph-service,Running,True
1789064567,social-network-mcrouter,Running,True
1789064567,social-network-mcrouter,Running,True
1789064567,social-network-mcrouter,Running,True
1789064567,memcached,Running,True
1789064567,memcached,Running,True
1789064567,memcached,Running,True
1789064567,memcached,Running,True
1789064567,memcached,Running,True
1789064567,memcached,Running,True
1789064567,text-service,Running,True
1789064567,unique-id-service,Running,True
1789064567,url-shorten-service,Running,True
1789064567,user-mention-service,Running,True
1789064567,user-service,Running,True
1789064567,user-timeline-redis,Running,True
1789064567,user-timeline-service,Running,True
1789064568,compose-post-service,Running,True
1789064568,home-timeline-redis,Running,True
1789064568,home-timeline-service,Running,True
1789064568,jaeger,Running,True
1789064568,media-frontend,Running,True
1789064568,media-service,Running,True
1789064568,mongodb-sharded-configsvr,Running,True
1789064568,mongodb-sharded-mongos,Running,True
1789064568,mongodb-sharded-mongos,Running,True
1789064568,mongodb-sharded-mongos,Running,True
1789064568,mongodb-sharded-shardsvr,Running,True
1789064568,mongodb-sharded-shardsvr,Running,True
1789064568,mongodb-sharded-shardsvr,Running,True
1789064568,mongodb-sharded-shardsvr,Running,True
1789064568,mongodb-sharded-shardsvr,Running,True
1789064568,mongodb-sharded-shardsvr,Running,True
1789064568,nginx-thrift,Running,True
1789064568,nginx-thrift,Running,True
1789064568,nginx-thrift,Running,True
1789064568,nginx-thrift,Running,True
1789064568,nginx-thrift,Running,True
1789064568,nginx-thrift,Running,True
1789064568,post-storage-service,Running,True
1789064568,post-storage-service,Running,True
1789064568,social-graph-redis,Running,True
1789064568,social-graph-service,Running,True
1789064568,social-network-mcrouter,Running,True
1789064568,social-network-mcrouter,Running,True
1789064568,social-network-mcrouter,Running,True
1789064568,memcached,Running,True
1789064568,memcached,Running,True
1789064568,memcached,Running,True
1789064568,memcached,Running,True
1789064568,memcached,Running,True
1789064568,memcached,Running,True
1789064568,text-service,Running,True
1789064568,unique-id-service,Running,True
1789064568,url-shorten-service,Running,True
1789064568,user-mention-service,Running,True
1789064568,user-service,Running,True
1789064568,user-timeline-redis,Running,True
1789064568,user-timeline-service,Running,True
1789064569,compose-post-service,Running,True
1789064569,home-timeline-redis,Running,True
1789064569,home-timeline-service,Running,True
1789064569,jaeger,Running,True
1789064569,media-frontend,Running,True
1789064569,media-service,Running,True
1789064569,mongodb-sharded-configsvr,Running,True
1789064569,mongodb-sharded-mongos,Running,True
1789064569,mongodb-sharded-mongos,Running,True
1789064569,mongodb-sharded-mongos,Running,True
1789064569,mongodb-sharded-shardsvr,Running,True
1789064569,mongodb-sharded-shardsvr,Running,True
1789064569,mongodb-sharded-shardsvr,Running,True
1789064569,mongodb-sharded-shardsvr,Running,True
1789064569,mongodb-sharded-shardsvr,Running,True
1789064569,mongodb-sharded-shardsvr,Running,True
1789064569,nginx-thrift,Running,True
1789064569,nginx-thrift,Running,True
1789064569,nginx-thrift,Running,True
1789064569,nginx-thrift,Running,True
1789064569,nginx-thrift,Running,True
1789064569,nginx-thrift,Running,True
1789064569,post-storage-service,Running,True
1789064569,post-storage-service,Running,True
1789064569,social-graph-redis,Running,True
1789064569,social-graph-service,Running,True
1789064569,social-network-mcrouter,Running,True
1789064569,social-network-mcrouter,Running,True
1789064569,social-network-mcrouter,Running,True
1789064569,memcached,Running,True
1789064569,memcached,Running,True
1789064569,memcached,Running,True
1789064569,memcached,Running,True
1789064569,memcached,Running,True
1789064569,memcached,Running,True
1789064569,text-service,Running,True
1789064569,unique-id-service,Running,True
1789064569,url-shorten-service,Running,True
1789064569,user-mention-service,Running,True
1789064569,user-service,Running,True
1789064569,user-timeline-redis,Running,True
1789064569,user-timeline-service,Running,True
1789064570,compose-post-service,Running,True
1789064570,home-timeline-redis,Running,True
1789064570,home-timeline-service,Running,True
1789064570,jaeger,Running,True
1789064570,media-frontend,Running,True
1789064570,media-service,Running,True
1789064570,mongodb-sharded-configsvr,Running,True
1789064570,mongodb-sharded-mongos,Running,True
1789064570,mongodb-sharded-mongos,Running,True
1789064570,mongodb-sharded-mongos,Running,True
1789064570,mongodb-sharded-shardsvr,Running,True
1789064570,mongodb-sharded-shardsvr,Running,True
1789064570,mongodb-sharded-shardsvr,Running,True
1789064570,mongodb-sharded-shardsvr,Running,True
1789064570,mongodb-sharded-shardsvr,Running,True
1789064570,mongodb-sharded-shardsvr,Running,True
1789064570,nginx-thrift,Running,True
1789064570,nginx-thrift,Running,True
1789064570,nginx-thrift,Running,True
1789064570,nginx-thrift,Running,True
1789064570,nginx-thrift,Running,True
1789064570,nginx-thrift,Running,True
1789064570,post-storage-service,Running,True
1789064570,post-storage-service,Running,True
1789064570,social-graph-redis,Running,True
1789064570,social-graph-service,Running,True
1789064570,social-network-mcrouter,Running,True
1789064570,social-network-mcrouter,Running,True
1789064570,social-network-mcrouter,Running,True
1789064570,memcached,Running,True
1789064570,memcached,Running,True
1789064570,memcached,Running,True
1789064570,memcached,Running,True
1789064570,memcached,Running,True
1789064570,memcached,Running,True
1789064570,text-service,Running,True
1789064570,unique-id-service,Running,True
1789064570,url-shorten-service,Running,True
1789064570,user-mention-service,Running,True
1789064570,user-service,Running,True
1789064570,user-timeline-redis,Running,True
1789064570,user-timeline-service,Running,True
1789064571,compose-post-service,Running,True
1789064571,home-timeline-redis,Running,True
1789064571,home-timeline-service,Running,True
1789064571,jaeger,Running,True
1789064571,media-frontend,Running,True
1789064571,media-service,Running,True
1789064571,mongodb-sharded-configsvr,Running,True
1789064571,mongodb-sharded-mongos,Running,True
1789064571,mongodb-sharded-mongos,Running,True
1789064571,mongodb-sharded-mongos,Running,True
1789064571,mongodb-sharded-shardsvr,Running,True
1789064571,mongodb-sharded-shardsvr,Running,True
1789064571,mongodb-sharded-shardsvr,Running,True
1789064571,mongodb-sharded-shardsvr,Running,True
1789064571,mongodb-sharded-shardsvr,Running,True
1789064571,mongodb-sharded-shardsvr,Running,True
1789064571,nginx-thrift,Running,True
1789064571,nginx-thrift,Running,True
1789064571,nginx-thrift,Running,True
1789064571,nginx-thrift,Running,True
1789064571,nginx-thrift,Running,True
1789064571,nginx-thrift,Running,True
1789064571,post-storage-service,Running,True
1789064571,post-storage-service,Running,True
1789064571,social-graph-redis,Running,True
1789064571,social-graph-service,Running,True
1789064571,social-network-mcrouter,Running,True
1789064571,social-network-mcrouter,Running,True
1789064571,social-network-mcrouter,Running,True
1789064571,memcached,Running,True
1789064571,memcached,Running,True
1789064571,memcached,Running,True
1789064571,memcached,Running,True
1789064571,memcached,Running,True
1789064571,memcached,Running,True
1789064571,text-service,Running,True
1789064571,unique-id-service,Running,True
1789064571,url-shorten-service,Running,True
1789064571,user-mention-service,Running,True
1789064571,user-service,Running,True
1789064571,user-timeline-redis,Running,True
1789064571,user-timeline-service,Running,True
1789064572,compose-post-service,Running,True
1789064572,home-timeline-redis,Running,True
1789064572,home-timeline-service,Running,True
1789064572,jaeger,Running,True
1789064572,media-frontend,Running,True
1789064572,media-service,Running,True
1789064572,mongodb-sharded-configsvr,Running,True
1789064572,mongodb-sharded-mongos,Running,True
1789064572,mongodb-sharded-mongos,Running,True
1789064572,mongodb-sharded-mongos,Running,True
1789064572,mongodb-sharded-shardsvr,Running,True
1789064572,mongodb-sharded-shardsvr,Running,True
1789064572,mongodb-sharded-shardsvr,Running,True
1789064572,mongodb-sharded-shardsvr,Running,True
1789064572,mongodb-sharded-shardsvr,Running,True
1789064572,mongodb-sharded-shardsvr,Running,True
1789064572,nginx-thrift,Running,True
1789064572,nginx-thrift,Running,True
1789064572,nginx-thrift,Running,True
1789064572,nginx-thrift,Running,True
1789064572,nginx-thrift,Running,True
1789064572,nginx-thrift,Running,True
1789064572,post-storage-service,Running,True
1789064572,post-storage-service,Running,True
1789064572,social-graph-redis,Running,True
1789064572,social-graph-service,Running,True
1789064572,social-network-mcrouter,Running,True
1789064572,social-network-mcrouter,Running,True
1789064572,social-network-mcrouter,Running,True
1789064572,memcached,Running,True
1789064572,memcached,Running,True
1789064572,memcached,Running,True
1789064572,memcached,Running,True
1789064572,memcached,Running,True
1789064572,memcached,Running,True
1789064572,text-service,Running,True
1789064572,unique-id-service,Running,True
1789064572,url-shorten-service,Running,True
1789064572,user-mention-service,Running,True
1789064572,user-service,Running,True
1789064572,user-timeline-redis,Running,True
1789064572,user-timeline-service,Running,True
1789064573,compose-post-service,Running,True
1789064573,home-timeline-redis,Running,True
1789064573,home-timeline-service,Running,True
1789064573,jaeger,Running,True
1789064573,media-frontend,Running,True
1789064573,media-service,Running,True
1789064573,mongodb-sharded-configsvr,Running,True
1789064573,mongodb-sharded-mongos,Running,True
1789064573,mongodb-sharded-mongos,Running,True
1789064573,mongodb-sharded-mongos,Running,True
1789064573,mongodb-sharded-shardsvr,Running,True
1789064573,mongodb-sharded-shardsvr,Running,True
1789064573,mongodb-sharded-shardsvr,Running,True
1789064573,mongodb-sharded-shardsvr,Running,True
1789064573,mongodb-sharded-shardsvr,Running,True
1789064573,mongodb-sharded-shardsvr,Running,True
1789064573,nginx-thrift,Running,True
1789064573,nginx-thrift,Running,True
1789064573,nginx-thrift,Running,True
1789064573,nginx-thrift,Running,True
1789064573,nginx-thrift,Running,True
1789064573,nginx-thrift,Running,True
1789064573,post-storage-service,Running,True
1789064573,post-storage-service,Running,True
1789064573,social-graph-redis,Running,True
1789064573,social-graph-service,Running,True
1789064573,social-network-mcrouter,Running,True
1789064573,social-network-mcrouter,Running,True
1789064573,social-network-mcrouter,Running,True
1789064573,memcached,Running,True
1789064573,memcached,Running,True
1789064573,memcached,Running,True
1789064573,memcached,Running,True
1789064573,memcached,Running,True
1789064573,memcached,Running,True
1789064573,text-service,Running,True
1789064573,unique-id-service,Running,True
1789064573,url-shorten-service,Running,True
1789064573,user-mention-service,Running,True
1789064573,user-service,Running,True
1789064573,user-timeline-redis,Running,True
1789064573,user-timeline-service,Running,True
1789064574,compose-post-service,Running,True
1789064574,home-timeline-redis,Running,True
1789064574,home-timeline-service,Running,True
1789064574,jaeger,Running,True
1789064574,media-frontend,Running,True
1789064574,media-service,Running,True
1789064574,mongodb-sharded-configsvr,Running,True
1789064574,mongodb-sharded-mongos,Running,True
1789064574,mongodb-sharded-mongos,Running,True
1789064574,mongodb-sharded-mongos,Running,True
1789064574,mongodb-sharded-shardsvr,Running,True
1789064574,mongodb-sharded-shardsvr,Running,True
1789064574,mongodb-sharded-shardsvr,Running,True
1789064574,mongodb-sharded-shardsvr,Running,True
1789064574,mongodb-sharded-shardsvr,Running,True
1789064574,mongodb-sharded-shardsvr,Running,True
1789064574,nginx-thrift,Running,True
1789064574,nginx-thrift,Running,True
1789064574,nginx-thrift,Running,True
1789064574,nginx-thrift,Running,True
1789064574,nginx-thrift,Running,True
1789064574,nginx-thrift,Running,True
1789064574,post-storage-service,Running,True
1789064574,post-storage-service,Running,True
1789064574,social-graph-redis,Running,True
1789064574,social-graph-service,Running,True
1789064574,social-network-mcrouter,Running,True
1789064574,social-network-mcrouter,Running,True
1789064574,social-network-mcrouter,Running,True
1789064574,memcached,Running,True
1789064574,memcached,Running,True
1789064574,memcached,Running,True
1789064574,memcached,Running,True
1789064574,memcached,Running,True
1789064574,memcached,Running,True
1789064574,text-service,Running,True
1789064574,unique-id-service,Running,True
1789064574,url-shorten-service,Running,True
1789064574,user-mention-service,Running,True
1789064574,user-service,Running,True
1789064574,user-timeline-redis,Running,True
1789064574,user-timeline-service,Running,True
1789064575,compose-post-service,Running,True
1789064575,home-timeline-redis,Running,True
1789064575,home-timeline-service,Running,True
1789064575,jaeger,Running,True
1789064575,media-frontend,Running,True
1789064575,media-service,Running,True
1789064575,mongodb-sharded-configsvr,Running,True
1789064575,mongodb-sharded-mongos,Running,True
1789064575,mongodb-sharded-mongos,Running,True
1789064575,mongodb-sharded-mongos,Running,True
1789064575,mongodb-sharded-shardsvr,Running,True
1789064575,mongodb-sharded-shardsvr,Running,True
1789064575,mongodb-sharded-shardsvr,Running,True
1789064575,mongodb-sharded-shardsvr,Running,True
1789064575,mongodb-sharded-shardsvr,Running,True
1789064575,mongodb-sharded-shardsvr,Running,True
1789064575,nginx-thrift,Running,True
1789064575,nginx-thrift,Running,True
1789064575,nginx-thrift,Running,True
1789064575,nginx-thrift,Running,True
1789064575,nginx-thrift,Running,True
1789064575,nginx-thrift,Running,True
1789064575,post-storage-service,Running,True
1789064575,post-storage-service,Running,True
1789064575,social-graph-redis,Running,True
1789064575,social-graph-service,Running,True
1789064575,social-network-mcrouter,Running,True
1789064575,social-network-mcrouter,Running,True
1789064575,social-network-mcrouter,Running,True
1789064575,memcached,Running,True
1789064575,memcached,Running,True
1789064575,memcached,Running,True
1789064575,memcached,Running,True
1789064575,memcached,Running,True
1789064575,memcached,Running,True
1789064575,text-service,Running,True
1789064575,unique-id-service,Running,True
1789064575,url-shorten-service,Running,True
1789064575,user-mention-service,Running,True
1789064575,user-service,Running,True
1789064575,user-timeline-redis,Running,True
1789064575,user-timeline-service,Running,True
1789064576,compose-post-service,Running,True
1789064576,home-timeline-redis,Running,True
1789064576,home-timeline-service,Running,True
1789064576,jaeger,Running,True
1789064576,media-frontend,Running,True
1789064576,media-service,Running,True
1789064576,mongodb-sharded-configsvr,Running,True
1789064576,mongodb-sharded-mongos,Running,True
1789064576,mongodb-sharded-mongos,Running,True
1789064576,mongodb-sharded-mongos,Running,True
1789064576,mongodb-sharded-shardsvr,Running,True
1789064576,mongodb-sharded-shardsvr,Running,True
1789064576,mongodb-sharded-shardsvr,Running,True
1789064576,mongodb-sharded-shardsvr,Running,True
1789064576,mongodb-sharded-shardsvr,Running,True
1789064576,mongodb-sharded-shardsvr,Running,True
1789064576,nginx-thrift,Running,True
1789064576,nginx-thrift,Running,True
1789064576,nginx-thrift,Running,True
1789064576,nginx-thrift,Running,True
1789064576,nginx-thrift,Running,True
1789064576,nginx-thrift,Running,True
1789064576,post-storage-service,Running,True
1789064576,post-storage-service,Running,True
1789064576,social-graph-redis,Running,True
1789064576,social-graph-service,Running,True
1789064576,social-network-mcrouter,Running,True
1789064576,social-network-mcrouter,Running,True
1789064576,social-network-mcrouter,Running,True
1789064576,memcached,Running,True
1789064576,memcached,Running,True
1789064576,memcached,Running,True
1789064576,memcached,Running,True
1789064576,memcached,Running,True
1789064576,memcached,Running,True
1789064576,text-service,Running,True
1789064576,unique-id-service,Running,True
1789064576,url-shorten-service,Running,True
1789064576,user-mention-service,Running,True
1789064576,user-service,Running,True
1789064576,user-timeline-redis,Running,True
1789064576,user-timeline-service,Running,True
1789064577,compose-post-service,Running,True
1789064577,home-timeline-redis,Running,True
1789064577,home-timeline-service,Running,True
1789064577,jaeger,Running,True
1789064577,media-frontend,Running,True
1789064577,media-service,Running,True
1789064577,mongodb-sharded-configsvr,Running,True
1789064577,mongodb-sharded-mongos,Running,True
1789064577,mongodb-sharded-mongos,Running,True
1789064577,mongodb-sharded-mongos,Running,True
1789064577,mongodb-sharded-shardsvr,Running,True
1789064577,mongodb-sharded-shardsvr,Running,True
1789064577,mongodb-sharded-shardsvr,Running,True
1789064577,mongodb-sharded-shardsvr,Running,True
1789064577,mongodb-sharded-shardsvr,Running,True
1789064577,mongodb-sharded-shardsvr,Running,True
1789064577,nginx-thrift,Running,True
1789064577,nginx-thrift,Running,True
1789064577,nginx-thrift,Running,True
1789064577,nginx-thrift,Running,True
1789064577,nginx-thrift,Running,True
1789064577,nginx-thrift,Running,True
1789064577,post-storage-service,Running,True
1789064577,post-storage-service,Running,True
1789064577,social-graph-redis,Running,True
1789064577,social-graph-service,Running,True
1789064577,social-network-mcrouter,Running,True
1789064577,social-network-mcrouter,Running,True
1789064577,social-network-mcrouter,Running,True
1789064577,memcached,Running,True
1789064577,memcached,Running,True
1789064577,memcached,Running,True
1789064577,memcached,Running,True
1789064577,memcached,Running,True
1789064577,memcached,Running,True
1789064577,text-service,Running,True
1789064577,unique-id-service,Running,True
1789064577,url-shorten-service,Running,True
1789064577,user-mention-service,Running,True
1789064577,user-service,Running,True
1789064577,user-timeline-redis,Running,True
1789064577,user-timeline-service,Running,True
1789064578,compose-post-service,Running,True
1789064578,home-timeline-redis,Running,True
1789064578,home-timeline-service,Running,True
1789064578,jaeger,Running,True
1789064578,media-frontend,Running,True
1789064578,media-service,Running,True
1789064578,mongodb-sharded-configsvr,Running,True
1789064578,mongodb-sharded-mongos,Running,True
1789064578,mongodb-sharded-mongos,Running,True
1789064578,mongodb-sharded-mongos,Running,True
1789064578,mongodb-sharded-shardsvr,Running,True
1789064578,mongodb-sharded-shardsvr,Running,True
1789064578,mongodb-sharded-shardsvr,Running,True
1789064578,mongodb-sharded-shardsvr,Running,True
1789064578,mongodb-sharded-shardsvr,Running,True
1789064578,mongodb-sharded-shardsvr,Running,True
1789064578,nginx-thrift,Running,True
1789064578,nginx-thrift,Running,True
1789064578,nginx-thrift,Running,True
1789064578,nginx-thrift,Running,True
1789064578,nginx-thrift,Running,True
1789064578,nginx-thrift,Running,True
1789064578,post-storage-service,Running,True
1789064578,post-storage-service,Running,True
1789064578,social-graph-redis,Running,True
1789064578,social-graph-service,Running,True
1789064578,social-network-mcrouter,Running,True
1789064578,social-network-mcrouter,Running,True
1789064578,social-network-mcrouter,Running,True
1789064578,memcached,Running,True
1789064578,memcached,Running,True
1789064578,memcached,Running,True
1789064578,memcached,Running,True
1789064578,memcached,Running,True
1789064578,memcached,Running,True
1789064578,text-service,Running,True
1789064578,unique-id-service,Running,True
1789064578,url-shorten-service,Running,True
1789064578,user-mention-service,Running,True
1789064578,user-service,Running,True
1789064578,user-timeline-redis,Running,True
1789064578,user-timeline-service,Running,True
1789064579,compose-post-service,Running,True
1789064579,home-timeline-redis,Running,True
1789064579,home-timeline-service,Running,True
1789064579,jaeger,Running,True
1789064579,media-frontend,Running,True
1789064579,media-service,Running,True
1789064579,mongodb-sharded-configsvr,Running,True
1789064579,mongodb-sharded-mongos,Running,True
1789064579,mongodb-sharded-mongos,Running,True
1789064579,mongodb-sharded-mongos,Running,True
1789064579,mongodb-sharded-shardsvr,Running,True
1789064579,mongodb-sharded-shardsvr,Running,True
1789064579,mongodb-sharded-shardsvr,Running,True
1789064579,mongodb-sharded-shardsvr,Running,True
1789064579,mongodb-sharded-shardsvr,Running,True
1789064579,mongodb-sharded-shardsvr,Running,True
1789064579,nginx-thrift,Running,True
1789064579,nginx-thrift,Running,True
1789064579,nginx-thrift,Running,True
1789064579,nginx-thrift,Running,True
1789064579,nginx-thrift,Running,True
1789064579,nginx-thrift,Running,True
1789064579,post-storage-service,Running,True
1789064579,post-storage-service,Running,True
1789064579,social-graph-redis,Running,True
1789064579,social-graph-service,Running,True
1789064579,social-network-mcrouter,Running,True
1789064579,social-network-mcrouter,Running,True
1789064579,social-network-mcrouter,Running,True
1789064579,memcached,Running,True
1789064579,memcached,Running,True
1789064579,memcached,Running,True
1789064579,memcached,Running,True
1789064579,memcached,Running,True
1789064579,memcached,Running,True
1789064579,text-service,Running,True
1789064579,unique-id-service,Running,True
1789064579,url-shorten-service,Running,True
1789064579,user-mention-service,Running,True
1789064579,user-service,Running,True
1789064579,user-timeline-redis,Running,True
1789064579,user-timeline-service,Running,True
1789064580,compose-post-service,Running,True
1789064580,home-timeline-redis,Running,True
1789064580,home-timeline-service,Running,True
1789064580,jaeger,Running,True
1789064580,media-frontend,Running,True
1789064580,media-service,Running,True
1789064580,mongodb-sharded-configsvr,Running,True
1789064580,mongodb-sharded-mongos,Running,True
1789064580,mongodb-sharded-mongos,Running,True
1789064580,mongodb-sharded-mongos,Running,True
1789064580,mongodb-sharded-shardsvr,Running,True
1789064580,mongodb-sharded-shardsvr,Running,True
1789064580,mongodb-sharded-shardsvr,Running,True
1789064580,mongodb-sharded-shardsvr,Running,True
1789064580,mongodb-sharded-shardsvr,Running,True
1789064580,mongodb-sharded-shardsvr,Running,True
1789064580,nginx-thrift,Running,True
1789064580,nginx-thrift,Running,True
1789064580,nginx-thrift,Running,True
1789064580,nginx-thrift,Running,True
1789064580,nginx-thrift,Running,True
1789064580,nginx-thrift,Running,True
1789064580,post-storage-service,Running,True
1789064580,post-storage-service,Running,True
1789064580,social-graph-redis,Running,True
1789064580,social-graph-service,Running,True
1789064580,social-network-mcrouter,Running,True
1789064580,social-network-mcrouter,Running,True
1789064580,social-network-mcrouter,Running,True
1789064580,memcached,Running,True
1789064580,memcached,Running,True
1789064580,memcached,Running,True
1789064580,memcached,Running,True
1789064580,memcached,Running,True
1789064580,memcached,Running,True
1789064580,text-service,Running,True
1789064580,unique-id-service,Running,True
1789064580,url-shorten-service,Running,True
1789064580,user-mention-service,Running,True
1789064580,user-service,Running,True
1789064580,user-timeline-redis,Running,True
1789064580,user-timeline-service,Running,True
1789064581,compose-post-service,Running,True
1789064581,home-timeline-redis,Running,True
1789064581,home-timeline-service,Running,True
1789064581,jaeger,Running,True
1789064581,media-frontend,Running,True
1789064581,media-service,Running,True
1789064581,mongodb-sharded-configsvr,Running,True
1789064581,mongodb-sharded-mongos,Running,True
1789064581,mongodb-sharded-mongos,Running,True
1789064581,mongodb-sharded-mongos,Running,True
1789064581,mongodb-sharded-shardsvr,Running,True
1789064581,mongodb-sharded-shardsvr,Running,True
1789064581,mongodb-sharded-shardsvr,Running,True
1789064581,mongodb-sharded-shardsvr,Running,True
1789064581,mongodb-sharded-shardsvr,Running,True
1789064581,mongodb-sharded-shardsvr,Running,True
1789064581,nginx-thrift,Running,True
1789064581,nginx-thrift,Running,True
1789064581,nginx-thrift,Running,True
1789064581,nginx-thrift,Running,True
1789064581,nginx-thrift,Running,True
1789064581,nginx-thrift,Running,True
1789064581,post-storage-service,Running,True
1789064581,post-storage-service,Running,True
1789064581,social-graph-redis,Running,True
1789064581,social-graph-service,Running,True
1789064581,social-network-mcrouter,Running,True
1789064581,social-network-mcrouter,Running,True
1789064581,social-network-mcrouter,Running,True
1789064581,memcached,Running,True
1789064581,memcached,Running,True
1789064581,memcached,Running,True
1789064581,memcached,Running,True
1789064581,memcached,Running,True
1789064581,memcached,Running,True
1789064581,text-service,Running,True
1789064581,unique-id-service,Running,True
1789064581,url-shorten-service,Running,True
1789064581,user-mention-service,Running,True
1789064581,user-service,Running,True
1789064581,user-timeline-redis,Running,True
1789064581,user-timeline-service,Running,True
1789064582,compose-post-service,Running,True
1789064582,home-timeline-redis,Running,True
1789064582,home-timeline-service,Running,True
1789064582,jaeger,Running,True
1789064582,media-frontend,Running,True
1789064582,media-service,Running,True
1789064582,mongodb-sharded-configsvr,Running,True
1789064582,mongodb-sharded-mongos,Running,True
1789064582,mongodb-sharded-mongos,Running,True
1789064582,mongodb-sharded-mongos,Running,True
1789064582,mongodb-sharded-shardsvr,Running,True
1789064582,mongodb-sharded-shardsvr,Running,True
1789064582,mongodb-sharded-shardsvr,Running,True
1789064582,mongodb-sharded-shardsvr,Running,True
1789064582,mongodb-sharded-shardsvr,Running,True
1789064582,mongodb-sharded-shardsvr,Running,True
1789064582,nginx-thrift,Running,True
1789064582,nginx-thrift,Running,True
1789064582,nginx-thrift,Running,True
1789064582,nginx-thrift,Running,True
1789064582,nginx-thrift,Running,True
1789064582,nginx-thrift,Running,True
1789064582,post-storage-service,Running,True
1789064582,post-storage-service,Running,True
1789064582,social-graph-redis,Running,True
1789064582,social-graph-service,Running,True
1789064582,social-network-mcrouter,Running,True
1789064582,social-network-mcrouter,Running,True
1789064582,social-network-mcrouter,Running,True
1789064582,memcached,Running,True
1789064582,memcached,Running,True
1789064582,memcached,Running,True
1789064582,memcached,Running,True
1789064582,memcached,Running,True
1789064582,memcached,Running,True
1789064582,text-service,Running,True
1789064582,unique-id-service,Running,True
1789064582,url-shorten-service,Running,True
1789064582,user-mention-service,Running,True
1789064582,user-service,Running,True
1789064582,user-timeline-redis,Running,True
1789064582,user-timeline-service,Running,True
1789064583,compose-post-service,Running,True
1789064583,home-timeline-redis,Running,True
1789064583,home-timeline-service,Running,True
1789064583,jaeger,Running,True
1789064583,media-frontend,Running,True
1789064583,media-service,Running,True
1789064583,mongodb-sharded-configsvr,Running,True
1789064583,mongodb-sharded-mongos,Running,True
1789064583,mongodb-sharded-mongos,Running,True
1789064583,mongodb-sharded-mongos,Running,True
1789064583,mongodb-sharded-shardsvr,Running,True
1789064583,mongodb-sharded-shardsvr,Running,True
1789064583,mongodb-sharded-shardsvr,Running,True
1789064583,mongodb-sharded-shardsvr,Running,True
1789064583,mongodb-sharded-shardsvr,Running,True
1789064583,mongodb-sharded-shardsvr,Running,True
1789064583,nginx-thrift,Running,True
1789064583,nginx-thrift,Running,True
1789064583,nginx-thrift,Running,True
1789064583,nginx-thrift,Running,True
1789064583,nginx-thrift,Running,True
1789064583,nginx-thrift,Running,True
1789064583,post-storage-service,Running,True
1789064583,post-storage-service,Running,True
1789064583,social-graph-redis,Running,True
1789064583,social-graph-service,Running,True
1789064583,social-network-mcrouter,Running,True
1789064583,social-network-mcrouter,Running,True
1789064583,social-network-mcrouter,Running,True
1789064583,memcached,Running,True
1789064583,memcached,Running,True
1789064583,memcached,Running,True
1789064583,memcached,Running,True
1789064583,memcached,Running,True
1789064583,memcached,Running,True
1789064583,text-service,Running,True
1789064583,unique-id-service,Running,True
1789064583,url-shorten-service,Running,True
1789064583,user-mention-service,Running,True
1789064583,user-service,Running,True
1789064583,user-timeline-redis,Running,True
1789064583,user-timeline-service,Running,True
1789064584,compose-post-service,Running,True
1789064584,home-timeline-redis,Running,True
1789064584,home-timeline-service,Running,True
1789064584,jaeger,Running,True
1789064584,media-frontend,Running,True
1789064584,media-service,Running,True
1789064584,mongodb-sharded-configsvr,Running,True
1789064584,mongodb-sharded-mongos,Running,True
1789064584,mongodb-sharded-mongos,Running,True
1789064584,mongodb-sharded-mongos,Running,True
1789064584,mongodb-sharded-shardsvr,Running,True
1789064584,mongodb-sharded-shardsvr,Running,True
1789064584,mongodb-sharded-shardsvr,Running,True
1789064584,mongodb-sharded-shardsvr,Running,True
1789064584,mongodb-sharded-shardsvr,Running,True
1789064584,mongodb-sharded-shardsvr,Running,True
1789064584,nginx-thrift,Running,True
1789064584,nginx-thrift,Running,True
1789064584,nginx-thrift,Running,True
1789064584,nginx-thrift,Running,True
1789064584,nginx-thrift,Running,True
1789064584,nginx-thrift,Running,True
1789064584,post-storage-service,Running,True
1789064584,post-storage-service,Running,True
1789064584,social-graph-redis,Running,True
1789064584,social-graph-service,Running,True
1789064584,social-network-mcrouter,Running,True
1789064584,social-network-mcrouter,Running,True
1789064584,social-network-mcrouter,Running,True
1789064584,memcached,Running,True
1789064584,memcached,Running,True
1789064584,memcached,Running,True
1789064584,memcached,Running,True
1789064584,memcached,Running,True
1789064584,memcached,Running,True
1789064584,text-service,Running,True
1789064584,unique-id-service,Running,True
1789064584,url-shorten-service,Running,True
1789064584,user-mention-service,Running,True
1789064584,user-service,Running,True
1789064584,user-timeline-redis,Running,True
1789064584,user-timeline-service,Running,True
1789064585,compose-post-service,Running,True
1789064585,home-timeline-redis,Running,True
1789064585,home-timeline-service,Running,True
1789064585,jaeger,Running,True
1789064585,media-frontend,Running,True
1789064585,media-service,Running,True
1789064585,mongodb-sharded-configsvr,Running,True
1789064585,mongodb-sharded-mongos,Running,True
1789064585,mongodb-sharded-mongos,Running,True
1789064585,mongodb-sharded-mongos,Running,True
1789064585,mongodb-sharded-shardsvr,Running,True
1789064585,mongodb-sharded-shardsvr,Running,True
1789064585,mongodb-sharded-shardsvr,Running,True
1789064585,mongodb-sharded-shardsvr,Running,True
1789064585,mongodb-sharded-shardsvr,Running,True
1789064585,mongodb-sharded-shardsvr,Running,True
1789064585,nginx-thrift,Running,True
1789064585,nginx-thrift,Running,True
1789064585,nginx-thrift,Running,True
1789064585,nginx-thrift,Running,True
1789064585,nginx-thrift,Running,True
1789064585,nginx-thrift,Running,True
1789064585,post-storage-service,Running,True
1789064585,post-storage-service,Running,True
1789064585,social-graph-redis,Running,True
1789064585,social-graph-service,Running,True
1789064585,social-network-mcrouter,Running,True
1789064585,social-network-mcrouter,Running,True
1789064585,social-network-mcrouter,Running,True
1789064585,memcached,Running,True
1789064585,memcached,Running,True
1789064585,memcached,Running,True
1789064585,memcached,Running,True
1789064585,memcached,Running,True
1789064585,memcached,Running,True
1789064585,text-service,Running,True
1789064585,unique-id-service,Running,True
1789064585,url-shorten-service,Running,True
1789064585,user-mention-service,Running,True
1789064585,user-service,Running,True
1789064585,user-timeline-redis,Running,True
1789064585,user-timeline-service,Running,True
1789064586,compose-post-service,Running,True
1789064586,home-timeline-redis,Running,True
1789064586,home-timeline-service,Running,True
1789064586,jaeger,Running,True
1789064586,media-frontend,Running,True
1789064586,media-service,Running,True
1789064586,mongodb-sharded-configsvr,Running,True
1789064586,mongodb-sharded-mongos,Running,True
1789064586,mongodb-sharded-mongos,Running,True
1789064586,mongodb-sharded-mongos,Running,True
1789064586,mongodb-sharded-shardsvr,Running,True
1789064586,mongodb-sharded-shardsvr,Running,True
1789064586,mongodb-sharded-shardsvr,Running,True
1789064586,mongodb-sharded-shardsvr,Running,True
1789064586,mongodb-sharded-shardsvr,Running,True
1789064586,mongodb-sharded-shardsvr,Running,True
1789064586,nginx-thrift,Running,True
1789064586,nginx-thrift,Running,True
1789064586,nginx-thrift,Running,True
1789064586,nginx-thrift,Running,True
1789064586,nginx-thrift,Running,True
1789064586,nginx-thrift,Running,True
1789064586,post-storage-service,Running,True
1789064586,post-storage-service,Running,True
1789064586,social-graph-redis,Running,True
1789064586,social-graph-service,Running,True
1789064586,social-network-mcrouter,Running,True
1789064586,social-network-mcrouter,Running,True
1789064586,social-network-mcrouter,Running,True
1789064586,memcached,Running,True
1789064586,memcached,Running,True
1789064586,memcached,Running,True
1789064586,memcached,Running,True
1789064586,memcached,Running,True
1789064586,memcached,Running,True
1789064586,text-service,Running,True
1789064586,unique-id-service,Running,True
1789064586,url-shorten-service,Running,True
1789064586,user-mention-service,Running,True
1789064586,user-service,Running,True
1789064586,user-timeline-redis,Running,True
1789064586,user-timeline-service,Running,True
1789064587,compose-post-service,Running,True
1789064587,home-timeline-redis,Running,True
1789064587,home-timeline-service,Running,True
1789064587,jaeger,Running,True
1789064587,media-frontend,Running,True
1789064587,media-service,Running,True
1789064587,mongodb-sharded-configsvr,Running,True
1789064587,mongodb-sharded-mongos,Running,True
1789064587,mongodb-sharded-mongos,Running,True
1789064587,mongodb-sharded-mongos,Running,True
1789064587,mongodb-sharded-shardsvr,Running,True
1789064587,mongodb-sharded-shardsvr,Running,True
1789064587,mongodb-sharded-shardsvr,Running,True
1789064587,mongodb-sharded-shardsvr,Running,True
1789064587,mongodb-sharded-shardsvr,Running,True
1789064587,mongodb-sharded-shardsvr,Running,True
1789064587,nginx-thrift,Running,True
1789064587,nginx-thrift,Running,True
1789064587,nginx-thrift,Running,True
1789064587,nginx-thrift,Running,True
1789064587,nginx-thrift,Running,True
1789064587,nginx-thrift,Running,True
1789064587,post-storage-service,Running,True
1789064587,post-storage-service,Running,True
1789064587,social-graph-redis,Running,True
1789064587,social-graph-service,Running,True
1789064587,social-network-mcrouter,Running,True
1789064587,social-network-mcrouter,Running,True
1789064587,social-network-mcrouter,Running,True
1789064587,memcached,Running,True
1789064587,memcached,Running,True
1789064587,memcached,Running,True
1789064587,memcached,Running,True
1789064587,memcached,Running,True
1789064587,memcached,Running,True
1789064587,text-service,Running,True
1789064587,unique-id-service,Running,True
1789064587,url-shorten-service,Running,True
1789064587,user-mention-service,Running,True
1789064587,user-service,Running,True
1789064587,user-timeline-redis,Running,True
1789064587,user-timeline-service,Running,True
1789064588,compose-post-service,Running,True
1789064588,home-timeline-redis,Running,True
1789064588,home-timeline-service,Running,True
1789064588,jaeger,Running,True
1789064588,media-frontend,Running,True
1789064588,media-service,Running,True
1789064588,mongodb-sharded-configsvr,Running,True
1789064588,mongodb-sharded-mongos,Running,True
1789064588,mongodb-sharded-mongos,Running,True
1789064588,mongodb-sharded-mongos,Running,True
1789064588,mongodb-sharded-shardsvr,Running,True
1789064588,mongodb-sharded-shardsvr,Running,True
1789064588,mongodb-sharded-shardsvr,Running,True
1789064588,mongodb-sharded-shardsvr,Running,True
1789064588,mongodb-sharded-shardsvr,Running,True
1789064588,mongodb-sharded-shardsvr,Running,True
1789064588,nginx-thrift,Running,True
1789064588,nginx-thrift,Running,True
1789064588,nginx-thrift,Running,True
1789064588,nginx-thrift,Running,True
1789064588,nginx-thrift,Running,True
1789064588,nginx-thrift,Running,True
1789064588,post-storage-service,Running,True
1789064588,post-storage-service,Running,True
1789064588,social-graph-redis,Running,True
1789064588,social-graph-service,Running,True
1789064588,social-network-mcrouter,Running,True
1789064588,social-network-mcrouter,Running,True
1789064588,social-network-mcrouter,Running,True
1789064588,memcached,Running,True
1789064588,memcached,Running,True
1789064588,memcached,Running,True
1789064588,memcached,Running,True
1789064588,memcached,Running,True
1789064588,memcached,Running,True
1789064588,text-service,Running,True
1789064588,unique-id-service,Running,True
1789064588,url-shorten-service,Running,True
1789064588,user-mention-service,Running,True
1789064588,user-service,Running,True
1789064588,user-timeline-redis,Running,True
1789064588,user-timeline-service,Running,True
1789064589,compose-post-service,Running,True
1789064589,home-timeline-redis,Running,True
1789064589,home-timeline-service,Running,True
1789064589,jaeger,Running,True
1789064589,media-frontend,Running,True
1789064589,media-service,Running,True
1789064589,mongodb-sharded-configsvr,Running,True
1789064589,mongodb-sharded-mongos,Running,True
1789064589,mongodb-sharded-mongos,Running,True
1789064589,mongodb-sharded-mongos,Running,True
1789064589,mongodb-sharded-shardsvr,Running,True
1789064589,mongodb-sharded-shardsvr,Running,True
1789064589,mongodb-sharded-shardsvr,Running,True
1789064589,mongodb-sharded-shardsvr,Running,True
1789064589,mongodb-sharded-shardsvr,Running,True
1789064589,mongodb-sharded-shardsvr,Running,True
1789064589,nginx-thrift,Running,True
1789064589,nginx-thrift,Running,True
1789064589,nginx-thrift,Running,True
1789064589,nginx-thrift,Running,True
1789064589,nginx-thrift,Running,True
1789064589,nginx-thrift,Running,True
1789064589,post-storage-service,Running,True
1789064589,post-storage-service,Running,True
1789064589,social-graph-redis,Running,True
1789064589,social-graph-service,Running,True
1789064589,social-network-mcrouter,Running,True
1789064589,social-network-mcrouter,Running,True
1789064589,social-network-mcrouter,Running,True
1789064589,memcached,Running,True
1789064589,memcached,Running,True
1789064589,memcached,Running,True
1789064589,memcached,Running,True
1789064589,memcached,Running,True
1789064589,memcached,Running,True
1789064589,text-service,Running,True
1789064589,unique-id-service,Running,True
1789064589,url-shorten-service,Running,True
1789064589,user-mention-service,Running,True
1789064589,user-service,Running,True
1789064589,user-timeline-redis,Running,True
1789064589,user-timeline-service,Running,True
1789064590,compose-post-service,Running,True
1789064590,home-timeline-redis,Running,True
1789064590,home-timeline-service,Running,True
1789064590,jaeger,Running,True
1789064590,media-frontend,Running,True
1789064590,media-service,Running,True
1789064590,mongodb-sharded-configsvr,Running,True
1789064590,mongodb-sharded-mongos,Running,True
1789064590,mongodb-sharded-mongos,Running,True
1789064590,mongodb-sharded-mongos,Running,True
1789064590,mongodb-sharded-shardsvr,Running,True
1789064590,mongodb-sharded-shardsvr,Running,True
1789064590,mongodb-sharded-shardsvr,Running,True
1789064590,mongodb-sharded-shardsvr,Running,True
1789064590,mongodb-sharded-shardsvr,Running,True
1789064590,mongodb-sharded-shardsvr,Running,True
1789064590,nginx-thrift,Running,True
1789064590,nginx-thrift,Running,True
1789064590,nginx-thrift,Running,True
1789064590,nginx-thrift,Running,True
1789064590,nginx-thrift,Running,True
1789064590,nginx-thrift,Running,True
1789064590,post-storage-service,Running,True
1789064590,post-storage-service,Running,True
1789064590,social-graph-redis,Running,True
1789064590,social-graph-service,Running,True
1789064590,social-network-mcrouter,Running,True
1789064590,social-network-mcrouter,Running,True
1789064590,social-network-mcrouter,Running,True
1789064590,memcached,Running,True
1789064590,memcached,Running,True
1789064590,memcached,Running,True
1789064590,memcached,Running,True
1789064590,memcached,Running,True
1789064590,memcached,Running,True
1789064590,text-service,Running,True
1789064590,unique-id-service,Running,True
1789064590,url-shorten-service,Running,True
1789064590,user-mention-service,Running,True
1789064590,user-service,Running,True
1789064590,user-timeline-redis,Running,True
1789064590,user-timeline-service,Running,True
1789064591,compose-post-service,Running,True
1789064591,home-timeline-redis,Running,True
1789064591,home-timeline-service,Running,True
1789064591,jaeger,Running,True
1789064591,media-frontend,Running,True
1789064591,media-service,Running,True
1789064591,mongodb-sharded-configsvr,Running,True
1789064591,mongodb-sharded-mongos,Running,True
1789064591,mongodb-sharded-mongos,Running,True
1789064591,mongodb-sharded-mongos,Running,True
1789064591,mongodb-sharded-shardsvr,Running,True
1789064591,mongodb-sharded-shardsvr,Running,True
1789064591,mongodb-sharded-shardsvr,Running,True
1789064591,mongodb-sharded-shardsvr,Running,True
1789064591,mongodb-sharded-shardsvr,Running,True
1789064591,mongodb-sharded-shardsvr,Running,True
1789064591,nginx-thrift,Running,True
1789064591,nginx-thrift,Running,True
1789064591,nginx-thrift,Running,True
1789064591,nginx-thrift,Running,True
1789064591,nginx-thrift,Running,True
1789064591,nginx-thrift,Running,True
1789064591,post-storage-service,Running,True
1789064591,post-storage-service,Running,True
1789064591,social-graph-redis,Running,True
1789064591,social-graph-service,Running,True
1789064591,social-network-mcrouter,Running,True
1789064591,social-network-mcrouter,Running,True
1789064591,social-network-mcrouter,Running,True
1789064591,memcached,Running,True
1789064591,memcached,Running,True
1789064591,memcached,Running,True
1789064591,memcached,Running,True
1789064591,memcached,Running,True
1789064591,memcached,Running,True
1789064591,text-service,Running,True
1789064591,unique-id-service,Running,True
1789064591,url-shorten-service,Running,True
1789064591,user-mention-service,Running,True
1789064591,user-service,Running,True
1789064591,user-timeline-redis,Running,True
1789064591,user-timeline-service,Running,True
1789064592,compose-post-service,Running,True
1789064592,home-timeline-redis,Running,True
1789064592,home-timeline-service,Running,True
1789064592,jaeger,Running,True
1789064592,media-frontend,Running,True
1789064592,media-service,Running,True
1789064592,mongodb-sharded-configsvr,Running,True
1789064592,mongodb-sharded-mongos,Running,True
1789064592,mongodb-sharded-mongos,Running,True
1789064592,mongodb-sharded-mongos,Running,True
1789064592,mongodb-sharded-shardsvr,Running,True
1789064592,mongodb-sharded-shardsvr,Running,True
1789064592,mongodb-sharded-shardsvr,Running,True
1789064592,mongodb-sharded-shardsvr,Running,True
1789064592,mongodb-sharded-shardsvr,Running,True
1789064592,mongodb-sharded-shardsvr,Running,True
1789064592,nginx-thrift,Running,True
1789064592,nginx-thrift,Running,True
1789064592,nginx-thrift,Running,True
1789064592,nginx-thrift,Running,True
1789064592,nginx-thrift,Running,True
1789064592,nginx-thrift,Running,True
1789064592,post-storage-service,Running,True
1789064592,post-storage-service,Running,True
1789064592,social-graph-redis,Running,True
1789064592,social-graph-service,Running,True
1789064592,social-network-mcrouter,Running,True
1789064592,social-network-mcrouter,Running,True
1789064592,social-network-mcrouter,Running,True
1789064592,memcached,Running,True
1789064592,memcached,Running,True
1789064592,memcached,Running,True
1789064592,memcached,Running,True
1789064592,memcached,Running,True
1789064592,memcached,Running,True
1789064592,text-service,Running,True
1789064592,unique-id-service,Running,True
1789064592,url-shorten-service,Running,True
1789064592,user-mention-service,Running,True
1789064592,user-service,Running,True
1789064592,user-timeline-redis,Running,True
1789064592,user-timeline-service,Running,True
1789064593,compose-post-service,Running,True
1789064593,home-timeline-redis,Running,True
1789064593,home-timeline-service,Running,True
1789064593,jaeger,Running,True
1789064593,media-frontend,Running,True
1789064593,media-service,Running,True
1789064593,mongodb-sharded-configsvr,Running,True
1789064593,mongodb-sharded-mongos,Running,True
1789064593,mongodb-sharded-mongos,Running,True
1789064593,mongodb-sharded-mongos,Running,True
1789064593,mongodb-sharded-shardsvr,Running,True
1789064593,mongodb-sharded-shardsvr,Running,True
1789064593,mongodb-sharded-shardsvr,Running,True
1789064593,mongodb-sharded-shardsvr,Running,True
1789064593,mongodb-sharded-shardsvr,Running,True
1789064593,mongodb-sharded-shardsvr,Running,True
1789064593,nginx-thrift,Running,True
1789064593,nginx-thrift,Running,True
1789064593,nginx-thrift,Running,True
1789064593,nginx-thrift,Running,True
1789064593,nginx-thrift,Running,True
1789064593,nginx-thrift,Running,True
1789064593,post-storage-service,Running,True
1789064593,post-storage-service,Running,True
1789064593,social-graph-redis,Running,True
1789064593,social-graph-service,Running,True
1789064593,social-network-mcrouter,Running,True
1789064593,social-network-mcrouter,Running,True
1789064593,social-network-mcrouter,Running,True
1789064593,memcached,Running,True
1789064593,memcached,Running,True
1789064593,memcached,Running,True
1789064593,memcached,Running,True
1789064593,memcached,Running,True
1789064593,memcached,Running,True
1789064593,text-service,Running,True
1789064593,unique-id-service,Running,True
1789064593,url-shorten-service,Running,True
1789064593,user-mention-service,Running,True
1789064593,user-service,Running,True
1789064593,user-timeline-redis,Running,True
1789064593,user-timeline-service,Running,True
1789064594,compose-post-service,Running,True
1789064594,home-timeline-redis,Running,True
1789064594,home-timeline-service,Running,True
1789064594,jaeger,Running,True
1789064594,media-frontend,Running,True
1789064594,media-service,Running,True
1789064594,mongodb-sharded-configsvr,Running,True
1789064594,mongodb-sharded-mongos,Running,True
1789064594,mongodb-sharded-mongos,Running,True
1789064594,mongodb-sharded-mongos,Running,True
1789064594,mongodb-sharded-shardsvr,Running,True
1789064594,mongodb-sharded-shardsvr,Running,True
1789064594,mongodb-sharded-shardsvr,Running,True
1789064594,mongodb-sharded-shardsvr,Running,True
1789064594,mongodb-sharded-shardsvr,Running,True
1789064594,mongodb-sharded-shardsvr,Running,True
1789064594,nginx-thrift,Running,True
1789064594,nginx-thrift,Running,True
1789064594,nginx-thrift,Running,True
1789064594,nginx-thrift,Running,True
1789064594,nginx-thrift,Running,True
1789064594,nginx-thrift,Running,True
1789064594,post-storage-service,Running,True
1789064594,post-storage-service,Running,True
1789064594,social-graph-redis,Running,True
1789064594,social-graph-service,Running,True
1789064594,social-network-mcrouter,Running,True
1789064594,social-network-mcrouter,Running,True
1789064594,social-network-mcrouter,Running,True
1789064594,memcached,Running,True
1789064594,memcached,Running,True
1789064594,memcached,Running,True
1789064594,memcached,Running,True
1789064594,memcached,Running,True
1789064594,memcached,Running,True
1789064594,text-service,Running,True
1789064594,unique-id-service,Running,True
1789064594,url-shorten-service,Running,True
1789064594,user-mention-service,Running,True
1789064594,user-service,Running,True
1789064594,user-timeline-redis,Running,True
1789064594,user-timeline-service,Running,True
1789064595,compose-post-service,Running,True
1789064595,home-timeline-redis,Running,True
1789064595,home-timeline-service,Running,True
1789064595,jaeger,Running,True
1789064595,media-frontend,Running,True
1789064595,media-service,Running,True
1789064595,mongodb-sharded-configsvr,Running,True
1789064595,mongodb-sharded-mongos,Running,True
1789064595,mongodb-sharded-mongos,Running,True
1789064595,mongodb-sharded-mongos,Running,True
1789064595,mongodb-sharded-shardsvr,Running,True
1789064595,mongodb-sharded-shardsvr,Running,True
1789064595,mongodb-sharded-shardsvr,Running,True
1789064595,mongodb-sharded-shardsvr,Running,True
1789064595,mongodb-sharded-shardsvr,Running,True
1789064595,mongodb-sharded-shardsvr,Running,True
1789064595,nginx-thrift,Running,True
1789064595,nginx-thrift,Running,True
1789064595,nginx-thrift,Running,True
1789064595,nginx-thrift,Running,True
1789064595,nginx-thrift,Running,True
1789064595,nginx-thrift,Running,True
1789064595,post-storage-service,Running,True
1789064595,post-storage-service,Running,True
1789064595,social-graph-redis,Running,True
1789064595,social-graph-service,Running,True
1789064595,social-network-mcrouter,Running,True
1789064595,social-network-mcrouter,Running,True
1789064595,social-network-mcrouter,Running,True
1789064595,memcached,Running,True
1789064595,memcached,Running,True
1789064595,memcached,Running,True
1789064595,memcached,Running,True
1789064595,memcached,Running,True
1789064595,memcached,Running,True
1789064595,text-service,Running,True
1789064595,unique-id-service,Running,True
1789064595,url-shorten-service,Running,True
1789064595,user-mention-service,Running,True
1789064595,user-service,Running,True
1789064595,user-timeline-redis,Running,True
1789064595,user-timeline-service,Running,True
1789064596,compose-post-service,Running,True
1789064596,home-timeline-redis,Running,True
1789064596,home-timeline-service,Running,True
1789064596,jaeger,Running,True
1789064596,media-frontend,Running,True
1789064596,media-service,Running,True
1789064596,mongodb-sharded-configsvr,Running,True
1789064596,mongodb-sharded-mongos,Running,True
1789064596,mongodb-sharded-mongos,Running,True
1789064596,mongodb-sharded-mongos,Running,True
1789064596,mongodb-sharded-shardsvr,Running,True
1789064596,mongodb-sharded-shardsvr,Running,True
1789064596,mongodb-sharded-shardsvr,Running,True
1789064596,mongodb-sharded-shardsvr,Running,True
1789064596,mongodb-sharded-shardsvr,Running,True
1789064596,mongodb-sharded-shardsvr,Running,True
1789064596,nginx-thrift,Running,True
1789064596,nginx-thrift,Running,True
1789064596,nginx-thrift,Running,True
1789064596,nginx-thrift,Running,True
1789064596,nginx-thrift,Running,True
1789064596,nginx-thrift,Running,True
1789064596,post-storage-service,Running,True
1789064596,post-storage-service,Running,True
1789064596,social-graph-redis,Running,True
1789064596,social-graph-service,Running,True
1789064596,social-network-mcrouter,Running,True
1789064596,social-network-mcrouter,Running,True
1789064596,social-network-mcrouter,Running,True
1789064596,memcached,Running,True
1789064596,memcached,Running,True
1789064596,memcached,Running,True
1789064596,memcached,Running,True
1789064596,memcached,Running,True
1789064596,memcached,Running,True
1789064596,text-service,Running,True
1789064596,unique-id-service,Running,True
1789064596,url-shorten-service,Running,True
1789064596,user-mention-service,Running,True
1789064596,user-service,Running,True
1789064596,user-timeline-redis,Running,True
1789064596,user-timeline-service,Running,True
1789064597,compose-post-service,Running,True
1789064597,home-timeline-redis,Running,True
1789064597,home-timeline-service,Running,True
1789064597,jaeger,Running,True
1789064597,media-frontend,Running,True
1789064597,media-service,Running,True
1789064597,mongodb-sharded-configsvr,Running,True
1789064597,mongodb-sharded-mongos,Running,True
1789064597,mongodb-sharded-mongos,Running,True
1789064597,mongodb-sharded-mongos,Running,True
1789064597,mongodb-sharded-shardsvr,Running,True
1789064597,mongodb-sharded-shardsvr,Running,True
1789064597,mongodb-sharded-shardsvr,Running,True
1789064597,mongodb-sharded-shardsvr,Running,True
1789064597,mongodb-sharded-shardsvr,Running,True
1789064597,mongodb-sharded-shardsvr,Running,True
1789064597,nginx-thrift,Running,True
1789064597,nginx-thrift,Running,True
1789064597,nginx-thrift,Running,True
1789064597,nginx-thrift,Running,True
1789064597,nginx-thrift,Running,True
1789064597,nginx-thrift,Running,True
1789064597,post-storage-service,Running,True
1789064597,post-storage-service,Running,True
1789064597,social-graph-redis,Running,True
1789064597,social-graph-service,Running,True
1789064597,social-network-mcrouter,Running,True
1789064597,social-network-mcrouter,Running,True
1789064597,social-network-mcrouter,Running,True
1789064597,memcached,Running,True
1789064597,memcached,Running,True
1789064597,memcached,Running,True
1789064597,memcached,Running,True
1789064597,memcached,Running,True
1789064597,memcached,Running,True
1789064597,text-service,Running,True
1789064597,unique-id-service,Running,True
1789064597,url-shorten-service,Running,True
1789064597,user-mention-service,Running,True
1789064597,user-service,Running,True
1789064597,user-timeline-redis,Running,True
1789064597,user-timeline-service,Running,True
1789064598,compose-post-service,Running,True
1789064598,home-timeline-redis,Running,True
1789064598,home-timeline-service,Running,True
1789064598,jaeger,Running,True
1789064598,media-frontend,Running,True
1789064598,media-service,Running,True
1789064598,mongodb-sharded-configsvr,Running,True
1789064598,mongodb-sharded-mongos,Running,True
1789064598,mongodb-sharded-mongos,Running,True
1789064598,mongodb-sharded-mongos,Running,True
1789064598,mongodb-sharded-shardsvr,Running,True
1789064598,mongodb-sharded-shardsvr,Running,True
1789064598,mongodb-sharded-shardsvr,Running,True
1789064598,mongodb-sharded-shardsvr,Running,True
1789064598,mongodb-sharded-shardsvr,Running,True
1789064598,mongodb-sharded-shardsvr,Running,True
1789064598,nginx-thrift,Running,True
1789064598,nginx-thrift,Running,True
1789064598,nginx-thrift,Running,True
1789064598,nginx-thrift,Running,True
1789064598,nginx-thrift,Running,True
1789064598,nginx-thrift,Running,True
1789064598,post-storage-service,Running,True
1789064598,post-storage-service,Running,True
1789064598,social-graph-redis,Running,True
1789064598,social-graph-service,Running,True
1789064598,social-network-mcrouter,Running,True
1789064598,social-network-mcrouter,Running,True
1789064598,social-network-mcrouter,Running,True
1789064598,memcached,Running,True
1789064598,memcached,Running,True
1789064598,memcached,Running,True
1789064598,memcached,Running,True
1789064598,memcached,Running,True
1789064598,memcached,Running,True
1789064598,text-service,Running,True
1789064598,unique-id-service,Running,True
1789064598,url-shorten-service,Running,True
1789064598,user-mention-service,Running,True
1789064598,user-service,Running,True
1789064598,user-timeline-redis,Running,True
1789064598,user-timeline-service,Running,True
1789064599,compose-post-service,Running,True
1789064599,home-timeline-redis,Running,True
1789064599,home-timeline-service,Running,True
1789064599,jaeger,Running,True
1789064599,media-frontend,Running,True
1789064599,media-service,Running,True
1789064599,mongodb-sharded-configsvr,Running,True
1789064599,mongodb-sharded-mongos,Running,True
1789064599,mongodb-sharded-mongos,Running,True
1789064599,mongodb-sharded-mongos,Running,True
1789064599,mongodb-sharded-shardsvr,Running,True
1789064599,mongodb-sharded-shardsvr,Running,True
1789064599,mongodb-sharded-shardsvr,Running,True
1789064599,mongodb-sharded-shardsvr,Running,True
1789064599,mongodb-sharded-shardsvr,Running,True
1789064599,mongodb-sharded-shardsvr,Running,True
1789064599,nginx-thrift,Running,True
1789064599,nginx-thrift,Running,True
1789064599,nginx-thrift,Running,True
1789064599,nginx-thrift,Running,True
1789064599,nginx-thrift,Running,True
1789064599,nginx-thrift,Running,True
1789064599,post-storage-service,Running,True
1789064599,post-storage-service,Running,True
1789064599,social-graph-redis,Running,True
1789064599,social-graph-service,Running,True
1789064599,social-network-mcrouter,Running,True
1789064599,social-network-mcrouter,Running,True
1789064599,social-network-mcrouter,Running,True
1789064599,memcached,Running,True
1789064599,memcached,Running,True
1789064599,memcached,Running,True
1789064599,memcached,Running,True
1789064599,memcached,Running,True
1789064599,memcached,Running,True
1789064599,text-service,Running,True
1789064599,unique-id-service,Running,True
1789064599,url-shorten-service,Running,True
1789064599,user-mention-service,Running,True
1789064599,user-service,Running,True
1789064599,user-timeline-redis,Running,True
1789064599,user-timeline-service,Running,True
1789064600,compose-post-service,Running,True
1789064600,home-timeline-redis,Running,True
1789064600,home-timeline-service,Running,True
1789064600,jaeger,Running,True
1789064600,media-frontend,Running,True
1789064600,media-service,Running,True
1789064600,mongodb-sharded-configsvr,Running,True
1789064600,mongodb-sharded-mongos,Running,True
1789064600,mongodb-sharded-mongos,Running,True
1789064600,mongodb-sharded-mongos,Running,True
1789064600,mongodb-sharded-shardsvr,Running,True
1789064600,mongodb-sharded-shardsvr,Running,True
1789064600,mongodb-sharded-shardsvr,Running,True
1789064600,mongodb-sharded-shardsvr,Running,True
1789064600,mongodb-sharded-shardsvr,Running,True
1789064600,mongodb-sharded-shardsvr,Running,True
1789064600,nginx-thrift,Running,True
1789064600,nginx-thrift,Running,True
1789064600,nginx-thrift,Running,True
1789064600,nginx-thrift,Running,True
1789064600,nginx-thrift,Running,True
1789064600,nginx-thrift,Running,True
1789064600,post-storage-service,Running,True
1789064600,post-storage-service,Running,True
1789064600,social-graph-redis,Running,True
1789064600,social-graph-service,Running,True
1789064600,social-network-mcrouter,Running,True
1789064600,social-network-mcrouter,Running,True
1789064600,social-network-mcrouter,Running,True
1789064600,memcached,Running,True
1789064600,memcached,Running,True
1789064600,memcached,Running,True
1789064600,memcached,Running,True
1789064600,memcached,Running,True
1789064600,memcached,Running,True
1789064600,text-service,Running,True
1789064600,unique-id-service,Running,True
1789064600,url-shorten-service,Running,True
1789064600,user-mention-service,Running,True
1789064600,user-service,Running,True
1789064600,user-timeline-redis,Running,True
1789064600,user-timeline-service,Running,True
1789064601,compose-post-service,Running,True
1789064601,home-timeline-redis,Running,True
1789064601,home-timeline-service,Running,True
1789064601,jaeger,Running,True
1789064601,media-frontend,Running,True
1789064601,media-service,Running,True
1789064601,mongodb-sharded-configsvr,Running,True
1789064601,mongodb-sharded-mongos,Running,True
1789064601,mongodb-sharded-mongos,Running,True
1789064601,mongodb-sharded-mongos,Running,True
1789064601,mongodb-sharded-shardsvr,Running,True
1789064601,mongodb-sharded-shardsvr,Running,True
1789064601,mongodb-sharded-shardsvr,Running,True
1789064601,mongodb-sharded-shardsvr,Running,True
1789064601,mongodb-sharded-shardsvr,Running,True
1789064601,mongodb-sharded-shardsvr,Running,True
1789064601,nginx-thrift,Running,True
1789064601,nginx-thrift,Running,True
1789064601,nginx-thrift,Running,True
1789064601,nginx-thrift,Running,True
1789064601,nginx-thrift,Running,True
1789064601,nginx-thrift,Running,True
1789064601,post-storage-service,Running,True
1789064601,post-storage-service,Running,True
1789064601,social-graph-redis,Running,True
1789064601,social-graph-service,Running,True
1789064601,social-network-mcrouter,Running,True
1789064601,social-network-mcrouter,Running,True
1789064601,social-network-mcrouter,Running,True
1789064601,memcached,Running,True
1789064601,memcached,Running,True
1789064601,memcached,Running,True
1789064601,memcached,Running,True
1789064601,memcached,Running,True
1789064601,memcached,Running,True
1789064601,text-service,Running,True
1789064601,unique-id-service,Running,True
1789064601,url-shorten-service,Running,True
1789064601,user-mention-service,Running,True
1789064601,user-service,Running,True
1789064601,user-timeline-redis,Running,True
1789064601,user-timeline-service,Running,True
1789064602,compose-post-service,Running,True
1789064602,home-timeline-redis,Running,True
1789064602,home-timeline-service,Running,True
1789064602,jaeger,Running,True
1789064602,media-frontend,Running,True
1789064602,media-service,Running,True
1789064602,mongodb-sharded-configsvr,Running,True
1789064602,mongodb-sharded-mongos,Running,True
1789064602,mongodb-sharded-mongos,Running,True
1789064602,mongodb-sharded-mongos,Running,True
1789064602,mongodb-sharded-shardsvr,Running,True
1789064602,mongodb-sharded-shardsvr,Running,True
1789064602,mongodb-sharded-shardsvr,Running,True
1789064602,mongodb-sharded-shardsvr,Running,True
1789064602,mongodb-sharded-shardsvr,Running,True
1789064602,mongodb-sharded-shardsvr,Running,True
1789064602,nginx-thrift,Running,True
1789064602,nginx-thrift,Running,True
1789064602,nginx-thrift,Running,True
1789064602,nginx-thrift,Running,True
1789064602,nginx-thrift,Running,True
1789064602,nginx-thrift,Running,True
1789064602,post-storage-service,Running,True
1789064602,post-storage-service,Running,True
1789064602,social-graph-redis,Running,True
1789064602,social-graph-service,Running,True
1789064602,social-network-mcrouter,Running,True
1789064602,social-network-mcrouter,Running,True
1789064602,social-network-mcrouter,Running,True
1789064602,memcached,Running,True
1789064602,memcached,Running,True
1789064602,memcached,Running,True
1789064602,memcached,Running,True
1789064602,memcached,Running,True
1789064602,memcached,Running,True
1789064602,text-service,Running,True
1789064602,unique-id-service,Running,True
1789064602,url-shorten-service,Running,True
1789064602,user-mention-service,Running,True
1789064602,user-service,Running,True
1789064602,user-timeline-redis,Running,True
1789064602,user-timeline-service,Running,True
1789064603,compose-post-service,Running,True
1789064603,home-timeline-redis,Running,True
1789064603,home-timeline-service,Running,True
1789064603,jaeger,Running,True
1789064603,media-frontend,Running,True
1789064603,media-service,Running,True
1789064603,mongodb-sharded-configsvr,Running,True
1789064603,mongodb-sharded-mongos,Running,True
1789064603,mongodb-sharded-mongos,Running,True
1789064603,mongodb-sharded-mongos,Running,True
1789064603,mongodb-sharded-shardsvr,Running,True
1789064603,mongodb-sharded-shardsvr,Running,True
1789064603,mongodb-sharded-shardsvr,Running,True
1789064603,mongodb-sharded-shardsvr,Running,True
1789064603,mongodb-sharded-shardsvr,Running,True
1789064603,mongodb-sharded-shardsvr,Running,True
1789064603,nginx-thrift,Running,True
1789064603,nginx-thrift,Running,True
1789064603,nginx-thrift,Running,True
1789064603,nginx-thrift,Running,True
1789064603,nginx-thrift,Running,True
1789064603,nginx-thrift,Running,True
1789064603,post-storage-service,Running,True
1789064603,post-storage-service,Running,True
1789064603,social-graph-redis,Running,True
1789064603,social-graph-service,Running,True
1789064603,social-network-mcrouter,Running,True
1789064603,social-network-mcrouter,Running,True
1789064603,social-network-mcrouter,Running,True
1789064603,memcached,Running,True
1789064603,memcached,Running,True
1789064603,memcached,Running,True
1789064603,memcached,Running,True
1789064603,memcached,Running,True
1789064603,memcached,Running,True
1789064603,text-service,Running,True
1789064603,unique-id-service,Running,True
1789064603,url-shorten-service,Running,True
1789064603,user-mention-service,Running,True
1789064603,user-service,Running,True
1789064603,user-timeline-redis,Running,True
1789064603,user-timeline-service,Running,True
1789064604,compose-post-service,Running,True
1789064604,home-timeline-redis,Running,True
1789064604,home-timeline-service,Running,True
1789064604,jaeger,Running,True
1789064604,media-frontend,Running,True
1789064604,media-service,Running,True
1789064604,mongodb-sharded-configsvr,Running,True
1789064604,mongodb-sharded-mongos,Running,True
1789064604,mongodb-sharded-mongos,Running,True
1789064604,mongodb-sharded-mongos,Running,True
1789064604,mongodb-sharded-shardsvr,Running,True
1789064604,mongodb-sharded-shardsvr,Running,True
1789064604,mongodb-sharded-shardsvr,Running,True
1789064604,mongodb-sharded-shardsvr,Running,True
1789064604,mongodb-sharded-shardsvr,Running,True
1789064604,mongodb-sharded-shardsvr,Running,True
1789064604,nginx-thrift,Running,True
1789064604,nginx-thrift,Running,True
1789064604,nginx-thrift,Running,True
1789064604,nginx-thrift,Running,True
1789064604,nginx-thrift,Running,True
1789064604,nginx-thrift,Running,True
1789064604,post-storage-service,Running,True
1789064604,post-storage-service,Running,True
1789064604,social-graph-redis,Running,True
1789064604,social-graph-service,Running,True
1789064604,social-network-mcrouter,Running,True
1789064604,social-network-mcrouter,Running,True
1789064604,social-network-mcrouter,Running,True
1789064604,memcached,Running,True
1789064604,memcached,Running,True
1789064604,memcached,Running,True
1789064604,memcached,Running,True
1789064604,memcached,Running,True
1789064604,memcached,Running,True
1789064604,text-service,Running,True
1789064604,unique-id-service,Running,True
1789064604,url-shorten-service,Running,True
1789064604,user-mention-service,Running,True
1789064604,user-service,Running,True
1789064604,user-timeline-redis,Running,True
1789064604,user-timeline-service,Running,True
1789064605,compose-post-service,Running,True
1789064605,home-timeline-redis,Running,True
1789064605,home-timeline-service,Running,True
1789064605,jaeger,Running,True
1789064605,media-frontend,Running,True
1789064605,media-service,Running,True
1789064605,mongodb-sharded-configsvr,Running,True
1789064605,mongodb-sharded-mongos,Running,True
1789064605,mongodb-sharded-mongos,Running,True
1789064605,mongodb-sharded-mongos,Running,True
1789064605,mongodb-sharded-shardsvr,Running,True
1789064605,mongodb-sharded-shardsvr,Running,True
1789064605,mongodb-sharded-shardsvr,Running,True
1789064605,mongodb-sharded-shardsvr,Running,True
1789064605,mongodb-sharded-shardsvr,Running,True
1789064605,mongodb-sharded-shardsvr,Running,True
1789064605,nginx-thrift,Running,True
1789064605,nginx-thrift,Running,True
1789064605,nginx-thrift,Running,True
1789064605,nginx-thrift,Running,True
1789064605,nginx-thrift,Running,True
1789064605,nginx-thrift,Running,True
1789064605,post-storage-service,Running,True
1789064605,post-storage-service,Running,True
1789064605,social-graph-redis,Running,True
1789064605,social-graph-service,Running,True
1789064605,social-network-mcrouter,Running,True
1789064605,social-network-mcrouter,Running,True
1789064605,social-network-mcrouter,Running,True
1789064605,memcached,Running,True
1789064605,memcached,Running,True
1789064605,memcached,Running,True
1789064605,memcached,Running,True
1789064605,memcached,Running,True
1789064605,memcached,Running,True
1789064605,text-service,Running,True
1789064605,unique-id-service,Running,True
1789064605,url-shorten-service,Running,True
1789064605,user-mention-service,Running,True
1789064605,user-service,Running,True
1789064605,user-timeline-redis,Running,True
1789064605,user-timeline-service,Running,True
1789064606,compose-post-service,Running,True
1789064606,home-timeline-redis,Running,True
1789064606,home-timeline-service,Running,True
1789064606,jaeger,Running,True
1789064606,media-frontend,Running,True
1789064606,media-service,Running,True
1789064606,mongodb-sharded-configsvr,Running,True
1789064606,mongodb-sharded-mongos,Running,True
1789064606,mongodb-sharded-mongos,Running,True
1789064606,mongodb-sharded-mongos,Running,True
1789064606,mongodb-sharded-shardsvr,Running,True
1789064606,mongodb-sharded-shardsvr,Running,True
1789064606,mongodb-sharded-shardsvr,Running,True
1789064606,mongodb-sharded-shardsvr,Running,True
1789064606,mongodb-sharded-shardsvr,Running,True
1789064606,mongodb-sharded-shardsvr,Running,True
1789064606,nginx-thrift,Running,True
1789064606,nginx-thrift,Running,True
1789064606,nginx-thrift,Running,True
1789064606,nginx-thrift,Running,True
1789064606,nginx-thrift,Running,True
1789064606,nginx-thrift,Running,True
1789064606,post-storage-service,Running,True
1789064606,post-storage-service,Running,True
1789064606,social-graph-redis,Running,True
1789064606,social-graph-service,Running,True
1789064606,social-network-mcrouter,Running,True
1789064606,social-network-mcrouter,Running,True
1789064606,social-network-mcrouter,Running,True
1789064606,memcached,Running,True
1789064606,memcached,Running,True
1789064606,memcached,Running,True
1789064606,memcached,Running,True
1789064606,memcached,Running,True
1789064606,memcached,Running,True
1789064606,text-service,Running,True
1789064606,unique-id-service,Running,True
1789064606,url-shorten-service,Running,True
1789064606,user-mention-service,Running,True
1789064606,user-service,Running,True
1789064606,user-timeline-redis,Running,True
1789064606,user-timeline-service,Running,True
1789064607,compose-post-service,Running,True
1789064607,home-timeline-redis,Running,True
1789064607,home-timeline-service,Running,True
1789064607,jaeger,Running,True
1789064607,media-frontend,Running,True
1789064607,media-service,Running,True
1789064607,mongodb-sharded-configsvr,Running,True
1789064607,mongodb-sharded-mongos,Running,True
1789064607,mongodb-sharded-mongos,Running,True
1789064607,mongodb-sharded-mongos,Running,True
1789064607,mongodb-sharded-shardsvr,Running,True
1789064607,mongodb-sharded-shardsvr,Running,True
1789064607,mongodb-sharded-shardsvr,Running,True
1789064607,mongodb-sharded-shardsvr,Running,True
1789064607,mongodb-sharded-shardsvr,Running,True
1789064607,mongodb-sharded-shardsvr,Running,True
1789064607,nginx-thrift,Running,True
1789064607,nginx-thrift,Running,True
1789064607,nginx-thrift,Running,True
1789064607,nginx-thrift,Running,True
1789064607,nginx-thrift,Running,True
1789064607,nginx-thrift,Running,True
1789064607,post-storage-service,Running,True
1789064607,post-storage-service,Running,True
1789064607,social-graph-redis,Running,True
1789064607,social-graph-service,Running,True
1789064607,social-network-mcrouter,Running,True
1789064607,social-network-mcrouter,Running,True
1789064607,social-network-mcrouter,Running,True
1789064607,memcached,Running,True
1789064607,memcached,Running,True
1789064607,memcached,Running,True
1789064607,memcached,Running,True
1789064607,memcached,Running,True
1789064607,memcached,Running,True
1789064607,text-service,Running,True
1789064607,unique-id-service,Running,True
1789064607,url-shorten-service,Running,True
1789064607,user-mention-service,Running,True
1789064607,user-service,Running,True
1789064607,user-timeline-redis,Running,True
1789064607,user-timeline-service,Running,True
1789064608,compose-post-service,Running,True
1789064608,home-timeline-redis,Running,True
1789064608,home-timeline-service,Running,True
1789064608,jaeger,Running,True
1789064608,media-frontend,Running,True
1789064608,media-service,Running,True
1789064608,mongodb-sharded-configsvr,Running,True
1789064608,mongodb-sharded-mongos,Running,True
1789064608,mongodb-sharded-mongos,Running,True
1789064608,mongodb-sharded-mongos,Running,True
1789064608,mongodb-sharded-shardsvr,Running,True
1789064608,mongodb-sharded-shardsvr,Running,True
1789064608,mongodb-sharded-shardsvr,Running,True
1789064608,mongodb-sharded-shardsvr,Running,True
1789064608,mongodb-sharded-shardsvr,Running,True
1789064608,mongodb-sharded-shardsvr,Running,True
1789064608,nginx-thrift,Running,True
1789064608,nginx-thrift,Running,True
1789064608,nginx-thrift,Running,True
1789064608,nginx-thrift,Running,True
1789064608,nginx-thrift,Running,True
1789064608,nginx-thrift,Running,True
1789064608,post-storage-service,Running,True
1789064608,post-storage-service,Running,True
1789064608,social-graph-redis,Running,True
1789064608,social-graph-service,Running,True
1789064608,social-network-mcrouter,Running,True
1789064608,social-network-mcrouter,Running,True
1789064608,social-network-mcrouter,Running,True
1789064608,memcached,Running,True
1789064608,memcached,Running,True
1789064608,memcached,Running,True
1789064608,memcached,Running,True
1789064608,memcached,Running,True
1789064608,memcached,Running,True
1789064608,text-service,Running,True
1789064608,unique-id-service,Running,True
1789064608,url-shorten-service,Running,True
1789064608,user-mention-service,Running,True
1789064608,user-service,Running,True
1789064608,user-timeline-redis,Running,True
1789064608,user-timeline-service,Running,True
1789064609,compose-post-service,Running,True
1789064609,home-timeline-redis,Running,True
1789064609,home-timeline-service,Running,True
1789064609,jaeger,Running,True
1789064609,media-frontend,Running,True
1789064609,media-service,Running,True
1789064609,mongodb-sharded-configsvr,Running,True
1789064609,mongodb-sharded-mongos,Running,True
1789064609,mongodb-sharded-mongos,Running,True
1789064609,mongodb-sharded-mongos,Running,True
1789064609,mongodb-sharded-shardsvr,Running,True
1789064609,mongodb-sharded-shardsvr,Running,True
1789064609,mongodb-sharded-shardsvr,Running,True
1789064609,mongodb-sharded-shardsvr,Running,True
1789064609,mongodb-sharded-shardsvr,Running,True
1789064609,mongodb-sharded-shardsvr,Running,True
1789064609,nginx-thrift,Running,True
1789064609,nginx-thrift,Running,True
1789064609,nginx-thrift,Running,True
1789064609,nginx-thrift,Running,True
1789064609,nginx-thrift,Running,True
1789064609,nginx-thrift,Running,True
1789064609,post-storage-service,Running,True
1789064609,post-storage-service,Running,True
1789064609,social-graph-redis,Running,True
1789064609,social-graph-service,Running,True
1789064609,social-network-mcrouter,Running,True
1789064609,social-network-mcrouter,Running,True
1789064609,social-network-mcrouter,Running,True
1789064609,memcached,Running,True
1789064609,memcached,Running,True
1789064609,memcached,Running,True
1789064609,memcached,Running,True
1789064609,memcached,Running,True
1789064609,memcached,Running,True
1789064609,text-service,Running,True
1789064609,unique-id-service,Running,True
1789064609,url-shorten-service,Running,True
1789064609,user-mention-service,Running,True
1789064609,user-service,Running,True
1789064609,user-timeline-redis,Running,True
1789064609,user-timeline-service,Running,True
1789064610,compose-post-service,Running,True
1789064610,home-timeline-redis,Running,True
1789064610,home-timeline-service,Running,True
1789064610,jaeger,Running,True
1789064610,media-frontend,Running,True
1789064610,media-service,Running,True
1789064610,mongodb-sharded-configsvr,Running,True
1789064610,mongodb-sharded-mongos,Running,True
1789064610,mongodb-sharded-mongos,Running,True
1789064610,mongodb-sharded-mongos,Running,True
1789064610,mongodb-sharded-shardsvr,Running,True
1789064610,mongodb-sharded-shardsvr,Running,True
1789064610,mongodb-sharded-shardsvr,Running,True
1789064610,mongodb-sharded-shardsvr,Running,True
1789064610,mongodb-sharded-shardsvr,Running,True
1789064610,mongodb-sharded-shardsvr,Running,True
1789064610,nginx-thrift,Running,True
1789064610,nginx-thrift,Running,True
1789064610,nginx-thrift,Running,True
1789064610,nginx-thrift,Running,True
1789064610,nginx-thrift,Running,True
1789064610,nginx-thrift,Running,True
1789064610,post-storage-service,Running,True
1789064610,post-storage-service,Running,True
1789064610,social-graph-redis,Running,True
1789064610,social-graph-service,Running,True
1789064610,social-network-mcrouter,Running,True
1789064610,social-network-mcrouter,Running,True
1789064610,social-network-mcrouter,Running,True
1789064610,memcached,Running,True
1789064610,memcached,Running,True
1789064610,memcached,Running,True
1789064610,memcached,Running,True
1789064610,memcached,Running,True
1789064610,memcached,Running,True
1789064610,text-service,Running,True
1789064610,unique-id-service,Running,True
1789064610,url-shorten-service,Running,True
1789064610,user-mention-service,Running,True
1789064610,user-service,Running,True
1789064610,user-timeline-redis,Running,True
1789064610,user-timeline-service,Running,True
1789064611,compose-post-service,Running,True
1789064611,home-timeline-redis,Running,True
1789064611,home-timeline-service,Running,True
1789064611,jaeger,Running,True
1789064611,media-frontend,Running,True
1789064611,media-service,Running,True
1789064611,mongodb-sharded-configsvr,Running,True
1789064611,mongodb-sharded-mongos,Running,True
1789064611,mongodb-sharded-mongos,Running,True
1789064611,mongodb-sharded-mongos,Running,True
1789064611,mongodb-sharded-shardsvr,Running,True
1789064611,mongodb-sharded-shardsvr,Running,True
1789064611,mongodb-sharded-shardsvr,Running,True
1789064611,mongodb-sharded-shardsvr,Running,True
1789064611,mongodb-sharded-shardsvr,Running,True
1789064611,mongodb-sharded-shardsvr,Running,True
1789064611,nginx-thrift,Running,True
1789064611,nginx-thrift,Running,True
1789064611,nginx-thrift,Running,True
1789064611,nginx-thrift,Running,True
1789064611,nginx-thrift,Running,True
1789064611,nginx-thrift,Running,True
1789064611,post-storage-service,Running,True
1789064611,post-storage-service,Running,True
1789064611,social-graph-redis,Running,True
1789064611,social-graph-service,Running,True
1789064611,social-network-mcrouter,Running,True
1789064611,social-network-mcrouter,Running,True
1789064611,social-network-mcrouter,Running,True
1789064611,memcached,Running,True
1789064611,memcached,Running,True
1789064611,memcached,Running,True
1789064611,memcached,Running,True
1789064611,memcached,Running,True
1789064611,memcached,Running,True
1789064611,text-service,Running,True
1789064611,unique-id-service,Running,True
1789064611,url-shorten-service,Running,True
1789064611,user-mention-service,Running,True
1789064611,user-service,Running,True
1789064611,user-timeline-redis,Running,True
1789064611,user-timeline-service,Running,True
1789064612,compose-post-service,Running,True
1789064612,home-timeline-redis,Running,True
1789064612,home-timeline-service,Running,True
1789064612,jaeger,Running,True
1789064612,media-frontend,Running,True
1789064612,media-service,Running,True
1789064612,mongodb-sharded-configsvr,Running,True
1789064612,mongodb-sharded-mongos,Running,True
1789064612,mongodb-sharded-mongos,Running,True
1789064612,mongodb-sharded-mongos,Running,True
1789064612,mongodb-sharded-shardsvr,Running,True
1789064612,mongodb-sharded-shardsvr,Running,True
1789064612,mongodb-sharded-shardsvr,Running,True
1789064612,mongodb-sharded-shardsvr,Running,True
1789064612,mongodb-sharded-shardsvr,Running,True
1789064612,mongodb-sharded-shardsvr,Running,True
1789064612,nginx-thrift,Running,True
1789064612,nginx-thrift,Running,True
1789064612,nginx-thrift,Running,True
1789064612,nginx-thrift,Running,True
1789064612,nginx-thrift,Running,True
1789064612,nginx-thrift,Running,True
1789064612,post-storage-service,Running,True
1789064612,post-storage-service,Running,True
1789064612,social-graph-redis,Running,True
1789064612,social-graph-service,Running,True
1789064612,social-network-mcrouter,Running,True
1789064612,social-network-mcrouter,Running,True
1789064612,social-network-mcrouter,Running,True
1789064612,memcached,Running,True
1789064612,memcached,Running,True
1789064612,memcached,Running,True
1789064612,memcached,Running,True
1789064612,memcached,Running,True
1789064612,memcached,Running,True
1789064612,text-service,Running,True
1789064612,unique-id-service,Running,True
1789064612,url-shorten-service,Running,True
1789064612,user-mention-service,Running,True
1789064612,user-service,Running,True
1789064612,user-timeline-redis,Running,True
1789064612,user-timeline-service,Running,True
1789064613,compose-post-service,Running,True
1789064613,home-timeline-redis,Running,True
1789064613,home-timeline-service,Running,True
1789064613,jaeger,Running,True
1789064613,media-frontend,Running,True
1789064613,media-service,Running,True
1789064613,mongodb-sharded-configsvr,Running,True
1789064613,mongodb-sharded-mongos,Running,True
1789064613,mongodb-sharded-mongos,Running,True
1789064613,mongodb-sharded-mongos,Running,True
1789064613,mongodb-sharded-shardsvr,Running,True
1789064613,mongodb-sharded-shardsvr,Running,True
1789064613,mongodb-sharded-shardsvr,Running,True
1789064613,mongodb-sharded-shardsvr,Running,True
1789064613,mongodb-sharded-shardsvr,Running,True
1789064613,mongodb-sharded-shardsvr,Running,True
1789064613,nginx-thrift,Running,True
1789064613,nginx-thrift,Running,True
1789064613,nginx-thrift,Running,True
1789064613,nginx-thrift,Running,True
1789064613,nginx-thrift,Running,True
1789064613,nginx-thrift,Running,True
1789064613,post-storage-service,Running,True
1789064613,post-storage-service,Running,True
1789064613,social-graph-redis,Running,True
1789064613,social-graph-service,Running,True
1789064613,social-network-mcrouter,Running,True
1789064613,social-network-mcrouter,Running,True
1789064613,social-network-mcrouter,Running,True
1789064613,memcached,Running,True
1789064613,memcached,Running,True
1789064613,memcached,Running,True
1789064613,memcached,Running,True
1789064613,memcached,Running,True
1789064613,memcached,Running,True
1789064613,text-service,Running,True
1789064613,unique-id-service,Running,True
1789064613,url-shorten-service,Running,True
1789064613,user-mention-service,Running,True
1789064613,user-service,Running,True
1789064613,user-timeline-redis,Running,True
1789064613,user-timeline-service,Running,True
1789064614,compose-post-service,Running,True
1789064614,home-timeline-redis,Running,True
1789064614,home-timeline-service,Running,True
1789064614,jaeger,Running,True
1789064614,media-frontend,Running,True
1789064614,media-service,Running,True
1789064614,mongodb-sharded-configsvr,Running,True
1789064614,mongodb-sharded-mongos,Running,True
1789064614,mongodb-sharded-mongos,Running,True
1789064614,mongodb-sharded-mongos,Running,True
1789064614,mongodb-sharded-shardsvr,Running,True
1789064614,mongodb-sharded-shardsvr,Running,True
1789064614,mongodb-sharded-shardsvr,Running,True
1789064614,mongodb-sharded-shardsvr,Running,True
1789064614,mongodb-sharded-shardsvr,Running,True
1789064614,mongodb-sharded-shardsvr,Running,True
1789064614,nginx-thrift,Running,True
1789064614,nginx-thrift,Running,True
1789064614,nginx-thrift,Running,True
1789064614,nginx-thrift,Running,True
1789064614,nginx-thrift,Running,True
1789064614,nginx-thrift,Running,True
1789064614,post-storage-service,Running,True
1789064614,post-storage-service,Running,True
1789064614,social-graph-redis,Running,True
1789064614,social-graph-service,Running,True
1789064614,social-network-mcrouter,Running,True
1789064614,social-network-mcrouter,Running,True
1789064614,social-network-mcrouter,Running,True
1789064614,memcached,Running,True
1789064614,memcached,Running,True
1789064614,memcached,Running,True
1789064614,memcached,Running,True
1789064614,memcached,Running,True
1789064614,memcached,Running,True
1789064614,text-service,Running,True
1789064614,unique-id-service,Running,True
1789064614,url-shorten-service,Running,True
1789064614,user-mention-service,Running,True
1789064614,user-service,Running,True
1789064614,user-timeline-redis,Running,True
1789064614,user-timeline-service,Running,True
1789064615,compose-post-service,Running,True
1789064615,home-timeline-redis,Running,True
1789064615,home-timeline-service,Running,True
1789064615,jaeger,Running,True
1789064615,media-frontend,Running,True
1789064615,media-service,Running,True
1789064615,mongodb-sharded-configsvr,Running,True
1789064615,mongodb-sharded-mongos,Running,True
1789064615,mongodb-sharded-mongos,Running,True
1789064615,mongodb-sharded-mongos,Running,True
1789064615,mongodb-sharded-shardsvr,Running,True
1789064615,mongodb-sharded-shardsvr,Running,True
1789064615,mongodb-sharded-shardsvr,Running,True
1789064615,mongodb-sharded-shardsvr,Running,True
1789064615,mongodb-sharded-shardsvr,Running,True
1789064615,mongodb-sharded-shardsvr,Running,True
1789064615,nginx-thrift,Running,True
1789064615,nginx-thrift,Running,True
1789064615,nginx-thrift,Running,True
1789064615,nginx-thrift,Running,True
1789064615,nginx-thrift,Running,True
1789064615,nginx-thrift,Running,True
1789064615,post-storage-service,Running,True
1789064615,post-storage-service,Running,True
1789064615,social-graph-redis,Running,True
1789064615,social-graph-service,Running,True
1789064615,social-network-mcrouter,Running,True
1789064615,social-network-mcrouter,Running,True
1789064615,social-network-mcrouter,Running,True
1789064615,memcached,Running,True
1789064615,memcached,Running,True
1789064615,memcached,Running,True
1789064615,memcached,Running,True
1789064615,memcached,Running,True
1789064615,memcached,Running,True
1789064615,text-service,Running,True
1789064615,unique-id-service,Running,True
1789064615,url-shorten-service,Running,True
1789064615,user-mention-service,Running,True
1789064615,user-service,Running,True
1789064615,user-timeline-redis,Running,True
1789064615,user-timeline-service,Running,True
1789064616,compose-post-service,Running,True
1789064616,home-timeline-redis,Running,True
1789064616,home-timeline-service,Running,True
1789064616,jaeger,Running,True
1789064616,media-frontend,Running,True
1789064616,media-service,Running,True
1789064616,mongodb-sharded-configsvr,Running,True
1789064616,mongodb-sharded-mongos,Running,True
1789064616,mongodb-sharded-mongos,Running,True
1789064616,mongodb-sharded-mongos,Running,True
1789064616,mongodb-sharded-shardsvr,Running,True
1789064616,mongodb-sharded-shardsvr,Running,True
1789064616,mongodb-sharded-shardsvr,Running,True
1789064616,mongodb-sharded-shardsvr,Running,True
1789064616,mongodb-sharded-shardsvr,Running,True
1789064616,mongodb-sharded-shardsvr,Running,True
1789064616,nginx-thrift,Running,True
1789064616,nginx-thrift,Running,True
1789064616,nginx-thrift,Running,True
1789064616,nginx-thrift,Running,True
1789064616,nginx-thrift,Running,True
1789064616,nginx-thrift,Running,True
1789064616,post-storage-service,Running,True
1789064616,post-storage-service,Running,True
1789064616,social-graph-redis,Running,True
1789064616,social-graph-service,Running,True
1789064616,social-network-mcrouter,Running,True
1789064616,social-network-mcrouter,Running,True
1789064616,social-network-mcrouter,Running,True
1789064616,memcached,Running,True
1789064616,memcached,Running,True
1789064616,memcached,Running,True
1789064616,memcached,Running,True
1789064616,memcached,Running,True
1789064616,memcached,Running,True
1789064616,text-service,Running,True
1789064616,unique-id-service,Running,True
1789064616,url-shorten-service,Running,True
1789064616,user-mention-service,Running,True
1789064616,user-service,Running,True
1789064616,user-timeline-redis,Running,True
1789064616,user-timeline-service,Running,True
1789064617,compose-post-service,Running,True
1789064617,home-timeline-redis,Running,True
1789064617,home-timeline-service,Running,True
1789064617,jaeger,Running,True
1789064617,media-frontend,Running,True
1789064617,media-service,Running,True
1789064617,mongodb-sharded-configsvr,Running,True
1789064617,mongodb-sharded-mongos,Running,True
1789064617,mongodb-sharded-mongos,Running,True
1789064617,mongodb-sharded-mongos,Running,True
1789064617,mongodb-sharded-shardsvr,Running,True
1789064617,mongodb-sharded-shardsvr,Running,True
1789064617,mongodb-sharded-shardsvr,Running,True
1789064617,mongodb-sharded-shardsvr,Running,True
1789064617,mongodb-sharded-shardsvr,Running,True
1789064617,mongodb-sharded-shardsvr,Running,True
1789064617,nginx-thrift,Running,True
1789064617,nginx-thrift,Running,True
1789064617,nginx-thrift,Running,True
1789064617,nginx-thrift,Running,True
1789064617,nginx-thrift,Running,True
1789064617,nginx-thrift,Running,True
1789064617,post-storage-service,Running,True
1789064617,post-storage-service,Running,True
1789064617,social-graph-redis,Running,True
1789064617,social-graph-service,Running,True
1789064617,social-network-mcrouter,Running,True
1789064617,social-network-mcrouter,Running,True
1789064617,social-network-mcrouter,Running,True
1789064617,memcached,Running,True
1789064617,memcached,Running,True
1789064617,memcached,Running,True
1789064617,memcached,Running,True
1789064617,memcached,Running,True
1789064617,memcached,Running,True
1789064617,text-service,Running,True
1789064617,unique-id-service,Running,True
1789064617,url-shorten-service,Running,True
1789064617,user-mention-service,Running,True
1789064617,user-service,Running,True
1789064617,user-timeline-redis,Running,True
1789064617,user-timeline-service,Running,True
1789064618,compose-post-service,Running,True
1789064618,home-timeline-redis,Running,True
1789064618,home-timeline-service,Running,True
1789064618,jaeger,Running,True
1789064618,media-frontend,Running,True
1789064618,media-service,Running,True
1789064618,mongodb-sharded-configsvr,Running,True
1789064618,mongodb-sharded-mongos,Running,True
1789064618,mongodb-sharded-mongos,Running,True
1789064618,mongodb-sharded-mongos,Running,True
1789064618,mongodb-sharded-shardsvr,Running,True
1789064618,mongodb-sharded-shardsvr,Running,True
1789064618,mongodb-sharded-shardsvr,Running,True
1789064618,mongodb-sharded-shardsvr,Running,True
1789064618,mongodb-sharded-shardsvr,Running,True
1789064618,mongodb-sharded-shardsvr,Running,True
1789064618,nginx-thrift,Running,True
1789064618,nginx-thrift,Running,True
1789064618,nginx-thrift,Running,True
1789064618,nginx-thrift,Running,True
1789064618,nginx-thrift,Running,True
1789064618,nginx-thrift,Running,True
1789064618,post-storage-service,Running,True
1789064618,post-storage-service,Running,True
1789064618,social-graph-redis,Running,True
1789064618,social-graph-service,Running,True
1789064618,social-network-mcrouter,Running,True
1789064618,social-network-mcrouter,Running,True
1789064618,social-network-mcrouter,Running,True
1789064618,memcached,Running,True
1789064618,memcached,Running,True
1789064618,memcached,Running,True
1789064618,memcached,Running,True
1789064618,memcached,Running,True
1789064618,memcached,Running,True
1789064618,text-service,Running,True
1789064618,unique-id-service,Running,True
1789064618,url-shorten-service,Running,True
1789064618,user-mention-service,Running,True
1789064618,user-service,Running,True
1789064618,user-timeline-redis,Running,True
1789064618,user-timeline-service,Running,True
1789064619,compose-post-service,Running,True
1789064619,home-timeline-redis,Running,True
1789064619,home-timeline-service,Running,True
1789064619,jaeger,Running,True
1789064619,media-frontend,Running,True
1789064619,media-service,Running,True
1789064619,mongodb-sharded-configsvr,Running,True
1789064619,mongodb-sharded-mongos,Running,True
1789064619,mongodb-sharded-mongos,Running,True
1789064619,mongodb-sharded-mongos,Running,True
1789064619,mongodb-sharded-shardsvr,Running,True
1789064619,mongodb-sharded-shardsvr,Running,True
1789064619,mongodb-sharded-shardsvr,Running,True
1789064619,mongodb-sharded-shardsvr,Running,True
1789064619,mongodb-sharded-shardsvr,Running,True
1789064619,mongodb-sharded-shardsvr,Running,True
1789064619,nginx-thrift,Running,True
1789064619,nginx-thrift,Running,True
1789064619,nginx-thrift,Running,True
1789064619,nginx-thrift,Running,True
1789064619,nginx-thrift,Running,True
1789064619,nginx-thrift,Running,True
1789064619,post-storage-service,Running,True
1789064619,post-storage-service,Running,True
1789064619,social-graph-redis,Running,True
1789064619,social-graph-service,Running,True
1789064619,social-network-mcrouter,Running,True
1789064619,social-network-mcrouter,Running,True
1789064619,social-network-mcrouter,Running,True
1789064619,memcached,Running,True
1789064619,memcached,Running,True
1789064619,memcached,Running,True
1789064619,memcached,Running,True
1789064619,memcached,Running,True
1789064619,memcached,Running,True
1789064619,text-service,Running,True
1789064619,unique-id-service,Running,True
1789064619,url-shorten-service,Running,True
1789064619,user-mention-service,Running,True
1789064619,user-service,Running,True
1789064619,user-timeline-redis,Running,True
1789064619,user-timeline-service,Running,True
1789064620,compose-post-service,Running,True
1789064620,home-timeline-redis,Running,True
1789064620,home-timeline-service,Running,True
1789064620,jaeger,Running,True
1789064620,media-frontend,Running,True
1789064620,media-service,Running,True
1789064620,mongodb-sharded-configsvr,Running,True
1789064620,mongodb-sharded-mongos,Running,True
1789064620,mongodb-sharded-mongos,Running,True
1789064620,mongodb-sharded-mongos,Running,True
1789064620,mongodb-sharded-shardsvr,Running,True
1789064620,mongodb-sharded-shardsvr,Running,True
1789064620,mongodb-sharded-shardsvr,Running,True
1789064620,mongodb-sharded-shardsvr,Running,True
1789064620,mongodb-sharded-shardsvr,Running,True
1789064620,mongodb-sharded-shardsvr,Running,True
1789064620,nginx-thrift,Running,True
1789064620,nginx-thrift,Running,True
1789064620,nginx-thrift,Running,True
1789064620,nginx-thrift,Running,True
1789064620,nginx-thrift,Running,True
1789064620,nginx-thrift,Running,True
1789064620,post-storage-service,Running,True
1789064620,post-storage-service,Running,True
1789064620,social-graph-redis,Running,True
1789064620,social-graph-service,Running,True
1789064620,social-network-mcrouter,Running,True
1789064620,social-network-mcrouter,Running,True
1789064620,social-network-mcrouter,Running,True
1789064620,memcached,Running,True
1789064620,memcached,Running,True
1789064620,memcached,Running,True
1789064620,memcached,Running,True
1789064620,memcached,Running,True
1789064620,memcached,Running,True
1789064620,text-service,Running,True
1789064620,unique-id-service,Running,True
1789064620,url-shorten-service,Running,True
1789064620,user-mention-service,Running,True
1789064620,user-service,Running,True
1789064620,user-timeline-redis,Running,True
1789064620,user-timeline-service,Running,True
1789064621,compose-post-service,Running,True
1789064621,home-timeline-redis,Running,True
1789064621,home-timeline-service,Running,True
1789064621,jaeger,Running,True
1789064621,media-frontend,Running,True
1789064621,media-service,Running,True
1789064621,mongodb-sharded-configsvr,Running,True
1789064621,mongodb-sharded-mongos,Running,True
1789064621,mongodb-sharded-mongos,Running,True
1789064621,mongodb-sharded-mongos,Running,True
1789064621,mongodb-sharded-shardsvr,Running,True
1789064621,mongodb-sharded-shardsvr,Running,True
1789064621,mongodb-sharded-shardsvr,Running,True
1789064621,mongodb-sharded-shardsvr,Running,True
1789064621,mongodb-sharded-shardsvr,Running,True
1789064621,mongodb-sharded-shardsvr,Running,True
1789064621,nginx-thrift,Running,True
1789064621,nginx-thrift,Running,True
1789064621,nginx-thrift,Running,True
1789064621,nginx-thrift,Running,True
1789064621,nginx-thrift,Running,True
1789064621,nginx-thrift,Running,True
1789064621,post-storage-service,Running,True
1789064621,post-storage-service,Running,True
1789064621,social-graph-redis,Running,True
1789064621,social-graph-service,Running,True
1789064621,social-network-mcrouter,Running,True
1789064621,social-network-mcrouter,Running,True
1789064621,social-network-mcrouter,Running,True
1789064621,memcached,Running,True
1789064621,memcached,Running,True
1789064621,memcached,Running,True
1789064621,memcached,Running,True
1789064621,memcached,Running,True
1789064621,memcached,Running,True
1789064621,text-service,Running,True
1789064621,unique-id-service,Running,True
1789064621,url-shorten-service,Running,True
1789064621,user-mention-service,Running,True
1789064621,user-service,Running,True
1789064621,user-timeline-redis,Running,True
1789064621,user-timeline-service,Running,True
1789064622,compose-post-service,Running,True
1789064622,home-timeline-redis,Running,True
1789064622,home-timeline-service,Running,True
1789064622,jaeger,Running,True
1789064622,media-frontend,Running,True
1789064622,media-service,Running,True
1789064622,mongodb-sharded-configsvr,Running,True
1789064622,mongodb-sharded-mongos,Running,True
1789064622,mongodb-sharded-mongos,Running,True
1789064622,mongodb-sharded-mongos,Running,True
1789064622,mongodb-sharded-shardsvr,Running,True
1789064622,mongodb-sharded-shardsvr,Running,True
1789064622,mongodb-sharded-shardsvr,Running,True
1789064622,mongodb-sharded-shardsvr,Running,True
1789064622,mongodb-sharded-shardsvr,Running,True
1789064622,mongodb-sharded-shardsvr,Running,True
1789064622,nginx-thrift,Running,True
1789064622,nginx-thrift,Running,True
1789064622,nginx-thrift,Running,True
1789064622,nginx-thrift,Running,True
1789064622,nginx-thrift,Running,True
1789064622,nginx-thrift,Running,True
1789064622,post-storage-service,Running,True
1789064622,post-storage-service,Running,True
1789064622,social-graph-redis,Running,True
1789064622,social-graph-service,Running,True
1789064622,social-network-mcrouter,Running,True
1789064622,social-network-mcrouter,Running,True
1789064622,social-network-mcrouter,Running,True
1789064622,memcached,Running,True
1789064622,memcached,Running,True
1789064622,memcached,Running,True
1789064622,memcached,Running,True
1789064622,memcached,Running,True
1789064622,memcached,Running,True
1789064622,text-service,Running,True
1789064622,unique-id-service,Running,True
1789064622,url-shorten-service,Running,True
1789064622,user-mention-service,Running,True
1789064622,user-service,Running,True
1789064622,user-timeline-redis,Running,True
1789064622,user-timeline-service,Running,True
1789064623,compose-post-service,Running,True
1789064623,home-timeline-redis,Running,True
1789064623,home-timeline-service,Running,True
1789064623,jaeger,Running,True
1789064623,media-frontend,Running,True
1789064623,media-service,Running,True
1789064623,mongodb-sharded-configsvr,Running,True
1789064623,mongodb-sharded-mongos,Running,True
1789064623,mongodb-sharded-mongos,Running,True
1789064623,mongodb-sharded-mongos,Running,True
1789064623,mongodb-sharded-shardsvr,Running,True
1789064623,mongodb-sharded-shardsvr,Running,True
1789064623,mongodb-sharded-shardsvr,Running,True
1789064623,mongodb-sharded-shardsvr,Running,True
1789064623,mongodb-sharded-shardsvr,Running,True
1789064623,mongodb-sharded-shardsvr,Running,True
1789064623,nginx-thrift,Running,True
1789064623,nginx-thrift,Running,True
1789064623,nginx-thrift,Running,True
1789064623,nginx-thrift,Running,True
1789064623,nginx-thrift,Running,True
1789064623,nginx-thrift,Running,True
1789064623,post-storage-service,Running,True
1789064623,post-storage-service,Running,True
1789064623,social-graph-redis,Running,True
1789064623,social-graph-service,Running,True
1789064623,social-network-mcrouter,Running,True
1789064623,social-network-mcrouter,Running,True
1789064623,social-network-mcrouter,Running,True
1789064623,memcached,Running,True
1789064623,memcached,Running,True
1789064623,memcached,Running,True
1789064623,memcached,Running,True
1789064623,memcached,Running,True
1789064623,memcached,Running,True
1789064623,text-service,Running,True
1789064623,unique-id-service,Running,True
1789064623,url-shorten-service,Running,True
1789064623,user-mention-service,Running,True
1789064623,user-service,Running,True
1789064623,user-timeline-redis,Running,True
1789064623,user-timeline-service,Running,True
1789064624,compose-post-service,Running,True
1789064624,home-timeline-redis,Running,True
1789064624,home-timeline-service,Running,True
1789064624,jaeger,Running,True
1789064624,media-frontend,Running,True
1789064624,media-service,Running,True
1789064624,mongodb-sharded-configsvr,Running,True
1789064624,mongodb-sharded-mongos,Running,True
1789064624,mongodb-sharded-mongos,Running,True
1789064624,mongodb-sharded-mongos,Running,True
1789064624,mongodb-sharded-shardsvr,Running,True
1789064624,mongodb-sharded-shardsvr,Running,True
1789064624,mongodb-sharded-shardsvr,Running,True
1789064624,mongodb-sharded-shardsvr,Running,True
1789064624,mongodb-sharded-shardsvr,Running,True
1789064624,mongodb-sharded-shardsvr,Running,True
1789064624,nginx-thrift,Running,True
1789064624,nginx-thrift,Running,True
1789064624,nginx-thrift,Running,True
1789064624,nginx-thrift,Running,True
1789064624,nginx-thrift,Running,True
1789064624,nginx-thrift,Running,True
1789064624,post-storage-service,Running,True
1789064624,post-storage-service,Running,True
1789064624,social-graph-redis,Running,True
1789064624,social-graph-service,Running,True
1789064624,social-network-mcrouter,Running,True
1789064624,social-network-mcrouter,Running,True
1789064624,social-network-mcrouter,Running,True
1789064624,memcached,Running,True
1789064624,memcached,Running,True
1789064624,memcached,Running,True
1789064624,memcached,Running,True
1789064624,memcached,Running,True
1789064624,memcached,Running,True
1789064624,text-service,Running,True
1789064624,unique-id-service,Running,True
1789064624,url-shorten-service,Running,True
1789064624,user-mention-service,Running,True
1789064624,user-service,Running,True
1789064624,user-timeline-redis,Running,True
1789064624,user-timeline-service,Running,True
1789064625,compose-post-service,Running,True
1789064625,home-timeline-redis,Running,True
1789064625,home-timeline-service,Running,True
1789064625,jaeger,Running,True
1789064625,media-frontend,Running,True
1789064625,media-service,Running,True
1789064625,mongodb-sharded-configsvr,Running,True
1789064625,mongodb-sharded-mongos,Running,True
1789064625,mongodb-sharded-mongos,Running,True
1789064625,mongodb-sharded-mongos,Running,True
1789064625,mongodb-sharded-shardsvr,Running,True
1789064625,mongodb-sharded-shardsvr,Running,True
1789064625,mongodb-sharded-shardsvr,Running,True
1789064625,mongodb-sharded-shardsvr,Running,True
1789064625,mongodb-sharded-shardsvr,Running,True
1789064625,mongodb-sharded-shardsvr,Running,True
1789064625,nginx-thrift,Running,True
1789064625,nginx-thrift,Running,True
1789064625,nginx-thrift,Running,True
1789064625,nginx-thrift,Running,True
1789064625,nginx-thrift,Running,True
1789064625,nginx-thrift,Running,True
1789064625,post-storage-service,Running,True
1789064625,post-storage-service,Running,True
1789064625,social-graph-redis,Running,True
1789064625,social-graph-service,Running,True
1789064625,social-network-mcrouter,Running,True
1789064625,social-network-mcrouter,Running,True
1789064625,social-network-mcrouter,Running,True
1789064625,memcached,Running,True
1789064625,memcached,Running,True
1789064625,memcached,Running,True
1789064625,memcached,Running,True
1789064625,memcached,Running,True
1789064625,memcached,Running,True
1789064625,text-service,Running,True
1789064625,unique-id-service,Running,True
1789064625,url-shorten-service,Running,True
1789064625,user-mention-service,Running,True
1789064625,user-service,Running,True
1789064625,user-timeline-redis,Running,True
1789064625,user-timeline-service,Running,True
1789064626,compose-post-service,Running,True
1789064626,home-timeline-redis,Running,True
1789064626,home-timeline-service,Running,True
1789064626,jaeger,Running,True
1789064626,media-frontend,Running,True
1789064626,media-service,Running,True
1789064626,mongodb-sharded-configsvr,Running,True
1789064626,mongodb-sharded-mongos,Running,True
1789064626,mongodb-sharded-mongos,Running,True
1789064626,mongodb-sharded-mongos,Running,True
1789064626,mongodb-sharded-shardsvr,Running,True
1789064626,mongodb-sharded-shardsvr,Running,True
1789064626,mongodb-sharded-shardsvr,Running,True
1789064626,mongodb-sharded-shardsvr,Running,True
1789064626,mongodb-sharded-shardsvr,Running,True
1789064626,mongodb-sharded-shardsvr,Running,True
1789064626,nginx-thrift,Running,True
1789064626,nginx-thrift,Running,True
1789064626,nginx-thrift,Running,True
1789064626,nginx-thrift,Running,True
1789064626,nginx-thrift,Running,True
1789064626,nginx-thrift,Running,True
1789064626,post-storage-service,Running,True
1789064626,post-storage-service,Running,True
1789064626,social-graph-redis,Running,True
1789064626,social-graph-service,Running,True
1789064626,social-network-mcrouter,Running,True
1789064626,social-network-mcrouter,Running,True
1789064626,social-network-mcrouter,Running,True
1789064626,memcached,Running,True
1789064626,memcached,Running,True
1789064626,memcached,Running,True
1789064626,memcached,Running,True
1789064626,memcached,Running,True
1789064626,memcached,Running,True
1789064626,text-service,Running,True
1789064626,unique-id-service,Running,True
1789064626,url-shorten-service,Running,True
1789064626,user-mention-service,Running,True
1789064626,user-service,Running,True
1789064626,user-timeline-redis,Running,True
1789064626,user-timeline-service,Running,True
1789064627,compose-post-service,Running,True
1789064627,home-timeline-redis,Running,True
1789064627,home-timeline-service,Running,True
1789064627,jaeger,Running,True
1789064627,media-frontend,Running,True
1789064627,media-service,Running,True
1789064627,mongodb-sharded-configsvr,Running,True
1789064627,mongodb-sharded-mongos,Running,True
1789064627,mongodb-sharded-mongos,Running,True
1789064627,mongodb-sharded-mongos,Running,True
1789064627,mongodb-sharded-shardsvr,Running,True
1789064627,mongodb-sharded-shardsvr,Running,True
1789064627,mongodb-sharded-shardsvr,Running,True
1789064627,mongodb-sharded-shardsvr,Running,True
1789064627,mongodb-sharded-shardsvr,Running,True
1789064627,mongodb-sharded-shardsvr,Running,True
1789064627,nginx-thrift,Running,True
1789064627,nginx-thrift,Running,True
1789064627,nginx-thrift,Running,True
1789064627,nginx-thrift,Running,True
1789064627,nginx-thrift,Running,True
1789064627,nginx-thrift,Running,True
1789064627,post-storage-service,Running,True
1789064627,post-storage-service,Running,True
1789064627,social-graph-redis,Running,True
1789064627,social-graph-service,Running,True
1789064627,social-network-mcrouter,Running,True
1789064627,social-network-mcrouter,Running,True
1789064627,social-network-mcrouter,Running,True
1789064627,memcached,Running,True
1789064627,memcached,Running,True
1789064627,memcached,Running,True
1789064627,memcached,Running,True
1789064627,memcached,Running,True
1789064627,memcached,Running,True
1789064627,text-service,Running,True
1789064627,unique-id-service,Running,True
1789064627,url-shorten-service,Running,True
1789064627,user-mention-service,Running,True
1789064627,user-service,Running,True
1789064627,user-timeline-redis,Running,True
1789064627,user-timeline-service,Running,True
1789064628,compose-post-service,Running,True
1789064628,home-timeline-redis,Running,True
1789064628,home-timeline-service,Running,True
1789064628,jaeger,Running,True
1789064628,media-frontend,Running,True
1789064628,media-service,Running,True
1789064628,mongodb-sharded-configsvr,Running,True
1789064628,mongodb-sharded-mongos,Running,True
1789064628,mongodb-sharded-mongos,Running,True
1789064628,mongodb-sharded-mongos,Running,True
1789064628,mongodb-sharded-shardsvr,Running,True
1789064628,mongodb-sharded-shardsvr,Running,True
1789064628,mongodb-sharded-shardsvr,Running,True
1789064628,mongodb-sharded-shardsvr,Running,True
1789064628,mongodb-sharded-shardsvr,Running,True
1789064628,mongodb-sharded-shardsvr,Running,True
1789064628,nginx-thrift,Running,True
1789064628,nginx-thrift,Running,True
1789064628,nginx-thrift,Running,True
1789064628,nginx-thrift,Running,True
1789064628,nginx-thrift,Running,True
1789064628,nginx-thrift,Running,True
1789064628,post-storage-service,Running,True
1789064628,post-storage-service,Running,True
1789064628,social-graph-redis,Running,True
1789064628,social-graph-service,Running,True
1789064628,social-network-mcrouter,Running,True
1789064628,social-network-mcrouter,Running,True
1789064628,social-network-mcrouter,Running,True
1789064628,memcached,Running,True
1789064628,memcached,Running,True
1789064628,memcached,Running,True
1789064628,memcached,Running,True
1789064628,memcached,Running,True
1789064628,memcached,Running,True
1789064628,text-service,Running,True
1789064628,unique-id-service,Running,True
1789064628,url-shorten-service,Running,True
1789064628,user-mention-service,Running,True
1789064628,user-service,Running,True
1789064628,user-timeline-redis,Running,True
1789064628,user-timeline-service,Running,True
1789064629,compose-post-service,Running,True
1789064629,home-timeline-redis,Running,True
1789064629,home-timeline-service,Running,True
1789064629,jaeger,Running,True
1789064629,media-frontend,Running,True
1789064629,media-service,Running,True
1789064629,mongodb-sharded-configsvr,Running,True
1789064629,mongodb-sharded-mongos,Running,True
1789064629,mongodb-sharded-mongos,Running,True
1789064629,mongodb-sharded-mongos,Running,True
1789064629,mongodb-sharded-shardsvr,Running,True
1789064629,mongodb-sharded-shardsvr,Running,True
1789064629,mongodb-sharded-shardsvr,Running,True
1789064629,mongodb-sharded-shardsvr,Running,True
1789064629,mongodb-sharded-shardsvr,Running,True
1789064629,mongodb-sharded-shardsvr,Running,True
1789064629,nginx-thrift,Running,True
1789064629,nginx-thrift,Running,True
1789064629,nginx-thrift,Running,True
1789064629,nginx-thrift,Running,True
1789064629,nginx-thrift,Running,True
1789064629,nginx-thrift,Running,True
1789064629,post-storage-service,Running,True
1789064629,post-storage-service,Running,True
1789064629,social-graph-redis,Running,True
1789064629,social-graph-service,Running,True
1789064629,social-network-mcrouter,Running,True
1789064629,social-network-mcrouter,Running,True
1789064629,social-network-mcrouter,Running,True
1789064629,memcached,Running,True
1789064629,memcached,Running,True
1789064629,memcached,Running,True
1789064629,memcached,Running,True
1789064629,memcached,Running,True
1789064629,memcached,Running,True
1789064629,text-service,Running,True
1789064629,unique-id-service,Running,True
1789064629,url-shorten-service,Running,True
1789064629,user-mention-service,Running,True
1789064629,user-service,Running,True
1789064629,user-timeline-redis,Running,True
1789064629,user-timeline-service,Running,True
1789064630,compose-post-service,Running,True
1789064630,home-timeline-redis,Running,True
1789064630,home-timeline-service,Running,True
1789064630,jaeger,Running,True
1789064630,media-frontend,Running,True
1789064630,media-service,Running,True
1789064630,mongodb-sharded-configsvr,Running,True
1789064630,mongodb-sharded-mongos,Running,True
1789064630,mongodb-sharded-mongos,Running,True
1789064630,mongodb-sharded-mongos,Running,True
1789064630,mongodb-sharded-shardsvr,Running,True
1789064630,mongodb-sharded-shardsvr,Running,True
1789064630,mongodb-sharded-shardsvr,Running,True
1789064630,mongodb-sharded-shardsvr,Running,True
1789064630,mongodb-sharded-shardsvr,Running,True
1789064630,mongodb-sharded-shardsvr,Running,True
1789064630,nginx-thrift,Running,True
1789064630,nginx-thrift,Running,True
1789064630,nginx-thrift,Running,True
1789064630,nginx-thrift,Running,True
1789064630,nginx-thrift,Running,True
1789064630,nginx-thrift,Running,True
1789064630,post-storage-service,Running,True
1789064630,post-storage-service,Running,True
1789064630,social-graph-redis,Running,True
1789064630,social-graph-service,Running,True
1789064630,social-network-mcrouter,Running,True
1789064630,social-network-mcrouter,Running,True
1789064630,social-network-mcrouter,Running,True
1789064630,memcached,Running,True
1789064630,memcached,Running,True
1789064630,memcached,Running,True
1789064630,memcached,Running,True
1789064630,memcached,Running,True
1789064630,memcached,Running,True
1789064630,text-service,Running,True
1789064630,unique-id-service,Running,True
1789064630,url-shorten-service,Running,True
1789064630,user-mention-service,Running,True
1789064630,user-service,Running,True
1789064630,user-timeline-redis,Running,True
1789064630,user-timeline-service,Running,True
1789064631,compose-post-service,Running,True
1789064631,home-timeline-redis,Running,True
1789064631,home-timeline-service,Running,True
1789064631,jaeger,Running,True
1789064631,media-frontend,Running,True
1789064631,media-service,Running,True
1789064631,mongodb-sharded-configsvr,Running,True
1789064631,mongodb-sharded-mongos,Running,True
1789064631,mongodb-sharded-mongos,Running,True
1789064631,mongodb-sharded-mongos,Running,True
1789064631,mongodb-sharded-shardsvr,Running,True
1789064631,mongodb-sharded-shardsvr,Running,True
1789064631,mongodb-sharded-shardsvr,Running,True
1789064631,mongodb-sharded-shardsvr,Running,True
1789064631,mongodb-sharded-shardsvr,Running,True
1789064631,mongodb-sharded-shardsvr,Running,True
1789064631,nginx-thrift,Running,True
1789064631,nginx-thrift,Running,True
1789064631,nginx-thrift,Running,True
1789064631,nginx-thrift,Running,True
1789064631,nginx-thrift,Running,True
1789064631,nginx-thrift,Running,True
1789064631,post-storage-service,Running,True
1789064631,post-storage-service,Running,True
1789064631,social-graph-redis,Running,True
1789064631,social-graph-service,Running,True
1789064631,social-network-mcrouter,Running,True
1789064631,social-network-mcrouter,Running,True
1789064631,social-network-mcrouter,Running,True
1789064631,memcached,Running,True
1789064631,memcached,Running,True
1789064631,memcached,Running,True
1789064631,memcached,Running,True
1789064631,memcached,Running,True
1789064631,memcached,Running,True
1789064631,text-service,Running,True
1789064631,unique-id-service,Running,True
1789064631,url-shorten-service,Running,True
1789064631,user-mention-service,Running,True
1789064631,user-service,Running,True
1789064631,user-timeline-redis,Running,True
1789064631,user-timeline-service,Running,True
1789064632,compose-post-service,Running,True
1789064632,home-timeline-redis,Running,True
1789064632,home-timeline-service,Running,True
1789064632,jaeger,Running,True
1789064632,media-frontend,Running,True
1789064632,media-service,Running,True
1789064632,mongodb-sharded-configsvr,Running,True
1789064632,mongodb-sharded-mongos,Running,True
1789064632,mongodb-sharded-mongos,Running,True
1789064632,mongodb-sharded-mongos,Running,True
1789064632,mongodb-sharded-shardsvr,Running,True
1789064632,mongodb-sharded-shardsvr,Running,True
1789064632,mongodb-sharded-shardsvr,Running,True
1789064632,mongodb-sharded-shardsvr,Running,True
1789064632,mongodb-sharded-shardsvr,Running,True
1789064632,mongodb-sharded-shardsvr,Running,True
1789064632,nginx-thrift,Running,True
1789064632,nginx-thrift,Running,True
1789064632,nginx-thrift,Running,True
1789064632,nginx-thrift,Running,True
1789064632,nginx-thrift,Running,True
1789064632,nginx-thrift,Running,True
1789064632,post-storage-service,Running,True
1789064632,post-storage-service,Running,True
1789064632,social-graph-redis,Running,True
1789064632,social-graph-service,Running,True
1789064632,social-network-mcrouter,Running,True
1789064632,social-network-mcrouter,Running,True
1789064632,social-network-mcrouter,Running,True
1789064632,memcached,Running,True
1789064632,memcached,Running,True
1789064632,memcached,Running,True
1789064632,memcached,Running,True
1789064632,memcached,Running,True
1789064632,memcached,Running,True
1789064632,text-service,Running,True
1789064632,unique-id-service,Running,True
1789064632,url-shorten-service,Running,True
1789064632,user-mention-service,Running,True
1789064632,user-service,Running,True
1789064632,user-timeline-redis,Running,True
1789064632,user-timeline-service,Running,True
1789064633,compose-post-service,Running,True
1789064633,home-timeline-redis,Running,True
1789064633,home-timeline-service,Running,True
1789064633,jaeger,Running,True
1789064633,media-frontend,Running,True
1789064633,media-service,Running,True
1789064633,mongodb-sharded-configsvr,Running,True
1789064633,mongodb-sharded-mongos,Running,True
1789064633,mongodb-sharded-mongos,Running,True
1789064633,mongodb-sharded-mongos,Running,True
1789064633,mongodb-sharded-shardsvr,Running,True
1789064633,mongodb-sharded-shardsvr,Running,True
1789064633,mongodb-sharded-shardsvr,Running,True
1789064633,mongodb-sharded-shardsvr,Running,True
1789064633,mongodb-sharded-shardsvr,Running,True
1789064633,mongodb-sharded-shardsvr,Running,True
1789064633,nginx-thrift,Running,True
1789064633,nginx-thrift,Running,True
1789064633,nginx-thrift,Running,True
1789064633,nginx-thrift,Running,True
1789064633,nginx-thrift,Running,True
1789064633,nginx-thrift,Running,True
1789064633,post-storage-service,Running,True
1789064633,post-storage-service,Running,True
1789064633,social-graph-redis,Running,True
1789064633,social-graph-service,Running,True
1789064633,social-network-mcrouter,Running,True
1789064633,social-network-mcrouter,Running,True
1789064633,social-network-mcrouter,Running,True
1789064633,memcached,Running,True
1789064633,memcached,Running,True
1789064633,memcached,Running,True
1789064633,memcached,Running,True
1789064633,memcached,Running,True
1789064633,memcached,Running,True
1789064633,text-service,Running,True
1789064633,unique-id-service,Running,True
1789064633,url-shorten-service,Running,True
1789064633,user-mention-service,Running,True
1789064633,user-service,Running,True
1789064633,user-timeline-redis,Running,True
1789064633,user-timeline-service,Running,True
1789064634,compose-post-service,Running,True
1789064634,home-timeline-redis,Running,True
1789064634,home-timeline-service,Running,True
1789064634,jaeger,Running,True
1789064634,media-frontend,Running,True
1789064634,media-service,Running,True
1789064634,mongodb-sharded-configsvr,Running,True
1789064634,mongodb-sharded-mongos,Running,True
1789064634,mongodb-sharded-mongos,Running,True
1789064634,mongodb-sharded-mongos,Running,True
1789064634,mongodb-sharded-shardsvr,Running,True
1789064634,mongodb-sharded-shardsvr,Running,True
1789064634,mongodb-sharded-shardsvr,Running,True
1789064634,mongodb-sharded-shardsvr,Running,True
1789064634,mongodb-sharded-shardsvr,Running,True
1789064634,mongodb-sharded-shardsvr,Running,True
1789064634,nginx-thrift,Running,True
1789064634,nginx-thrift,Running,True
1789064634,nginx-thrift,Running,True
1789064634,nginx-thrift,Running,True
1789064634,nginx-thrift,Running,True
1789064634,nginx-thrift,Running,True
1789064634,post-storage-service,Running,True
1789064634,post-storage-service,Running,True
1789064634,social-graph-redis,Running,True
1789064634,social-graph-service,Running,True
1789064634,social-network-mcrouter,Running,True
1789064634,social-network-mcrouter,Running,True
1789064634,social-network-mcrouter,Running,True
1789064634,memcached,Running,True
1789064634,memcached,Running,True
1789064634,memcached,Running,True
1789064634,memcached,Running,True
1789064634,memcached,Running,True
1789064634,memcached,Running,True
1789064634,text-service,Running,True
1789064634,unique-id-service,Running,True
1789064634,url-shorten-service,Running,True
1789064634,user-mention-service,Running,True
1789064634,user-service,Running,True
1789064634,user-timeline-redis,Running,True
1789064634,user-timeline-service,Running,True
1789064635,compose-post-service,Running,True
1789064635,home-timeline-redis,Running,True
1789064635,home-timeline-service,Running,True
1789064635,jaeger,Running,True
1789064635,media-frontend,Running,True
1789064635,media-service,Running,True
1789064635,mongodb-sharded-configsvr,Running,True
1789064635,mongodb-sharded-mongos,Running,True
1789064635,mongodb-sharded-mongos,Running,True
1789064635,mongodb-sharded-mongos,Running,True
1789064635,mongodb-sharded-shardsvr,Running,True
1789064635,mongodb-sharded-shardsvr,Running,True
1789064635,mongodb-sharded-shardsvr,Running,True
1789064635,mongodb-sharded-shardsvr,Running,True
1789064635,mongodb-sharded-shardsvr,Running,True
1789064635,mongodb-sharded-shardsvr,Running,True
1789064635,nginx-thrift,Running,True
1789064635,nginx-thrift,Running,True
1789064635,nginx-thrift,Running,True
1789064635,nginx-thrift,Running,True
1789064635,nginx-thrift,Running,True
1789064635,nginx-thrift,Running,True
1789064635,post-storage-service,Running,True
1789064635,post-storage-service,Running,True
1789064635,social-graph-redis,Running,True
1789064635,social-graph-service,Running,True
1789064635,social-network-mcrouter,Running,True
1789064635,social-network-mcrouter,Running,True
1789064635,social-network-mcrouter,Running,True
1789064635,memcached,Running,True
1789064635,memcached,Running,True
1789064635,memcached,Running,True
1789064635,memcached,Running,True
1789064635,memcached,Running,True
1789064635,memcached,Running,True
1789064635,text-service,Running,True
1789064635,unique-id-service,Running,True
1789064635,url-shorten-service,Running,True
1789064635,user-mention-service,Running,True
1789064635,user-service,Running,True
1789064635,user-timeline-redis,Running,True
1789064635,user-timeline-service,Running,True
1789064636,compose-post-service,Running,True
1789064636,home-timeline-redis,Running,True
1789064636,home-timeline-service,Running,True
1789064636,jaeger,Running,True
1789064636,media-frontend,Running,True
1789064636,media-service,Running,True
1789064636,mongodb-sharded-configsvr,Running,True
1789064636,mongodb-sharded-mongos,Running,True
1789064636,mongodb-sharded-mongos,Running,True
1789064636,mongodb-sharded-mongos,Running,True
1789064636,mongodb-sharded-shardsvr,Running,True
1789064636,mongodb-sharded-shardsvr,Running,True
1789064636,mongodb-sharded-shardsvr,Running,True
1789064636,mongodb-sharded-shardsvr,Running,True
1789064636,mongodb-sharded-shardsvr,Running,True
1789064636,mongodb-sharded-shardsvr,Running,True
1789064636,nginx-thrift,Running,True
1789064636,nginx-thrift,Running,True
1789064636,nginx-thrift,Running,True
1789064636,nginx-thrift,Running,True
1789064636,nginx-thrift,Running,True
1789064636,nginx-thrift,Running,True
1789064636,post-storage-service,Running,True
1789064636,post-storage-service,Running,True
1789064636,social-graph-redis,Running,True
1789064636,social-graph-service,Running,True
1789064636,social-network-mcrouter,Running,True
1789064636,social-network-mcrouter,Running,True
1789064636,social-network-mcrouter,Running,True
1789064636,memcached,Running,True
1789064636,memcached,Running,True
1789064636,memcached,Running,True
1789064636,memcached,Running,True
1789064636,memcached,Running,True
1789064636,memcached,Running,True
1789064636,text-service,Running,True
1789064636,unique-id-service,Running,True
1789064636,url-shorten-service,Running,True
1789064636,user-mention-service,Running,True
1789064636,user-service,Running,True
1789064636,user-timeline-redis,Running,True
1789064636,user-timeline-service,Running,True
1789064637,compose-post-service,Running,True
1789064637,home-timeline-redis,Running,True
1789064637,home-timeline-service,Running,True
1789064637,jaeger,Running,True
1789064637,media-frontend,Running,True
1789064637,media-service,Running,True
1789064637,mongodb-sharded-configsvr,Running,True
1789064637,mongodb-sharded-mongos,Running,True
1789064637,mongodb-sharded-mongos,Running,True
1789064637,mongodb-sharded-mongos,Running,True
1789064637,mongodb-sharded-shardsvr,Running,True
1789064637,mongodb-sharded-shardsvr,Running,True
1789064637,mongodb-sharded-shardsvr,Running,True
1789064637,mongodb-sharded-shardsvr,Running,True
1789064637,mongodb-sharded-shardsvr,Running,True
1789064637,mongodb-sharded-shardsvr,Running,True
1789064637,nginx-thrift,Running,True
1789064637,nginx-thrift,Running,True
1789064637,nginx-thrift,Running,True
1789064637,nginx-thrift,Running,True
1789064637,nginx-thrift,Running,True
1789064637,nginx-thrift,Running,True
1789064637,post-storage-service,Running,True
1789064637,post-storage-service,Running,True
1789064637,social-graph-redis,Running,True
1789064637,social-graph-service,Running,True
1789064637,social-network-mcrouter,Running,True
1789064637,social-network-mcrouter,Running,True
1789064637,social-network-mcrouter,Running,True
1789064637,memcached,Running,True
1789064637,memcached,Running,True
1789064637,memcached,Running,True
1789064637,memcached,Running,True
1789064637,memcached,Running,True
1789064637,memcached,Running,True
1789064637,text-service,Running,True
1789064637,unique-id-service,Running,True
1789064637,url-shorten-service,Running,True
1789064637,user-mention-service,Running,True
1789064637,user-service,Running,True
1789064637,user-timeline-redis,Running,True
1789064637,user-timeline-service,Running,True
1789064638,compose-post-service,Running,True
1789064638,home-timeline-redis,Running,True
1789064638,home-timeline-service,Running,True
1789064638,jaeger,Running,True
1789064638,media-frontend,Running,True
1789064638,media-service,Running,True
1789064638,mongodb-sharded-configsvr,Running,True
1789064638,mongodb-sharded-mongos,Running,True
1789064638,mongodb-sharded-mongos,Running,True
1789064638,mongodb-sharded-mongos,Running,True
1789064638,mongodb-sharded-shardsvr,Running,True
1789064638,mongodb-sharded-shardsvr,Running,True
1789064638,mongodb-sharded-shardsvr,Running,True
1789064638,mongodb-sharded-shardsvr,Running,True
1789064638,mongodb-sharded-shardsvr,Running,True
1789064638,mongodb-sharded-shardsvr,Running,True
1789064638,nginx-thrift,Running,True
1789064638,nginx-thrift,Running,True
1789064638,nginx-thrift,Running,True
1789064638,nginx-thrift,Running,True
1789064638,nginx-thrift,Running,True
1789064638,nginx-thrift,Running,True
1789064638,post-storage-service,Running,True
1789064638,post-storage-service,Running,True
1789064638,social-graph-redis,Running,True
1789064638,social-graph-service,Running,True
1789064638,social-network-mcrouter,Running,True
1789064638,social-network-mcrouter,Running,True
1789064638,social-network-mcrouter,Running,True
1789064638,memcached,Running,True
1789064638,memcached,Running,True
1789064638,memcached,Running,True
1789064638,memcached,Running,True
1789064638,memcached,Running,True
1789064638,memcached,Running,True
1789064638,text-service,Running,True
1789064638,unique-id-service,Running,True
1789064638,url-shorten-service,Running,True
1789064638,user-mention-service,Running,True
1789064638,user-service,Running,True
1789064638,user-timeline-redis,Running,True
1789064638,user-timeline-service,Running,True
1789064640,compose-post-service,Running,True
1789064640,home-timeline-redis,Running,True
1789064640,home-timeline-service,Running,True
1789064640,jaeger,Running,True
1789064640,media-frontend,Running,True
1789064640,media-service,Running,True
1789064640,mongodb-sharded-configsvr,Running,True
1789064640,mongodb-sharded-mongos,Running,True
1789064640,mongodb-sharded-mongos,Running,True
1789064640,mongodb-sharded-mongos,Running,True
1789064640,mongodb-sharded-shardsvr,Running,True
1789064640,mongodb-sharded-shardsvr,Running,True
1789064640,mongodb-sharded-shardsvr,Running,True
1789064640,mongodb-sharded-shardsvr,Running,True
1789064640,mongodb-sharded-shardsvr,Running,True
1789064640,mongodb-sharded-shardsvr,Running,True
1789064640,nginx-thrift,Running,True
1789064640,nginx-thrift,Running,True
1789064640,nginx-thrift,Running,True
1789064640,nginx-thrift,Running,True
1789064640,nginx-thrift,Running,True
1789064640,nginx-thrift,Running,True
1789064640,post-storage-service,Running,True
1789064640,post-storage-service,Running,True
1789064640,social-graph-redis,Running,True
1789064640,social-graph-service,Running,True
1789064640,social-network-mcrouter,Running,True
1789064640,social-network-mcrouter,Running,True
1789064640,social-network-mcrouter,Running,True
1789064640,memcached,Running,True
1789064640,memcached,Running,True
1789064640,memcached,Running,True
1789064640,memcached,Running,True
1789064640,memcached,Running,True
1789064640,memcached,Running,True
1789064640,text-service,Running,True
1789064640,unique-id-service,Running,True
1789064640,url-shorten-service,Running,True
1789064640,user-mention-service,Running,True
1789064640,user-service,Running,True
1789064640,user-timeline-redis,Running,True
1789064640,user-timeline-service,Running,True
1789064641,compose-post-service,Running,True
1789064641,home-timeline-redis,Running,True
1789064641,home-timeline-service,Running,True
1789064641,jaeger,Running,True
1789064641,media-frontend,Running,True
1789064641,media-service,Running,True
1789064641,mongodb-sharded-configsvr,Running,True
1789064641,mongodb-sharded-mongos,Running,True
1789064641,mongodb-sharded-mongos,Running,True
1789064641,mongodb-sharded-mongos,Running,True
1789064641,mongodb-sharded-shardsvr,Running,True
1789064641,mongodb-sharded-shardsvr,Running,True
1789064641,mongodb-sharded-shardsvr,Running,True
1789064641,mongodb-sharded-shardsvr,Running,True
1789064641,mongodb-sharded-shardsvr,Running,True
1789064641,mongodb-sharded-shardsvr,Running,True
1789064641,nginx-thrift,Running,True
1789064641,nginx-thrift,Running,True
1789064641,nginx-thrift,Running,True
1789064641,nginx-thrift,Running,True
1789064641,nginx-thrift,Running,True
1789064641,nginx-thrift,Running,True
1789064641,post-storage-service,Running,True
1789064641,post-storage-service,Running,True
1789064641,social-graph-redis,Running,True
1789064641,social-graph-service,Running,True
1789064641,social-network-mcrouter,Running,True
1789064641,social-network-mcrouter,Running,True
1789064641,social-network-mcrouter,Running,True
1789064641,memcached,Running,True
1789064641,memcached,Running,True
1789064641,memcached,Running,True
1789064641,memcached,Running,True
1789064641,memcached,Running,True
1789064641,memcached,Running,True
1789064641,text-service,Running,True
1789064641,unique-id-service,Running,True
1789064641,url-shorten-service,Running,True
1789064641,user-mention-service,Running,True
1789064641,user-service,Running,True
1789064641,user-timeline-redis,Running,True
1789064641,user-timeline-service,Running,True
1789064642,compose-post-service,Running,True
1789064642,home-timeline-redis,Running,True
1789064642,home-timeline-service,Running,True
1789064642,jaeger,Running,True
1789064642,media-frontend,Running,True
1789064642,media-service,Running,True
1789064642,mongodb-sharded-configsvr,Running,True
1789064642,mongodb-sharded-mongos,Running,True
1789064642,mongodb-sharded-mongos,Running,True
1789064642,mongodb-sharded-mongos,Running,True
1789064642,mongodb-sharded-shardsvr,Running,True
1789064642,mongodb-sharded-shardsvr,Running,True
1789064642,mongodb-sharded-shardsvr,Running,True
1789064642,mongodb-sharded-shardsvr,Running,True
1789064642,mongodb-sharded-shardsvr,Running,True
1789064642,mongodb-sharded-shardsvr,Running,True
1789064642,nginx-thrift,Running,True
1789064642,nginx-thrift,Running,True
1789064642,nginx-thrift,Running,True
1789064642,nginx-thrift,Running,True
1789064642,nginx-thrift,Running,True
1789064642,nginx-thrift,Running,True
1789064642,post-storage-service,Running,True
1789064642,post-storage-service,Running,True
1789064642,social-graph-redis,Running,True
1789064642,social-graph-service,Running,True
1789064642,social-network-mcrouter,Running,True
1789064642,social-network-mcrouter,Running,True
1789064642,social-network-mcrouter,Running,True
1789064642,memcached,Running,True
1789064642,memcached,Running,True
1789064642,memcached,Running,True
1789064642,memcached,Running,True
1789064642,memcached,Running,True
1789064642,memcached,Running,True
1789064642,text-service,Running,True
1789064642,unique-id-service,Running,True
1789064642,url-shorten-service,Running,True
1789064642,user-mention-service,Running,True
1789064642,user-service,Running,True
1789064642,user-timeline-redis,Running,True
1789064642,user-timeline-service,Running,True
1789064643,compose-post-service,Running,True
1789064643,home-timeline-redis,Running,True
1789064643,home-timeline-service,Running,True
1789064643,jaeger,Running,True
1789064643,media-frontend,Running,True
1789064643,media-service,Running,True
1789064643,mongodb-sharded-configsvr,Running,True
1789064643,mongodb-sharded-mongos,Running,True
1789064643,mongodb-sharded-mongos,Running,True
1789064643,mongodb-sharded-mongos,Running,True
1789064643,mongodb-sharded-shardsvr,Running,True
1789064643,mongodb-sharded-shardsvr,Running,True
1789064643,mongodb-sharded-shardsvr,Running,True
1789064643,mongodb-sharded-shardsvr,Running,True
1789064643,mongodb-sharded-shardsvr,Running,True
1789064643,mongodb-sharded-shardsvr,Running,True
1789064643,nginx-thrift,Running,True
1789064643,nginx-thrift,Running,True
1789064643,nginx-thrift,Running,True
1789064643,nginx-thrift,Running,True
1789064643,nginx-thrift,Running,True
1789064643,nginx-thrift,Running,True
1789064643,post-storage-service,Running,True
1789064643,post-storage-service,Running,True
1789064643,social-graph-redis,Running,True
1789064643,social-graph-service,Running,True
1789064643,social-network-mcrouter,Running,True
1789064643,social-network-mcrouter,Running,True
1789064643,social-network-mcrouter,Running,True
1789064643,memcached,Running,True
1789064643,memcached,Running,True
1789064643,memcached,Running,True
1789064643,memcached,Running,True
1789064643,memcached,Running,True
1789064643,memcached,Running,True
1789064643,text-service,Running,True
1789064643,unique-id-service,Running,True
1789064643,url-shorten-service,Running,True
1789064643,user-mention-service,Running,True
1789064643,user-service,Running,True
1789064643,user-timeline-redis,Running,True
1789064643,user-timeline-service,Running,True
1789064644,compose-post-service,Running,True
1789064644,home-timeline-redis,Running,True
1789064644,home-timeline-service,Running,True
1789064644,jaeger,Running,True
1789064644,media-frontend,Running,True
1789064644,media-service,Running,True
1789064644,mongodb-sharded-configsvr,Running,True
1789064644,mongodb-sharded-mongos,Running,True
1789064644,mongodb-sharded-mongos,Running,True
1789064644,mongodb-sharded-mongos,Running,True
1789064644,mongodb-sharded-shardsvr,Running,True
1789064644,mongodb-sharded-shardsvr,Running,True
1789064644,mongodb-sharded-shardsvr,Running,True
1789064644,mongodb-sharded-shardsvr,Running,True
1789064644,mongodb-sharded-shardsvr,Running,True
1789064644,mongodb-sharded-shardsvr,Running,True
1789064644,nginx-thrift,Running,True
1789064644,nginx-thrift,Running,True
1789064644,nginx-thrift,Running,True
1789064644,nginx-thrift,Running,True
1789064644,nginx-thrift,Running,True
1789064644,nginx-thrift,Running,True
1789064644,post-storage-service,Running,True
1789064644,post-storage-service,Running,True
1789064644,social-graph-redis,Running,True
1789064644,social-graph-service,Running,True
1789064644,social-network-mcrouter,Running,True
1789064644,social-network-mcrouter,Running,True
1789064644,social-network-mcrouter,Running,True
1789064644,memcached,Running,True
1789064644,memcached,Running,True
1789064644,memcached,Running,True
1789064644,memcached,Running,True
1789064644,memcached,Running,True
1789064644,memcached,Running,True
1789064644,text-service,Running,True
1789064644,unique-id-service,Running,True
1789064644,url-shorten-service,Running,True
1789064644,user-mention-service,Running,True
1789064644,user-service,Running,True
1789064644,user-timeline-redis,Running,True
1789064644,user-timeline-service,Running,True
1789064645,compose-post-service,Running,True
1789064645,home-timeline-redis,Running,True
1789064645,home-timeline-service,Running,True
1789064645,jaeger,Running,True
1789064645,media-frontend,Running,True
1789064645,media-service,Running,True
1789064645,mongodb-sharded-configsvr,Running,True
1789064645,mongodb-sharded-mongos,Running,True
1789064645,mongodb-sharded-mongos,Running,True
1789064645,mongodb-sharded-mongos,Running,True
1789064645,mongodb-sharded-shardsvr,Running,True
1789064645,mongodb-sharded-shardsvr,Running,True
1789064645,mongodb-sharded-shardsvr,Running,True
1789064645,mongodb-sharded-shardsvr,Running,True
1789064645,mongodb-sharded-shardsvr,Running,True
1789064645,mongodb-sharded-shardsvr,Running,True
1789064645,nginx-thrift,Running,True
1789064645,nginx-thrift,Running,True
1789064645,nginx-thrift,Running,True
1789064645,nginx-thrift,Running,True
1789064645,nginx-thrift,Running,True
1789064645,nginx-thrift,Running,True
1789064645,post-storage-service,Running,True
1789064645,post-storage-service,Running,True
1789064645,social-graph-redis,Running,True
1789064645,social-graph-service,Running,True
1789064645,social-network-mcrouter,Running,True
1789064645,social-network-mcrouter,Running,True
1789064645,social-network-mcrouter,Running,True
1789064645,memcached,Running,True
1789064645,memcached,Running,True
1789064645,memcached,Running,True
1789064645,memcached,Running,True
1789064645,memcached,Running,True
1789064645,memcached,Running,True
1789064645,text-service,Running,True
1789064645,unique-id-service,Running,True
1789064645,url-shorten-service,Running,True
1789064645,user-mention-service,Running,True
1789064645,user-service,Running,True
1789064645,user-timeline-redis,Running,True
1789064645,user-timeline-service,Running,True
1789064646,compose-post-service,Running,True
1789064646,home-timeline-redis,Running,True
1789064646,home-timeline-service,Running,True
1789064646,jaeger,Running,True
1789064646,media-frontend,Running,True
1789064646,media-service,Running,True
1789064646,mongodb-sharded-configsvr,Running,True
1789064646,mongodb-sharded-mongos,Running,True
1789064646,mongodb-sharded-mongos,Running,True
1789064646,mongodb-sharded-mongos,Running,True
1789064646,mongodb-sharded-shardsvr,Running,True
1789064646,mongodb-sharded-shardsvr,Running,True
1789064646,mongodb-sharded-shardsvr,Running,True
1789064646,mongodb-sharded-shardsvr,Running,True
1789064646,mongodb-sharded-shardsvr,Running,True
1789064646,mongodb-sharded-shardsvr,Running,True
1789064646,nginx-thrift,Running,True
1789064646,nginx-thrift,Running,True
1789064646,nginx-thrift,Running,True
1789064646,nginx-thrift,Running,True
1789064646,nginx-thrift,Running,True
1789064646,nginx-thrift,Running,True
1789064646,post-storage-service,Running,True
1789064646,post-storage-service,Running,True
1789064646,social-graph-redis,Running,True
1789064646,social-graph-service,Running,True
1789064646,social-network-mcrouter,Running,True
1789064646,social-network-mcrouter,Running,True
1789064646,social-network-mcrouter,Running,True
1789064646,memcached,Running,True
1789064646,memcached,Running,True
1789064646,memcached,Running,True
1789064646,memcached,Running,True
1789064646,memcached,Running,True
1789064646,memcached,Running,True
1789064646,text-service,Running,True
1789064646,unique-id-service,Running,True
1789064646,url-shorten-service,Running,True
1789064646,user-mention-service,Running,True
1789064646,user-service,Running,True
1789064646,user-timeline-redis,Running,True
1789064646,user-timeline-service,Running,True
1789064647,compose-post-service,Running,True
1789064647,home-timeline-redis,Running,True
1789064647,home-timeline-service,Running,True
1789064647,jaeger,Running,True
1789064647,media-frontend,Running,True
1789064647,media-service,Running,True
1789064647,mongodb-sharded-configsvr,Running,True
1789064647,mongodb-sharded-mongos,Running,True
1789064647,mongodb-sharded-mongos,Running,True
1789064647,mongodb-sharded-mongos,Running,True
1789064647,mongodb-sharded-shardsvr,Running,True
1789064647,mongodb-sharded-shardsvr,Running,True
1789064647,mongodb-sharded-shardsvr,Running,True
1789064647,mongodb-sharded-shardsvr,Running,True
1789064647,mongodb-sharded-shardsvr,Running,True
1789064647,mongodb-sharded-shardsvr,Running,True
1789064647,nginx-thrift,Running,True
1789064647,nginx-thrift,Running,True
1789064647,nginx-thrift,Running,True
1789064647,nginx-thrift,Running,True
1789064647,nginx-thrift,Running,True
1789064647,nginx-thrift,Running,True
1789064647,post-storage-service,Running,True
1789064647,post-storage-service,Running,True
1789064647,social-graph-redis,Running,True
1789064647,social-graph-service,Running,True
1789064647,social-network-mcrouter,Running,True
1789064647,social-network-mcrouter,Running,True
1789064647,social-network-mcrouter,Running,True
1789064647,memcached,Running,True
1789064647,memcached,Running,True
1789064647,memcached,Running,True
1789064647,memcached,Running,True
1789064647,memcached,Running,True
1789064647,memcached,Running,True
1789064647,text-service,Running,True
1789064647,unique-id-service,Running,True
1789064647,url-shorten-service,Running,True
1789064647,user-mention-service,Running,True
1789064647,user-service,Running,True
1789064647,user-timeline-redis,Running,True
1789064647,user-timeline-service,Running,True
1789064648,compose-post-service,Running,True
1789064648,home-timeline-redis,Running,True
1789064648,home-timeline-service,Running,True
1789064648,jaeger,Running,True
1789064648,media-frontend,Running,True
1789064648,media-service,Running,True
1789064648,mongodb-sharded-configsvr,Running,True
1789064648,mongodb-sharded-mongos,Running,True
1789064648,mongodb-sharded-mongos,Running,True
1789064648,mongodb-sharded-mongos,Running,True
1789064648,mongodb-sharded-shardsvr,Running,True
1789064648,mongodb-sharded-shardsvr,Running,True
1789064648,mongodb-sharded-shardsvr,Running,True
1789064648,mongodb-sharded-shardsvr,Running,True
1789064648,mongodb-sharded-shardsvr,Running,True
1789064648,mongodb-sharded-shardsvr,Running,True
1789064648,nginx-thrift,Running,True
1789064648,nginx-thrift,Running,True
1789064648,nginx-thrift,Running,True
1789064648,nginx-thrift,Running,True
1789064648,nginx-thrift,Running,True
1789064648,nginx-thrift,Running,True
1789064648,post-storage-service,Running,True
1789064648,post-storage-service,Running,True
1789064648,social-graph-redis,Running,True
1789064648,social-graph-service,Running,True
1789064648,social-network-mcrouter,Running,True
1789064648,social-network-mcrouter,Running,True
1789064648,social-network-mcrouter,Running,True
1789064648,memcached,Running,True
1789064648,memcached,Running,True
1789064648,memcached,Running,True
1789064648,memcached,Running,True
1789064648,memcached,Running,True
1789064648,memcached,Running,True
1789064648,text-service,Running,True
1789064648,unique-id-service,Running,True
1789064648,url-shorten-service,Running,True
1789064648,user-mention-service,Running,True
1789064648,user-service,Running,True
1789064648,user-timeline-redis,Running,True
1789064648,user-timeline-service,Running,True
1789064649,compose-post-service,Running,True
1789064649,home-timeline-redis,Running,True
1789064649,home-timeline-service,Running,True
1789064649,jaeger,Running,True
1789064649,media-frontend,Running,True
1789064649,media-service,Running,True
1789064649,mongodb-sharded-configsvr,Running,True
1789064649,mongodb-sharded-mongos,Running,True
1789064649,mongodb-sharded-mongos,Running,True
1789064649,mongodb-sharded-mongos,Running,True
1789064649,mongodb-sharded-shardsvr,Running,True
1789064649,mongodb-sharded-shardsvr,Running,True
1789064649,mongodb-sharded-shardsvr,Running,True
1789064649,mongodb-sharded-shardsvr,Running,True
1789064649,mongodb-sharded-shardsvr,Running,True
1789064649,mongodb-sharded-shardsvr,Running,True
1789064649,nginx-thrift,Running,True
1789064649,nginx-thrift,Running,True
1789064649,nginx-thrift,Running,True
1789064649,nginx-thrift,Running,True
1789064649,nginx-thrift,Running,True
1789064649,nginx-thrift,Running,True
1789064649,post-storage-service,Running,True
1789064649,post-storage-service,Running,True
1789064649,social-graph-redis,Running,True
1789064649,social-graph-service,Running,True
1789064649,social-network-mcrouter,Running,True
1789064649,social-network-mcrouter,Running,True
1789064649,social-network-mcrouter,Running,True
1789064649,memcached,Running,True
1789064649,memcached,Running,True
1789064649,memcached,Running,True
1789064649,memcached,Running,True
1789064649,memcached,Running,True
1789064649,memcached,Running,True
1789064649,text-service,Running,True
1789064649,unique-id-service,Running,True
1789064649,url-shorten-service,Running,True
1789064649,user-mention-service,Running,True
1789064649,user-service,Running,True
1789064649,user-timeline-redis,Running,True
1789064649,user-timeline-service,Running,True
1789064650,compose-post-service,Running,True
1789064650,home-timeline-redis,Running,True
1789064650,home-timeline-service,Running,True
1789064650,jaeger,Running,True
1789064650,media-frontend,Running,True
1789064650,media-service,Running,True
1789064650,mongodb-sharded-configsvr,Running,True
1789064650,mongodb-sharded-mongos,Running,True
1789064650,mongodb-sharded-mongos,Running,True
1789064650,mongodb-sharded-mongos,Running,True
1789064650,mongodb-sharded-shardsvr,Running,True
1789064650,mongodb-sharded-shardsvr,Running,True
1789064650,mongodb-sharded-shardsvr,Running,True
1789064650,mongodb-sharded-shardsvr,Running,True
1789064650,mongodb-sharded-shardsvr,Running,True
1789064650,mongodb-sharded-shardsvr,Running,True
1789064650,nginx-thrift,Running,True
1789064650,nginx-thrift,Running,True
1789064650,nginx-thrift,Running,True
1789064650,nginx-thrift,Running,True
1789064650,nginx-thrift,Running,True
1789064650,nginx-thrift,Running,True
1789064650,post-storage-service,Running,True
1789064650,post-storage-service,Running,True
1789064650,social-graph-redis,Running,True
1789064650,social-graph-service,Running,True
1789064650,social-network-mcrouter,Running,True
1789064650,social-network-mcrouter,Running,True
1789064650,social-network-mcrouter,Running,True
1789064650,memcached,Running,True
1789064650,memcached,Running,True
1789064650,memcached,Running,True
1789064650,memcached,Running,True
1789064650,memcached,Running,True
1789064650,memcached,Running,True
1789064650,text-service,Running,True
1789064650,unique-id-service,Running,True
1789064650,url-shorten-service,Running,True
1789064650,user-mention-service,Running,True
1789064650,user-service,Running,True
1789064650,user-timeline-redis,Running,True
1789064650,user-timeline-service,Running,True
1789064651,compose-post-service,Running,True
1789064651,home-timeline-redis,Running,True
1789064651,home-timeline-service,Running,True
1789064651,jaeger,Running,True
1789064651,media-frontend,Running,True
1789064651,media-service,Running,True
1789064651,mongodb-sharded-configsvr,Running,True
1789064651,mongodb-sharded-mongos,Running,True
1789064651,mongodb-sharded-mongos,Running,True
1789064651,mongodb-sharded-mongos,Running,True
1789064651,mongodb-sharded-shardsvr,Running,True
1789064651,mongodb-sharded-shardsvr,Running,True
1789064651,mongodb-sharded-shardsvr,Running,True
1789064651,mongodb-sharded-shardsvr,Running,True
1789064651,mongodb-sharded-shardsvr,Running,True
1789064651,mongodb-sharded-shardsvr,Running,True
1789064651,nginx-thrift,Running,True
1789064651,nginx-thrift,Running,True
1789064651,nginx-thrift,Running,True
1789064651,nginx-thrift,Running,True
1789064651,nginx-thrift,Running,True
1789064651,nginx-thrift,Running,True
1789064651,post-storage-service,Running,True
1789064651,post-storage-service,Running,True
1789064651,social-graph-redis,Running,True
1789064651,social-graph-service,Running,True
1789064651,social-network-mcrouter,Running,True
1789064651,social-network-mcrouter,Running,True
1789064651,social-network-mcrouter,Running,True
1789064651,memcached,Running,True
1789064651,memcached,Running,True
1789064651,memcached,Running,True
1789064651,memcached,Running,True
1789064651,memcached,Running,True
1789064651,memcached,Running,True
1789064651,text-service,Running,True
1789064651,unique-id-service,Running,True
1789064651,url-shorten-service,Running,True
1789064651,user-mention-service,Running,True
1789064651,user-service,Running,True
1789064651,user-timeline-redis,Running,True
1789064651,user-timeline-service,Running,True
1789064652,compose-post-service,Running,True
1789064652,home-timeline-redis,Running,True
1789064652,home-timeline-service,Running,True
1789064652,jaeger,Running,True
1789064652,media-frontend,Running,True
1789064652,media-service,Running,True
1789064652,mongodb-sharded-configsvr,Running,True
1789064652,mongodb-sharded-mongos,Running,True
1789064652,mongodb-sharded-mongos,Running,True
1789064652,mongodb-sharded-mongos,Running,True
1789064652,mongodb-sharded-shardsvr,Running,True
1789064652,mongodb-sharded-shardsvr,Running,True
1789064652,mongodb-sharded-shardsvr,Running,True
1789064652,mongodb-sharded-shardsvr,Running,True
1789064652,mongodb-sharded-shardsvr,Running,True
1789064652,mongodb-sharded-shardsvr,Running,True
1789064652,nginx-thrift,Running,True
1789064652,nginx-thrift,Running,True
1789064652,nginx-thrift,Running,True
1789064652,nginx-thrift,Running,True
1789064652,nginx-thrift,Running,True
1789064652,nginx-thrift,Running,True
1789064652,post-storage-service,Running,True
1789064652,post-storage-service,Running,True
1789064652,social-graph-redis,Running,True
1789064652,social-graph-service,Running,True
1789064652,social-network-mcrouter,Running,True
1789064652,social-network-mcrouter,Running,True
1789064652,social-network-mcrouter,Running,True
1789064652,memcached,Running,True
1789064652,memcached,Running,True
1789064652,memcached,Running,True
1789064652,memcached,Running,True
1789064652,memcached,Running,True
1789064652,memcached,Running,True
1789064652,text-service,Running,True
1789064652,unique-id-service,Running,True
1789064652,url-shorten-service,Running,True
1789064652,user-mention-service,Running,True
1789064652,user-service,Running,True
1789064652,user-timeline-redis,Running,True
1789064652,user-timeline-service,Running,True
1789064653,compose-post-service,Running,True
1789064653,home-timeline-redis,Running,True
1789064653,home-timeline-service,Running,True
1789064653,jaeger,Running,True
1789064653,media-frontend,Running,True
1789064653,media-service,Running,True
1789064653,mongodb-sharded-configsvr,Running,True
1789064653,mongodb-sharded-mongos,Running,True
1789064653,mongodb-sharded-mongos,Running,True
1789064653,mongodb-sharded-mongos,Running,True
1789064653,mongodb-sharded-shardsvr,Running,True
1789064653,mongodb-sharded-shardsvr,Running,True
1789064653,mongodb-sharded-shardsvr,Running,True
1789064653,mongodb-sharded-shardsvr,Running,True
1789064653,mongodb-sharded-shardsvr,Running,True
1789064653,mongodb-sharded-shardsvr,Running,True
1789064653,nginx-thrift,Running,True
1789064653,nginx-thrift,Running,True
1789064653,nginx-thrift,Running,True
1789064653,nginx-thrift,Running,True
1789064653,nginx-thrift,Running,True
1789064653,nginx-thrift,Running,True
1789064653,post-storage-service,Running,True
1789064653,post-storage-service,Running,True
1789064653,social-graph-redis,Running,True
1789064653,social-graph-service,Running,True
1789064653,social-network-mcrouter,Running,True
1789064653,social-network-mcrouter,Running,True
1789064653,social-network-mcrouter,Running,True
1789064653,memcached,Running,True
1789064653,memcached,Running,True
1789064653,memcached,Running,True
1789064653,memcached,Running,True
1789064653,memcached,Running,True
1789064653,memcached,Running,True
1789064653,text-service,Running,True
1789064653,unique-id-service,Running,True
1789064653,url-shorten-service,Running,True
1789064653,user-mention-service,Running,True
1789064653,user-service,Running,True
1789064653,user-timeline-redis,Running,True
1789064653,user-timeline-service,Running,True
1789064654,compose-post-service,Running,True
1789064654,home-timeline-redis,Running,True
1789064654,home-timeline-service,Running,True
1789064654,jaeger,Running,True
1789064654,media-frontend,Running,True
1789064654,media-service,Running,True
1789064654,mongodb-sharded-configsvr,Running,True
1789064654,mongodb-sharded-mongos,Running,True
1789064654,mongodb-sharded-mongos,Running,True
1789064654,mongodb-sharded-mongos,Running,True
1789064654,mongodb-sharded-shardsvr,Running,True
1789064654,mongodb-sharded-shardsvr,Running,True
1789064654,mongodb-sharded-shardsvr,Running,True
1789064654,mongodb-sharded-shardsvr,Running,True
1789064654,mongodb-sharded-shardsvr,Running,True
1789064654,mongodb-sharded-shardsvr,Running,True
1789064654,nginx-thrift,Running,True
1789064654,nginx-thrift,Running,True
1789064654,nginx-thrift,Running,True
1789064654,nginx-thrift,Running,True
1789064654,nginx-thrift,Running,True
1789064654,nginx-thrift,Running,True
1789064654,post-storage-service,Running,True
1789064654,post-storage-service,Running,True
1789064654,social-graph-redis,Running,True
1789064654,social-graph-service,Running,True
1789064654,social-network-mcrouter,Running,True
1789064654,social-network-mcrouter,Running,True
1789064654,social-network-mcrouter,Running,True
1789064654,memcached,Running,True
1789064654,memcached,Running,True
1789064654,memcached,Running,True
1789064654,memcached,Running,True
1789064654,memcached,Running,True
1789064654,memcached,Running,True
1789064654,text-service,Running,True
1789064654,unique-id-service,Running,True
1789064654,url-shorten-service,Running,True
1789064654,user-mention-service,Running,True
1789064654,user-service,Running,True
1789064654,user-timeline-redis,Running,True
1789064654,user-timeline-service,Running,True
