timestamp,service,phase,ready
1789063692,compose-post-service,Running,True
1789063692,home-timeline-redis,Running,True
1789063692,home-timeline-service,Running,True
1789063692,jaeger,Running,True
1789063692,media-frontend,Running,True
1789063692,media-service,Running,True
1789063692,mongodb-sharded-configsvr,Running,True
1789063692,mongodb-sharded-mongos,Running,True
1789063692,mongodb-sharded-mongos,Running,True
1789063692,mongodb-sharded-mongos,Running,True
1789063692,mongodb-sharded-shardsvr,Running,True
1789063692,mongodb-sharded-shardsvr,Running,True
1789063692,mongodb-sharded-shardsvr,Running,True
1789063692,mongodb-sharded-shardsvr,Running,True
1789063692,mongodb-sharded-shardsvr,Running,True
1789063692,mongodb-sharded-shardsvr,Running,True
1789063692,nginx-thrift,Running,True
1789063692,post-storage-service,Running,True
1789063692,social-graph-redis,Running,True
1789063692,social-graph-service,Running,True
1789063692,social-network-mcrouter,Running,True
1789063692,social-network-mcrouter,Running,True
1789063692,social-network-mcrouter,Running,True
1789063692,memcached,Running,True
1789063692,memcached,Running,True
1789063692,memcached,Running,True
1789063692,memcached,Running,True
1789063692,memcached,Running,True
1789063692,memcached,Running,True
1789063692,text-service,Running,True
1789063692,unique-id-service,Running,True
1789063692,url-shorten-service,Running,True
1789063692,user-mention-service,Running,True
1789063692,user-service,Running,True
1789063692,user-timeline-redis,Running,True
1789063692,user-timeline-service,Running,True
1789063693,compose-post-service,Running,True
1789063693,home-timeline-redis,Running,True
1789063693,home-timeline-service,Running,True
1789063693,jaeger,Running,True
1789063693,media-frontend,Running,True
1789063693,media-service,Running,True
1789063693,mongodb-sharded-configsvr,Running,True
1789063693,mongodb-sharded-mongos,Running,True
1789063693,mongodb-sharded-mongos,Running,True
1789063693,mongodb-sharded-mongos,Running,True
1789063693,mongodb-sharded-shardsvr,Running,True
1789063693,mongodb-sharded-shardsvr,Running,True
1789063693,mongodb-sharded-shardsvr,Running,True
1789063693,mongodb-sharded-shardsvr,Running,True
1789063693,mongodb-sharded-shardsvr,Running,True
1789063693,mongodb-sharded-shardsvr,Running,True
1789063693,nginx-thrift,Running,True
1789063693,post-storage-service,Running,True
1789063693,social-graph-redis,Running,True
1789063693,social-graph-service,Running,True
1789063693,social-network-mcrouter,Running,True
1789063693,social-network-mcrouter,Running,True
1789063693,social-network-mcrouter,Running,True
1789063693,memcached,Running,True
1789063693,memcached,Running,True
1789063693,memcached,Running,True
1789063693,memcached,Running,True
1789063693,memcached,Running,True
1789063693,memcached,Running,True
1789063693,text-service,Running,True
1789063693,unique-id-service,Running,True
1789063693,url-shorten-service,Running,True
1789063693,user-mention-service,Running,True
1789063693,user-service,Running,True
1789063693,user-timeline-redis,Running,True
1789063693,user-timeline-service,Running,True
1789063694,compose-post-service,Running,True
1789063694,home-timeline-redis,Running,True
1789063694,home-timeline-service,Running,True
1789063694,jaeger,Running,True
1789063694,media-frontend,Running,True
1789063694,media-service,Running,True
1789063694,mongodb-sharded-configsvr,Running,True
1789063694,mongodb-sharded-mongos,Running,True
1789063694,mongodb-sharded-mongos,Running,True
1789063694,mongodb-sharded-mongos,Running,True
1789063694,mongodb-sharded-shardsvr,Running,True
1789063694,mongodb-sharded-shardsvr,Running,True
1789063694,mongodb-sharded-shardsvr,Running,True
1789063694,mongodb-sharded-shardsvr,Running,True
1789063694,mongodb-sharded-shardsvr,Running,True
1789063694,mongodb-sharded-shardsvr,Running,True
1789063694,nginx-thrift,Running,True
1789063694,post-storage-service,Running,True
1789063694,social-graph-redis,Running,True
1789063694,social-graph-service,Running,True
1789063694,social-network-mcrouter,Running,True
1789063694,social-network-mcrouter,Running,True
1789063694,social-network-mcrouter,Running,True
1789063694,memcached,Running,True
1789063694,memcached,Running,True
1789063694,memcached,Running,True
1789063694,memcached,Running,True
1789063694,memcached,Running,True
1789063694,memcached,Running,True
1789063694,text-service,Running,True
1789063694,unique-id-service,Running,True
1789063694,url-shorten-service,Running,True
1789063694,user-mention-service,Running,True
1789063694,user-service,Running,True
1789063694,user-timeline-redis,Running,True
1789063694,user-timeline-service,Running,True
1789063695,compose-post-service,Running,True
1789063695,home-timeline-redis,Running,True
1789063695,home-timeline-service,Running,True
1789063695,jaeger,Running,True
1789063695,media-frontend,Running,True
1789063695,media-service,Running,True
1789063695,mongodb-sharded-configsvr,Running,True
1789063695,mongodb-sharded-mongos,Running,True
1789063695,mongodb-sharded-mongos,Running,True
1789063695,mongodb-sharded-mongos,Running,True
1789063695,mongodb-sharded-shardsvr,Running,True
1789063695,mongodb-sharded-shardsvr,Running,True
1789063695,mongodb-sharded-shardsvr,Running,True
1789063695,mongodb-sharded-shardsvr,Running,True
1789063695,mongodb-sharded-shardsvr,Running,True
1789063695,mongodb-sharded-shardsvr,Running,True
1789063695,nginx-thrift,Running,True
1789063695,post-storage-service,Running,True
1789063695,social-graph-redis,Running,True
1789063695,social-graph-service,Running,True
1789063695,social-network-mcrouter,Running,True
1789063695,social-network-mcrouter,Running,True
1789063695,social-network-mcrouter,Running,True
1789063695,memcached,Running,True
1789063695,memcached,Running,True
1789063695,memcached,Running,True
1789063695,memcached,Running,True
1789063695,memcached,Running,True
1789063695,memcached,Running,True
1789063695,text-service,Running,True
1789063695,unique-id-service,Running,True
1789063695,url-shorten-service,Running,True
1789063695,user-mention-service,Running,True
1789063695,user-service,Running,True
1789063695,user-timeline-redis,Running,True
1789063695,user-timeline-service,Running,True
1789063696,compose-post-service,Running,True
1789063696,home-timeline-redis,Running,True
1789063696,home-timeline-service,Running,True
1789063696,jaeger,Running,True
1789063696,media-frontend,Running,True
1789063696,media-service,Running,True
1789063696,mongodb-sharded-configsvr,Running,True
1789063696,mongodb-sharded-mongos,Running,True
1789063696,mongodb-sharded-mongos,Running,True
1789063696,mongodb-sharded-mongos,Running,True
1789063696,mongodb-sharded-shardsvr,Running,True
1789063696,mongodb-sharded-shardsvr,Running,True
1789063696,mongodb-sharded-shardsvr,Running,True
1789063696,mongodb-sharded-shardsvr,Running,True
1789063696,mongodb-sharded-shardsvr,Running,True
1789063696,mongodb-sharded-shardsvr,Running,True
1789063696,nginx-thrift,Running,True
1789063696,post-storage-service,Running,True
1789063696,social-graph-redis,Running,True
1789063696,social-graph-service,Running,True
1789063696,social-network-mcrouter,Running,True
1789063696,social-network-mcrouter,Running,True
1789063696,social-network-mcrouter,Running,True
1789063696,memcached,Running,True
1789063696,memcached,Running,True
1789063696,memcached,Running,True
1789063696,memcached,Running,True
1789063696,memcached,Running,True
1789063696,memcached,Running,True
1789063696,text-service,Running,True
1789063696,unique-id-service,Running,True
1789063696,url-shorten-service,Running,True
1789063696,user-mention-service,Running,True
1789063696,user-service,Running,True
1789063696,user-timeline-redis,Running,True
1789063696,user-timeline-service,Running,True
1789063697,compose-post-service,Running,True
1789063697,home-timeline-redis,Running,True
1789063697,home-timeline-service,Running,True
1789063697,jaeger,Running,True
1789063697,media-frontend,Running,True
1789063697,media-service,Running,True
1789063697,mongodb-sharded-configsvr,Running,True
1789063697,mongodb-sharded-mongos,Running,True
1789063697,mongodb-sharded-mongos,Running,True
1789063697,mongodb-sharded-mongos,Running,True
1789063697,mongodb-sharded-shardsvr,Running,True
1789063697,mongodb-sharded-shardsvr,Running,True
1789063697,mongodb-sharded-shardsvr,Running,True
1789063697,mongodb-sharded-shardsvr,Running,True
1789063697,mongodb-sharded-shardsvr,Running,True
1789063697,mongodb-sharded-shardsvr,Running,True
1789063697,nginx-thrift,Running,True
1789063697,post-storage-service,Running,True
1789063697,social-graph-redis,Running,True
1789063697,social-graph-service,Running,True
1789063697,social-network-mcrouter,Running,True
1789063697,social-network-mcrouter,Running,True
1789063697,social-network-mcrouter,Running,True
1789063697,memcached,Running,True
1789063697,memcached,Running,True
1789063697,memcached,Running,True
1789063697,memcached,Running,True
1789063697,memcached,Running,True
1789063697,memcached,Running,True
1789063697,text-service,Running,True
1789063697,unique-id-service,Running,True
1789063697,url-shorten-service,Running,True
1789063697,user-mention-service,Running,True
1789063697,user-service,Running,True
1789063697,user-timeline-redis,Running,True
1789063697,user-timeline-service,Running,True
1789063698,compose-post-service,Running,True
1789063698,home-timeline-redis,Running,True
1789063698,home-timeline-service,Running,True
1789063698,jaeger,Running,True
1789063698,media-frontend,Running,True
1789063698,media-service,Running,True
1789063698,mongodb-sharded-configsvr,Running,True
1789063698,mongodb-sharded-mongos,Running,True
1789063698,mongodb-sharded-mongos,Running,True
1789063698,mongodb-sharded-mongos,Running,True
1789063698,mongodb-sharded-shardsvr,Running,True
1789063698,mongodb-sharded-shardsvr,Running,True
1789063698,mongodb-sharded-shardsvr,Running,True
1789063698,mongodb-sharded-shardsvr,Running,True
1789063698,mongodb-sharded-shardsvr,Running,True
1789063698,mongodb-sharded-shardsvr,Running,True
1789063698,nginx-thrift,Running,True
1789063698,post-storage-service,Running,True
1789063698,social-graph-redis,Running,True
1789063698,social-graph-service,Running,True
1789063698,social-network-mcrouter,Running,True
1789063698,social-network-mcrouter,Running,True
1789063698,social-network-mcrouter,Running,True
1789063698,memcached,Running,True
1789063698,memcached,Running,True
1789063698,memcached,Running,True
1789063698,memcached,Running,True
1789063698,memcached,Running,True
1789063698,memcached,Running,True
1789063698,text-service,Running,True
1789063698,unique-id-service,Running,True
1789063698,url-shorten-service,Running,True
1789063698,user-mention-service,Running,True
1789063698,user-service,Running,True
1789063698,user-timeline-redis,Running,True
1789063698,user-timeline-service,Running,True
1789063699,compose-post-service,Running,True
1789063699,home-timeline-redis,Running,True
1789063699,home-timeline-service,Running,True
1789063699,jaeger,Running,True
1789063699,media-frontend,Running,True
1789063699,media-service,Running,True
1789063699,mongodb-sharded-configsvr,Running,True
1789063699,mongodb-sharded-mongos,Running,True
1789063699,mongodb-sharded-mongos,Running,True
1789063699,mongodb-sharded-mongos,Running,True
1789063699,mongodb-sharded-shardsvr,Running,True
1789063699,mongodb-sharded-shardsvr,Running,True
1789063699,mongodb-sharded-shardsvr,Running,True
1789063699,mongodb-sharded-shardsvr,Running,True
1789063699,mongodb-sharded-shardsvr,Running,True
1789063699,mongodb-sharded-shardsvr,Running,True
1789063699,nginx-thrift,Running,True
1789063699,post-storage-service,Running,True
1789063699,social-graph-redis,Running,True
1789063699,social-graph-service,Running,True
1789063699,social-network-mcrouter,Running,True
1789063699,social-network-mcrouter,Running,True
1789063699,social-network-mcrouter,Running,True
1789063699,memcached,Running,True
1789063699,memcached,Running,True
1789063699,memcached,Running,True
1789063699,memcached,Running,True
1789063699,memcached,Running,True
1789063699,memcached,Running,True
1789063699,text-service,Running,True
1789063699,unique-id-service,Running,True
1789063699,url-shorten-service,Running,True
1789063699,user-mention-service,Running,True
1789063699,user-service,Running,True
1789063699,user-timeline-redis,Running,True
1789063699,user-timeline-service,Running,True
1789063700,compose-post-service,Running,True
1789063700,home-timeline-redis,Running,True
1789063700,home-timeline-service,Running,True
1789063700,jaeger,Running,True
1789063700,media-frontend,Running,True
1789063700,media-service,Running,True
1789063700,mongodb-sharded-configsvr,Running,True
1789063700,mongodb-sharded-mongos,Running,True
1789063700,mongodb-sharded-mongos,Running,True
1789063700,mongodb-sharded-mongos,Running,True
1789063700,mongodb-sharded-shardsvr,Running,True
1789063700,mongodb-sharded-shardsvr,Running,True
1789063700,mongodb-sharded-shardsvr,Running,True
1789063700,mongodb-sharded-shardsvr,Running,True
1789063700,mongodb-sharded-shardsvr,Running,True
1789063700,mongodb-sharded-shardsvr,Running,True
1789063700,nginx-thrift,Running,True
1789063700,post-storage-service,Running,True
1789063700,social-graph-redis,Running,True
1789063700,social-graph-service,Running,True
1789063700,social-network-mcrouter,Running,True
1789063700,social-network-mcrouter,Running,True
1789063700,social-network-mcrouter,Running,True
1789063700,memcached,Running,True
1789063700,memcached,Running,True
1789063700,memcached,Running,True
1789063700,memcached,Running,True
1789063700,memcached,Running,True
1789063700,memcached,Running,True
1789063700,text-service,Running,True
1789063700,unique-id-service,Running,True
1789063700,url-shorten-service,Running,True
1789063700,user-mention-service,Running,True
1789063700,user-service,Running,True
1789063700,user-timeline-redis,Running,True
1789063700,user-timeline-service,Running,True
1789063701,compose-post-service,Running,True
1789063701,home-timeline-redis,Running,True
1789063701,home-timeline-service,Running,True
1789063701,jaeger,Running,True
1789063701,media-frontend,Running,True
1789063701,media-service,Running,True
1789063701,mongodb-sharded-configsvr,Running,True
1789063701,mongodb-sharded-mongos,Running,True
1789063701,mongodb-sharded-mongos,Running,True
1789063701,mongodb-sharded-mongos,Running,True
1789063701,mongodb-sharded-shardsvr,Running,True
1789063701,mongodb-sharded-shardsvr,Running,True
1789063701,mongodb-sharded-shardsvr,Running,True
1789063701,mongodb-sharded-shardsvr,Running,True
1789063701,mongodb-sharded-shardsvr,Running,True
1789063701,mongodb-sharded-shardsvr,Running,True
1789063701,nginx-thrift,Running,True
1789063701,post-storage-service,Running,True
1789063701,social-graph-redis,Running,True
1789063701,social-graph-service,Running,True
1789063701,social-network-mcrouter,Running,True
1789063701,social-network-mcrouter,Running,True
1789063701,social-network-mcrouter,Running,True
1789063701,memcached,Running,True
1789063701,memcached,Running,True
1789063701,memcached,Running,True
1789063701,memcached,Running,True
1789063701,memcached,Running,True
1789063701,memcached,Running,True
1789063701,text-service,Running,True
1789063701,unique-id-service,Running,True
1789063701,url-shorten-service,Running,True
1789063701,user-mention-service,Running,True
1789063701,user-service,Running,True
1789063701,user-timeline-redis,Running,True
1789063701,user-timeline-service,Running,True
1789063702,compose-post-service,Running,True
1789063702,home-timeline-redis,Running,True
1789063702,home-timeline-service,Running,True
1789063702,jaeger,Running,True
1789063702,media-frontend,Running,True
1789063702,media-service,Running,True
1789063702,mongodb-sharded-configsvr,Running,True
1789063702,mongodb-sharded-mongos,Running,True
1789063702,mongodb-sharded-mongos,Running,True
1789063702,mongodb-sharded-mongos,Running,True
1789063702,mongodb-sharded-shardsvr,Running,True
1789063702,mongodb-sharded-shardsvr,Running,True
1789063702,mongodb-sharded-shardsvr,Running,True
1789063702,mongodb-sharded-shardsvr,Running,True
1789063702,mongodb-sharded-shardsvr,Running,True
1789063702,mongodb-sharded-shardsvr,Running,True
1789063702,nginx-thrift,Running,True
1789063702,post-storage-service,Running,True
1789063702,social-graph-redis,Running,True
1789063702,social-graph-service,Running,True
1789063702,social-network-mcrouter,Running,True
1789063702,social-network-mcrouter,Running,True
1789063702,social-network-mcrouter,Running,True
1789063702,memcached,Running,True
1789063702,memcached,Running,True
1789063702,memcached,Running,True
1789063702,memcached,Running,True
1789063702,memcached,Running,True
1789063702,memcached,Running,True
1789063702,text-service,Running,True
1789063702,unique-id-service,Running,True
1789063702,url-shorten-service,Running,True
1789063702,user-mention-service,Running,True
1789063702,user-service,Running,True
1789063702,user-timeline-redis,Running,True
1789063702,user-timeline-service,Running,True
1789063703,compose-post-service,Running,True
1789063703,home-timeline-redis,Running,True
1789063703,home-timeline-service,Running,True
1789063703,jaeger,Running,True
1789063703,media-frontend,Running,True
1789063703,media-service,Running,True
1789063703,mongodb-sharded-configsvr,Running,True
1789063703,mongodb-sharded-mongos,Running,True
1789063703,mongodb-sharded-mongos,Running,True
1789063703,mongodb-sharded-mongos,Running,True
1789063703,mongodb-sharded-shardsvr,Running,True
1789063703,mongodb-sharded-shardsvr,Running,True
1789063703,mongodb-sharded-shardsvr,Running,True
1789063703,mongodb-sharded-shardsvr,Running,True
1789063703,mongodb-sharded-shardsvr,Running,True
1789063703,mongodb-sharded-shardsvr,Running,True
1789063703,nginx-thrift,Running,True
1789063703,post-storage-service,Running,True
1789063703,social-graph-redis,Running,True
1789063703,social-graph-service,Running,True
1789063703,social-network-mcrouter,Running,True
1789063703,social-network-mcrouter,Running,True
1789063703,social-network-mcrouter,Running,True
1789063703,memcached,Running,True
1789063703,memcached,Running,True
1789063703,memcached,Running,True
1789063703,memcached,Running,True
1789063703,memcached,Running,True
1789063703,memcached,Running,True
1789063703,text-service,Running,True
1789063703,unique-id-service,Running,True
1789063703,url-shorten-service,Running,True
1789063703,user-mention-service,Running,True
1789063703,user-service,Running,True
1789063703,user-timeline-redis,Running,True
1789063703,user-timeline-service,Running,True
1789063704,compose-post-service,Running,True
1789063704,home-timeline-redis,Running,True
1789063704,home-timeline-service,Running,True
1789063704,jaeger,Running,True
1789063704,media-frontend,Running,True
1789063704,media-service,Running,True
1789063704,mongodb-sharded-configsvr,Running,True
1789063704,mongodb-sharded-mongos,Running,True
1789063704,mongodb-sharded-mongos,Running,True
1789063704,mongodb-sharded-mongos,Running,True
1789063704,mongodb-sharded-shardsvr,Running,True
1789063704,mongodb-sharded-shardsvr,Running,True
1789063704,mongodb-sharded-shardsvr,Running,True
1789063704,mongodb-sharded-shardsvr,Running,True
1789063704,mongodb-sharded-shardsvr,Running,True
1789063704,mongodb-sharded-shardsvr,Running,True
1789063704,nginx-thrift,Running,True
1789063704,post-storage-service,Running,True
1789063704,social-graph-redis,Running,True
1789063704,social-graph-service,Running,True
1789063704,social-network-mcrouter,Running,True
1789063704,social-network-mcrouter,Running,True
1789063704,social-network-mcrouter,Running,True
1789063704,memcached,Running,True
1789063704,memcached,Running,True
1789063704,memcached,Running,True
1789063704,memcached,Running,True
1789063704,memcached,Running,True
1789063704,memcached,Running,True
1789063704,text-service,Running,True
1789063704,unique-id-service,Running,True
1789063704,url-shorten-service,Running,True
1789063704,user-mention-service,Running,True
1789063704,user-service,Running,True
1789063704,user-timeline-redis,Running,True
1789063704,user-timeline-service,Running,True
1789063705,compose-post-service,Running,True
1789063705,home-timeline-redis,Running,True
1789063705,home-timeline-service,Running,True
1789063705,jaeger,Running,True
1789063705,media-frontend,Running,True
1789063705,media-service,Running,True
1789063705,mongodb-sharded-configsvr,Running,True
1789063705,mongodb-sharded-mongos,Running,True
1789063705,mongodb-sharded-mongos,Running,True
1789063705,mongodb-sharded-mongos,Running,True
1789063705,mongodb-sharded-shardsvr,Running,True
1789063705,mongodb-sharded-shardsvr,Running,True
1789063705,mongodb-sharded-shardsvr,Running,True
1789063705,mongodb-sharded-shardsvr,Running,True
1789063705,mongodb-sharded-shardsvr,Running,True
1789063705,mongodb-sharded-shardsvr,Running,True
1789063705,nginx-thrift,Running,True
1789063705,post-storage-service,Running,True
1789063705,social-graph-redis,Running,True
1789063705,social-graph-service,Running,True
1789063705,social-network-mcrouter,Running,True
1789063705,social-network-mcrouter,Running,True
1789063705,social-network-mcrouter,Running,True
1789063705,memcached,Running,True
1789063705,memcached,Running,True
1789063705,memcached,Running,True
1789063705,memcached,Running,True
1789063705,memcached,Running,True
1789063705,memcached,Running,True
1789063705,text-service,Running,True
1789063705,unique-id-service,Running,True
1789063705,url-shorten-service,Running,True
1789063705,user-mention-service,Running,True
1789063705,user-service,Running,True
1789063705,user-timeline-redis,Running,True
1789063705,user-timeline-service,Running,True
1789063706,compose-post-service,Running,True
1789063706,home-timeline-redis,Running,True
1789063706,home-timeline-service,Running,True
1789063706,jaeger,Running,True
1789063706,media-frontend,Running,True
1789063706,media-service,Running,True
1789063706,mongodb-sharded-configsvr,Running,True
1789063706,mongodb-sharded-mongos,Running,True
1789063706,mongodb-sharded-mongos,Running,True
1789063706,mongodb-sharded-mongos,Running,True
1789063706,mongodb-sharded-shardsvr,Running,True
1789063706,mongodb-sharded-shardsvr,Running,True
1789063706,mongodb-sharded-shardsvr,Running,True
1789063706,mongodb-sharded-shardsvr,Running,True
1789063706,mongodb-sharded-shardsvr,Running,True
1789063706,mongodb-sharded-shardsvr,Running,True
1789063706,nginx-thrift,Running,True
1789063706,post-storage-service,Running,True
1789063706,social-graph-redis,Running,True
1789063706,social-graph-service,Running,True
1789063706,social-network-mcrouter,Running,True
1789063706,social-network-mcrouter,Running,True
1789063706,social-network-mcrouter,Running,True
1789063706,memcached,Running,True
1789063706,memcached,Running,True
1789063706,memcached,Running,True
1789063706,memcached,Running,True
1789063706,memcached,Running,True
1789063706,memcached,Running,True
1789063706,text-service,Running,True
1789063706,unique-id-service,Running,True
1789063706,url-shorten-service,Running,True
1789063706,user-mention-service,Running,True
1789063706,user-service,Running,True
1789063706,user-timeline-redis,Running,True
1789063706,user-timeline-service,Running,True
1789063707,compose-post-service,Running,True
1789063707,home-timeline-redis,Running,True
1789063707,home-timeline-service,Running,True
1789063707,jaeger,Running,True
1789063707,media-frontend,Running,True
1789063707,media-service,Running,True
1789063707,mongodb-sharded-configsvr,Running,True
1789063707,mongodb-sharded-mongos,Running,True
1789063707,mongodb-sharded-mongos,Running,True
1789063707,mongodb-sharded-mongos,Running,True
1789063707,mongodb-sharded-shardsvr,Running,True
1789063707,mongodb-sharded-shardsvr,Running,True
1789063707,mongodb-sharded-shardsvr,Running,True
1789063707,mongodb-sharded-shardsvr,Running,True
1789063707,mongodb-sharded-shardsvr,Running,True
1789063707,mongodb-sharded-shardsvr,Running,True
1789063707,nginx-thrift,Running,True
1789063707,post-storage-service,Running,True
1789063707,social-graph-redis,Running,True
1789063707,social-graph-service,Running,True
1789063707,social-network-mcrouter,Running,True
1789063707,social-network-mcrouter,Running,True
1789063707,social-network-mcrouter,Running,True
1789063707,memcached,Running,True
1789063707,memcached,Running,True
1789063707,memcached,Running,True
1789063707,memcached,Running,True
1789063707,memcached,Running,True
1789063707,memcached,Running,True
1789063707,text-service,Running,True
1789063707,unique-id-service,Running,True
1789063707,url-shorten-service,Running,True
1789063707,user-mention-service,Running,True
1789063707,user-service,Running,True
1789063707,user-timeline-redis,Running,True
1789063707,user-timeline-service,Running,True
1789063708,compose-post-service,Running,True
1789063708,home-timeline-redis,Running,True
1789063708,home-timeline-service,Running,True
1789063708,jaeger,Running,True
1789063708,media-frontend,Running,True
1789063708,media-service,Running,True
1789063708,mongodb-sharded-configsvr,Running,True
1789063708,mongodb-sharded-mongos,Running,True
1789063708,mongodb-sharded-mongos,Running,True
1789063708,mongodb-sharded-mongos,Running,True
1789063708,mongodb-sharded-shardsvr,Running,True
1789063708,mongodb-sharded-shardsvr,Running,True
1789063708,mongodb-sharded-shardsvr,Running,True
1789063708,mongodb-sharded-shardsvr,Running,True
1789063708,mongodb-sharded-shardsvr,Running,True
1789063708,mongodb-sharded-shardsvr,Running,True
1789063708,nginx-thrift,Running,True
1789063708,post-storage-service,Running,True
1789063708,social-graph-redis,Running,True
1789063708,social-graph-service,Running,True
1789063708,social-network-mcrouter,Running,True
1789063708,social-network-mcrouter,Running,True
1789063708,social-network-mcrouter,Running,True
1789063708,memcached,Running,True
1789063708,memcached,Running,True
1789063708,memcached,Running,True
1789063708,memcached,Running,True
1789063708,memcached,Running,True
1789063708,memcached,Running,True
1789063708,text-service,Running,True
1789063708,unique-id-service,Running,True
1789063708,url-shorten-service,Running,True
1789063708,user-mention-service,Running,True
1789063708,user-service,Running,True
1789063708,user-timeline-redis,Running,True
1789063708,user-timeline-service,Running,True
1789063709,compose-post-service,Running,True
1789063709,home-timeline-redis,Running,True
1789063709,home-timeline-service,Running,True
1789063709,jaeger,Running,True
1789063709,media-frontend,Running,True
1789063709,media-service,Running,True
1789063709,mongodb-sharded-configsvr,Running,True
1789063709,mongodb-sharded-mongos,Running,True
1789063709,mongodb-sharded-mongos,Running,True
1789063709,mongodb-sharded-mongos,Running,True
1789063709,mongodb-sharded-shardsvr,Running,True
1789063709,mongodb-sharded-shardsvr,Running,True
1789063709,mongodb-sharded-shardsvr,Running,True
1789063709,mongodb-sharded-shardsvr,Running,True
1789063709,mongodb-sharded-shardsvr,Running,True
1789063709,mongodb-sharded-shardsvr,Running,True
1789063709,nginx-thrift,Running,True
1789063709,post-storage-service,Running,True
1789063709,social-graph-redis,Running,True
1789063709,social-graph-service,Running,True
1789063709,social-network-mcrouter,Running,True
1789063709,social-network-mcrouter,Running,True
1789063709,social-network-mcrouter,Running,True
1789063709,memcached,Running,True
1789063709,memcached,Running,True
1789063709,memcached,Running,True
1789063709,memcached,Running,True
1789063709,memcached,Running,True
1789063709,memcached,Running,True
1789063709,text-service,Running,True
1789063709,unique-id-service,Running,True
1789063709,url-shorten-service,Running,True
1789063709,user-mention-service,Running,True
1789063709,user-service,Running,True
1789063709,user-timeline-redis,Running,True
1789063709,user-timeline-service,Running,True
1789063710,compose-post-service,Running,True
1789063710,home-timeline-redis,Running,True
1789063710,home-timeline-service,Running,True
1789063710,jaeger,Running,True
1789063710,media-frontend,Running,True
1789063710,media-service,Running,True
1789063710,mongodb-sharded-configsvr,Running,True
1789063710,mongodb-sharded-mongos,Running,True
1789063710,mongodb-sharded-mongos,Running,True
1789063710,mongodb-sharded-mongos,Running,True
1789063710,mongodb-sharded-shardsvr,Running,True
1789063710,mongodb-sharded-shardsvr,Running,True
1789063710,mongodb-sharded-shardsvr,Running,True
1789063710,mongodb-sharded-shardsvr,Running,True
1789063710,mongodb-sharded-shardsvr,Running,True
1789063710,mongodb-sharded-shardsvr,Running,True
1789063710,nginx-thrift,Running,True
1789063710,post-storage-service,Running,True
1789063710,social-graph-redis,Running,True
1789063710,social-graph-service,Running,True
1789063710,social-network-mcrouter,Running,True
1789063710,social-network-mcrouter,Running,True
1789063710,social-network-mcrouter,Running,True
1789063710,memcached,Running,True
1789063710,memcached,Running,True
1789063710,memcached,Running,True
1789063710,memcached,Running,True
1789063710,memcached,Running,True
1789063710,memcached,Running,True
1789063710,text-service,Running,True
1789063710,unique-id-service,Running,True
1789063710,url-shorten-service,Running,True
1789063710,user-mention-service,Running,True
1789063710,user-service,Running,True
1789063710,user-timeline-redis,Running,True
1789063710,user-timeline-service,Running,True
1789063711,compose-post-service,Running,True
1789063711,home-timeline-redis,Running,True
1789063711,home-timeline-service,Running,True
1789063711,jaeger,Running,True
1789063711,media-frontend,Running,True
1789063711,media-service,Running,True
1789063711,mongodb-sharded-configsvr,Running,True
1789063711,mongodb-sharded-mongos,Running,True
1789063711,mongodb-sharded-mongos,Running,True
1789063711,mongodb-sharded-mongos,Running,True
1789063711,mongodb-sharded-shardsvr,Running,True
1789063711,mongodb-sharded-shardsvr,Running,True
1789063711,mongodb-sharded-shardsvr,Running,True
1789063711,mongodb-sharded-shardsvr,Running,True
1789063711,mongodb-sharded-shardsvr,Running,True
1789063711,mongodb-sharded-shardsvr,Running,True
1789063711,nginx-thrift,Running,True
1789063711,post-storage-service,Running,True
1789063711,social-graph-redis,Running,True
1789063711,social-graph-service,Running,True
1789063711,social-network-mcrouter,Running,True
1789063711,social-network-mcrouter,Running,True
1789063711,social-network-mcrouter,Running,True
1789063711,memcached,Running,True
1789063711,memcached,Running,True
1789063711,memcached,Running,True
1789063711,memcached,Running,True
1789063711,memcached,Running,True
1789063711,memcached,Running,True
1789063711,text-service,Running,True
1789063711,unique-id-service,Running,True
1789063711,url-shorten-service,Running,True
1789063711,user-mention-service,Running,True
1789063711,user-service,Running,True
1789063711,user-timeline-redis,Running,True
1789063711,user-timeline-service,Running,True
1789063712,compose-post-service,Running,True
1789063712,home-timeline-redis,Running,True
1789063712,home-timeline-service,Running,True
1789063712,jaeger,Running,True
1789063712,media-frontend,Running,True
1789063712,media-service,Running,True
1789063712,mongodb-sharded-configsvr,Running,True
1789063712,mongodb-sharded-mongos,Running,True
1789063712,mongodb-sharded-mongos,Running,True
1789063712,mongodb-sharded-mongos,Running,True
1789063712,mongodb-sharded-shardsvr,Running,True
1789063712,mongodb-sharded-shardsvr,Running,True
1789063712,mongodb-sharded-shardsvr,Running,True
1789063712,mongodb-sharded-shardsvr,Running,True
1789063712,mongodb-sharded-shardsvr,Running,True
1789063712,mongodb-sharded-shardsvr,Running,True
1789063712,nginx-thrift,Running,True
1789063712,post-storage-service,Running,True
1789063712,social-graph-redis,Running,True
1789063712,social-graph-service,Running,True
1789063712,social-network-mcrouter,Running,True
1789063712,social-network-mcrouter,Running,True
1789063712,social-network-mcrouter,Running,True
1789063712,memcached,Running,True
1789063712,memcached,Running,True
1789063712,memcached,Running,True
1789063712,memcached,Running,True
1789063712,memcached,Running,True
1789063712,memcached,Running,True
1789063712,text-service,Running,True
1789063712,unique-id-service,Running,True
1789063712,url-shorten-service,Running,True
1789063712,user-mention-service,Running,True
1789063712,user-service,Running,True
1789063712,user-timeline-redis,Running,True
1789063712,user-timeline-service,Running,True
1789063713,compose-post-service,Running,True
1789063713,home-timeline-redis,Running,True
1789063713,home-timeline-service,Running,True
1789063713,jaeger,Running,True
1789063713,media-frontend,Running,True
1789063713,media-service,Running,True
1789063713,mongodb-sharded-configsvr,Running,True
1789063713,mongodb-sharded-mongos,Running,True
1789063713,mongodb-sharded-mongos,Running,True
1789063713,mongodb-sharded-mongos,Running,True
1789063713,mongodb-sharded-shardsvr,Running,True
1789063713,mongodb-sharded-shardsvr,Running,True
1789063713,mongodb-sharded-shardsvr,Running,True
1789063713,mongodb-sharded-shardsvr,Running,True
1789063713,mongodb-sharded-shardsvr,Running,True
1789063713,mongodb-sharded-shardsvr,Running,True
1789063713,nginx-thrift,Running,True
1789063713,post-storage-service,Running,True
1789063713,social-graph-redis,Running,True
1789063713,social-graph-service,Running,True
1789063713,social-network-mcrouter,Running,True
1789063713,social-network-mcrouter,Running,True
1789063713,social-network-mcrouter,Running,True
1789063713,memcached,Running,True
1789063713,memcached,Running,True
1789063713,memcached,Running,True
1789063713,memcached,Running,True
1789063713,memcached,Running,True
1789063713,memcached,Running,True
1789063713,text-service,Running,True
1789063713,unique-id-service,Running,True
1789063713,url-shorten-service,Running,True
1789063713,user-mention-service,Running,True
1789063713,user-service,Running,True
1789063713,user-timeline-redis,Running,True
1789063713,user-timeline-service,Running,True
1789063714,compose-post-service,Running,True
1789063714,home-timeline-redis,Running,True
1789063714,home-timeline-service,Running,True
1789063714,jaeger,Running,True
1789063714,media-frontend,Running,True
1789063714,media-service,Running,True
1789063714,mongodb-sharded-configsvr,Running,True
1789063714,mongodb-sharded-mongos,Running,True
1789063714,mongodb-sharded-mongos,Running,True
1789063714,mongodb-sharded-mongos,Running,True
1789063714,mongodb-sharded-shardsvr,Running,True
1789063714,mongodb-sharded-shardsvr,Running,True
1789063714,mongodb-sharded-shardsvr,Running,True
1789063714,mongodb-sharded-shardsvr,Running,True
1789063714,mongodb-sharded-shardsvr,Running,True
1789063714,mongodb-sharded-shardsvr,Running,True
1789063714,nginx-thrift,Running,True
1789063714,post-storage-service,Running,True
1789063714,social-graph-redis,Running,True
1789063714,social-graph-service,Running,True
1789063714,social-network-mcrouter,Running,True
1789063714,social-network-mcrouter,Running,True
1789063714,social-network-mcrouter,Running,True
1789063714,memcached,Running,True
1789063714,memcached,Running,True
1789063714,memcached,Running,True
1789063714,memcached,Running,True
1789063714,memcached,Running,True
1789063714,memcached,Running,True
1789063714,text-service,Running,True
1789063714,unique-id-service,Running,True
1789063714,url-shorten-service,Running,True
1789063714,user-mention-service,Running,True
1789063714,user-service,Running,True
1789063714,user-timeline-redis,Running,True
1789063714,user-timeline-service,Running,True
1789063715,compose-post-service,Running,True
1789063715,home-timeline-redis,Running,True
1789063715,home-timeline-service,Running,True
1789063715,jaeger,Running,True
1789063715,media-frontend,Running,True
1789063715,media-service,Running,True
1789063715,mongodb-sharded-configsvr,Running,True
1789063715,mongodb-sharded-mongos,Running,True
1789063715,mongodb-sharded-mongos,Running,True
1789063715,mongodb-sharded-mongos,Running,True
1789063715,mongodb-sharded-shardsvr,Running,True
1789063715,mongodb-sharded-shardsvr,Running,True
1789063715,mongodb-sharded-shardsvr,Running,True
1789063715,mongodb-sharded-shardsvr,Running,True
1789063715,mongodb-sharded-shardsvr,Running,True
1789063715,mongodb-sharded-shardsvr,Running,True
1789063715,nginx-thrift,Running,True
1789063715,post-storage-service,Running,True
1789063715,social-graph-redis,Running,True
1789063715,social-graph-service,Running,True
1789063715,social-network-mcrouter,Running,True
1789063715,social-network-mcrouter,Running,True
1789063715,social-network-mcrouter,Running,True
1789063715,memcached,Running,True
1789063715,memcached,Running,True
1789063715,memcached,Running,True
1789063715,memcached,Running,True
1789063715,memcached,Running,True
1789063715,memcached,Running,True
1789063715,text-service,Running,True
1789063715,unique-id-service,Running,True
1789063715,url-shorten-service,Running,True
1789063715,user-mention-service,Running,True
1789063715,user-service,Running,True
1789063715,user-timeline-redis,Running,True
1789063715,user-timeline-service,Running,True
1789063716,compose-post-service,Running,True
1789063716,home-timeline-redis,Running,True
1789063716,home-timeline-service,Running,True
1789063716,jaeger,Running,True
1789063716,media-frontend,Running,True
1789063716,media-service,Running,True
1789063716,mongodb-sharded-configsvr,Running,True
1789063716,mongodb-sharded-mongos,Running,True
1789063716,mongodb-sharded-mongos,Running,True
1789063716,mongodb-sharded-mongos,Running,True
1789063716,mongodb-sharded-shardsvr,Running,True
1789063716,mongodb-sharded-shardsvr,Running,True
1789063716,mongodb-sharded-shardsvr,Running,True
1789063716,mongodb-sharded-shardsvr,Running,True
1789063716,mongodb-sharded-shardsvr,Running,True
1789063716,mongodb-sharded-shardsvr,Running,True
1789063716,nginx-thrift,Running,True
1789063716,post-storage-service,Running,True
1789063716,social-graph-redis,Running,True
1789063716,social-graph-service,Running,True
1789063716,social-network-mcrouter,Running,True
1789063716,social-network-mcrouter,Running,True
1789063716,social-network-mcrouter,Running,True
1789063716,memcached,Running,True
1789063716,memcached,Running,True
1789063716,memcached,Running,True
1789063716,memcached,Running,True
1789063716,memcached,Running,True
1789063716,memcached,Running,True
1789063716,text-service,Running,True
1789063716,unique-id-service,Running,True
1789063716,url-shorten-service,Running,True
1789063716,user-mention-service,Running,True
1789063716,user-service,Running,True
1789063716,user-timeline-redis,Running,True
1789063716,user-timeline-service,Running,True
1789063717,compose-post-service,Running,True
1789063717,home-timeline-redis,Running,True
1789063717,home-timeline-service,Running,True
1789063717,jaeger,Running,True
1789063717,media-frontend,Running,True
1789063717,media-service,Running,True
1789063717,mongodb-sharded-configsvr,Running,True
1789063717,mongodb-sharded-mongos,Running,True
1789063717,mongodb-sharded-mongos,Running,True
1789063717,mongodb-sharded-mongos,Running,True
1789063717,mongodb-sharded-shardsvr,Running,True
1789063717,mongodb-sharded-shardsvr,Running,True
1789063717,mongodb-sharded-shardsvr,Running,True
1789063717,mongodb-sharded-shardsvr,Running,True
1789063717,mongodb-sharded-shardsvr,Running,True
1789063717,mongodb-sharded-shardsvr,Running,True
1789063717,nginx-thrift,Running,True
1789063717,post-storage-service,Running,True
1789063717,social-graph-redis,Running,True
1789063717,social-graph-service,Running,True
1789063717,social-network-mcrouter,Running,True
1789063717,social-network-mcrouter,Running,True
1789063717,social-network-mcrouter,Running,True
1789063717,memcached,Running,True
1789063717,memcached,Running,True
1789063717,memcached,Running,True
1789063717,memcached,Running,True
1789063717,memcached,Running,True
1789063717,memcached,Running,True
1789063717,text-service,Running,True
1789063717,unique-id-service,Running,True
1789063717,url-shorten-service,Running,True
1789063717,user-mention-service,Running,True
1789063717,user-service,Running,True
1789063717,user-timeline-redis,Running,True
1789063717,user-timeline-service,Running,True
1789063718,compose-post-service,Running,True
1789063718,home-timeline-redis,Running,True
1789063718,home-timeline-service,Running,True
1789063718,jaeger,Running,True
1789063718,media-frontend,Running,True
1789063718,media-service,Running,True
1789063718,mongodb-sharded-configsvr,Running,True
1789063718,mongodb-sharded-mongos,Running,True
1789063718,mongodb-sharded-mongos,Running,True
1789063718,mongodb-sharded-mongos,Running,True
1789063718,mongodb-sharded-shardsvr,Running,True
1789063718,mongodb-sharded-shardsvr,Running,True
1789063718,mongodb-sharded-shardsvr,Running,True
1789063718,mongodb-sharded-shardsvr,Running,True
1789063718,mongodb-sharded-shardsvr,Running,True
1789063718,mongodb-sharded-shardsvr,Running,True
1789063718,nginx-thrift,Running,True
1789063718,post-storage-service,Running,True
1789063718,social-graph-redis,Running,True
1789063718,social-graph-service,Running,True
1789063718,social-network-mcrouter,Running,True
1789063718,social-network-mcrouter,Running,True
1789063718,social-network-mcrouter,Running,True
1789063718,memcached,Running,True
1789063718,memcached,Running,True
1789063718,memcached,Running,True
1789063718,memcached,Running,True
1789063718,memcached,Running,True
1789063718,memcached,Running,True
1789063718,text-service,Running,True
1789063718,unique-id-service,Running,True
1789063718,url-shorten-service,Running,True
1789063718,user-mention-service,Running,True
1789063718,user-service,Running,True
1789063718,user-timeline-redis,Running,True
1789063718,user-timeline-service,Running,True
1789063719,compose-post-service,Running,True
1789063719,home-timeline-redis,Running,True
1789063719,home-timeline-service,Running,True
1789063719,jaeger,Running,True
1789063719,media-frontend,Running,True
1789063719,media-service,Running,True
1789063719,mongodb-sharded-configsvr,Running,True
1789063719,mongodb-sharded-mongos,Running,True
1789063719,mongodb-sharded-mongos,Running,True
1789063719,mongodb-sharded-mongos,Running,True
1789063719,mongodb-sharded-shardsvr,Running,True
1789063719,mongodb-sharded-shardsvr,Running,True
1789063719,mongodb-sharded-shardsvr,Running,True
1789063719,mongodb-sharded-shardsvr,Running,True
1789063719,mongodb-sharded-shardsvr,Running,True
1789063719,mongodb-sharded-shardsvr,Running,True
1789063719,nginx-thrift,Running,True
1789063719,post-storage-service,Running,True
1789063719,social-graph-redis,Running,True
1789063719,social-graph-service,Running,True
1789063719,social-network-mcrouter,Running,True
1789063719,social-network-mcrouter,Running,True
1789063719,social-network-mcrouter,Running,True
1789063719,memcached,Running,True
1789063719,memcached,Running,True
1789063719,memcached,Running,True
1789063719,memcached,Running,True
1789063719,memcached,Running,True
1789063719,memcached,Running,True
1789063719,text-service,Running,True
1789063719,unique-id-service,Running,True
1789063719,url-shorten-service,Running,True
1789063719,user-mention-service,Running,True
1789063719,user-service,Running,True
1789063719,user-timeline-redis,Running,True
1789063719,user-timeline-service,Running,True
1789063720,compose-post-service,Running,True
1789063720,home-timeline-redis,Running,True
1789063720,home-timeline-service,Running,True
1789063720,jaeger,Running,True
1789063720,media-frontend,Running,True
1789063720,media-service,Running,True
1789063720,mongodb-sharded-configsvr,Running,True
1789063720,mongodb-sharded-mongos,Running,True
1789063720,mongodb-sharded-mongos,Running,True
1789063720,mongodb-sharded-mongos,Running,True
1789063720,mongodb-sharded-shardsvr,Running,True
1789063720,mongodb-sharded-shardsvr,Running,True
1789063720,mongodb-sharded-shardsvr,Running,True
1789063720,mongodb-sharded-shardsvr,Running,True
1789063720,mongodb-sharded-shardsvr,Running,True
1789063720,mongodb-sharded-shardsvr,Running,True
1789063720,nginx-thrift,Running,True
1789063720,post-storage-service,Running,True
1789063720,social-graph-redis,Running,True
1789063720,social-graph-service,Running,True
1789063720,social-network-mcrouter,Running,True
1789063720,social-network-mcrouter,Running,True
1789063720,social-network-mcrouter,Running,True
1789063720,memcached,Running,True
1789063720,memcached,Running,True
1789063720,memcached,Running,True
1789063720,memcached,Running,True
1789063720,memcached,Running,True
1789063720,memcached,Running,True
1789063720,text-service,Running,True
1789063720,unique-id-service,Running,True
1789063720,url-shorten-service,Running,True
1789063720,user-mention-service,Running,True
1789063720,user-service,Running,True
1789063720,user-timeline-redis,Running,True
1789063720,user-timeline-service,Running,True
1789063721,compose-post-service,Running,True
1789063721,home-timeline-redis,Running,True
1789063721,home-timeline-service,Running,True
1789063721,jaeger,Running,True
1789063721,media-frontend,Running,True
1789063721,media-service,Running,True
1789063721,mongodb-sharded-configsvr,Running,True
1789063721,mongodb-sharded-mongos,Running,True
1789063721,mongodb-sharded-mongos,Running,True
1789063721,mongodb-sharded-mongos,Running,True
1789063721,mongodb-sharded-shardsvr,Running,True
1789063721,mongodb-sharded-shardsvr,Running,True
1789063721,mongodb-sharded-shardsvr,Running,True
1789063721,mongodb-sharded-shardsvr,Running,True
1789063721,mongodb-sharded-shardsvr,Running,True
1789063721,mongodb-sharded-shardsvr,Running,True
1789063721,nginx-thrift,Running,True
1789063721,post-storage-service,Running,True
1789063721,social-graph-redis,Running,True
1789063721,social-graph-service,Running,True
1789063721,social-network-mcrouter,Running,True
1789063721,social-network-mcrouter,Running,True
1789063721,social-network-mcrouter,Running,True
1789063721,memcached,Running,True
1789063721,memcached,Running,True
1789063721,memcached,Running,True
1789063721,memcached,Running,True
1789063721,memcached,Running,True
1789063721,memcached,Running,True
1789063721,text-service,Running,True
1789063721,unique-id-service,Running,True
1789063721,url-shorten-service,Running,True
1789063721,user-mention-service,Running,True
1789063721,user-service,Running,True
1789063721,user-timeline-redis,Running,True
1789063721,user-timeline-service,Running,True
1789063722,compose-post-service,Running,True
1789063722,home-timeline-redis,Running,True
1789063722,home-timeline-service,Running,True
1789063722,jaeger,Running,True
1789063722,media-frontend,Running,True
1789063722,media-service,Running,True
1789063722,mongodb-sharded-configsvr,Running,True
1789063722,mongodb-sharded-mongos,Running,True
1789063722,mongodb-sharded-mongos,Running,True
1789063722,mongodb-sharded-mongos,Running,True
1789063722,mongodb-sharded-shardsvr,Running,True
1789063722,mongodb-sharded-shardsvr,Running,True
1789063722,mongodb-sharded-shardsvr,Running,True
1789063722,mongodb-sharded-shardsvr,Running,True
1789063722,mongodb-sharded-shardsvr,Running,True
1789063722,mongodb-sharded-shardsvr,Running,True
1789063722,nginx-thrift,Running,True
1789063722,post-storage-service,Running,True
1789063722,social-graph-redis,Running,True
1789063722,social-graph-service,Running,True
1789063722,social-network-mcrouter,Running,True
1789063722,social-network-mcrouter,Running,True
1789063722,social-network-mcrouter,Running,True
1789063722,memcached,Running,True
1789063722,memcached,Running,True
1789063722,memcached,Running,True
1789063722,memcached,Running,True
1789063722,memcached,Running,True
1789063722,memcached,Running,True
1789063722,text-service,Running,True
1789063722,unique-id-service,Running,True
1789063722,url-shorten-service,Running,True
1789063722,user-mention-service,Running,True
1789063722,user-service,Running,True
1789063722,user-timeline-redis,Running,True
1789063722,user-timeline-service,Running,True
1789063723,compose-post-service,Running,True
1789063723,home-timeline-redis,Running,True
1789063723,home-timeline-service,Running,True
1789063723,jaeger,Running,True
1789063723,media-frontend,Running,True
1789063723,media-service,Running,True
1789063723,mongodb-sharded-configsvr,Running,True
1789063723,mongodb-sharded-mongos,Running,True
1789063723,mongodb-sharded-mongos,Running,True
1789063723,mongodb-sharded-mongos,Running,True
1789063723,mongodb-sharded-shardsvr,Running,True
1789063723,mongodb-sharded-shardsvr,Running,True
1789063723,mongodb-sharded-shardsvr,Running,True
1789063723,mongodb-sharded-shardsvr,Running,True
1789063723,mongodb-sharded-shardsvr,Running,True
1789063723,mongodb-sharded-shardsvr,Running,True
1789063723,nginx-thrift,Running,True
1789063723,post-storage-service,Running,True
1789063723,social-graph-redis,Running,True
1789063723,social-graph-service,Running,True
1789063723,social-network-mcrouter,Running,True
1789063723,social-network-mcrouter,Running,True
1789063723,social-network-mcrouter,Running,True
1789063723,memcached,Running,True
1789063723,memcached,Running,True
1789063723,memcached,Running,True
1789063723,memcached,Running,True
1789063723,memcached,Running,True
1789063723,memcached,Running,True
1789063723,text-service,Running,True
1789063723,unique-id-service,Running,True
1789063723,url-shorten-service,Running,True
1789063723,user-mention-service,Running,True
1789063723,user-service,Running,True
1789063723,user-timeline-redis,Running,True
1789063723,user-timeline-service,Running,True
1789063724,compose-post-service,Running,True
1789063724,home-timeline-redis,Running,True
1789063724,home-timeline-service,Running,True
1789063724,jaeger,Running,True
1789063724,media-frontend,Running,True
1789063724,media-service,Running,True
1789063724,mongodb-sharded-configsvr,Running,True
1789063724,mongodb-sharded-mongos,Running,True
1789063724,mongodb-sharded-mongos,Running,True
1789063724,mongodb-sharded-mongos,Running,True
1789063724,mongodb-sharded-shardsvr,Running,True
1789063724,mongodb-sharded-shardsvr,Running,True
1789063724,mongodb-sharded-shardsvr,Running,True
1789063724,mongodb-sharded-shardsvr,Running,True
1789063724,mongodb-sharded-shardsvr,Running,True
1789063724,mongodb-sharded-shardsvr,Running,True
1789063724,nginx-thrift,Running,True
1789063724,post-storage-service,Running,True
1789063724,social-graph-redis,Running,True
1789063724,social-graph-service,Running,True
1789063724,social-network-mcrouter,Running,True
1789063724,social-network-mcrouter,Running,True
1789063724,social-network-mcrouter,Running,True
1789063724,memcached,Running,True
1789063724,memcached,Running,True
1789063724,memcached,Running,True
1789063724,memcached,Running,True
1789063724,memcached,Running,True
1789063724,memcached,Running,True
1789063724,text-service,Running,True
1789063724,unique-id-service,Running,True
1789063724,url-shorten-service,Running,True
1789063724,user-mention-service,Running,True
1789063724,user-service,Running,True
1789063724,user-timeline-redis,Running,True
1789063724,user-timeline-service,Running,True
1789063725,compose-post-service,Running,True
1789063725,home-timeline-redis,Running,True
1789063725,home-timeline-service,Running,True
1789063725,jaeger,Running,True
1789063725,media-frontend,Running,True
1789063725,media-service,Running,True
1789063725,mongodb-sharded-configsvr,Running,True
1789063725,mongodb-sharded-mongos,Running,True
1789063725,mongodb-sharded-mongos,Running,True
1789063725,mongodb-sharded-mongos,Running,True
1789063725,mongodb-sharded-shardsvr,Running,True
1789063725,mongodb-sharded-shardsvr,Running,True
1789063725,mongodb-sharded-shardsvr,Running,True
1789063725,mongodb-sharded-shardsvr,Running,True
1789063725,mongodb-sharded-shardsvr,Running,True
1789063725,mongodb-sharded-shardsvr,Running,True
1789063725,nginx-thrift,Running,True
1789063725,post-storage-service,Running,True
1789063725,social-graph-redis,Running,True
1789063725,social-graph-service,Running,True
1789063725,social-network-mcrouter,Running,True
1789063725,social-network-mcrouter,Running,True
1789063725,social-network-mcrouter,Running,True
1789063725,memcached,Running,True
1789063725,memcached,Running,True
1789063725,memcached,Running,True
1789063725,memcached,Running,True
1789063725,memcached,Running,True
1789063725,memcached,Running,True
1789063725,text-service,Running,True
1789063725,unique-id-service,Running,True
1789063725,url-shorten-service,Running,True
1789063725,user-mention-service,Running,True
1789063725,user-service,Running,True
1789063725,user-timeline-redis,Running,True
1789063725,user-timeline-service,Running,True
1789063726,compose-post-service,Running,True
1789063726,home-timeline-redis,Running,True
1789063726,home-timeline-service,Running,True
1789063726,jaeger,Running,True
1789063726,media-frontend,Running,True
1789063726,media-service,Running,True
1789063726,mongodb-sharded-configsvr,Running,True
1789063726,mongodb-sharded-mongos,Running,True
1789063726,mongodb-sharded-mongos,Running,True
1789063726,mongodb-sharded-mongos,Running,True
1789063726,mongodb-sharded-shardsvr,Running,True
1789063726,mongodb-sharded-shardsvr,Running,True
1789063726,mongodb-sharded-shardsvr,Running,True
1789063726,mongodb-sharded-shardsvr,Running,True
1789063726,mongodb-sharded-shardsvr,Running,True
1789063726,mongodb-sharded-shardsvr,Running,True
1789063726,nginx-thrift,Running,True
1789063726,post-storage-service,Running,True
1789063726,social-graph-redis,Running,True
1789063726,social-graph-service,Running,True
1789063726,social-network-mcrouter,Running,True
1789063726,social-network-mcrouter,Running,True
1789063726,social-network-mcrouter,Running,True
1789063726,memcached,Running,True
1789063726,memcached,Running,True
1789063726,memcached,Running,True
1789063726,memcached,Running,True
1789063726,memcached,Running,True
1789063726,memcached,Running,True
1789063726,text-service,Running,True
1789063726,unique-id-service,Running,True
1789063726,url-shorten-service,Running,True
1789063726,user-mention-service,Running,True
1789063726,user-service,Running,True
1789063726,user-timeline-redis,Running,True
1789063726,user-timeline-service,Running,True
1789063727,compose-post-service,Running,True
1789063727,home-timeline-redis,Running,True
1789063727,home-timeline-service,Running,True
1789063727,jaeger,Running,True
1789063727,media-frontend,Running,True
1789063727,media-service,Running,True
1789063727,mongodb-sharded-configsvr,Running,True
1789063727,mongodb-sharded-mongos,Running,True
1789063727,mongodb-sharded-mongos,Running,True
1789063727,mongodb-sharded-mongos,Running,True
1789063727,mongodb-sharded-shardsvr,Running,True
1789063727,mongodb-sharded-shardsvr,Running,True
1789063727,mongodb-sharded-shardsvr,Running,True
1789063727,mongodb-sharded-shardsvr,Running,True
1789063727,mongodb-sharded-shardsvr,Running,True
1789063727,mongodb-sharded-shardsvr,Running,True
1789063727,nginx-thrift,Running,True
1789063727,post-storage-service,Running,True
1789063727,social-graph-redis,Running,True
1789063727,social-graph-service,Running,True
1789063727,social-network-mcrouter,Running,True
1789063727,social-network-mcrouter,Running,True
1789063727,social-network-mcrouter,Running,True
1789063727,memcached,Running,True
1789063727,memcached,Running,True
1789063727,memcached,Running,True
1789063727,memcached,Running,True
1789063727,memcached,Running,True
1789063727,memcached,Running,True
1789063727,text-service,Running,True
1789063727,unique-id-service,Running,True
1789063727,url-shorten-service,Running,True
1789063727,user-mention-service,Running,True
1789063727,user-service,Running,True
1789063727,user-timeline-redis,Running,True
1789063727,user-timeline-service,Running,True
1789063728,compose-post-service,Running,True
1789063728,home-timeline-redis,Running,True
1789063728,home-timeline-service,Running,True
1789063728,jaeger,Running,True
1789063728,media-frontend,Running,True
1789063728,media-service,Running,True
1789063728,mongodb-sharded-configsvr,Running,True
1789063728,mongodb-sharded-mongos,Running,True
1789063728,mongodb-sharded-mongos,Running,True
1789063728,mongodb-sharded-mongos,Running,True
1789063728,mongodb-sharded-shardsvr,Running,True
1789063728,mongodb-sharded-shardsvr,Running,True
1789063728,mongodb-sharded-shardsvr,Running,True
1789063728,mongodb-sharded-shardsvr,Running,True
1789063728,mongodb-sharded-shardsvr,Running,True
1789063728,mongodb-sharded-shardsvr,Running,True
1789063728,nginx-thrift,Running,True
1789063728,post-storage-service,Running,True
1789063728,social-graph-redis,Running,True
1789063728,social-graph-service,Running,True
1789063728,social-network-mcrouter,Running,True
1789063728,social-network-mcrouter,Running,True
1789063728,social-network-mcrouter,Running,True
1789063728,memcached,Running,True
1789063728,memcached,Running,True
1789063728,memcached,Running,True
1789063728,memcached,Running,True
1789063728,memcached,Running,True
1789063728,memcached,Running,True
1789063728,text-service,Running,True
1789063728,unique-id-service,Running,True
1789063728,url-shorten-service,Running,True
1789063728,user-mention-service,Running,True
1789063728,user-service,Running,True
1789063728,user-timeline-redis,Running,True
1789063728,user-timeline-service,Running,True
1789063729,compose-post-service,Running,True
1789063729,home-timeline-redis,Running,True
1789063729,home-timeline-service,Running,True
1789063729,jaeger,Running,True
1789063729,media-frontend,Running,True
1789063729,media-service,Running,True
1789063729,mongodb-sharded-configsvr,Running,True
1789063729,mongodb-sharded-mongos,Running,True
1789063729,mongodb-sharded-mongos,Running,True
1789063729,mongodb-sharded-mongos,Running,True
1789063729,mongodb-sharded-shardsvr,Running,True
1789063729,mongodb-sharded-shardsvr,Running,True
1789063729,mongodb-sharded-shardsvr,Running,True
1789063729,mongodb-sharded-shardsvr,Running,True
1789063729,mongodb-sharded-shardsvr,Running,True
1789063729,mongodb-sharded-shardsvr,Running,True
1789063729,nginx-thrift,Running,True
1789063729,post-storage-service,Running,True
1789063729,social-graph-redis,Running,True
1789063729,social-graph-service,Running,True
1789063729,social-network-mcrouter,Running,True
1789063729,social-network-mcrouter,Running,True
1789063729,social-network-mcrouter,Running,True
1789063729,memcached,Running,True
1789063729,memcached,Running,True
1789063729,memcached,Running,True
1789063729,memcached,Running,True
1789063729,memcached,Running,True
1789063729,memcached,Running,True
1789063729,text-service,Running,True
1789063729,unique-id-service,Running,True
1789063729,url-shorten-service,Running,True
1789063729,user-mention-service,Running,True
1789063729,user-service,Running,True
1789063729,user-timeline-redis,Running,True
1789063729,user-timeline-service,Running,True
1789063730,compose-post-service,Running,True
1789063730,home-timeline-redis,Running,True
1789063730,home-timeline-service,Running,True
1789063730,jaeger,Running,True
1789063730,media-frontend,Running,True
1789063730,media-service,Running,True
1789063730,mongodb-sharded-configsvr,Running,True
1789063730,mongodb-sharded-mongos,Running,True
1789063730,mongodb-sharded-mongos,Running,True
1789063730,mongodb-sharded-mongos,Running,True
1789063730,mongodb-sharded-shardsvr,Running,True
1789063730,mongodb-sharded-shardsvr,Running,True
1789063730,mongodb-sharded-shardsvr,Running,True
1789063730,mongodb-sharded-shardsvr,Running,True
1789063730,mongodb-sharded-shardsvr,Running,True
1789063730,mongodb-sharded-shardsvr,Running,True
1789063730,nginx-thrift,Running,True
1789063730,post-storage-service,Running,True
1789063730,social-graph-redis,Running,True
1789063730,social-graph-service,Running,True
1789063730,social-network-mcrouter,Running,True
1789063730,social-network-mcrouter,Running,True
1789063730,social-network-mcrouter,Running,True
1789063730,memcached,Running,True
1789063730,memcached,Running,True
1789063730,memcached,Running,True
1789063730,memcached,Running,True
1789063730,memcached,Running,True
1789063730,memcached,Running,True
1789063730,text-service,Running,True
1789063730,unique-id-service,Running,True
1789063730,url-shorten-service,Running,True
1789063730,user-mention-service,Running,True
1789063730,user-service,Running,True
1789063730,user-timeline-redis,Running,True
1789063730,user-timeline-service,Running,True
1789063731,compose-post-service,Running,True
1789063731,home-timeline-redis,Running,True
1789063731,home-timeline-service,Running,True
1789063731,jaeger,Running,True
1789063731,media-frontend,Running,True
1789063731,media-service,Running,True
1789063731,mongodb-sharded-configsvr,Running,True
1789063731,mongodb-sharded-mongos,Running,True
1789063731,mongodb-sharded-mongos,Running,True
1789063731,mongodb-sharded-mongos,Running,True
1789063731,mongodb-sharded-shardsvr,Running,True
1789063731,mongodb-sharded-shardsvr,Running,True
1789063731,mongodb-sharded-shardsvr,Running,True
1789063731,mongodb-sharded-shardsvr,Running,True
1789063731,mongodb-sharded-shardsvr,Running,True
1789063731,mongodb-sharded-shardsvr,Running,True
1789063731,nginx-thrift,Running,True
1789063731,post-storage-service,Running,True
1789063731,social-graph-redis,Running,True
1789063731,social-graph-service,Running,True
1789063731,social-network-mcrouter,Running,True
1789063731,social-network-mcrouter,Running,True
1789063731,social-network-mcrouter,Running,True
1789063731,memcached,Running,True
1789063731,memcached,Running,True
1789063731,memcached,Running,True
1789063731,memcached,Running,True
1789063731,memcached,Running,True
1789063731,memcached,Running,True
1789063731,text-service,Running,True
1789063731,unique-id-service,Running,True
1789063731,url-shorten-service,Running,True
1789063731,user-mention-service,Running,True
1789063731,user-service,Running,True
1789063731,user-timeline-redis,Running,True
1789063731,user-timeline-service,Running,True
1789063732,compose-post-service,Running,True
1789063732,home-timeline-redis,Running,True
1789063732,home-timeline-service,Running,True
1789063732,jaeger,Running,True
1789063732,media-frontend,Running,True
1789063732,media-service,Running,True
1789063732,mongodb-sharded-configsvr,Running,True
1789063732,mongodb-sharded-mongos,Running,True
1789063732,mongodb-sharded-mongos,Running,True
1789063732,mongodb-sharded-mongos,Running,True
1789063732,mongodb-sharded-shardsvr,Running,True
1789063732,mongodb-sharded-shardsvr,Running,True
1789063732,mongodb-sharded-shardsvr,Running,True
1789063732,mongodb-sharded-shardsvr,Running,True
1789063732,mongodb-sharded-shardsvr,Running,True
1789063732,mongodb-sharded-shardsvr,Running,True
1789063732,nginx-thrift,Running,True
1789063732,post-storage-service,Running,True
1789063732,social-graph-redis,Running,True
1789063732,social-graph-service,Running,True
1789063732,social-network-mcrouter,Running,True
1789063732,social-network-mcrouter,Running,True
1789063732,social-network-mcrouter,Running,True
1789063732,memcached,Running,True
1789063732,memcached,Running,True
1789063732,memcached,Running,True
1789063732,memcached,Running,True
1789063732,memcached,Running,True
1789063732,memcached,Running,True
1789063732,text-service,Running,True
1789063732,unique-id-service,Running,True
1789063732,url-shorten-service,Running,True
1789063732,user-mention-service,Running,True
1789063732,user-service,Running,True
1789063732,user-timeline-redis,Running,True
1789063732,user-timeline-service,Running,True
1789063733,compose-post-service,Running,True
1789063733,home-timeline-redis,Running,True
1789063733,home-timeline-service,Running,True
1789063733,jaeger,Running,True
1789063733,media-frontend,Running,True
1789063733,media-service,Running,True
1789063733,mongodb-sharded-configsvr,Running,True
1789063733,mongodb-sharded-mongos,Running,True
1789063733,mongodb-sharded-mongos,Running,True
1789063733,mongodb-sharded-mongos,Running,True
1789063733,mongodb-sharded-shardsvr,Running,True
1789063733,mongodb-sharded-shardsvr,Running,True
1789063733,mongodb-sharded-shardsvr,Running,True
1789063733,mongodb-sharded-shardsvr,Running,True
1789063733,mongodb-sharded-shardsvr,Running,True
1789063733,mongodb-sharded-shardsvr,Running,True
1789063733,nginx-thrift,Running,True
1789063733,post-storage-service,Running,True
1789063733,social-graph-redis,Running,True
1789063733,social-graph-service,Running,True
1789063733,social-network-mcrouter,Running,True
1789063733,social-network-mcrouter,Running,True
1789063733,social-network-mcrouter,Running,True
1789063733,memcached,Running,True
1789063733,memcached,Running,True
1789063733,memcached,Running,True
1789063733,memcached,Running,True
1789063733,memcached,Running,True
1789063733,memcached,Running,True
1789063733,text-service,Running,True
1789063733,unique-id-service,Running,True
1789063733,url-shorten-service,Running,True
1789063733,user-mention-service,Running,True
1789063733,user-service,Running,True
1789063733,user-timeline-redis,Running,True
1789063733,user-timeline-service,Running,True
1789063734,compose-post-service,Running,True
1789063734,home-timeline-redis,Running,True
1789063734,home-timeline-service,Running,True
1789063734,jaeger,Running,True
1789063734,media-frontend,Running,True
1789063734,media-service,Running,True
1789063734,mongodb-sharded-configsvr,Running,True
1789063734,mongodb-sharded-mongos,Running,True
1789063734,mongodb-sharded-mongos,Running,True
1789063734,mongodb-sharded-mongos,Running,True
1789063734,mongodb-sharded-shardsvr,Running,True
1789063734,mongodb-sharded-shardsvr,Running,True
1789063734,mongodb-sharded-shardsvr,Running,True
1789063734,mongodb-sharded-shardsvr,Running,True
1789063734,mongodb-sharded-shardsvr,Running,True
1789063734,mongodb-sharded-shardsvr,Running,True
1789063734,nginx-thrift,Running,True
1789063734,nginx-thrift,Pending,False
1789063734,post-storage-service,Running,True
1789063734,social-graph-redis,Running,True
1789063734,social-graph-service,Running,True
1789063734,social-network-mcrouter,Running,True
1789063734,social-network-mcrouter,Running,True
1789063734,social-network-mcrouter,Running,True
1789063734,memcached,Running,True
1789063734,memcached,Running,True
1789063734,memcached,Running,True
1789063734,memcached,Running,True
1789063734,memcached,Running,True
1789063734,memcached,Running,True
1789063734,text-service,Running,True
1789063734,unique-id-service,Running,True
1789063734,url-shorten-service,Running,True
1789063734,user-mention-service,Running,True
1789063734,user-service,Running,True
1789063734,user-timeline-redis,Running,True
1789063734,user-timeline-service,Running,True
1789063735,compose-post-service,Running,True
1789063735,home-timeline-redis,Running,True
1789063735,home-timeline-service,Running,True
1789063735,jaeger,Running,True
1789063735,media-frontend,Running,True
1789063735,media-service,Running,True
1789063735,mongodb-sharded-configsvr,Running,True
1789063735,mongodb-sharded-mongos,Running,True
1789063735,mongodb-sharded-mongos,Running,True
1789063735,mongodb-sharded-mongos,Running,True
1789063735,mongodb-sharded-shardsvr,Running,True
1789063735,mongodb-sharded-shardsvr,Running,True
1789063735,mongodb-sharded-shardsvr,Running,True
1789063735,mongodb-sharded-shardsvr,Running,True
1789063735,mongodb-sharded-shardsvr,Running,True
1789063735,mongodb-sharded-shardsvr,Running,True
1789063735,nginx-thrift,Running,True
1789063735,nginx-thrift,Pending,False
1789063735,post-storage-service,Running,True
1789063735,social-graph-redis,Running,True
1789063735,social-graph-service,Running,True
1789063735,social-network-mcrouter,Running,True
1789063735,social-network-mcrouter,Running,True
1789063735,social-network-mcrouter,Running,True
1789063735,memcached,Running,True
1789063735,memcached,Running,True
1789063735,memcached,Running,True
1789063735,memcached,Running,True
1789063735,memcached,Running,True
1789063735,memcached,Running,True
1789063735,text-service,Running,True
1789063735,unique-id-service,Running,True
1789063735,url-shorten-service,Running,True
1789063735,user-mention-service,Running,True
1789063735,user-service,Running,True
1789063735,user-timeline-redis,Running,True
1789063735,user-timeline-service,Running,True
1789063736,compose-post-service,Running,True
1789063736,home-timeline-redis,Running,True
1789063736,home-timeline-service,Running,True
1789063736,jaeger,Running,True
1789063736,media-frontend,Running,True
1789063736,media-service,Running,True
1789063736,mongodb-sharded-configsvr,Running,True
1789063736,mongodb-sharded-mongos,Running,True
1789063736,mongodb-sharded-mongos,Running,True
1789063736,mongodb-sharded-mongos,Running,True
1789063736,mongodb-sharded-shardsvr,Running,True
1789063736,mongodb-sharded-shardsvr,Running,True
1789063736,mongodb-sharded-shardsvr,Running,True
1789063736,mongodb-sharded-shardsvr,Running,True
1789063736,mongodb-sharded-shardsvr,Running,True
1789063736,mongodb-sharded-shardsvr,Running,True
1789063736,nginx-thrift,Running,True
1789063736,nginx-thrift,Pending,False
1789063736,post-storage-service,Running,True
1789063736,social-graph-redis,Running,True
1789063736,social-graph-service,Running,True
1789063736,social-network-mcrouter,Running,True
1789063736,social-network-mcrouter,Running,True
1789063736,social-network-mcrouter,Running,True
1789063736,memcached,Running,True
1789063736,memcached,Running,True
1789063736,memcached,Running,True
1789063736,memcached,Running,True
1789063736,memcached,Running,True
1789063736,memcached,Running,True
1789063736,text-service,Running,True
1789063736,unique-id-service,Running,True
1789063736,url-shorten-service,Running,True
1789063736,user-mention-service,Running,True
1789063736,user-service,Running,True
1789063736,user-timeline-redis,Running,True
1789063736,user-timeline-service,Running,True
1789063737,compose-post-service,Running,True
1789063737,home-timeline-redis,Running,True
1789063737,home-timeline-service,Running,True
1789063737,jaeger,Running,True
1789063737,media-frontend,Running,True
1789063737,media-service,Running,True
1789063737,mongodb-sharded-configsvr,Running,True
1789063737,mongodb-sharded-mongos,Running,True
1789063737,mongodb-sharded-mongos,Running,True
1789063737,mongodb-sharded-mongos,Running,True
1789063737,mongodb-sharded-shardsvr,Running,True
1789063737,mongodb-sharded-shardsvr,Running,True
1789063737,mongodb-sharded-shardsvr,Running,True
1789063737,mongodb-sharded-shardsvr,Running,True
1789063737,mongodb-sharded-shardsvr,Running,True
1789063737,mongodb-sharded-shardsvr,Running,True
1789063737,nginx-thrift,Running,True
1789063737,nginx-thrift,Pending,False
1789063737,post-storage-service,Running,True
1789063737,social-graph-redis,Running,True
1789063737,social-graph-service,Running,True
1789063737,social-network-mcrouter,Running,True
1789063737,social-network-mcrouter,Running,True
1789063737,social-network-mcrouter,Running,True
1789063737,memcached,Running,True
1789063737,memcached,Running,True
1789063737,memcached,Running,True
1789063737,memcached,Running,True
1789063737,memcached,Running,True
1789063737,memcached,Running,True
1789063737,text-service,Running,True
1789063737,unique-id-service,Running,True
1789063737,url-shorten-service,Running,True
1789063737,user-mention-service,Running,True
1789063737,user-service,Running,True
1789063737,user-timeline-redis,Running,True
1789063737,user-timeline-service,Running,True
1789063738,compose-post-service,Running,True
1789063738,home-timeline-redis,Running,True
1789063738,home-timeline-service,Running,True
1789063738,jaeger,Running,True
1789063738,media-frontend,Running,True
1789063738,media-service,Running,True
1789063738,mongodb-sharded-configsvr,Running,True
1789063738,mongodb-sharded-mongos,Running,True
1789063738,mongodb-sharded-mongos,Running,True
1789063738,mongodb-sharded-mongos,Running,True
1789063738,mongodb-sharded-shardsvr,Running,True
1789063738,mongodb-sharded-shardsvr,Running,True
1789063738,mongodb-sharded-shardsvr,Running,True
1789063738,mongodb-sharded-shardsvr,Running,True
1789063738,mongodb-sharded-shardsvr,Running,True
1789063738,mongodb-sharded-shardsvr,Running,True
1789063738,nginx-thrift,Running,True
1789063738,nginx-thrift,Pending,False
1789063738,post-storage-service,Running,True
1789063738,social-graph-redis,Running,True
1789063738,social-graph-service,Running,True
1789063738,social-network-mcrouter,Running,True
1789063738,social-network-mcrouter,Running,True
1789063738,social-network-mcrouter,Running,True
1789063738,memcached,Running,True
1789063738,memcached,Running,True
1789063738,memcached,Running,True
1789063738,memcached,Running,True
1789063738,memcached,Running,True
1789063738,memcached,Running,True
1789063738,text-service,Running,True
1789063738,unique-id-service,Running,True
1789063738,url-shorten-service,Running,True
1789063738,user-mention-service,Running,True
1789063738,user-service,Running,True
1789063738,user-timeline-redis,Running,True
1789063738,user-timeline-service,Running,True
1789063739,compose-post-service,Running,True
1789063739,home-timeline-redis,Running,True
1789063739,home-timeline-service,Running,True
1789063739,jaeger,Running,True
1789063739,media-frontend,Running,True
1789063739,media-service,Running,True
1789063739,mongodb-sharded-configsvr,Running,True
1789063739,mongodb-sharded-mongos,Running,True
1789063739,mongodb-sharded-mongos,Running,True
1789063739,mongodb-sharded-mongos,Running,True
1789063739,mongodb-sharded-shardsvr,Running,True
1789063739,mongodb-sharded-shardsvr,Running,True
1789063739,mongodb-sharded-shardsvr,Running,True
1789063739,mongodb-sharded-shardsvr,Running,True
1789063739,mongodb-sharded-shardsvr,Running,True
1789063739,mongodb-sharded-shardsvr,Running,True
1789063739,nginx-thrift,Running,True
1789063739,nginx-thrift,Pending,False
1789063739,post-storage-service,Running,True
1789063739,social-graph-redis,Running,True
1789063739,social-graph-service,Running,True
1789063739,social-network-mcrouter,Running,True
1789063739,social-network-mcrouter,Running,True
1789063739,social-network-mcrouter,Running,True
1789063739,memcached,Running,True
1789063739,memcached,Running,True
1789063739,memcached,Running,True
1789063739,memcached,Running,True
1789063739,memcached,Running,True
1789063739,memcached,Running,True
1789063739,text-service,Running,True
1789063739,unique-id-service,Running,True
1789063739,url-shorten-service,Running,True
1789063739,user-mention-service,Running,True
1789063739,user-service,Running,True
1789063739,user-timeline-redis,Running,True
1789063739,user-timeline-service,Running,True
1789063740,compose-post-service,Running,True
1789063740,home-timeline-redis,Running,True
1789063740,home-timeline-service,Running,True
1789063740,jaeger,Running,True
1789063740,media-frontend,Running,True
1789063740,media-service,Running,True
1789063740,mongodb-sharded-configsvr,Running,True
1789063740,mongodb-sharded-mongos,Running,True
1789063740,mongodb-sharded-mongos,Running,True
1789063740,mongodb-sharded-mongos,Running,True
1789063740,mongodb-sharded-shardsvr,Running,True
1789063740,mongodb-sharded-shardsvr,Running,True
1789063740,mongodb-sharded-shardsvr,Running,True
1789063740,mongodb-sharded-shardsvr,Running,True
1789063740,mongodb-sharded-shardsvr,Running,True
1789063740,mongodb-sharded-shardsvr,Running,True
1789063740,nginx-thrift,Running,True
1789063740,nginx-thrift,Pending,False
1789063740,post-storage-service,Running,True
1789063740,social-graph-redis,Running,True
1789063740,social-graph-service,Running,True
1789063740,social-network-mcrouter,Running,True
1789063740,social-network-mcrouter,Running,True
1789063740,social-network-mcrouter,Running,True
1789063740,memcached,Running,True
1789063740,memcached,Running,True
1789063740,memcached,Running,True
1789063740,memcached,Running,True
1789063740,memcached,Running,True
1789063740,memcached,Running,True
1789063740,text-service,Running,True
1789063740,unique-id-service,Running,True
1789063740,url-shorten-service,Running,True
1789063740,user-mention-service,Running,True
1789063740,user-service,Running,True
1789063740,user-timeline-redis,Running,True
1789063740,user-timeline-service,Running,True
1789063741,compose-post-service,Running,True
1789063741,home-timeline-redis,Running,True
1789063741,home-timeline-service,Running,True
1789063741,jaeger,Running,True
1789063741,media-frontend,Running,True
1789063741,media-service,Running,True
1789063741,mongodb-sharded-configsvr,Running,True
1789063741,mongodb-sharded-mongos,Running,True
1789063741,mongodb-sharded-mongos,Running,True
1789063741,mongodb-sharded-mongos,Running,True
1789063741,mongodb-sharded-shardsvr,Running,True
1789063741,mongodb-sharded-shardsvr,Running,True
1789063741,mongodb-sharded-shardsvr,Running,True
1789063741,mongodb-sharded-shardsvr,Running,True
1789063741,mongodb-sharded-shardsvr,Running,True
1789063741,mongodb-sharded-shardsvr,Running,True
1789063741,nginx-thrift,Running,True
1789063741,nginx-thrift,Pending,False
1789063741,post-storage-service,Running,True
1789063741,social-graph-redis,Running,True
1789063741,social-graph-service,Running,True
1789063741,social-network-mcrouter,Running,True
1789063741,social-network-mcrouter,Running,True
1789063741,social-network-mcrouter,Running,True
1789063741,memcached,Running,True
1789063741,memcached,Running,True
1789063741,memcached,Running,True
1789063741,memcached,Running,True
1789063741,memcached,Running,True
1789063741,memcached,Running,True
1789063741,text-service,Running,True
1789063741,unique-id-service,Running,True
1789063741,url-shorten-service,Running,True
1789063741,user-mention-service,Running,True
1789063741,user-service,Running,True
1789063741,user-timeline-redis,Running,True
1789063741,user-timeline-service,Running,True
1789063742,compose-post-service,Running,True
1789063742,home-timeline-redis,Running,True
1789063742,home-timeline-service,Running,True
1789063742,jaeger,Running,True
1789063742,media-frontend,Running,True
1789063742,media-service,Running,True
1789063742,mongodb-sharded-configsvr,Running,True
1789063742,mongodb-sharded-mongos,Running,True
1789063742,mongodb-sharded-mongos,Running,True
1789063742,mongodb-sharded-mongos,Running,True
1789063742,mongodb-sharded-shardsvr,Running,True
1789063742,mongodb-sharded-shardsvr,Running,True
1789063742,mongodb-sharded-shardsvr,Running,True
1789063742,mongodb-sharded-shardsvr,Running,True
1789063742,mongodb-sharded-shardsvr,Running,True
1789063742,mongodb-sharded-shardsvr,Running,True
1789063742,nginx-thrift,Running,True
1789063742,nginx-thrift,Pending,False
1789063742,post-storage-service,Running,True
1789063742,social-graph-redis,Running,True
1789063742,social-graph-service,Running,True
1789063742,social-network-mcrouter,Running,True
1789063742,social-network-mcrouter,Running,True
1789063742,social-network-mcrouter,Running,True
1789063742,memcached,Running,True
1789063742,memcached,Running,True
1789063742,memcached,Running,True
1789063742,memcached,Running,True
1789063742,memcached,Running,True
1789063742,memcached,Running,True
1789063742,text-service,Running,True
1789063742,unique-id-service,Running,True
1789063742,url-shorten-service,Running,True
1789063742,user-mention-service,Running,True
1789063742,user-service,Running,True
1789063742,user-timeline-redis,Running,True
1789063742,user-timeline-service,Running,True
1789063743,compose-post-service,Running,True
1789063743,home-timeline-redis,Running,True
1789063743,home-timeline-service,Running,True
1789063743,jaeger,Running,True
1789063743,media-frontend,Running,True
1789063743,media-service,Running,True
1789063743,mongodb-sharded-configsvr,Running,True
1789063743,mongodb-sharded-mongos,Running,True
1789063743,mongodb-sharded-mongos,Running,True
1789063743,mongodb-sharded-mongos,Running,True
1789063743,mongodb-sharded-shardsvr,Running,True
1789063743,mongodb-sharded-shardsvr,Running,True
1789063743,mongodb-sharded-shardsvr,Running,True
1789063743,mongodb-sharded-shardsvr,Running,True
1789063743,mongodb-sharded-shardsvr,Running,True
1789063743,mongodb-sharded-shardsvr,Running,True
1789063743,nginx-thrift,Running,True
1789063743,nginx-thrift,Pending,False
1789063743,post-storage-service,Running,True
1789063743,social-graph-redis,Running,True
1789063743,social-graph-service,Running,True
1789063743,social-network-mcrouter,Running,True
1789063743,social-network-mcrouter,Running,True
1789063743,social-network-mcrouter,Running,True
1789063743,memcached,Running,True
1789063743,memcached,Running,True
1789063743,memcached,Running,True
1789063743,memcached,Running,True
1789063743,memcached,Running,True
1789063743,memcached,Running,True
1789063743,text-service,Running,True
1789063743,unique-id-service,Running,True
1789063743,url-shorten-service,Running,True
1789063743,user-mention-service,Running,True
1789063743,user-service,Running,True
1789063743,user-timeline-redis,Running,True
1789063743,user-timeline-service,Running,True
1789063744,compose-post-service,Running,True
1789063744,home-timeline-redis,Running,True
1789063744,home-timeline-service,Running,True
1789063744,jaeger,Running,True
1789063744,media-frontend,Running,True
1789063744,media-service,Running,True
1789063744,mongodb-sharded-configsvr,Running,True
1789063744,mongodb-sharded-mongos,Running,True
1789063744,mongodb-sharded-mongos,Running,True
1789063744,mongodb-sharded-mongos,Running,True
1789063744,mongodb-sharded-shardsvr,Running,True
1789063744,mongodb-sharded-shardsvr,Running,True
1789063744,mongodb-sharded-shardsvr,Running,True
1789063744,mongodb-sharded-shardsvr,Running,True
1789063744,mongodb-sharded-shardsvr,Running,True
1789063744,mongodb-sharded-shardsvr,Running,True
1789063744,nginx-thrift,Running,True
1789063744,nginx-thrift,Pending,False
1789063744,post-storage-service,Running,True
1789063744,social-graph-redis,Running,True
1789063744,social-graph-service,Running,True
1789063744,social-network-mcrouter,Running,True
1789063744,social-network-mcrouter,Running,True
1789063744,social-network-mcrouter,Running,True
1789063744,memcached,Running,True
1789063744,memcached,Running,True
1789063744,memcached,Running,True
1789063744,memcached,Running,True
1789063744,memcached,Running,True
1789063744,memcached,Running,True
1789063744,text-service,Running,True
1789063744,unique-id-service,Running,True
1789063744,url-shorten-service,Running,True
1789063744,user-mention-service,Running,True
1789063744,user-service,Running,True
1789063744,user-timeline-redis,Running,True
1789063744,user-timeline-service,Running,True
1789063745,compose-post-service,Running,True
1789063745,home-timeline-redis,Running,True
1789063745,home-timeline-service,Running,True
1789063745,jaeger,Running,True
1789063745,media-frontend,Running,True
1789063745,media-service,Running,True
1789063745,mongodb-sharded-configsvr,Running,True
1789063745,mongodb-sharded-mongos,Running,True
1789063745,mongodb-sharded-mongos,Running,True
1789063745,mongodb-sharded-mongos,Running,True
1789063745,mongodb-sharded-shardsvr,Running,True
1789063745,mongodb-sharded-shardsvr,Running,True
1789063745,mongodb-sharded-shardsvr,Running,True
1789063745,mongodb-sharded-shardsvr,Running,True
1789063745,mongodb-sharded-shardsvr,Running,True
1789063745,mongodb-sharded-shardsvr,Running,True
1789063745,nginx-thrift,Running,True
1789063745,nginx-thrift,Running,False
1789063745,post-storage-service,Running,True
1789063745,social-graph-redis,Running,True
1789063745,social-graph-service,Running,True
1789063745,social-network-mcrouter,Running,True
1789063745,social-network-mcrouter,Running,True
1789063745,social-network-mcrouter,Running,True
1789063745,memcached,Running,True
1789063745,memcached,Running,True
1789063745,memcached,Running,True
1789063745,memcached,Running,True
1789063745,memcached,Running,True
1789063745,memcached,Running,True
1789063745,text-service,Running,True
1789063745,unique-id-service,Running,True
1789063745,url-shorten-service,Running,True
1789063745,user-mention-service,Running,True
1789063745,user-service,Running,True
1789063745,user-timeline-redis,Running,True
1789063745,user-timeline-service,Running,True
1789063746,compose-post-service,Running,True
1789063746,home-timeline-redis,Running,True
1789063746,home-timeline-service,Running,True
1789063746,jaeger,Running,True
1789063746,media-frontend,Running,True
1789063746,media-service,Running,True
1789063746,mongodb-sharded-configsvr,Running,True
1789063746,mongodb-sharded-mongos,Running,True
1789063746,mongodb-sharded-mongos,Running,True
1789063746,mongodb-sharded-mongos,Running,True
1789063746,mongodb-sharded-shardsvr,Running,True
1789063746,mongodb-sharded-shardsvr,Running,True
1789063746,mongodb-sharded-shardsvr,Running,True
1789063746,mongodb-sharded-shardsvr,Running,True
1789063746,mongodb-sharded-shardsvr,Running,True
1789063746,mongodb-sharded-shardsvr,Running,True
1789063746,nginx-thrift,Running,True
1789063746,nginx-thrift,Running,False
1789063746,post-storage-service,Running,True
1789063746,social-graph-redis,Running,True
1789063746,social-graph-service,Running,True
1789063746,social-network-mcrouter,Running,True
1789063746,social-network-mcrouter,Running,True
1789063746,social-network-mcrouter,Running,True
1789063746,memcached,Running,True
1789063746,memcached,Running,True
1789063746,memcached,Running,True
1789063746,memcached,Running,True
1789063746,memcached,Running,True
1789063746,memcached,Running,True
1789063746,text-service,Running,True
1789063746,unique-id-service,Running,True
1789063746,url-shorten-service,Running,True
1789063746,user-mention-service,Running,True
1789063746,user-service,Running,True
1789063746,user-timeline-redis,Running,True
1789063746,user-timeline-service,Running,True
1789063747,compose-post-service,Running,True
1789063747,home-timeline-redis,Running,True
1789063747,home-timeline-service,Running,True
1789063747,jaeger,Running,True
1789063747,media-frontend,Running,True
1789063747,media-service,Running,True
1789063747,mongodb-sharded-configsvr,Running,True
1789063747,mongodb-sharded-mongos,Running,True
1789063747,mongodb-sharded-mongos,Running,True
1789063747,mongodb-sharded-mongos,Running,True
1789063747,mongodb-sharded-shardsvr,Running,True
1789063747,mongodb-sharded-shardsvr,Running,True
1789063747,mongodb-sharded-shardsvr,Running,True
1789063747,mongodb-sharded-shardsvr,Running,True
1789063747,mongodb-sharded-shardsvr,Running,True
1789063747,mongodb-sharded-shardsvr,Running,True
1789063747,nginx-thrift,Running,True
1789063747,nginx-thrift,Running,True
1789063747,post-storage-service,Running,True
1789063747,social-graph-redis,Running,True
1789063747,social-graph-service,Running,True
1789063747,social-network-mcrouter,Running,True
1789063747,social-network-mcrouter,Running,True
1789063747,social-network-mcrouter,Running,True
1789063747,memcached,Running,True
1789063747,memcached,Running,True
1789063747,memcached,Running,True
1789063747,memcached,Running,True
1789063747,memcached,Running,True
1789063747,memcached,Running,True
1789063747,text-service,Running,True
1789063747,unique-id-service,Running,True
1789063747,url-shorten-service,Running,True
1789063747,user-mention-service,Running,True
1789063747,user-service,Running,True
1789063747,user-timeline-redis,Running,True
1789063747,user-timeline-service,Running,True
1789063748,compose-post-service,Running,True
1789063748,home-timeline-redis,Running,True
1789063748,home-timeline-service,Running,True
1789063748,jaeger,Running,True
1789063748,media-frontend,Running,True
1789063748,media-service,Running,True
1789063748,mongodb-sharded-configsvr,Running,True
1789063748,mongodb-sharded-mongos,Running,True
1789063748,mongodb-sharded-mongos,Running,True
1789063748,mongodb-sharded-mongos,Running,True
1789063748,mongodb-sharded-shardsvr,Running,True
1789063748,mongodb-sharded-shardsvr,Running,True
1789063748,mongodb-sharded-shardsvr,Running,True
1789063748,mongodb-sharded-shardsvr,Running,True
1789063748,mongodb-sharded-shardsvr,Running,True
1789063748,mongodb-sharded-shardsvr,Running,True
1789063748,nginx-thrift,Running,True
1789063748,nginx-thrift,Running,True
1789063748,post-storage-service,Running,True
1789063748,social-graph-redis,Running,True
1789063748,social-graph-service,Running,True
1789063748,social-network-mcrouter,Running,True
1789063748,social-network-mcrouter,Running,True
1789063748,social-network-mcrouter,Running,True
1789063748,memcached,Running,True
1789063748,memcached,Running,True
1789063748,memcached,Running,True
1789063748,memcached,Running,True
1789063748,memcached,Running,True
1789063748,memcached,Running,True
1789063748,text-service,Running,True
1789063748,unique-id-service,Running,True
1789063748,url-shorten-service,Running,True
1789063748,user-mention-service,Running,True
1789063748,user-service,Running,True
1789063748,user-timeline-redis,Running,True
1789063748,user-timeline-service,Running,True
1789063749,compose-post-service,Running,True
1789063749,home-timeline-redis,Running,True
1789063749,home-timeline-service,Running,True
1789063749,jaeger,Running,True
1789063749,media-frontend,Running,True
1789063749,media-service,Running,True
1789063749,mongodb-sharded-configsvr,Running,True
1789063749,mongodb-sharded-mongos,Running,True
1789063749,mongodb-sharded-mongos,Running,True
1789063749,mongodb-sharded-mongos,Running,True
1789063749,mongodb-sharded-shardsvr,Running,True
1789063749,mongodb-sharded-shardsvr,Running,True
1789063749,mongodb-sharded-shardsvr,Running,True
1789063749,mongodb-sharded-shardsvr,Running,True
1789063749,mongodb-sharded-shardsvr,Running,True
1789063749,mongodb-sharded-shardsvr,Running,True
1789063749,nginx-thrift,Running,True
1789063749,nginx-thrift,Running,True
1789063749,post-storage-service,Running,True
1789063749,social-graph-redis,Running,True
1789063749,social-graph-service,Running,True
1789063749,social-network-mcrouter,Running,True
1789063749,social-network-mcrouter,Running,True
1789063749,social-network-mcrouter,Running,True
1789063749,memcached,Running,True
1789063749,memcached,Running,True
1789063749,memcached,Running,True
1789063749,memcached,Running,True
1789063749,memcached,Running,True
1789063749,memcached,Running,True
1789063749,text-service,Running,True
1789063749,unique-id-service,Running,True
1789063749,url-shorten-service,Running,True
1789063749,user-mention-service,Running,True
1789063749,user-service,Running,True
1789063749,user-timeline-redis,Running,True
1789063749,user-timeline-service,Running,True
1789063750,compose-post-service,Running,True
1789063750,home-timeline-redis,Running,True
1789063750,home-timeline-service,Running,True
1789063750,jaeger,Running,True
1789063750,media-frontend,Running,True
1789063750,media-service,Running,True
1789063750,mongodb-sharded-configsvr,Running,True
1789063750,mongodb-sharded-mongos,Running,True
1789063750,mongodb-sharded-mongos,Running,True
1789063750,mongodb-sharded-mongos,Running,True
1789063750,mongodb-sharded-shardsvr,Running,True
1789063750,mongodb-sharded-shardsvr,Running,True
1789063750,mongodb-sharded-shardsvr,Running,True
1789063750,mongodb-sharded-shardsvr,Running,True
1789063750,mongodb-sharded-shardsvr,Running,True
1789063750,mongodb-sharded-shardsvr,Running,True
1789063750,nginx-thrift,Running,True
1789063750,nginx-thrift,Running,True
1789063750,post-storage-service,Running,True
1789063750,social-graph-redis,Running,True
1789063750,social-graph-service,Running,True
1789063750,social-network-mcrouter,Running,True
1789063750,social-network-mcrouter,Running,True
1789063750,social-network-mcrouter,Running,True
1789063750,memcached,Running,True
1789063750,memcached,Running,True
1789063750,memcached,Running,True
1789063750,memcached,Running,True
1789063750,memcached,Running,True
1789063750,memcached,Running,True
1789063750,text-service,Running,True
1789063750,unique-id-service,Running,True
1789063750,url-shorten-service,Running,True
1789063750,user-mention-service,Running,True
1789063750,user-service,Running,True
1789063750,user-timeline-redis,Running,True
1789063750,user-timeline-service,Running,True
1789063751,compose-post-service,Running,True
1789063751,home-timeline-redis,Running,True
1789063751,home-timeline-service,Running,True
1789063751,jaeger,Running,True
1789063751,media-frontend,Running,True
1789063751,media-service,Running,True
1789063751,mongodb-sharded-configsvr,Running,True
1789063751,mongodb-sharded-mongos,Running,True
1789063751,mongodb-sharded-mongos,Running,True
1789063751,mongodb-sharded-mongos,Running,True
1789063751,mongodb-sharded-shardsvr,Running,True
1789063751,mongodb-sharded-shardsvr,Running,True
1789063751,mongodb-sharded-shardsvr,Running,True
1789063751,mongodb-sharded-shardsvr,Running,True
1789063751,mongodb-sharded-shardsvr,Running,True
1789063751,mongodb-sharded-shardsvr,Running,True
1789063751,nginx-thrift,Running,True
1789063751,nginx-thrift,Running,True
1789063751,post-storage-service,Running,True
1789063751,social-graph-redis,Running,True
1789063751,social-graph-service,Running,True
1789063751,social-network-mcrouter,Running,True
1789063751,social-network-mcrouter,Running,True
1789063751,social-network-mcrouter,Running,True
1789063751,memcached,Running,True
1789063751,memcached,Running,True
1789063751,memcached,Running,True
1789063751,memcached,Running,True
1789063751,memcached,Running,True
1789063751,memcached,Running,True
1789063751,text-service,Running,True
1789063751,unique-id-service,Running,True
1789063751,url-shorten-service,Running,True
1789063751,user-mention-service,Running,True
1789063751,user-service,Running,True
1789063751,user-timeline-redis,Running,True
1789063751,user-timeline-service,Running,True
1789063752,compose-post-service,Running,True
1789063752,home-timeline-redis,Running,True
1789063752,home-timeline-service,Running,True
1789063752,jaeger,Running,True
1789063752,media-frontend,Running,True
1789063752,media-service,Running,True
1789063752,mongodb-sharded-configsvr,Running,True
1789063752,mongodb-sharded-mongos,Running,True
1789063752,mongodb-sharded-mongos,Running,True
1789063752,mongodb-sharded-mongos,Running,True
1789063752,mongodb-sharded-shardsvr,Running,True
1789063752,mongodb-sharded-shardsvr,Running,True
1789063752,mongodb-sharded-shardsvr,Running,True
1789063752,mongodb-sharded-shardsvr,Running,True
1789063752,mongodb-sharded-shardsvr,Running,True
1789063752,mongodb-sharded-shardsvr,Running,True
1789063752,nginx-thrift,Running,True
1789063752,nginx-thrift,Running,True
1789063752,post-storage-service,Running,True
1789063752,social-graph-redis,Running,True
1789063752,social-graph-service,Running,True
1789063752,social-network-mcrouter,Running,True
1789063752,social-network-mcrouter,Running,True
1789063752,social-network-mcrouter,Running,True
1789063752,memcached,Running,True
1789063752,memcached,Running,True
1789063752,memcached,Running,True
1789063752,memcached,Running,True
1789063752,memcached,Running,True
1789063752,memcached,Running,True
1789063752,text-service,Running,True
1789063752,unique-id-service,Running,True
1789063752,url-shorten-service,Running,True
1789063752,user-mention-service,Running,True
1789063752,user-service,Running,True
1789063752,user-timeline-redis,Running,True
1789063752,user-timeline-service,Running,True
1789063753,compose-post-service,Running,True
1789063753,home-timeline-redis,Running,True
1789063753,home-timeline-service,Running,True
1789063753,jaeger,Running,True
1789063753,media-frontend,Running,True
1789063753,media-service,Running,True
1789063753,mongodb-sharded-configsvr,Running,True
1789063753,mongodb-sharded-mongos,Running,True
1789063753,mongodb-sharded-mongos,Running,True
1789063753,mongodb-sharded-mongos,Running,True
1789063753,mongodb-sharded-shardsvr,Running,True
1789063753,mongodb-sharded-shardsvr,Running,True
1789063753,mongodb-sharded-shardsvr,Running,True
1789063753,mongodb-sharded-shardsvr,Running,True
1789063753,mongodb-sharded-shardsvr,Running,True
1789063753,mongodb-sharded-shardsvr,Running,True
1789063753,nginx-thrift,Running,True
1789063753,nginx-thrift,Running,True
1789063753,post-storage-service,Running,True
1789063753,social-graph-redis,Running,True
1789063753,social-graph-service,Running,True
1789063753,social-network-mcrouter,Running,True
1789063753,social-network-mcrouter,Running,True
1789063753,social-network-mcrouter,Running,True
1789063753,memcached,Running,True
1789063753,memcached,Running,True
1789063753,memcached,Running,True
1789063753,memcached,Running,True
1789063753,memcached,Running,True
1789063753,memcached,Running,True
1789063753,text-service,Running,True
1789063753,unique-id-service,Running,True
1789063753,url-shorten-service,Running,True
1789063753,user-mention-service,Running,True
1789063753,user-service,Running,True
1789063753,user-timeline-redis,Running,True
1789063753,user-timeline-service,Running,True
1789063754,compose-post-service,Running,True
1789063754,home-timeline-redis,Running,True
1789063754,home-timeline-service,Running,True
1789063754,jaeger,Running,True
1789063754,media-frontend,Running,True
1789063754,media-service,Running,True
1789063754,mongodb-sharded-configsvr,Running,True
1789063754,mongodb-sharded-mongos,Running,True
1789063754,mongodb-sharded-mongos,Running,True
1789063754,mongodb-sharded-mongos,Running,True
1789063754,mongodb-sharded-shardsvr,Running,True
1789063754,mongodb-sharded-shardsvr,Running,True
1789063754,mongodb-sharded-shardsvr,Running,True
1789063754,mongodb-sharded-shardsvr,Running,True
1789063754,mongodb-sharded-shardsvr,Running,True
1789063754,mongodb-sharded-shardsvr,Running,True
1789063754,nginx-thrift,Running,True
1789063754,nginx-thrift,Running,True
1789063754,post-storage-service,Running,True
1789063754,social-graph-redis,Running,True
1789063754,social-graph-service,Running,True
1789063754,social-network-mcrouter,Running,True
1789063754,social-network-mcrouter,Running,True
1789063754,social-network-mcrouter,Running,True
1789063754,memcached,Running,True
1789063754,memcached,Running,True
1789063754,memcached,Running,True
1789063754,memcached,Running,True
1789063754,memcached,Running,True
1789063754,memcached,Running,True
1789063754,text-service,Running,True
1789063754,unique-id-service,Running,True
1789063754,url-shorten-service,Running,True
1789063754,user-mention-service,Running,True
1789063754,user-service,Running,True
1789063754,user-timeline-redis,Running,True
1789063754,user-timeline-service,Running,True
1789063755,compose-post-service,Running,True
1789063755,home-timeline-redis,Running,True
1789063755,home-timeline-service,Running,True
1789063755,jaeger,Running,True
1789063755,media-frontend,Running,True
1789063755,media-service,Running,True
1789063755,mongodb-sharded-configsvr,Running,True
1789063755,mongodb-sharded-mongos,Running,True
1789063755,mongodb-sharded-mongos,Running,True
1789063755,mongodb-sharded-mongos,Running,True
1789063755,mongodb-sharded-shardsvr,Running,True
1789063755,mongodb-sharded-shardsvr,Running,True
1789063755,mongodb-sharded-shardsvr,Running,True
1789063755,mongodb-sharded-shardsvr,Running,True
1789063755,mongodb-sharded-shardsvr,Running,True
1789063755,mongodb-sharded-shardsvr,Running,True
1789063755,nginx-thrift,Running,True
1789063755,nginx-thrift,Running,True
1789063755,post-storage-service,Running,True
1789063755,social-graph-redis,Running,True
1789063755,social-graph-service,Running,True
1789063755,social-network-mcrouter,Running,True
1789063755,social-network-mcrouter,Running,True
1789063755,social-network-mcrouter,Running,True
1789063755,memcached,Running,True
1789063755,memcached,Running,True
1789063755,memcached,Running,True
1789063755,memcached,Running,True
1789063755,memcached,Running,True
1789063755,memcached,Running,True
1789063755,text-service,Running,True
1789063755,unique-id-service,Running,True
1789063755,url-shorten-service,Running,True
1789063755,user-mention-service,Running,True
1789063755,user-service,Running,True
1789063755,user-timeline-redis,Running,True
1789063755,user-timeline-service,Running,True
1789063756,compose-post-service,Running,True
1789063756,home-timeline-redis,Running,True
1789063756,home-timeline-service,Running,True
1789063756,jaeger,Running,True
1789063756,media-frontend,Running,True
1789063756,media-service,Running,True
1789063756,mongodb-sharded-configsvr,Running,True
1789063756,mongodb-sharded-mongos,Running,True
1789063756,mongodb-sharded-mongos,Running,True
1789063756,mongodb-sharded-mongos,Running,True
1789063756,mongodb-sharded-shardsvr,Running,True
1789063756,mongodb-sharded-shardsvr,Running,True
1789063756,mongodb-sharded-shardsvr,Running,True
1789063756,mongodb-sharded-shardsvr,Running,True
1789063756,mongodb-sharded-shardsvr,Running,True
1789063756,mongodb-sharded-shardsvr,Running,True
1789063756,nginx-thrift,Running,True
1789063756,nginx-thrift,Running,True
1789063756,post-storage-service,Running,True
1789063756,social-graph-redis,Running,True
1789063756,social-graph-service,Running,True
1789063756,social-network-mcrouter,Running,True
1789063756,social-network-mcrouter,Running,True
1789063756,social-network-mcrouter,Running,True
1789063756,memcached,Running,True
1789063756,memcached,Running,True
1789063756,memcached,Running,True
1789063756,memcached,Running,True
1789063756,memcached,Running,True
1789063756,memcached,Running,True
1789063756,text-service,Running,True
1789063756,unique-id-service,Running,True
1789063756,url-shorten-service,Running,True
1789063756,user-mention-service,Running,True
1789063756,user-service,Running,True
1789063756,user-timeline-redis,Running,True
1789063756,user-timeline-service,Running,True
1789063757,compose-post-service,Running,True
1789063757,home-timeline-redis,Running,True
1789063757,home-timeline-service,Running,True
1789063757,jaeger,Running,True
1789063757,media-frontend,Running,True
1789063757,media-service,Running,True
1789063757,mongodb-sharded-configsvr,Running,True
1789063757,mongodb-sharded-mongos,Running,True
1789063757,mongodb-sharded-mongos,Running,True
1789063757,mongodb-sharded-mongos,Running,True
1789063757,mongodb-sharded-shardsvr,Running,True
1789063757,mongodb-sharded-shardsvr,Running,True
1789063757,mongodb-sharded-shardsvr,Running,True
1789063757,mongodb-sharded-shardsvr,Running,True
1789063757,mongodb-sharded-shardsvr,Running,True
1789063757,mongodb-sharded-shardsvr,Running,True
1789063757,nginx-thrift,Running,True
1789063757,nginx-thrift,Running,True
1789063757,post-storage-service,Running,True
1789063757,social-graph-redis,Running,True
1789063757,social-graph-service,Running,True
1789063757,social-network-mcrouter,Running,True
1789063757,social-network-mcrouter,Running,True
1789063757,social-network-mcrouter,Running,True
1789063757,memcached,Running,True
1789063757,memcached,Running,True
1789063757,memcached,Running,True
1789063757,memcached,Running,True
1789063757,memcached,Running,True
1789063757,memcached,Running,True
1789063757,text-service,Running,True
1789063757,unique-id-service,Running,True
1789063757,url-shorten-service,Running,True
1789063757,user-mention-service,Running,True
1789063757,user-service,Running,True
1789063757,user-timeline-redis,Running,True
1789063757,user-timeline-service,Running,True
1789063758,compose-post-service,Running,True
1789063758,home-timeline-redis,Running,True
1789063758,home-timeline-service,Running,True
1789063758,jaeger,Running,True
1789063758,media-frontend,Running,True
1789063758,media-service,Running,True
1789063758,mongodb-sharded-configsvr,Running,True
1789063758,mongodb-sharded-mongos,Running,True
1789063758,mongodb-sharded-mongos,Running,True
1789063758,mongodb-sharded-mongos,Running,True
1789063758,mongodb-sharded-shardsvr,Running,True
1789063758,mongodb-sharded-shardsvr,Running,True
1789063758,mongodb-sharded-shardsvr,Running,True
1789063758,mongodb-sharded-shardsvr,Running,True
1789063758,mongodb-sharded-shardsvr,Running,True
1789063758,mongodb-sharded-shardsvr,Running,True
1789063758,nginx-thrift,Running,True
1789063758,nginx-thrift,Running,True
1789063758,post-storage-service,Running,True
1789063758,social-graph-redis,Running,True
1789063758,social-graph-service,Running,True
1789063758,social-network-mcrouter,Running,True
1789063758,social-network-mcrouter,Running,True
1789063758,social-network-mcrouter,Running,True
1789063758,memcached,Running,True
1789063758,memcached,Running,True
1789063758,memcached,Running,True
1789063758,memcached,Running,True
1789063758,memcached,Running,True
1789063758,memcached,Running,True
1789063758,text-service,Running,True
1789063758,unique-id-service,Running,True
1789063758,url-shorten-service,Running,True
1789063758,user-mention-service,Running,True
1789063758,user-service,Running,True
1789063758,user-timeline-redis,Running,True
1789063758,user-timeline-service,Running,True
1789063759,compose-post-service,Running,True
1789063759,home-timeline-redis,Running,True
1789063759,home-timeline-service,Running,True
1789063759,jaeger,Running,True
1789063759,media-frontend,Running,True
1789063759,media-service,Running,True
1789063759,mongodb-sharded-configsvr,Running,True
1789063759,mongodb-sharded-mongos,Running,True
1789063759,mongodb-sharded-mongos,Running,True
1789063759,mongodb-sharded-mongos,Running,True
1789063759,mongodb-sharded-shardsvr,Running,True
1789063759,mongodb-sharded-shardsvr,Running,True
1789063759,mongodb-sharded-shardsvr,Running,True
1789063759,mongodb-sharded-shardsvr,Running,True
1789063759,mongodb-sharded-shardsvr,Running,True
1789063759,mongodb-sharded-shardsvr,Running,True
1789063759,nginx-thrift,Running,True
1789063759,nginx-thrift,Running,True
1789063759,post-storage-service,Running,True
1789063759,social-graph-redis,Running,True
1789063759,social-graph-service,Running,True
1789063759,social-network-mcrouter,Running,True
1789063759,social-network-mcrouter,Running,True
1789063759,social-network-mcrouter,Running,True
1789063759,memcached,Running,True
1789063759,memcached,Running,True
1789063759,memcached,Running,True
1789063759,memcached,Running,True
1789063759,memcached,Running,True
1789063759,memcached,Running,True
1789063759,text-service,Running,True
1789063759,unique-id-service,Running,True
1789063759,url-shorten-service,Running,True
1789063759,user-mention-service,Running,True
1789063759,user-service,Running,True
1789063759,user-timeline-redis,Running,True
1789063759,user-timeline-service,Running,True
1789063760,compose-post-service,Running,True
1789063760,home-timeline-redis,Running,True
1789063760,home-timeline-service,Running,True
1789063760,jaeger,Running,True
1789063760,media-frontend,Running,True
1789063760,media-service,Running,True
1789063760,mongodb-sharded-configsvr,Running,True
1789063760,mongodb-sharded-mongos,Running,True
1789063760,mongodb-sharded-mongos,Running,True
1789063760,mongodb-sharded-mongos,Running,True
1789063760,mongodb-sharded-shardsvr,Running,True
1789063760,mongodb-sharded-shardsvr,Running,True
1789063760,mongodb-sharded-shardsvr,Running,True
1789063760,mongodb-sharded-shardsvr,Running,True
1789063760,mongodb-sharded-shardsvr,Running,True
1789063760,mongodb-sharded-shardsvr,Running,True
1789063760,nginx-thrift,Running,True
1789063760,nginx-thrift,Running,True
1789063760,post-storage-service,Running,True
1789063760,social-graph-redis,Running,True
1789063760,social-graph-service,Running,True
1789063760,social-network-mcrouter,Running,True
1789063760,social-network-mcrouter,Running,True
1789063760,social-network-mcrouter,Running,True
1789063760,memcached,Running,True
1789063760,memcached,Running,True
1789063760,memcached,Running,True
1789063760,memcached,Running,True
1789063760,memcached,Running,True
1789063760,memcached,Running,True
1789063760,text-service,Running,True
1789063760,unique-id-service,Running,True
1789063760,url-shorten-service,Running,True
1789063760,user-mention-service,Running,True
1789063760,user-service,Running,True
1789063760,user-timeline-redis,Running,True
1789063760,user-timeline-service,Running,True
1789063761,compose-post-service,Running,True
1789063761,home-timeline-redis,Running,True
1789063761,home-timeline-service,Running,True
1789063761,jaeger,Running,True
1789063761,media-frontend,Running,True
1789063761,media-service,Running,True
1789063761,mongodb-sharded-configsvr,Running,True
1789063761,mongodb-sharded-mongos,Running,True
1789063761,mongodb-sharded-mongos,Running,True
1789063761,mongodb-sharded-mongos,Running,True
1789063761,mongodb-sharded-shardsvr,Running,True
1789063761,mongodb-sharded-shardsvr,Running,True
1789063761,mongodb-sharded-shardsvr,Running,True
1789063761,mongodb-sharded-shardsvr,Running,True
1789063761,mongodb-sharded-shardsvr,Running,True
1789063761,mongodb-sharded-shardsvr,Running,True
1789063761,nginx-thrift,Running,True
1789063761,nginx-thrift,Running,True
1789063761,post-storage-service,Running,True
1789063761,social-graph-redis,Running,True
1789063761,social-graph-service,Running,True
1789063761,social-network-mcrouter,Running,True
1789063761,social-network-mcrouter,Running,True
1789063761,social-network-mcrouter,Running,True
1789063761,memcached,Running,True
1789063761,memcached,Running,True
1789063761,memcached,Running,True
1789063761,memcached,Running,True
1789063761,memcached,Running,True
1789063761,memcached,Running,True
1789063761,text-service,Running,True
1789063761,unique-id-service,Running,True
1789063761,url-shorten-service,Running,True
1789063761,user-mention-service,Running,True
1789063761,user-service,Running,True
1789063761,user-timeline-redis,Running,True
1789063761,user-timeline-service,Running,True
1789063762,compose-post-service,Running,True
1789063762,home-timeline-redis,Running,True
1789063762,home-timeline-service,Running,True
1789063762,jaeger,Running,True
1789063762,media-frontend,Running,True
1789063762,media-service,Running,True
1789063762,mongodb-sharded-configsvr,Running,True
1789063762,mongodb-sharded-mongos,Running,True
1789063762,mongodb-sharded-mongos,Running,True
1789063762,mongodb-sharded-mongos,Running,True
1789063762,mongodb-sharded-shardsvr,Running,True
1789063762,mongodb-sharded-shardsvr,Running,True
1789063762,mongodb-sharded-shardsvr,Running,True
1789063762,mongodb-sharded-shardsvr,Running,True
1789063762,mongodb-sharded-shardsvr,Running,True
1789063762,mongodb-sharded-shardsvr,Running,True
1789063762,nginx-thrift,Running,True
1789063762,nginx-thrift,Running,True
1789063762,post-storage-service,Running,True
1789063762,social-graph-redis,Running,True
1789063762,social-graph-service,Running,True
1789063762,social-network-mcrouter,Running,True
1789063762,social-network-mcrouter,Running,True
1789063762,social-network-mcrouter,Running,True
1789063762,memcached,Running,True
1789063762,memcached,Running,True
1789063762,memcached,Running,True
1789063762,memcached,Running,True
1789063762,memcached,Running,True
1789063762,memcached,Running,True
1789063762,text-service,Running,True
1789063762,unique-id-service,Running,True
1789063762,url-shorten-service,Running,True
1789063762,user-mention-service,Running,True
1789063762,user-service,Running,True
1789063762,user-timeline-redis,Running,True
1789063762,user-timeline-service,Running,True
1789063763,compose-post-service,Running,True
1789063763,home-timeline-redis,Running,True
1789063763,home-timeline-service,Running,True
1789063763,jaeger,Running,True
1789063763,media-frontend,Running,True
1789063763,media-service,Running,True
1789063763,mongodb-sharded-configsvr,Running,True
1789063763,mongodb-sharded-mongos,Running,True
1789063763,mongodb-sharded-mongos,Running,True
1789063763,mongodb-sharded-mongos,Running,True
1789063763,mongodb-sharded-shardsvr,Running,True
1789063763,mongodb-sharded-shardsvr,Running,True
1789063763,mongodb-sharded-shardsvr,Running,True
1789063763,mongodb-sharded-shardsvr,Running,True
1789063763,mongodb-sharded-shardsvr,Running,True
1789063763,mongodb-sharded-shardsvr,Running,True
1789063763,nginx-thrift,Running,True
1789063763,nginx-thrift,Running,True
1789063763,post-storage-service,Running,True
1789063763,social-graph-redis,Running,True
1789063763,social-graph-service,Running,True
1789063763,social-network-mcrouter,Running,True
1789063763,social-network-mcrouter,Running,True
1789063763,social-network-mcrouter,Running,True
1789063763,memcached,Running,True
1789063763,memcached,Running,True
1789063763,memcached,Running,True
1789063763,memcached,Running,True
1789063763,memcached,Running,True
1789063763,memcached,Running,True
1789063763,text-service,Running,True
1789063763,unique-id-service,Running,True
1789063763,url-shorten-service,Running,True
1789063763,user-mention-service,Running,True
1789063763,user-service,Running,True
1789063763,user-timeline-redis,Running,True
1789063763,user-timeline-service,Running,True
1789063764,compose-post-service,Running,True
1789063764,home-timeline-redis,Running,True
1789063764,home-timeline-service,Running,True
1789063764,jaeger,Running,True
1789063764,media-frontend,Running,True
1789063764,media-service,Running,True
1789063764,mongodb-sharded-configsvr,Running,True
1789063764,mongodb-sharded-mongos,Running,True
1789063764,mongodb-sharded-mongos,Running,True
1789063764,mongodb-sharded-mongos,Running,True
1789063764,mongodb-sharded-shardsvr,Running,True
1789063764,mongodb-sharded-shardsvr,Running,True
1789063764,mongodb-sharded-shardsvr,Running,True
1789063764,mongodb-sharded-shardsvr,Running,True
1789063764,mongodb-sharded-shardsvr,Running,True
1789063764,mongodb-sharded-shardsvr,Running,True
1789063764,nginx-thrift,Running,True
1789063764,nginx-thrift,Running,True
1789063764,post-storage-service,Running,True
1789063764,social-graph-redis,Running,True
1789063764,social-graph-service,Running,True
1789063764,social-network-mcrouter,Running,True
1789063764,social-network-mcrouter,Running,True
1789063764,social-network-mcrouter,Running,True
1789063764,memcached,Running,True
1789063764,memcached,Running,True
1789063764,memcached,Running,True
1789063764,memcached,Running,True
1789063764,memcached,Running,True
1789063764,memcached,Running,True
1789063764,text-service,Running,True
1789063764,unique-id-service,Running,True
1789063764,url-shorten-service,Running,True
1789063764,user-mention-service,Running,True
1789063764,user-service,Running,True
1789063764,user-timeline-redis,Running,True
1789063764,user-timeline-service,Running,True
1789063765,compose-post-service,Running,True
1789063765,home-timeline-redis,Running,True
1789063765,home-timeline-service,Running,True
1789063765,jaeger,Running,True
1789063765,media-frontend,Running,True
1789063765,media-service,Running,True
1789063765,mongodb-sharded-configsvr,Running,True
1789063765,mongodb-sharded-mongos,Running,True
1789063765,mongodb-sharded-mongos,Running,True
1789063765,mongodb-sharded-mongos,Running,True
1789063765,mongodb-sharded-shardsvr,Running,True
1789063765,mongodb-sharded-shardsvr,Running,True
1789063765,mongodb-sharded-shardsvr,Running,True
1789063765,mongodb-sharded-shardsvr,Running,True
1789063765,mongodb-sharded-shardsvr,Running,True
1789063765,mongodb-sharded-shardsvr,Running,True
1789063765,nginx-thrift,Running,True
1789063765,nginx-thrift,Running,True
1789063765,post-storage-service,Running,True
1789063765,social-graph-redis,Running,True
1789063765,social-graph-service,Running,True
1789063765,social-network-mcrouter,Running,True
1789063765,social-network-mcrouter,Running,True
1789063765,social-network-mcrouter,Running,True
1789063765,memcached,Running,True
1789063765,memcached,Running,True
1789063765,memcached,Running,True
1789063765,memcached,Running,True
1789063765,memcached,Running,True
1789063765,memcached,Running,True
1789063765,text-service,Running,True
1789063765,unique-id-service,Running,True
1789063765,url-shorten-service,Running,True
1789063765,user-mention-service,Running,True
1789063765,user-service,Running,True
1789063765,user-timeline-redis,Running,True
1789063765,user-timeline-service,Running,True
1789063766,compose-post-service,Running,True
1789063766,home-timeline-redis,Running,True
1789063766,home-timeline-service,Running,True
1789063766,jaeger,Running,True
1789063766,media-frontend,Running,True
1789063766,media-service,Running,True
1789063766,mongodb-sharded-configsvr,Running,True
1789063766,mongodb-sharded-mongos,Running,True
1789063766,mongodb-sharded-mongos,Running,True
1789063766,mongodb-sharded-mongos,Running,True
1789063766,mongodb-sharded-shardsvr,Running,True
1789063766,mongodb-sharded-shardsvr,Running,True
1789063766,mongodb-sharded-shardsvr,Running,True
1789063766,mongodb-sharded-shardsvr,Running,True
1789063766,mongodb-sharded-shardsvr,Running,True
1789063766,mongodb-sharded-shardsvr,Running,True
1789063766,nginx-thrift,Running,True
1789063766,nginx-thrift,Running,True
1789063766,post-storage-service,Running,True
1789063766,social-graph-redis,Running,True
1789063766,social-graph-service,Running,True
1789063766,social-network-mcrouter,Running,True
1789063766,social-network-mcrouter,Running,True
1789063766,social-network-mcrouter,Running,True
1789063766,memcached,Running,True
1789063766,memcached,Running,True
1789063766,memcached,Running,True
1789063766,memcached,Running,True
1789063766,memcached,Running,True
1789063766,memcached,Running,True
1789063766,text-service,Running,True
1789063766,unique-id-service,Running,True
1789063766,url-shorten-service,Running,True
1789063766,user-mention-service,Running,True
1789063766,user-service,Running,True
1789063766,user-timeline-redis,Running,True
1789063766,user-timeline-service,Running,True
1789063767,compose-post-service,Running,True
1789063767,home-timeline-redis,Running,True
1789063767,home-timeline-service,Running,True
1789063767,jaeger,Running,True
1789063767,media-frontend,Running,True
1789063767,media-service,Running,True
1789063767,mongodb-sharded-configsvr,Running,True
1789063767,mongodb-sharded-mongos,Running,True
1789063767,mongodb-sharded-mongos,Running,True
1789063767,mongodb-sharded-mongos,Running,True
1789063767,mongodb-sharded-shardsvr,Running,True
1789063767,mongodb-sharded-shardsvr,Running,True
1789063767,mongodb-sharded-shardsvr,Running,True
1789063767,mongodb-sharded-shardsvr,Running,True
1789063767,mongodb-sharded-shardsvr,Running,True
1789063767,mongodb-sharded-shardsvr,Running,True
1789063767,nginx-thrift,Running,True
1789063767,nginx-thrift,Running,True
1789063767,post-storage-service,Running,True
1789063767,social-graph-redis,Running,True
1789063767,social-graph-service,Running,True
1789063767,social-network-mcrouter,Running,True
1789063767,social-network-mcrouter,Running,True
1789063767,social-network-mcrouter,Running,True
1789063767,memcached,Running,True
1789063767,memcached,Running,True
1789063767,memcached,Running,True
1789063767,memcached,Running,True
1789063767,memcached,Running,True
1789063767,memcached,Running,True
1789063767,text-service,Running,True
1789063767,unique-id-service,Running,True
1789063767,url-shorten-service,Running,True
1789063767,user-mention-service,Running,True
1789063767,user-service,Running,True
1789063767,user-timeline-redis,Running,True
1789063767,user-timeline-service,Running,True
1789063768,compose-post-service,Running,True
1789063768,home-timeline-redis,Running,True
1789063768,home-timeline-service,Running,True
1789063768,jaeger,Running,True
1789063768,media-frontend,Running,True
1789063768,media-service,Running,True
1789063768,mongodb-sharded-configsvr,Running,True
1789063768,mongodb-sharded-mongos,Running,True
1789063768,mongodb-sharded-mongos,Running,True
1789063768,mongodb-sharded-mongos,Running,True
1789063768,mongodb-sharded-shardsvr,Running,True
1789063768,mongodb-sharded-shardsvr,Running,True
1789063768,mongodb-sharded-shardsvr,Running,True
1789063768,mongodb-sharded-shardsvr,Running,True
1789063768,mongodb-sharded-shardsvr,Running,True
1789063768,mongodb-sharded-shardsvr,Running,True
1789063768,nginx-thrift,Running,True
1789063768,nginx-thrift,Running,True
1789063768,post-storage-service,Running,True
1789063768,social-graph-redis,Running,True
1789063768,social-graph-service,Running,True
1789063768,social-network-mcrouter,Running,True
1789063768,social-network-mcrouter,Running,True
1789063768,social-network-mcrouter,Running,True
1789063768,memcached,Running,True
1789063768,memcached,Running,True
1789063768,memcached,Running,True
1789063768,memcached,Running,True
1789063768,memcached,Running,True
1789063768,memcached,Running,True
1789063768,text-service,Running,True
1789063768,unique-id-service,Running,True
1789063768,url-shorten-service,Running,True
1789063768,user-mention-service,Running,True
1789063768,user-service,Running,True
1789063768,user-timeline-redis,Running,True
1789063768,user-timeline-service,Running,True
1789063769,compose-post-service,Running,True
1789063769,home-timeline-redis,Running,True
1789063769,home-timeline-service,Running,True
1789063769,jaeger,Running,True
1789063769,media-frontend,Running,True
1789063769,media-service,Running,True
1789063769,mongodb-sharded-configsvr,Running,True
1789063769,mongodb-sharded-mongos,Running,True
1789063769,mongodb-sharded-mongos,Running,True
1789063769,mongodb-sharded-mongos,Running,True
1789063769,mongodb-sharded-shardsvr,Running,True
1789063769,mongodb-sharded-shardsvr,Running,True
1789063769,mongodb-sharded-shardsvr,Running,True
1789063769,mongodb-sharded-shardsvr,Running,True
1789063769,mongodb-sharded-shardsvr,Running,True
1789063769,mongodb-sharded-shardsvr,Running,True
1789063769,nginx-thrift,Running,True
1789063769,nginx-thrift,Running,True
1789063769,post-storage-service,Running,True
1789063769,social-graph-redis,Running,True
1789063769,social-graph-service,Running,True
1789063769,social-network-mcrouter,Running,True
1789063769,social-network-mcrouter,Running,True
1789063769,social-network-mcrouter,Running,True
1789063769,memcached,Running,True
1789063769,memcached,Running,True
1789063769,memcached,Running,True
1789063769,memcached,Running,True
1789063769,memcached,Running,True
1789063769,memcached,Running,True
1789063769,text-service,Running,True
1789063769,unique-id-service,Running,True
1789063769,url-shorten-service,Running,True
1789063769,user-mention-service,Running,True
1789063769,user-service,Running,True
1789063769,user-timeline-redis,Running,True
1789063769,user-timeline-service,Running,True
1789063770,compose-post-service,Running,True
1789063770,home-timeline-redis,Running,True
1789063770,home-timeline-service,Running,True
1789063770,jaeger,Running,True
1789063770,media-frontend,Running,True
1789063770,media-service,Running,True
1789063770,mongodb-sharded-configsvr,Running,True
1789063770,mongodb-sharded-mongos,Running,True
1789063770,mongodb-sharded-mongos,Running,True
1789063770,mongodb-sharded-mongos,Running,True
1789063770,mongodb-sharded-shardsvr,Running,True
1789063770,mongodb-sharded-shardsvr,Running,True
1789063770,mongodb-sharded-shardsvr,Running,True
1789063770,mongodb-sharded-shardsvr,Running,True
1789063770,mongodb-sharded-shardsvr,Running,True
1789063770,mongodb-sharded-shardsvr,Running,True
1789063770,nginx-thrift,Running,True
1789063770,nginx-thrift,Running,True
1789063770,post-storage-service,Running,True
1789063770,social-graph-redis,Running,True
1789063770,social-graph-service,Running,True
1789063770,social-network-mcrouter,Running,True
1789063770,social-network-mcrouter,Running,True
1789063770,social-network-mcrouter,Running,True
1789063770,memcached,Running,True
1789063770,memcached,Running,True
1789063770,memcached,Running,True
1789063770,memcached,Running,True
1789063770,memcached,Running,True
1789063770,memcached,Running,True
1789063770,text-service,Running,True
1789063770,unique-id-service,Running,True
1789063770,url-shorten-service,Running,True
1789063770,user-mention-service,Running,True
1789063770,user-service,Running,True
1789063770,user-timeline-redis,Running,True
1789063770,user-timeline-service,Running,True
1789063771,compose-post-service,Running,True
1789063771,home-timeline-redis,Running,True
1789063771,home-timeline-service,Running,True
1789063771,jaeger,Running,True
1789063771,media-frontend,Running,True
1789063771,media-service,Running,True
1789063771,mongodb-sharded-configsvr,Running,True
1789063771,mongodb-sharded-mongos,Running,True
1789063771,mongodb-sharded-mongos,Running,True
1789063771,mongodb-sharded-mongos,Running,True
1789063771,mongodb-sharded-shardsvr,Running,True
1789063771,mongodb-sharded-shardsvr,Running,True
1789063771,mongodb-sharded-shardsvr,Running,True
1789063771,mongodb-sharded-shardsvr,Running,True
1789063771,mongodb-sharded-shardsvr,Running,True
1789063771,mongodb-sharded-shardsvr,Running,True
1789063771,nginx-thrift,Running,True
1789063771,nginx-thrift,Running,True
1789063771,post-storage-service,Running,True
1789063771,social-graph-redis,Running,True
1789063771,social-graph-service,Running,True
1789063771,social-network-mcrouter,Running,True
1789063771,social-network-mcrouter,Running,True
1789063771,social-network-mcrouter,Running,True
1789063771,memcached,Running,True
1789063771,memcached,Running,True
1789063771,memcached,Running,True
1789063771,memcached,Running,True
1789063771,memcached,Running,True
1789063771,memcached,Running,True
1789063771,text-service,Running,True
1789063771,unique-id-service,Running,True
1789063771,url-shorten-service,Running,True
1789063771,user-mention-service,Running,True
1789063771,user-service,Running,True
1789063771,user-timeline-redis,Running,True
1789063771,user-timeline-service,Running,True
1789063772,compose-post-service,Running,True
1789063772,home-timeline-redis,Running,True
1789063772,home-timeline-service,Running,True
1789063772,jaeger,Running,True
1789063772,media-frontend,Running,True
1789063772,media-service,Running,True
1789063772,mongodb-sharded-configsvr,Running,True
1789063772,mongodb-sharded-mongos,Running,True
1789063772,mongodb-sharded-mongos,Running,True
1789063772,mongodb-sharded-mongos,Running,True
1789063772,mongodb-sharded-shardsvr,Running,True
1789063772,mongodb-sharded-shardsvr,Running,True
1789063772,mongodb-sharded-shardsvr,Running,True
1789063772,mongodb-sharded-shardsvr,Running,True
1789063772,mongodb-sharded-shardsvr,Running,True
1789063772,mongodb-sharded-shardsvr,Running,True
1789063772,nginx-thrift,Running,True
1789063772,nginx-thrift,Running,True
1789063772,post-storage-service,Running,True
1789063772,social-graph-redis,Running,True
1789063772,social-graph-service,Running,True
1789063772,social-network-mcrouter,Running,True
1789063772,social-network-mcrouter,Running,True
1789063772,social-network-mcrouter,Running,True
1789063772,memcached,Running,True
1789063772,memcached,Running,True
1789063772,memcached,Running,True
1789063772,memcached,Running,True
1789063772,memcached,Running,True
1789063772,memcached,Running,True
1789063772,text-service,Running,True
1789063772,unique-id-service,Running,True
1789063772,url-shorten-service,Running,True
1789063772,user-mention-service,Running,True
1789063772,user-service,Running,True
1789063772,user-timeline-redis,Running,True
1789063772,user-timeline-service,Running,True
1789063773,compose-post-service,Running,True
1789063773,home-timeline-redis,Running,True
1789063773,home-timeline-service,Running,True
1789063773,jaeger,Running,True
1789063773,media-frontend,Running,True
1789063773,media-service,Running,True
1789063773,mongodb-sharded-configsvr,Running,True
1789063773,mongodb-sharded-mongos,Running,True
1789063773,mongodb-sharded-mongos,Running,True
1789063773,mongodb-sharded-mongos,Running,True
1789063773,mongodb-sharded-shardsvr,Running,True
1789063773,mongodb-sharded-shardsvr,Running,True
1789063773,mongodb-sharded-shardsvr,Running,True
1789063773,mongodb-sharded-shardsvr,Running,True
1789063773,mongodb-sharded-shardsvr,Running,True
1789063773,mongodb-sharded-shardsvr,Running,True
1789063773,nginx-thrift,Running,True
1789063773,nginx-thrift,Running,True
1789063773,post-storage-service,Running,True
1789063773,social-graph-redis,Running,True
1789063773,social-graph-service,Running,True
1789063773,social-network-mcrouter,Running,True
1789063773,social-network-mcrouter,Running,True
1789063773,social-network-mcrouter,Running,True
1789063773,memcached,Running,True
1789063773,memcached,Running,True
1789063773,memcached,Running,True
1789063773,memcached,Running,True
1789063773,memcached,Running,True
1789063773,memcached,Running,True
1789063773,text-service,Running,True
1789063773,unique-id-service,Running,True
1789063773,url-shorten-service,Running,True
1789063773,user-mention-service,Running,True
1789063773,user-service,Running,True
1789063773,user-timeline-redis,Running,True
1789063773,user-timeline-service,Running,True
1789063774,compose-post-service,Running,True
1789063774,home-timeline-redis,Running,True
1789063774,home-timeline-service,Running,True
1789063774,jaeger,Running,True
1789063774,media-frontend,Running,True
1789063774,media-service,Running,True
1789063774,mongodb-sharded-configsvr,Running,True
1789063774,mongodb-sharded-mongos,Running,True
1789063774,mongodb-sharded-mongos,Running,True
1789063774,mongodb-sharded-mongos,Running,True
1789063774,mongodb-sharded-shardsvr,Running,True
1789063774,mongodb-sharded-shardsvr,Running,True
1789063774,mongodb-sharded-shardsvr,Running,True
1789063774,mongodb-sharded-shardsvr,Running,True
1789063774,mongodb-sharded-shardsvr,Running,True
1789063774,mongodb-sharded-shardsvr,Running,True
1789063774,nginx-thrift,Running,True
1789063774,nginx-thrift,Running,True
1789063774,post-storage-service,Running,True
1789063774,social-graph-redis,Running,True
1789063774,social-graph-service,Running,True
1789063774,social-network-mcrouter,Running,True
1789063774,social-network-mcrouter,Running,True
1789063774,social-network-mcrouter,Running,True
1789063774,memcached,Running,True
1789063774,memcached,Running,True
1789063774,memcached,Running,True
1789063774,memcached,Running,True
1789063774,memcached,Running,True
1789063774,memcached,Running,True
1789063774,text-service,Running,True
1789063774,unique-id-service,Running,True
1789063774,url-shorten-service,Running,True
1789063774,user-mention-service,Running,True
1789063774,user-service,Running,True
1789063774,user-timeline-redis,Running,True
1789063774,user-timeline-service,Running,True
1789063775,compose-post-service,Running,True
1789063775,home-timeline-redis,Running,True
1789063775,home-timeline-service,Running,True
1789063775,jaeger,Running,True
1789063775,media-frontend,Running,True
1789063775,media-service,Running,True
1789063775,mongodb-sharded-configsvr,Running,True
1789063775,mongodb-sharded-mongos,Running,True
1789063775,mongodb-sharded-mongos,Running,True
1789063775,mongodb-sharded-mongos,Running,True
1789063775,mongodb-sharded-shardsvr,Running,True
1789063775,mongodb-sharded-shardsvr,Running,True
1789063775,mongodb-sharded-shardsvr,Running,True
1789063775,mongodb-sharded-shardsvr,Running,True
1789063775,mongodb-sharded-shardsvr,Running,True
1789063775,mongodb-sharded-shardsvr,Running,True
1789063775,nginx-thrift,Running,True
1789063775,nginx-thrift,Running,True
1789063775,post-storage-service,Running,True
1789063775,social-graph-redis,Running,True
1789063775,social-graph-service,Running,True
1789063775,social-network-mcrouter,Running,True
1789063775,social-network-mcrouter,Running,True
1789063775,social-network-mcrouter,Running,True
1789063775,memcached,Running,True
1789063775,memcached,Running,True
1789063775,memcached,Running,True
1789063775,memcached,Running,True
1789063775,memcached,Running,True
1789063775,memcached,Running,True
1789063775,text-service,Running,True
1789063775,unique-id-service,Running,True
1789063775,url-shorten-service,Running,True
1789063775,user-mention-service,Running,True
1789063775,user-service,Running,True
1789063775,user-timeline-redis,Running,True
1789063775,user-timeline-service,Running,True
1789063776,compose-post-service,Running,True
1789063776,home-timeline-redis,Running,True
1789063776,home-timeline-service,Running,True
1789063776,jaeger,Running,True
1789063776,media-frontend,Running,True
1789063776,media-service,Running,True
1789063776,mongodb-sharded-configsvr,Running,True
1789063776,mongodb-sharded-mongos,Running,True
1789063776,mongodb-sharded-mongos,Running,True
1789063776,mongodb-sharded-mongos,Running,True
1789063776,mongodb-sharded-shardsvr,Running,True
1789063776,mongodb-sharded-shardsvr,Running,True
1789063776,mongodb-sharded-shardsvr,Running,True
1789063776,mongodb-sharded-shardsvr,Running,True
1789063776,mongodb-sharded-shardsvr,Running,True
1789063776,mongodb-sharded-shardsvr,Running,True
1789063776,nginx-thrift,Running,True
1789063776,nginx-thrift,Running,True
1789063776,post-storage-service,Running,True
1789063776,social-graph-redis,Running,True
1789063776,social-graph-service,Running,True
1789063776,social-network-mcrouter,Running,True
1789063776,social-network-mcrouter,Running,True
1789063776,social-network-mcrouter,Running,True
1789063776,memcached,Running,True
1789063776,memcached,Running,True
1789063776,memcached,Running,True
1789063776,memcached,Running,True
1789063776,memcached,Running,True
1789063776,memcached,Running,True
1789063776,text-service,Running,True
1789063776,unique-id-service,Running,True
1789063776,url-shorten-service,Running,True
1789063776,user-mention-service,Running,True
1789063776,user-service,Running,True
1789063776,user-timeline-redis,Running,True
1789063776,user-timeline-service,Running,True
1789063777,compose-post-service,Running,True
1789063777,home-timeline-redis,Running,True
1789063777,home-timeline-service,Running,True
1789063777,jaeger,Running,True
1789063777,media-frontend,Running,True
1789063777,media-service,Running,True
1789063777,mongodb-sharded-configsvr,Running,True
1789063777,mongodb-sharded-mongos,Running,True
1789063777,mongodb-sharded-mongos,Running,True
1789063777,mongodb-sharded-mongos,Running,True
1789063777,mongodb-sharded-shardsvr,Running,True
1789063777,mongodb-sharded-shardsvr,Running,True
1789063777,mongodb-sharded-shardsvr,Running,True
1789063777,mongodb-sharded-shardsvr,Running,True
1789063777,mongodb-sharded-shardsvr,Running,True
1789063777,mongodb-sharded-shardsvr,Running,True
1789063777,nginx-thrift,Running,True
1789063777,nginx-thrift,Running,True
1789063777,post-storage-service,Running,True
1789063777,social-graph-redis,Running,True
1789063777,social-graph-service,Running,True
1789063777,social-network-mcrouter,Running,True
1789063777,social-network-mcrouter,Running,True
1789063777,social-network-mcrouter,Running,True
1789063777,memcached,Running,True
1789063777,memcached,Running,True
1789063777,memcached,Running,True
1789063777,memcached,Running,True
1789063777,memcached,Running,True
1789063777,memcached,Running,True
1789063777,text-service,Running,True
1789063777,unique-id-service,Running,True
1789063777,url-shorten-service,Running,True
1789063777,user-mention-service,Running,True
1789063777,user-service,Running,True
1789063777,user-timeline-redis,Running,True
1789063777,user-timeline-service,Running,True
1789063778,compose-post-service,Running,True
1789063778,home-timeline-redis,Running,True
1789063778,home-timeline-service,Running,True
1789063778,jaeger,Running,True
1789063778,media-frontend,Running,True
1789063778,media-service,Running,True
1789063778,mongodb-sharded-configsvr,Running,True
1789063778,mongodb-sharded-mongos,Running,True
1789063778,mongodb-sharded-mongos,Running,True
1789063778,mongodb-sharded-mongos,Running,True
1789063778,mongodb-sharded-shardsvr,Running,True
1789063778,mongodb-sharded-shardsvr,Running,True
1789063778,mongodb-sharded-shardsvr,Running,True
1789063778,mongodb-sharded-shardsvr,Running,True
1789063778,mongodb-sharded-shardsvr,Running,True
1789063778,mongodb-sharded-shardsvr,Running,True
1789063778,nginx-thrift,Running,True
1789063778,nginx-thrift,Running,True
1789063778,post-storage-service,Running,True
1789063778,social-graph-redis,Running,True
1789063778,social-graph-service,Running,True
1789063778,social-network-mcrouter,Running,True
1789063778,social-network-mcrouter,Running,True
1789063778,social-network-mcrouter,Running,True
1789063778,memcached,Running,True
1789063778,memcached,Running,True
1789063778,memcached,Running,True
1789063778,memcached,Running,True
1789063778,memcached,Running,True
1789063778,memcached,Running,True
1789063778,text-service,Running,True
1789063778,unique-id-service,Running,True
1789063778,url-shorten-service,Running,True
1789063778,user-mention-service,Running,True
1789063778,user-service,Running,True
1789063778,user-timeline-redis,Running,True
1789063778,user-timeline-service,Running,True
1789063779,compose-post-service,Running,True
1789063779,home-timeline-redis,Running,True
1789063779,home-timeline-service,Running,True
1789063779,jaeger,Running,True
1789063779,media-frontend,Running,True
1789063779,media-service,Running,True
1789063779,mongodb-sharded-configsvr,Running,True
1789063779,mongodb-sharded-mongos,Running,True
1789063779,mongodb-sharded-mongos,Running,True
1789063779,mongodb-sharded-mongos,Running,True
1789063779,mongodb-sharded-shardsvr,Running,True
1789063779,mongodb-sharded-shardsvr,Running,True
1789063779,mongodb-sharded-shardsvr,Running,True
1789063779,mongodb-sharded-shardsvr,Running,True
1789063779,mongodb-sharded-shardsvr,Running,True
1789063779,mongodb-sharded-shardsvr,Running,True
1789063779,nginx-thrift,Running,True
1789063779,nginx-thrift,Running,True
1789063779,post-storage-service,Running,True
1789063779,social-graph-redis,Running,True
1789063779,social-graph-service,Running,True
1789063779,social-network-mcrouter,Running,True
1789063779,social-network-mcrouter,Running,True
1789063779,social-network-mcrouter,Running,True
1789063779,memcached,Running,True
1789063779,memcached,Running,True
1789063779,memcached,Running,True
1789063779,memcached,Running,True
1789063779,memcached,Running,True
1789063779,memcached,Running,True
1789063779,text-service,Running,True
1789063779,unique-id-service,Running,True
1789063779,url-shorten-service,Running,True
1789063779,user-mention-service,Running,True
1789063779,user-service,Running,True
1789063779,user-timeline-redis,Running,True
1789063779,user-timeline-service,Running,True
1789063781,compose-post-service,Running,True
1789063781,home-timeline-redis,Running,True
1789063781,home-timeline-service,Running,True
1789063781,jaeger,Running,True
1789063781,media-frontend,Running,True
1789063781,media-service,Running,True
1789063781,mongodb-sharded-configsvr,Running,True
1789063781,mongodb-sharded-mongos,Running,True
1789063781,mongodb-sharded-mongos,Running,True
1789063781,mongodb-sharded-mongos,Running,True
1789063781,mongodb-sharded-shardsvr,Running,True
1789063781,mongodb-sharded-shardsvr,Running,True
1789063781,mongodb-sharded-shardsvr,Running,True
1789063781,mongodb-sharded-shardsvr,Running,True
1789063781,mongodb-sharded-shardsvr,Running,True
1789063781,mongodb-sharded-shardsvr,Running,True
1789063781,nginx-thrift,Running,True
1789063781,nginx-thrift,Running,True
1789063781,post-storage-service,Running,True
1789063781,social-graph-redis,Running,True
1789063781,social-graph-service,Running,True
1789063781,social-network-mcrouter,Running,True
1789063781,social-network-mcrouter,Running,True
1789063781,social-network-mcrouter,Running,True
1789063781,memcached,Running,True
1789063781,memcached,Running,True
1789063781,memcached,Running,True
1789063781,memcached,Running,True
1789063781,memcached,Running,True
1789063781,memcached,Running,True
1789063781,text-service,Running,True
1789063781,unique-id-service,Running,True
1789063781,url-shorten-service,Running,True
1789063781,user-mention-service,Running,True
1789063781,user-service,Running,True
1789063781,user-timeline-redis,Running,True
1789063781,user-timeline-service,Running,True
1789063782,compose-post-service,Running,True
1789063782,home-timeline-redis,Running,True
1789063782,home-timeline-service,Running,True
1789063782,jaeger,Running,True
1789063782,media-frontend,Running,True
1789063782,media-service,Running,True
1789063782,mongodb-sharded-configsvr,Running,True
1789063782,mongodb-sharded-mongos,Running,True
1789063782,mongodb-sharded-mongos,Running,True
1789063782,mongodb-sharded-mongos,Running,True
1789063782,mongodb-sharded-shardsvr,Running,True
1789063782,mongodb-sharded-shardsvr,Running,True
1789063782,mongodb-sharded-shardsvr,Running,True
1789063782,mongodb-sharded-shardsvr,Running,True
1789063782,mongodb-sharded-shardsvr,Running,True
1789063782,mongodb-sharded-shardsvr,Running,True
1789063782,nginx-thrift,Running,True
1789063782,nginx-thrift,Running,True
1789063782,post-storage-service,Running,True
1789063782,social-graph-redis,Running,True
1789063782,social-graph-service,Running,True
1789063782,social-network-mcrouter,Running,True
1789063782,social-network-mcrouter,Running,True
1789063782,social-network-mcrouter,Running,True
1789063782,memcached,Running,True
1789063782,memcached,Running,True
1789063782,memcached,Running,True
1789063782,memcached,Running,True
1789063782,memcached,Running,True
1789063782,memcached,Running,True
1789063782,text-service,Running,True
1789063782,unique-id-service,Running,True
1789063782,url-shorten-service,Running,True
1789063782,user-mention-service,Running,True
1789063782,user-service,Running,True
1789063782,user-timeline-redis,Running,True
1789063782,user-timeline-service,Running,True
1789063783,compose-post-service,Running,True
1789063783,home-timeline-redis,Running,True
1789063783,home-timeline-service,Running,True
1789063783,jaeger,Running,True
1789063783,media-frontend,Running,True
1789063783,media-service,Running,True
1789063783,mongodb-sharded-configsvr,Running,True
1789063783,mongodb-sharded-mongos,Running,True
1789063783,mongodb-sharded-mongos,Running,True
1789063783,mongodb-sharded-mongos,Running,True
1789063783,mongodb-sharded-shardsvr,Running,True
1789063783,mongodb-sharded-shardsvr,Running,True
1789063783,mongodb-sharded-shardsvr,Running,True
1789063783,mongodb-sharded-shardsvr,Running,True
1789063783,mongodb-sharded-shardsvr,Running,True
1789063783,mongodb-sharded-shardsvr,Running,True
1789063783,nginx-thrift,Running,True
1789063783,nginx-thrift,Running,True
1789063783,post-storage-service,Running,True
1789063783,social-graph-redis,Running,True
1789063783,social-graph-service,Running,True
1789063783,social-network-mcrouter,Running,True
1789063783,social-network-mcrouter,Running,True
1789063783,social-network-mcrouter,Running,True
1789063783,memcached,Running,True
1789063783,memcached,Running,True
1789063783,memcached,Running,True
1789063783,memcached,Running,True
1789063783,memcached,Running,True
1789063783,memcached,Running,True
1789063783,text-service,Running,True
1789063783,unique-id-service,Running,True
1789063783,url-shorten-service,Running,True
1789063783,user-mention-service,Running,True
1789063783,user-service,Running,True
1789063783,user-timeline-redis,Running,True
1789063783,user-timeline-service,Running,True
1789063784,compose-post-service,Running,True
1789063784,home-timeline-redis,Running,True
1789063784,home-timeline-service,Running,True
1789063784,jaeger,Running,True
1789063784,media-frontend,Running,True
1789063784,media-service,Running,True
1789063784,mongodb-sharded-configsvr,Running,True
1789063784,mongodb-sharded-mongos,Running,True
1789063784,mongodb-sharded-mongos,Running,True
1789063784,mongodb-sharded-mongos,Running,True
1789063784,mongodb-sharded-shardsvr,Running,True
1789063784,mongodb-sharded-shardsvr,Running,True
1789063784,mongodb-sharded-shardsvr,Running,True
1789063784,mongodb-sharded-shardsvr,Running,True
1789063784,mongodb-sharded-shardsvr,Running,True
1789063784,mongodb-sharded-shardsvr,Running,True
1789063784,nginx-thrift,Running,True
1789063784,nginx-thrift,Running,True
1789063784,post-storage-service,Running,True
1789063784,social-graph-redis,Running,True
1789063784,social-graph-service,Running,True
1789063784,social-network-mcrouter,Running,True
1789063784,social-network-mcrouter,Running,True
1789063784,social-network-mcrouter,Running,True
1789063784,memcached,Running,True
1789063784,memcached,Running,True
1789063784,memcached,Running,True
1789063784,memcached,Running,True
1789063784,memcached,Running,True
1789063784,memcached,Running,True
1789063784,text-service,Running,True
1789063784,unique-id-service,Running,True
1789063784,url-shorten-service,Running,True
1789063784,user-mention-service,Running,True
1789063784,user-service,Running,True
1789063784,user-timeline-redis,Running,True
1789063784,user-timeline-service,Running,True
1789063785,compose-post-service,Running,True
1789063785,home-timeline-redis,Running,True
1789063785,home-timeline-service,Running,True
1789063785,jaeger,Running,True
1789063785,media-frontend,Running,True
1789063785,media-service,Running,True
1789063785,mongodb-sharded-configsvr,Running,True
1789063785,mongodb-sharded-mongos,Running,True
1789063785,mongodb-sharded-mongos,Running,True
1789063785,mongodb-sharded-mongos,Running,True
1789063785,mongodb-sharded-shardsvr,Running,True
1789063785,mongodb-sharded-shardsvr,Running,True
1789063785,mongodb-sharded-shardsvr,Running,True
1789063785,mongodb-sharded-shardsvr,Running,True
1789063785,mongodb-sharded-shardsvr,Running,True
1789063785,mongodb-sharded-shardsvr,Running,True
1789063785,nginx-thrift,Running,True
1789063785,nginx-thrift,Running,True
1789063785,post-storage-service,Running,True
1789063785,social-graph-redis,Running,True
1789063785,social-graph-service,Running,True
1789063785,social-network-mcrouter,Running,True
1789063785,social-network-mcrouter,Running,True
1789063785,social-network-mcrouter,Running,True
1789063785,memcached,Running,True
1789063785,memcached,Running,True
1789063785,memcached,Running,True
1789063785,memcached,Running,True
1789063785,memcached,Running,True
1789063785,memcached,Running,True
1789063785,text-service,Running,True
1789063785,unique-id-service,Running,True
1789063785,url-shorten-service,Running,True
1789063785,user-mention-service,Running,True
1789063785,user-service,Running,True
1789063785,user-timeline-redis,Running,True
1789063785,user-timeline-service,Running,True
1789063786,compose-post-service,Running,True
1789063786,home-timeline-redis,Running,True
1789063786,home-timeline-service,Running,True
1789063786,jaeger,Running,True
1789063786,media-frontend,Running,True
1789063786,media-service,Running,True
1789063786,mongodb-sharded-configsvr,Running,True
1789063786,mongodb-sharded-mongos,Running,True
1789063786,mongodb-sharded-mongos,Running,True
1789063786,mongodb-sharded-mongos,Running,True
1789063786,mongodb-sharded-shardsvr,Running,True
1789063786,mongodb-sharded-shardsvr,Running,True
1789063786,mongodb-sharded-shardsvr,Running,True
1789063786,mongodb-sharded-shardsvr,Running,True
1789063786,mongodb-sharded-shardsvr,Running,True
1789063786,mongodb-sharded-shardsvr,Running,True
1789063786,nginx-thrift,Running,True
1789063786,nginx-thrift,Running,True
1789063786,post-storage-service,Running,True
1789063786,social-graph-redis,Running,True
1789063786,social-graph-service,Running,True
1789063786,social-network-mcrouter,Running,True
1789063786,social-network-mcrouter,Running,True
1789063786,social-network-mcrouter,Running,True
1789063786,memcached,Running,True
1789063786,memcached,Running,True
1789063786,memcached,Running,True
1789063786,memcached,Running,True
1789063786,memcached,Running,True
1789063786,memcached,Running,True
1789063786,text-service,Running,True
1789063786,unique-id-service,Running,True
1789063786,url-shorten-service,Running,True
1789063786,user-mention-service,Running,True
1789063786,user-service,Running,True
1789063786,user-timeline-redis,Running,True
1789063786,user-timeline-service,Running,True
1789063787,compose-post-service,Running,True
1789063787,home-timeline-redis,Running,True
1789063787,home-timeline-service,Running,True
1789063787,jaeger,Running,True
1789063787,media-frontend,Running,True
1789063787,media-service,Running,True
1789063787,mongodb-sharded-configsvr,Running,True
1789063787,mongodb-sharded-mongos,Running,True
1789063787,mongodb-sharded-mongos,Running,True
1789063787,mongodb-sharded-mongos,Running,True
1789063787,mongodb-sharded-shardsvr,Running,True
1789063787,mongodb-sharded-shardsvr,Running,True
1789063787,mongodb-sharded-shardsvr,Running,True
1789063787,mongodb-sharded-shardsvr,Running,True
1789063787,mongodb-sharded-shardsvr,Running,True
1789063787,mongodb-sharded-shardsvr,Running,True
1789063787,nginx-thrift,Running,True
1789063787,nginx-thrift,Running,True
1789063787,post-storage-service,Running,True
1789063787,social-graph-redis,Running,True
1789063787,social-graph-service,Running,True
1789063787,social-network-mcrouter,Running,True
1789063787,social-network-mcrouter,Running,True
1789063787,social-network-mcrouter,Running,True
1789063787,memcached,Running,True
1789063787,memcached,Running,True
1789063787,memcached,Running,True
1789063787,memcached,Running,True
1789063787,memcached,Running,True
1789063787,memcached,Running,True
1789063787,text-service,Running,True
1789063787,unique-id-service,Running,True
1789063787,url-shorten-service,Running,True
1789063787,user-mention-service,Running,True
1789063787,user-service,Running,True
1789063787,user-timeline-redis,Running,True
1789063787,user-timeline-service,Running,True
1789063788,compose-post-service,Running,True
1789063788,home-timeline-redis,Running,True
1789063788,home-timeline-service,Running,True
1789063788,jaeger,Running,True
1789063788,media-frontend,Running,True
1789063788,media-service,Running,True
1789063788,mongodb-sharded-configsvr,Running,True
1789063788,mongodb-sharded-mongos,Running,True
1789063788,mongodb-sharded-mongos,Running,True
1789063788,mongodb-sharded-mongos,Running,True
1789063788,mongodb-sharded-shardsvr,Running,True
1789063788,mongodb-sharded-shardsvr,Running,True
1789063788,mongodb-sharded-shardsvr,Running,True
1789063788,mongodb-sharded-shardsvr,Running,True
1789063788,mongodb-sharded-shardsvr,Running,True
1789063788,mongodb-sharded-shardsvr,Running,True
1789063788,nginx-thrift,Running,True
1789063788,nginx-thrift,Running,True
1789063788,post-storage-service,Running,True
1789063788,social-graph-redis,Running,True
1789063788,social-graph-service,Running,True
1789063788,social-network-mcrouter,Running,True
1789063788,social-network-mcrouter,Running,True
1789063788,social-network-mcrouter,Running,True
1789063788,memcached,Running,True
1789063788,memcached,Running,True
1789063788,memcached,Running,True
1789063788,memcached,Running,True
1789063788,memcached,Running,True
1789063788,memcached,Running,True
1789063788,text-service,Running,True
1789063788,unique-id-service,Running,True
1789063788,url-shorten-service,Running,True
1789063788,user-mention-service,Running,True
1789063788,user-service,Running,True
1789063788,user-timeline-redis,Running,True
1789063788,user-timeline-service,Running,True
1789063789,compose-post-service,Running,True
1789063789,home-timeline-redis,Running,True
1789063789,home-timeline-service,Running,True
1789063789,jaeger,Running,True
1789063789,media-frontend,Running,True
1789063789,media-service,Running,True
1789063789,mongodb-sharded-configsvr,Running,True
1789063789,mongodb-sharded-mongos,Running,True
1789063789,mongodb-sharded-mongos,Running,True
1789063789,mongodb-sharded-mongos,Running,True
1789063789,mongodb-sharded-shardsvr,Running,True
1789063789,mongodb-sharded-shardsvr,Running,True
1789063789,mongodb-sharded-shardsvr,Running,True
1789063789,mongodb-sharded-shardsvr,Running,True
1789063789,mongodb-sharded-shardsvr,Running,True
1789063789,mongodb-sharded-shardsvr,Running,True
1789063789,nginx-thrift,Running,True
1789063789,nginx-thrift,Running,True
1789063789,post-storage-service,Running,True
1789063789,social-graph-redis,Running,True
1789063789,social-graph-service,Running,True
1789063789,social-network-mcrouter,Running,True
1789063789,social-network-mcrouter,Running,True
1789063789,social-network-mcrouter,Running,True
1789063789,memcached,Running,True
1789063789,memcached,Running,True
1789063789,memcached,Running,True
1789063789,memcached,Running,True
1789063789,memcached,Running,True
1789063789,memcached,Running,True
1789063789,text-service,Running,True
1789063789,unique-id-service,Running,True
1789063789,url-shorten-service,Running,True
1789063789,user-mention-service,Running,True
1789063789,user-service,Running,True
1789063789,user-timeline-redis,Running,True
1789063789,user-timeline-service,Running,True
1789063790,compose-post-service,Running,True
1789063790,home-timeline-redis,Running,True
1789063790,home-timeline-service,Running,True
1789063790,jaeger,Running,True
1789063790,media-frontend,Running,True
1789063790,media-service,Running,True
1789063790,mongodb-sharded-configsvr,Running,True
1789063790,mongodb-sharded-mongos,Running,True
1789063790,mongodb-sharded-mongos,Running,True
1789063790,mongodb-sharded-mongos,Running,True
1789063790,mongodb-sharded-shardsvr,Running,True
1789063790,mongodb-sharded-shardsvr,Running,True
1789063790,mongodb-sharded-shardsvr,Running,True
1789063790,mongodb-sharded-shardsvr,Running,True
1789063790,mongodb-sharded-shardsvr,Running,True
1789063790,mongodb-sharded-shardsvr,Running,True
1789063790,nginx-thrift,Running,True
1789063790,nginx-thrift,Running,True
1789063790,post-storage-service,Running,True
1789063790,social-graph-redis,Running,True
1789063790,social-graph-service,Running,True
1789063790,social-network-mcrouter,Running,True
1789063790,social-network-mcrouter,Running,True
1789063790,social-network-mcrouter,Running,True
1789063790,memcached,Running,True
1789063790,memcached,Running,True
1789063790,memcached,Running,True
1789063790,memcached,Running,True
1789063790,memcached,Running,True
1789063790,memcached,Running,True
1789063790,text-service,Running,True
1789063790,unique-id-service,Running,True
1789063790,url-shorten-service,Running,True
1789063790,user-mention-service,Running,True
1789063790,user-service,Running,True
1789063790,user-timeline-redis,Running,True
1789063790,user-timeline-service,Running,True
1789063791,compose-post-service,Running,True
1789063791,home-timeline-redis,Running,True
1789063791,home-timeline-service,Running,True
1789063791,jaeger,Running,True
1789063791,media-frontend,Running,True
1789063791,media-service,Running,True
1789063791,mongodb-sharded-configsvr,Running,True
1789063791,mongodb-sharded-mongos,Running,True
1789063791,mongodb-sharded-mongos,Running,True
1789063791,mongodb-sharded-mongos,Running,True
1789063791,mongodb-sharded-shardsvr,Running,True
1789063791,mongodb-sharded-shardsvr,Running,True
1789063791,mongodb-sharded-shardsvr,Running,True
1789063791,mongodb-sharded-shardsvr,Running,True
1789063791,mongodb-sharded-shardsvr,Running,True
1789063791,mongodb-sharded-shardsvr,Running,True
1789063791,nginx-thrift,Running,True
1789063791,nginx-thrift,Running,True
1789063791,post-storage-service,Running,True
1789063791,social-graph-redis,Running,True
1789063791,social-graph-service,Running,True
1789063791,social-network-mcrouter,Running,True
1789063791,social-network-mcrouter,Running,True
1789063791,social-network-mcrouter,Running,True
1789063791,memcached,Running,True
1789063791,memcached,Running,True
1789063791,memcached,Running,True
1789063791,memcached,Running,True
1789063791,memcached,Running,True
1789063791,memcached,Running,True
1789063791,text-service,Running,True
1789063791,unique-id-service,Running,True
1789063791,url-shorten-service,Running,True
1789063791,user-mention-service,Running,True
1789063791,user-service,Running,True
1789063791,user-timeline-redis,Running,True
1789063791,user-timeline-service,Running,True
1789063792,compose-post-service,Running,True
1789063792,home-timeline-redis,Running,True
1789063792,home-timeline-service,Running,True
1789063792,jaeger,Running,True
1789063792,media-frontend,Running,True
1789063792,media-service,Running,True
1789063792,mongodb-sharded-configsvr,Running,True
1789063792,mongodb-sharded-mongos,Running,True
1789063792,mongodb-sharded-mongos,Running,True
1789063792,mongodb-sharded-mongos,Running,True
1789063792,mongodb-sharded-shardsvr,Running,True
1789063792,mongodb-sharded-shardsvr,Running,True
1789063792,mongodb-sharded-shardsvr,Running,True
1789063792,mongodb-sharded-shardsvr,Running,True
1789063792,mongodb-sharded-shardsvr,Running,True
1789063792,mongodb-sharded-shardsvr,Running,True
1789063792,nginx-thrift,Running,True
1789063792,nginx-thrift,Running,True
1789063792,post-storage-service,Running,True
1789063792,social-graph-redis,Running,True
1789063792,social-graph-service,Running,True
1789063792,social-network-mcrouter,Running,True
1789063792,social-network-mcrouter,Running,True
1789063792,social-network-mcrouter,Running,True
1789063792,memcached,Running,True
1789063792,memcached,Running,True
1789063792,memcached,Running,True
1789063792,memcached,Running,True
1789063792,memcached,Running,True
1789063792,memcached,Running,True
1789063792,text-service,Running,True
1789063792,unique-id-service,Running,True
1789063792,url-shorten-service,Running,True
1789063792,user-mention-service,Running,True
1789063792,user-service,Running,True
1789063792,user-timeline-redis,Running,True
1789063792,user-timeline-service,Running,True
1789063793,compose-post-service,Running,True
1789063793,home-timeline-redis,Running,True
1789063793,home-timeline-service,Running,True
1789063793,jaeger,Running,True
1789063793,media-frontend,Running,True
1789063793,media-service,Running,True
1789063793,mongodb-sharded-configsvr,Running,True
1789063793,mongodb-sharded-mongos,Running,True
1789063793,mongodb-sharded-mongos,Running,True
1789063793,mongodb-sharded-mongos,Running,True
1789063793,mongodb-sharded-shardsvr,Running,True
1789063793,mongodb-sharded-shardsvr,Running,True
1789063793,mongodb-sharded-shardsvr,Running,True
1789063793,mongodb-sharded-shardsvr,Running,True
1789063793,mongodb-sharded-shardsvr,Running,True
1789063793,mongodb-sharded-shardsvr,Running,True
1789063793,nginx-thrift,Running,True
1789063793,nginx-thrift,Running,True
1789063793,post-storage-service,Running,True
1789063793,social-graph-redis,Running,True
1789063793,social-graph-service,Running,True
1789063793,social-network-mcrouter,Running,True
1789063793,social-network-mcrouter,Running,True
1789063793,social-network-mcrouter,Running,True
1789063793,memcached,Running,True
1789063793,memcached,Running,True
1789063793,memcached,Running,True
1789063793,memcached,Running,True
1789063793,memcached,Running,True
1789063793,memcached,Running,True
1789063793,text-service,Running,True
1789063793,unique-id-service,Running,True
1789063793,url-shorten-service,Running,True
1789063793,user-mention-service,Running,True
1789063793,user-service,Running,True
1789063793,user-timeline-redis,Running,True
1789063793,user-timeline-service,Running,True
1789063794,compose-post-service,Running,True
1789063794,home-timeline-redis,Running,True
1789063794,home-timeline-service,Running,True
1789063794,jaeger,Running,True
1789063794,media-frontend,Running,True
1789063794,media-service,Running,True
1789063794,mongodb-sharded-configsvr,Running,True
1789063794,mongodb-sharded-mongos,Running,True
1789063794,mongodb-sharded-mongos,Running,True
1789063794,mongodb-sharded-mongos,Running,True
1789063794,mongodb-sharded-shardsvr,Running,True
1789063794,mongodb-sharded-shardsvr,Running,True
1789063794,mongodb-sharded-shardsvr,Running,True
1789063794,mongodb-sharded-shardsvr,Running,True
1789063794,mongodb-sharded-shardsvr,Running,True
1789063794,mongodb-sharded-shardsvr,Running,True
1789063794,nginx-thrift,Running,True
1789063794,nginx-thrift,Running,True
1789063794,post-storage-service,Running,True
1789063794,social-graph-redis,Running,True
1789063794,social-graph-service,Running,True
1789063794,social-network-mcrouter,Running,True
1789063794,social-network-mcrouter,Running,True
1789063794,social-network-mcrouter,Running,True
1789063794,memcached,Running,True
1789063794,memcached,Running,True
1789063794,memcached,Running,True
1789063794,memcached,Running,True
1789063794,memcached,Running,True
1789063794,memcached,Running,True
1789063794,text-service,Running,True
1789063794,unique-id-service,Running,True
1789063794,url-shorten-service,Running,True
1789063794,user-mention-service,Running,True
1789063794,user-service,Running,True
1789063794,user-timeline-redis,Running,True
1789063794,user-timeline-service,Running,True
1789063795,compose-post-service,Running,True
1789063795,home-timeline-redis,Running,True
1789063795,home-timeline-service,Running,True
1789063795,jaeger,Running,True
1789063795,media-frontend,Running,True
1789063795,media-service,Running,True
1789063795,mongodb-sharded-configsvr,Running,True
1789063795,mongodb-sharded-mongos,Running,True
1789063795,mongodb-sharded-mongos,Running,True
1789063795,mongodb-sharded-mongos,Running,True
1789063795,mongodb-sharded-shardsvr,Running,True
1789063795,mongodb-sharded-shardsvr,Running,True
1789063795,mongodb-sharded-shardsvr,Running,True
1789063795,mongodb-sharded-shardsvr,Running,True
1789063795,mongodb-sharded-shardsvr,Running,True
1789063795,mongodb-sharded-shardsvr,Running,True
1789063795,nginx-thrift,Running,True
1789063795,nginx-thrift,Running,True
1789063795,post-storage-service,Running,True
1789063795,social-graph-redis,Running,True
1789063795,social-graph-service,Running,True
1789063795,social-network-mcrouter,Running,True
1789063795,social-network-mcrouter,Running,True
1789063795,social-network-mcrouter,Running,True
1789063795,memcached,Running,True
1789063795,memcached,Running,True
1789063795,memcached,Running,True
1789063795,memcached,Running,True
1789063795,memcached,Running,True
1789063795,memcached,Running,True
1789063795,text-service,Running,True
1789063795,unique-id-service,Running,True
1789063795,url-shorten-service,Running,True
1789063795,user-mention-service,Running,True
1789063795,user-service,Running,True
1789063795,user-timeline-redis,Running,True
1789063795,user-timeline-service,Running,True
1789063796,compose-post-service,Running,True
1789063796,home-timeline-redis,Running,True
1789063796,home-timeline-service,Running,True
1789063796,jaeger,Running,True
1789063796,media-frontend,Running,True
1789063796,media-service,Running,True
1789063796,mongodb-sharded-configsvr,Running,True
1789063796,mongodb-sharded-mongos,Running,True
1789063796,mongodb-sharded-mongos,Running,True
1789063796,mongodb-sharded-mongos,Running,True
1789063796,mongodb-sharded-shardsvr,Running,True
1789063796,mongodb-sharded-shardsvr,Running,True
1789063796,mongodb-sharded-shardsvr,Running,True
1789063796,mongodb-sharded-shardsvr,Running,True
1789063796,mongodb-sharded-shardsvr,Running,True
1789063796,mongodb-sharded-shardsvr,Running,True
1789063796,nginx-thrift,Running,True
1789063796,nginx-thrift,Running,True
1789063796,post-storage-service,Running,True
1789063796,social-graph-redis,Running,True
1789063796,social-graph-service,Running,True
1789063796,social-network-mcrouter,Running,True
1789063796,social-network-mcrouter,Running,True
1789063796,social-network-mcrouter,Running,True
1789063796,memcached,Running,True
1789063796,memcached,Running,True
1789063796,memcached,Running,True
1789063796,memcached,Running,True
1789063796,memcached,Running,True
1789063796,memcached,Running,True
1789063796,text-service,Running,True
1789063796,unique-id-service,Running,True
1789063796,url-shorten-service,Running,True
1789063796,user-mention-service,Running,True
1789063796,user-service,Running,True
1789063796,user-timeline-redis,Running,True
1789063796,user-timeline-service,Running,True
1789063797,compose-post-service,Running,True
1789063797,home-timeline-redis,Running,True
1789063797,home-timeline-service,Running,True
1789063797,jaeger,Running,True
1789063797,media-frontend,Running,True
1789063797,media-service,Running,True
1789063797,mongodb-sharded-configsvr,Running,True
1789063797,mongodb-sharded-mongos,Running,True
1789063797,mongodb-sharded-mongos,Running,True
1789063797,mongodb-sharded-mongos,Running,True
1789063797,mongodb-sharded-shardsvr,Running,True
1789063797,mongodb-sharded-shardsvr,Running,True
1789063797,mongodb-sharded-shardsvr,Running,True
1789063797,mongodb-sharded-shardsvr,Running,True
1789063797,mongodb-sharded-shardsvr,Running,True
1789063797,mongodb-sharded-shardsvr,Running,True
1789063797,nginx-thrift,Running,True
1789063797,nginx-thrift,Running,True
1789063797,post-storage-service,Running,True
1789063797,social-graph-redis,Running,True
1789063797,social-graph-service,Running,True
1789063797,social-network-mcrouter,Running,True
1789063797,social-network-mcrouter,Running,True
1789063797,social-network-mcrouter,Running,True
1789063797,memcached,Running,True
1789063797,memcached,Running,True
1789063797,memcached,Running,True
1789063797,memcached,Running,True
1789063797,memcached,Running,True
1789063797,memcached,Running,True
1789063797,text-service,Running,True
1789063797,unique-id-service,Running,True
1789063797,url-shorten-service,Running,True
1789063797,user-mention-service,Running,True
1789063797,user-service,Running,True
1789063797,user-timeline-redis,Running,True
1789063797,user-timeline-service,Running,True
1789063798,compose-post-service,Running,True
1789063798,home-timeline-redis,Running,True
1789063798,home-timeline-service,Running,True
1789063798,jaeger,Running,True
1789063798,media-frontend,Running,True
1789063798,media-service,Running,True
1789063798,mongodb-sharded-configsvr,Running,True
1789063798,mongodb-sharded-mongos,Running,True
1789063798,mongodb-sharded-mongos,Running,True
1789063798,mongodb-sharded-mongos,Running,True
1789063798,mongodb-sharded-shardsvr,Running,True
1789063798,mongodb-sharded-shardsvr,Running,True
1789063798,mongodb-sharded-shardsvr,Running,True
1789063798,mongodb-sharded-shardsvr,Running,True
1789063798,mongodb-sharded-shardsvr,Running,True
1789063798,mongodb-sharded-shardsvr,Running,True
1789063798,nginx-thrift,Running,True
1789063798,nginx-thrift,Running,True
1789063798,post-storage-service,Running,True
1789063798,social-graph-redis,Running,True
1789063798,social-graph-service,Running,True
1789063798,social-network-mcrouter,Running,True
1789063798,social-network-mcrouter,Running,True
1789063798,social-network-mcrouter,Running,True
1789063798,memcached,Running,True
1789063798,memcached,Running,True
1789063798,memcached,Running,True
1789063798,memcached,Running,True
1789063798,memcached,Running,True
1789063798,memcached,Running,True
1789063798,text-service,Running,True
1789063798,unique-id-service,Running,True
1789063798,url-shorten-service,Running,True
1789063798,user-mention-service,Running,True
1789063798,user-service,Running,True
1789063798,user-timeline-redis,Running,True
1789063798,user-timeline-service,Running,True
1789063799,compose-post-service,Running,True
1789063799,home-timeline-redis,Running,True
1789063799,home-timeline-service,Running,True
1789063799,jaeger,Running,True
1789063799,media-frontend,Running,True
1789063799,media-service,Running,True
1789063799,mongodb-sharded-configsvr,Running,True
1789063799,mongodb-sharded-mongos,Running,True
1789063799,mongodb-sharded-mongos,Running,True
1789063799,mongodb-sharded-mongos,Running,True
1789063799,mongodb-sharded-shardsvr,Running,True
1789063799,mongodb-sharded-shardsvr,Running,True
1789063799,mongodb-sharded-shardsvr,Running,True
1789063799,mongodb-sharded-shardsvr,Running,True
1789063799,mongodb-sharded-shardsvr,Running,True
1789063799,mongodb-sharded-shardsvr,Running,True
1789063799,nginx-thrift,Running,True
1789063799,nginx-thrift,Running,True
1789063799,post-storage-service,Running,True
1789063799,social-graph-redis,Running,True
1789063799,social-graph-service,Running,True
1789063799,social-network-mcrouter,Running,True
1789063799,social-network-mcrouter,Running,True
1789063799,social-network-mcrouter,Running,True
1789063799,memcached,Running,True
1789063799,memcached,Running,True
1789063799,memcached,Running,True
1789063799,memcached,Running,True
1789063799,memcached,Running,True
1789063799,memcached,Running,True
1789063799,text-service,Running,True
1789063799,unique-id-service,Running,True
1789063799,url-shorten-service,Running,True
1789063799,user-mention-service,Running,True
1789063799,user-service,Running,True
1789063799,user-timeline-redis,Running,True
1789063799,user-timeline-service,Running,True
1789063800,compose-post-service,Running,True
1789063800,home-timeline-redis,Running,True
1789063800,home-timeline-service,Running,True
1789063800,jaeger,Running,True
1789063800,media-frontend,Running,True
1789063800,media-service,Running,True
1789063800,mongodb-sharded-configsvr,Running,True
1789063800,mongodb-sharded-mongos,Running,True
1789063800,mongodb-sharded-mongos,Running,True
1789063800,mongodb-sharded-mongos,Running,True
1789063800,mongodb-sharded-shardsvr,Running,True
1789063800,mongodb-sharded-shardsvr,Running,True
1789063800,mongodb-sharded-shardsvr,Running,True
1789063800,mongodb-sharded-shardsvr,Running,True
1789063800,mongodb-sharded-shardsvr,Running,True
1789063800,mongodb-sharded-shardsvr,Running,True
1789063800,nginx-thrift,Running,True
1789063800,nginx-thrift,Running,True
1789063800,post-storage-service,Running,True
1789063800,social-graph-redis,Running,True
1789063800,social-graph-service,Running,True
1789063800,social-network-mcrouter,Running,True
1789063800,social-network-mcrouter,Running,True
1789063800,social-network-mcrouter,Running,True
1789063800,memcached,Running,True
1789063800,memcached,Running,True
1789063800,memcached,Running,True
1789063800,memcached,Running,True
1789063800,memcached,Running,True
1789063800,memcached,Running,True
1789063800,text-service,Running,True
1789063800,unique-id-service,Running,True
1789063800,url-shorten-service,Running,True
1789063800,user-mention-service,Running,True
1789063800,user-service,Running,True
1789063800,user-timeline-redis,Running,True
1789063800,user-timeline-service,Running,True
1789063801,compose-post-service,Running,True
1789063801,home-timeline-redis,Running,True
1789063801,home-timeline-service,Running,True
1789063801,jaeger,Running,True
1789063801,media-frontend,Running,True
1789063801,media-service,Running,True
1789063801,mongodb-sharded-configsvr,Running,True
1789063801,mongodb-sharded-mongos,Running,True
1789063801,mongodb-sharded-mongos,Running,True
1789063801,mongodb-sharded-mongos,Running,True
1789063801,mongodb-sharded-shardsvr,Running,True
1789063801,mongodb-sharded-shardsvr,Running,True
1789063801,mongodb-sharded-shardsvr,Running,True
1789063801,mongodb-sharded-shardsvr,Running,True
1789063801,mongodb-sharded-shardsvr,Running,True
1789063801,mongodb-sharded-shardsvr,Running,True
1789063801,nginx-thrift,Running,True
1789063801,nginx-thrift,Running,True
1789063801,post-storage-service,Running,True
1789063801,social-graph-redis,Running,True
1789063801,social-graph-service,Running,True
1789063801,social-network-mcrouter,Running,True
1789063801,social-network-mcrouter,Running,True
1789063801,social-network-mcrouter,Running,True
1789063801,memcached,Running,True
1789063801,memcached,Running,True
1789063801,memcached,Running,True
1789063801,memcached,Running,True
1789063801,memcached,Running,True
1789063801,memcached,Running,True
1789063801,text-service,Running,True
1789063801,unique-id-service,Running,True
1789063801,url-shorten-service,Running,True
1789063801,user-mention-service,Running,True
1789063801,user-service,Running,True
1789063801,user-timeline-redis,Running,True
1789063801,user-timeline-service,Running,True
1789063802,compose-post-service,Running,True
1789063802,home-timeline-redis,Running,True
1789063802,home-timeline-service,Running,True
1789063802,jaeger,Running,True
1789063802,media-frontend,Running,True
1789063802,media-service,Running,True
1789063802,mongodb-sharded-configsvr,Running,True
1789063802,mongodb-sharded-mongos,Running,True
1789063802,mongodb-sharded-mongos,Running,True
1789063802,mongodb-sharded-mongos,Running,True
1789063802,mongodb-sharded-shardsvr,Running,True
1789063802,mongodb-sharded-shardsvr,Running,True
1789063802,mongodb-sharded-shardsvr,Running,True
1789063802,mongodb-sharded-shardsvr,Running,True
1789063802,mongodb-sharded-shardsvr,Running,True
1789063802,mongodb-sharded-shardsvr,Running,True
1789063802,nginx-thrift,Running,True
1789063802,nginx-thrift,Running,True
1789063802,post-storage-service,Running,True
1789063802,social-graph-redis,Running,True
1789063802,social-graph-service,Running,True
1789063802,social-network-mcrouter,Running,True
1789063802,social-network-mcrouter,Running,True
1789063802,social-network-mcrouter,Running,True
1789063802,memcached,Running,True
1789063802,memcached,Running,True
1789063802,memcached,Running,True
1789063802,memcached,Running,True
1789063802,memcached,Running,True
1789063802,memcached,Running,True
1789063802,text-service,Running,True
1789063802,unique-id-service,Running,True
1789063802,url-shorten-service,Running,True
1789063802,user-mention-service,Running,True
1789063802,user-service,Running,True
1789063802,user-timeline-redis,Running,True
1789063802,user-timeline-service,Running,True
1789063803,compose-post-service,Running,True
1789063803,home-timeline-redis,Running,True
1789063803,home-timeline-service,Running,True
1789063803,jaeger,Running,True
1789063803,media-frontend,Running,True
1789063803,media-service,Running,True
1789063803,mongodb-sharded-configsvr,Running,True
1789063803,mongodb-sharded-mongos,Running,True
1789063803,mongodb-sharded-mongos,Running,True
1789063803,mongodb-sharded-mongos,Running,True
1789063803,mongodb-sharded-shardsvr,Running,True
1789063803,mongodb-sharded-shardsvr,Running,True
1789063803,mongodb-sharded-shardsvr,Running,True
1789063803,mongodb-sharded-shardsvr,Running,True
1789063803,mongodb-sharded-shardsvr,Running,True
1789063803,mongodb-sharded-shardsvr,Running,True
1789063803,nginx-thrift,Running,True
1789063803,nginx-thrift,Running,True
1789063803,post-storage-service,Running,True
1789063803,social-graph-redis,Running,True
1789063803,social-graph-service,Running,True
1789063803,social-network-mcrouter,Running,True
1789063803,social-network-mcrouter,Running,True
1789063803,social-network-mcrouter,Running,True
1789063803,memcached,Running,True
1789063803,memcached,Running,True
1789063803,memcached,Running,True
1789063803,memcached,Running,True
1789063803,memcached,Running,True
1789063803,memcached,Running,True
1789063803,text-service,Running,True
1789063803,unique-id-service,Running,True
1789063803,url-shorten-service,Running,True
1789063803,user-mention-service,Running,True
1789063803,user-service,Running,True
1789063803,user-timeline-redis,Running,True
1789063803,user-timeline-service,Running,True
1789063804,compose-post-service,Running,True
1789063804,home-timeline-redis,Running,True
1789063804,home-timeline-service,Running,True
1789063804,jaeger,Running,True
1789063804,media-frontend,Running,True
1789063804,media-service,Running,True
1789063804,mongodb-sharded-configsvr,Running,True
1789063804,mongodb-sharded-mongos,Running,True
1789063804,mongodb-sharded-mongos,Running,True
1789063804,mongodb-sharded-mongos,Running,True
1789063804,mongodb-sharded-shardsvr,Running,True
1789063804,mongodb-sharded-shardsvr,Running,True
1789063804,mongodb-sharded-shardsvr,Running,True
1789063804,mongodb-sharded-shardsvr,Running,True
1789063804,mongodb-sharded-shardsvr,Running,True
1789063804,mongodb-sharded-shardsvr,Running,True
1789063804,nginx-thrift,Running,True
1789063804,nginx-thrift,Running,True
1789063804,post-storage-service,Running,True
1789063804,social-graph-redis,Running,True
1789063804,social-graph-service,Running,True
1789063804,social-network-mcrouter,Running,True
1789063804,social-network-mcrouter,Running,True
1789063804,social-network-mcrouter,Running,True
1789063804,memcached,Running,True
1789063804,memcached,Running,True
1789063804,memcached,Running,True
1789063804,memcached,Running,True
1789063804,memcached,Running,True
1789063804,memcached,Running,True
1789063804,text-service,Running,True
1789063804,unique-id-service,Running,True
1789063804,url-shorten-service,Running,True
1789063804,user-mention-service,Running,True
1789063804,user-service,Running,True
1789063804,user-timeline-redis,Running,True
1789063804,user-timeline-service,Running,True
1789063805,compose-post-service,Running,True
1789063805,home-timeline-redis,Running,True
1789063805,home-timeline-service,Running,True
1789063805,jaeger,Running,True
1789063805,media-frontend,Running,True
1789063805,media-service,Running,True
1789063805,mongodb-sharded-configsvr,Running,True
1789063805,mongodb-sharded-mongos,Running,True
1789063805,mongodb-sharded-mongos,Running,True
1789063805,mongodb-sharded-mongos,Running,True
1789063805,mongodb-sharded-shardsvr,Running,True
1789063805,mongodb-sharded-shardsvr,Running,True
1789063805,mongodb-sharded-shardsvr,Running,True
1789063805,mongodb-sharded-shardsvr,Running,True
1789063805,mongodb-sharded-shardsvr,Running,True
1789063805,mongodb-sharded-shardsvr,Running,True
1789063805,nginx-thrift,Running,True
1789063805,nginx-thrift,Running,True
1789063805,post-storage-service,Running,True
1789063805,social-graph-redis,Running,True
1789063805,social-graph-service,Running,True
1789063805,social-network-mcrouter,Running,True
1789063805,social-network-mcrouter,Running,True
1789063805,social-network-mcrouter,Running,True
1789063805,memcached,Running,True
1789063805,memcached,Running,True
1789063805,memcached,Running,True
1789063805,memcached,Running,True
1789063805,memcached,Running,True
1789063805,memcached,Running,True
1789063805,text-service,Running,True
1789063805,unique-id-service,Running,True
1789063805,url-shorten-service,Running,True
1789063805,user-mention-service,Running,True
1789063805,user-service,Running,True
1789063805,user-timeline-redis,Running,True
1789063805,user-timeline-service,Running,True
1789063806,compose-post-service,Running,True
1789063806,home-timeline-redis,Running,True
1789063806,home-timeline-service,Running,True
1789063806,jaeger,Running,True
1789063806,media-frontend,Running,True
1789063806,media-service,Running,True
1789063806,mongodb-sharded-configsvr,Running,True
1789063806,mongodb-sharded-mongos,Running,True
1789063806,mongodb-sharded-mongos,Running,True
1789063806,mongodb-sharded-mongos,Running,True
1789063806,mongodb-sharded-shardsvr,Running,True
1789063806,mongodb-sharded-shardsvr,Running,True
1789063806,mongodb-sharded-shardsvr,Running,True
1789063806,mongodb-sharded-shardsvr,Running,True
1789063806,mongodb-sharded-shardsvr,Running,True
1789063806,mongodb-sharded-shardsvr,Running,True
1789063806,nginx-thrift,Running,True
1789063806,nginx-thrift,Running,True
1789063806,post-storage-service,Running,True
1789063806,social-graph-redis,Running,True
1789063806,social-graph-service,Running,True
1789063806,social-network-mcrouter,Running,True
1789063806,social-network-mcrouter,Running,True
1789063806,social-network-mcrouter,Running,True
1789063806,memcached,Running,True
1789063806,memcached,Running,True
1789063806,memcached,Running,True
1789063806,memcached,Running,True
1789063806,memcached,Running,True
1789063806,memcached,Running,True
1789063806,text-service,Running,True
1789063806,unique-id-service,Running,True
1789063806,url-shorten-service,Running,True
1789063806,user-mention-service,Running,True
1789063806,user-service,Running,True
1789063806,user-timeline-redis,Running,True
1789063806,user-timeline-service,Running,True
1789063807,compose-post-service,Running,True
1789063807,home-timeline-redis,Running,True
1789063807,home-timeline-service,Running,True
1789063807,jaeger,Running,True
1789063807,media-frontend,Running,True
1789063807,media-service,Running,True
1789063807,mongodb-sharded-configsvr,Running,True
1789063807,mongodb-sharded-mongos,Running,True
1789063807,mongodb-sharded-mongos,Running,True
1789063807,mongodb-sharded-mongos,Running,True
1789063807,mongodb-sharded-shardsvr,Running,True
1789063807,mongodb-sharded-shardsvr,Running,True
1789063807,mongodb-sharded-shardsvr,Running,True
1789063807,mongodb-sharded-shardsvr,Running,True
1789063807,mongodb-sharded-shardsvr,Running,True
1789063807,mongodb-sharded-shardsvr,Running,True
1789063807,nginx-thrift,Running,True
1789063807,nginx-thrift,Running,True
1789063807,post-storage-service,Running,True
1789063807,social-graph-redis,Running,True
1789063807,social-graph-service,Running,True
1789063807,social-network-mcrouter,Running,True
1789063807,social-network-mcrouter,Running,True
1789063807,social-network-mcrouter,Running,True
1789063807,memcached,Running,True
1789063807,memcached,Running,True
1789063807,memcached,Running,True
1789063807,memcached,Running,True
1789063807,memcached,Running,True
1789063807,memcached,Running,True
1789063807,text-service,Running,True
1789063807,unique-id-service,Running,True
1789063807,url-shorten-service,Running,True
1789063807,user-mention-service,Running,True
1789063807,user-service,Running,True
1789063807,user-timeline-redis,Running,True
1789063807,user-timeline-service,Running,True
1789063808,compose-post-service,Running,True
1789063808,home-timeline-redis,Running,True
1789063808,home-timeline-service,Running,True
1789063808,jaeger,Running,True
1789063808,media-frontend,Running,True
1789063808,media-service,Running,True
1789063808,mongodb-sharded-configsvr,Running,True
1789063808,mongodb-sharded-mongos,Running,True
1789063808,mongodb-sharded-mongos,Running,True
1789063808,mongodb-sharded-mongos,Running,True
1789063808,mongodb-sharded-shardsvr,Running,True
1789063808,mongodb-sharded-shardsvr,Running,True
1789063808,mongodb-sharded-shardsvr,Running,True
1789063808,mongodb-sharded-shardsvr,Running,True
1789063808,mongodb-sharded-shardsvr,Running,True
1789063808,mongodb-sharded-shardsvr,Running,True
1789063808,nginx-thrift,Running,True
1789063808,nginx-thrift,Running,True
1789063808,post-storage-service,Running,True
1789063808,social-graph-redis,Running,True
1789063808,social-graph-service,Running,True
1789063808,social-network-mcrouter,Running,True
1789063808,social-network-mcrouter,Running,True
1789063808,social-network-mcrouter,Running,True
1789063808,memcached,Running,True
1789063808,memcached,Running,True
1789063808,memcached,Running,True
1789063808,memcached,Running,True
1789063808,memcached,Running,True
1789063808,memcached,Running,True
1789063808,text-service,Running,True
1789063808,unique-id-service,Running,True
1789063808,url-shorten-service,Running,True
1789063808,user-mention-service,Running,True
1789063808,user-service,Running,True
1789063808,user-timeline-redis,Running,True
1789063808,user-timeline-service,Running,True
1789063809,compose-post-service,Running,True
1789063809,home-timeline-redis,Running,True
1789063809,home-timeline-service,Running,True
1789063809,jaeger,Running,True
1789063809,media-frontend,Running,True
1789063809,media-service,Running,True
1789063809,mongodb-sharded-configsvr,Running,True
1789063809,mongodb-sharded-mongos,Running,True
1789063809,mongodb-sharded-mongos,Running,True
1789063809,mongodb-sharded-mongos,Running,True
1789063809,mongodb-sharded-shardsvr,Running,True
1789063809,mongodb-sharded-shardsvr,Running,True
1789063809,mongodb-sharded-shardsvr,Running,True
1789063809,mongodb-sharded-shardsvr,Running,True
1789063809,mongodb-sharded-shardsvr,Running,True
1789063809,mongodb-sharded-shardsvr,Running,True
1789063809,nginx-thrift,Running,True
1789063809,nginx-thrift,Running,True
1789063809,post-storage-service,Running,True
1789063809,social-graph-redis,Running,True
1789063809,social-graph-service,Running,True
1789063809,social-network-mcrouter,Running,True
1789063809,social-network-mcrouter,Running,True
1789063809,social-network-mcrouter,Running,True
1789063809,memcached,Running,True
1789063809,memcached,Running,True
1789063809,memcached,Running,True
1789063809,memcached,Running,True
1789063809,memcached,Running,True
1789063809,memcached,Running,True
1789063809,text-service,Running,True
1789063809,unique-id-service,Running,True
1789063809,url-shorten-service,Running,True
1789063809,user-mention-service,Running,True
1789063809,user-service,Running,True
1789063809,user-timeline-redis,Running,True
1789063809,user-timeline-service,Running,True
1789063810,compose-post-service,Running,True
1789063810,home-timeline-redis,Running,True
1789063810,home-timeline-service,Running,True
1789063810,jaeger,Running,True
1789063810,media-frontend,Running,True
1789063810,media-service,Running,True
1789063810,mongodb-sharded-configsvr,Running,True
1789063810,mongodb-sharded-mongos,Running,True
1789063810,mongodb-sharded-mongos,Running,True
1789063810,mongodb-sharded-mongos,Running,True
1789063810,mongodb-sharded-shardsvr,Running,True
1789063810,mongodb-sharded-shardsvr,Running,True
1789063810,mongodb-sharded-shardsvr,Running,True
1789063810,mongodb-sharded-shardsvr,Running,True
1789063810,mongodb-sharded-shardsvr,Running,True
1789063810,mongodb-sharded-shardsvr,Running,True
1789063810,nginx-thrift,Running,True
1789063810,nginx-thrift,Running,True
1789063810,post-storage-service,Running,True
1789063810,social-graph-redis,Running,True
1789063810,social-graph-service,Running,True
1789063810,social-network-mcrouter,Running,True
1789063810,social-network-mcrouter,Running,True
1789063810,social-network-mcrouter,Running,True
1789063810,memcached,Running,True
1789063810,memcached,Running,True
1789063810,memcached,Running,True
1789063810,memcached,Running,True
1789063810,memcached,Running,True
1789063810,memcached,Running,True
1789063810,text-service,Running,True
1789063810,unique-id-service,Running,True
1789063810,url-shorten-service,Running,True
1789063810,user-mention-service,Running,True
1789063810,user-service,Running,True
1789063810,user-timeline-redis,Running,True
1789063810,user-timeline-service,Running,True
1789063811,compose-post-service,Running,True
1789063811,home-timeline-redis,Running,True
1789063811,home-timeline-service,Running,True
1789063811,jaeger,Running,True
1789063811,media-frontend,Running,True
1789063811,media-service,Running,True
1789063811,mongodb-sharded-configsvr,Running,True
1789063811,mongodb-sharded-mongos,Running,True
1789063811,mongodb-sharded-mongos,Running,True
1789063811,mongodb-sharded-mongos,Running,True
1789063811,mongodb-sharded-shardsvr,Running,True
1789063811,mongodb-sharded-shardsvr,Running,True
1789063811,mongodb-sharded-shardsvr,Running,True
1789063811,mongodb-sharded-shardsvr,Running,True
1789063811,mongodb-sharded-shardsvr,Running,True
1789063811,mongodb-sharded-shardsvr,Running,True
1789063811,nginx-thrift,Running,True
1789063811,nginx-thrift,Running,True
1789063811,post-storage-service,Running,True
1789063811,social-graph-redis,Running,True
1789063811,social-graph-service,Running,True
1789063811,social-network-mcrouter,Running,True
1789063811,social-network-mcrouter,Running,True
1789063811,social-network-mcrouter,Running,True
1789063811,memcached,Running,True
1789063811,memcached,Running,True
1789063811,memcached,Running,True
1789063811,memcached,Running,True
1789063811,memcached,Running,True
1789063811,memcached,Running,True
1789063811,text-service,Running,True
1789063811,unique-id-service,Running,True
1789063811,url-shorten-service,Running,True
1789063811,user-mention-service,Running,True
1789063811,user-service,Running,True
1789063811,user-timeline-redis,Running,True
1789063811,user-timeline-service,Running,True
1789063812,compose-post-service,Running,True
1789063812,home-timeline-redis,Running,True
1789063812,home-timeline-service,Running,True
1789063812,jaeger,Running,True
1789063812,media-frontend,Running,True
1789063812,media-service,Running,True
1789063812,mongodb-sharded-configsvr,Running,True
1789063812,mongodb-sharded-mongos,Running,True
1789063812,mongodb-sharded-mongos,Running,True
1789063812,mongodb-sharded-mongos,Running,True
1789063812,mongodb-sharded-shardsvr,Running,True
1789063812,mongodb-sharded-shardsvr,Running,True
1789063812,mongodb-sharded-shardsvr,Running,True
1789063812,mongodb-sharded-shardsvr,Running,True
1789063812,mongodb-sharded-shardsvr,Running,True
1789063812,mongodb-sharded-shardsvr,Running,True
1789063812,nginx-thrift,Running,True
1789063812,nginx-thrift,Running,True
1789063812,post-storage-service,Running,True
1789063812,social-graph-redis,Running,True
1789063812,social-graph-service,Running,True
1789063812,social-network-mcrouter,Running,True
1789063812,social-network-mcrouter,Running,True
1789063812,social-network-mcrouter,Running,True
1789063812,memcached,Running,True
1789063812,memcached,Running,True
1789063812,memcached,Running,True
1789063812,memcached,Running,True
1789063812,memcached,Running,True
1789063812,memcached,Running,True
1789063812,text-service,Running,True
1789063812,unique-id-service,Running,True
1789063812,url-shorten-service,Running,True
1789063812,user-mention-service,Running,True
1789063812,user-service,Running,True
1789063812,user-timeline-redis,Running,True
1789063812,user-timeline-service,Running,True
1789063813,compose-post-service,Running,True
1789063813,home-timeline-redis,Running,True
1789063813,home-timeline-service,Running,True
1789063813,jaeger,Running,True
1789063813,media-frontend,Running,True
1789063813,media-service,Running,True
1789063813,mongodb-sharded-configsvr,Running,True
1789063813,mongodb-sharded-mongos,Running,True
1789063813,mongodb-sharded-mongos,Running,True
1789063813,mongodb-sharded-mongos,Running,True
1789063813,mongodb-sharded-shardsvr,Running,True
1789063813,mongodb-sharded-shardsvr,Running,True
1789063813,mongodb-sharded-shardsvr,Running,True
1789063813,mongodb-sharded-shardsvr,Running,True
1789063813,mongodb-sharded-shardsvr,Running,True
1789063813,mongodb-sharded-shardsvr,Running,True
1789063813,nginx-thrift,Running,True
1789063813,nginx-thrift,Running,True
1789063813,post-storage-service,Running,True
1789063813,social-graph-redis,Running,True
1789063813,social-graph-service,Running,True
1789063813,social-network-mcrouter,Running,True
1789063813,social-network-mcrouter,Running,True
1789063813,social-network-mcrouter,Running,True
1789063813,memcached,Running,True
1789063813,memcached,Running,True
1789063813,memcached,Running,True
1789063813,memcached,Running,True
1789063813,memcached,Running,True
1789063813,memcached,Running,True
1789063813,text-service,Running,True
1789063813,unique-id-service,Running,True
1789063813,url-shorten-service,Running,True
1789063813,user-mention-service,Running,True
1789063813,user-service,Running,True
1789063813,user-timeline-redis,Running,True
1789063813,user-timeline-service,Running,True
1789063814,compose-post-service,Running,True
1789063814,home-timeline-redis,Running,True
1789063814,home-timeline-service,Running,True
1789063814,jaeger,Running,True
1789063814,media-frontend,Running,True
1789063814,media-service,Running,True
1789063814,mongodb-sharded-configsvr,Running,True
1789063814,mongodb-sharded-mongos,Running,True
1789063814,mongodb-sharded-mongos,Running,True
1789063814,mongodb-sharded-mongos,Running,True
1789063814,mongodb-sharded-shardsvr,Running,True
1789063814,mongodb-sharded-shardsvr,Running,True
1789063814,mongodb-sharded-shardsvr,Running,True
1789063814,mongodb-sharded-shardsvr,Running,True
1789063814,mongodb-sharded-shardsvr,Running,True
1789063814,mongodb-sharded-shardsvr,Running,True
1789063814,nginx-thrift,Running,True
1789063814,nginx-thrift,Running,True
1789063814,post-storage-service,Running,True
1789063814,social-graph-redis,Running,True
1789063814,social-graph-service,Running,True
1789063814,social-network-mcrouter,Running,True
1789063814,social-network-mcrouter,Running,True
1789063814,social-network-mcrouter,Running,True
1789063814,memcached,Running,True
1789063814,memcached,Running,True
1789063814,memcached,Running,True
1789063814,memcached,Running,True
1789063814,memcached,Running,True
1789063814,memcached,Running,True
1789063814,text-service,Running,True
1789063814,unique-id-service,Running,True
1789063814,url-shorten-service,Running,True
1789063814,user-mention-service,Running,True
1789063814,user-service,Running,True
1789063814,user-timeline-redis,Running,True
1789063814,user-timeline-service,Running,True
1789063815,compose-post-service,Running,True
1789063815,home-timeline-redis,Running,True
1789063815,home-timeline-service,Running,True
1789063815,jaeger,Running,True
1789063815,media-frontend,Running,True
1789063815,media-service,Running,True
1789063815,mongodb-sharded-configsvr,Running,True
1789063815,mongodb-sharded-mongos,Running,True
1789063815,mongodb-sharded-mongos,Running,True
1789063815,mongodb-sharded-mongos,Running,True
1789063815,mongodb-sharded-shardsvr,Running,True
1789063815,mongodb-sharded-shardsvr,Running,True
1789063815,mongodb-sharded-shardsvr,Running,True
1789063815,mongodb-sharded-shardsvr,Running,True
1789063815,mongodb-sharded-shardsvr,Running,True
1789063815,mongodb-sharded-shardsvr,Running,True
1789063815,nginx-thrift,Running,True
1789063815,nginx-thrift,Running,True
1789063815,post-storage-service,Running,True
1789063815,social-graph-redis,Running,True
1789063815,social-graph-service,Running,True
1789063815,social-network-mcrouter,Running,True
1789063815,social-network-mcrouter,Running,True
1789063815,social-network-mcrouter,Running,True
1789063815,memcached,Running,True
1789063815,memcached,Running,True
1789063815,memcached,Running,True
1789063815,memcached,Running,True
1789063815,memcached,Running,True
1789063815,memcached,Running,True
1789063815,text-service,Running,True
1789063815,unique-id-service,Running,True
1789063815,url-shorten-service,Running,True
1789063815,user-mention-service,Running,True
1789063815,user-service,Running,True
1789063815,user-timeline-redis,Running,True
1789063815,user-timeline-service,Running,True
1789063816,compose-post-service,Running,True
1789063816,home-timeline-redis,Running,True
1789063816,home-timeline-service,Running,True
1789063816,jaeger,Running,True
1789063816,media-frontend,Running,True
1789063816,media-service,Running,True
1789063816,mongodb-sharded-configsvr,Running,True
1789063816,mongodb-sharded-mongos,Running,True
1789063816,mongodb-sharded-mongos,Running,True
1789063816,mongodb-sharded-mongos,Running,True
1789063816,mongodb-sharded-shardsvr,Running,True
1789063816,mongodb-sharded-shardsvr,Running,True
1789063816,mongodb-sharded-shardsvr,Running,True
1789063816,mongodb-sharded-shardsvr,Running,True
1789063816,mongodb-sharded-shardsvr,Running,True
1789063816,mongodb-sharded-shardsvr,Running,True
1789063816,nginx-thrift,Running,True
1789063816,nginx-thrift,Running,True
1789063816,post-storage-service,Running,True
1789063816,social-graph-redis,Running,True
1789063816,social-graph-service,Running,True
1789063816,social-network-mcrouter,Running,True
1789063816,social-network-mcrouter,Running,True
1789063816,social-network-mcrouter,Running,True
1789063816,memcached,Running,True
1789063816,memcached,Running,True
1789063816,memcached,Running,True
1789063816,memcached,Running,True
1789063816,memcached,Running,True
1789063816,memcached,Running,True
1789063816,text-service,Running,True
1789063816,unique-id-service,Running,True
1789063816,url-shorten-service,Running,True
1789063816,user-mention-service,Running,True
1789063816,user-service,Running,True
1789063816,user-timeline-redis,Running,True
1789063816,user-timeline-service,Running,True
1789063817,compose-post-service,Running,True
1789063817,home-timeline-redis,Running,True
1789063817,home-timeline-service,Running,True
1789063817,jaeger,Running,True
1789063817,media-frontend,Running,True
1789063817,media-service,Running,True
1789063817,mongodb-sharded-configsvr,Running,True
1789063817,mongodb-sharded-mongos,Running,True
1789063817,mongodb-sharded-mongos,Running,True
1789063817,mongodb-sharded-mongos,Running,True
1789063817,mongodb-sharded-shardsvr,Running,True
1789063817,mongodb-sharded-shardsvr,Running,True
1789063817,mongodb-sharded-shardsvr,Running,True
1789063817,mongodb-sharded-shardsvr,Running,True
1789063817,mongodb-sharded-shardsvr,Running,True
1789063817,mongodb-sharded-shardsvr,Running,True
1789063817,nginx-thrift,Running,True
1789063817,nginx-thrift,Running,True
1789063817,post-storage-service,Running,True
1789063817,social-graph-redis,Running,True
1789063817,social-graph-service,Running,True
1789063817,social-network-mcrouter,Running,True
1789063817,social-network-mcrouter,Running,True
1789063817,social-network-mcrouter,Running,True
1789063817,memcached,Running,True
1789063817,memcached,Running,True
1789063817,memcached,Running,True
1789063817,memcached,Running,True
1789063817,memcached,Running,True
1789063817,memcached,Running,True
1789063817,text-service,Running,True
1789063817,unique-id-service,Running,True
1789063817,url-shorten-service,Running,True
1789063817,user-mention-service,Running,True
1789063817,user-service,Running,True
1789063817,user-timeline-redis,Running,True
1789063817,user-timeline-service,Running,True
1789063818,compose-post-service,Running,True
1789063818,home-timeline-redis,Running,True
1789063818,home-timeline-service,Running,True
1789063818,jaeger,Running,True
1789063818,media-frontend,Running,True
1789063818,media-service,Running,True
1789063818,mongodb-sharded-configsvr,Running,True
1789063818,mongodb-sharded-mongos,Running,True
1789063818,mongodb-sharded-mongos,Running,True
1789063818,mongodb-sharded-mongos,Running,True
1789063818,mongodb-sharded-shardsvr,Running,True
1789063818,mongodb-sharded-shardsvr,Running,True
1789063818,mongodb-sharded-shardsvr,Running,True
1789063818,mongodb-sharded-shardsvr,Running,True
1789063818,mongodb-sharded-shardsvr,Running,True
1789063818,mongodb-sharded-shardsvr,Running,True
1789063818,nginx-thrift,Running,True
1789063818,nginx-thrift,Running,True
1789063818,post-storage-service,Running,True
1789063818,social-graph-redis,Running,True
1789063818,social-graph-service,Running,True
1789063818,social-network-mcrouter,Running,True
1789063818,social-network-mcrouter,Running,True
1789063818,social-network-mcrouter,Running,True
1789063818,memcached,Running,True
1789063818,memcached,Running,True
1789063818,memcached,Running,True
1789063818,memcached,Running,True
1789063818,memcached,Running,True
1789063818,memcached,Running,True
1789063818,text-service,Running,True
1789063818,unique-id-service,Running,True
1789063818,url-shorten-service,Running,True
1789063818,user-mention-service,Running,True
1789063818,user-service,Running,True
1789063818,user-timeline-redis,Running,True
1789063818,user-timeline-service,Running,True
1789063819,compose-post-service,Running,True
1789063819,home-timeline-redis,Running,True
1789063819,home-timeline-service,Running,True
1789063819,jaeger,Running,True
1789063819,media-frontend,Running,True
1789063819,media-service,Running,True
1789063819,mongodb-sharded-configsvr,Running,True
1789063819,mongodb-sharded-mongos,Running,True
1789063819,mongodb-sharded-mongos,Running,True
1789063819,mongodb-sharded-mongos,Running,True
1789063819,mongodb-sharded-shardsvr,Running,True
1789063819,mongodb-sharded-shardsvr,Running,True
1789063819,mongodb-sharded-shardsvr,Running,True
1789063819,mongodb-sharded-shardsvr,Running,True
1789063819,mongodb-sharded-shardsvr,Running,True
1789063819,mongodb-sharded-shardsvr,Running,True
1789063819,nginx-thrift,Running,True
1789063819,nginx-thrift,Running,True
1789063819,post-storage-service,Running,True
1789063819,social-graph-redis,Running,True
1789063819,social-graph-service,Running,True
1789063819,social-network-mcrouter,Running,True
1789063819,social-network-mcrouter,Running,True
1789063819,social-network-mcrouter,Running,True
1789063819,memcached,Running,True
1789063819,memcached,Running,True
1789063819,memcached,Running,True
1789063819,memcached,Running,True
1789063819,memcached,Running,True
1789063819,memcached,Running,True
1789063819,text-service,Running,True
1789063819,unique-id-service,Running,True
1789063819,url-shorten-service,Running,True
1789063819,user-mention-service,Running,True
1789063819,user-service,Running,True
1789063819,user-timeline-redis,Running,True
1789063819,user-timeline-service,Running,True
1789063820,compose-post-service,Running,True
1789063820,home-timeline-redis,Running,True
1789063820,home-timeline-service,Running,True
1789063820,jaeger,Running,True
1789063820,media-frontend,Running,True
1789063820,media-service,Running,True
1789063820,mongodb-sharded-configsvr,Running,True
1789063820,mongodb-sharded-mongos,Running,True
1789063820,mongodb-sharded-mongos,Running,True
1789063820,mongodb-sharded-mongos,Running,True
1789063820,mongodb-sharded-shardsvr,Running,True
1789063820,mongodb-sharded-shardsvr,Running,True
1789063820,mongodb-sharded-shardsvr,Running,True
1789063820,mongodb-sharded-shardsvr,Running,True
1789063820,mongodb-sharded-shardsvr,Running,True
1789063820,mongodb-sharded-shardsvr,Running,True
1789063820,nginx-thrift,Running,True
1789063820,nginx-thrift,Running,True
1789063820,post-storage-service,Running,True
1789063820,social-graph-redis,Running,True
1789063820,social-graph-service,Running,True
1789063820,social-network-mcrouter,Running,True
1789063820,social-network-mcrouter,Running,True
1789063820,social-network-mcrouter,Running,True
1789063820,memcached,Running,True
1789063820,memcached,Running,True
1789063820,memcached,Running,True
1789063820,memcached,Running,True
1789063820,memcached,Running,True
1789063820,memcached,Running,True
1789063820,text-service,Running,True
1789063820,unique-id-service,Running,True
1789063820,url-shorten-service,Running,True
1789063820,user-mention-service,Running,True
1789063820,user-service,Running,True
1789063820,user-timeline-redis,Running,True
1789063820,user-timeline-service,Running,True
1789063821,compose-post-service,Running,True
1789063821,home-timeline-redis,Running,True
1789063821,home-timeline-service,Running,True
1789063821,jaeger,Running,True
1789063821,media-frontend,Running,True
1789063821,media-service,Running,True
1789063821,mongodb-sharded-configsvr,Running,True
1789063821,mongodb-sharded-mongos,Running,True
1789063821,mongodb-sharded-mongos,Running,True
1789063821,mongodb-sharded-mongos,Running,True
1789063821,mongodb-sharded-shardsvr,Running,True
1789063821,mongodb-sharded-shardsvr,Running,True
1789063821,mongodb-sharded-shardsvr,Running,True
1789063821,mongodb-sharded-shardsvr,Running,True
1789063821,mongodb-sharded-shardsvr,Running,True
1789063821,mongodb-sharded-shardsvr,Running,True
1789063821,nginx-thrift,Running,True
1789063821,nginx-thrift,Running,True
1789063821,post-storage-service,Running,True
1789063821,social-graph-redis,Running,True
1789063821,social-graph-service,Running,True
1789063821,social-network-mcrouter,Running,True
1789063821,social-network-mcrouter,Running,True
1789063821,social-network-mcrouter,Running,True
1789063821,memcached,Running,True
1789063821,memcached,Running,True
1789063821,memcached,Running,True
1789063821,memcached,Running,True
1789063821,memcached,Running,True
1789063821,memcached,Running,True
1789063821,text-service,Running,True
1789063821,unique-id-service,Running,True
1789063821,url-shorten-service,Running,True
1789063821,user-mention-service,Running,True
1789063821,user-service,Running,True
1789063821,user-timeline-redis,Running,True
1789063821,user-timeline-service,Running,True
1789063822,compose-post-service,Running,True
1789063822,home-timeline-redis,Running,True
1789063822,home-timeline-service,Running,True
1789063822,jaeger,Running,True
1789063822,media-frontend,Running,True
1789063822,media-service,Running,True
1789063822,mongodb-sharded-configsvr,Running,True
1789063822,mongodb-sharded-mongos,Running,True
1789063822,mongodb-sharded-mongos,Running,True
1789063822,mongodb-sharded-mongos,Running,True
1789063822,mongodb-sharded-shardsvr,Running,True
1789063822,mongodb-sharded-shardsvr,Running,True
1789063822,mongodb-sharded-shardsvr,Running,True
1789063822,mongodb-sharded-shardsvr,Running,True
1789063822,mongodb-sharded-shardsvr,Running,True
1789063822,mongodb-sharded-shardsvr,Running,True
1789063822,nginx-thrift,Running,True
1789063822,nginx-thrift,Running,True
1789063822,post-storage-service,Running,True
1789063822,social-graph-redis,Running,True
1789063822,social-graph-service,Running,True
1789063822,social-network-mcrouter,Running,True
1789063822,social-network-mcrouter,Running,True
1789063822,social-network-mcrouter,Running,True
1789063822,memcached,Running,True
1789063822,memcached,Running,True
1789063822,memcached,Running,True
1789063822,memcached,Running,True
1789063822,memcached,Running,True
1789063822,memcached,Running,True
1789063822,text-service,Running,True
1789063822,unique-id-service,Running,True
1789063822,url-shorten-service,Running,True
1789063822,user-mention-service,Running,True
1789063822,user-service,Running,True
1789063822,user-timeline-redis,Running,True
1789063822,user-timeline-service,Running,True
1789063823,compose-post-service,Running,True
1789063823,home-timeline-redis,Running,True
1789063823,home-timeline-service,Running,True
1789063823,jaeger,Running,True
1789063823,media-frontend,Running,True
1789063823,media-service,Running,True
1789063823,mongodb-sharded-configsvr,Running,True
1789063823,mongodb-sharded-mongos,Running,True
1789063823,mongodb-sharded-mongos,Running,True
1789063823,mongodb-sharded-mongos,Running,True
1789063823,mongodb-sharded-shardsvr,Running,True
1789063823,mongodb-sharded-shardsvr,Running,True
1789063823,mongodb-sharded-shardsvr,Running,True
1789063823,mongodb-sharded-shardsvr,Running,True
1789063823,mongodb-sharded-shardsvr,Running,True
1789063823,mongodb-sharded-shardsvr,Running,True
1789063823,nginx-thrift,Running,True
1789063823,nginx-thrift,Running,True
1789063823,post-storage-service,Running,True
1789063823,social-graph-redis,Running,True
1789063823,social-graph-service,Running,True
1789063823,social-network-mcrouter,Running,True
1789063823,social-network-mcrouter,Running,True
1789063823,social-network-mcrouter,Running,True
1789063823,memcached,Running,True
1789063823,memcached,Running,True
1789063823,memcached,Running,True
1789063823,memcached,Running,True
1789063823,memcached,Running,True
1789063823,memcached,Running,True
1789063823,text-service,Running,True
1789063823,unique-id-service,Running,True
1789063823,url-shorten-service,Running,True
1789063823,user-mention-service,Running,True
1789063823,user-service,Running,True
1789063823,user-timeline-redis,Running,True
1789063823,user-timeline-service,Running,True
1789063824,compose-post-service,Running,True
1789063824,home-timeline-redis,Running,True
1789063824,home-timeline-service,Running,True
1789063824,jaeger,Running,True
1789063824,media-frontend,Running,True
1789063824,media-service,Running,True
1789063824,mongodb-sharded-configsvr,Running,True
1789063824,mongodb-sharded-mongos,Running,True
1789063824,mongodb-sharded-mongos,Running,True
1789063824,mongodb-sharded-mongos,Running,True
1789063824,mongodb-sharded-shardsvr,Running,True
1789063824,mongodb-sharded-shardsvr,Running,True
1789063824,mongodb-sharded-shardsvr,Running,True
1789063824,mongodb-sharded-shardsvr,Running,True
1789063824,mongodb-sharded-shardsvr,Running,True
1789063824,mongodb-sharded-shardsvr,Running,True
1789063824,nginx-thrift,Running,True
1789063824,nginx-thrift,Running,True
1789063824,post-storage-service,Running,True
1789063824,social-graph-redis,Running,True
1789063824,social-graph-service,Running,True
1789063824,social-network-mcrouter,Running,True
1789063824,social-network-mcrouter,Running,True
1789063824,social-network-mcrouter,Running,True
1789063824,memcached,Running,True
1789063824,memcached,Running,True
1789063824,memcached,Running,True
1789063824,memcached,Running,True
1789063824,memcached,Running,True
1789063824,memcached,Running,True
1789063824,text-service,Running,True
1789063824,unique-id-service,Running,True
1789063824,url-shorten-service,Running,True
1789063824,user-mention-service,Running,True
1789063824,user-service,Running,True
1789063824,user-timeline-redis,Running,True
1789063824,user-timeline-service,Running,True
1789063825,compose-post-service,Running,True
1789063825,home-timeline-redis,Running,True
1789063825,home-timeline-service,Running,True
1789063825,jaeger,Running,True
1789063825,media-frontend,Running,True
1789063825,media-service,Running,True
1789063825,mongodb-sharded-configsvr,Running,True
1789063825,mongodb-sharded-mongos,Running,True
1789063825,mongodb-sharded-mongos,Running,True
1789063825,mongodb-sharded-mongos,Running,True
1789063825,mongodb-sharded-shardsvr,Running,True
1789063825,mongodb-sharded-shardsvr,Running,True
1789063825,mongodb-sharded-shardsvr,Running,True
1789063825,mongodb-sharded-shardsvr,Running,True
1789063825,mongodb-sharded-shardsvr,Running,True
1789063825,mongodb-sharded-shardsvr,Running,True
1789063825,nginx-thrift,Running,True
1789063825,nginx-thrift,Running,True
1789063825,post-storage-service,Running,True
1789063825,social-graph-redis,Running,True
1789063825,social-graph-service,Running,True
1789063825,social-network-mcrouter,Running,True
1789063825,social-network-mcrouter,Running,True
1789063825,social-network-mcrouter,Running,True
1789063825,memcached,Running,True
1789063825,memcached,Running,True
1789063825,memcached,Running,True
1789063825,memcached,Running,True
1789063825,memcached,Running,True
1789063825,memcached,Running,True
1789063825,text-service,Running,True
1789063825,unique-id-service,Running,True
1789063825,url-shorten-service,Running,True
1789063825,user-mention-service,Running,True
1789063825,user-service,Running,True
1789063825,user-timeline-redis,Running,True
1789063825,user-timeline-service,Running,True
1789063826,compose-post-service,Running,True
1789063826,home-timeline-redis,Running,True
1789063826,home-timeline-service,Running,True
1789063826,jaeger,Running,True
1789063826,media-frontend,Running,True
1789063826,media-service,Running,True
1789063826,mongodb-sharded-configsvr,Running,True
1789063826,mongodb-sharded-mongos,Running,True
1789063826,mongodb-sharded-mongos,Running,True
1789063826,mongodb-sharded-mongos,Running,True
1789063826,mongodb-sharded-shardsvr,Running,True
1789063826,mongodb-sharded-shardsvr,Running,True
1789063826,mongodb-sharded-shardsvr,Running,True
1789063826,mongodb-sharded-shardsvr,Running,True
1789063826,mongodb-sharded-shardsvr,Running,True
1789063826,mongodb-sharded-shardsvr,Running,True
1789063826,nginx-thrift,Running,True
1789063826,nginx-thrift,Running,True
1789063826,post-storage-service,Running,True
1789063826,social-graph-redis,Running,True
1789063826,social-graph-service,Running,True
1789063826,social-network-mcrouter,Running,True
1789063826,social-network-mcrouter,Running,True
1789063826,social-network-mcrouter,Running,True
1789063826,memcached,Running,True
1789063826,memcached,Running,True
1789063826,memcached,Running,True
1789063826,memcached,Running,True
1789063826,memcached,Running,True
1789063826,memcached,Running,True
1789063826,text-service,Running,True
1789063826,unique-id-service,Running,True
1789063826,url-shorten-service,Running,True
1789063826,user-mention-service,Running,True
1789063826,user-service,Running,True
1789063826,user-timeline-redis,Running,True
1789063826,user-timeline-service,Running,True
1789063827,compose-post-service,Running,True
1789063827,home-timeline-redis,Running,True
1789063827,home-timeline-service,Running,True
1789063827,jaeger,Running,True
1789063827,media-frontend,Running,True
1789063827,media-service,Running,True
1789063827,mongodb-sharded-configsvr,Running,True
1789063827,mongodb-sharded-mongos,Running,True
1789063827,mongodb-sharded-mongos,Running,True
1789063827,mongodb-sharded-mongos,Running,True
1789063827,mongodb-sharded-shardsvr,Running,True
1789063827,mongodb-sharded-shardsvr,Running,True
1789063827,mongodb-sharded-shardsvr,Running,True
1789063827,mongodb-sharded-shardsvr,Running,True
1789063827,mongodb-sharded-shardsvr,Running,True
1789063827,mongodb-sharded-shardsvr,Running,True
1789063827,nginx-thrift,Running,True
1789063827,nginx-thrift,Running,True
1789063827,post-storage-service,Running,True
1789063827,social-graph-redis,Running,True
1789063827,social-graph-service,Running,True
1789063827,social-network-mcrouter,Running,True
1789063827,social-network-mcrouter,Running,True
1789063827,social-network-mcrouter,Running,True
1789063827,memcached,Running,True
1789063827,memcached,Running,True
1789063827,memcached,Running,True
1789063827,memcached,Running,True
1789063827,memcached,Running,True
1789063827,memcached,Running,True
1789063827,text-service,Running,True
1789063827,unique-id-service,Running,True
1789063827,url-shorten-service,Running,True
1789063827,user-mention-service,Running,True
1789063827,user-service,Running,True
1789063827,user-timeline-redis,Running,True
1789063827,user-timeline-service,Running,True
1789063828,compose-post-service,Running,True
1789063828,home-timeline-redis,Running,True
1789063828,home-timeline-service,Running,True
1789063828,jaeger,Running,True
1789063828,media-frontend,Running,True
1789063828,media-service,Running,True
1789063828,mongodb-sharded-configsvr,Running,True
1789063828,mongodb-sharded-mongos,Running,True
1789063828,mongodb-sharded-mongos,Running,True
1789063828,mongodb-sharded-mongos,Running,True
1789063828,mongodb-sharded-shardsvr,Running,True
1789063828,mongodb-sharded-shardsvr,Running,True
1789063828,mongodb-sharded-shardsvr,Running,True
1789063828,mongodb-sharded-shardsvr,Running,True
1789063828,mongodb-sharded-shardsvr,Running,True
1789063828,mongodb-sharded-shardsvr,Running,True
1789063828,nginx-thrift,Running,True
1789063828,nginx-thrift,Running,True
1789063828,post-storage-service,Running,True
1789063828,social-graph-redis,Running,True
1789063828,social-graph-service,Running,True
1789063828,social-network-mcrouter,Running,True
1789063828,social-network-mcrouter,Running,True
1789063828,social-network-mcrouter,Running,True
1789063828,memcached,Running,True
1789063828,memcached,Running,True
1789063828,memcached,Running,True
1789063828,memcached,Running,True
1789063828,memcached,Running,True
1789063828,memcached,Running,True
1789063828,text-service,Running,True
1789063828,unique-id-service,Running,True
1789063828,url-shorten-service,Running,True
1789063828,user-mention-service,Running,True
1789063828,user-service,Running,True
1789063828,user-timeline-redis,Running,True
1789063828,user-timeline-service,Running,True
1789063829,compose-post-service,Running,True
1789063829,home-timeline-redis,Running,True
1789063829,home-timeline-service,Running,True
1789063829,jaeger,Running,True
1789063829,media-frontend,Running,True
1789063829,media-service,Running,True
1789063829,mongodb-sharded-configsvr,Running,True
1789063829,mongodb-sharded-mongos,Running,True
1789063829,mongodb-sharded-mongos,Running,True
1789063829,mongodb-sharded-mongos,Running,True
1789063829,mongodb-sharded-shardsvr,Running,True
1789063829,mongodb-sharded-shardsvr,Running,True
1789063829,mongodb-sharded-shardsvr,Running,True
1789063829,mongodb-sharded-shardsvr,Running,True
1789063829,mongodb-sharded-shardsvr,Running,True
1789063829,mongodb-sharded-shardsvr,Running,True
1789063829,nginx-thrift,Running,True
1789063829,nginx-thrift,Running,True
1789063829,post-storage-service,Running,True
1789063829,social-graph-redis,Running,True
1789063829,social-graph-service,Running,True
1789063829,social-network-mcrouter,Running,True
1789063829,social-network-mcrouter,Running,True
1789063829,social-network-mcrouter,Running,True
1789063829,memcached,Running,True
1789063829,memcached,Running,True
1789063829,memcached,Running,True
1789063829,memcached,Running,True
1789063829,memcached,Running,True
1789063829,memcached,Running,True
1789063829,text-service,Running,True
1789063829,unique-id-service,Running,True
1789063829,url-shorten-service,Running,True
1789063829,user-mention-service,Running,True
1789063829,user-service,Running,True
1789063829,user-timeline-redis,Running,True
1789063829,user-timeline-service,Running,True
1789063830,compose-post-service,Running,True
1789063830,home-timeline-redis,Running,True
1789063830,home-timeline-service,Running,True
1789063830,jaeger,Running,True
1789063830,media-frontend,Running,True
1789063830,media-service,Running,True
1789063830,mongodb-sharded-configsvr,Running,True
1789063830,mongodb-sharded-mongos,Running,True
1789063830,mongodb-sharded-mongos,Running,True
1789063830,mongodb-sharded-mongos,Running,True
1789063830,mongodb-sharded-shardsvr,Running,True
1789063830,mongodb-sharded-shardsvr,Running,True
1789063830,mongodb-sharded-shardsvr,Running,True
1789063830,mongodb-sharded-shardsvr,Running,True
1789063830,mongodb-sharded-shardsvr,Running,True
1789063830,mongodb-sharded-shardsvr,Running,True
1789063830,nginx-thrift,Running,True
1789063830,nginx-thrift,Running,True
1789063830,post-storage-service,Running,True
1789063830,social-graph-redis,Running,True
1789063830,social-graph-service,Running,True
1789063830,social-network-mcrouter,Running,True
1789063830,social-network-mcrouter,Running,True
1789063830,social-network-mcrouter,Running,True
1789063830,memcached,Running,True
1789063830,memcached,Running,True
1789063830,memcached,Running,True
1789063830,memcached,Running,True
1789063830,memcached,Running,True
1789063830,memcached,Running,True
1789063830,text-service,Running,True
1789063830,unique-id-service,Running,True
1789063830,url-shorten-service,Running,True
1789063830,user-mention-service,Running,True
1789063830,user-service,Running,True
1789063830,user-timeline-redis,Running,True
1789063830,user-timeline-service,Running,True
1789063831,compose-post-service,Running,True
1789063831,home-timeline-redis,Running,True
1789063831,home-timeline-service,Running,True
1789063831,jaeger,Running,True
1789063831,media-frontend,Running,True
1789063831,media-service,Running,True
1789063831,mongodb-sharded-configsvr,Running,True
1789063831,mongodb-sharded-mongos,Running,True
1789063831,mongodb-sharded-mongos,Running,True
1789063831,mongodb-sharded-mongos,Running,True
1789063831,mongodb-sharded-shardsvr,Running,True
1789063831,mongodb-sharded-shardsvr,Running,True
1789063831,mongodb-sharded-shardsvr,Running,True
1789063831,mongodb-sharded-shardsvr,Running,True
1789063831,mongodb-sharded-shardsvr,Running,True
1789063831,mongodb-sharded-shardsvr,Running,True
1789063831,nginx-thrift,Running,True
1789063831,nginx-thrift,Running,True
1789063831,post-storage-service,Running,True
1789063831,social-graph-redis,Running,True
1789063831,social-graph-service,Running,True
1789063831,social-network-mcrouter,Running,True
1789063831,social-network-mcrouter,Running,True
1789063831,social-network-mcrouter,Running,True
1789063831,memcached,Running,True
1789063831,memcached,Running,True
1789063831,memcached,Running,True
1789063831,memcached,Running,True
1789063831,memcached,Running,True
1789063831,memcached,Running,True
1789063831,text-service,Running,True
1789063831,unique-id-service,Running,True
1789063831,url-shorten-service,Running,True
1789063831,user-mention-service,Running,True
1789063831,user-service,Running,True
1789063831,user-timeline-redis,Running,True
1789063831,user-timeline-service,Running,True
1789063832,compose-post-service,Running,True
1789063832,home-timeline-redis,Running,True
1789063832,home-timeline-service,Running,True
1789063832,jaeger,Running,True
1789063832,media-frontend,Running,True
1789063832,media-service,Running,True
1789063832,mongodb-sharded-configsvr,Running,True
1789063832,mongodb-sharded-mongos,Running,True
1789063832,mongodb-sharded-mongos,Running,True
1789063832,mongodb-sharded-mongos,Running,True
1789063832,mongodb-sharded-shardsvr,Running,True
1789063832,mongodb-sharded-shardsvr,Running,True
1789063832,mongodb-sharded-shardsvr,Running,True
1789063832,mongodb-sharded-shardsvr,Running,True
1789063832,mongodb-sharded-shardsvr,Running,True
1789063832,mongodb-sharded-shardsvr,Running,True
1789063832,nginx-thrift,Running,True
1789063832,nginx-thrift,Running,True
1789063832,post-storage-service,Running,True
1789063832,social-graph-redis,Running,True
1789063832,social-graph-service,Running,True
1789063832,social-network-mcrouter,Running,True
1789063832,social-network-mcrouter,Running,True
1789063832,social-network-mcrouter,Running,True
1789063832,memcached,Running,True
1789063832,memcached,Running,True
1789063832,memcached,Running,True
1789063832,memcached,Running,True
1789063832,memcached,Running,True
1789063832,memcached,Running,True
1789063832,text-service,Running,True
1789063832,unique-id-service,Running,True
1789063832,url-shorten-service,Running,True
1789063832,user-mention-service,Running,True
1789063832,user-service,Running,True
1789063832,user-timeline-redis,Running,True
1789063832,user-timeline-service,Running,True
1789063833,compose-post-service,Running,True
1789063833,home-timeline-redis,Running,True
1789063833,home-timeline-service,Running,True
1789063833,jaeger,Running,True
1789063833,media-frontend,Running,True
1789063833,media-service,Running,True
1789063833,mongodb-sharded-configsvr,Running,True
1789063833,mongodb-sharded-mongos,Running,True
1789063833,mongodb-sharded-mongos,Running,True
1789063833,mongodb-sharded-mongos,Running,True
1789063833,mongodb-sharded-shardsvr,Running,True
1789063833,mongodb-sharded-shardsvr,Running,True
1789063833,mongodb-sharded-shardsvr,Running,True
1789063833,mongodb-sharded-shardsvr,Running,True
1789063833,mongodb-sharded-shardsvr,Running,True
1789063833,mongodb-sharded-shardsvr,Running,True
1789063833,nginx-thrift,Running,True
1789063833,nginx-thrift,Running,True
1789063833,post-storage-service,Running,True
1789063833,social-graph-redis,Running,True
1789063833,social-graph-service,Running,True
1789063833,social-network-mcrouter,Running,True
1789063833,social-network-mcrouter,Running,True
1789063833,social-network-mcrouter,Running,True
1789063833,memcached,Running,True
1789063833,memcached,Running,True
1789063833,memcached,Running,True
1789063833,memcached,Running,True
1789063833,memcached,Running,True
1789063833,memcached,Running,True
1789063833,text-service,Running,True
1789063833,unique-id-service,Running,True
1789063833,url-shorten-service,Running,True
1789063833,user-mention-service,Running,True
1789063833,user-service,Running,True
1789063833,user-timeline-redis,Running,True
1789063833,user-timeline-service,Running,True
1789063834,compose-post-service,Running,True
1789063834,home-timeline-redis,Running,True
1789063834,home-timeline-service,Running,True
1789063834,jaeger,Running,True
1789063834,media-frontend,Running,True
1789063834,media-service,Running,True
1789063834,mongodb-sharded-configsvr,Running,True
1789063834,mongodb-sharded-mongos,Running,True
1789063834,mongodb-sharded-mongos,Running,True
1789063834,mongodb-sharded-mongos,Running,True
1789063834,mongodb-sharded-shardsvr,Running,True
1789063834,mongodb-sharded-shardsvr,Running,True
1789063834,mongodb-sharded-shardsvr,Running,True
1789063834,mongodb-sharded-shardsvr,Running,True
1789063834,mongodb-sharded-shardsvr,Running,True
1789063834,mongodb-sharded-shardsvr,Running,True
1789063834,nginx-thrift,Running,True
1789063834,nginx-thrift,Running,True
1789063834,post-storage-service,Running,True
1789063834,social-graph-redis,Running,True
1789063834,social-graph-service,Running,True
1789063834,social-network-mcrouter,Running,True
1789063834,social-network-mcrouter,Running,True
1789063834,social-network-mcrouter,Running,True
1789063834,memcached,Running,True
1789063834,memcached,Running,True
1789063834,memcached,Running,True
1789063834,memcached,Running,True
1789063834,memcached,Running,True
1789063834,memcached,Running,True
1789063834,text-service,Running,True
1789063834,unique-id-service,Running,True
1789063834,url-shorten-service,Running,True
1789063834,user-mention-service,Running,True
1789063834,user-service,Running,True
1789063834,user-timeline-redis,Running,True
1789063834,user-timeline-service,Running,True
1789063835,compose-post-service,Running,True
1789063835,home-timeline-redis,Running,True
1789063835,home-timeline-service,Running,True
1789063835,jaeger,Running,True
1789063835,media-frontend,Running,True
1789063835,media-service,Running,True
1789063835,mongodb-sharded-configsvr,Running,True
1789063835,mongodb-sharded-mongos,Running,True
1789063835,mongodb-sharded-mongos,Running,True
1789063835,mongodb-sharded-mongos,Running,True
1789063835,mongodb-sharded-shardsvr,Running,True
1789063835,mongodb-sharded-shardsvr,Running,True
1789063835,mongodb-sharded-shardsvr,Running,True
1789063835,mongodb-sharded-shardsvr,Running,True
1789063835,mongodb-sharded-shardsvr,Running,True
1789063835,mongodb-sharded-shardsvr,Running,True
1789063835,nginx-thrift,Running,True
1789063835,nginx-thrift,Running,True
1789063835,post-storage-service,Running,True
1789063835,social-graph-redis,Running,True
1789063835,social-graph-service,Running,True
1789063835,social-network-mcrouter,Running,True
1789063835,social-network-mcrouter,Running,True
1789063835,social-network-mcrouter,Running,True
1789063835,memcached,Running,True
1789063835,memcached,Running,True
1789063835,memcached,Running,True
1789063835,memcached,Running,True
1789063835,memcached,Running,True
1789063835,memcached,Running,True
1789063835,text-service,Running,True
1789063835,unique-id-service,Running,True
1789063835,url-shorten-service,Running,True
1789063835,user-mention-service,Running,True
1789063835,user-service,Running,True
1789063835,user-timeline-redis,Running,True
1789063835,user-timeline-service,Running,True
1789063836,compose-post-service,Running,True
1789063836,home-timeline-redis,Running,True
1789063836,home-timeline-service,Running,True
1789063836,jaeger,Running,True
1789063836,media-frontend,Running,True
1789063836,media-service,Running,True
1789063836,mongodb-sharded-configsvr,Running,True
1789063836,mongodb-sharded-mongos,Running,True
1789063836,mongodb-sharded-mongos,Running,True
1789063836,mongodb-sharded-mongos,Running,True
1789063836,mongodb-sharded-shardsvr,Running,True
1789063836,mongodb-sharded-shardsvr,Running,True
1789063836,mongodb-sharded-shardsvr,Running,True
1789063836,mongodb-sharded-shardsvr,Running,True
1789063836,mongodb-sharded-shardsvr,Running,True
1789063836,mongodb-sharded-shardsvr,Running,True
1789063836,nginx-thrift,Running,True
1789063836,nginx-thrift,Running,True
1789063836,post-storage-service,Running,True
1789063836,social-graph-redis,Running,True
1789063836,social-graph-service,Running,True
1789063836,social-network-mcrouter,Running,True
1789063836,social-network-mcrouter,Running,True
1789063836,social-network-mcrouter,Running,True
1789063836,memcached,Running,True
1789063836,memcached,Running,True
1789063836,memcached,Running,True
1789063836,memcached,Running,True
1789063836,memcached,Running,True
1789063836,memcached,Running,True
1789063836,text-service,Running,True
1789063836,unique-id-service,Running,True
1789063836,url-shorten-service,Running,True
1789063836,user-mention-service,Running,True
1789063836,user-service,Running,True
1789063836,user-timeline-redis,Running,True
1789063836,user-timeline-service,Running,True
1789063837,compose-post-service,Running,True
1789063837,home-timeline-redis,Running,True
1789063837,home-timeline-service,Running,True
1789063837,jaeger,Running,True
1789063837,media-frontend,Running,True
1789063837,media-service,Running,True
1789063837,mongodb-sharded-configsvr,Running,True
1789063837,mongodb-sharded-mongos,Running,True
1789063837,mongodb-sharded-mongos,Running,True
1789063837,mongodb-sharded-mongos,Running,True
1789063837,mongodb-sharded-shardsvr,Running,True
1789063837,mongodb-sharded-shardsvr,Running,True
1789063837,mongodb-sharded-shardsvr,Running,True
1789063837,mongodb-sharded-shardsvr,Running,True
1789063837,mongodb-sharded-shardsvr,Running,True
1789063837,mongodb-sharded-shardsvr,Running,True
1789063837,nginx-thrift,Running,True
1789063837,nginx-thrift,Running,True
1789063837,post-storage-service,Running,True
1789063837,social-graph-redis,Running,True
1789063837,social-graph-service,Running,True
1789063837,social-network-mcrouter,Running,True
1789063837,social-network-mcrouter,Running,True
1789063837,social-network-mcrouter,Running,True
1789063837,memcached,Running,True
1789063837,memcached,Running,True
1789063837,memcached,Running,True
1789063837,memcached,Running,True
1789063837,memcached,Running,True
1789063837,memcached,Running,True
1789063837,text-service,Running,True
1789063837,unique-id-service,Running,True
1789063837,url-shorten-service,Running,True
1789063837,user-mention-service,Running,True
1789063837,user-service,Running,True
1789063837,user-timeline-redis,Running,True
1789063837,user-timeline-service,Running,True
1789063838,compose-post-service,Running,True
1789063838,home-timeline-redis,Running,True
1789063838,home-timeline-service,Running,True
1789063838,jaeger,Running,True
1789063838,media-frontend,Running,True
1789063838,media-service,Running,True
1789063838,mongodb-sharded-configsvr,Running,True
1789063838,mongodb-sharded-mongos,Running,True
1789063838,mongodb-sharded-mongos,Running,True
1789063838,mongodb-sharded-mongos,Running,True
1789063838,mongodb-sharded-shardsvr,Running,True
1789063838,mongodb-sharded-shardsvr,Running,True
1789063838,mongodb-sharded-shardsvr,Running,True
1789063838,mongodb-sharded-shardsvr,Running,True
1789063838,mongodb-sharded-shardsvr,Running,True
1789063838,mongodb-sharded-shardsvr,Running,True
1789063838,nginx-thrift,Running,True
1789063838,nginx-thrift,Running,True
1789063838,post-storage-service,Running,True
1789063838,social-graph-redis,Running,True
1789063838,social-graph-service,Running,True
1789063838,social-network-mcrouter,Running,True
1789063838,social-network-mcrouter,Running,True
1789063838,social-network-mcrouter,Running,True
1789063838,memcached,Running,True
1789063838,memcached,Running,True
1789063838,memcached,Running,True
1789063838,memcached,Running,True
1789063838,memcached,Running,True
1789063838,memcached,Running,True
1789063838,text-service,Running,True
1789063838,unique-id-service,Running,True
1789063838,url-shorten-service,Running,True
1789063838,user-mention-service,Running,True
1789063838,user-service,Running,True
1789063838,user-timeline-redis,Running,True
1789063838,user-timeline-service,Running,True
1789063839,compose-post-service,Running,True
1789063839,home-timeline-redis,Running,True
1789063839,home-timeline-service,Running,True
1789063839,jaeger,Running,True
1789063839,media-frontend,Running,True
1789063839,media-service,Running,True
1789063839,mongodb-sharded-configsvr,Running,True
1789063839,mongodb-sharded-mongos,Running,True
1789063839,mongodb-sharded-mongos,Running,True
1789063839,mongodb-sharded-mongos,Running,True
1789063839,mongodb-sharded-shardsvr,Running,True
1789063839,mongodb-sharded-shardsvr,Running,True
1789063839,mongodb-sharded-shardsvr,Running,True
1789063839,mongodb-sharded-shardsvr,Running,True
1789063839,mongodb-sharded-shardsvr,Running,True
1789063839,mongodb-sharded-shardsvr,Running,True
1789063839,nginx-thrift,Running,True
1789063839,nginx-thrift,Running,True
1789063839,post-storage-service,Running,True
1789063839,social-graph-redis,Running,True
1789063839,social-graph-service,Running,True
1789063839,social-network-mcrouter,Running,True
1789063839,social-network-mcrouter,Running,True
1789063839,social-network-mcrouter,Running,True
1789063839,memcached,Running,True
1789063839,memcached,Running,True
1789063839,memcached,Running,True
1789063839,memcached,Running,True
1789063839,memcached,Running,True
1789063839,memcached,Running,True
1789063839,text-service,Running,True
1789063839,unique-id-service,Running,True
1789063839,url-shorten-service,Running,True
1789063839,user-mention-service,Running,True
1789063839,user-service,Running,True
1789063839,user-timeline-redis,Running,True
1789063839,user-timeline-service,Running,True
1789063840,compose-post-service,Running,True
1789063840,home-timeline-redis,Running,True
1789063840,home-timeline-service,Running,True
1789063840,jaeger,Running,True
1789063840,media-frontend,Running,True
1789063840,media-service,Running,True
1789063840,mongodb-sharded-configsvr,Running,True
1789063840,mongodb-sharded-mongos,Running,True
1789063840,mongodb-sharded-mongos,Running,True
1789063840,mongodb-sharded-mongos,Running,True
1789063840,mongodb-sharded-shardsvr,Running,True
1789063840,mongodb-sharded-shardsvr,Running,True
1789063840,mongodb-sharded-shardsvr,Running,True
1789063840,mongodb-sharded-shardsvr,Running,True
1789063840,mongodb-sharded-shardsvr,Running,True
1789063840,mongodb-sharded-shardsvr,Running,True
1789063840,nginx-thrift,Running,True
1789063840,nginx-thrift,Running,True
1789063840,post-storage-service,Running,True
1789063840,social-graph-redis,Running,True
1789063840,social-graph-service,Running,True
1789063840,social-network-mcrouter,Running,True
1789063840,social-network-mcrouter,Running,True
1789063840,social-network-mcrouter,Running,True
1789063840,memcached,Running,True
1789063840,memcached,Running,True
1789063840,memcached,Running,True
1789063840,memcached,Running,True
1789063840,memcached,Running,True
1789063840,memcached,Running,True
1789063840,text-service,Running,True
1789063840,unique-id-service,Running,True
1789063840,url-shorten-service,Running,True
1789063840,user-mention-service,Running,True
1789063840,user-service,Running,True
1789063840,user-timeline-redis,Running,True
1789063840,user-timeline-service,Running,True
1789063841,compose-post-service,Running,True
1789063841,home-timeline-redis,Running,True
1789063841,home-timeline-service,Running,True
1789063841,jaeger,Running,True
1789063841,media-frontend,Running,True
1789063841,media-service,Running,True
1789063841,mongodb-sharded-configsvr,Running,True
1789063841,mongodb-sharded-mongos,Running,True
1789063841,mongodb-sharded-mongos,Running,True
1789063841,mongodb-sharded-mongos,Running,True
1789063841,mongodb-sharded-shardsvr,Running,True
1789063841,mongodb-sharded-shardsvr,Running,True
1789063841,mongodb-sharded-shardsvr,Running,True
1789063841,mongodb-sharded-shardsvr,Running,True
1789063841,mongodb-sharded-shardsvr,Running,True
1789063841,mongodb-sharded-shardsvr,Running,True
1789063841,nginx-thrift,Running,True
1789063841,nginx-thrift,Running,True
1789063841,post-storage-service,Running,True
1789063841,social-graph-redis,Running,True
1789063841,social-graph-service,Running,True
1789063841,social-network-mcrouter,Running,True
1789063841,social-network-mcrouter,Running,True
1789063841,social-network-mcrouter,Running,True
1789063841,memcached,Running,True
1789063841,memcached,Running,True
1789063841,memcached,Running,True
1789063841,memcached,Running,True
1789063841,memcached,Running,True
1789063841,memcached,Running,True
1789063841,text-service,Running,True
1789063841,unique-id-service,Running,True
1789063841,url-shorten-service,Running,True
1789063841,user-mention-service,Running,True
1789063841,user-service,Running,True
1789063841,user-timeline-redis,Running,True
1789063841,user-timeline-service,Running,True
1789063842,compose-post-service,Running,True
1789063842,home-timeline-redis,Running,True
1789063842,home-timeline-service,Running,True
1789063842,jaeger,Running,True
1789063842,media-frontend,Running,True
1789063842,media-service,Running,True
1789063842,mongodb-sharded-configsvr,Running,True
1789063842,mongodb-sharded-mongos,Running,True
1789063842,mongodb-sharded-mongos,Running,True
1789063842,mongodb-sharded-mongos,Running,True
1789063842,mongodb-sharded-shardsvr,Running,True
1789063842,mongodb-sharded-shardsvr,Running,True
1789063842,mongodb-sharded-shardsvr,Running,True
1789063842,mongodb-sharded-shardsvr,Running,True
1789063842,mongodb-sharded-shardsvr,Running,True
1789063842,mongodb-sharded-shardsvr,Running,True
1789063842,nginx-thrift,Running,True
1789063842,nginx-thrift,Running,True
1789063842,post-storage-service,Running,True
1789063842,social-graph-redis,Running,True
1789063842,social-graph-service,Running,True
1789063842,social-network-mcrouter,Running,True
1789063842,social-network-mcrouter,Running,True
1789063842,social-network-mcrouter,Running,True
1789063842,memcached,Running,True
1789063842,memcached,Running,True
1789063842,memcached,Running,True
1789063842,memcached,Running,True
1789063842,memcached,Running,True
1789063842,memcached,Running,True
1789063842,text-service,Running,True
1789063842,unique-id-service,Running,True
1789063842,url-shorten-service,Running,True
1789063842,user-mention-service,Running,True
1789063842,user-service,Running,True
1789063842,user-timeline-redis,Running,True
1789063842,user-timeline-service,Running,True
1789063843,compose-post-service,Running,True
1789063843,home-timeline-redis,Running,True
1789063843,home-timeline-service,Running,True
1789063843,jaeger,Running,True
1789063843,media-frontend,Running,True
1789063843,media-service,Running,True
1789063843,mongodb-sharded-configsvr,Running,True
1789063843,mongodb-sharded-mongos,Running,True
1789063843,mongodb-sharded-mongos,Running,True
1789063843,mongodb-sharded-mongos,Running,True
1789063843,mongodb-sharded-shardsvr,Running,True
1789063843,mongodb-sharded-shardsvr,Running,True
1789063843,mongodb-sharded-shardsvr,Running,True
1789063843,mongodb-sharded-shardsvr,Running,True
1789063843,mongodb-sharded-shardsvr,Running,True
1789063843,mongodb-sharded-shardsvr,Running,True
1789063843,nginx-thrift,Running,True
1789063843,nginx-thrift,Running,True
1789063843,post-storage-service,Running,True
1789063843,social-graph-redis,Running,True
1789063843,social-graph-service,Running,True
1789063843,social-network-mcrouter,Running,True
1789063843,social-network-mcrouter,Running,True
1789063843,social-network-mcrouter,Running,True
1789063843,memcached,Running,True
1789063843,memcached,Running,True
1789063843,memcached,Running,True
1789063843,memcached,Running,True
1789063843,memcached,Running,True
1789063843,memcached,Running,True
1789063843,text-service,Running,True
1789063843,unique-id-service,Running,True
1789063843,url-shorten-service,Running,True
1789063843,user-mention-service,Running,True
1789063843,user-service,Running,True
1789063843,user-timeline-redis,Running,True
1789063843,user-timeline-service,Running,True
1789063844,compose-post-service,Running,True
1789063844,home-timeline-redis,Running,True
1789063844,home-timeline-service,Running,True
1789063844,jaeger,Running,True
1789063844,media-frontend,Running,True
1789063844,media-service,Running,True
1789063844,mongodb-sharded-configsvr,Running,True
1789063844,mongodb-sharded-mongos,Running,True
1789063844,mongodb-sharded-mongos,Running,True
1789063844,mongodb-sharded-mongos,Running,True
1789063844,mongodb-sharded-shardsvr,Running,True
1789063844,mongodb-sharded-shardsvr,Running,True
1789063844,mongodb-sharded-shardsvr,Running,True
1789063844,mongodb-sharded-shardsvr,Running,True
1789063844,mongodb-sharded-shardsvr,Running,True
1789063844,mongodb-sharded-shardsvr,Running,True
1789063844,nginx-thrift,Running,True
1789063844,nginx-thrift,Running,True
1789063844,post-storage-service,Running,True
1789063844,social-graph-redis,Running,True
1789063844,social-graph-service,Running,True
1789063844,social-network-mcrouter,Running,True
1789063844,social-network-mcrouter,Running,True
1789063844,social-network-mcrouter,Running,True
1789063844,memcached,Running,True
1789063844,memcached,Running,True
1789063844,memcached,Running,True
1789063844,memcached,Running,True
1789063844,memcached,Running,True
1789063844,memcached,Running,True
1789063844,text-service,Running,True
1789063844,unique-id-service,Running,True
1789063844,url-shorten-service,Running,True
1789063844,user-mention-service,Running,True
1789063844,user-service,Running,True
1789063844,user-timeline-redis,Running,True
1789063844,user-timeline-service,Running,True
1789063845,compose-post-service,Running,True
1789063845,home-timeline-redis,Running,True
1789063845,home-timeline-service,Running,True
1789063845,jaeger,Running,True
1789063845,media-frontend,Running,True
1789063845,media-service,Running,True
1789063845,mongodb-sharded-configsvr,Running,True
1789063845,mongodb-sharded-mongos,Running,True
1789063845,mongodb-sharded-mongos,Running,True
1789063845,mongodb-sharded-mongos,Running,True
1789063845,mongodb-sharded-shardsvr,Running,True
1789063845,mongodb-sharded-shardsvr,Running,True
1789063845,mongodb-sharded-shardsvr,Running,True
1789063845,mongodb-sharded-shardsvr,Running,True
1789063845,mongodb-sharded-shardsvr,Running,True
1789063845,mongodb-sharded-shardsvr,Running,True
1789063845,nginx-thrift,Running,True
1789063845,nginx-thrift,Running,True
1789063845,post-storage-service,Running,True
1789063845,social-graph-redis,Running,True
1789063845,social-graph-service,Running,True
1789063845,social-network-mcrouter,Running,True
1789063845,social-network-mcrouter,Running,True
1789063845,social-network-mcrouter,Running,True
1789063845,memcached,Running,True
1789063845,memcached,Running,True
1789063845,memcached,Running,True
1789063845,memcached,Running,True
1789063845,memcached,Running,True
1789063845,memcached,Running,True
1789063845,text-service,Running,True
1789063845,unique-id-service,Running,True
1789063845,url-shorten-service,Running,True
1789063845,user-mention-service,Running,True
1789063845,user-service,Running,True
1789063845,user-timeline-redis,Running,True
1789063845,user-timeline-service,Running,True
1789063846,compose-post-service,Running,True
1789063846,home-timeline-redis,Running,True
1789063846,home-timeline-service,Running,True
1789063846,jaeger,Running,True
1789063846,media-frontend,Running,True
1789063846,media-service,Running,True
1789063846,mongodb-sharded-configsvr,Running,True
1789063846,mongodb-sharded-mongos,Running,True
1789063846,mongodb-sharded-mongos,Running,True
1789063846,mongodb-sharded-mongos,Running,True
1789063846,mongodb-sharded-shardsvr,Running,True
1789063846,mongodb-sharded-shardsvr,Running,True
1789063846,mongodb-sharded-shardsvr,Running,True
1789063846,mongodb-sharded-shardsvr,Running,True
1789063846,mongodb-sharded-shardsvr,Running,True
1789063846,mongodb-sharded-shardsvr,Running,True
1789063846,nginx-thrift,Running,True
1789063846,nginx-thrift,Running,True
1789063846,post-storage-service,Running,True
1789063846,social-graph-redis,Running,True
1789063846,social-graph-service,Running,True
1789063846,social-network-mcrouter,Running,True
1789063846,social-network-mcrouter,Running,True
1789063846,social-network-mcrouter,Running,True
1789063846,memcached,Running,True
1789063846,memcached,Running,True
1789063846,memcached,Running,True
1789063846,memcached,Running,True
1789063846,memcached,Running,True
1789063846,memcached,Running,True
1789063846,text-service,Running,True
1789063846,unique-id-service,Running,True
1789063846,url-shorten-service,Running,True
1789063846,user-mention-service,Running,True
1789063846,user-service,Running,True
1789063846,user-timeline-redis,Running,True
1789063846,user-timeline-service,Running,True
1789063847,compose-post-service,Running,True
1789063847,home-timeline-redis,Running,True
1789063847,home-timeline-service,Running,True
1789063847,jaeger,Running,True
1789063847,media-frontend,Running,True
1789063847,media-service,Running,True
1789063847,mongodb-sharded-configsvr,Running,True
1789063847,mongodb-sharded-mongos,Running,True
1789063847,mongodb-sharded-mongos,Running,True
1789063847,mongodb-sharded-mongos,Running,True
1789063847,mongodb-sharded-shardsvr,Running,True
1789063847,mongodb-sharded-shardsvr,Running,True
1789063847,mongodb-sharded-shardsvr,Running,True
1789063847,mongodb-sharded-shardsvr,Running,True
1789063847,mongodb-sharded-shardsvr,Running,True
1789063847,mongodb-sharded-shardsvr,Running,True
1789063847,nginx-thrift,Running,True
1789063847,nginx-thrift,Running,True
1789063847,post-storage-service,Running,True
1789063847,social-graph-redis,Running,True
1789063847,social-graph-service,Running,True
1789063847,social-network-mcrouter,Running,True
1789063847,social-network-mcrouter,Running,True
1789063847,social-network-mcrouter,Running,True
1789063847,memcached,Running,True
1789063847,memcached,Running,True
1789063847,memcached,Running,True
1789063847,memcached,Running,True
1789063847,memcached,Running,True
1789063847,memcached,Running,True
1789063847,text-service,Running,True
1789063847,unique-id-service,Running,True
1789063847,url-shorten-service,Running,True
1789063847,user-mention-service,Running,True
1789063847,user-service,Running,True
1789063847,user-timeline-redis,Running,True
1789063847,user-timeline-service,Running,True
1789063848,compose-post-service,Running,True
1789063848,home-timeline-redis,Running,True
1789063848,home-timeline-service,Running,True
1789063848,jaeger,Running,True
1789063848,media-frontend,Running,True
1789063848,media-service,Running,True
1789063848,mongodb-sharded-configsvr,Running,True
1789063848,mongodb-sharded-mongos,Running,True
1789063848,mongodb-sharded-mongos,Running,True
1789063848,mongodb-sharded-mongos,Running,True
1789063848,mongodb-sharded-shardsvr,Running,True
1789063848,mongodb-sharded-shardsvr,Running,True
1789063848,mongodb-sharded-shardsvr,Running,True
1789063848,mongodb-sharded-shardsvr,Running,True
1789063848,mongodb-sharded-shardsvr,Running,True
1789063848,mongodb-sharded-shardsvr,Running,True
1789063848,nginx-thrift,Running,True
1789063848,nginx-thrift,Running,True
1789063848,post-storage-service,Running,True
1789063848,social-graph-redis,Running,True
1789063848,social-graph-service,Running,True
1789063848,social-network-mcrouter,Running,True
1789063848,social-network-mcrouter,Running,True
1789063848,social-network-mcrouter,Running,True
1789063848,memcached,Running,True
1789063848,memcached,Running,True
1789063848,memcached,Running,True
1789063848,memcached,Running,True
1789063848,memcached,Running,True
1789063848,memcached,Running,True
1789063848,text-service,Running,True
1789063848,unique-id-service,Running,True
1789063848,url-shorten-service,Running,True
1789063848,user-mention-service,Running,True
1789063848,user-service,Running,True
1789063848,user-timeline-redis,Running,True
1789063848,user-timeline-service,Running,True
1789063849,compose-post-service,Running,True
1789063849,home-timeline-redis,Running,True
1789063849,home-timeline-service,Running,True
1789063849,jaeger,Running,True
1789063849,media-frontend,Running,True
1789063849,media-service,Running,True
1789063849,mongodb-sharded-configsvr,Running,True
1789063849,mongodb-sharded-mongos,Running,True
1789063849,mongodb-sharded-mongos,Running,True
1789063849,mongodb-sharded-mongos,Running,True
1789063849,mongodb-sharded-shardsvr,Running,True
1789063849,mongodb-sharded-shardsvr,Running,True
1789063849,mongodb-sharded-shardsvr,Running,True
1789063849,mongodb-sharded-shardsvr,Running,True
1789063849,mongodb-sharded-shardsvr,Running,True
1789063849,mongodb-sharded-shardsvr,Running,True
1789063849,nginx-thrift,Running,True
1789063849,nginx-thrift,Running,True
1789063849,post-storage-service,Running,True
1789063849,social-graph-redis,Running,True
1789063849,social-graph-service,Running,True
1789063849,social-network-mcrouter,Running,True
1789063849,social-network-mcrouter,Running,True
1789063849,social-network-mcrouter,Running,True
1789063849,memcached,Running,True
1789063849,memcached,Running,True
1789063849,memcached,Running,True
1789063849,memcached,Running,True
1789063849,memcached,Running,True
1789063849,memcached,Running,True
1789063849,text-service,Running,True
1789063849,unique-id-service,Running,True
1789063849,url-shorten-service,Running,True
1789063849,user-mention-service,Running,True
1789063849,user-service,Running,True
1789063849,user-timeline-redis,Running,True
1789063849,user-timeline-service,Running,True
1789063850,compose-post-service,Running,True
1789063850,home-timeline-redis,Running,True
1789063850,home-timeline-service,Running,True
1789063850,jaeger,Running,True
1789063850,media-frontend,Running,True
1789063850,media-service,Running,True
1789063850,mongodb-sharded-configsvr,Running,True
1789063850,mongodb-sharded-mongos,Running,True
1789063850,mongodb-sharded-mongos,Running,True
1789063850,mongodb-sharded-mongos,Running,True
1789063850,mongodb-sharded-shardsvr,Running,True
1789063850,mongodb-sharded-shardsvr,Running,True
1789063850,mongodb-sharded-shardsvr,Running,True
1789063850,mongodb-sharded-shardsvr,Running,True
1789063850,mongodb-sharded-shardsvr,Running,True
1789063850,mongodb-sharded-shardsvr,Running,True
1789063850,nginx-thrift,Running,True
1789063850,nginx-thrift,Running,True
1789063850,post-storage-service,Running,True
1789063850,social-graph-redis,Running,True
1789063850,social-graph-service,Running,True
1789063850,social-network-mcrouter,Running,True
1789063850,social-network-mcrouter,Running,True
1789063850,social-network-mcrouter,Running,True
1789063850,memcached,Running,True
1789063850,memcached,Running,True
1789063850,memcached,Running,True
1789063850,memcached,Running,True
1789063850,memcached,Running,True
1789063850,memcached,Running,True
1789063850,text-service,Running,True
1789063850,unique-id-service,Running,True
1789063850,url-shorten-service,Running,True
1789063850,user-mention-service,Running,True
1789063850,user-service,Running,True
1789063850,user-timeline-redis,Running,True
1789063850,user-timeline-service,Running,True
1789063851,compose-post-service,Running,True
1789063851,home-timeline-redis,Running,True
1789063851,home-timeline-service,Running,True
1789063851,jaeger,Running,True
1789063851,media-frontend,Running,True
1789063851,media-service,Running,True
1789063851,mongodb-sharded-configsvr,Running,True
1789063851,mongodb-sharded-mongos,Running,True
1789063851,mongodb-sharded-mongos,Running,True
1789063851,mongodb-sharded-mongos,Running,True
1789063851,mongodb-sharded-shardsvr,Running,True
1789063851,mongodb-sharded-shardsvr,Running,True
1789063851,mongodb-sharded-shardsvr,Running,True
1789063851,mongodb-sharded-shardsvr,Running,True
1789063851,mongodb-sharded-shardsvr,Running,True
1789063851,mongodb-sharded-shardsvr,Running,True
1789063851,nginx-thrift,Running,True
1789063851,nginx-thrift,Running,True
1789063851,post-storage-service,Running,True
1789063851,social-graph-redis,Running,True
1789063851,social-graph-service,Running,True
1789063851,social-network-mcrouter,Running,True
1789063851,social-network-mcrouter,Running,True
1789063851,social-network-mcrouter,Running,True
1789063851,memcached,Running,True
1789063851,memcached,Running,True
1789063851,memcached,Running,True
1789063851,memcached,Running,True
1789063851,memcached,Running,True
1789063851,memcached,Running,True
1789063851,text-service,Running,True
1789063851,unique-id-service,Running,True
1789063851,url-shorten-service,Running,True
1789063851,user-mention-service,Running,True
1789063851,user-service,Running,True
1789063851,user-timeline-redis,Running,True
1789063851,user-timeline-service,Running,True
1789063852,compose-post-service,Running,True
1789063852,home-timeline-redis,Running,True
1789063852,home-timeline-service,Running,True
1789063852,jaeger,Running,True
1789063852,media-frontend,Running,True
1789063852,media-service,Running,True
1789063852,mongodb-sharded-configsvr,Running,True
1789063852,mongodb-sharded-mongos,Running,True
1789063852,mongodb-sharded-mongos,Running,True
1789063852,mongodb-sharded-mongos,Running,True
1789063852,mongodb-sharded-shardsvr,Running,True
1789063852,mongodb-sharded-shardsvr,Running,True
1789063852,mongodb-sharded-shardsvr,Running,True
1789063852,mongodb-sharded-shardsvr,Running,True
1789063852,mongodb-sharded-shardsvr,Running,True
1789063852,mongodb-sharded-shardsvr,Running,True
1789063852,nginx-thrift,Running,True
1789063852,nginx-thrift,Running,True
1789063852,post-storage-service,Running,True
1789063852,social-graph-redis,Running,True
1789063852,social-graph-service,Running,True
1789063852,social-network-mcrouter,Running,True
1789063852,social-network-mcrouter,Running,True
1789063852,social-network-mcrouter,Running,True
1789063852,memcached,Running,True
1789063852,memcached,Running,True
1789063852,memcached,Running,True
1789063852,memcached,Running,True
1789063852,memcached,Running,True
1789063852,memcached,Running,True
1789063852,text-service,Running,True
1789063852,unique-id-service,Running,True
1789063852,url-shorten-service,Running,True
1789063852,user-mention-service,Running,True
1789063852,user-service,Running,True
1789063852,user-timeline-redis,Running,True
1789063852,user-timeline-service,Running,True
1789063853,compose-post-service,Running,True
1789063853,home-timeline-redis,Running,True
1789063853,home-timeline-service,Running,True
1789063853,jaeger,Running,True
1789063853,media-frontend,Running,True
1789063853,media-service,Running,True
1789063853,mongodb-sharded-configsvr,Running,True
1789063853,mongodb-sharded-mongos,Running,True
1789063853,mongodb-sharded-mongos,Running,True
1789063853,mongodb-sharded-mongos,Running,True
1789063853,mongodb-sharded-shardsvr,Running,True
1789063853,mongodb-sharded-shardsvr,Running,True
1789063853,mongodb-sharded-shardsvr,Running,True
1789063853,mongodb-sharded-shardsvr,Running,True
1789063853,mongodb-sharded-shardsvr,Running,True
1789063853,mongodb-sharded-shardsvr,Running,True
1789063853,nginx-thrift,Running,True
1789063853,nginx-thrift,Running,True
1789063853,post-storage-service,Running,True
1789063853,social-graph-redis,Running,True
1789063853,social-graph-service,Running,True
1789063853,social-network-mcrouter,Running,True
1789063853,social-network-mcrouter,Running,True
1789063853,social-network-mcrouter,Running,True
1789063853,memcached,Running,True
1789063853,memcached,Running,True
1789063853,memcached,Running,True
1789063853,memcached,Running,True
1789063853,memcached,Running,True
1789063853,memcached,Running,True
1789063853,text-service,Running,True
1789063853,unique-id-service,Running,True
1789063853,url-shorten-service,Running,True
1789063853,user-mention-service,Running,True
1789063853,user-service,Running,True
1789063853,user-timeline-redis,Running,True
1789063853,user-timeline-service,Running,True
1789063854,compose-post-service,Running,True
1789063854,home-timeline-redis,Running,True
1789063854,home-timeline-service,Running,True
1789063854,jaeger,Running,True
1789063854,media-frontend,Running,True
1789063854,media-service,Running,True
1789063854,mongodb-sharded-configsvr,Running,True
1789063854,mongodb-sharded-mongos,Running,True
1789063854,mongodb-sharded-mongos,Running,True
1789063854,mongodb-sharded-mongos,Running,True
1789063854,mongodb-sharded-shardsvr,Running,True
1789063854,mongodb-sharded-shardsvr,Running,True
1789063854,mongodb-sharded-shardsvr,Running,True
1789063854,mongodb-sharded-shardsvr,Running,True
1789063854,mongodb-sharded-shardsvr,Running,True
1789063854,mongodb-sharded-shardsvr,Running,True
1789063854,nginx-thrift,Running,True
1789063854,nginx-thrift,Running,True
1789063854,post-storage-service,Running,True
1789063854,social-graph-redis,Running,True
1789063854,social-graph-service,Running,True
1789063854,social-network-mcrouter,Running,True
1789063854,social-network-mcrouter,Running,True
1789063854,social-network-mcrouter,Running,True
1789063854,memcached,Running,True
1789063854,memcached,Running,True
1789063854,memcached,Running,True
1789063854,memcached,Running,True
1789063854,memcached,Running,True
1789063854,memcached,Running,True
1789063854,text-service,Running,True
1789063854,unique-id-service,Running,True
1789063854,url-shorten-service,Running,True
1789063854,user-mention-service,Running,True
1789063854,user-service,Running,True
1789063854,user-timeline-redis,Running,True
1789063854,user-timeline-service,Running,True
1789063855,compose-post-service,Running,True
1789063855,home-timeline-redis,Running,True
1789063855,home-timeline-service,Running,True
1789063855,jaeger,Running,True
1789063855,media-frontend,Running,True
1789063855,media-service,Running,True
1789063855,mongodb-sharded-configsvr,Running,True
1789063855,mongodb-sharded-mongos,Running,True
1789063855,mongodb-sharded-mongos,Running,True
1789063855,mongodb-sharded-mongos,Running,True
1789063855,mongodb-sharded-shardsvr,Running,True
1789063855,mongodb-sharded-shardsvr,Running,True
1789063855,mongodb-sharded-shardsvr,Running,True
1789063855,mongodb-sharded-shardsvr,Running,True
1789063855,mongodb-sharded-shardsvr,Running,True
1789063855,mongodb-sharded-shardsvr,Running,True
1789063855,nginx-thrift,Running,True
1789063855,nginx-thrift,Running,True
1789063855,post-storage-service,Running,True
1789063855,social-graph-redis,Running,True
1789063855,social-graph-service,Running,True
1789063855,social-network-mcrouter,Running,True
1789063855,social-network-mcrouter,Running,True
1789063855,social-network-mcrouter,Running,True
1789063855,memcached,Running,True
1789063855,memcached,Running,True
1789063855,memcached,Running,True
1789063855,memcached,Running,True
1789063855,memcached,Running,True
1789063855,memcached,Running,True
1789063855,text-service,Running,True
1789063855,unique-id-service,Running,True
1789063855,url-shorten-service,Running,True
1789063855,user-mention-service,Running,True
1789063855,user-service,Running,True
1789063855,user-timeline-redis,Running,True
1789063855,user-timeline-service,Running,True
1789063856,compose-post-service,Running,True
1789063856,home-timeline-redis,Running,True
1789063856,home-timeline-service,Running,True
1789063856,jaeger,Running,True
1789063856,media-frontend,Running,True
1789063856,media-service,Running,True
1789063856,mongodb-sharded-configsvr,Running,True
1789063856,mongodb-sharded-mongos,Running,True
1789063856,mongodb-sharded-mongos,Running,True
1789063856,mongodb-sharded-mongos,Running,True
1789063856,mongodb-sharded-shardsvr,Running,True
1789063856,mongodb-sharded-shardsvr,Running,True
1789063856,mongodb-sharded-shardsvr,Running,True
1789063856,mongodb-sharded-shardsvr,Running,True
1789063856,mongodb-sharded-shardsvr,Running,True
1789063856,mongodb-sharded-shardsvr,Running,True
1789063856,nginx-thrift,Running,True
1789063856,nginx-thrift,Running,True
1789063856,post-storage-service,Running,True
1789063856,social-graph-redis,Running,True
1789063856,social-graph-service,Running,True
1789063856,social-network-mcrouter,Running,True
1789063856,social-network-mcrouter,Running,True
1789063856,social-network-mcrouter,Running,True
1789063856,memcached,Running,True
1789063856,memcached,Running,True
1789063856,memcached,Running,True
1789063856,memcached,Running,True
1789063856,memcached,Running,True
1789063856,memcached,Running,True
1789063856,text-service,Running,True
1789063856,unique-id-service,Running,True
1789063856,url-shorten-service,Running,True
1789063856,user-mention-service,Running,True
1789063856,user-service,Running,True
1789063856,user-timeline-redis,Running,True
1789063856,user-timeline-service,Running,True
1789063857,compose-post-service,Running,True
1789063857,home-timeline-redis,Running,True
1789063857,home-timeline-service,Running,True
1789063857,jaeger,Running,True
1789063857,media-frontend,Running,True
1789063857,media-service,Running,True
1789063857,mongodb-sharded-configsvr,Running,True
1789063857,mongodb-sharded-mongos,Running,True
1789063857,mongodb-sharded-mongos,Running,True
1789063857,mongodb-sharded-mongos,Running,True
1789063857,mongodb-sharded-shardsvr,Running,True
1789063857,mongodb-sharded-shardsvr,Running,True
1789063857,mongodb-sharded-shardsvr,Running,True
1789063857,mongodb-sharded-shardsvr,Running,True
1789063857,mongodb-sharded-shardsvr,Running,True
1789063857,mongodb-sharded-shardsvr,Running,True
1789063857,nginx-thrift,Running,True
1789063857,nginx-thrift,Running,True
1789063857,post-storage-service,Running,True
1789063857,social-graph-redis,Running,True
1789063857,social-graph-service,Running,True
1789063857,social-network-mcrouter,Running,True
1789063857,social-network-mcrouter,Running,True
1789063857,social-network-mcrouter,Running,True
1789063857,memcached,Running,True
1789063857,memcached,Running,True
1789063857,memcached,Running,True
1789063857,memcached,Running,True
1789063857,memcached,Running,True
1789063857,memcached,Running,True
1789063857,text-service,Running,True
1789063857,unique-id-service,Running,True
1789063857,url-shorten-service,Running,True
1789063857,user-mention-service,Running,True
1789063857,user-service,Running,True
1789063857,user-timeline-redis,Running,True
1789063857,user-timeline-service,Running,True
1789063858,compose-post-service,Running,True
1789063858,home-timeline-redis,Running,True
1789063858,home-timeline-service,Running,True
1789063858,jaeger,Running,True
1789063858,media-frontend,Running,True
1789063858,media-service,Running,True
1789063858,mongodb-sharded-configsvr,Running,True
1789063858,mongodb-sharded-mongos,Running,True
1789063858,mongodb-sharded-mongos,Running,True
1789063858,mongodb-sharded-mongos,Running,True
1789063858,mongodb-sharded-shardsvr,Running,True
1789063858,mongodb-sharded-shardsvr,Running,True
1789063858,mongodb-sharded-shardsvr,Running,True
1789063858,mongodb-sharded-shardsvr,Running,True
1789063858,mongodb-sharded-shardsvr,Running,True
1789063858,mongodb-sharded-shardsvr,Running,True
1789063858,nginx-thrift,Running,True
1789063858,nginx-thrift,Running,True
1789063858,post-storage-service,Running,True
1789063858,social-graph-redis,Running,True
1789063858,social-graph-service,Running,True
1789063858,social-network-mcrouter,Running,True
1789063858,social-network-mcrouter,Running,True
1789063858,social-network-mcrouter,Running,True
1789063858,memcached,Running,True
1789063858,memcached,Running,True
1789063858,memcached,Running,True
1789063858,memcached,Running,True
1789063858,memcached,Running,True
1789063858,memcached,Running,True
1789063858,text-service,Running,True
1789063858,unique-id-service,Running,True
1789063858,url-shorten-service,Running,True
1789063858,user-mention-service,Running,True
1789063858,user-service,Running,True
1789063858,user-timeline-redis,Running,True
1789063858,user-timeline-service,Running,True
1789063859,compose-post-service,Running,True
1789063859,home-timeline-redis,Running,True
1789063859,home-timeline-service,Running,True
1789063859,jaeger,Running,True
1789063859,media-frontend,Running,True
1789063859,media-service,Running,True
1789063859,mongodb-sharded-configsvr,Running,True
1789063859,mongodb-sharded-mongos,Running,True
1789063859,mongodb-sharded-mongos,Running,True
1789063859,mongodb-sharded-mongos,Running,True
1789063859,mongodb-sharded-shardsvr,Running,True
1789063859,mongodb-sharded-shardsvr,Running,True
1789063859,mongodb-sharded-shardsvr,Running,True
1789063859,mongodb-sharded-shardsvr,Running,True
1789063859,mongodb-sharded-shardsvr,Running,True
1789063859,mongodb-sharded-shardsvr,Running,True
1789063859,nginx-thrift,Running,True
1789063859,nginx-thrift,Running,True
1789063859,post-storage-service,Running,True
1789063859,social-graph-redis,Running,True
1789063859,social-graph-service,Running,True
1789063859,social-network-mcrouter,Running,True
1789063859,social-network-mcrouter,Running,True
1789063859,social-network-mcrouter,Running,True
1789063859,memcached,Running,True
1789063859,memcached,Running,True
1789063859,memcached,Running,True
1789063859,memcached,Running,True
1789063859,memcached,Running,True
1789063859,memcached,Running,True
1789063859,text-service,Running,True
1789063859,unique-id-service,Running,True
1789063859,url-shorten-service,Running,True
1789063859,user-mention-service,Running,True
1789063859,user-service,Running,True
1789063859,user-timeline-redis,Running,True
1789063859,user-timeline-service,Running,True
1789063860,compose-post-service,Running,True
1789063860,home-timeline-redis,Running,True
1789063860,home-timeline-service,Running,True
1789063860,jaeger,Running,True
1789063860,media-frontend,Running,True
1789063860,media-service,Running,True
1789063860,mongodb-sharded-configsvr,Running,True
1789063860,mongodb-sharded-mongos,Running,True
1789063860,mongodb-sharded-mongos,Running,True
1789063860,mongodb-sharded-mongos,Running,True
1789063860,mongodb-sharded-shardsvr,Running,True
1789063860,mongodb-sharded-shardsvr,Running,True
1789063860,mongodb-sharded-shardsvr,Running,True
1789063860,mongodb-sharded-shardsvr,Running,True
1789063860,mongodb-sharded-shardsvr,Running,True
1789063860,mongodb-sharded-shardsvr,Running,True
1789063860,nginx-thrift,Running,True
1789063860,nginx-thrift,Running,True
1789063860,post-storage-service,Running,True
1789063860,social-graph-redis,Running,True
1789063860,social-graph-service,Running,True
1789063860,social-network-mcrouter,Running,True
1789063860,social-network-mcrouter,Running,True
1789063860,social-network-mcrouter,Running,True
1789063860,memcached,Running,True
1789063860,memcached,Running,True
1789063860,memcached,Running,True
1789063860,memcached,Running,True
1789063860,memcached,Running,True
1789063860,memcached,Running,True
1789063860,text-service,Running,True
1789063860,unique-id-service,Running,True
1789063860,url-shorten-service,Running,True
1789063860,user-mention-service,Running,True
1789063860,user-service,Running,True
1789063860,user-timeline-redis,Running,True
1789063860,user-timeline-service,Running,True
1789063861,compose-post-service,Running,True
1789063861,home-timeline-redis,Running,True
1789063861,home-timeline-service,Running,True
1789063861,jaeger,Running,True
1789063861,media-frontend,Running,True
1789063861,media-service,Running,True
1789063861,mongodb-sharded-configsvr,Running,True
1789063861,mongodb-sharded-mongos,Running,True
1789063861,mongodb-sharded-mongos,Running,True
1789063861,mongodb-sharded-mongos,Running,True
1789063861,mongodb-sharded-shardsvr,Running,True
1789063861,mongodb-sharded-shardsvr,Running,True
1789063861,mongodb-sharded-shardsvr,Running,True
1789063861,mongodb-sharded-shardsvr,Running,True
1789063861,mongodb-sharded-shardsvr,Running,True
1789063861,mongodb-sharded-shardsvr,Running,True
1789063861,nginx-thrift,Running,True
1789063861,nginx-thrift,Running,True
1789063861,post-storage-service,Running,True
1789063861,social-graph-redis,Running,True
1789063861,social-graph-service,Running,True
1789063861,social-network-mcrouter,Running,True
1789063861,social-network-mcrouter,Running,True
1789063861,social-network-mcrouter,Running,True
1789063861,memcached,Running,True
1789063861,memcached,Running,True
1789063861,memcached,Running,True
1789063861,memcached,Running,True
1789063861,memcached,Running,True
1789063861,memcached,Running,True
1789063861,text-service,Running,True
1789063861,unique-id-service,Running,True
1789063861,url-shorten-service,Running,True
1789063861,user-mention-service,Running,True
1789063861,user-service,Running,True
1789063861,user-timeline-redis,Running,True
1789063861,user-timeline-service,Running,True
1789063862,compose-post-service,Running,True
1789063862,home-timeline-redis,Running,True
1789063862,home-timeline-service,Running,True
1789063862,jaeger,Running,True
1789063862,media-frontend,Running,True
1789063862,media-service,Running,True
1789063862,mongodb-sharded-configsvr,Running,True
1789063862,mongodb-sharded-mongos,Running,True
1789063862,mongodb-sharded-mongos,Running,True
1789063862,mongodb-sharded-mongos,Running,True
1789063862,mongodb-sharded-shardsvr,Running,True
1789063862,mongodb-sharded-shardsvr,Running,True
1789063862,mongodb-sharded-shardsvr,Running,True
1789063862,mongodb-sharded-shardsvr,Running,True
1789063862,mongodb-sharded-shardsvr,Running,True
1789063862,mongodb-sharded-shardsvr,Running,True
1789063862,nginx-thrift,Running,True
1789063862,nginx-thrift,Running,True
1789063862,post-storage-service,Running,True
1789063862,social-graph-redis,Running,True
1789063862,social-graph-service,Running,True
1789063862,social-network-mcrouter,Running,True
1789063862,social-network-mcrouter,Running,True
1789063862,social-network-mcrouter,Running,True
1789063862,memcached,Running,True
1789063862,memcached,Running,True
1789063862,memcached,Running,True
1789063862,memcached,Running,True
1789063862,memcached,Running,True
1789063862,memcached,Running,True
1789063862,text-service,Running,True
1789063862,unique-id-service,Running,True
1789063862,url-shorten-service,Running,True
1789063862,user-mention-service,Running,True
1789063862,user-service,Running,True
1789063862,user-timeline-redis,Running,True
1789063862,user-timeline-service,Running,True
1789063863,compose-post-service,Running,True
1789063863,home-timeline-redis,Running,True
1789063863,home-timeline-service,Running,True
1789063863,jaeger,Running,True
1789063863,media-frontend,Running,True
1789063863,media-service,Running,True
1789063863,mongodb-sharded-configsvr,Running,True
1789063863,mongodb-sharded-mongos,Running,True
1789063863,mongodb-sharded-mongos,Running,True
1789063863,mongodb-sharded-mongos,Running,True
1789063863,mongodb-sharded-shardsvr,Running,True
1789063863,mongodb-sharded-shardsvr,Running,True
1789063863,mongodb-sharded-shardsvr,Running,True
1789063863,mongodb-sharded-shardsvr,Running,True
1789063863,mongodb-sharded-shardsvr,Running,True
1789063863,mongodb-sharded-shardsvr,Running,True
1789063863,nginx-thrift,Running,True
1789063863,nginx-thrift,Running,True
1789063863,post-storage-service,Running,True
1789063863,social-graph-redis,Running,True
1789063863,social-graph-service,Running,True
1789063863,social-network-mcrouter,Running,True
1789063863,social-network-mcrouter,Running,True
1789063863,social-network-mcrouter,Running,True
1789063863,memcached,Running,True
1789063863,memcached,Running,True
1789063863,memcached,Running,True
1789063863,memcached,Running,True
1789063863,memcached,Running,True
1789063863,memcached,Running,True
1789063863,text-service,Running,True
1789063863,unique-id-service,Running,True
1789063863,url-shorten-service,Running,True
1789063863,user-mention-service,Running,True
1789063863,user-service,Running,True
1789063863,user-timeline-redis,Running,True
1789063863,user-timeline-service,Running,True
1789063864,compose-post-service,Running,True
1789063864,home-timeline-redis,Running,True
1789063864,home-timeline-service,Running,True
1789063864,jaeger,Running,True
1789063864,media-frontend,Running,True
1789063864,media-service,Running,True
1789063864,mongodb-sharded-configsvr,Running,True
1789063864,mongodb-sharded-mongos,Running,True
1789063864,mongodb-sharded-mongos,Running,True
1789063864,mongodb-sharded-mongos,Running,True
1789063864,mongodb-sharded-shardsvr,Running,True
1789063864,mongodb-sharded-shardsvr,Running,True
1789063864,mongodb-sharded-shardsvr,Running,True
1789063864,mongodb-sharded-shardsvr,Running,True
1789063864,mongodb-sharded-shardsvr,Running,True
1789063864,mongodb-sharded-shardsvr,Running,True
1789063864,nginx-thrift,Running,True
1789063864,nginx-thrift,Running,True
1789063864,post-storage-service,Running,True
1789063864,social-graph-redis,Running,True
1789063864,social-graph-service,Running,True
1789063864,social-network-mcrouter,Running,True
1789063864,social-network-mcrouter,Running,True
1789063864,social-network-mcrouter,Running,True
1789063864,memcached,Running,True
1789063864,memcached,Running,True
1789063864,memcached,Running,True
1789063864,memcached,Running,True
1789063864,memcached,Running,True
1789063864,memcached,Running,True
1789063864,text-service,Running,True
1789063864,unique-id-service,Running,True
1789063864,url-shorten-service,Running,True
1789063864,user-mention-service,Running,True
1789063864,user-service,Running,True
1789063864,user-timeline-redis,Running,True
1789063864,user-timeline-service,Running,True
1789063865,compose-post-service,Running,True
1789063865,home-timeline-redis,Running,True
1789063865,home-timeline-service,Running,True
1789063865,jaeger,Running,True
1789063865,media-frontend,Running,True
1789063865,media-service,Running,True
1789063865,mongodb-sharded-configsvr,Running,True
1789063865,mongodb-sharded-mongos,Running,True
1789063865,mongodb-sharded-mongos,Running,True
1789063865,mongodb-sharded-mongos,Running,True
1789063865,mongodb-sharded-shardsvr,Running,True
1789063865,mongodb-sharded-shardsvr,Running,True
1789063865,mongodb-sharded-shardsvr,Running,True
1789063865,mongodb-sharded-shardsvr,Running,True
1789063865,mongodb-sharded-shardsvr,Running,True
1789063865,mongodb-sharded-shardsvr,Running,True
1789063865,nginx-thrift,Running,True
1789063865,nginx-thrift,Running,True
1789063865,post-storage-service,Running,True
1789063865,social-graph-redis,Running,True
1789063865,social-graph-service,Running,True
1789063865,social-network-mcrouter,Running,True
1789063865,social-network-mcrouter,Running,True
1789063865,social-network-mcrouter,Running,True
1789063865,memcached,Running,True
1789063865,memcached,Running,True
1789063865,memcached,Running,True
1789063865,memcached,Running,True
1789063865,memcached,Running,True
1789063865,memcached,Running,True
1789063865,text-service,Running,True
1789063865,unique-id-service,Running,True
1789063865,url-shorten-service,Running,True
1789063865,user-mention-service,Running,True
1789063865,user-service,Running,True
1789063865,user-timeline-redis,Running,True
1789063865,user-timeline-service,Running,True
1789063866,compose-post-service,Running,True
1789063866,home-timeline-redis,Running,True
1789063866,home-timeline-service,Running,True
1789063866,jaeger,Running,True
1789063866,media-frontend,Running,True
1789063866,media-service,Running,True
1789063866,mongodb-sharded-configsvr,Running,True
1789063866,mongodb-sharded-mongos,Running,True
1789063866,mongodb-sharded-mongos,Running,True
1789063866,mongodb-sharded-mongos,Running,True
1789063866,mongodb-sharded-shardsvr,Running,True
1789063866,mongodb-sharded-shardsvr,Running,True
1789063866,mongodb-sharded-shardsvr,Running,True
1789063866,mongodb-sharded-shardsvr,Running,True
1789063866,mongodb-sharded-shardsvr,Running,True
1789063866,mongodb-sharded-shardsvr,Running,True
1789063866,nginx-thrift,Running,True
1789063866,nginx-thrift,Running,True
1789063866,post-storage-service,Running,True
1789063866,social-graph-redis,Running,True
1789063866,social-graph-service,Running,True
1789063866,social-network-mcrouter,Running,True
1789063866,social-network-mcrouter,Running,True
1789063866,social-network-mcrouter,Running,True
1789063866,memcached,Running,True
1789063866,memcached,Running,True
1789063866,memcached,Running,True
1789063866,memcached,Running,True
1789063866,memcached,Running,True
1789063866,memcached,Running,True
1789063866,text-service,Running,True
1789063866,unique-id-service,Running,True
1789063866,url-shorten-service,Running,True
1789063866,user-mention-service,Running,True
1789063866,user-service,Running,True
1789063866,user-timeline-redis,Running,True
1789063866,user-timeline-service,Running,True
1789063867,compose-post-service,Running,True
1789063867,home-timeline-redis,Running,True
1789063867,home-timeline-service,Running,True
1789063867,jaeger,Running,True
1789063867,media-frontend,Running,True
1789063867,media-service,Running,True
1789063867,mongodb-sharded-configsvr,Running,True
1789063867,mongodb-sharded-mongos,Running,True
1789063867,mongodb-sharded-mongos,Running,True
1789063867,mongodb-sharded-mongos,Running,True
1789063867,mongodb-sharded-shardsvr,Running,True
1789063867,mongodb-sharded-shardsvr,Running,True
1789063867,mongodb-sharded-shardsvr,Running,True
1789063867,mongodb-sharded-shardsvr,Running,True
1789063867,mongodb-sharded-shardsvr,Running,True
1789063867,mongodb-sharded-shardsvr,Running,True
1789063867,nginx-thrift,Running,True
1789063867,nginx-thrift,Running,True
1789063867,post-storage-service,Running,True
1789063867,social-graph-redis,Running,True
1789063867,social-graph-service,Running,True
1789063867,social-network-mcrouter,Running,True
1789063867,social-network-mcrouter,Running,True
1789063867,social-network-mcrouter,Running,True
1789063867,memcached,Running,True
1789063867,memcached,Running,True
1789063867,memcached,Running,True
1789063867,memcached,Running,True
1789063867,memcached,Running,True
1789063867,memcached,Running,True
1789063867,text-service,Running,True
1789063867,unique-id-service,Running,True
1789063867,url-shorten-service,Running,True
1789063867,user-mention-service,Running,True
1789063867,user-service,Running,True
1789063867,user-timeline-redis,Running,True
1789063867,user-timeline-service,Running,True
1789063868,compose-post-service,Running,True
1789063868,home-timeline-redis,Running,True
1789063868,home-timeline-service,Running,True
1789063868,jaeger,Running,True
1789063868,media-frontend,Running,True
1789063868,media-service,Running,True
1789063868,mongodb-sharded-configsvr,Running,True
1789063868,mongodb-sharded-mongos,Running,True
1789063868,mongodb-sharded-mongos,Running,True
1789063868,mongodb-sharded-mongos,Running,True
1789063868,mongodb-sharded-shardsvr,Running,True
1789063868,mongodb-sharded-shardsvr,Running,True
1789063868,mongodb-sharded-shardsvr,Running,True
1789063868,mongodb-sharded-shardsvr,Running,True
1789063868,mongodb-sharded-shardsvr,Running,True
1789063868,mongodb-sharded-shardsvr,Running,True
1789063868,nginx-thrift,Running,True
1789063868,nginx-thrift,Running,True
1789063868,post-storage-service,Running,True
1789063868,social-graph-redis,Running,True
1789063868,social-graph-service,Running,True
1789063868,social-network-mcrouter,Running,True
1789063868,social-network-mcrouter,Running,True
1789063868,social-network-mcrouter,Running,True
1789063868,memcached,Running,True
1789063868,memcached,Running,True
1789063868,memcached,Running,True
1789063868,memcached,Running,True
1789063868,memcached,Running,True
1789063868,memcached,Running,True
1789063868,text-service,Running,True
1789063868,unique-id-service,Running,True
1789063868,url-shorten-service,Running,True
1789063868,user-mention-service,Running,True
1789063868,user-service,Running,True
1789063868,user-timeline-redis,Running,True
1789063868,user-timeline-service,Running,True
1789063869,compose-post-service,Running,True
1789063869,home-timeline-redis,Running,True
1789063869,home-timeline-service,Running,True
1789063869,jaeger,Running,True
1789063869,media-frontend,Running,True
1789063869,media-service,Running,True
1789063869,mongodb-sharded-configsvr,Running,True
1789063869,mongodb-sharded-mongos,Running,True
1789063869,mongodb-sharded-mongos,Running,True
1789063869,mongodb-sharded-mongos,Running,True
1789063869,mongodb-sharded-shardsvr,Running,True
1789063869,mongodb-sharded-shardsvr,Running,True
1789063869,mongodb-sharded-shardsvr,Running,True
1789063869,mongodb-sharded-shardsvr,Running,True
1789063869,mongodb-sharded-shardsvr,Running,True
1789063869,mongodb-sharded-shardsvr,Running,True
1789063869,nginx-thrift,Running,True
1789063869,nginx-thrift,Running,True
1789063869,post-storage-service,Running,True
1789063869,social-graph-redis,Running,True
1789063869,social-graph-service,Running,True
1789063869,social-network-mcrouter,Running,True
1789063869,social-network-mcrouter,Running,True
1789063869,social-network-mcrouter,Running,True
1789063869,memcached,Running,True
1789063869,memcached,Running,True
1789063869,memcached,Running,True
1789063869,memcached,Running,True
1789063869,memcached,Running,True
1789063869,memcached,Running,True
1789063869,text-service,Running,True
1789063869,unique-id-service,Running,True
1789063869,url-shorten-service,Running,True
1789063869,user-mention-service,Running,True
1789063869,user-service,Running,True
1789063869,user-timeline-redis,Running,True
1789063869,user-timeline-service,Running,True
1789063870,compose-post-service,Running,True
1789063870,home-timeline-redis,Running,True
1789063870,home-timeline-service,Running,True
1789063870,jaeger,Running,True
1789063870,media-frontend,Running,True
1789063870,media-service,Running,True
1789063870,mongodb-sharded-configsvr,Running,True
1789063870,mongodb-sharded-mongos,Running,True
1789063870,mongodb-sharded-mongos,Running,True
1789063870,mongodb-sharded-mongos,Running,True
1789063870,mongodb-sharded-shardsvr,Running,True
1789063870,mongodb-sharded-shardsvr,Running,True
1789063870,mongodb-sharded-shardsvr,Running,True
1789063870,mongodb-sharded-shardsvr,Running,True
1789063870,mongodb-sharded-shardsvr,Running,True
1789063870,mongodb-sharded-shardsvr,Running,True
1789063870,nginx-thrift,Running,True
1789063870,nginx-thrift,Running,True
1789063870,post-storage-service,Running,True
1789063870,social-graph-redis,Running,True
1789063870,social-graph-service,Running,True
1789063870,social-network-mcrouter,Running,True
1789063870,social-network-mcrouter,Running,True
1789063870,social-network-mcrouter,Running,True
1789063870,memcached,Running,True
1789063870,memcached,Running,True
1789063870,memcached,Running,True
1789063870,memcached,Running,True
1789063870,memcached,Running,True
1789063870,memcached,Running,True
1789063870,text-service,Running,True
1789063870,unique-id-service,Running,True
1789063870,url-shorten-service,Running,True
1789063870,user-mention-service,Running,True
1789063870,user-service,Running,True
1789063870,user-timeline-redis,Running,True
1789063870,user-timeline-service,Running,True
1789063871,compose-post-service,Running,True
1789063871,home-timeline-redis,Running,True
1789063871,home-timeline-service,Running,True
1789063871,jaeger,Running,True
1789063871,media-frontend,Running,True
1789063871,media-service,Running,True
1789063871,mongodb-sharded-configsvr,Running,True
1789063871,mongodb-sharded-mongos,Running,True
1789063871,mongodb-sharded-mongos,Running,True
1789063871,mongodb-sharded-mongos,Running,True
1789063871,mongodb-sharded-shardsvr,Running,True
1789063871,mongodb-sharded-shardsvr,Running,True
1789063871,mongodb-sharded-shardsvr,Running,True
1789063871,mongodb-sharded-shardsvr,Running,True
1789063871,mongodb-sharded-shardsvr,Running,True
1789063871,mongodb-sharded-shardsvr,Running,True
1789063871,nginx-thrift,Running,True
1789063871,nginx-thrift,Running,True
1789063871,post-storage-service,Running,True
1789063871,social-graph-redis,Running,True
1789063871,social-graph-service,Running,True
1789063871,social-network-mcrouter,Running,True
1789063871,social-network-mcrouter,Running,True
1789063871,social-network-mcrouter,Running,True
1789063871,memcached,Running,True
1789063871,memcached,Running,True
1789063871,memcached,Running,True
1789063871,memcached,Running,True
1789063871,memcached,Running,True
1789063871,memcached,Running,True
1789063871,text-service,Running,True
1789063871,unique-id-service,Running,True
1789063871,url-shorten-service,Running,True
1789063871,user-mention-service,Running,True
1789063871,user-service,Running,True
1789063871,user-timeline-redis,Running,True
1789063871,user-timeline-service,Running,True
1789063872,compose-post-service,Running,True
1789063872,home-timeline-redis,Running,True
1789063872,home-timeline-service,Running,True
1789063872,jaeger,Running,True
1789063872,media-frontend,Running,True
1789063872,media-service,Running,True
1789063872,mongodb-sharded-configsvr,Running,True
1789063872,mongodb-sharded-mongos,Running,True
1789063872,mongodb-sharded-mongos,Running,True
1789063872,mongodb-sharded-mongos,Running,True
1789063872,mongodb-sharded-shardsvr,Running,True
1789063872,mongodb-sharded-shardsvr,Running,True
1789063872,mongodb-sharded-shardsvr,Running,True
1789063872,mongodb-sharded-shardsvr,Running,True
1789063872,mongodb-sharded-shardsvr,Running,True
1789063872,mongodb-sharded-shardsvr,Running,True
1789063872,nginx-thrift,Running,True
1789063872,nginx-thrift,Running,True
1789063872,post-storage-service,Running,True
1789063872,social-graph-redis,Running,True
1789063872,social-graph-service,Running,True
1789063872,social-network-mcrouter,Running,True
1789063872,social-network-mcrouter,Running,True
1789063872,social-network-mcrouter,Running,True
1789063872,memcached,Running,True
1789063872,memcached,Running,True
1789063872,memcached,Running,True
1789063872,memcached,Running,True
1789063872,memcached,Running,True
1789063872,memcached,Running,True
1789063872,text-service,Running,True
1789063872,unique-id-service,Running,True
1789063872,url-shorten-service,Running,True
1789063872,user-mention-service,Running,True
1789063872,user-service,Running,True
1789063872,user-timeline-redis,Running,True
1789063872,user-timeline-service,Running,True
1789063873,compose-post-service,Running,True
1789063873,home-timeline-redis,Running,True
1789063873,home-timeline-service,Running,True
1789063873,jaeger,Running,True
1789063873,media-frontend,Running,True
1789063873,media-service,Running,True
1789063873,mongodb-sharded-configsvr,Running,True
1789063873,mongodb-sharded-mongos,Running,True
1789063873,mongodb-sharded-mongos,Running,True
1789063873,mongodb-sharded-mongos,Running,True
1789063873,mongodb-sharded-shardsvr,Running,True
1789063873,mongodb-sharded-shardsvr,Running,True
1789063873,mongodb-sharded-shardsvr,Running,True
1789063873,mongodb-sharded-shardsvr,Running,True
1789063873,mongodb-sharded-shardsvr,Running,True
1789063873,mongodb-sharded-shardsvr,Running,True
1789063873,nginx-thrift,Running,True
1789063873,nginx-thrift,Running,True
1789063873,post-storage-service,Running,True
1789063873,social-graph-redis,Running,True
1789063873,social-graph-service,Running,True
1789063873,social-network-mcrouter,Running,True
1789063873,social-network-mcrouter,Running,True
1789063873,social-network-mcrouter,Running,True
1789063873,memcached,Running,True
1789063873,memcached,Running,True
1789063873,memcached,Running,True
1789063873,memcached,Running,True
1789063873,memcached,Running,True
1789063873,memcached,Running,True
1789063873,text-service,Running,True
1789063873,unique-id-service,Running,True
1789063873,url-shorten-service,Running,True
1789063873,user-mention-service,Running,True
1789063873,user-service,Running,True
1789063873,user-timeline-redis,Running,True
1789063873,user-timeline-service,Running,True
1789063874,compose-post-service,Running,True
1789063874,home-timeline-redis,Running,True
1789063874,home-timeline-service,Running,True
1789063874,jaeger,Running,True
1789063874,media-frontend,Running,True
1789063874,media-service,Running,True
1789063874,mongodb-sharded-configsvr,Running,True
1789063874,mongodb-sharded-mongos,Running,True
1789063874,mongodb-sharded-mongos,Running,True
1789063874,mongodb-sharded-mongos,Running,True
1789063874,mongodb-sharded-shardsvr,Running,True
1789063874,mongodb-sharded-shardsvr,Running,True
1789063874,mongodb-sharded-shardsvr,Running,True
1789063874,mongodb-sharded-shardsvr,Running,True
1789063874,mongodb-sharded-shardsvr,Running,True
1789063874,mongodb-sharded-shardsvr,Running,True
1789063874,nginx-thrift,Running,True
1789063874,nginx-thrift,Running,True
1789063874,post-storage-service,Running,True
1789063874,social-graph-redis,Running,True
1789063874,social-graph-service,Running,True
1789063874,social-network-mcrouter,Running,True
1789063874,social-network-mcrouter,Running,True
1789063874,social-network-mcrouter,Running,True
1789063874,memcached,Running,True
1789063874,memcached,Running,True
1789063874,memcached,Running,True
1789063874,memcached,Running,True
1789063874,memcached,Running,True
1789063874,memcached,Running,True
1789063874,text-service,Running,True
1789063874,unique-id-service,Running,True
1789063874,url-shorten-service,Running,True
1789063874,user-mention-service,Running,True
1789063874,user-service,Running,True
1789063874,user-timeline-redis,Running,True
1789063874,user-timeline-service,Running,True
1789063875,compose-post-service,Running,True
1789063875,home-timeline-redis,Running,True
1789063875,home-timeline-service,Running,True
1789063875,jaeger,Running,True
1789063875,media-frontend,Running,True
1789063875,media-service,Running,True
1789063875,mongodb-sharded-configsvr,Running,True
1789063875,mongodb-sharded-mongos,Running,True
1789063875,mongodb-sharded-mongos,Running,True
1789063875,mongodb-sharded-mongos,Running,True
1789063875,mongodb-sharded-shardsvr,Running,True
1789063875,mongodb-sharded-shardsvr,Running,True
1789063875,mongodb-sharded-shardsvr,Running,True
1789063875,mongodb-sharded-shardsvr,Running,True
1789063875,mongodb-sharded-shardsvr,Running,True
1789063875,mongodb-sharded-shardsvr,Running,True
1789063875,nginx-thrift,Running,True
1789063875,nginx-thrift,Running,True
1789063875,post-storage-service,Running,True
1789063875,social-graph-redis,Running,True
1789063875,social-graph-service,Running,True
1789063875,social-network-mcrouter,Running,True
1789063875,social-network-mcrouter,Running,True
1789063875,social-network-mcrouter,Running,True
1789063875,memcached,Running,True
1789063875,memcached,Running,True
1789063875,memcached,Running,True
1789063875,memcached,Running,True
1789063875,memcached,Running,True
1789063875,memcached,Running,True
1789063875,text-service,Running,True
1789063875,unique-id-service,Running,True
1789063875,url-shorten-service,Running,True
1789063875,user-mention-service,Running,True
1789063875,user-service,Running,True
1789063875,user-timeline-redis,Running,True
1789063875,user-timeline-service,Running,True
1789063876,compose-post-service,Running,True
1789063876,home-timeline-redis,Running,True
1789063876,home-timeline-service,Running,True
1789063876,jaeger,Running,True
1789063876,media-frontend,Running,True
1789063876,media-service,Running,True
1789063876,mongodb-sharded-configsvr,Running,True
1789063876,mongodb-sharded-mongos,Running,True
1789063876,mongodb-sharded-mongos,Running,True
1789063876,mongodb-sharded-mongos,Running,True
1789063876,mongodb-sharded-shardsvr,Running,True
1789063876,mongodb-sharded-shardsvr,Running,True
1789063876,mongodb-sharded-shardsvr,Running,True
1789063876,mongodb-sharded-shardsvr,Running,True
1789063876,mongodb-sharded-shardsvr,Running,True
1789063876,mongodb-sharded-shardsvr,Running,True
1789063876,nginx-thrift,Running,True
1789063876,nginx-thrift,Running,True
1789063876,post-storage-service,Running,True
1789063876,social-graph-redis,Running,True
1789063876,social-graph-service,Running,True
1789063876,social-network-mcrouter,Running,True
1789063876,social-network-mcrouter,Running,True
1789063876,social-network-mcrouter,Running,True
1789063876,memcached,Running,True
1789063876,memcached,Running,True
1789063876,memcached,Running,True
1789063876,memcached,Running,True
1789063876,memcached,Running,True
1789063876,memcached,Running,True
1789063876,text-service,Running,True
1789063876,unique-id-service,Running,True
1789063876,url-shorten-service,Running,True
1789063876,user-mention-service,Running,True
1789063876,user-service,Running,True
1789063876,user-timeline-redis,Running,True
1789063876,user-timeline-service,Running,True
1789063877,compose-post-service,Running,True
1789063877,home-timeline-redis,Running,True
1789063877,home-timeline-service,Running,True
1789063877,jaeger,Running,True
1789063877,media-frontend,Running,True
1789063877,media-service,Running,True
1789063877,mongodb-sharded-configsvr,Running,True
1789063877,mongodb-sharded-mongos,Running,True
1789063877,mongodb-sharded-mongos,Running,True
1789063877,mongodb-sharded-mongos,Running,True
1789063877,mongodb-sharded-shardsvr,Running,True
1789063877,mongodb-sharded-shardsvr,Running,True
1789063877,mongodb-sharded-shardsvr,Running,True
1789063877,mongodb-sharded-shardsvr,Running,True
1789063877,mongodb-sharded-shardsvr,Running,True
1789063877,mongodb-sharded-shardsvr,Running,True
1789063877,nginx-thrift,Running,True
1789063877,nginx-thrift,Running,True
1789063877,post-storage-service,Running,True
1789063877,social-graph-redis,Running,True
1789063877,social-graph-service,Running,True
1789063877,social-network-mcrouter,Running,True
1789063877,social-network-mcrouter,Running,True
1789063877,social-network-mcrouter,Running,True
1789063877,memcached,Running,True
1789063877,memcached,Running,True
1789063877,memcached,Running,True
1789063877,memcached,Running,True
1789063877,memcached,Running,True
1789063877,memcached,Running,True
1789063877,text-service,Running,True
1789063877,unique-id-service,Running,True
1789063877,url-shorten-service,Running,True
1789063877,user-mention-service,Running,True
1789063877,user-service,Running,True
1789063877,user-timeline-redis,Running,True
1789063877,user-timeline-service,Running,True
1789063878,compose-post-service,Running,True
1789063878,home-timeline-redis,Running,True
1789063878,home-timeline-service,Running,True
1789063878,jaeger,Running,True
1789063878,media-frontend,Running,True
1789063878,media-service,Running,True
1789063878,mongodb-sharded-configsvr,Running,True
1789063878,mongodb-sharded-mongos,Running,True
1789063878,mongodb-sharded-mongos,Running,True
1789063878,mongodb-sharded-mongos,Running,True
1789063878,mongodb-sharded-shardsvr,Running,True
1789063878,mongodb-sharded-shardsvr,Running,True
1789063878,mongodb-sharded-shardsvr,Running,True
1789063878,mongodb-sharded-shardsvr,Running,True
1789063878,mongodb-sharded-shardsvr,Running,True
1789063878,mongodb-sharded-shardsvr,Running,True
1789063878,nginx-thrift,Running,True
1789063878,nginx-thrift,Running,True
1789063878,post-storage-service,Running,True
1789063878,social-graph-redis,Running,True
1789063878,social-graph-service,Running,True
1789063878,social-network-mcrouter,Running,True
1789063878,social-network-mcrouter,Running,True
1789063878,social-network-mcrouter,Running,True
1789063878,memcached,Running,True
1789063878,memcached,Running,True
1789063878,memcached,Running,True
1789063878,memcached,Running,True
1789063878,memcached,Running,True
1789063878,memcached,Running,True
1789063878,text-service,Running,True
1789063878,unique-id-service,Running,True
1789063878,url-shorten-service,Running,True
1789063878,user-mention-service,Running,True
1789063878,user-service,Running,True
1789063878,user-timeline-redis,Running,True
1789063878,user-timeline-service,Running,True
1789063879,compose-post-service,Running,True
1789063879,home-timeline-redis,Running,True
1789063879,home-timeline-service,Running,True
1789063879,jaeger,Running,True
1789063879,media-frontend,Running,True
1789063879,media-service,Running,True
1789063879,mongodb-sharded-configsvr,Running,True
1789063879,mongodb-sharded-mongos,Running,True
1789063879,mongodb-sharded-mongos,Running,True
1789063879,mongodb-sharded-mongos,Running,True
1789063879,mongodb-sharded-shardsvr,Running,True
1789063879,mongodb-sharded-shardsvr,Running,True
1789063879,mongodb-sharded-shardsvr,Running,True
1789063879,mongodb-sharded-shardsvr,Running,True
1789063879,mongodb-sharded-shardsvr,Running,True
1789063879,mongodb-sharded-shardsvr,Running,True
1789063879,nginx-thrift,Running,True
1789063879,nginx-thrift,Running,True
1789063879,post-storage-service,Running,True
1789063879,social-graph-redis,Running,True
1789063879,social-graph-service,Running,True
1789063879,social-network-mcrouter,Running,True
1789063879,social-network-mcrouter,Running,True
1789063879,social-network-mcrouter,Running,True
1789063879,memcached,Running,True
1789063879,memcached,Running,True
1789063879,memcached,Running,True
1789063879,memcached,Running,True
1789063879,memcached,Running,True
1789063879,memcached,Running,True
1789063879,text-service,Running,True
1789063879,unique-id-service,Running,True
1789063879,url-shorten-service,Running,True
1789063879,user-mention-service,Running,True
1789063879,user-service,Running,True
1789063879,user-timeline-redis,Running,True
1789063879,user-timeline-service,Running,True
1789063880,compose-post-service,Running,True
1789063880,home-timeline-redis,Running,True
1789063880,home-timeline-service,Running,True
1789063880,jaeger,Running,True
1789063880,media-frontend,Running,True
1789063880,media-service,Running,True
1789063880,mongodb-sharded-configsvr,Running,True
1789063880,mongodb-sharded-mongos,Running,True
1789063880,mongodb-sharded-mongos,Running,True
1789063880,mongodb-sharded-mongos,Running,True
1789063880,mongodb-sharded-shardsvr,Running,True
1789063880,mongodb-sharded-shardsvr,Running,True
1789063880,mongodb-sharded-shardsvr,Running,True
1789063880,mongodb-sharded-shardsvr,Running,True
1789063880,mongodb-sharded-shardsvr,Running,True
1789063880,mongodb-sharded-shardsvr,Running,True
1789063880,nginx-thrift,Running,True
1789063880,nginx-thrift,Running,True
1789063880,post-storage-service,Running,True
1789063880,social-graph-redis,Running,True
1789063880,social-graph-service,Running,True
1789063880,social-network-mcrouter,Running,True
1789063880,social-network-mcrouter,Running,True
1789063880,social-network-mcrouter,Running,True
1789063880,memcached,Running,True
1789063880,memcached,Running,True
1789063880,memcached,Running,True
1789063880,memcached,Running,True
1789063880,memcached,Running,True
1789063880,memcached,Running,True
1789063880,text-service,Running,True
1789063880,unique-id-service,Running,True
1789063880,url-shorten-service,Running,True
1789063880,user-mention-service,Running,True
1789063880,user-service,Running,True
1789063880,user-timeline-redis,Running,True
1789063880,user-timeline-service,Running,True
1789063881,compose-post-service,Running,True
1789063881,home-timeline-redis,Running,True
1789063881,home-timeline-service,Running,True
1789063881,jaeger,Running,True
1789063881,media-frontend,Running,True
1789063881,media-service,Running,True
1789063881,mongodb-sharded-configsvr,Running,True
1789063881,mongodb-sharded-mongos,Running,True
1789063881,mongodb-sharded-mongos,Running,True
1789063881,mongodb-sharded-mongos,Running,True
1789063881,mongodb-sharded-shardsvr,Running,True
1789063881,mongodb-sharded-shardsvr,Running,True
1789063881,mongodb-sharded-shardsvr,Running,True
1789063881,mongodb-sharded-shardsvr,Running,True
1789063881,mongodb-sharded-shardsvr,Running,True
1789063881,mongodb-sharded-shardsvr,Running,True
1789063881,nginx-thrift,Running,True
1789063881,nginx-thrift,Running,True
1789063881,post-storage-service,Running,True
1789063881,social-graph-redis,Running,True
1789063881,social-graph-service,Running,True
1789063881,social-network-mcrouter,Running,True
1789063881,social-network-mcrouter,Running,True
1789063881,social-network-mcrouter,Running,True
1789063881,memcached,Running,True
1789063881,memcached,Running,True
1789063881,memcached,Running,True
1789063881,memcached,Running,True
1789063881,memcached,Running,True
1789063881,memcached,Running,True
1789063881,text-service,Running,True
1789063881,unique-id-service,Running,True
1789063881,url-shorten-service,Running,True
1789063881,user-mention-service,Running,True
1789063881,user-service,Running,True
1789063881,user-timeline-redis,Running,True
1789063881,user-timeline-service,Running,True
1789063882,compose-post-service,Running,True
1789063882,home-timeline-redis,Running,True
1789063882,home-timeline-service,Running,True
1789063882,jaeger,Running,True
1789063882,media-frontend,Running,True
1789063882,media-service,Running,True
1789063882,mongodb-sharded-configsvr,Running,True
1789063882,mongodb-sharded-mongos,Running,True
1789063882,mongodb-sharded-mongos,Running,True
1789063882,mongodb-sharded-mongos,Running,True
1789063882,mongodb-sharded-shardsvr,Running,True
1789063882,mongodb-sharded-shardsvr,Running,True
1789063882,mongodb-sharded-shardsvr,Running,True
1789063882,mongodb-sharded-shardsvr,Running,True
1789063882,mongodb-sharded-shardsvr,Running,True
1789063882,mongodb-sharded-shardsvr,Running,True
1789063882,nginx-thrift,Running,True
1789063882,nginx-thrift,Running,True
1789063882,post-storage-service,Running,True
1789063882,social-graph-redis,Running,True
1789063882,social-graph-service,Running,True
1789063882,social-network-mcrouter,Running,True
1789063882,social-network-mcrouter,Running,True
1789063882,social-network-mcrouter,Running,True
1789063882,memcached,Running,True
1789063882,memcached,Running,True
1789063882,memcached,Running,True
1789063882,memcached,Running,True
1789063882,memcached,Running,True
1789063882,memcached,Running,True
1789063882,text-service,Running,True
1789063882,unique-id-service,Running,True
1789063882,url-shorten-service,Running,True
1789063882,user-mention-service,Running,True
1789063882,user-service,Running,True
1789063882,user-timeline-redis,Running,True
1789063882,user-timeline-service,Running,True
1789063883,compose-post-service,Running,True
1789063883,home-timeline-redis,Running,True
1789063883,home-timeline-service,Running,True
1789063883,jaeger,Running,True
1789063883,media-frontend,Running,True
1789063883,media-service,Running,True
1789063883,mongodb-sharded-configsvr,Running,True
1789063883,mongodb-sharded-mongos,Running,True
1789063883,mongodb-sharded-mongos,Running,True
1789063883,mongodb-sharded-mongos,Running,True
1789063883,mongodb-sharded-shardsvr,Running,True
1789063883,mongodb-sharded-shardsvr,Running,True
1789063883,mongodb-sharded-shardsvr,Running,True
1789063883,mongodb-sharded-shardsvr,Running,True
1789063883,mongodb-sharded-shardsvr,Running,True
1789063883,mongodb-sharded-shardsvr,Running,True
1789063883,nginx-thrift,Running,True
1789063883,nginx-thrift,Running,True
1789063883,post-storage-service,Running,True
1789063883,social-graph-redis,Running,True
1789063883,social-graph-service,Running,True
1789063883,social-network-mcrouter,Running,True
1789063883,social-network-mcrouter,Running,True
1789063883,social-network-mcrouter,Running,True
1789063883,memcached,Running,True
1789063883,memcached,Running,True
1789063883,memcached,Running,True
1789063883,memcached,Running,True
1789063883,memcached,Running,True
1789063883,memcached,Running,True
1789063883,text-service,Running,True
1789063883,unique-id-service,Running,True
1789063883,url-shorten-service,Running,True
1789063883,user-mention-service,Running,True
1789063883,user-service,Running,True
1789063883,user-timeline-redis,Running,True
1789063883,user-timeline-service,Running,True
1789063884,compose-post-service,Running,True
1789063884,home-timeline-redis,Running,True
1789063884,home-timeline-service,Running,True
1789063884,jaeger,Running,True
1789063884,media-frontend,Running,True
1789063884,media-service,Running,True
1789063884,mongodb-sharded-configsvr,Running,True
1789063884,mongodb-sharded-mongos,Running,True
1789063884,mongodb-sharded-mongos,Running,True
1789063884,mongodb-sharded-mongos,Running,True
1789063884,mongodb-sharded-shardsvr,Running,True
1789063884,mongodb-sharded-shardsvr,Running,True
1789063884,mongodb-sharded-shardsvr,Running,True
1789063884,mongodb-sharded-shardsvr,Running,True
1789063884,mongodb-sharded-shardsvr,Running,True
1789063884,mongodb-sharded-shardsvr,Running,True
1789063884,nginx-thrift,Running,True
1789063884,nginx-thrift,Running,True
1789063884,post-storage-service,Running,True
1789063884,social-graph-redis,Running,True
1789063884,social-graph-service,Running,True
1789063884,social-network-mcrouter,Running,True
1789063884,social-network-mcrouter,Running,True
1789063884,social-network-mcrouter,Running,True
1789063884,memcached,Running,True
1789063884,memcached,Running,True
1789063884,memcached,Running,True
1789063884,memcached,Running,True
1789063884,memcached,Running,True
1789063884,memcached,Running,True
1789063884,text-service,Running,True
1789063884,unique-id-service,Running,True
1789063884,url-shorten-service,Running,True
1789063884,user-mention-service,Running,True
1789063884,user-service,Running,True
1789063884,user-timeline-redis,Running,True
1789063884,user-timeline-service,Running,True
1789063885,compose-post-service,Running,True
1789063885,home-timeline-redis,Running,True
1789063885,home-timeline-service,Running,True
1789063885,jaeger,Running,True
1789063885,media-frontend,Running,True
1789063885,media-service,Running,True
1789063885,mongodb-sharded-configsvr,Running,True
1789063885,mongodb-sharded-mongos,Running,True
1789063885,mongodb-sharded-mongos,Running,True
1789063885,mongodb-sharded-mongos,Running,True
1789063885,mongodb-sharded-shardsvr,Running,True
1789063885,mongodb-sharded-shardsvr,Running,True
1789063885,mongodb-sharded-shardsvr,Running,True
1789063885,mongodb-sharded-shardsvr,Running,True
1789063885,mongodb-sharded-shardsvr,Running,True
1789063885,mongodb-sharded-shardsvr,Running,True
1789063885,nginx-thrift,Running,True
1789063885,nginx-thrift,Running,True
1789063885,post-storage-service,Running,True
1789063885,social-graph-redis,Running,True
1789063885,social-graph-service,Running,True
1789063885,social-network-mcrouter,Running,True
1789063885,social-network-mcrouter,Running,True
1789063885,social-network-mcrouter,Running,True
1789063885,memcached,Running,True
1789063885,memcached,Running,True
1789063885,memcached,Running,True
1789063885,memcached,Running,True
1789063885,memcached,Running,True
1789063885,memcached,Running,True
1789063885,text-service,Running,True
1789063885,unique-id-service,Running,True
1789063885,url-shorten-service,Running,True
1789063885,user-mention-service,Running,True
1789063885,user-service,Running,True
1789063885,user-timeline-redis,Running,True
1789063885,user-timeline-service,Running,True
1789063886,compose-post-service,Running,True
1789063886,home-timeline-redis,Running,True
1789063886,home-timeline-service,Running,True
1789063886,jaeger,Running,True
1789063886,media-frontend,Running,True
1789063886,media-service,Running,True
1789063886,mongodb-sharded-configsvr,Running,True
1789063886,mongodb-sharded-mongos,Running,True
1789063886,mongodb-sharded-mongos,Running,True
1789063886,mongodb-sharded-mongos,Running,True
1789063886,mongodb-sharded-shardsvr,Running,True
1789063886,mongodb-sharded-shardsvr,Running,True
1789063886,mongodb-sharded-shardsvr,Running,True
1789063886,mongodb-sharded-shardsvr,Running,True
1789063886,mongodb-sharded-shardsvr,Running,True
1789063886,mongodb-sharded-shardsvr,Running,True
1789063886,nginx-thrift,Running,True
1789063886,nginx-thrift,Running,True
1789063886,post-storage-service,Running,True
1789063886,social-graph-redis,Running,True
1789063886,social-graph-service,Running,True
1789063886,social-network-mcrouter,Running,True
1789063886,social-network-mcrouter,Running,True
1789063886,social-network-mcrouter,Running,True
1789063886,memcached,Running,True
1789063886,memcached,Running,True
1789063886,memcached,Running,True
1789063886,memcached,Running,True
1789063886,memcached,Running,True
1789063886,memcached,Running,True
1789063886,text-service,Running,True
1789063886,unique-id-service,Running,True
1789063886,url-shorten-service,Running,True
1789063886,user-mention-service,Running,True
1789063886,user-service,Running,True
1789063886,user-timeline-redis,Running,True
1789063886,user-timeline-service,Running,True
1789063887,compose-post-service,Running,True
1789063887,home-timeline-redis,Running,True
1789063887,home-timeline-service,Running,True
1789063887,jaeger,Running,True
1789063887,media-frontend,Running,True
1789063887,media-service,Running,True
1789063887,mongodb-sharded-configsvr,Running,True
1789063887,mongodb-sharded-mongos,Running,True
1789063887,mongodb-sharded-mongos,Running,True
1789063887,mongodb-sharded-mongos,Running,True
1789063887,mongodb-sharded-shardsvr,Running,True
1789063887,mongodb-sharded-shardsvr,Running,True
1789063887,mongodb-sharded-shardsvr,Running,True
1789063887,mongodb-sharded-shardsvr,Running,True
1789063887,mongodb-sharded-shardsvr,Running,True
1789063887,mongodb-sharded-shardsvr,Running,True
1789063887,nginx-thrift,Running,True
1789063887,nginx-thrift,Running,True
1789063887,post-storage-service,Running,True
1789063887,social-graph-redis,Running,True
1789063887,social-graph-service,Running,True
1789063887,social-network-mcrouter,Running,True
1789063887,social-network-mcrouter,Running,True
1789063887,social-network-mcrouter,Running,True
1789063887,memcached,Running,True
1789063887,memcached,Running,True
1789063887,memcached,Running,True
1789063887,memcached,Running,True
1789063887,memcached,Running,True
1789063887,memcached,Running,True
1789063887,text-service,Running,True
1789063887,unique-id-service,Running,True
1789063887,url-shorten-service,Running,True
1789063887,user-mention-service,Running,True
1789063887,user-service,Running,True
1789063887,user-timeline-redis,Running,True
1789063887,user-timeline-service,Running,True
1789063888,compose-post-service,Running,True
1789063888,home-timeline-redis,Running,True
1789063888,home-timeline-service,Running,True
1789063888,jaeger,Running,True
1789063888,media-frontend,Running,True
1789063888,media-service,Running,True
1789063888,mongodb-sharded-configsvr,Running,True
1789063888,mongodb-sharded-mongos,Running,True
1789063888,mongodb-sharded-mongos,Running,True
1789063888,mongodb-sharded-mongos,Running,True
1789063888,mongodb-sharded-shardsvr,Running,True
1789063888,mongodb-sharded-shardsvr,Running,True
1789063888,mongodb-sharded-shardsvr,Running,True
1789063888,mongodb-sharded-shardsvr,Running,True
1789063888,mongodb-sharded-shardsvr,Running,True
1789063888,mongodb-sharded-shardsvr,Running,True
1789063888,nginx-thrift,Running,True
1789063888,nginx-thrift,Running,True
1789063888,post-storage-service,Running,True
1789063888,social-graph-redis,Running,True
1789063888,social-graph-service,Running,True
1789063888,social-network-mcrouter,Running,True
1789063888,social-network-mcrouter,Running,True
1789063888,social-network-mcrouter,Running,True
1789063888,memcached,Running,True
1789063888,memcached,Running,True
1789063888,memcached,Running,True
1789063888,memcached,Running,True
1789063888,memcached,Running,True
1789063888,memcached,Running,True
1789063888,text-service,Running,True
1789063888,unique-id-service,Running,True
1789063888,url-shorten-service,Running,True
1789063888,user-mention-service,Running,True
1789063888,user-service,Running,True
1789063888,user-timeline-redis,Running,True
1789063888,user-timeline-service,Running,True
1789063889,compose-post-service,Running,True
1789063889,home-timeline-redis,Running,True
1789063889,home-timeline-service,Running,True
1789063889,jaeger,Running,True
1789063889,media-frontend,Running,True
1789063889,media-service,Running,True
1789063889,mongodb-sharded-configsvr,Running,True
1789063889,mongodb-sharded-mongos,Running,True
1789063889,mongodb-sharded-mongos,Running,True
1789063889,mongodb-sharded-mongos,Running,True
1789063889,mongodb-sharded-shardsvr,Running,True
1789063889,mongodb-sharded-shardsvr,Running,True
1789063889,mongodb-sharded-shardsvr,Running,True
1789063889,mongodb-sharded-shardsvr,Running,True
1789063889,mongodb-sharded-shardsvr,Running,True
1789063889,mongodb-sharded-shardsvr,Running,True
1789063889,nginx-thrift,Running,True
1789063889,nginx-thrift,Running,True
1789063889,post-storage-service,Running,True
1789063889,social-graph-redis,Running,True
1789063889,social-graph-service,Running,True
1789063889,social-network-mcrouter,Running,True
1789063889,social-network-mcrouter,Running,True
1789063889,social-network-mcrouter,Running,True
1789063889,memcached,Running,True
1789063889,memcached,Running,True
1789063889,memcached,Running,True
1789063889,memcached,Running,True
1789063889,memcached,Running,True
1789063889,memcached,Running,True
1789063889,text-service,Running,True
1789063889,unique-id-service,Running,True
1789063889,url-shorten-service,Running,True
1789063889,user-mention-service,Running,True
1789063889,user-service,Running,True
1789063889,user-timeline-redis,Running,True
1789063889,user-timeline-service,Running,True
1789063890,compose-post-service,Running,True
1789063890,home-timeline-redis,Running,True
1789063890,home-timeline-service,Running,True
1789063890,jaeger,Running,True
1789063890,media-frontend,Running,True
1789063890,media-service,Running,True
1789063890,mongodb-sharded-configsvr,Running,True
1789063890,mongodb-sharded-mongos,Running,True
1789063890,mongodb-sharded-mongos,Running,True
1789063890,mongodb-sharded-mongos,Running,True
1789063890,mongodb-sharded-shardsvr,Running,True
1789063890,mongodb-sharded-shardsvr,Running,True
1789063890,mongodb-sharded-shardsvr,Running,True
1789063890,mongodb-sharded-shardsvr,Running,True
1789063890,mongodb-sharded-shardsvr,Running,True
1789063890,mongodb-sharded-shardsvr,Running,True
1789063890,nginx-thrift,Running,True
1789063890,nginx-thrift,Running,True
1789063890,post-storage-service,Running,True
1789063890,social-graph-redis,Running,True
1789063890,social-graph-service,Running,True
1789063890,social-network-mcrouter,Running,True
1789063890,social-network-mcrouter,Running,True
1789063890,social-network-mcrouter,Running,True
1789063890,memcached,Running,True
1789063890,memcached,Running,True
1789063890,memcached,Running,True
1789063890,memcached,Running,True
1789063890,memcached,Running,True
1789063890,memcached,Running,True
1789063890,text-service,Running,True
1789063890,unique-id-service,Running,True
1789063890,url-shorten-service,Running,True
1789063890,user-mention-service,Running,True
1789063890,user-service,Running,True
1789063890,user-timeline-redis,Running,True
1789063890,user-timeline-service,Running,True
1789063891,compose-post-service,Running,True
1789063891,home-timeline-redis,Running,True
1789063891,home-timeline-service,Running,True
1789063891,jaeger,Running,True
1789063891,media-frontend,Running,True
1789063891,media-service,Running,True
1789063891,mongodb-sharded-configsvr,Running,True
1789063891,mongodb-sharded-mongos,Running,True
1789063891,mongodb-sharded-mongos,Running,True
1789063891,mongodb-sharded-mongos,Running,True
1789063891,mongodb-sharded-shardsvr,Running,True
1789063891,mongodb-sharded-shardsvr,Running,True
1789063891,mongodb-sharded-shardsvr,Running,True
1789063891,mongodb-sharded-shardsvr,Running,True
1789063891,mongodb-sharded-shardsvr,Running,True
1789063891,mongodb-sharded-shardsvr,Running,True
1789063891,nginx-thrift,Running,True
1789063891,nginx-thrift,Running,True
1789063891,post-storage-service,Running,True
1789063891,social-graph-redis,Running,True
1789063891,social-graph-service,Running,True
1789063891,social-network-mcrouter,Running,True
1789063891,social-network-mcrouter,Running,True
1789063891,social-network-mcrouter,Running,True
1789063891,memcached,Running,True
1789063891,memcached,Running,True
1789063891,memcached,Running,True
1789063891,memcached,Running,True
1789063891,memcached,Running,True
1789063891,memcached,Running,True
1789063891,text-service,Running,True
1789063891,unique-id-service,Running,True
1789063891,url-shorten-service,Running,True
1789063891,user-mention-service,Running,True
1789063891,user-service,Running,True
1789063891,user-timeline-redis,Running,True
1789063891,user-timeline-service,Running,True
1789063892,compose-post-service,Running,True
1789063892,home-timeline-redis,Running,True
1789063892,home-timeline-service,Running,True
1789063892,jaeger,Running,True
1789063892,media-frontend,Running,True
1789063892,media-service,Running,True
1789063892,mongodb-sharded-configsvr,Running,True
1789063892,mongodb-sharded-mongos,Running,True
1789063892,mongodb-sharded-mongos,Running,True
1789063892,mongodb-sharded-mongos,Running,True
1789063892,mongodb-sharded-shardsvr,Running,True
1789063892,mongodb-sharded-shardsvr,Running,True
1789063892,mongodb-sharded-shardsvr,Running,True
1789063892,mongodb-sharded-shardsvr,Running,True
1789063892,mongodb-sharded-shardsvr,Running,True
1789063892,mongodb-sharded-shardsvr,Running,True
1789063892,nginx-thrift,Running,True
1789063892,nginx-thrift,Running,True
1789063892,post-storage-service,Running,True
1789063892,social-graph-redis,Running,True
1789063892,social-graph-service,Running,True
1789063892,social-network-mcrouter,Running,True
1789063892,social-network-mcrouter,Running,True
1789063892,social-network-mcrouter,Running,True
1789063892,memcached,Running,True
1789063892,memcached,Running,True
1789063892,memcached,Running,True
1789063892,memcached,Running,True
1789063892,memcached,Running,True
1789063892,memcached,Running,True
1789063892,text-service,Running,True
1789063892,unique-id-service,Running,True
1789063892,url-shorten-service,Running,True
1789063892,user-mention-service,Running,True
1789063892,user-service,Running,True
1789063892,user-timeline-redis,Running,True
1789063892,user-timeline-service,Running,True
1789063893,compose-post-service,Running,True
1789063893,home-timeline-redis,Running,True
1789063893,home-timeline-service,Running,True
1789063893,jaeger,Running,True
1789063893,media-frontend,Running,True
1789063893,media-service,Running,True
1789063893,mongodb-sharded-configsvr,Running,True
1789063893,mongodb-sharded-mongos,Running,True
1789063893,mongodb-sharded-mongos,Running,True
1789063893,mongodb-sharded-mongos,Running,True
1789063893,mongodb-sharded-shardsvr,Running,True
1789063893,mongodb-sharded-shardsvr,Running,True
1789063893,mongodb-sharded-shardsvr,Running,True
1789063893,mongodb-sharded-shardsvr,Running,True
1789063893,mongodb-sharded-shardsvr,Running,True
1789063893,mongodb-sharded-shardsvr,Running,True
1789063893,nginx-thrift,Running,True
1789063893,nginx-thrift,Running,True
1789063893,post-storage-service,Running,True
1789063893,social-graph-redis,Running,True
1789063893,social-graph-service,Running,True
1789063893,social-network-mcrouter,Running,True
1789063893,social-network-mcrouter,Running,True
1789063893,social-network-mcrouter,Running,True
1789063893,memcached,Running,True
1789063893,memcached,Running,True
1789063893,memcached,Running,True
1789063893,memcached,Running,True
1789063893,memcached,Running,True
1789063893,memcached,Running,True
1789063893,text-service,Running,True
1789063893,unique-id-service,Running,True
1789063893,url-shorten-service,Running,True
1789063893,user-mention-service,Running,True
1789063893,user-service,Running,True
1789063893,user-timeline-redis,Running,True
1789063893,user-timeline-service,Running,True
1789063894,compose-post-service,Running,True
1789063894,home-timeline-redis,Running,True
1789063894,home-timeline-service,Running,True
1789063894,jaeger,Running,True
1789063894,media-frontend,Running,True
1789063894,media-service,Running,True
1789063894,mongodb-sharded-configsvr,Running,True
1789063894,mongodb-sharded-mongos,Running,True
1789063894,mongodb-sharded-mongos,Running,True
1789063894,mongodb-sharded-mongos,Running,True
1789063894,mongodb-sharded-shardsvr,Running,True
1789063894,mongodb-sharded-shardsvr,Running,True
1789063894,mongodb-sharded-shardsvr,Running,True
1789063894,mongodb-sharded-shardsvr,Running,True
1789063894,mongodb-sharded-shardsvr,Running,True
1789063894,mongodb-sharded-shardsvr,Running,True
1789063894,nginx-thrift,Running,True
1789063894,nginx-thrift,Running,True
1789063894,post-storage-service,Running,True
1789063894,social-graph-redis,Running,True
1789063894,social-graph-service,Running,True
1789063894,social-network-mcrouter,Running,True
1789063894,social-network-mcrouter,Running,True
1789063894,social-network-mcrouter,Running,True
1789063894,memcached,Running,True
1789063894,memcached,Running,True
1789063894,memcached,Running,True
1789063894,memcached,Running,True
1789063894,memcached,Running,True
1789063894,memcached,Running,True
1789063894,text-service,Running,True
1789063894,unique-id-service,Running,True
1789063894,url-shorten-service,Running,True
1789063894,user-mention-service,Running,True
1789063894,user-service,Running,True
1789063894,user-timeline-redis,Running,True
1789063894,user-timeline-service,Running,True
1789063895,compose-post-service,Running,True
1789063895,home-timeline-redis,Running,True
1789063895,home-timeline-service,Running,True
1789063895,jaeger,Running,True
1789063895,media-frontend,Running,True
1789063895,media-service,Running,True
1789063895,mongodb-sharded-configsvr,Running,True
1789063895,mongodb-sharded-mongos,Running,True
1789063895,mongodb-sharded-mongos,Running,True
1789063895,mongodb-sharded-mongos,Running,True
1789063895,mongodb-sharded-shardsvr,Running,True
1789063895,mongodb-sharded-shardsvr,Running,True
1789063895,mongodb-sharded-shardsvr,Running,True
1789063895,mongodb-sharded-shardsvr,Running,True
1789063895,mongodb-sharded-shardsvr,Running,True
1789063895,mongodb-sharded-shardsvr,Running,True
1789063895,nginx-thrift,Running,True
1789063895,nginx-thrift,Running,True
1789063895,post-storage-service,Running,True
1789063895,social-graph-redis,Running,True
1789063895,social-graph-service,Running,True
1789063895,social-network-mcrouter,Running,True
1789063895,social-network-mcrouter,Running,True
1789063895,social-network-mcrouter,Running,True
1789063895,memcached,Running,True
1789063895,memcached,Running,True
1789063895,memcached,Running,True
1789063895,memcached,Running,True
1789063895,memcached,Running,True
1789063895,memcached,Running,True
1789063895,text-service,Running,True
1789063895,unique-id-service,Running,True
1789063895,url-shorten-service,Running,True
1789063895,user-mention-service,Running,True
1789063895,user-service,Running,True
1789063895,user-timeline-redis,Running,True
1789063895,user-timeline-service,Running,True
1789063896,compose-post-service,Running,True
1789063896,home-timeline-redis,Running,True
1789063896,home-timeline-service,Running,True
1789063896,jaeger,Running,True
1789063896,media-frontend,Running,True
1789063896,media-service,Running,True
1789063896,mongodb-sharded-configsvr,Running,True
1789063896,mongodb-sharded-mongos,Running,True
1789063896,mongodb-sharded-mongos,Running,True
1789063896,mongodb-sharded-mongos,Running,True
1789063896,mongodb-sharded-shardsvr,Running,True
1789063896,mongodb-sharded-shardsvr,Running,True
1789063896,mongodb-sharded-shardsvr,Running,True
1789063896,mongodb-sharded-shardsvr,Running,True
1789063896,mongodb-sharded-shardsvr,Running,True
1789063896,mongodb-sharded-shardsvr,Running,True
1789063896,nginx-thrift,Running,True
1789063896,nginx-thrift,Running,True
1789063896,post-storage-service,Running,True
1789063896,social-graph-redis,Running,True
1789063896,social-graph-service,Running,True
1789063896,social-network-mcrouter,Running,True
1789063896,social-network-mcrouter,Running,True
1789063896,social-network-mcrouter,Running,True
1789063896,memcached,Running,True
1789063896,memcached,Running,True
1789063896,memcached,Running,True
1789063896,memcached,Running,True
1789063896,memcached,Running,True
1789063896,memcached,Running,True
1789063896,text-service,Running,True
1789063896,unique-id-service,Running,True
1789063896,url-shorten-service,Running,True
1789063896,user-mention-service,Running,True
1789063896,user-service,Running,True
1789063896,user-timeline-redis,Running,True
1789063896,user-timeline-service,Running,True
1789063897,compose-post-service,Running,True
1789063897,home-timeline-redis,Running,True
1789063897,home-timeline-service,Running,True
1789063897,jaeger,Running,True
1789063897,media-frontend,Running,True
1789063897,media-service,Running,True
1789063897,mongodb-sharded-configsvr,Running,True
1789063897,mongodb-sharded-mongos,Running,True
1789063897,mongodb-sharded-mongos,Running,True
1789063897,mongodb-sharded-mongos,Running,True
1789063897,mongodb-sharded-shardsvr,Running,True
1789063897,mongodb-sharded-shardsvr,Running,True
1789063897,mongodb-sharded-shardsvr,Running,True
1789063897,mongodb-sharded-shardsvr,Running,True
1789063897,mongodb-sharded-shardsvr,Running,True
1789063897,mongodb-sharded-shardsvr,Running,True
1789063897,nginx-thrift,Running,True
1789063897,nginx-thrift,Running,True
1789063897,post-storage-service,Running,True
1789063897,social-graph-redis,Running,True
1789063897,social-graph-service,Running,True
1789063897,social-network-mcrouter,Running,True
1789063897,social-network-mcrouter,Running,True
1789063897,social-network-mcrouter,Running,True
1789063897,memcached,Running,True
1789063897,memcached,Running,True
1789063897,memcached,Running,True
1789063897,memcached,Running,True
1789063897,memcached,Running,True
1789063897,memcached,Running,True
1789063897,text-service,Running,True
1789063897,unique-id-service,Running,True
1789063897,url-shorten-service,Running,True
1789063897,user-mention-service,Running,True
1789063897,user-service,Running,True
1789063897,user-timeline-redis,Running,True
1789063897,user-timeline-service,Running,True
1789063898,compose-post-service,Running,True
1789063898,home-timeline-redis,Running,True
1789063898,home-timeline-service,Running,True
1789063898,jaeger,Running,True
1789063898,media-frontend,Running,True
1789063898,media-service,Running,True
1789063898,mongodb-sharded-configsvr,Running,True
1789063898,mongodb-sharded-mongos,Running,True
1789063898,mongodb-sharded-mongos,Running,True
1789063898,mongodb-sharded-mongos,Running,True
1789063898,mongodb-sharded-shardsvr,Running,True
1789063898,mongodb-sharded-shardsvr,Running,True
1789063898,mongodb-sharded-shardsvr,Running,True
1789063898,mongodb-sharded-shardsvr,Running,True
1789063898,mongodb-sharded-shardsvr,Running,True
1789063898,mongodb-sharded-shardsvr,Running,True
1789063898,nginx-thrift,Running,True
1789063898,nginx-thrift,Running,True
1789063898,post-storage-service,Running,True
1789063898,social-graph-redis,Running,True
1789063898,social-graph-service,Running,True
1789063898,social-network-mcrouter,Running,True
1789063898,social-network-mcrouter,Running,True
1789063898,social-network-mcrouter,Running,True
1789063898,memcached,Running,True
1789063898,memcached,Running,True
1789063898,memcached,Running,True
1789063898,memcached,Running,True
1789063898,memcached,Running,True
1789063898,memcached,Running,True
1789063898,text-service,Running,True
1789063898,unique-id-service,Running,True
1789063898,url-shorten-service,Running,True
1789063898,user-mention-service,Running,True
1789063898,user-service,Running,True
1789063898,user-timeline-redis,Running,True
1789063898,user-timeline-service,Running,True
1789063899,compose-post-service,Running,True
1789063899,home-timeline-redis,Running,True
1789063899,home-timeline-service,Running,True
1789063899,jaeger,Running,True
1789063899,media-frontend,Running,True
1789063899,media-service,Running,True
1789063899,mongodb-sharded-configsvr,Running,True
1789063899,mongodb-sharded-mongos,Running,True
1789063899,mongodb-sharded-mongos,Running,True
1789063899,mongodb-sharded-mongos,Running,True
1789063899,mongodb-sharded-shardsvr,Running,True
1789063899,mongodb-sharded-shardsvr,Running,True
1789063899,mongodb-sharded-shardsvr,Running,True
1789063899,mongodb-sharded-shardsvr,Running,True
1789063899,mongodb-sharded-shardsvr,Running,True
1789063899,mongodb-sharded-shardsvr,Running,True
1789063899,nginx-thrift,Running,True
1789063899,nginx-thrift,Running,True
1789063899,post-storage-service,Running,True
1789063899,social-graph-redis,Running,True
1789063899,social-graph-service,Running,True
1789063899,social-network-mcrouter,Running,True
1789063899,social-network-mcrouter,Running,True
1789063899,social-network-mcrouter,Running,True
1789063899,memcached,Running,True
1789063899,memcached,Running,True
1789063899,memcached,Running,True
1789063899,memcached,Running,True
1789063899,memcached,Running,True
1789063899,memcached,Running,True
1789063899,text-service,Running,True
1789063899,unique-id-service,Running,True
1789063899,url-shorten-service,Running,True
1789063899,user-mention-service,Running,True
1789063899,user-service,Running,True
1789063899,user-timeline-redis,Running,True
1789063899,user-timeline-service,Running,True
1789063900,compose-post-service,Running,True
1789063900,home-timeline-redis,Running,True
1789063900,home-timeline-service,Running,True
1789063900,jaeger,Running,True
1789063900,media-frontend,Running,True
1789063900,media-service,Running,True
1789063900,mongodb-sharded-configsvr,Running,True
1789063900,mongodb-sharded-mongos,Running,True
1789063900,mongodb-sharded-mongos,Running,True
1789063900,mongodb-sharded-mongos,Running,True
1789063900,mongodb-sharded-shardsvr,Running,True
1789063900,mongodb-sharded-shardsvr,Running,True
1789063900,mongodb-sharded-shardsvr,Running,True
1789063900,mongodb-sharded-shardsvr,Running,True
1789063900,mongodb-sharded-shardsvr,Running,True
1789063900,mongodb-sharded-shardsvr,Running,True
1789063900,nginx-thrift,Running,True
1789063900,nginx-thrift,Running,True
1789063900,post-storage-service,Running,True
1789063900,social-graph-redis,Running,True
1789063900,social-graph-service,Running,True
1789063900,social-network-mcrouter,Running,True
1789063900,social-network-mcrouter,Running,True
1789063900,social-network-mcrouter,Running,True
1789063900,memcached,Running,True
1789063900,memcached,Running,True
1789063900,memcached,Running,True
1789063900,memcached,Running,True
1789063900,memcached,Running,True
1789063900,memcached,Running,True
1789063900,text-service,Running,True
1789063900,unique-id-service,Running,True
1789063900,url-shorten-service,Running,True
1789063900,user-mention-service,Running,True
1789063900,user-service,Running,True
1789063900,user-timeline-redis,Running,True
1789063900,user-timeline-service,Running,True
1789063901,compose-post-service,Running,True
1789063901,home-timeline-redis,Running,True
1789063901,home-timeline-service,Running,True
1789063901,jaeger,Running,True
1789063901,media-frontend,Running,True
1789063901,media-service,Running,True
1789063901,mongodb-sharded-configsvr,Running,True
1789063901,mongodb-sharded-mongos,Running,True
1789063901,mongodb-sharded-mongos,Running,True
1789063901,mongodb-sharded-mongos,Running,True
1789063901,mongodb-sharded-shardsvr,Running,True
1789063901,mongodb-sharded-shardsvr,Running,True
1789063901,mongodb-sharded-shardsvr,Running,True
1789063901,mongodb-sharded-shardsvr,Running,True
1789063901,mongodb-sharded-shardsvr,Running,True
1789063901,mongodb-sharded-shardsvr,Running,True
1789063901,nginx-thrift,Running,True
1789063901,nginx-thrift,Running,True
1789063901,post-storage-service,Running,True
1789063901,social-graph-redis,Running,True
1789063901,social-graph-service,Running,True
1789063901,social-network-mcrouter,Running,True
1789063901,social-network-mcrouter,Running,True
1789063901,social-network-mcrouter,Running,True
1789063901,memcached,Running,True
1789063901,memcached,Running,True
1789063901,memcached,Running,True
1789063901,memcached,Running,True
1789063901,memcached,Running,True
1789063901,memcached,Running,True
1789063901,text-service,Running,True
1789063901,unique-id-service,Running,True
1789063901,url-shorten-service,Running,True
1789063901,user-mention-service,Running,True
1789063901,user-service,Running,True
1789063901,user-timeline-redis,Running,True
1789063901,user-timeline-service,Running,True
1789063902,compose-post-service,Running,True
1789063902,home-timeline-redis,Running,True
1789063902,home-timeline-service,Running,True
1789063902,jaeger,Running,True
1789063902,media-frontend,Running,True
1789063902,media-service,Running,True
1789063902,mongodb-sharded-configsvr,Running,True
1789063902,mongodb-sharded-mongos,Running,True
1789063902,mongodb-sharded-mongos,Running,True
1789063902,mongodb-sharded-mongos,Running,True
1789063902,mongodb-sharded-shardsvr,Running,True
1789063902,mongodb-sharded-shardsvr,Running,True
1789063902,mongodb-sharded-shardsvr,Running,True
1789063902,mongodb-sharded-shardsvr,Running,True
1789063902,mongodb-sharded-shardsvr,Running,True
1789063902,mongodb-sharded-shardsvr,Running,True
1789063902,nginx-thrift,Running,True
1789063902,nginx-thrift,Running,True
1789063902,post-storage-service,Running,True
1789063902,social-graph-redis,Running,True
1789063902,social-graph-service,Running,True
1789063902,social-network-mcrouter,Running,True
1789063902,social-network-mcrouter,Running,True
1789063902,social-network-mcrouter,Running,True
1789063902,memcached,Running,True
1789063902,memcached,Running,True
1789063902,memcached,Running,True
1789063902,memcached,Running,True
1789063902,memcached,Running,True
1789063902,memcached,Running,True
1789063902,text-service,Running,True
1789063902,unique-id-service,Running,True
1789063902,url-shorten-service,Running,True
1789063902,user-mention-service,Running,True
1789063902,user-service,Running,True
1789063902,user-timeline-redis,Running,True
1789063902,user-timeline-service,Running,True
1789063903,compose-post-service,Running,True
1789063903,home-timeline-redis,Running,True
1789063903,home-timeline-service,Running,True
1789063903,jaeger,Running,True
1789063903,media-frontend,Running,True
1789063903,media-service,Running,True
1789063903,mongodb-sharded-configsvr,Running,True
1789063903,mongodb-sharded-mongos,Running,True
1789063903,mongodb-sharded-mongos,Running,True
1789063903,mongodb-sharded-mongos,Running,True
1789063903,mongodb-sharded-shardsvr,Running,True
1789063903,mongodb-sharded-shardsvr,Running,True
1789063903,mongodb-sharded-shardsvr,Running,True
1789063903,mongodb-sharded-shardsvr,Running,True
1789063903,mongodb-sharded-shardsvr,Running,True
1789063903,mongodb-sharded-shardsvr,Running,True
1789063903,nginx-thrift,Running,True
1789063903,nginx-thrift,Running,True
1789063903,post-storage-service,Running,True
1789063903,social-graph-redis,Running,True
1789063903,social-graph-service,Running,True
1789063903,social-network-mcrouter,Running,True
1789063903,social-network-mcrouter,Running,True
1789063903,social-network-mcrouter,Running,True
1789063903,memcached,Running,True
1789063903,memcached,Running,True
1789063903,memcached,Running,True
1789063903,memcached,Running,True
1789063903,memcached,Running,True
1789063903,memcached,Running,True
1789063903,text-service,Running,True
1789063903,unique-id-service,Running,True
1789063903,url-shorten-service,Running,True
1789063903,user-mention-service,Running,True
1789063903,user-service,Running,True
1789063903,user-timeline-redis,Running,True
1789063903,user-timeline-service,Running,True
1789063904,compose-post-service,Running,True
1789063904,home-timeline-redis,Running,True
1789063904,home-timeline-service,Running,True
1789063904,jaeger,Running,True
1789063904,media-frontend,Running,True
1789063904,media-service,Running,True
1789063904,mongodb-sharded-configsvr,Running,True
1789063904,mongodb-sharded-mongos,Running,True
1789063904,mongodb-sharded-mongos,Running,True
1789063904,mongodb-sharded-mongos,Running,True
1789063904,mongodb-sharded-shardsvr,Running,True
1789063904,mongodb-sharded-shardsvr,Running,True
1789063904,mongodb-sharded-shardsvr,Running,True
1789063904,mongodb-sharded-shardsvr,Running,True
1789063904,mongodb-sharded-shardsvr,Running,True
1789063904,mongodb-sharded-shardsvr,Running,True
1789063904,nginx-thrift,Running,True
1789063904,nginx-thrift,Running,True
1789063904,post-storage-service,Running,True
1789063904,social-graph-redis,Running,True
1789063904,social-graph-service,Running,True
1789063904,social-network-mcrouter,Running,True
1789063904,social-network-mcrouter,Running,True
1789063904,social-network-mcrouter,Running,True
1789063904,memcached,Running,True
1789063904,memcached,Running,True
1789063904,memcached,Running,True
1789063904,memcached,Running,True
1789063904,memcached,Running,True
1789063904,memcached,Running,True
1789063904,text-service,Running,True
1789063904,unique-id-service,Running,True
1789063904,url-shorten-service,Running,True
1789063904,user-mention-service,Running,True
1789063904,user-service,Running,True
1789063904,user-timeline-redis,Running,True
1789063904,user-timeline-service,Running,True
1789063905,compose-post-service,Running,True
1789063905,home-timeline-redis,Running,True
1789063905,home-timeline-service,Running,True
1789063905,jaeger,Running,True
1789063905,media-frontend,Running,True
1789063905,media-service,Running,True
1789063905,mongodb-sharded-configsvr,Running,True
1789063905,mongodb-sharded-mongos,Running,True
1789063905,mongodb-sharded-mongos,Running,True
1789063905,mongodb-sharded-mongos,Running,True
1789063905,mongodb-sharded-shardsvr,Running,True
1789063905,mongodb-sharded-shardsvr,Running,True
1789063905,mongodb-sharded-shardsvr,Running,True
1789063905,mongodb-sharded-shardsvr,Running,True
1789063905,mongodb-sharded-shardsvr,Running,True
1789063905,mongodb-sharded-shardsvr,Running,True
1789063905,nginx-thrift,Running,True
1789063905,nginx-thrift,Running,True
1789063905,post-storage-service,Running,True
1789063905,social-graph-redis,Running,True
1789063905,social-graph-service,Running,True
1789063905,social-network-mcrouter,Running,True
1789063905,social-network-mcrouter,Running,True
1789063905,social-network-mcrouter,Running,True
1789063905,memcached,Running,True
1789063905,memcached,Running,True
1789063905,memcached,Running,True
1789063905,memcached,Running,True
1789063905,memcached,Running,True
1789063905,memcached,Running,True
1789063905,text-service,Running,True
1789063905,unique-id-service,Running,True
1789063905,url-shorten-service,Running,True
1789063905,user-mention-service,Running,True
1789063905,user-service,Running,True
1789063905,user-timeline-redis,Running,True
1789063905,user-timeline-service,Running,True
1789063906,compose-post-service,Running,True
1789063906,home-timeline-redis,Running,True
1789063906,home-timeline-service,Running,True
1789063906,jaeger,Running,True
1789063906,media-frontend,Running,True
1789063906,media-service,Running,True
1789063906,mongodb-sharded-configsvr,Running,True
1789063906,mongodb-sharded-mongos,Running,True
1789063906,mongodb-sharded-mongos,Running,True
1789063906,mongodb-sharded-mongos,Running,True
1789063906,mongodb-sharded-shardsvr,Running,True
1789063906,mongodb-sharded-shardsvr,Running,True
1789063906,mongodb-sharded-shardsvr,Running,True
1789063906,mongodb-sharded-shardsvr,Running,True
1789063906,mongodb-sharded-shardsvr,Running,True
1789063906,mongodb-sharded-shardsvr,Running,True
1789063906,nginx-thrift,Running,True
1789063906,nginx-thrift,Running,True
1789063906,post-storage-service,Running,True
1789063906,social-graph-redis,Running,True
1789063906,social-graph-service,Running,True
1789063906,social-network-mcrouter,Running,True
1789063906,social-network-mcrouter,Running,True
1789063906,social-network-mcrouter,Running,True
1789063906,memcached,Running,True
1789063906,memcached,Running,True
1789063906,memcached,Running,True
1789063906,memcached,Running,True
1789063906,memcached,Running,True
1789063906,memcached,Running,True
1789063906,text-service,Running,True
1789063906,unique-id-service,Running,True
1789063906,url-shorten-service,Running,True
1789063906,user-mention-service,Running,True
1789063906,user-service,Running,True
1789063906,user-timeline-redis,Running,True
1789063906,user-timeline-service,Running,True
1789063907,compose-post-service,Running,True
1789063907,home-timeline-redis,Running,True
1789063907,home-timeline-service,Running,True
1789063907,jaeger,Running,True
1789063907,media-frontend,Running,True
1789063907,media-service,Running,True
1789063907,mongodb-sharded-configsvr,Running,True
1789063907,mongodb-sharded-mongos,Running,True
1789063907,mongodb-sharded-mongos,Running,True
1789063907,mongodb-sharded-mongos,Running,True
1789063907,mongodb-sharded-shardsvr,Running,True
1789063907,mongodb-sharded-shardsvr,Running,True
1789063907,mongodb-sharded-shardsvr,Running,True
1789063907,mongodb-sharded-shardsvr,Running,True
1789063907,mongodb-sharded-shardsvr,Running,True
1789063907,mongodb-sharded-shardsvr,Running,True
1789063907,nginx-thrift,Running,True
1789063907,nginx-thrift,Running,True
1789063907,post-storage-service,Running,True
1789063907,social-graph-redis,Running,True
1789063907,social-graph-service,Running,True
1789063907,social-network-mcrouter,Running,True
1789063907,social-network-mcrouter,Running,True
1789063907,social-network-mcrouter,Running,True
1789063907,memcached,Running,True
1789063907,memcached,Running,True
1789063907,memcached,Running,True
1789063907,memcached,Running,True
1789063907,memcached,Running,True
1789063907,memcached,Running,True
1789063907,text-service,Running,True
1789063907,unique-id-service,Running,True
1789063907,url-shorten-service,Running,True
1789063907,user-mention-service,Running,True
1789063907,user-service,Running,True
1789063907,user-timeline-redis,Running,True
1789063907,user-timeline-service,Running,True
1789063908,compose-post-service,Running,True
1789063908,home-timeline-redis,Running,True
1789063908,home-timeline-service,Running,True
1789063908,jaeger,Running,True
1789063908,media-frontend,Running,True
1789063908,media-service,Running,True
1789063908,mongodb-sharded-configsvr,Running,True
1789063908,mongodb-sharded-mongos,Running,True
1789063908,mongodb-sharded-mongos,Running,True
1789063908,mongodb-sharded-mongos,Running,True
1789063908,mongodb-sharded-shardsvr,Running,True
1789063908,mongodb-sharded-shardsvr,Running,True
1789063908,mongodb-sharded-shardsvr,Running,True
1789063908,mongodb-sharded-shardsvr,Running,True
1789063908,mongodb-sharded-shardsvr,Running,True
1789063908,mongodb-sharded-shardsvr,Running,True
1789063908,nginx-thrift,Running,True
1789063908,nginx-thrift,Running,True
1789063908,post-storage-service,Running,True
1789063908,social-graph-redis,Running,True
1789063908,social-graph-service,Running,True
1789063908,social-network-mcrouter,Running,True
1789063908,social-network-mcrouter,Running,True
1789063908,social-network-mcrouter,Running,True
1789063908,memcached,Running,True
1789063908,memcached,Running,True
1789063908,memcached,Running,True
1789063908,memcached,Running,True
1789063908,memcached,Running,True
1789063908,memcached,Running,True
1789063908,text-service,Running,True
1789063908,unique-id-service,Running,True
1789063908,url-shorten-service,Running,True
1789063908,user-mention-service,Running,True
1789063908,user-service,Running,True
1789063908,user-timeline-redis,Running,True
1789063908,user-timeline-service,Running,True
1789063909,compose-post-service,Running,True
1789063909,home-timeline-redis,Running,True
1789063909,home-timeline-service,Running,True
1789063909,jaeger,Running,True
1789063909,media-frontend,Running,True
1789063909,media-service,Running,True
1789063909,mongodb-sharded-configsvr,Running,True
1789063909,mongodb-sharded-mongos,Running,True
1789063909,mongodb-sharded-mongos,Running,True
1789063909,mongodb-sharded-mongos,Running,True
1789063909,mongodb-sharded-shardsvr,Running,True
1789063909,mongodb-sharded-shardsvr,Running,True
1789063909,mongodb-sharded-shardsvr,Running,True
1789063909,mongodb-sharded-shardsvr,Running,True
1789063909,mongodb-sharded-shardsvr,Running,True
1789063909,mongodb-sharded-shardsvr,Running,True
1789063909,nginx-thrift,Running,True
1789063909,nginx-thrift,Running,True
1789063909,post-storage-service,Running,True
1789063909,social-graph-redis,Running,True
1789063909,social-graph-service,Running,True
1789063909,social-network-mcrouter,Running,True
1789063909,social-network-mcrouter,Running,True
1789063909,social-network-mcrouter,Running,True
1789063909,memcached,Running,True
1789063909,memcached,Running,True
1789063909,memcached,Running,True
1789063909,memcached,Running,True
1789063909,memcached,Running,True
1789063909,memcached,Running,True
1789063909,text-service,Running,True
1789063909,unique-id-service,Running,True
1789063909,url-shorten-service,Running,True
1789063909,user-mention-service,Running,True
1789063909,user-service,Running,True
1789063909,user-timeline-redis,Running,True
1789063909,user-timeline-service,Running,True
1789063910,compose-post-service,Running,True
1789063910,home-timeline-redis,Running,True
1789063910,home-timeline-service,Running,True
1789063910,jaeger,Running,True
1789063910,media-frontend,Running,True
1789063910,media-service,Running,True
1789063910,mongodb-sharded-configsvr,Running,True
1789063910,mongodb-sharded-mongos,Running,True
1789063910,mongodb-sharded-mongos,Running,True
1789063910,mongodb-sharded-mongos,Running,True
1789063910,mongodb-sharded-shardsvr,Running,True
1789063910,mongodb-sharded-shardsvr,Running,True
1789063910,mongodb-sharded-shardsvr,Running,True
1789063910,mongodb-sharded-shardsvr,Running,True
1789063910,mongodb-sharded-shardsvr,Running,True
1789063910,mongodb-sharded-shardsvr,Running,True
1789063910,nginx-thrift,Running,True
1789063910,nginx-thrift,Running,True
1789063910,post-storage-service,Running,True
1789063910,social-graph-redis,Running,True
1789063910,social-graph-service,Running,True
1789063910,social-network-mcrouter,Running,True
1789063910,social-network-mcrouter,Running,True
1789063910,social-network-mcrouter,Running,True
1789063910,memcached,Running,True
1789063910,memcached,Running,True
1789063910,memcached,Running,True
1789063910,memcached,Running,True
1789063910,memcached,Running,True
1789063910,memcached,Running,True
1789063910,text-service,Running,True
1789063910,unique-id-service,Running,True
1789063910,url-shorten-service,Running,True
1789063910,user-mention-service,Running,True
1789063910,user-service,Running,True
1789063910,user-timeline-redis,Running,True
1789063910,user-timeline-service,Running,True
1789063911,compose-post-service,Running,True
1789063911,home-timeline-redis,Running,True
1789063911,home-timeline-service,Running,True
1789063911,jaeger,Running,True
1789063911,media-frontend,Running,True
1789063911,media-service,Running,True
1789063911,mongodb-sharded-configsvr,Running,True
1789063911,mongodb-sharded-mongos,Running,True
1789063911,mongodb-sharded-mongos,Running,True
1789063911,mongodb-sharded-mongos,Running,True
1789063911,mongodb-sharded-shardsvr,Running,True
1789063911,mongodb-sharded-shardsvr,Running,True
1789063911,mongodb-sharded-shardsvr,Running,True
1789063911,mongodb-sharded-shardsvr,Running,True
1789063911,mongodb-sharded-shardsvr,Running,True
1789063911,mongodb-sharded-shardsvr,Running,True
1789063911,nginx-thrift,Running,True
1789063911,nginx-thrift,Running,True
1789063911,post-storage-service,Running,True
1789063911,social-graph-redis,Running,True
1789063911,social-graph-service,Running,True
1789063911,social-network-mcrouter,Running,True
1789063911,social-network-mcrouter,Running,True
1789063911,social-network-mcrouter,Running,True
1789063911,memcached,Running,True
1789063911,memcached,Running,True
1789063911,memcached,Running,True
1789063911,memcached,Running,True
1789063911,memcached,Running,True
1789063911,memcached,Running,True
1789063911,text-service,Running,True
1789063911,unique-id-service,Running,True
1789063911,url-shorten-service,Running,True
1789063911,user-mention-service,Running,True
1789063911,user-service,Running,True
1789063911,user-timeline-redis,Running,True
1789063911,user-timeline-service,Running,True
1789063912,compose-post-service,Running,True
1789063912,home-timeline-redis,Running,True
1789063912,home-timeline-service,Running,True
1789063912,jaeger,Running,True
1789063912,media-frontend,Running,True
1789063912,media-service,Running,True
1789063912,mongodb-sharded-configsvr,Running,True
1789063912,mongodb-sharded-mongos,Running,True
1789063912,mongodb-sharded-mongos,Running,True
1789063912,mongodb-sharded-mongos,Running,True
1789063912,mongodb-sharded-shardsvr,Running,True
1789063912,mongodb-sharded-shardsvr,Running,True
1789063912,mongodb-sharded-shardsvr,Running,True
1789063912,mongodb-sharded-shardsvr,Running,True
1789063912,mongodb-sharded-shardsvr,Running,True
1789063912,mongodb-sharded-shardsvr,Running,True
1789063912,nginx-thrift,Running,True
1789063912,nginx-thrift,Running,True
1789063912,post-storage-service,Running,True
1789063912,social-graph-redis,Running,True
1789063912,social-graph-service,Running,True
1789063912,social-network-mcrouter,Running,True
1789063912,social-network-mcrouter,Running,True
1789063912,social-network-mcrouter,Running,True
1789063912,memcached,Running,True
1789063912,memcached,Running,True
1789063912,memcached,Running,True
1789063912,memcached,Running,True
1789063912,memcached,Running,True
1789063912,memcached,Running,True
1789063912,text-service,Running,True
1789063912,unique-id-service,Running,True
1789063912,url-shorten-service,Running,True
1789063912,user-mention-service,Running,True
1789063912,user-service,Running,True
1789063912,user-timeline-redis,Running,True
1789063912,user-timeline-service,Running,True
1789063913,compose-post-service,Running,True
1789063913,home-timeline-redis,Running,True
1789063913,home-timeline-service,Running,True
1789063913,jaeger,Running,True
1789063913,media-frontend,Running,True
1789063913,media-service,Running,True
1789063913,mongodb-sharded-configsvr,Running,True
1789063913,mongodb-sharded-mongos,Running,True
1789063913,mongodb-sharded-mongos,Running,True
1789063913,mongodb-sharded-mongos,Running,True
1789063913,mongodb-sharded-shardsvr,Running,True
1789063913,mongodb-sharded-shardsvr,Running,True
1789063913,mongodb-sharded-shardsvr,Running,True
1789063913,mongodb-sharded-shardsvr,Running,True
1789063913,mongodb-sharded-shardsvr,Running,True
1789063913,mongodb-sharded-shardsvr,Running,True
1789063913,nginx-thrift,Running,True
1789063913,nginx-thrift,Running,True
1789063913,post-storage-service,Running,True
1789063913,social-graph-redis,Running,True
1789063913,social-graph-service,Running,True
1789063913,social-network-mcrouter,Running,True
1789063913,social-network-mcrouter,Running,True
1789063913,social-network-mcrouter,Running,True
1789063913,memcached,Running,True
1789063913,memcached,Running,True
1789063913,memcached,Running,True
1789063913,memcached,Running,True
1789063913,memcached,Running,True
1789063913,memcached,Running,True
1789063913,text-service,Running,True
1789063913,unique-id-service,Running,True
1789063913,url-shorten-service,Running,True
1789063913,user-mention-service,Running,True
1789063913,user-service,Running,True
1789063913,user-timeline-redis,Running,True
1789063913,user-timeline-service,Running,True
1789063914,compose-post-service,Running,True
1789063914,home-timeline-redis,Running,True
1789063914,home-timeline-service,Running,True
1789063914,jaeger,Running,True
1789063914,media-frontend,Running,True
1789063914,media-service,Running,True
1789063914,mongodb-sharded-configsvr,Running,True
1789063914,mongodb-sharded-mongos,Running,True
1789063914,mongodb-sharded-mongos,Running,True
1789063914,mongodb-sharded-mongos,Running,True
1789063914,mongodb-sharded-shardsvr,Running,True
1789063914,mongodb-sharded-shardsvr,Running,True
1789063914,mongodb-sharded-shardsvr,Running,True
1789063914,mongodb-sharded-shardsvr,Running,True
1789063914,mongodb-sharded-shardsvr,Running,True
1789063914,mongodb-sharded-shardsvr,Running,True
1789063914,nginx-thrift,Running,True
1789063914,nginx-thrift,Running,True
1789063914,post-storage-service,Running,True
1789063914,social-graph-redis,Running,True
1789063914,social-graph-service,Running,True
1789063914,social-network-mcrouter,Running,True
1789063914,social-network-mcrouter,Running,True
1789063914,social-network-mcrouter,Running,True
1789063914,memcached,Running,True
1789063914,memcached,Running,True
1789063914,memcached,Running,True
1789063914,memcached,Running,True
1789063914,memcached,Running,True
1789063914,memcached,Running,True
1789063914,text-service,Running,True
1789063914,unique-id-service,Running,True
1789063914,url-shorten-service,Running,True
1789063914,user-mention-service,Running,True
1789063914,user-service,Running,True
1789063914,user-timeline-redis,Running,True
1789063914,user-timeline-service,Running,True
1789063915,compose-post-service,Running,True
1789063915,home-timeline-redis,Running,True
1789063915,home-timeline-service,Running,True
1789063915,jaeger,Running,True
1789063915,media-frontend,Running,True
1789063915,media-service,Running,True
1789063915,mongodb-sharded-configsvr,Running,True
1789063915,mongodb-sharded-mongos,Running,True
1789063915,mongodb-sharded-mongos,Running,True
1789063915,mongodb-sharded-mongos,Running,True
1789063915,mongodb-sharded-shardsvr,Running,True
1789063915,mongodb-sharded-shardsvr,Running,True
1789063915,mongodb-sharded-shardsvr,Running,True
1789063915,mongodb-sharded-shardsvr,Running,True
1789063915,mongodb-sharded-shardsvr,Running,True
1789063915,mongodb-sharded-shardsvr,Running,True
1789063915,nginx-thrift,Running,True
1789063915,nginx-thrift,Running,True
1789063915,post-storage-service,Running,True
1789063915,social-graph-redis,Running,True
1789063915,social-graph-service,Running,True
1789063915,social-network-mcrouter,Running,True
1789063915,social-network-mcrouter,Running,True
1789063915,social-network-mcrouter,Running,True
1789063915,memcached,Running,True
1789063915,memcached,Running,True
1789063915,memcached,Running,True
1789063915,memcached,Running,True
1789063915,memcached,Running,True
1789063915,memcached,Running,True
1789063915,text-service,Running,True
1789063915,unique-id-service,Running,True
1789063915,url-shorten-service,Running,True
1789063915,user-mention-service,Running,True
1789063915,user-service,Running,True
1789063915,user-timeline-redis,Running,True
1789063915,user-timeline-service,Running,True
1789063916,compose-post-service,Running,True
1789063916,home-timeline-redis,Running,True
1789063916,home-timeline-service,Running,True
1789063916,jaeger,Running,True
1789063916,media-frontend,Running,True
1789063916,media-service,Running,True
1789063916,mongodb-sharded-configsvr,Running,True
1789063916,mongodb-sharded-mongos,Running,True
1789063916,mongodb-sharded-mongos,Running,True
1789063916,mongodb-sharded-mongos,Running,True
1789063916,mongodb-sharded-shardsvr,Running,True
1789063916,mongodb-sharded-shardsvr,Running,True
1789063916,mongodb-sharded-shardsvr,Running,True
1789063916,mongodb-sharded-shardsvr,Running,True
1789063916,mongodb-sharded-shardsvr,Running,True
1789063916,mongodb-sharded-shardsvr,Running,True
1789063916,nginx-thrift,Running,True
1789063916,nginx-thrift,Running,True
1789063916,post-storage-service,Running,True
1789063916,social-graph-redis,Running,True
1789063916,social-graph-service,Running,True
1789063916,social-network-mcrouter,Running,True
1789063916,social-network-mcrouter,Running,True
1789063916,social-network-mcrouter,Running,True
1789063916,memcached,Running,True
1789063916,memcached,Running,True
1789063916,memcached,Running,True
1789063916,memcached,Running,True
1789063916,memcached,Running,True
1789063916,memcached,Running,True
1789063916,text-service,Running,True
1789063916,unique-id-service,Running,True
1789063916,url-shorten-service,Running,True
1789063916,user-mention-service,Running,True
1789063916,user-service,Running,True
1789063916,user-timeline-redis,Running,True
1789063916,user-timeline-service,Running,True
1789063917,compose-post-service,Running,True
1789063917,home-timeline-redis,Running,True
1789063917,home-timeline-service,Running,True
1789063917,jaeger,Running,True
1789063917,media-frontend,Running,True
1789063917,media-service,Running,True
1789063917,mongodb-sharded-configsvr,Running,True
1789063917,mongodb-sharded-mongos,Running,True
1789063917,mongodb-sharded-mongos,Running,True
1789063917,mongodb-sharded-mongos,Running,True
1789063917,mongodb-sharded-shardsvr,Running,True
1789063917,mongodb-sharded-shardsvr,Running,True
1789063917,mongodb-sharded-shardsvr,Running,True
1789063917,mongodb-sharded-shardsvr,Running,True
1789063917,mongodb-sharded-shardsvr,Running,True
1789063917,mongodb-sharded-shardsvr,Running,True
1789063917,nginx-thrift,Running,True
1789063917,nginx-thrift,Running,True
1789063917,post-storage-service,Running,True
1789063917,social-graph-redis,Running,True
1789063917,social-graph-service,Running,True
1789063917,social-network-mcrouter,Running,True
1789063917,social-network-mcrouter,Running,True
1789063917,social-network-mcrouter,Running,True
1789063917,memcached,Running,True
1789063917,memcached,Running,True
1789063917,memcached,Running,True
1789063917,memcached,Running,True
1789063917,memcached,Running,True
1789063917,memcached,Running,True
1789063917,text-service,Running,True
1789063917,unique-id-service,Running,True
1789063917,url-shorten-service,Running,True
1789063917,user-mention-service,Running,True
1789063917,user-service,Running,True
1789063917,user-timeline-redis,Running,True
1789063917,user-timeline-service,Running,True
1789063918,compose-post-service,Running,True
1789063918,home-timeline-redis,Running,True
1789063918,home-timeline-service,Running,True
1789063918,jaeger,Running,True
1789063918,media-frontend,Running,True
1789063918,media-service,Running,True
1789063918,mongodb-sharded-configsvr,Running,True
1789063918,mongodb-sharded-mongos,Running,True
1789063918,mongodb-sharded-mongos,Running,True
1789063918,mongodb-sharded-mongos,Running,True
1789063918,mongodb-sharded-shardsvr,Running,True
1789063918,mongodb-sharded-shardsvr,Running,True
1789063918,mongodb-sharded-shardsvr,Running,True
1789063918,mongodb-sharded-shardsvr,Running,True
1789063918,mongodb-sharded-shardsvr,Running,True
1789063918,mongodb-sharded-shardsvr,Running,True
1789063918,nginx-thrift,Running,True
1789063918,nginx-thrift,Running,True
1789063918,post-storage-service,Running,True
1789063918,social-graph-redis,Running,True
1789063918,social-graph-service,Running,True
1789063918,social-network-mcrouter,Running,True
1789063918,social-network-mcrouter,Running,True
1789063918,social-network-mcrouter,Running,True
1789063918,memcached,Running,True
1789063918,memcached,Running,True
1789063918,memcached,Running,True
1789063918,memcached,Running,True
1789063918,memcached,Running,True
1789063918,memcached,Running,True
1789063918,text-service,Running,True
1789063918,unique-id-service,Running,True
1789063918,url-shorten-service,Running,True
1789063918,user-mention-service,Running,True
1789063918,user-service,Running,True
1789063918,user-timeline-redis,Running,True
1789063918,user-timeline-service,Running,True
1789063919,compose-post-service,Running,True
1789063919,home-timeline-redis,Running,True
1789063919,home-timeline-service,Running,True
1789063919,jaeger,Running,True
1789063919,media-frontend,Running,True
1789063919,media-service,Running,True
1789063919,mongodb-sharded-configsvr,Running,True
1789063919,mongodb-sharded-mongos,Running,True
1789063919,mongodb-sharded-mongos,Running,True
1789063919,mongodb-sharded-mongos,Running,True
1789063919,mongodb-sharded-shardsvr,Running,True
1789063919,mongodb-sharded-shardsvr,Running,True
1789063919,mongodb-sharded-shardsvr,Running,True
1789063919,mongodb-sharded-shardsvr,Running,True
1789063919,mongodb-sharded-shardsvr,Running,True
1789063919,mongodb-sharded-shardsvr,Running,True
1789063919,nginx-thrift,Running,True
1789063919,nginx-thrift,Running,True
1789063919,post-storage-service,Running,True
1789063919,social-graph-redis,Running,True
1789063919,social-graph-service,Running,True
1789063919,social-network-mcrouter,Running,True
1789063919,social-network-mcrouter,Running,True
1789063919,social-network-mcrouter,Running,True
1789063919,memcached,Running,True
1789063919,memcached,Running,True
1789063919,memcached,Running,True
1789063919,memcached,Running,True
1789063919,memcached,Running,True
1789063919,memcached,Running,True
1789063919,text-service,Running,True
1789063919,unique-id-service,Running,True
1789063919,url-shorten-service,Running,True
1789063919,user-mention-service,Running,True
1789063919,user-service,Running,True
1789063919,user-timeline-redis,Running,True
1789063919,user-timeline-service,Running,True
1789063920,compose-post-service,Running,True
1789063920,home-timeline-redis,Running,True
1789063920,home-timeline-service,Running,True
1789063920,jaeger,Running,True
1789063920,media-frontend,Running,True
1789063920,media-service,Running,True
1789063920,mongodb-sharded-configsvr,Running,True
1789063920,mongodb-sharded-mongos,Running,True
1789063920,mongodb-sharded-mongos,Running,True
1789063920,mongodb-sharded-mongos,Running,True
1789063920,mongodb-sharded-shardsvr,Running,True
1789063920,mongodb-sharded-shardsvr,Running,True
1789063920,mongodb-sharded-shardsvr,Running,True
1789063920,mongodb-sharded-shardsvr,Running,True
1789063920,mongodb-sharded-shardsvr,Running,True
1789063920,mongodb-sharded-shardsvr,Running,True
1789063920,nginx-thrift,Running,True
1789063920,nginx-thrift,Running,True
1789063920,post-storage-service,Running,True
1789063920,social-graph-redis,Running,True
1789063920,social-graph-service,Running,True
1789063920,social-network-mcrouter,Running,True
1789063920,social-network-mcrouter,Running,True
1789063920,social-network-mcrouter,Running,True
1789063920,memcached,Running,True
1789063920,memcached,Running,True
1789063920,memcached,Running,True
1789063920,memcached,Running,True
1789063920,memcached,Running,True
1789063920,memcached,Running,True
1789063920,text-service,Running,True
1789063920,unique-id-service,Running,True
1789063920,url-shorten-service,Running,True
1789063920,user-mention-service,Running,True
1789063920,user-service,Running,True
1789063920,user-timeline-redis,Running,True
1789063920,user-timeline-service,Running,True
1789063921,compose-post-service,Running,True
1789063921,home-timeline-redis,Running,True
1789063921,home-timeline-service,Running,True
1789063921,jaeger,Running,True
1789063921,media-frontend,Running,True
1789063921,media-service,Running,True
1789063921,mongodb-sharded-configsvr,Running,True
1789063921,mongodb-sharded-mongos,Running,True
1789063921,mongodb-sharded-mongos,Running,True
1789063921,mongodb-sharded-mongos,Running,True
1789063921,mongodb-sharded-shardsvr,Running,True
1789063921,mongodb-sharded-shardsvr,Running,True
1789063921,mongodb-sharded-shardsvr,Running,True
1789063921,mongodb-sharded-shardsvr,Running,True
1789063921,mongodb-sharded-shardsvr,Running,True
1789063921,mongodb-sharded-shardsvr,Running,True
1789063921,nginx-thrift,Running,True
1789063921,nginx-thrift,Running,True
1789063921,post-storage-service,Running,True
1789063921,social-graph-redis,Running,True
1789063921,social-graph-service,Running,True
1789063921,social-network-mcrouter,Running,True
1789063921,social-network-mcrouter,Running,True
1789063921,social-network-mcrouter,Running,True
1789063921,memcached,Running,True
1789063921,memcached,Running,True
1789063921,memcached,Running,True
1789063921,memcached,Running,True
1789063921,memcached,Running,True
1789063921,memcached,Running,True
1789063921,text-service,Running,True
1789063921,unique-id-service,Running,True
1789063921,url-shorten-service,Running,True
1789063921,user-mention-service,Running,True
1789063921,user-service,Running,True
1789063921,user-timeline-redis,Running,True
1789063921,user-timeline-service,Running,True
1789063922,compose-post-service,Running,True
1789063922,home-timeline-redis,Running,True
1789063922,home-timeline-service,Running,True
1789063922,jaeger,Running,True
1789063922,media-frontend,Running,True
1789063922,media-service,Running,True
1789063922,mongodb-sharded-configsvr,Running,True
1789063922,mongodb-sharded-mongos,Running,True
1789063922,mongodb-sharded-mongos,Running,True
1789063922,mongodb-sharded-mongos,Running,True
1789063922,mongodb-sharded-shardsvr,Running,True
1789063922,mongodb-sharded-shardsvr,Running,True
1789063922,mongodb-sharded-shardsvr,Running,True
1789063922,mongodb-sharded-shardsvr,Running,True
1789063922,mongodb-sharded-shardsvr,Running,True
1789063922,mongodb-sharded-shardsvr,Running,True
1789063922,nginx-thrift,Running,True
1789063922,nginx-thrift,Running,True
1789063922,post-storage-service,Running,True
1789063922,social-graph-redis,Running,True
1789063922,social-graph-service,Running,True
1789063922,social-network-mcrouter,Running,True
1789063922,social-network-mcrouter,Running,True
1789063922,social-network-mcrouter,Running,True
1789063922,memcached,Running,True
1789063922,memcached,Running,True
1789063922,memcached,Running,True
1789063922,memcached,Running,True
1789063922,memcached,Running,True
1789063922,memcached,Running,True
1789063922,text-service,Running,True
1789063922,unique-id-service,Running,True
1789063922,url-shorten-service,Running,True
1789063922,user-mention-service,Running,True
1789063922,user-service,Running,True
1789063922,user-timeline-redis,Running,True
1789063922,user-timeline-service,Running,True
1789063923,compose-post-service,Running,True
1789063923,home-timeline-redis,Running,True
1789063923,home-timeline-service,Running,True
1789063923,jaeger,Running,True
1789063923,media-frontend,Running,True
1789063923,media-service,Running,True
1789063923,mongodb-sharded-configsvr,Running,True
1789063923,mongodb-sharded-mongos,Running,True
1789063923,mongodb-sharded-mongos,Running,True
1789063923,mongodb-sharded-mongos,Running,True
1789063923,mongodb-sharded-shardsvr,Running,True
1789063923,mongodb-sharded-shardsvr,Running,True
1789063923,mongodb-sharded-shardsvr,Running,True
1789063923,mongodb-sharded-shardsvr,Running,True
1789063923,mongodb-sharded-shardsvr,Running,True
1789063923,mongodb-sharded-shardsvr,Running,True
1789063923,nginx-thrift,Running,True
1789063923,nginx-thrift,Running,True
1789063923,post-storage-service,Running,True
1789063923,social-graph-redis,Running,True
1789063923,social-graph-service,Running,True
1789063923,social-network-mcrouter,Running,True
1789063923,social-network-mcrouter,Running,True
1789063923,social-network-mcrouter,Running,True
1789063923,memcached,Running,True
1789063923,memcached,Running,True
1789063923,memcached,Running,True
1789063923,memcached,Running,True
1789063923,memcached,Running,True
1789063923,memcached,Running,True
1789063923,text-service,Running,True
1789063923,unique-id-service,Running,True
1789063923,url-shorten-service,Running,True
1789063923,user-mention-service,Running,True
1789063923,user-service,Running,True
1789063923,user-timeline-redis,Running,True
1789063923,user-timeline-service,Running,True
1789063924,compose-post-service,Running,True
1789063924,home-timeline-redis,Running,True
1789063924,home-timeline-service,Running,True
1789063924,jaeger,Running,True
1789063924,media-frontend,Running,True
1789063924,media-service,Running,True
1789063924,mongodb-sharded-configsvr,Running,True
1789063924,mongodb-sharded-mongos,Running,True
1789063924,mongodb-sharded-mongos,Running,True
1789063924,mongodb-sharded-mongos,Running,True
1789063924,mongodb-sharded-shardsvr,Running,True
1789063924,mongodb-sharded-shardsvr,Running,True
1789063924,mongodb-sharded-shardsvr,Running,True
1789063924,mongodb-sharded-shardsvr,Running,True
1789063924,mongodb-sharded-shardsvr,Running,True
1789063924,mongodb-sharded-shardsvr,Running,True
1789063924,nginx-thrift,Running,True
1789063924,nginx-thrift,Running,True
1789063924,post-storage-service,Running,True
1789063924,social-graph-redis,Running,True
1789063924,social-graph-service,Running,True
1789063924,social-network-mcrouter,Running,True
1789063924,social-network-mcrouter,Running,True
1789063924,social-network-mcrouter,Running,True
1789063924,memcached,Running,True
1789063924,memcached,Running,True
1789063924,memcached,Running,True
1789063924,memcached,Running,True
1789063924,memcached,Running,True
1789063924,memcached,Running,True
1789063924,text-service,Running,True
1789063924,unique-id-service,Running,True
1789063924,url-shorten-service,Running,True
1789063924,user-mention-service,Running,True
1789063924,user-service,Running,True
1789063924,user-timeline-redis,Running,True
1789063924,user-timeline-service,Running,True
1789063925,compose-post-service,Running,True
1789063925,home-timeline-redis,Running,True
1789063925,home-timeline-service,Running,True
1789063925,jaeger,Running,True
1789063925,media-frontend,Running,True
1789063925,media-service,Running,True
1789063925,mongodb-sharded-configsvr,Running,True
1789063925,mongodb-sharded-mongos,Running,True
1789063925,mongodb-sharded-mongos,Running,True
1789063925,mongodb-sharded-mongos,Running,True
1789063925,mongodb-sharded-shardsvr,Running,True
1789063925,mongodb-sharded-shardsvr,Running,True
1789063925,mongodb-sharded-shardsvr,Running,True
1789063925,mongodb-sharded-shardsvr,Running,True
1789063925,mongodb-sharded-shardsvr,Running,True
1789063925,mongodb-sharded-shardsvr,Running,True
1789063925,nginx-thrift,Running,True
1789063925,nginx-thrift,Running,True
1789063925,post-storage-service,Running,True
1789063925,social-graph-redis,Running,True
1789063925,social-graph-service,Running,True
1789063925,social-network-mcrouter,Running,True
1789063925,social-network-mcrouter,Running,True
1789063925,social-network-mcrouter,Running,True
1789063925,memcached,Running,True
1789063925,memcached,Running,True
1789063925,memcached,Running,True
1789063925,memcached,Running,True
1789063925,memcached,Running,True
1789063925,memcached,Running,True
1789063925,text-service,Running,True
1789063925,unique-id-service,Running,True
1789063925,url-shorten-service,Running,True
1789063925,user-mention-service,Running,True
1789063925,user-service,Running,True
1789063925,user-timeline-redis,Running,True
1789063925,user-timeline-service,Running,True
1789063926,compose-post-service,Running,True
1789063926,home-timeline-redis,Running,True
1789063926,home-timeline-service,Running,True
1789063926,jaeger,Running,True
1789063926,media-frontend,Running,True
1789063926,media-service,Running,True
1789063926,mongodb-sharded-configsvr,Running,True
1789063926,mongodb-sharded-mongos,Running,True
1789063926,mongodb-sharded-mongos,Running,True
1789063926,mongodb-sharded-mongos,Running,True
1789063926,mongodb-sharded-shardsvr,Running,True
1789063926,mongodb-sharded-shardsvr,Running,True
1789063926,mongodb-sharded-shardsvr,Running,True
1789063926,mongodb-sharded-shardsvr,Running,True
1789063926,mongodb-sharded-shardsvr,Running,True
1789063926,mongodb-sharded-shardsvr,Running,True
1789063926,nginx-thrift,Running,True
1789063926,nginx-thrift,Running,True
1789063926,post-storage-service,Running,True
1789063926,social-graph-redis,Running,True
1789063926,social-graph-service,Running,True
1789063926,social-network-mcrouter,Running,True
1789063926,social-network-mcrouter,Running,True
1789063926,social-network-mcrouter,Running,True
1789063926,memcached,Running,True
1789063926,memcached,Running,True
1789063926,memcached,Running,True
1789063926,memcached,Running,True
1789063926,memcached,Running,True
1789063926,memcached,Running,True
1789063926,text-service,Running,True
1789063926,unique-id-service,Running,True
1789063926,url-shorten-service,Running,True
1789063926,user-mention-service,Running,True
1789063926,user-service,Running,True
1789063926,user-timeline-redis,Running,True
1789063926,user-timeline-service,Running,True
1789063927,compose-post-service,Running,True
1789063927,home-timeline-redis,Running,True
1789063927,home-timeline-service,Running,True
1789063927,jaeger,Running,True
1789063927,media-frontend,Running,True
1789063927,media-service,Running,True
1789063927,mongodb-sharded-configsvr,Running,True
1789063927,mongodb-sharded-mongos,Running,True
1789063927,mongodb-sharded-mongos,Running,True
1789063927,mongodb-sharded-mongos,Running,True
1789063927,mongodb-sharded-shardsvr,Running,True
1789063927,mongodb-sharded-shardsvr,Running,True
1789063927,mongodb-sharded-shardsvr,Running,True
1789063927,mongodb-sharded-shardsvr,Running,True
1789063927,mongodb-sharded-shardsvr,Running,True
1789063927,mongodb-sharded-shardsvr,Running,True
1789063927,nginx-thrift,Running,True
1789063927,nginx-thrift,Running,True
1789063927,post-storage-service,Running,True
1789063927,social-graph-redis,Running,True
1789063927,social-graph-service,Running,True
1789063927,social-network-mcrouter,Running,True
1789063927,social-network-mcrouter,Running,True
1789063927,social-network-mcrouter,Running,True
1789063927,memcached,Running,True
1789063927,memcached,Running,True
1789063927,memcached,Running,True
1789063927,memcached,Running,True
1789063927,memcached,Running,True
1789063927,memcached,Running,True
1789063927,text-service,Running,True
1789063927,unique-id-service,Running,True
1789063927,url-shorten-service,Running,True
1789063927,user-mention-service,Running,True
1789063927,user-service,Running,True
1789063927,user-timeline-redis,Running,True
1789063927,user-timeline-service,Running,True
1789063928,compose-post-service,Running,True
1789063928,home-timeline-redis,Running,True
1789063928,home-timeline-service,Running,True
1789063928,jaeger,Running,True
1789063928,media-frontend,Running,True
1789063928,media-service,Running,True
1789063928,mongodb-sharded-configsvr,Running,True
1789063928,mongodb-sharded-mongos,Running,True
1789063928,mongodb-sharded-mongos,Running,True
1789063928,mongodb-sharded-mongos,Running,True
1789063928,mongodb-sharded-shardsvr,Running,True
1789063928,mongodb-sharded-shardsvr,Running,True
1789063928,mongodb-sharded-shardsvr,Running,True
1789063928,mongodb-sharded-shardsvr,Running,True
1789063928,mongodb-sharded-shardsvr,Running,True
1789063928,mongodb-sharded-shardsvr,Running,True
1789063928,nginx-thrift,Running,True
1789063928,nginx-thrift,Running,True
1789063928,post-storage-service,Running,True
1789063928,social-graph-redis,Running,True
1789063928,social-graph-service,Running,True
1789063928,social-network-mcrouter,Running,True
1789063928,social-network-mcrouter,Running,True
1789063928,social-network-mcrouter,Running,True
1789063928,memcached,Running,True
1789063928,memcached,Running,True
1789063928,memcached,Running,True
1789063928,memcached,Running,True
1789063928,memcached,Running,True
1789063928,memcached,Running,True
1789063928,text-service,Running,True
1789063928,unique-id-service,Running,True
1789063928,url-shorten-service,Running,True
1789063928,user-mention-service,Running,True
1789063928,user-service,Running,True
1789063928,user-timeline-redis,Running,True
1789063928,user-timeline-service,Running,True
1789063929,compose-post-service,Running,True
1789063929,home-timeline-redis,Running,True
1789063929,home-timeline-service,Running,True
1789063929,jaeger,Running,True
1789063929,media-frontend,Running,True
1789063929,media-service,Running,True
1789063929,mongodb-sharded-configsvr,Running,True
1789063929,mongodb-sharded-mongos,Running,True
1789063929,mongodb-sharded-mongos,Running,True
1789063929,mongodb-sharded-mongos,Running,True
1789063929,mongodb-sharded-shardsvr,Running,True
1789063929,mongodb-sharded-shardsvr,Running,True
1789063929,mongodb-sharded-shardsvr,Running,True
1789063929,mongodb-sharded-shardsvr,Running,True
1789063929,mongodb-sharded-shardsvr,Running,True
1789063929,mongodb-sharded-shardsvr,Running,True
1789063929,nginx-thrift,Running,True
1789063929,nginx-thrift,Running,True
1789063929,post-storage-service,Running,True
1789063929,social-graph-redis,Running,True
1789063929,social-graph-service,Running,True
1789063929,social-network-mcrouter,Running,True
1789063929,social-network-mcrouter,Running,True
1789063929,social-network-mcrouter,Running,True
1789063929,memcached,Running,True
1789063929,memcached,Running,True
1789063929,memcached,Running,True
1789063929,memcached,Running,True
1789063929,memcached,Running,True
1789063929,memcached,Running,True
1789063929,text-service,Running,True
1789063929,unique-id-service,Running,True
1789063929,url-shorten-service,Running,True
1789063929,user-mention-service,Running,True
1789063929,user-service,Running,True
1789063929,user-timeline-redis,Running,True
1789063929,user-timeline-service,Running,True
1789063930,compose-post-service,Running,True
1789063930,home-timeline-redis,Running,True
1789063930,home-timeline-service,Running,True
1789063930,jaeger,Running,True
1789063930,media-frontend,Running,True
1789063930,media-service,Running,True
1789063930,mongodb-sharded-configsvr,Running,True
1789063930,mongodb-sharded-mongos,Running,True
1789063930,mongodb-sharded-mongos,Running,True
1789063930,mongodb-sharded-mongos,Running,True
1789063930,mongodb-sharded-shardsvr,Running,True
1789063930,mongodb-sharded-shardsvr,Running,True
1789063930,mongodb-sharded-shardsvr,Running,True
1789063930,mongodb-sharded-shardsvr,Running,True
1789063930,mongodb-sharded-shardsvr,Running,True
1789063930,mongodb-sharded-shardsvr,Running,True
1789063930,nginx-thrift,Running,True
1789063930,nginx-thrift,Running,True
1789063930,post-storage-service,Running,True
1789063930,social-graph-redis,Running,True
1789063930,social-graph-service,Running,True
1789063930,social-network-mcrouter,Running,True
1789063930,social-network-mcrouter,Running,True
1789063930,social-network-mcrouter,Running,True
1789063930,memcached,Running,True
1789063930,memcached,Running,True
1789063930,memcached,Running,True
1789063930,memcached,Running,True
1789063930,memcached,Running,True
1789063930,memcached,Running,True
1789063930,text-service,Running,True
1789063930,unique-id-service,Running,True
1789063930,url-shorten-service,Running,True
1789063930,user-mention-service,Running,True
1789063930,user-service,Running,True
1789063930,user-timeline-redis,Running,True
1789063930,user-timeline-service,Running,True
1789063931,compose-post-service,Running,True
1789063931,home-timeline-redis,Running,True
1789063931,home-timeline-service,Running,True
1789063931,jaeger,Running,True
1789063931,media-frontend,Running,True
1789063931,media-service,Running,True
1789063931,mongodb-sharded-configsvr,Running,True
1789063931,mongodb-sharded-mongos,Running,True
1789063931,mongodb-sharded-mongos,Running,True
1789063931,mongodb-sharded-mongos,Running,True
1789063931,mongodb-sharded-shardsvr,Running,True
1789063931,mongodb-sharded-shardsvr,Running,True
1789063931,mongodb-sharded-shardsvr,Running,True
1789063931,mongodb-sharded-shardsvr,Running,True
1789063931,mongodb-sharded-shardsvr,Running,True
1789063931,mongodb-sharded-shardsvr,Running,True
1789063931,nginx-thrift,Running,True
1789063931,nginx-thrift,Running,True
1789063931,post-storage-service,Running,True
1789063931,social-graph-redis,Running,True
1789063931,social-graph-service,Running,True
1789063931,social-network-mcrouter,Running,True
1789063931,social-network-mcrouter,Running,True
1789063931,social-network-mcrouter,Running,True
1789063931,memcached,Running,True
1789063931,memcached,Running,True
1789063931,memcached,Running,True
1789063931,memcached,Running,True
1789063931,memcached,Running,True
1789063931,memcached,Running,True
1789063931,text-service,Running,True
1789063931,unique-id-service,Running,True
1789063931,url-shorten-service,Running,True
1789063931,user-mention-service,Running,True
1789063931,user-service,Running,True
1789063931,user-timeline-redis,Running,True
1789063931,user-timeline-service,Running,True
